<?xml version="1.0" encoding="UTF-8"?>
<gpx creator="sardegna-trek" version="1.1"
  xsi:schemaLocation="http://www.topografix.com/GPX/1/1 http://www.topografix.com/GPX/11.xsd"
  xmlns="http://www.topografix.com/GPX/1/1"
  xmlns:xsi="http://www.w3.org/2001/XMLSchema-instance">
  <metadata>
    <time>2026-09-18T07:26:36.000Z</time>
  </metadata>
  <trk>
    <name>Exploration hike around Bruncu Spina</name>
    <trkseg>
      <trkpt lat="40.02492749132215976715087890625" lon="9.30158712901175022125244140625">
        <ele>1543.4000244140625</ele>
        <time>2026-09-18T07:26:36.000Z</time>
      </trkpt>
      <trkpt lat="40.02489899285137653350830078125" lon="9.30160691030323505401611328125">
        <ele>1544.5999755859375</ele>
        <time>2026-09-18T07:26:42.000Z</time>
      </trkpt>
      <trkpt lat="40.024880468845367431640625" lon="9.30165669880807399749755859375">
        <ele>1545</ele>
        <time>2026-09-18T07:26:47.000Z</time>
      </trkpt>
      <trkpt lat="40.024868734180927276611328125" lon="9.301812350749969482421875">
        <ele>1544.5999755859375</ele>
        <time>2026-09-18T07:26:55.000Z</time>
      </trkpt>
      <trkpt lat="40.02484358847141265869140625" lon="9.30192290805280208587646484375">
        <ele>1544</ele>
        <time>2026-09-18T07:27:02.000Z</time>
      </trkpt>
      <trkpt lat="40.0247783772647380828857421875" lon="9.30204276926815509796142578125">
        <ele>1543.4000244140625</ele>
        <time>2026-09-18T07:27:12.000Z</time>
      </trkpt>
      <trkpt lat="40.0246640481054782867431640625" lon="9.302189536392688751220703125">
        <ele>1544.4000244140625</ele>
        <time>2026-09-18T07:27:22.000Z</time>
      </trkpt>
      <trkpt lat="40.0246201269328594207763671875" lon="9.30221937596797943115234375">
        <ele>1545</ele>
        <time>2026-09-18T07:27:25.000Z</time>
      </trkpt>
      <trkpt lat="40.02460445277392864227294921875" lon="9.302230440080165863037109375">
        <ele>1545</ele>
        <time>2026-09-18T07:27:26.000Z</time>
      </trkpt>
      <trkpt lat="40.02452482469379901885986328125" lon="9.302265644073486328125">
        <ele>1545.5999755859375</ele>
        <time>2026-09-18T07:27:32.000Z</time>
      </trkpt>
      <trkpt lat="40.024512000381946563720703125" lon="9.3022705055773258209228515625">
        <ele>1545.800048828125</ele>
        <time>2026-09-18T07:27:33.000Z</time>
      </trkpt>
      <trkpt lat="40.0244783051311969757080078125" lon="9.30227779783308506011962890625">
        <ele>1546.199951171875</ele>
        <time>2026-09-18T07:27:36.000Z</time>
      </trkpt>
      <trkpt lat="40.024408735334873199462890625" lon="9.30229640565812587738037109375">
        <ele>1546.800048828125</ele>
        <time>2026-09-18T07:27:41.000Z</time>
      </trkpt>
      <trkpt lat="40.02427361905574798583984375" lon="9.30234250612556934356689453125">
        <ele>1547.4000244140625</ele>
        <time>2026-09-18T07:27:50.000Z</time>
      </trkpt>
      <trkpt lat="40.02426062710583209991455078125" lon="9.30234409868717193603515625">
        <ele>1547.5999755859375</ele>
        <time>2026-09-18T07:27:51.000Z</time>
      </trkpt>
      <trkpt lat="40.02412852831184864044189453125" lon="9.3023808114230632781982421875">
        <ele>1549.199951171875</ele>
        <time>2026-09-18T07:28:02.000Z</time>
      </trkpt>
      <trkpt lat="40.023981593549251556396484375" lon="9.30241760797798633575439453125">
        <ele>1551.4000244140625</ele>
        <time>2026-09-18T07:28:12.000Z</time>
      </trkpt>
      <trkpt lat="40.02386634238064289093017578125" lon="9.3024723418056964874267578125">
        <ele>1552.800048828125</ele>
        <time>2026-09-18T07:28:22.000Z</time>
      </trkpt>
      <trkpt lat="40.0237628258764743804931640625" lon="9.30251265875995159149169921875">
        <ele>1554.4000244140625</ele>
        <time>2026-09-18T07:28:28.000Z</time>
      </trkpt>
      <trkpt lat="40.0237480737268924713134765625" lon="9.30251684971153736114501953125">
        <ele>1554.5999755859375</ele>
        <time>2026-09-18T07:28:29.000Z</time>
      </trkpt>
      <trkpt lat="40.02367774955928325653076171875" lon="9.30254735983908176422119140625">
        <ele>1554.4000244140625</ele>
        <time>2026-09-18T07:28:34.000Z</time>
      </trkpt>
      <trkpt lat="40.02366702072322368621826171875" lon="9.30255599319934844970703125">
        <ele>1554.4000244140625</ele>
        <time>2026-09-18T07:28:35.000Z</time>
      </trkpt>
      <trkpt lat="40.023655034601688385009765625" lon="9.3025620281696319580078125">
        <ele>1554.199951171875</ele>
        <time>2026-09-18T07:28:36.000Z</time>
      </trkpt>
      <trkpt lat="40.0236153043806552886962890625" lon="9.30258105508983135223388671875">
        <ele>1554.199951171875</ele>
        <time>2026-09-18T07:28:43.000Z</time>
      </trkpt>
      <trkpt lat="40.02360968850553035736083984375" lon="9.30258608423173427581787109375">
        <ele>1554</ele>
        <time>2026-09-18T07:28:50.000Z</time>
      </trkpt>
      <trkpt lat="40.0235747359693050384521484375" lon="9.302627407014369964599609375">
        <ele>1553.4000244140625</ele>
        <time>2026-09-18T07:28:55.000Z</time>
      </trkpt>
      <trkpt lat="40.02355277538299560546875" lon="9.30265800096094608306884765625">
        <ele>1552.800048828125</ele>
        <time>2026-09-18T07:28:57.000Z</time>
      </trkpt>
      <trkpt lat="40.02351463772356510162353515625" lon="9.3026966415345668792724609375">
        <ele>1552.199951171875</ele>
        <time>2026-09-18T07:29:00.000Z</time>
      </trkpt>
      <trkpt lat="40.0234583951532840728759765625" lon="9.30274316109716892242431640625">
        <ele>1551.800048828125</ele>
        <time>2026-09-18T07:29:04.000Z</time>
      </trkpt>
      <trkpt lat="40.02340324223041534423828125" lon="9.3028156645596027374267578125">
        <ele>1551</ele>
        <time>2026-09-18T07:29:09.000Z</time>
      </trkpt>
      <trkpt lat="40.02339410595595836639404296875" lon="9.30282823741436004638671875">
        <ele>1550.800048828125</ele>
        <time>2026-09-18T07:29:10.000Z</time>
      </trkpt>
      <trkpt lat="40.02338580787181854248046875" lon="9.302839301526546478271484375">
        <ele>1550.5999755859375</ele>
        <time>2026-09-18T07:29:11.000Z</time>
      </trkpt>
      <trkpt lat="40.0233742408454418182373046875" lon="9.30286369286477565765380859375">
        <ele>1550.199951171875</ele>
        <time>2026-09-18T07:29:13.000Z</time>
      </trkpt>
      <trkpt lat="40.02331531606614589691162109375" lon="9.3029960431158542633056640625">
        <ele>1548.800048828125</ele>
        <time>2026-09-18T07:29:23.000Z</time>
      </trkpt>
      <trkpt lat="40.023260749876499176025390625" lon="9.30314742028713226318359375">
        <ele>1547.199951171875</ele>
        <time>2026-09-18T07:29:31.000Z</time>
      </trkpt>
      <trkpt lat="40.02323535270988941192626953125" lon="9.30318689905107021331787109375">
        <ele>1547</ele>
        <time>2026-09-18T07:29:34.000Z</time>
      </trkpt>
      <trkpt lat="40.02320886589586734771728515625" lon="9.3032357655465602874755859375">
        <ele>1546.5999755859375</ele>
        <time>2026-09-18T07:29:38.000Z</time>
      </trkpt>
      <trkpt lat="40.02319696359336376190185546875" lon="9.303261749446392059326171875">
        <ele>1546.5999755859375</ele>
        <time>2026-09-18T07:29:40.000Z</time>
      </trkpt>
      <trkpt lat="40.02310216426849365234375" lon="9.3033943511545658111572265625">
        <ele>1547.800048828125</ele>
        <time>2026-09-18T07:29:51.000Z</time>
      </trkpt>
      <trkpt lat="40.02303670160472393035888671875" lon="9.3035586364567279815673828125">
        <ele>1547.199951171875</ele>
        <time>2026-09-18T07:30:00.000Z</time>
      </trkpt>
      <trkpt lat="40.02301172353327274322509765625" lon="9.30363600142300128936767578125">
        <ele>1547</ele>
        <time>2026-09-18T07:30:04.000Z</time>
      </trkpt>
      <trkpt lat="40.02300702966749668121337890625" lon="9.303675480186939239501953125">
        <ele>1546.5999755859375</ele>
        <time>2026-09-18T07:30:06.000Z</time>
      </trkpt>
      <trkpt lat="40.02300770021975040435791015625" lon="9.30369199253618717193603515625">
        <ele>1546.4000244140625</ele>
        <time>2026-09-18T07:30:07.000Z</time>
      </trkpt>
      <trkpt lat="40.02299009822309017181396484375" lon="9.30379190482199192047119140625">
        <ele>1545.4000244140625</ele>
        <time>2026-09-18T07:30:13.000Z</time>
      </trkpt>
      <trkpt lat="40.0229678861796855926513671875" lon="9.30392065085470676422119140625">
        <ele>1544.199951171875</ele>
        <time>2026-09-18T07:30:22.000Z</time>
      </trkpt>
      <trkpt lat="40.0228781998157501220703125" lon="9.30408795364201068878173828125">
        <ele>1543.800048828125</ele>
        <time>2026-09-18T07:30:32.000Z</time>
      </trkpt>
      <trkpt lat="40.0227606855332851409912109375" lon="9.30419591255486011505126953125">
        <ele>1544.800048828125</ele>
        <time>2026-09-18T07:30:42.000Z</time>
      </trkpt>
      <trkpt lat="40.022699832916259765625" lon="9.30428593419492244720458984375">
        <ele>1543.800048828125</ele>
        <time>2026-09-18T07:30:50.000Z</time>
      </trkpt>
      <trkpt lat="40.02268684096634387969970703125" lon="9.3043247424066066741943359375">
        <ele>1543</ele>
        <time>2026-09-18T07:30:53.000Z</time>
      </trkpt>
      <trkpt lat="40.0226716697216033935546875" lon="9.30436438880860805511474609375">
        <ele>1542</ele>
        <time>2026-09-18T07:30:56.000Z</time>
      </trkpt>
      <trkpt lat="40.02265356481075286865234375" lon="9.3043894506990909576416015625">
        <ele>1541.800048828125</ele>
        <time>2026-09-18T07:30:58.000Z</time>
      </trkpt>
      <trkpt lat="40.02264325506985187530517578125" lon="9.3043995089828968048095703125">
        <ele>1541.800048828125</ele>
        <time>2026-09-18T07:30:59.000Z</time>
      </trkpt>
      <trkpt lat="40.02263319678604602813720703125" lon="9.30441183038055896759033203125">
        <ele>1541.800048828125</ele>
        <time>2026-09-18T07:31:00.000Z</time>
      </trkpt>
      <trkpt lat="40.0225179456174373626708984375" lon="9.3044799752533435821533203125">
        <ele>1545</ele>
        <time>2026-09-18T07:31:09.000Z</time>
      </trkpt>
      <trkpt lat="40.02239816822111606597900390625" lon="9.3045651353895664215087890625">
        <ele>1549.199951171875</ele>
        <time>2026-09-18T07:31:18.000Z</time>
      </trkpt>
      <trkpt lat="40.02237268723547458648681640625" lon="9.30458734743297100067138671875">
        <ele>1550.199951171875</ele>
        <time>2026-09-18T07:31:20.000Z</time>
      </trkpt>
      <trkpt lat="40.022298507392406463623046875" lon="9.304641075432300567626953125">
        <ele>1552.5999755859375</ele>
        <time>2026-09-18T07:31:26.000Z</time>
      </trkpt>
      <trkpt lat="40.02224855124950408935546875" lon="9.3046908639371395111083984375">
        <ele>1553.4000244140625</ele>
        <time>2026-09-18T07:31:31.000Z</time>
      </trkpt>
      <trkpt lat="40.0222232379019260406494140625" lon="9.30474601686000823974609375">
        <ele>1553</ele>
        <time>2026-09-18T07:31:38.000Z</time>
      </trkpt>
      <trkpt lat="40.02220270223915576934814453125" lon="9.3047723360359668731689453125">
        <ele>1553.199951171875</ele>
        <time>2026-09-18T07:31:42.000Z</time>
      </trkpt>
      <trkpt lat="40.02219700254499912261962890625" lon="9.3047790415585041046142578125">
        <ele>1553.199951171875</ele>
        <time>2026-09-18T07:31:44.000Z</time>
      </trkpt>
      <trkpt lat="40.02219549380242824554443359375" lon="9.3048517964780330657958984375">
        <ele>1551.4000244140625</ele>
        <time>2026-09-18T07:31:50.000Z</time>
      </trkpt>
      <trkpt lat="40.02216800116002559661865234375" lon="9.30494793690741062164306640625">
        <ele>1550.199951171875</ele>
        <time>2026-09-18T07:31:56.000Z</time>
      </trkpt>
      <trkpt lat="40.02213179133832454681396484375" lon="9.3050060234963893890380859375">
        <ele>1549.800048828125</ele>
        <time>2026-09-18T07:32:00.000Z</time>
      </trkpt>
      <trkpt lat="40.0220965035259723663330078125" lon="9.30505304597318172454833984375">
        <ele>1550.5999755859375</ele>
        <time>2026-09-18T07:32:04.000Z</time>
      </trkpt>
      <trkpt lat="40.02205551601946353912353515625" lon="9.30511389859020709991455078125">
        <ele>1550.800048828125</ele>
        <time>2026-09-18T07:32:10.000Z</time>
      </trkpt>
      <trkpt lat="40.02204445190727710723876953125" lon="9.30514021776616573333740234375">
        <ele>1550.5999755859375</ele>
        <time>2026-09-18T07:32:12.000Z</time>
      </trkpt>
      <trkpt lat="40.022005140781402587890625" lon="9.30517240427434444427490234375">
        <ele>1551.4000244140625</ele>
        <time>2026-09-18T07:32:15.000Z</time>
      </trkpt>
      <trkpt lat="40.0219469703733921051025390625" lon="9.30520928464829921722412109375">
        <ele>1552.5999755859375</ele>
        <time>2026-09-18T07:32:19.000Z</time>
      </trkpt>
      <trkpt lat="40.02189542166888713836669921875" lon="9.30527382530272006988525390625">
        <ele>1552.5999755859375</ele>
        <time>2026-09-18T07:32:26.000Z</time>
      </trkpt>
      <trkpt lat="40.02188242971897125244140625" lon="9.30528254248201847076416015625">
        <ele>1552.800048828125</ele>
        <time>2026-09-18T07:32:27.000Z</time>
      </trkpt>
      <trkpt lat="40.0218685157597064971923828125" lon="9.305288828909397125244140625">
        <ele>1553.199951171875</ele>
        <time>2026-09-18T07:32:28.000Z</time>
      </trkpt>
      <trkpt lat="40.02181931398808956146240234375" lon="9.3053111247718334197998046875">
        <ele>1554.800048828125</ele>
        <time>2026-09-18T07:32:33.000Z</time>
      </trkpt>
      <trkpt lat="40.0217173062264919281005859375" lon="9.3053999729454517364501953125">
        <ele>1557</ele>
        <time>2026-09-18T07:32:43.000Z</time>
      </trkpt>
      <trkpt lat="40.02161513082683086395263671875" lon="9.30550642311573028564453125">
        <ele>1559.5999755859375</ele>
        <time>2026-09-18T07:32:51.000Z</time>
      </trkpt>
      <trkpt lat="40.02150557935237884521484375" lon="9.30555528961122035980224609375">
        <ele>1564.800048828125</ele>
        <time>2026-09-18T07:32:59.000Z</time>
      </trkpt>
      <trkpt lat="40.02150063402950763702392578125" lon="9.305557720363140106201171875">
        <ele>1565</ele>
        <time>2026-09-18T07:33:00.000Z</time>
      </trkpt>
      <trkpt lat="40.0214725546538829803466796875" lon="9.3055736459791660308837890625">
        <ele>1566.199951171875</ele>
        <time>2026-09-18T07:33:03.000Z</time>
      </trkpt>
      <trkpt lat="40.02145319245755672454833984375" lon="9.3056090176105499267578125">
        <ele>1566.800048828125</ele>
        <time>2026-09-18T07:33:06.000Z</time>
      </trkpt>
      <trkpt lat="40.02146534621715545654296875" lon="9.30563860572874546051025390625">
        <ele>1565.800048828125</ele>
        <time>2026-09-18T07:33:09.000Z</time>
      </trkpt>
      <trkpt lat="40.02148169092833995819091796875" lon="9.30565126240253448486328125">
        <ele>1564.5999755859375</ele>
        <time>2026-09-18T07:33:11.000Z</time>
      </trkpt>
      <trkpt lat="40.02147649414837360382080078125" lon="9.30566760711371898651123046875">
        <ele>1564.800048828125</ele>
        <time>2026-09-18T07:33:12.000Z</time>
      </trkpt>
      <trkpt lat="40.02145252190530300140380859375" lon="9.30574254132807254791259765625">
        <ele>1564.800048828125</ele>
        <time>2026-09-18T07:33:19.000Z</time>
      </trkpt>
      <trkpt lat="40.02142184413969516754150390625" lon="9.30579551495611667633056640625">
        <ele>1565.4000244140625</ele>
        <time>2026-09-18T07:33:22.000Z</time>
      </trkpt>
      <trkpt lat="40.02137054689228534698486328125" lon="9.3058472312986850738525390625">
        <ele>1567.4000244140625</ele>
        <time>2026-09-18T07:33:25.000Z</time>
      </trkpt>
      <trkpt lat="40.02135663293302059173583984375" lon="9.30587698705494403839111328125">
        <ele>1567.800048828125</ele>
        <time>2026-09-18T07:33:27.000Z</time>
      </trkpt>
      <trkpt lat="40.02136082388460636138916015625" lon="9.305926524102687835693359375">
        <ele>1567</ele>
        <time>2026-09-18T07:33:30.000Z</time>
      </trkpt>
      <trkpt lat="40.02141279168426990509033203125" lon="9.30598410777747631072998046875">
        <ele>1563.800048828125</ele>
        <time>2026-09-18T07:33:36.000Z</time>
      </trkpt>
      <trkpt lat="40.02142377197742462158203125" lon="9.30601696483790874481201171875">
        <ele>1562.800048828125</ele>
        <time>2026-09-18T07:33:39.000Z</time>
      </trkpt>
      <trkpt lat="40.02142913639545440673828125" lon="9.306091479957103729248046875">
        <ele>1561.5999755859375</ele>
        <time>2026-09-18T07:33:44.000Z</time>
      </trkpt>
      <trkpt lat="40.021436177194118499755859375" lon="9.30615191347897052764892578125">
        <ele>1560.5999755859375</ele>
        <time>2026-09-18T07:33:50.000Z</time>
      </trkpt>
      <trkpt lat="40.02143919467926025390625" lon="9.30624612607061862945556640625">
        <ele>1559.4000244140625</ele>
        <time>2026-09-18T07:33:57.000Z</time>
      </trkpt>
      <trkpt lat="40.02141195349395275115966796875" lon="9.30635291151702404022216796875">
        <ele>1559.800048828125</ele>
        <time>2026-09-18T07:34:04.000Z</time>
      </trkpt>
      <trkpt lat="40.02134707756340503692626953125" lon="9.30644175969064235687255859375">
        <ele>1561.199951171875</ele>
        <time>2026-09-18T07:34:12.000Z</time>
      </trkpt>
      <trkpt lat="40.0212849676609039306640625" lon="9.30650261230766773223876953125">
        <ele>1563</ele>
        <time>2026-09-18T07:34:20.000Z</time>
      </trkpt>
      <trkpt lat="40.02122704870998859405517578125" lon="9.30657335557043552398681640625">
        <ele>1564.4000244140625</ele>
        <time>2026-09-18T07:34:27.000Z</time>
      </trkpt>
      <trkpt lat="40.021206848323345184326171875" lon="9.30657821707427501678466796875">
        <ele>1565.4000244140625</ele>
        <time>2026-09-18T07:34:30.000Z</time>
      </trkpt>
      <trkpt lat="40.02118279226124286651611328125" lon="9.30658056400716304779052734375">
        <ele>1566.800048828125</ele>
        <time>2026-09-18T07:34:33.000Z</time>
      </trkpt>
      <trkpt lat="40.02117457799613475799560546875" lon="9.30658869445323944091796875">
        <ele>1567.199951171875</ele>
        <time>2026-09-18T07:34:34.000Z</time>
      </trkpt>
      <trkpt lat="40.02113937400281429290771484375" lon="9.3066264130175113677978515625">
        <ele>1568.4000244140625</ele>
        <time>2026-09-18T07:34:41.000Z</time>
      </trkpt>
      <trkpt lat="40.0210853107273578643798828125" lon="9.3066656403243541717529296875">
        <ele>1570.4000244140625</ele>
        <time>2026-09-18T07:34:48.000Z</time>
      </trkpt>
      <trkpt lat="40.02105404622852802276611328125" lon="9.30669724009931087493896484375">
        <ele>1571.199951171875</ele>
        <time>2026-09-18T07:34:51.000Z</time>
      </trkpt>
      <trkpt lat="40.0210259668529033660888671875" lon="9.3067181110382080078125">
        <ele>1571.800048828125</ele>
        <time>2026-09-18T07:34:53.000Z</time>
      </trkpt>
      <trkpt lat="40.020993612706661224365234375" lon="9.3067494593560695648193359375">
        <ele>1572.4000244140625</ele>
        <time>2026-09-18T07:34:56.000Z</time>
      </trkpt>
      <trkpt lat="40.020984895527362823486328125" lon="9.3067642115056514739990234375">
        <ele>1572.199951171875</ele>
        <time>2026-09-18T07:34:57.000Z</time>
      </trkpt>
      <trkpt lat="40.02095564268529415130615234375" lon="9.306826405227184295654296875">
        <ele>1571.4000244140625</ele>
        <time>2026-09-18T07:35:01.000Z</time>
      </trkpt>
      <trkpt lat="40.0209451653063297271728515625" lon="9.306835122406482696533203125">
        <ele>1571.5999755859375</ele>
        <time>2026-09-18T07:35:02.000Z</time>
      </trkpt>
      <trkpt lat="40.0209149904549121856689453125" lon="9.30686655454337596893310546875">
        <ele>1572.5999755859375</ele>
        <time>2026-09-18T07:35:06.000Z</time>
      </trkpt>
      <trkpt lat="40.0208496116101741790771484375" lon="9.3069340288639068603515625">
        <ele>1575.5999755859375</ele>
        <time>2026-09-18T07:35:14.000Z</time>
      </trkpt>
      <trkpt lat="40.02082454971969127655029296875" lon="9.3069596774876117706298828125">
        <ele>1576.800048828125</ele>
        <time>2026-09-18T07:35:17.000Z</time>
      </trkpt>
      <trkpt lat="40.0208036787807941436767578125" lon="9.30696043185889720916748046875">
        <ele>1578</ele>
        <time>2026-09-18T07:35:19.000Z</time>
      </trkpt>
      <trkpt lat="40.0207959674298763275146484375" lon="9.30696018040180206298828125">
        <ele>1578.5999755859375</ele>
        <time>2026-09-18T07:35:20.000Z</time>
      </trkpt>
      <trkpt lat="40.02078431658446788787841796875" lon="9.306965209543704986572265625">
        <ele>1579.199951171875</ele>
        <time>2026-09-18T07:35:21.000Z</time>
      </trkpt>
      <trkpt lat="40.02078012563288211822509765625" lon="9.30697468109428882598876953125">
        <ele>1579.4000244140625</ele>
        <time>2026-09-18T07:35:22.000Z</time>
      </trkpt>
      <trkpt lat="40.02074207179248332977294921875" lon="9.30700234137475490570068359375">
        <ele>1581</ele>
        <time>2026-09-18T07:35:25.000Z</time>
      </trkpt>
      <trkpt lat="40.0207138247787952423095703125" lon="9.30703050456941127777099609375">
        <ele>1582.199951171875</ele>
        <time>2026-09-18T07:35:28.000Z</time>
      </trkpt>
      <trkpt lat="40.020706951618194580078125" lon="9.30703821592032909393310546875">
        <ele>1582.4000244140625</ele>
        <time>2026-09-18T07:35:29.000Z</time>
      </trkpt>
      <trkpt lat="40.02067853696644306182861328125" lon="9.30708968080580234527587890625">
        <ele>1582.800048828125</ele>
        <time>2026-09-18T07:35:32.000Z</time>
      </trkpt>
      <trkpt lat="40.0206085480749607086181640625" lon="9.30722613818943500518798828125">
        <ele>1583.199951171875</ele>
        <time>2026-09-18T07:35:41.000Z</time>
      </trkpt>
      <trkpt lat="40.02059471793472766876220703125" lon="9.3072647787630558013916015625">
        <ele>1582.800048828125</ele>
        <time>2026-09-18T07:35:43.000Z</time>
      </trkpt>
      <trkpt lat="40.020581893622875213623046875" lon="9.307299815118312835693359375">
        <ele>1582.5999755859375</ele>
        <time>2026-09-18T07:35:46.000Z</time>
      </trkpt>
      <trkpt lat="40.0205683149397373199462890625" lon="9.3073288165032863616943359375">
        <ele>1582.5999755859375</ele>
        <time>2026-09-18T07:35:48.000Z</time>
      </trkpt>
      <trkpt lat="40.02053118310868740081787109375" lon="9.3074404634535312652587890625">
        <ele>1581.5999755859375</ele>
        <time>2026-09-18T07:35:57.000Z</time>
      </trkpt>
      <trkpt lat="40.020530931651592254638671875" lon="9.30750039406120777130126953125">
        <ele>1581.199951171875</ele>
        <time>2026-09-18T07:36:01.000Z</time>
      </trkpt>
      <trkpt lat="40.02051877789199352264404296875" lon="9.3075335025787353515625">
        <ele>1581.5999755859375</ele>
        <time>2026-09-18T07:36:03.000Z</time>
      </trkpt>
      <trkpt lat="40.0205151736736297607421875" lon="9.3075500987470149993896484375">
        <ele>1581.4000244140625</ele>
        <time>2026-09-18T07:36:04.000Z</time>
      </trkpt>
      <trkpt lat="40.02048156224191188812255859375" lon="9.30769250728189945220947265625">
        <ele>1580.199951171875</ele>
        <time>2026-09-18T07:36:12.000Z</time>
      </trkpt>
      <trkpt lat="40.0204751081764698028564453125" lon="9.3077053315937519073486328125">
        <ele>1580.199951171875</ele>
        <time>2026-09-18T07:36:13.000Z</time>
      </trkpt>
      <trkpt lat="40.02047292888164520263671875" lon="9.30771564133465290069580078125">
        <ele>1580.199951171875</ele>
        <time>2026-09-18T07:36:14.000Z</time>
      </trkpt>
      <trkpt lat="40.0204734317958354949951171875" lon="9.307794682681560516357421875">
        <ele>1580.199951171875</ele>
        <time>2026-09-18T07:36:18.000Z</time>
      </trkpt>
      <trkpt lat="40.0204804725944995880126953125" lon="9.30780868045985698699951171875">
        <ele>1580</ele>
        <time>2026-09-18T07:36:19.000Z</time>
      </trkpt>
      <trkpt lat="40.020463876426219940185546875" lon="9.3079299665987491607666015625">
        <ele>1579.4000244140625</ele>
        <time>2026-09-18T07:36:25.000Z</time>
      </trkpt>
      <trkpt lat="40.02044099383056163787841796875" lon="9.30798872373998165130615234375">
        <ele>1579.5999755859375</ele>
        <time>2026-09-18T07:36:28.000Z</time>
      </trkpt>
      <trkpt lat="40.020455159246921539306640625" lon="9.30804379284381866455078125">
        <ele>1579</ele>
        <time>2026-09-18T07:36:31.000Z</time>
      </trkpt>
      <trkpt lat="40.02044334076344966888427734375" lon="9.3081002868711948394775390625">
        <ele>1579.4000244140625</ele>
        <time>2026-09-18T07:36:34.000Z</time>
      </trkpt>
      <trkpt lat="40.02043596468865871429443359375" lon="9.3081354908645153045654296875">
        <ele>1579.5999755859375</ele>
        <time>2026-09-18T07:36:36.000Z</time>
      </trkpt>
      <trkpt lat="40.02043671905994415283203125" lon="9.30816558189690113067626953125">
        <ele>1579.5999755859375</ele>
        <time>2026-09-18T07:36:38.000Z</time>
      </trkpt>
      <trkpt lat="40.020433701574802398681640625" lon="9.308181591331958770751953125">
        <ele>1579.5999755859375</ele>
        <time>2026-09-18T07:36:39.000Z</time>
      </trkpt>
      <trkpt lat="40.0204331986606121063232421875" lon="9.30819793604314327239990234375">
        <ele>1579.5999755859375</ele>
        <time>2026-09-18T07:36:40.000Z</time>
      </trkpt>
      <trkpt lat="40.02043177373707294464111328125" lon="9.30821402929723262786865234375">
        <ele>1579.800048828125</ele>
        <time>2026-09-18T07:36:41.000Z</time>
      </trkpt>
      <trkpt lat="40.0204293429851531982421875" lon="9.3082468025386333465576171875">
        <ele>1579.800048828125</ele>
        <time>2026-09-18T07:36:43.000Z</time>
      </trkpt>
      <trkpt lat="40.02040721476078033447265625" lon="9.30832567624747753143310546875">
        <ele>1579.5999755859375</ele>
        <time>2026-09-18T07:36:49.000Z</time>
      </trkpt>
      <trkpt lat="40.02040444873273372650146484375" lon="9.308341182768344879150390625">
        <ele>1579.4000244140625</ele>
        <time>2026-09-18T07:36:50.000Z</time>
      </trkpt>
      <trkpt lat="40.02039288170635700225830078125" lon="9.308369345963001251220703125">
        <ele>1579.199951171875</ele>
        <time>2026-09-18T07:36:52.000Z</time>
      </trkpt>
      <trkpt lat="40.0203808955848217010498046875" lon="9.30842659436166286468505859375">
        <ele>1578.5999755859375</ele>
        <time>2026-09-18T07:36:56.000Z</time>
      </trkpt>
      <trkpt lat="40.0203601084649562835693359375" lon="9.30848769843578338623046875">
        <ele>1578</ele>
        <time>2026-09-18T07:37:00.000Z</time>
      </trkpt>
      <trkpt lat="40.02033940516412258148193359375" lon="9.30851426906883716583251953125">
        <ele>1577.800048828125</ele>
        <time>2026-09-18T07:37:03.000Z</time>
      </trkpt>
      <trkpt lat="40.02033102326095104217529296875" lon="9.3085545860230922698974609375">
        <ele>1577</ele>
        <time>2026-09-18T07:37:08.000Z</time>
      </trkpt>
      <trkpt lat="40.0203275866806507110595703125" lon="9.30855483748018741607666015625">
        <ele>1577.199951171875</ele>
        <time>2026-09-18T07:37:09.000Z</time>
      </trkpt>
      <trkpt lat="40.020258687436580657958984375" lon="9.3086032010614871978759765625">
        <ele>1576.800048828125</ele>
        <time>2026-09-18T07:37:17.000Z</time>
      </trkpt>
      <trkpt lat="40.02024536021053791046142578125" lon="9.308609403669834136962890625">
        <ele>1576.800048828125</ele>
        <time>2026-09-18T07:37:18.000Z</time>
      </trkpt>
      <trkpt lat="40.0201331265270709991455078125" lon="9.3086437694728374481201171875">
        <ele>1577.5999755859375</ele>
        <time>2026-09-18T07:37:28.000Z</time>
      </trkpt>
      <trkpt lat="40.01999608241021633148193359375" lon="9.30870789103209972381591796875">
        <ele>1577.5999755859375</ele>
        <time>2026-09-18T07:37:39.000Z</time>
      </trkpt>
      <trkpt lat="40.0198773108422756195068359375" lon="9.30877561680972576141357421875">
        <ele>1575.800048828125</ele>
        <time>2026-09-18T07:37:48.000Z</time>
      </trkpt>
      <trkpt lat="40.0197923183441162109375" lon="9.308803863823413848876953125">
        <ele>1576.5999755859375</ele>
        <time>2026-09-18T07:37:54.000Z</time>
      </trkpt>
      <trkpt lat="40.01976407133042812347412109375" lon="9.30881702341139316558837890625">
        <ele>1576.5999755859375</ele>
        <time>2026-09-18T07:37:56.000Z</time>
      </trkpt>
      <trkpt lat="40.0196744687855243682861328125" lon="9.3088410794734954833984375">
        <ele>1577.5999755859375</ele>
        <time>2026-09-18T07:38:03.000Z</time>
      </trkpt>
      <trkpt lat="40.0196005403995513916015625" lon="9.3088767863810062408447265625">
        <ele>1577.4000244140625</ele>
        <time>2026-09-18T07:38:10.000Z</time>
      </trkpt>
      <trkpt lat="40.019578076899051666259765625" lon="9.3088942207396030426025390625">
        <ele>1577</ele>
        <time>2026-09-18T07:38:12.000Z</time>
      </trkpt>
      <trkpt lat="40.01949928700923919677734375" lon="9.30894627235829830169677734375">
        <ele>1575.800048828125</ele>
        <time>2026-09-18T07:38:18.000Z</time>
      </trkpt>
      <trkpt lat="40.0194880552589893341064453125" lon="9.30894526652991771697998046875">
        <ele>1576.199951171875</ele>
        <time>2026-09-18T07:38:19.000Z</time>
      </trkpt>
      <trkpt lat="40.0193764083087444305419921875" lon="9.30893017910420894622802734375">
        <ele>1579.800048828125</ele>
        <time>2026-09-18T07:38:27.000Z</time>
      </trkpt>
      <trkpt lat="40.01926903612911701202392578125" lon="9.3089186958968639373779296875">
        <ele>1582</ele>
        <time>2026-09-18T07:38:35.000Z</time>
      </trkpt>
      <trkpt lat="40.01924489624798297882080078125" lon="9.30893160402774810791015625">
        <ele>1581.199951171875</ele>
        <time>2026-09-18T07:38:37.000Z</time>
      </trkpt>
      <trkpt lat="40.01918689347803592681884765625" lon="9.3089532293379306793212890625">
        <ele>1580.199951171875</ele>
        <time>2026-09-18T07:38:42.000Z</time>
      </trkpt>
      <trkpt lat="40.0191578082740306854248046875" lon="9.30895649828016757965087890625">
        <ele>1580.199951171875</ele>
        <time>2026-09-18T07:38:44.000Z</time>
      </trkpt>
      <trkpt lat="40.01911765895783901214599609375" lon="9.308954067528247833251953125">
        <ele>1581.4000244140625</ele>
        <time>2026-09-18T07:38:47.000Z</time>
      </trkpt>
      <trkpt lat="40.0191043317317962646484375" lon="9.30895440280437469482421875">
        <ele>1581.800048828125</ele>
        <time>2026-09-18T07:38:48.000Z</time>
      </trkpt>
      <trkpt lat="40.0190924294292926788330078125" lon="9.30895281024277210235595703125">
        <ele>1582.199951171875</ele>
        <time>2026-09-18T07:38:49.000Z</time>
      </trkpt>
      <trkpt lat="40.01905898563563823699951171875" lon="9.30894258432090282440185546875">
        <ele>1583.5999755859375</ele>
        <time>2026-09-18T07:38:53.000Z</time>
      </trkpt>
      <trkpt lat="40.0190495140850543975830078125" lon="9.3089428357779979705810546875">
        <ele>1584</ele>
        <time>2026-09-18T07:38:54.000Z</time>
      </trkpt>
      <trkpt lat="40.019041635096073150634765625" lon="9.30894677527248859405517578125">
        <ele>1584</ele>
        <time>2026-09-18T07:38:55.000Z</time>
      </trkpt>
      <trkpt lat="40.01898053102195262908935546875" lon="9.30895431898534297943115234375">
        <ele>1585.199951171875</ele>
        <time>2026-09-18T07:39:01.000Z</time>
      </trkpt>
      <trkpt lat="40.01890341751277446746826171875" lon="9.3089515529572963714599609375">
        <ele>1587.199951171875</ele>
        <time>2026-09-18T07:39:07.000Z</time>
      </trkpt>
      <trkpt lat="40.0188567303121089935302734375" lon="9.30897309444844722747802734375">
        <ele>1587.199951171875</ele>
        <time>2026-09-18T07:39:12.000Z</time>
      </trkpt>
      <trkpt lat="40.01879990100860595703125" lon="9.3089961446821689605712890625">
        <ele>1586.800048828125</ele>
        <time>2026-09-18T07:39:16.000Z</time>
      </trkpt>
      <trkpt lat="40.0187434069812297821044921875" lon="9.30907937698066234588623046875">
        <ele>1583.199951171875</ele>
        <time>2026-09-18T07:39:22.000Z</time>
      </trkpt>
      <trkpt lat="40.01872153021395206451416015625" lon="9.30911156348884105682373046875">
        <ele>1581.4000244140625</ele>
        <time>2026-09-18T07:39:24.000Z</time>
      </trkpt>
      <trkpt lat="40.01866788603365421295166015625" lon="9.309141822159290313720703125">
        <ele>1579.800048828125</ele>
        <time>2026-09-18T07:39:28.000Z</time>
      </trkpt>
      <trkpt lat="40.0186562351882457733154296875" lon="9.30914559401571750640869140625">
        <ele>1579.5999755859375</ele>
        <time>2026-09-18T07:39:29.000Z</time>
      </trkpt>
      <trkpt lat="40.01861943863332271575927734375" lon="9.309148527681827545166015625">
        <ele>1579.800048828125</ele>
        <time>2026-09-18T07:39:32.000Z</time>
      </trkpt>
      <trkpt lat="40.018556155264377593994140625" lon="9.3091577477753162384033203125">
        <ele>1579.5999755859375</ele>
        <time>2026-09-18T07:39:37.000Z</time>
      </trkpt>
      <trkpt lat="40.01853763125836849212646484375" lon="9.30917032063007354736328125">
        <ele>1578.800048828125</ele>
        <time>2026-09-18T07:39:40.000Z</time>
      </trkpt>
      <trkpt lat="40.018531344830989837646484375" lon="9.30918029509484767913818359375">
        <ele>1578.5999755859375</ele>
        <time>2026-09-18T07:39:41.000Z</time>
      </trkpt>
      <trkpt lat="40.01849882304668426513671875" lon="9.30920108221471309661865234375">
        <ele>1578.4000244140625</ele>
        <time>2026-09-18T07:39:44.000Z</time>
      </trkpt>
      <trkpt lat="40.0184436701238155364990234375" lon="9.30920929647982120513916015625">
        <ele>1579.199951171875</ele>
        <time>2026-09-18T07:39:48.000Z</time>
      </trkpt>
      <trkpt lat="40.01838357187807559967041015625" lon="9.3092170916497707366943359375">
        <ele>1579.800048828125</ele>
        <time>2026-09-18T07:39:52.000Z</time>
      </trkpt>
      <trkpt lat="40.018343590199947357177734375" lon="9.3092174269258975982666015625">
        <ele>1580.5999755859375</ele>
        <time>2026-09-18T07:39:55.000Z</time>
      </trkpt>
      <trkpt lat="40.018227584660053253173828125" lon="9.30920678190886974334716796875">
        <ele>1583.5999755859375</ele>
        <time>2026-09-18T07:40:04.000Z</time>
      </trkpt>
      <trkpt lat="40.01814569346606731414794921875" lon="9.30923335254192352294921875">
        <ele>1584.5999755859375</ele>
        <time>2026-09-18T07:40:11.000Z</time>
      </trkpt>
      <trkpt lat="40.0181345455348491668701171875" lon="9.30923762731254100799560546875">
        <ele>1584.800048828125</ele>
        <time>2026-09-18T07:40:12.000Z</time>
      </trkpt>
      <trkpt lat="40.01811669208109378814697265625" lon="9.30923762731254100799560546875">
        <ele>1585.199951171875</ele>
        <time>2026-09-18T07:40:13.000Z</time>
      </trkpt>
      <trkpt lat="40.0180477090179920196533203125" lon="9.30923578329384326934814453125">
        <ele>1587</ele>
        <time>2026-09-18T07:40:19.000Z</time>
      </trkpt>
      <trkpt lat="40.01803882420063018798828125" lon="9.3092355318367481231689453125">
        <ele>1587.199951171875</ele>
        <time>2026-09-18T07:40:20.000Z</time>
      </trkpt>
      <trkpt lat="40.01801761798560619354248046875" lon="9.309244416654109954833984375">
        <ele>1587.199951171875</ele>
        <time>2026-09-18T07:40:22.000Z</time>
      </trkpt>
      <trkpt lat="40.01799079589545726776123046875" lon="9.30925472639501094818115234375">
        <ele>1587.199951171875</ele>
        <time>2026-09-18T07:40:24.000Z</time>
      </trkpt>
      <trkpt lat="40.0179481320083141326904296875" lon="9.30928322486579418182373046875">
        <ele>1586.5999755859375</ele>
        <time>2026-09-18T07:40:26.000Z</time>
      </trkpt>
      <trkpt lat="40.0178820826113224029541015625" lon="9.309327900409698486328125">
        <ele>1586</ele>
        <time>2026-09-18T07:40:34.000Z</time>
      </trkpt>
      <trkpt lat="40.01787194050848484039306640625" lon="9.309331588447093963623046875">
        <ele>1586</ele>
        <time>2026-09-18T07:40:37.000Z</time>
      </trkpt>
      <trkpt lat="40.01786489970982074737548828125" lon="9.309420101344585418701171875">
        <ele>1583.5999755859375</ele>
        <time>2026-09-18T07:40:46.000Z</time>
      </trkpt>
      <trkpt lat="40.01785165630280971527099609375" lon="9.309480451047420501708984375">
        <ele>1582.4000244140625</ele>
        <time>2026-09-18T07:40:53.000Z</time>
      </trkpt>
      <trkpt lat="40.01783237792551517486572265625" lon="9.3094973824918270111083984375">
        <ele>1582.800048828125</ele>
        <time>2026-09-18T07:40:56.000Z</time>
      </trkpt>
      <trkpt lat="40.01782181672751903533935546875" lon="9.30953082628548145294189453125">
        <ele>1582.4000244140625</ele>
        <time>2026-09-18T07:40:59.000Z</time>
      </trkpt>
      <trkpt lat="40.01781980507075786590576171875" lon="9.3095436505973339080810546875">
        <ele>1582</ele>
        <time>2026-09-18T07:41:00.000Z</time>
      </trkpt>
      <trkpt lat="40.01778795383870601654052734375" lon="9.30960844270884990692138671875">
        <ele>1581.5999755859375</ele>
        <time>2026-09-18T07:41:06.000Z</time>
      </trkpt>
      <trkpt lat="40.01775073818862438201904296875" lon="9.3097260408103466033935546875">
        <ele>1579.5999755859375</ele>
        <time>2026-09-18T07:41:14.000Z</time>
      </trkpt>
      <trkpt lat="40.017658285796642303466796875" lon="9.30984213016927242279052734375">
        <ele>1580.4000244140625</ele>
        <time>2026-09-18T07:41:24.000Z</time>
      </trkpt>
      <trkpt lat="40.01759181730449199676513671875" lon="9.309908933937549591064453125">
        <ele>1581.5999755859375</ele>
        <time>2026-09-18T07:41:31.000Z</time>
      </trkpt>
      <trkpt lat="40.01757572405040264129638671875" lon="9.30993131361901760101318359375">
        <ele>1581.5999755859375</ele>
        <time>2026-09-18T07:41:33.000Z</time>
      </trkpt>
      <trkpt lat="40.0175618939101696014404296875" lon="9.30996769107878208160400390625">
        <ele>1581.199951171875</ele>
        <time>2026-09-18T07:41:37.000Z</time>
      </trkpt>
      <trkpt lat="40.01756608486175537109375" lon="9.3099992908537387847900390625">
        <ele>1580.4000244140625</ele>
        <time>2026-09-18T07:41:39.000Z</time>
      </trkpt>
      <trkpt lat="40.01752861775457859039306640625" lon="9.31011001579463481903076171875">
        <ele>1580</ele>
        <time>2026-09-18T07:41:45.000Z</time>
      </trkpt>
      <trkpt lat="40.0174861215054988861083984375" lon="9.31023825891315937042236328125">
        <ele>1580.800048828125</ele>
        <time>2026-09-18T07:41:52.000Z</time>
      </trkpt>
      <trkpt lat="40.0174267776310443878173828125" lon="9.31031654588878154754638671875">
        <ele>1583</ele>
        <time>2026-09-18T07:41:58.000Z</time>
      </trkpt>
      <trkpt lat="40.01739643514156341552734375" lon="9.3103484809398651123046875">
        <ele>1584.4000244140625</ele>
        <time>2026-09-18T07:42:01.000Z</time>
      </trkpt>
      <trkpt lat="40.01739635132253170013427734375" lon="9.3103751353919506072998046875">
        <ele>1584.199951171875</ele>
        <time>2026-09-18T07:42:03.000Z</time>
      </trkpt>
      <trkpt lat="40.01740238629281520843505859375" lon="9.31038494221866130828857421875">
        <ele>1583.800048828125</ele>
        <time>2026-09-18T07:42:04.000Z</time>
      </trkpt>
      <trkpt lat="40.017402470111846923828125" lon="9.31045082397758960723876953125">
        <ele>1583.4000244140625</ele>
        <time>2026-09-18T07:42:09.000Z</time>
      </trkpt>
      <trkpt lat="40.01740238629281520843505859375" lon="9.3104639835655689239501953125">
        <ele>1583.4000244140625</ele>
        <time>2026-09-18T07:42:10.000Z</time>
      </trkpt>
      <trkpt lat="40.0174066610634326934814453125" lon="9.31047781370580196380615234375">
        <ele>1583</ele>
        <time>2026-09-18T07:42:11.000Z</time>
      </trkpt>
      <trkpt lat="40.017431639134883880615234375" lon="9.3105414323508739471435546875">
        <ele>1581.5999755859375</ele>
        <time>2026-09-18T07:42:15.000Z</time>
      </trkpt>
      <trkpt lat="40.01745100133121013641357421875" lon="9.310605637729167938232421875">
        <ele>1580.5999755859375</ele>
        <time>2026-09-18T07:42:20.000Z</time>
      </trkpt>
      <trkpt lat="40.0174572877585887908935546875" lon="9.31072005070745944976806640625">
        <ele>1579.4000244140625</ele>
        <time>2026-09-18T07:42:27.000Z</time>
      </trkpt>
      <trkpt lat="40.0174137018620967864990234375" lon="9.31084007956087589263916015625">
        <ele>1581.4000244140625</ele>
        <time>2026-09-18T07:42:35.000Z</time>
      </trkpt>
      <trkpt lat="40.017386712133884429931640625" lon="9.31087427772581577301025390625">
        <ele>1582.4000244140625</ele>
        <time>2026-09-18T07:42:38.000Z</time>
      </trkpt>
      <trkpt lat="40.01737556420266628265380859375" lon="9.31089774705469608306884765625">
        <ele>1582.5999755859375</ele>
        <time>2026-09-18T07:42:40.000Z</time>
      </trkpt>
      <trkpt lat="40.01736382953822612762451171875" lon="9.3109729327261447906494140625">
        <ele>1583.199951171875</ele>
        <time>2026-09-18T07:42:45.000Z</time>
      </trkpt>
      <trkpt lat="40.01734547317028045654296875" lon="9.3110751919448375701904296875">
        <ele>1583.5999755859375</ele>
        <time>2026-09-18T07:42:52.000Z</time>
      </trkpt>
      <trkpt lat="40.01732678152620792388916015625" lon="9.311111904680728912353515625">
        <ele>1583.800048828125</ele>
        <time>2026-09-18T07:42:55.000Z</time>
      </trkpt>
      <trkpt lat="40.01732879318296909332275390625" lon="9.31112472899258136749267578125">
        <ele>1583.5999755859375</ele>
        <time>2026-09-18T07:42:56.000Z</time>
      </trkpt>
      <trkpt lat="40.01732728444039821624755859375" lon="9.31115741841495037078857421875">
        <ele>1583.199951171875</ele>
        <time>2026-09-18T07:42:58.000Z</time>
      </trkpt>
      <trkpt lat="40.01728839240968227386474609375" lon="9.31120888330042362213134765625">
        <ele>1584</ele>
        <time>2026-09-18T07:43:02.000Z</time>
      </trkpt>
      <trkpt lat="40.017264671623706817626953125" lon="9.3112327717244625091552734375">
        <ele>1584.5999755859375</ele>
        <time>2026-09-18T07:43:05.000Z</time>
      </trkpt>
      <trkpt lat="40.01724849455058574676513671875" lon="9.31126303039491176605224609375">
        <ele>1584.5999755859375</ele>
        <time>2026-09-18T07:43:07.000Z</time>
      </trkpt>
      <trkpt lat="40.01724732108414173126220703125" lon="9.31129597127437591552734375">
        <ele>1584</ele>
        <time>2026-09-18T07:43:09.000Z</time>
      </trkpt>
      <trkpt lat="40.0172460637986660003662109375" lon="9.31132622994482517242431640625">
        <ele>1583.5999755859375</ele>
        <time>2026-09-18T07:43:11.000Z</time>
      </trkpt>
      <trkpt lat="40.01719820313155651092529296875" lon="9.3114329315721988677978515625">
        <ele>1583.4000244140625</ele>
        <time>2026-09-18T07:43:18.000Z</time>
      </trkpt>
      <trkpt lat="40.0171602331101894378662109375" lon="9.3115160800516605377197265625">
        <ele>1583.5999755859375</ele>
        <time>2026-09-18T07:43:23.000Z</time>
      </trkpt>
      <trkpt lat="40.01713718287646770477294921875" lon="9.31156595237553119659423828125">
        <ele>1583.800048828125</ele>
        <time>2026-09-18T07:43:27.000Z</time>
      </trkpt>
      <trkpt lat="40.01709141768515110015869140625" lon="9.31161356158554553985595703125">
        <ele>1584.800048828125</ele>
        <time>2026-09-18T07:43:31.000Z</time>
      </trkpt>
      <trkpt lat="40.01705403439700603485107421875" lon="9.3116547167301177978515625">
        <ele>1586</ele>
        <time>2026-09-18T07:43:34.000Z</time>
      </trkpt>
      <trkpt lat="40.01703928224742412567138671875" lon="9.31170458905398845672607421875">
        <ele>1586</ele>
        <time>2026-09-18T07:43:38.000Z</time>
      </trkpt>
      <trkpt lat="40.01703458838164806365966796875" lon="9.31176527403295040130615234375">
        <ele>1585.4000244140625</ele>
        <time>2026-09-18T07:43:42.000Z</time>
      </trkpt>
      <trkpt lat="40.01702184788882732391357421875" lon="9.31179377250373363494873046875">
        <ele>1585.5999755859375</ele>
        <time>2026-09-18T07:43:44.000Z</time>
      </trkpt>
      <trkpt lat="40.0170143879950046539306640625" lon="9.3118550442159175872802734375">
        <ele>1585.4000244140625</ele>
        <time>2026-09-18T07:43:48.000Z</time>
      </trkpt>
      <trkpt lat="40.01701422035694122314453125" lon="9.31187088601291179656982421875">
        <ele>1585.199951171875</ele>
        <time>2026-09-18T07:43:49.000Z</time>
      </trkpt>
      <trkpt lat="40.01699678599834442138671875" lon="9.311912544071674346923828125">
        <ele>1585.4000244140625</ele>
        <time>2026-09-18T07:43:51.000Z</time>
      </trkpt>
      <trkpt lat="40.016987062990665435791015625" lon="9.311963506042957305908203125">
        <ele>1585.4000244140625</ele>
        <time>2026-09-18T07:43:54.000Z</time>
      </trkpt>
      <trkpt lat="40.0169862248003482818603515625" lon="9.31201941333711147308349609375">
        <ele>1585.199951171875</ele>
        <time>2026-09-18T07:43:57.000Z</time>
      </trkpt>
      <trkpt lat="40.0169691257178783416748046875" lon="9.31209451518952846527099609375">
        <ele>1585.199951171875</ele>
        <time>2026-09-18T07:44:01.000Z</time>
      </trkpt>
      <trkpt lat="40.01696728169918060302734375" lon="9.31211530230939388275146484375">
        <ele>1585.199951171875</ele>
        <time>2026-09-18T07:44:02.000Z</time>
      </trkpt>
      <trkpt lat="40.016974322497844696044921875" lon="9.3121909908950328826904296875">
        <ele>1584.4000244140625</ele>
        <time>2026-09-18T07:44:06.000Z</time>
      </trkpt>
      <trkpt lat="40.0169754959642887115478515625" lon="9.31221135891973972320556640625">
        <ele>1584.199951171875</ele>
        <time>2026-09-18T07:44:07.000Z</time>
      </trkpt>
      <trkpt lat="40.01698144711554050445556640625" lon="9.31230573914945125579833984375">
        <ele>1583.199951171875</ele>
        <time>2026-09-18T07:44:14.000Z</time>
      </trkpt>
      <trkpt lat="40.016924031078815460205078125" lon="9.31241579353809356689453125">
        <ele>1585.5999755859375</ele>
        <time>2026-09-18T07:44:22.000Z</time>
      </trkpt>
      <trkpt lat="40.016889162361621856689453125" lon="9.31246164254844188690185546875">
        <ele>1587.199951171875</ele>
        <time>2026-09-18T07:44:26.000Z</time>
      </trkpt>
      <trkpt lat="40.0168685428798198699951171875" lon="9.31252534501254558563232421875">
        <ele>1587.5999755859375</ele>
        <time>2026-09-18T07:44:29.000Z</time>
      </trkpt>
      <trkpt lat="40.01685135997831821441650390625" lon="9.31258519180119037628173828125">
        <ele>1588</ele>
        <time>2026-09-18T07:44:32.000Z</time>
      </trkpt>
      <trkpt lat="40.01683451235294342041015625" lon="9.31264068000018596649169921875">
        <ele>1588.4000244140625</ele>
        <time>2026-09-18T07:44:35.000Z</time>
      </trkpt>
      <trkpt lat="40.0168128870427608489990234375" lon="9.31277009658515453338623046875">
        <ele>1588.800048828125</ele>
        <time>2026-09-18T07:44:42.000Z</time>
      </trkpt>
      <trkpt lat="40.0167924351990222930908203125" lon="9.31281519122421741485595703125">
        <ele>1589.199951171875</ele>
        <time>2026-09-18T07:44:45.000Z</time>
      </trkpt>
      <trkpt lat="40.01674943603575229644775390625" lon="9.3128685839474201202392578125">
        <ele>1590.4000244140625</ele>
        <time>2026-09-18T07:44:49.000Z</time>
      </trkpt>
      <trkpt lat="40.01674340106546878814697265625" lon="9.31288073770701885223388671875">
        <ele>1590.5999755859375</ele>
        <time>2026-09-18T07:44:50.000Z</time>
      </trkpt>
      <trkpt lat="40.016742311418056488037109375" lon="9.31292633526027202606201171875">
        <ele>1590.4000244140625</ele>
        <time>2026-09-18T07:44:53.000Z</time>
      </trkpt>
      <trkpt lat="40.01674977131187915802001953125" lon="9.31293890811502933502197265625">
        <ele>1590.199951171875</ele>
        <time>2026-09-18T07:44:54.000Z</time>
      </trkpt>
      <trkpt lat="40.01675136387348175048828125" lon="9.3129748664796352386474609375">
        <ele>1590</ele>
        <time>2026-09-18T07:44:56.000Z</time>
      </trkpt>
      <trkpt lat="40.01672697253525257110595703125" lon="9.31308123283088207244873046875">
        <ele>1589.199951171875</ele>
        <time>2026-09-18T07:45:02.000Z</time>
      </trkpt>
      <trkpt lat="40.01670048572123050689697265625" lon="9.31310285814106464385986328125">
        <ele>1589.800048828125</ele>
        <time>2026-09-18T07:45:05.000Z</time>
      </trkpt>
      <trkpt lat="40.01669126562774181365966796875" lon="9.313165806233882904052734375">
        <ele>1589</ele>
        <time>2026-09-18T07:45:10.000Z</time>
      </trkpt>
      <trkpt lat="40.01668162643909454345703125" lon="9.3132627010345458984375">
        <ele>1588</ele>
        <time>2026-09-18T07:45:16.000Z</time>
      </trkpt>
      <trkpt lat="40.016654469072818756103515625" lon="9.31329061277210712432861328125">
        <ele>1588.4000244140625</ele>
        <time>2026-09-18T07:45:19.000Z</time>
      </trkpt>
      <trkpt lat="40.01657224260270595550537109375" lon="9.31331290863454341888427734375">
        <ele>1590.5999755859375</ele>
        <time>2026-09-18T07:45:27.000Z</time>
      </trkpt>
      <trkpt lat="40.016566626727581024169921875" lon="9.3133138306438922882080078125">
        <ele>1590.800048828125</ele>
        <time>2026-09-18T07:45:28.000Z</time>
      </trkpt>
      <trkpt lat="40.01655883155763149261474609375" lon="9.31331508792936801910400390625">
        <ele>1591</ele>
        <time>2026-09-18T07:45:29.000Z</time>
      </trkpt>
      <trkpt lat="40.0165439955890178680419921875" lon="9.313346184790134429931640625">
        <ele>1590.800048828125</ele>
        <time>2026-09-18T07:45:34.000Z</time>
      </trkpt>
      <trkpt lat="40.01654072664678096771240234375" lon="9.31335682980716228485107421875">
        <ele>1590.800048828125</ele>
        <time>2026-09-18T07:45:35.000Z</time>
      </trkpt>
      <trkpt lat="40.01655422151088714599609375" lon="9.31341852061450481414794921875">
        <ele>1589.5999755859375</ele>
        <time>2026-09-18T07:45:40.000Z</time>
      </trkpt>
      <trkpt lat="40.0165500305593013763427734375" lon="9.31344802491366863250732421875">
        <ele>1589.199951171875</ele>
        <time>2026-09-18T07:45:42.000Z</time>
      </trkpt>
      <trkpt lat="40.016544498503208160400390625" lon="9.3134596757590770721435546875">
        <ele>1589.199951171875</ele>
        <time>2026-09-18T07:45:43.000Z</time>
      </trkpt>
      <trkpt lat="40.01652480103075504302978515625" lon="9.31348389945924282073974609375">
        <ele>1589.4000244140625</ele>
        <time>2026-09-18T07:45:45.000Z</time>
      </trkpt>
      <trkpt lat="40.01646780408918857574462890625" lon="9.31351273320615291595458984375">
        <ele>1591</ele>
        <time>2026-09-18T07:45:49.000Z</time>
      </trkpt>
      <trkpt lat="40.016433857381343841552734375" lon="9.313533268868923187255859375">
        <ele>1592.199951171875</ele>
        <time>2026-09-18T07:45:55.000Z</time>
      </trkpt>
      <trkpt lat="40.0164001621305942535400390625" lon="9.31357811205089092254638671875">
        <ele>1593.199951171875</ele>
        <time>2026-09-18T07:45:59.000Z</time>
      </trkpt>
      <trkpt lat="40.016392953693866729736328125" lon="9.31359588168561458587646484375">
        <ele>1593.199951171875</ele>
        <time>2026-09-18T07:46:01.000Z</time>
      </trkpt>
      <trkpt lat="40.0163282454013824462890625" lon="9.31365170516073703765869140625">
        <ele>1595.4000244140625</ele>
        <time>2026-09-18T07:46:09.000Z</time>
      </trkpt>
      <trkpt lat="40.01632128842175006866455078125" lon="9.31366075761616230010986328125">
        <ele>1595.5999755859375</ele>
        <time>2026-09-18T07:46:10.000Z</time>
      </trkpt>
      <trkpt lat="40.01630217768251895904541015625" lon="9.31369311176240444183349609375">
        <ele>1595.800048828125</ele>
        <time>2026-09-18T07:46:13.000Z</time>
      </trkpt>
      <trkpt lat="40.01627401448786258697509765625" lon="9.31374290026724338531494140625">
        <ele>1596.4000244140625</ele>
        <time>2026-09-18T07:46:17.000Z</time>
      </trkpt>
      <trkpt lat="40.01620016992092132568359375" lon="9.31387835182249546051025390625">
        <ele>1597.4000244140625</ele>
        <time>2026-09-18T07:46:27.000Z</time>
      </trkpt>
      <trkpt lat="40.01616035588085651397705078125" lon="9.31392587721347808837890625">
        <ele>1598.199951171875</ele>
        <time>2026-09-18T07:46:32.000Z</time>
      </trkpt>
      <trkpt lat="40.01614375971257686614990234375" lon="9.31394708342850208282470703125">
        <ele>1598.4000244140625</ele>
        <time>2026-09-18T07:46:34.000Z</time>
      </trkpt>
      <trkpt lat="40.01612883992493152618408203125" lon="9.31397122330963611602783203125">
        <ele>1598.5999755859375</ele>
        <time>2026-09-18T07:46:36.000Z</time>
      </trkpt>
      <trkpt lat="40.016058348119258880615234375" lon="9.31405051611363887786865234375">
        <ele>1600</ele>
        <time>2026-09-18T07:46:43.000Z</time>
      </trkpt>
      <trkpt lat="40.01595919020473957061767578125" lon="9.31411631405353546142578125">
        <ele>1602.5999755859375</ele>
        <time>2026-09-18T07:46:53.000Z</time>
      </trkpt>
      <trkpt lat="40.01596170477569103240966796875" lon="9.3141143023967742919921875">
        <ele>1602.5999755859375</ele>
        <time>2026-09-18T07:47:02.000Z</time>
      </trkpt>
      <trkpt lat="40.01595851965248584747314453125" lon="9.31411388330161571502685546875">
        <ele>1602.800048828125</ele>
        <time>2026-09-18T07:47:11.000Z</time>
      </trkpt>
      <trkpt lat="40.01595851965248584747314453125" lon="9.31411388330161571502685546875">
        <ele>1602.800048828125</ele>
        <time>2026-09-18T07:47:15.000Z</time>
      </trkpt>
      <trkpt lat="40.01595851965248584747314453125" lon="9.31411388330161571502685546875">
        <ele>1602.800048828125</ele>
        <time>2026-09-18T07:47:18.000Z</time>
      </trkpt>
      <trkpt lat="40.01595851965248584747314453125" lon="9.31411321274936199188232421875">
        <ele>1602.800048828125</ele>
        <time>2026-09-18T07:47:22.000Z</time>
      </trkpt>
      <trkpt lat="40.01595743000507354736328125" lon="9.3141104467213153839111328125">
        <ele>1602.800048828125</ele>
        <time>2026-09-18T07:47:30.000Z</time>
      </trkpt>
      <trkpt lat="40.01595617271959781646728515625" lon="9.3141094408929347991943359375">
        <ele>1603</ele>
        <time>2026-09-18T07:47:34.000Z</time>
      </trkpt>
      <trkpt lat="40.0159513950347900390625" lon="9.31410835124552249908447265625">
        <ele>1603.199951171875</ele>
        <time>2026-09-18T07:47:57.000Z</time>
      </trkpt>
      <trkpt lat="40.01594938337802886962890625" lon="9.31410835124552249908447265625">
        <ele>1603.199951171875</ele>
        <time>2026-09-18T07:47:58.000Z</time>
      </trkpt>
      <trkpt lat="40.01594267785549163818359375" lon="9.31410851888358592987060546875">
        <ele>1603.4000244140625</ele>
        <time>2026-09-18T07:48:00.000Z</time>
      </trkpt>
      <trkpt lat="40.01591376028954982757568359375" lon="9.31411229074001312255859375">
        <ele>1604.5999755859375</ele>
        <time>2026-09-18T07:48:41.000Z</time>
      </trkpt>
      <trkpt lat="40.01594795845448970794677734375" lon="9.31410315446555614471435546875">
        <ele>1603.4000244140625</ele>
        <time>2026-09-18T07:49:39.000Z</time>
      </trkpt>
      <trkpt lat="40.0159180350601673126220703125" lon="9.31415813975036144256591796875">
        <ele>1603</ele>
        <time>2026-09-18T07:50:09.000Z</time>
      </trkpt>
      <trkpt lat="40.0158315338194370269775390625" lon="9.31430834345519542694091796875">
        <ele>1602</ele>
        <time>2026-09-18T07:50:17.000Z</time>
      </trkpt>
      <trkpt lat="40.015774033963680267333984375" lon="9.31436433456838130950927734375">
        <ele>1603.199951171875</ele>
        <time>2026-09-18T07:50:23.000Z</time>
      </trkpt>
      <trkpt lat="40.015769340097904205322265625" lon="9.31438009254634380340576171875">
        <ele>1603</ele>
        <time>2026-09-18T07:50:25.000Z</time>
      </trkpt>
      <trkpt lat="40.015740506350994110107421875" lon="9.3144705332815647125244140625">
        <ele>1603</ele>
        <time>2026-09-18T07:50:32.000Z</time>
      </trkpt>
      <trkpt lat="40.0157158635556697845458984375" lon="9.31461210362613201141357421875">
        <ele>1601.4000244140625</ele>
        <time>2026-09-18T07:50:41.000Z</time>
      </trkpt>
      <trkpt lat="40.0157165341079235076904296875" lon="9.31462886743247509002685546875">
        <ele>1601</ele>
        <time>2026-09-18T07:50:42.000Z</time>
      </trkpt>
      <trkpt lat="40.01570739783346652984619140625" lon="9.31473028846085071563720703125">
        <ele>1600.5999755859375</ele>
        <time>2026-09-18T07:50:50.000Z</time>
      </trkpt>
      <trkpt lat="40.0156934000551700592041015625" lon="9.3148276023566722869873046875">
        <ele>1601.199951171875</ele>
        <time>2026-09-18T07:50:56.000Z</time>
      </trkpt>
      <trkpt lat="40.01567068509757518768310546875" lon="9.31495073251426219940185546875">
        <ele>1602.4000244140625</ele>
        <time>2026-09-18T07:51:05.000Z</time>
      </trkpt>
      <trkpt lat="40.01563045196235179901123046875" lon="9.31504829786717891693115234375">
        <ele>1603.800048828125</ele>
        <time>2026-09-18T07:51:12.000Z</time>
      </trkpt>
      <trkpt lat="40.01562274061143398284912109375" lon="9.315059445798397064208984375">
        <ele>1604</ele>
        <time>2026-09-18T07:51:13.000Z</time>
      </trkpt>
      <trkpt lat="40.015613771975040435791015625" lon="9.31506740860641002655029296875">
        <ele>1604.4000244140625</ele>
        <time>2026-09-18T07:51:14.000Z</time>
      </trkpt>
      <trkpt lat="40.01554529182612895965576171875" lon="9.31515223346650600433349609375">
        <ele>1607</ele>
        <time>2026-09-18T07:51:22.000Z</time>
      </trkpt>
      <trkpt lat="40.01541922800242900848388671875" lon="9.31528902612626552581787109375">
        <ele>1610.199951171875</ele>
        <time>2026-09-18T07:51:33.000Z</time>
      </trkpt>
      <trkpt lat="40.01541160047054290771484375" lon="9.31529581546783447265625">
        <ele>1610.4000244140625</ele>
        <time>2026-09-18T07:51:34.000Z</time>
      </trkpt>
      <trkpt lat="40.01539039425551891326904296875" lon="9.3153226375579833984375">
        <ele>1610.199951171875</ele>
        <time>2026-09-18T07:51:36.000Z</time>
      </trkpt>
      <trkpt lat="40.0153708644211292266845703125" lon="9.31534468196332454681396484375">
        <ele>1610.199951171875</ele>
        <time>2026-09-18T07:51:38.000Z</time>
      </trkpt>
      <trkpt lat="40.01534144394099712371826171875" lon="9.31537904776632785797119140625">
        <ele>1610.199951171875</ele>
        <time>2026-09-18T07:51:41.000Z</time>
      </trkpt>
      <trkpt lat="40.0152605585753917694091796875" lon="9.31543470360338687896728515625">
        <ele>1611.199951171875</ele>
        <time>2026-09-18T07:51:50.000Z</time>
      </trkpt>
      <trkpt lat="40.0151301361620426177978515625" lon="9.31552288122475147247314453125">
        <ele>1613</ele>
        <time>2026-09-18T07:52:01.000Z</time>
      </trkpt>
      <trkpt lat="40.0150774978101253509521484375" lon="9.31555473245680332183837890625">
        <ele>1614</ele>
        <time>2026-09-18T07:52:06.000Z</time>
      </trkpt>
      <trkpt lat="40.01500750891864299774169921875" lon="9.31560066528618335723876953125">
        <ele>1615.199951171875</ele>
        <time>2026-09-18T07:52:13.000Z</time>
      </trkpt>
      <trkpt lat="40.0149578042328357696533203125" lon="9.3156295828521251678466796875">
        <ele>1616</ele>
        <time>2026-09-18T07:52:17.000Z</time>
      </trkpt>
      <trkpt lat="40.01492100767791271209716796875" lon="9.31565330363810062408447265625">
        <ele>1616.199951171875</ele>
        <time>2026-09-18T07:52:21.000Z</time>
      </trkpt>
      <trkpt lat="40.01486836932599544525146484375" lon="9.31568582542240619659423828125">
        <ele>1616.800048828125</ele>
        <time>2026-09-18T07:52:25.000Z</time>
      </trkpt>
      <trkpt lat="40.0147671997547149658203125" lon="9.31568867526948451995849609375">
        <ele>1618.800048828125</ele>
        <time>2026-09-18T07:52:33.000Z</time>
      </trkpt>
      <trkpt lat="40.0147497653961181640625" lon="9.3156916089355945587158203125">
        <ele>1619.199951171875</ele>
        <time>2026-09-18T07:52:35.000Z</time>
      </trkpt>
      <trkpt lat="40.01470492221415042877197265625" lon="9.31573502719402313232421875">
        <ele>1619.199951171875</ele>
        <time>2026-09-18T07:52:40.000Z</time>
      </trkpt>
      <trkpt lat="40.01457081176340579986572265625" lon="9.31579831056296825408935546875">
        <ele>1620.800048828125</ele>
        <time>2026-09-18T07:52:51.000Z</time>
      </trkpt>
      <trkpt lat="40.01445715315639972686767578125" lon="9.3158488534390926361083984375">
        <ele>1621.4000244140625</ele>
        <time>2026-09-18T07:52:59.000Z</time>
      </trkpt>
      <trkpt lat="40.0143874995410442352294921875" lon="9.315888248383998870849609375">
        <ele>1621.5999755859375</ele>
        <time>2026-09-18T07:53:05.000Z</time>
      </trkpt>
      <trkpt lat="40.0143687240779399871826171875" lon="9.3158941157162189483642578125">
        <ele>1621.800048828125</ele>
        <time>2026-09-18T07:53:06.000Z</time>
      </trkpt>
      <trkpt lat="40.0143479369580745697021484375" lon="9.31589503772556781768798828125">
        <ele>1622.4000244140625</ele>
        <time>2026-09-18T07:53:09.000Z</time>
      </trkpt>
      <trkpt lat="40.01432186923921108245849609375" lon="9.3159293197095394134521484375">
        <ele>1621.800048828125</ele>
        <time>2026-09-18T07:53:14.000Z</time>
      </trkpt>
      <trkpt lat="40.01429957337677478790283203125" lon="9.3159521184861660003662109375">
        <ele>1621.5999755859375</ele>
        <time>2026-09-18T07:53:16.000Z</time>
      </trkpt>
      <trkpt lat="40.0142027623951435089111328125" lon="9.31604205630719661712646484375">
        <ele>1621.199951171875</ele>
        <time>2026-09-18T07:53:25.000Z</time>
      </trkpt>
      <trkpt lat="40.014121793210506439208984375" lon="9.31607910431921482086181640625">
        <ele>1622.5999755859375</ele>
        <time>2026-09-18T07:53:32.000Z</time>
      </trkpt>
      <trkpt lat="40.01402934081852436065673828125" lon="9.31614431552588939666748046875">
        <ele>1624.199951171875</ele>
        <time>2026-09-18T07:53:40.000Z</time>
      </trkpt>
      <trkpt lat="40.01395113766193389892578125" lon="9.31619645096361637115478515625">
        <ele>1626</ele>
        <time>2026-09-18T07:53:48.000Z</time>
      </trkpt>
      <trkpt lat="40.01387511380016803741455078125" lon="9.31623567827045917510986328125">
        <ele>1627.5999755859375</ele>
        <time>2026-09-18T07:53:55.000Z</time>
      </trkpt>
      <trkpt lat="40.0138659775257110595703125" lon="9.3162448145449161529541015625">
        <ele>1627.800048828125</ele>
        <time>2026-09-18T07:53:56.000Z</time>
      </trkpt>
      <trkpt lat="40.01385315321385860443115234375" lon="9.31625260971486568450927734375">
        <ele>1628</ele>
        <time>2026-09-18T07:53:58.000Z</time>
      </trkpt>
      <trkpt lat="40.0138131715357303619384765625" lon="9.3162682838737964630126953125">
        <ele>1628.800048828125</ele>
        <time>2026-09-18T07:54:02.000Z</time>
      </trkpt>
      <trkpt lat="40.01375860534608364105224609375" lon="9.31629736907780170440673828125">
        <ele>1629.800048828125</ele>
        <time>2026-09-18T07:54:06.000Z</time>
      </trkpt>
      <trkpt lat="40.01370445825159549713134765625" lon="9.3163407035171985626220703125">
        <ele>1630.5999755859375</ele>
        <time>2026-09-18T07:54:11.000Z</time>
      </trkpt>
      <trkpt lat="40.01368886791169643402099609375" lon="9.31635051034390926361083984375">
        <ele>1630.800048828125</ele>
        <time>2026-09-18T07:54:13.000Z</time>
      </trkpt>
      <trkpt lat="40.0136321224272251129150390625" lon="9.316379763185977935791015625">
        <ele>1632</ele>
        <time>2026-09-18T07:54:20.000Z</time>
      </trkpt>
      <trkpt lat="40.01362030394375324249267578125" lon="9.316392838954925537109375">
        <ele>1632.199951171875</ele>
        <time>2026-09-18T07:54:21.000Z</time>
      </trkpt>
      <trkpt lat="40.01351653598248958587646484375" lon="9.31643516756594181060791015625">
        <ele>1634.4000244140625</ele>
        <time>2026-09-18T07:54:27.000Z</time>
      </trkpt>
      <trkpt lat="40.01340329647064208984375" lon="9.3164853751659393310546875">
        <ele>1637.4000244140625</ele>
        <time>2026-09-18T07:54:35.000Z</time>
      </trkpt>
      <trkpt lat="40.0133504904806613922119140625" lon="9.31657514534890651702880859375">
        <ele>1638</ele>
        <time>2026-09-18T07:54:43.000Z</time>
      </trkpt>
      <trkpt lat="40.01335158012807369232177734375" lon="9.3165886402130126953125">
        <ele>1637.800048828125</ele>
        <time>2026-09-18T07:54:44.000Z</time>
      </trkpt>
      <trkpt lat="40.01329625956714153289794921875" lon="9.31670925579965114593505859375">
        <ele>1637.800048828125</ele>
        <time>2026-09-18T07:54:53.000Z</time>
      </trkpt>
      <trkpt lat="40.0132871232926845550537109375" lon="9.3167256005108356475830078125">
        <ele>1637.800048828125</ele>
        <time>2026-09-18T07:54:54.000Z</time>
      </trkpt>
      <trkpt lat="40.01327899284660816192626953125" lon="9.31674278341233730316162109375">
        <ele>1638</ele>
        <time>2026-09-18T07:54:55.000Z</time>
      </trkpt>
      <trkpt lat="40.0132356584072113037109375" lon="9.31687018834054470062255859375">
        <ele>1638.199951171875</ele>
        <time>2026-09-18T07:55:02.000Z</time>
      </trkpt>
      <trkpt lat="40.01322316937148571014404296875" lon="9.31689030490815639495849609375">
        <ele>1638.5999755859375</ele>
        <time>2026-09-18T07:55:04.000Z</time>
      </trkpt>
      <trkpt lat="40.01321042887866497039794921875" lon="9.31693322025239467620849609375">
        <ele>1638.4000244140625</ele>
        <time>2026-09-18T07:55:08.000Z</time>
      </trkpt>
      <trkpt lat="40.0132019631564617156982421875" lon="9.316986612975597381591796875">
        <ele>1638</ele>
        <time>2026-09-18T07:55:12.000Z</time>
      </trkpt>
      <trkpt lat="40.0131493248045444488525390625" lon="9.31709222495555877685546875">
        <ele>1638.5999755859375</ele>
        <time>2026-09-18T07:55:20.000Z</time>
      </trkpt>
      <trkpt lat="40.0131404399871826171875" lon="9.3171004392206668853759765625">
        <ele>1638.800048828125</ele>
        <time>2026-09-18T07:55:21.000Z</time>
      </trkpt>
      <trkpt lat="40.01312409527599811553955078125" lon="9.31711996905505657196044921875">
        <ele>1639</ele>
        <time>2026-09-18T07:55:23.000Z</time>
      </trkpt>
      <trkpt lat="40.01300507225096225738525390625" lon="9.31725491769611835479736328125">
        <ele>1640.5999755859375</ele>
        <time>2026-09-18T07:55:34.000Z</time>
      </trkpt>
      <trkpt lat="40.0129619054496288299560546875" lon="9.3173329532146453857421875">
        <ele>1641.5999755859375</ele>
        <time>2026-09-18T07:55:38.000Z</time>
      </trkpt>
      <trkpt lat="40.012916810810565948486328125" lon="9.3174266628921031951904296875">
        <ele>1642.4000244140625</ele>
        <time>2026-09-18T07:55:43.000Z</time>
      </trkpt>
      <trkpt lat="40.0128857977688312530517578125" lon="9.3174938857555389404296875">
        <ele>1642.5999755859375</ele>
        <time>2026-09-18T07:55:47.000Z</time>
      </trkpt>
      <trkpt lat="40.0128529407083988189697265625" lon="9.31755918078124523162841796875">
        <ele>1642.800048828125</ele>
        <time>2026-09-18T07:55:51.000Z</time>
      </trkpt>
      <trkpt lat="40.01284548081457614898681640625" lon="9.31757510639727115631103515625">
        <ele>1642.800048828125</ele>
        <time>2026-09-18T07:55:52.000Z</time>
      </trkpt>
      <trkpt lat="40.01283667981624603271484375" lon="9.317607879638671875">
        <ele>1642.800048828125</ele>
        <time>2026-09-18T07:55:54.000Z</time>
      </trkpt>
      <trkpt lat="40.01282854937016963958740234375" lon="9.3176398985087871551513671875">
        <ele>1642.5999755859375</ele>
        <time>2026-09-18T07:55:56.000Z</time>
      </trkpt>
      <trkpt lat="40.01282469369471073150634765625" lon="9.31769580580294132232666015625">
        <ele>1642.199951171875</ele>
        <time>2026-09-18T07:56:00.000Z</time>
      </trkpt>
      <trkpt lat="40.01282192766666412353515625" lon="9.3178452551364898681640625">
        <ele>1640.199951171875</ele>
        <time>2026-09-18T07:56:08.000Z</time>
      </trkpt>
      <trkpt lat="40.0128261186182498931884765625" lon="9.3178863264620304107666015625">
        <ele>1639.4000244140625</ele>
        <time>2026-09-18T07:56:10.000Z</time>
      </trkpt>
      <trkpt lat="40.01278982497751712799072265625" lon="9.3180063553154468536376953125">
        <ele>1640</ele>
        <time>2026-09-18T07:56:18.000Z</time>
      </trkpt>
      <trkpt lat="40.01274456270039081573486328125" lon="9.3181027472019195556640625">
        <ele>1640.4000244140625</ele>
        <time>2026-09-18T07:56:26.000Z</time>
      </trkpt>
      <trkpt lat="40.01267566345632076263427734375" lon="9.3182531185448169708251953125">
        <ele>1641</ele>
        <time>2026-09-18T07:56:35.000Z</time>
      </trkpt>
      <trkpt lat="40.01269946806132793426513671875" lon="9.318367280066013336181640625">
        <ele>1638.199951171875</ele>
        <time>2026-09-18T07:56:43.000Z</time>
      </trkpt>
      <trkpt lat="40.01263392157852649688720703125" lon="9.31847834028303623199462890625">
        <ele>1640.199951171875</ele>
        <time>2026-09-18T07:56:52.000Z</time>
      </trkpt>
      <trkpt lat="40.01255370676517486572265625" lon="9.31855411268770694732666015625">
        <ele>1643</ele>
        <time>2026-09-18T07:57:01.000Z</time>
      </trkpt>
      <trkpt lat="40.01248153857886791229248046875" lon="9.3186527676880359649658203125">
        <ele>1643.5999755859375</ele>
        <time>2026-09-18T07:57:10.000Z</time>
      </trkpt>
      <trkpt lat="40.01237207092344760894775390625" lon="9.31872610934078693389892578125">
        <ele>1646</ele>
        <time>2026-09-18T07:57:19.000Z</time>
      </trkpt>
      <trkpt lat="40.012248270213603973388671875" lon="9.31883943267166614532470703125">
        <ele>1647.5999755859375</ele>
        <time>2026-09-18T07:57:29.000Z</time>
      </trkpt>
      <trkpt lat="40.01217090524733066558837890625" lon="9.3189441226422786712646484375">
        <ele>1647.5999755859375</ele>
        <time>2026-09-18T07:57:36.000Z</time>
      </trkpt>
      <trkpt lat="40.01209496520459651947021484375" lon="9.31901562027633190155029296875">
        <ele>1648.5999755859375</ele>
        <time>2026-09-18T07:57:42.000Z</time>
      </trkpt>
      <trkpt lat="40.01202321611344814300537109375" lon="9.31907110847532749176025390625">
        <ele>1650</ele>
        <time>2026-09-18T07:57:48.000Z</time>
      </trkpt>
      <trkpt lat="40.01195012591779232025146484375" lon="9.31910061277449131011962890625">
        <ele>1652</ele>
        <time>2026-09-18T07:57:55.000Z</time>
      </trkpt>
      <trkpt lat="40.011931098997592926025390625" lon="9.31912190280854701995849609375">
        <ele>1652</ele>
        <time>2026-09-18T07:57:57.000Z</time>
      </trkpt>
      <trkpt lat="40.01188374124467372894287109375" lon="9.31916783563792705535888671875">
        <ele>1652.800048828125</ele>
        <time>2026-09-18T07:58:02.000Z</time>
      </trkpt>
      <trkpt lat="40.011854656040668487548828125" lon="9.31921745650470256805419921875">
        <ele>1653</ele>
        <time>2026-09-18T07:58:06.000Z</time>
      </trkpt>
      <trkpt lat="40.0118464417755603790283203125" lon="9.319236315786838531494140625">
        <ele>1653</ele>
        <time>2026-09-18T07:58:07.000Z</time>
      </trkpt>
      <trkpt lat="40.01176488585770130157470703125" lon="9.31938375346362590789794921875">
        <ele>1653.800048828125</ele>
        <time>2026-09-18T07:58:18.000Z</time>
      </trkpt>
      <trkpt lat="40.0117361359298229217529296875" lon="9.319423399865627288818359375">
        <ele>1654.4000244140625</ele>
        <time>2026-09-18T07:58:21.000Z</time>
      </trkpt>
      <trkpt lat="40.01171526499092578887939453125" lon="9.31944494135677814483642578125">
        <ele>1655</ele>
        <time>2026-09-18T07:58:24.000Z</time>
      </trkpt>
      <trkpt lat="40.01166497357189655303955078125" lon="9.31960009038448333740234375">
        <ele>1655.4000244140625</ele>
        <time>2026-09-18T07:58:33.000Z</time>
      </trkpt>
      <trkpt lat="40.0116385705769062042236328125" lon="9.31974367238581180572509765625">
        <ele>1655</ele>
        <time>2026-09-18T07:58:41.000Z</time>
      </trkpt>
      <trkpt lat="40.01162490807473659515380859375" lon="9.31982816196978092193603515625">
        <ele>1655</ele>
        <time>2026-09-18T07:58:48.000Z</time>
      </trkpt>
      <trkpt lat="40.01160479150712490081787109375" lon="9.31995414197444915771484375">
        <ele>1655.4000244140625</ele>
        <time>2026-09-18T07:58:56.000Z</time>
      </trkpt>
      <trkpt lat="40.0116026960313320159912109375" lon="9.32003217749297618865966796875">
        <ele>1655</ele>
        <time>2026-09-18T07:59:02.000Z</time>
      </trkpt>
      <trkpt lat="40.01160085201263427734375" lon="9.32009202428162097930908203125">
        <ele>1655.5999755859375</ele>
        <time>2026-09-18T07:59:06.000Z</time>
      </trkpt>
      <trkpt lat="40.01160311512649059295654296875" lon="9.32014550082385540008544921875">
        <ele>1655.800048828125</ele>
        <time>2026-09-18T07:59:09.000Z</time>
      </trkpt>
      <trkpt lat="40.011613257229328155517578125" lon="9.320232756435871124267578125">
        <ele>1655.800048828125</ele>
        <time>2026-09-18T07:59:14.000Z</time>
      </trkpt>
      <trkpt lat="40.01163111068308353424072265625" lon="9.32029805146157741546630859375">
        <ele>1655.199951171875</ele>
        <time>2026-09-18T07:59:19.000Z</time>
      </trkpt>
      <trkpt lat="40.01162960194051265716552734375" lon="9.320320598781108856201171875">
        <ele>1655.4000244140625</ele>
        <time>2026-09-18T07:59:21.000Z</time>
      </trkpt>
      <trkpt lat="40.01159892417490482330322265625" lon="9.320440627634525299072265625">
        <ele>1657.800048828125</ele>
        <time>2026-09-18T07:59:29.000Z</time>
      </trkpt>
      <trkpt lat="40.01158542931079864501953125" lon="9.3205075152218341827392578125">
        <ele>1659</ele>
        <time>2026-09-18T07:59:34.000Z</time>
      </trkpt>
      <trkpt lat="40.0115819089114665985107421875" lon="9.320537857711315155029296875">
        <ele>1659.800048828125</ele>
        <time>2026-09-18T07:59:36.000Z</time>
      </trkpt>
      <trkpt lat="40.011584758758544921875" lon="9.3206121213734149932861328125">
        <ele>1661</ele>
        <time>2026-09-18T07:59:40.000Z</time>
      </trkpt>
      <trkpt lat="40.01157143153250217437744140625" lon="9.320704154670238494873046875">
        <ele>1663.4000244140625</ele>
        <time>2026-09-18T07:59:45.000Z</time>
      </trkpt>
      <trkpt lat="40.011526755988597869873046875" lon="9.320832230150699615478515625">
        <ele>1667.5999755859375</ele>
        <time>2026-09-18T07:59:55.000Z</time>
      </trkpt>
      <trkpt lat="40.01149314455687999725341796875" lon="9.32096390984952449798583984375">
        <ele>1670</ele>
        <time>2026-09-18T08:00:04.000Z</time>
      </trkpt>
      <trkpt lat="40.01145936548709869384765625" lon="9.32107262313365936279296875">
        <ele>1672.199951171875</ele>
        <time>2026-09-18T08:00:11.000Z</time>
      </trkpt>
      <trkpt lat="40.01142441295087337493896484375" lon="9.32114412076771259307861328125">
        <ele>1674</ele>
        <time>2026-09-18T08:00:18.000Z</time>
      </trkpt>
      <trkpt lat="40.0114011950790882110595703125" lon="9.3213031254708766937255859375">
        <ele>1674.800048828125</ele>
        <time>2026-09-18T08:00:27.000Z</time>
      </trkpt>
      <trkpt lat="40.01137848012149333953857421875" lon="9.32143832556903362274169921875">
        <ele>1675.800048828125</ele>
        <time>2026-09-18T08:00:34.000Z</time>
      </trkpt>
      <trkpt lat="40.0113160349428653717041015625" lon="9.32157419621944427490234375">
        <ele>1676.199951171875</ele>
        <time>2026-09-18T08:00:44.000Z</time>
      </trkpt>
      <trkpt lat="40.01125627197325229644775390625" lon="9.3216400779783725738525390625">
        <ele>1676.800048828125</ele>
        <time>2026-09-18T08:00:51.000Z</time>
      </trkpt>
      <trkpt lat="40.0112449564039707183837890625" lon="9.32164468802511692047119140625">
        <ele>1677</ele>
        <time>2026-09-18T08:00:52.000Z</time>
      </trkpt>
      <trkpt lat="40.0111836008727550506591796875" lon="9.32167368941009044647216796875">
        <ele>1677.5999755859375</ele>
        <time>2026-09-18T08:00:57.000Z</time>
      </trkpt>
      <trkpt lat="40.0110984407365322113037109375" lon="9.32170000858604907989501953125">
        <ele>1678.5999755859375</ele>
        <time>2026-09-18T08:01:03.000Z</time>
      </trkpt>
      <trkpt lat="40.01108528114855289459228515625" lon="9.32170621119439601898193359375">
        <ele>1678.800048828125</ele>
        <time>2026-09-18T08:01:04.000Z</time>
      </trkpt>
      <trkpt lat="40.01105435192584991455078125" lon="9.32171207852661609649658203125">
        <ele>1679</ele>
        <time>2026-09-18T08:01:07.000Z</time>
      </trkpt>
      <trkpt lat="40.011025853455066680908203125" lon="9.32173772715032100677490234375">
        <ele>1678.5999755859375</ele>
        <time>2026-09-18T08:01:10.000Z</time>
      </trkpt>
      <trkpt lat="40.0110139511525630950927734375" lon="9.3217477016150951385498046875">
        <ele>1678.5999755859375</ele>
        <time>2026-09-18T08:01:11.000Z</time>
      </trkpt>
      <trkpt lat="40.01096709631383419036865234375" lon="9.3217651359736919403076171875">
        <ele>1678.4000244140625</ele>
        <time>2026-09-18T08:01:14.000Z</time>
      </trkpt>
      <trkpt lat="40.01092988066375255584716796875" lon="9.32177494280040264129638671875">
        <ele>1678.5999755859375</ele>
        <time>2026-09-18T08:01:17.000Z</time>
      </trkpt>
      <trkpt lat="40.010867603123188018798828125" lon="9.32180729694664478302001953125">
        <ele>1678.800048828125</ele>
        <time>2026-09-18T08:01:21.000Z</time>
      </trkpt>
      <trkpt lat="40.0107842870056629180908203125" lon="9.321881644427776336669921875">
        <ele>1678.4000244140625</ele>
        <time>2026-09-18T08:01:29.000Z</time>
      </trkpt>
      <trkpt lat="40.01077649183571338653564453125" lon="9.32188558392226696014404296875">
        <ele>1678.4000244140625</ele>
        <time>2026-09-18T08:01:30.000Z</time>
      </trkpt>
      <trkpt lat="40.01074849627912044525146484375" lon="9.32192162610590457916259765625">
        <ele>1678</ele>
        <time>2026-09-18T08:01:34.000Z</time>
      </trkpt>
      <trkpt lat="40.0107319839298725128173828125" lon="9.3219582550227642059326171875">
        <ele>1677.5999755859375</ele>
        <time>2026-09-18T08:01:37.000Z</time>
      </trkpt>
      <trkpt lat="40.01069803722202777862548828125" lon="9.3219961412250995635986328125">
        <ele>1676.800048828125</ele>
        <time>2026-09-18T08:01:41.000Z</time>
      </trkpt>
      <trkpt lat="40.0106833688914775848388671875" lon="9.3220092169940471649169921875">
        <ele>1676.800048828125</ele>
        <time>2026-09-18T08:01:43.000Z</time>
      </trkpt>
      <trkpt lat="40.01059837639331817626953125" lon="9.3221691437065601348876953125">
        <ele>1674.5999755859375</ele>
        <time>2026-09-18T08:01:54.000Z</time>
      </trkpt>
      <trkpt lat="40.01052805222570896148681640625" lon="9.32224583812057971954345703125">
        <ele>1672.800048828125</ele>
        <time>2026-09-18T08:02:01.000Z</time>
      </trkpt>
      <trkpt lat="40.01049217768013477325439453125" lon="9.32227182202041149139404296875">
        <ele>1672.199951171875</ele>
        <time>2026-09-18T08:02:04.000Z</time>
      </trkpt>
      <trkpt lat="40.01045395620167255401611328125" lon="9.3222965486347675323486328125">
        <ele>1671</ele>
        <time>2026-09-18T08:02:08.000Z</time>
      </trkpt>
      <trkpt lat="40.010423026978969573974609375" lon="9.3223153240978717803955078125">
        <ele>1670.4000244140625</ele>
        <time>2026-09-18T08:02:11.000Z</time>
      </trkpt>
      <trkpt lat="40.010395534336566925048828125" lon="9.32233451865613460540771484375">
        <ele>1669.5999755859375</ele>
        <time>2026-09-18T08:02:14.000Z</time>
      </trkpt>
      <trkpt lat="40.01035069115459918975830078125" lon="9.32234021835029125213623046875">
        <ele>1669.5999755859375</ele>
        <time>2026-09-18T08:02:18.000Z</time>
      </trkpt>
      <trkpt lat="40.01026418991386890411376953125" lon="9.3223287351429462432861328125">
        <ele>1670.800048828125</ele>
        <time>2026-09-18T08:02:24.000Z</time>
      </trkpt>
      <trkpt lat="40.01019344665110111236572265625" lon="9.32232714258134365081787109375">
        <ele>1671</ele>
        <time>2026-09-18T08:02:29.000Z</time>
      </trkpt>
      <trkpt lat="40.0101549737155437469482421875" lon="9.32230233214795589447021484375">
        <ele>1672.4000244140625</ele>
        <time>2026-09-18T08:02:33.000Z</time>
      </trkpt>
      <trkpt lat="40.01013326458632946014404296875" lon="9.32228640653192996978759765625">
        <ele>1673.199951171875</ele>
        <time>2026-09-18T08:02:35.000Z</time>
      </trkpt>
      <trkpt lat="40.01006788574159145355224609375" lon="9.3222543038427829742431640625">
        <ele>1674.800048828125</ele>
        <time>2026-09-18T08:02:41.000Z</time>
      </trkpt>
      <trkpt lat="40.0099846534430980682373046875" lon="9.32219806127250194549560546875">
        <ele>1677.800048828125</ele>
        <time>2026-09-18T08:02:50.000Z</time>
      </trkpt>
      <trkpt lat="40.00995221547782421112060546875" lon="9.32218599133193492889404296875">
        <ele>1678.4000244140625</ele>
        <time>2026-09-18T08:02:53.000Z</time>
      </trkpt>
      <trkpt lat="40.0099353678524494171142578125" lon="9.32215564884245395660400390625">
        <ele>1679.4000244140625</ele>
        <time>2026-09-18T08:02:56.000Z</time>
      </trkpt>
      <trkpt lat="40.00992807559669017791748046875" lon="9.32214441709220409393310546875">
        <ele>1679.5999755859375</ele>
        <time>2026-09-18T08:02:57.000Z</time>
      </trkpt>
      <trkpt lat="40.00991147942841053009033203125" lon="9.32212966494262218475341796875">
        <ele>1680</ele>
        <time>2026-09-18T08:02:59.000Z</time>
      </trkpt>
      <trkpt lat="40.00990712083876132965087890625" lon="9.32212539017200469970703125">
        <ele>1680</ele>
        <time>2026-09-18T08:03:05.000Z</time>
      </trkpt>
      <trkpt lat="40.0098421610891819000244140625" lon="9.3220772780478000640869140625">
        <ele>1681</ele>
        <time>2026-09-18T08:03:37.000Z</time>
      </trkpt>
      <trkpt lat="40.00980938784778118133544921875" lon="9.322055988013744354248046875">
        <ele>1681.199951171875</ele>
        <time>2026-09-18T08:03:39.000Z</time>
      </trkpt>
      <trkpt lat="40.00979212112724781036376953125" lon="9.32204467244446277618408203125">
        <ele>1681.199951171875</ele>
        <time>2026-09-18T08:03:40.000Z</time>
      </trkpt>
      <trkpt lat="40.00974367372691631317138671875" lon="9.32199354283511638641357421875">
        <ele>1682</ele>
        <time>2026-09-18T08:03:44.000Z</time>
      </trkpt>
      <trkpt lat="40.0096956454217433929443359375" lon="9.32198281399905681610107421875">
        <ele>1681.800048828125</ele>
        <time>2026-09-18T08:03:48.000Z</time>
      </trkpt>
      <trkpt lat="40.00965633429586887359619140625" lon="9.32196311652660369873046875">
        <ele>1682</ele>
        <time>2026-09-18T08:03:52.000Z</time>
      </trkpt>
      <trkpt lat="40.00964795239269733428955078125" lon="9.32195372879505157470703125">
        <ele>1682.199951171875</ele>
        <time>2026-09-18T08:03:53.000Z</time>
      </trkpt>
      <trkpt lat="40.00964057631790637969970703125" lon="9.32194325141608715057373046875">
        <ele>1682.4000244140625</ele>
        <time>2026-09-18T08:03:54.000Z</time>
      </trkpt>
      <trkpt lat="40.0096014328300952911376953125" lon="9.321893714368343353271484375">
        <ele>1683.199951171875</ele>
        <time>2026-09-18T08:03:59.000Z</time>
      </trkpt>
      <trkpt lat="40.00958542339503765106201171875" lon="9.321884997189044952392578125">
        <ele>1683.4000244140625</ele>
        <time>2026-09-18T08:04:01.000Z</time>
      </trkpt>
      <trkpt lat="40.0095638819038867950439453125" lon="9.32187192142009735107421875">
        <ele>1683.800048828125</ele>
        <time>2026-09-18T08:04:05.000Z</time>
      </trkpt>
      <trkpt lat="40.0095637142658233642578125" lon="9.32187217287719249725341796875">
        <ele>1683.800048828125</ele>
        <time>2026-09-18T08:04:08.000Z</time>
      </trkpt>
      <trkpt lat="40.00956715084612369537353515625" lon="9.32187460362911224365234375">
        <ele>1683.800048828125</ele>
        <time>2026-09-18T08:04:15.000Z</time>
      </trkpt>
      <trkpt lat="40.00956715084612369537353515625" lon="9.32187460362911224365234375">
        <ele>1683.800048828125</ele>
        <time>2026-09-18T08:04:21.000Z</time>
      </trkpt>
      <trkpt lat="40.0095679052174091339111328125" lon="9.32187334634363651275634765625">
        <ele>1683.800048828125</ele>
        <time>2026-09-18T08:04:38.000Z</time>
      </trkpt>
      <trkpt lat="40.00956798903644084930419921875" lon="9.32187326252460479736328125">
        <ele>1683.800048828125</ele>
        <time>2026-09-18T08:04:40.000Z</time>
      </trkpt>
      <trkpt lat="40.00956832431256771087646484375" lon="9.3218727596104145050048828125">
        <ele>1683.800048828125</ele>
        <time>2026-09-18T08:04:43.000Z</time>
      </trkpt>
      <trkpt lat="40.00956840813159942626953125" lon="9.32187250815331935882568359375">
        <ele>1683.800048828125</ele>
        <time>2026-09-18T08:04:45.000Z</time>
      </trkpt>
      <trkpt lat="40.00956899486482143402099609375" lon="9.32187049649655818939208984375">
        <ele>1684</ele>
        <time>2026-09-18T08:04:50.000Z</time>
      </trkpt>
      <trkpt lat="40.009568072855472564697265625" lon="9.3218673951923847198486328125">
        <ele>1684.199951171875</ele>
        <time>2026-09-18T08:05:14.000Z</time>
      </trkpt>
      <trkpt lat="40.00955860130488872528076171875" lon="9.32187192142009735107421875">
        <ele>1683.800048828125</ele>
        <time>2026-09-18T08:06:46.000Z</time>
      </trkpt>
      <trkpt lat="40.0095156021416187286376953125" lon="9.32187368161976337432861328125">
        <ele>1683</ele>
        <time>2026-09-18T08:07:03.000Z</time>
      </trkpt>
      <trkpt lat="40.0094331242144107818603515625" lon="9.32184216566383838653564453125">
        <ele>1683.4000244140625</ele>
        <time>2026-09-18T08:07:08.000Z</time>
      </trkpt>
      <trkpt lat="40.00941074453294277191162109375" lon="9.32181500829756259918212890625">
        <ele>1684.5999755859375</ele>
        <time>2026-09-18T08:07:10.000Z</time>
      </trkpt>
      <trkpt lat="40.009389705955982208251953125" lon="9.32181425392627716064453125">
        <ele>1684.199951171875</ele>
        <time>2026-09-18T08:07:12.000Z</time>
      </trkpt>
      <trkpt lat="40.0093291886150836944580078125" lon="9.32182037271559238433837890625">
        <ele>1683</ele>
        <time>2026-09-18T08:07:16.000Z</time>
      </trkpt>
      <trkpt lat="40.00927445478737354278564453125" lon="9.32179237715899944305419921875">
        <ele>1683.4000244140625</ele>
        <time>2026-09-18T08:07:22.000Z</time>
      </trkpt>
      <trkpt lat="40.0092713534832000732421875" lon="9.321783073246479034423828125">
        <ele>1683.800048828125</ele>
        <time>2026-09-18T08:07:23.000Z</time>
      </trkpt>
      <trkpt lat="40.00920538790524005889892578125" lon="9.3217386491596698760986328125">
        <ele>1684.5999755859375</ele>
        <time>2026-09-18T08:07:30.000Z</time>
      </trkpt>
      <trkpt lat="40.0091813318431377410888671875" lon="9.3217366375029087066650390625">
        <ele>1684.199951171875</ele>
        <time>2026-09-18T08:07:32.000Z</time>
      </trkpt>
      <trkpt lat="40.009144283831119537353515625" lon="9.32172951288521289825439453125">
        <ele>1683.800048828125</ele>
        <time>2026-09-18T08:07:35.000Z</time>
      </trkpt>
      <trkpt lat="40.00913120806217193603515625" lon="9.32172481901943683624267578125">
        <ele>1683.800048828125</ele>
        <time>2026-09-18T08:07:37.000Z</time>
      </trkpt>
      <trkpt lat="40.0091296993196010589599609375" lon="9.32172297500073909759521484375">
        <ele>1683.800048828125</ele>
        <time>2026-09-18T08:07:38.000Z</time>
      </trkpt>
      <trkpt lat="40.009130202233791351318359375" lon="9.32172314263880252838134765625">
        <ele>1683.800048828125</ele>
        <time>2026-09-18T08:07:41.000Z</time>
      </trkpt>
      <trkpt lat="40.00913430936634540557861328125" lon="9.32171895168721675872802734375">
        <ele>1684.199951171875</ele>
        <time>2026-09-18T08:07:51.000Z</time>
      </trkpt>
      <trkpt lat="40.0091343931853771209716796875" lon="9.32171928696334362030029296875">
        <ele>1684</ele>
        <time>2026-09-18T08:08:04.000Z</time>
      </trkpt>
      <trkpt lat="40.00913531519472599029541015625" lon="9.32171928696334362030029296875">
        <ele>1684.199951171875</ele>
        <time>2026-09-18T08:08:07.000Z</time>
      </trkpt>
      <trkpt lat="40.0091353990137577056884765625" lon="9.32171928696334362030029296875">
        <ele>1684.199951171875</ele>
        <time>2026-09-18T08:08:09.000Z</time>
      </trkpt>
      <trkpt lat="40.00913196243345737457275390625" lon="9.3217175267636775970458984375">
        <ele>1684.199951171875</ele>
        <time>2026-09-18T08:08:14.000Z</time>
      </trkpt>
      <trkpt lat="40.00908385030925273895263671875" lon="9.32169347070157527923583984375">
        <ele>1684.4000244140625</ele>
        <time>2026-09-18T08:08:17.000Z</time>
      </trkpt>
      <trkpt lat="40.0089684315025806427001953125" lon="9.32163965888321399688720703125">
        <ele>1684.5999755859375</ele>
        <time>2026-09-18T08:08:26.000Z</time>
      </trkpt>
      <trkpt lat="40.00894638709723949432373046875" lon="9.321628846228122711181640625">
        <ele>1684.5999755859375</ele>
        <time>2026-09-18T08:08:28.000Z</time>
      </trkpt>
      <trkpt lat="40.00884748063981533050537109375" lon="9.3216028623282909393310546875">
        <ele>1683.800048828125</ele>
        <time>2026-09-18T08:08:37.000Z</time>
      </trkpt>
      <trkpt lat="40.00883993692696094512939453125" lon="9.321601688861846923828125">
        <ele>1683.5999755859375</ele>
        <time>2026-09-18T08:08:38.000Z</time>
      </trkpt>
      <trkpt lat="40.00873398967087268829345703125" lon="9.3216239847242832183837890625">
        <ele>1680.5999755859375</ele>
        <time>2026-09-18T08:08:48.000Z</time>
      </trkpt>
      <trkpt lat="40.00871404074132442474365234375" lon="9.3216273374855518341064453125">
        <ele>1680.4000244140625</ele>
        <time>2026-09-18T08:08:50.000Z</time>
      </trkpt>
      <trkpt lat="40.00865771435201168060302734375" lon="9.32160831056535243988037109375">
        <ele>1680.5999755859375</ele>
        <time>2026-09-18T08:08:55.000Z</time>
      </trkpt>
      <trkpt lat="40.0086428783833980560302734375" lon="9.32160629890859127044677734375">
        <ele>1680.5999755859375</ele>
        <time>2026-09-18T08:08:56.000Z</time>
      </trkpt>
      <trkpt lat="40.00855109654366970062255859375" lon="9.3215985037386417388916015625">
        <ele>1680.199951171875</ele>
        <time>2026-09-18T08:09:04.000Z</time>
      </trkpt>
      <trkpt lat="40.00840961001813411712646484375" lon="9.3215850926935672760009765625">
        <ele>1679.4000244140625</ele>
        <time>2026-09-18T08:09:15.000Z</time>
      </trkpt>
      <trkpt lat="40.00832076184451580047607421875" lon="9.32158634997904300689697265625">
        <ele>1678.4000244140625</ele>
        <time>2026-09-18T08:09:24.000Z</time>
      </trkpt>
      <trkpt lat="40.00827499665319919586181640625" lon="9.3215686641633510589599609375">
        <ele>1678.4000244140625</ele>
        <time>2026-09-18T08:09:29.000Z</time>
      </trkpt>
      <trkpt lat="40.0082425586879253387451171875" lon="9.32156539522111415863037109375">
        <ele>1678.199951171875</ele>
        <time>2026-09-18T08:09:33.000Z</time>
      </trkpt>
      <trkpt lat="40.008223950862884521484375" lon="9.3215579353272914886474609375">
        <ele>1678.199951171875</ele>
        <time>2026-09-18T08:09:41.000Z</time>
      </trkpt>
      <trkpt lat="40.008223950862884521484375" lon="9.321558438241481781005859375">
        <ele>1678.199951171875</ele>
        <time>2026-09-18T08:09:45.000Z</time>
      </trkpt>
      <trkpt lat="40.00822369940578937530517578125" lon="9.321558438241481781005859375">
        <ele>1678.199951171875</ele>
        <time>2026-09-18T08:10:00.000Z</time>
      </trkpt>
      <trkpt lat="40.00821833498775959014892578125" lon="9.3215582706034183502197265625">
        <ele>1678.199951171875</ele>
        <time>2026-09-18T08:10:02.000Z</time>
      </trkpt>
      <trkpt lat="40.00820794142782688140869140625" lon="9.3215579353272914886474609375">
        <ele>1678</ele>
        <time>2026-09-18T08:10:07.000Z</time>
      </trkpt>
      <trkpt lat="40.00820576213300228118896484375" lon="9.32155751623213291168212890625">
        <ele>1678</ele>
        <time>2026-09-18T08:10:23.000Z</time>
      </trkpt>
      <trkpt lat="40.00817508436739444732666015625" lon="9.32155449874699115753173828125">
        <ele>1678</ele>
        <time>2026-09-18T08:10:43.000Z</time>
      </trkpt>
      <trkpt lat="40.0081751681864261627197265625" lon="9.32155416347086429595947265625">
        <ele>1678</ele>
        <time>2026-09-18T08:11:04.000Z</time>
      </trkpt>
      <trkpt lat="40.00817508436739444732666015625" lon="9.321553409099578857421875">
        <ele>1678</ele>
        <time>2026-09-18T08:11:10.000Z</time>
      </trkpt>
      <trkpt lat="40.00812806189060211181640625" lon="9.32155198417603969573974609375">
        <ele>1678</ele>
        <time>2026-09-18T08:11:23.000Z</time>
      </trkpt>
      <trkpt lat="40.0080548040568828582763671875" lon="9.32153874076902866363525390625">
        <ele>1677.800048828125</ele>
        <time>2026-09-18T08:11:28.000Z</time>
      </trkpt>
      <trkpt lat="40.0080135650932788848876953125" lon="9.321528263390064239501953125">
        <ele>1677.800048828125</ele>
        <time>2026-09-18T08:11:31.000Z</time>
      </trkpt>
      <trkpt lat="40.00790334306657314300537109375" lon="9.32152030058205127716064453125">
        <ele>1677</ele>
        <time>2026-09-18T08:11:39.000Z</time>
      </trkpt>
      <trkpt lat="40.00789068639278411865234375" lon="9.32151778601109981536865234375">
        <ele>1676.800048828125</ele>
        <time>2026-09-18T08:11:40.000Z</time>
      </trkpt>
      <trkpt lat="40.00786344520747661590576171875" lon="9.3215024471282958984375">
        <ele>1677.199951171875</ele>
        <time>2026-09-18T08:11:43.000Z</time>
      </trkpt>
      <trkpt lat="40.00783729366958141326904296875" lon="9.3214888684451580047607421875">
        <ele>1677.4000244140625</ele>
        <time>2026-09-18T08:11:46.000Z</time>
      </trkpt>
      <trkpt lat="40.00782539136707782745361328125" lon="9.32148308493196964263916015625">
        <ele>1677.4000244140625</ele>
        <time>2026-09-18T08:11:47.000Z</time>
      </trkpt>
      <trkpt lat="40.00776906497776508331298828125" lon="9.32144972495734691619873046875">
        <ele>1678</ele>
        <time>2026-09-18T08:11:55.000Z</time>
      </trkpt>
      <trkpt lat="40.00777007080614566802978515625" lon="9.3214503116905689239501953125">
        <ele>1678</ele>
        <time>2026-09-18T08:12:03.000Z</time>
      </trkpt>
      <trkpt lat="40.007709972560405731201171875" lon="9.321429021656513214111328125">
        <ele>1678.199951171875</ele>
        <time>2026-09-18T08:12:09.000Z</time>
      </trkpt>
      <trkpt lat="40.0076249800622463226318359375" lon="9.32140463031828403472900390625">
        <ele>1677.800048828125</ele>
        <time>2026-09-18T08:12:16.000Z</time>
      </trkpt>
      <trkpt lat="40.0075399875640869140625" lon="9.3213601224124431610107421875">
        <ele>1678</ele>
        <time>2026-09-18T08:12:25.000Z</time>
      </trkpt>
      <trkpt lat="40.00752917490899562835693359375" lon="9.32134260423481464385986328125">
        <ele>1678.4000244140625</ele>
        <time>2026-09-18T08:12:31.000Z</time>
      </trkpt>
      <trkpt lat="40.00752900727093219757080078125" lon="9.32134176604449748992919921875">
        <ele>1678.4000244140625</ele>
        <time>2026-09-18T08:12:35.000Z</time>
      </trkpt>
      <trkpt lat="40.00752900727093219757080078125" lon="9.3213420175015926361083984375">
        <ele>1678.4000244140625</ele>
        <time>2026-09-18T08:12:38.000Z</time>
      </trkpt>
      <trkpt lat="40.0075290910899639129638671875" lon="9.321341849863529205322265625">
        <ele>1678.4000244140625</ele>
        <time>2026-09-18T08:12:52.000Z</time>
      </trkpt>
      <trkpt lat="40.00752934254705905914306640625" lon="9.3213413469493389129638671875">
        <ele>1678.4000244140625</ele>
        <time>2026-09-18T08:12:59.000Z</time>
      </trkpt>
      <trkpt lat="40.0075364671647548675537109375" lon="9.32134293951094150543212890625">
        <ele>1678.5999755859375</ele>
        <time>2026-09-18T08:13:20.000Z</time>
      </trkpt>
      <trkpt lat="40.00753655098378658294677734375" lon="9.32134310714900493621826171875">
        <ele>1678.5999755859375</ele>
        <time>2026-09-18T08:13:22.000Z</time>
      </trkpt>
      <trkpt lat="40.00753772445023059844970703125" lon="9.3213440291583538055419921875">
        <ele>1678.5999755859375</ele>
        <time>2026-09-18T08:13:32.000Z</time>
      </trkpt>
      <trkpt lat="40.0075401552021503448486328125" lon="9.3213455379009246826171875">
        <ele>1678.5999755859375</ele>
        <time>2026-09-18T08:13:40.000Z</time>
      </trkpt>
      <trkpt lat="40.007543675601482391357421875" lon="9.3213463760912418365478515625">
        <ele>1678.5999755859375</ele>
        <time>2026-09-18T08:14:02.000Z</time>
      </trkpt>
      <trkpt lat="40.007543675601482391357421875" lon="9.32134729810059070587158203125">
        <ele>1678.5999755859375</ele>
        <time>2026-09-18T08:14:22.000Z</time>
      </trkpt>
      <trkpt lat="40.00748625956475734710693359375" lon="9.3213212303817272186279296875">
        <ele>1678.5999755859375</ele>
        <time>2026-09-18T08:14:42.000Z</time>
      </trkpt>
      <trkpt lat="40.007439069449901580810546875" lon="9.32129382155835628509521484375">
        <ele>1679</ele>
        <time>2026-09-18T08:14:45.000Z</time>
      </trkpt>
      <trkpt lat="40.00739037059247493743896484375" lon="9.3212642334401607513427734375">
        <ele>1679.4000244140625</ele>
        <time>2026-09-18T08:14:48.000Z</time>
      </trkpt>
      <trkpt lat="40.0073306076228618621826171875" lon="9.32120732031762599945068359375">
        <ele>1681</ele>
        <time>2026-09-18T08:14:56.000Z</time>
      </trkpt>
      <trkpt lat="40.00732851214706897735595703125" lon="9.32120748795568943023681640625">
        <ele>1681</ele>
        <time>2026-09-18T08:15:01.000Z</time>
      </trkpt>
      <trkpt lat="40.00733102671802043914794921875" lon="9.32120396755635738372802734375">
        <ele>1681.199951171875</ele>
        <time>2026-09-18T08:15:10.000Z</time>
      </trkpt>
      <trkpt lat="40.00733102671802043914794921875" lon="9.32120396755635738372802734375">
        <ele>1681.199951171875</ele>
        <time>2026-09-18T08:15:13.000Z</time>
      </trkpt>
      <trkpt lat="40.00733102671802043914794921875" lon="9.321203716099262237548828125">
        <ele>1681.199951171875</ele>
        <time>2026-09-18T08:15:24.000Z</time>
      </trkpt>
      <trkpt lat="40.007332451641559600830078125" lon="9.32120212353765964508056640625">
        <ele>1681.4000244140625</ele>
        <time>2026-09-18T08:15:36.000Z</time>
      </trkpt>
      <trkpt lat="40.007344521582126617431640625" lon="9.32118871249258518218994140625">
        <ele>1682.199951171875</ele>
        <time>2026-09-18T08:16:12.000Z</time>
      </trkpt>
      <trkpt lat="40.00729280523955821990966796875" lon="9.32115979492664337158203125">
        <ele>1682.800048828125</ele>
        <time>2026-09-18T08:16:15.000Z</time>
      </trkpt>
      <trkpt lat="40.00715768896043300628662109375" lon="9.32111553847789764404296875">
        <ele>1682.5999755859375</ele>
        <time>2026-09-18T08:16:22.000Z</time>
      </trkpt>
      <trkpt lat="40.00711980275809764862060546875" lon="9.3211217410862445831298828125">
        <ele>1681.800048828125</ele>
        <time>2026-09-18T08:16:24.000Z</time>
      </trkpt>
      <trkpt lat="40.0070509873330593109130859375" lon="9.3211254291236400604248046875">
        <ele>1680.800048828125</ele>
        <time>2026-09-18T08:16:29.000Z</time>
      </trkpt>
      <trkpt lat="40.007010586559772491455078125" lon="9.32110154069960117340087890625">
        <ele>1681.4000244140625</ele>
        <time>2026-09-18T08:16:33.000Z</time>
      </trkpt>
      <trkpt lat="40.00699826516211032867431640625" lon="9.32109399698674678802490234375">
        <ele>1681.5999755859375</ele>
        <time>2026-09-18T08:16:35.000Z</time>
      </trkpt>
      <trkpt lat="40.00695727765560150146484375" lon="9.321081340312957763671875">
        <ele>1681.800048828125</ele>
        <time>2026-09-18T08:16:40.000Z</time>
      </trkpt>
      <trkpt lat="40.0069265998899936676025390625" lon="9.3210838548839092254638671875">
        <ele>1681.4000244140625</ele>
        <time>2026-09-18T08:16:42.000Z</time>
      </trkpt>
      <trkpt lat="40.0068672560155391693115234375" lon="9.32108494453132152557373046875">
        <ele>1680.5999755859375</ele>
        <time>2026-09-18T08:16:47.000Z</time>
      </trkpt>
      <trkpt lat="40.00684973783791065216064453125" lon="9.32109014131128787994384765625">
        <ele>1680.199951171875</ele>
        <time>2026-09-18T08:16:50.000Z</time>
      </trkpt>
      <trkpt lat="40.00685133039951324462890625" lon="9.32109139859676361083984375">
        <ele>1680.199951171875</ele>
        <time>2026-09-18T08:16:58.000Z</time>
      </trkpt>
      <trkpt lat="40.0068518333137035369873046875" lon="9.32109131477773189544677734375">
        <ele>1680.199951171875</ele>
        <time>2026-09-18T08:16:59.000Z</time>
      </trkpt>
      <trkpt lat="40.0068518333137035369873046875" lon="9.321091733872890472412109375">
        <ele>1680.199951171875</ele>
        <time>2026-09-18T08:17:06.000Z</time>
      </trkpt>
      <trkpt lat="40.0068518333137035369873046875" lon="9.321091733872890472412109375">
        <ele>1680.199951171875</ele>
        <time>2026-09-18T08:17:09.000Z</time>
      </trkpt>
      <trkpt lat="40.006834231317043304443359375" lon="9.32109081186354160308837890625">
        <ele>1680</ele>
        <time>2026-09-18T08:17:20.000Z</time>
      </trkpt>
      <trkpt lat="40.0067847780883312225341796875" lon="9.3210853636264801025390625">
        <ele>1680</ele>
        <time>2026-09-18T08:17:23.000Z</time>
      </trkpt>
      <trkpt lat="40.00666449777781963348388671875" lon="9.32106600143015384674072265625">
        <ele>1680.4000244140625</ele>
        <time>2026-09-18T08:17:32.000Z</time>
      </trkpt>
      <trkpt lat="40.00659325160086154937744140625" lon="9.32106901891529560089111328125">
        <ele>1680</ele>
        <time>2026-09-18T08:17:37.000Z</time>
      </trkpt>
      <trkpt lat="40.00650859437882900238037109375" lon="9.321051500737667083740234375">
        <ele>1680.5999755859375</ele>
        <time>2026-09-18T08:17:43.000Z</time>
      </trkpt>
      <trkpt lat="40.00639527104794979095458984375" lon="9.3210325576364994049072265625">
        <ele>1682.4000244140625</ele>
        <time>2026-09-18T08:17:52.000Z</time>
      </trkpt>
      <trkpt lat="40.006353445351123809814453125" lon="9.321028031408786773681640625">
        <ele>1682.800048828125</ele>
        <time>2026-09-18T08:17:55.000Z</time>
      </trkpt>
      <trkpt lat="40.00624858774244785308837890625" lon="9.32098142802715301513671875">
        <ele>1685.5999755859375</ele>
        <time>2026-09-18T08:18:04.000Z</time>
      </trkpt>
      <trkpt lat="40.0061319954693317413330078125" lon="9.32091814465820789337158203125">
        <ele>1685.5999755859375</ele>
        <time>2026-09-18T08:18:13.000Z</time>
      </trkpt>
      <trkpt lat="40.00608530826866626739501953125" lon="9.32088143192231655120849609375">
        <ele>1686.199951171875</ele>
        <time>2026-09-18T08:18:17.000Z</time>
      </trkpt>
      <trkpt lat="40.00605630688369274139404296875" lon="9.3208573758602142333984375">
        <ele>1686.5999755859375</ele>
        <time>2026-09-18T08:18:19.000Z</time>
      </trkpt>
      <trkpt lat="40.00604130327701568603515625" lon="9.320847652852535247802734375">
        <ele>1686.5999755859375</ele>
        <time>2026-09-18T08:18:20.000Z</time>
      </trkpt>
      <trkpt lat="40.00598673708736896514892578125" lon="9.32079509831964969635009765625">
        <ele>1687.800048828125</ele>
        <time>2026-09-18T08:18:25.000Z</time>
      </trkpt>
      <trkpt lat="40.00596863217651844024658203125" lon="9.32076995261013507843017578125">
        <ele>1688.4000244140625</ele>
        <time>2026-09-18T08:18:27.000Z</time>
      </trkpt>
      <trkpt lat="40.00595924444496631622314453125" lon="9.3207572959363460540771484375">
        <ele>1688.5999755859375</ele>
        <time>2026-09-18T08:18:28.000Z</time>
      </trkpt>
      <trkpt lat="40.00594675540924072265625" lon="9.3207455612719058990478515625">
        <ele>1688.5999755859375</ele>
        <time>2026-09-18T08:18:29.000Z</time>
      </trkpt>
      <trkpt lat="40.00587291084229946136474609375" lon="9.32067565619945526123046875">
        <ele>1689.4000244140625</ele>
        <time>2026-09-18T08:18:35.000Z</time>
      </trkpt>
      <trkpt lat="40.005849190056324005126953125" lon="9.32066702283918857574462890625">
        <ele>1689</ele>
        <time>2026-09-18T08:18:37.000Z</time>
      </trkpt>
      <trkpt lat="40.00578288920223712921142578125" lon="9.320668615400791168212890625">
        <ele>1687</ele>
        <time>2026-09-18T08:18:43.000Z</time>
      </trkpt>
      <trkpt lat="40.00567291863262653350830078125" lon="9.3206409551203250885009765625">
        <ele>1685.199951171875</ele>
        <time>2026-09-18T08:18:52.000Z</time>
      </trkpt>
      <trkpt lat="40.00555045902729034423828125" lon="9.32061572559177875518798828125">
        <ele>1684</ele>
        <time>2026-09-18T08:19:01.000Z</time>
      </trkpt>
      <trkpt lat="40.005501843988895416259765625" lon="9.320587813854217529296875">
        <ele>1684.199951171875</ele>
        <time>2026-09-18T08:19:05.000Z</time>
      </trkpt>
      <trkpt lat="40.0054413266479969024658203125" lon="9.32056191377341747283935546875">
        <ele>1684</ele>
        <time>2026-09-18T08:19:09.000Z</time>
      </trkpt>
      <trkpt lat="40.0053756125271320343017578125" lon="9.320529811084270477294921875">
        <ele>1684.4000244140625</ele>
        <time>2026-09-18T08:19:16.000Z</time>
      </trkpt>
      <trkpt lat="40.005363710224628448486328125" lon="9.32052771560847759246826171875">
        <ele>1684.4000244140625</ele>
        <time>2026-09-18T08:19:17.000Z</time>
      </trkpt>
      <trkpt lat="40.00534334219992160797119140625" lon="9.320523776113986968994140625">
        <ele>1684.4000244140625</ele>
        <time>2026-09-18T08:19:19.000Z</time>
      </trkpt>
      <trkpt lat="40.005312748253345489501953125" lon="9.3205162324011325836181640625">
        <ele>1684.4000244140625</ele>
        <time>2026-09-18T08:19:22.000Z</time>
      </trkpt>
      <trkpt lat="40.005233623087406158447265625" lon="9.32047180831432342529296875">
        <ele>1685.5999755859375</ele>
        <time>2026-09-18T08:19:29.000Z</time>
      </trkpt>
      <trkpt lat="40.0052059628069400787353515625" lon="9.32043735869228839874267578125">
        <ele>1687</ele>
        <time>2026-09-18T08:19:32.000Z</time>
      </trkpt>
      <trkpt lat="40.005150474607944488525390625" lon="9.32041791267693042755126953125">
        <ele>1687.199951171875</ele>
        <time>2026-09-18T08:19:36.000Z</time>
      </trkpt>
      <trkpt lat="40.00504611991345882415771484375" lon="9.32038270868360996246337890625">
        <ele>1686.4000244140625</ele>
        <time>2026-09-18T08:19:45.000Z</time>
      </trkpt>
      <trkpt lat="40.00495626591145992279052734375" lon="9.32032487355172634124755859375">
        <ele>1686.800048828125</ele>
        <time>2026-09-18T08:19:53.000Z</time>
      </trkpt>
      <trkpt lat="40.00485752709209918975830078125" lon="9.3202914297580718994140625">
        <ele>1685.5999755859375</ele>
        <time>2026-09-18T08:20:01.000Z</time>
      </trkpt>
      <trkpt lat="40.0047278590500354766845703125" lon="9.32022445835173130035400390625">
        <ele>1684.800048828125</ele>
        <time>2026-09-18T08:20:12.000Z</time>
      </trkpt>
      <trkpt lat="40.00470732338726520538330078125" lon="9.320214651525020599365234375">
        <ele>1684.5999755859375</ele>
        <time>2026-09-18T08:20:14.000Z</time>
      </trkpt>
      <trkpt lat="40.0046490691602230072021484375" lon="9.320183135569095611572265625">
        <ele>1684.4000244140625</ele>
        <time>2026-09-18T08:20:19.000Z</time>
      </trkpt>
      <trkpt lat="40.00460389070212841033935546875" lon="9.3201519548892974853515625">
        <ele>1684.4000244140625</ele>
        <time>2026-09-18T08:20:23.000Z</time>
      </trkpt>
      <trkpt lat="40.00456332229077816009521484375" lon="9.320143572986125946044921875">
        <ele>1683.800048828125</ele>
        <time>2026-09-18T08:20:26.000Z</time>
      </trkpt>
      <trkpt lat="40.0044509209692478179931640625" lon="9.32007945142686367034912109375">
        <ele>1685</ele>
        <time>2026-09-18T08:20:34.000Z</time>
      </trkpt>
      <trkpt lat="40.00443658791482448577880859375" lon="9.3200756795704364776611328125">
        <ele>1685</ele>
        <time>2026-09-18T08:20:35.000Z</time>
      </trkpt>
      <trkpt lat="40.004323683679103851318359375" lon="9.32003804482519626617431640625">
        <ele>1684.4000244140625</ele>
        <time>2026-09-18T08:20:43.000Z</time>
      </trkpt>
      <trkpt lat="40.004237852990627288818359375" lon="9.319990016520023345947265625">
        <ele>1685.199951171875</ele>
        <time>2026-09-18T08:20:50.000Z</time>
      </trkpt>
      <trkpt lat="40.004223771393299102783203125" lon="9.31997987441718578338623046875">
        <ele>1685.4000244140625</ele>
        <time>2026-09-18T08:20:51.000Z</time>
      </trkpt>
      <trkpt lat="40.004152692854404449462890625" lon="9.31991047225892543792724609375">
        <ele>1687.199951171875</ele>
        <time>2026-09-18T08:20:58.000Z</time>
      </trkpt>
      <trkpt lat="40.00405672006309032440185546875" lon="9.31986621581017971038818359375">
        <ele>1687</ele>
        <time>2026-09-18T08:21:06.000Z</time>
      </trkpt>
      <trkpt lat="40.00397600233554840087890625" lon="9.3198094703257083892822265625">
        <ele>1686.5999755859375</ele>
        <time>2026-09-18T08:21:12.000Z</time>
      </trkpt>
      <trkpt lat="40.0039356015622615814208984375" lon="9.3197843246161937713623046875">
        <ele>1686.199951171875</ele>
        <time>2026-09-18T08:21:15.000Z</time>
      </trkpt>
      <trkpt lat="40.003923363983631134033203125" lon="9.31977719999849796295166015625">
        <ele>1686</ele>
        <time>2026-09-18T08:21:16.000Z</time>
      </trkpt>
      <trkpt lat="40.00382043421268463134765625" lon="9.31968851946294307708740234375">
        <ele>1685.800048828125</ele>
        <time>2026-09-18T08:21:25.000Z</time>
      </trkpt>
      <trkpt lat="40.0038103759288787841796875" lon="9.31968055665493011474609375">
        <ele>1685.800048828125</ele>
        <time>2026-09-18T08:21:26.000Z</time>
      </trkpt>
      <trkpt lat="40.0037371180951595306396484375" lon="9.31963655166327953338623046875">
        <ele>1684.4000244140625</ele>
        <time>2026-09-18T08:21:33.000Z</time>
      </trkpt>
      <trkpt lat="40.00368640758097171783447265625" lon="9.3196331150829792022705078125">
        <ele>1682.199951171875</ele>
        <time>2026-09-18T08:21:37.000Z</time>
      </trkpt>
      <trkpt lat="40.003648102283477783203125" lon="9.3196166865527629852294921875">
        <ele>1681</ele>
        <time>2026-09-18T08:21:40.000Z</time>
      </trkpt>
      <trkpt lat="40.00358448363840579986572265625" lon="9.31957486085593700408935546875">
        <ele>1679.199951171875</ele>
        <time>2026-09-18T08:21:45.000Z</time>
      </trkpt>
      <trkpt lat="40.00354550778865814208984375" lon="9.31954954750835895538330078125">
        <ele>1678.199951171875</ele>
        <time>2026-09-18T08:21:48.000Z</time>
      </trkpt>
      <trkpt lat="40.00346504151821136474609375" lon="9.319505207240581512451171875">
        <ele>1676</ele>
        <time>2026-09-18T08:21:55.000Z</time>
      </trkpt>
      <trkpt lat="40.0033847428858280181884765625" lon="9.31946673430502414703369140625">
        <ele>1675</ele>
        <time>2026-09-18T08:22:03.000Z</time>
      </trkpt>
      <trkpt lat="40.00326027162373065948486328125" lon="9.31948031298816204071044921875">
        <ele>1671.5999755859375</ele>
        <time>2026-09-18T08:22:14.000Z</time>
      </trkpt>
      <trkpt lat="40.0031617842614650726318359375" lon="9.3195124156773090362548828125">
        <ele>1669.4000244140625</ele>
        <time>2026-09-18T08:22:22.000Z</time>
      </trkpt>
      <trkpt lat="40.00301711261272430419921875" lon="9.31954183615744113922119140625">
        <ele>1669</ele>
        <time>2026-09-18T08:22:31.000Z</time>
      </trkpt>
      <trkpt lat="40.00295651145279407501220703125" lon="9.319552481174468994140625">
        <ele>1669</ele>
        <time>2026-09-18T08:22:35.000Z</time>
      </trkpt>
      <trkpt lat="40.00287034548819065093994140625" lon="9.31957050226628780364990234375">
        <ele>1668.4000244140625</ele>
        <time>2026-09-18T08:22:41.000Z</time>
      </trkpt>
      <trkpt lat="40.00280027277767658233642578125" lon="9.3196163512766361236572265625">
        <ele>1667.5999755859375</ele>
        <time>2026-09-18T08:22:47.000Z</time>
      </trkpt>
      <trkpt lat="40.0027919746935367584228515625" lon="9.31963286362588405609130859375">
        <ele>1667.4000244140625</ele>
        <time>2026-09-18T08:22:48.000Z</time>
      </trkpt>
      <trkpt lat="40.00276791863143444061279296875" lon="9.3196552433073520660400390625">
        <ele>1667.199951171875</ele>
        <time>2026-09-18T08:22:50.000Z</time>
      </trkpt>
      <trkpt lat="40.002738498151302337646484375" lon="9.31965147145092487335205078125">
        <ele>1667.199951171875</ele>
        <time>2026-09-18T08:22:52.000Z</time>
      </trkpt>
      <trkpt lat="40.00272852368652820587158203125" lon="9.31964543648064136505126953125">
        <ele>1667.199951171875</ele>
        <time>2026-09-18T08:22:53.000Z</time>
      </trkpt>
      <trkpt lat="40.00265241600573062896728515625" lon="9.31964593939483165740966796875">
        <ele>1667.199951171875</ele>
        <time>2026-09-18T08:23:00.000Z</time>
      </trkpt>
      <trkpt lat="40.002614445984363555908203125" lon="9.31963789276778697967529296875">
        <ele>1667</ele>
        <time>2026-09-18T08:23:05.000Z</time>
      </trkpt>
      <trkpt lat="40.00260011292994022369384765625" lon="9.31961878202855587005615234375">
        <ele>1667</ele>
        <time>2026-09-18T08:23:08.000Z</time>
      </trkpt>
      <trkpt lat="40.00253272242844104766845703125" lon="9.31958039291203022003173828125">
        <ele>1666.5999755859375</ele>
        <time>2026-09-18T08:23:15.000Z</time>
      </trkpt>
      <trkpt lat="40.0024627335369586944580078125" lon="9.319564886391162872314453125">
        <ele>1665.800048828125</ele>
        <time>2026-09-18T08:23:20.000Z</time>
      </trkpt>
      <trkpt lat="40.002439431846141815185546875" lon="9.31956027634441852569580078125">
        <ele>1665.5999755859375</ele>
        <time>2026-09-18T08:23:22.000Z</time>
      </trkpt>
      <trkpt lat="40.00241202302277088165283203125" lon="9.31955449283123016357421875">
        <ele>1665.4000244140625</ele>
        <time>2026-09-18T08:23:25.000Z</time>
      </trkpt>
      <trkpt lat="40.00235217623412609100341796875" lon="9.31953881867229938507080078125">
        <ele>1664.800048828125</ele>
        <time>2026-09-18T08:23:30.000Z</time>
      </trkpt>
      <trkpt lat="40.002332814037799835205078125" lon="9.31952255778014659881591796875">
        <ele>1664.4000244140625</ele>
        <time>2026-09-18T08:23:32.000Z</time>
      </trkpt>
      <trkpt lat="40.00232778489589691162109375" lon="9.319504536688327789306640625">
        <ele>1664.4000244140625</ele>
        <time>2026-09-18T08:23:33.000Z</time>
      </trkpt>
      <trkpt lat="40.002291239798069000244140625" lon="9.3194369785487651824951171875">
        <ele>1664.199951171875</ele>
        <time>2026-09-18T08:23:41.000Z</time>
      </trkpt>
      <trkpt lat="40.00227640382945537567138671875" lon="9.31944477371871471405029296875">
        <ele>1663.800048828125</ele>
        <time>2026-09-18T08:23:43.000Z</time>
      </trkpt>
      <trkpt lat="40.00220415182411670684814453125" lon="9.3194170296192169189453125">
        <ele>1662.4000244140625</ele>
        <time>2026-09-18T08:23:49.000Z</time>
      </trkpt>
      <trkpt lat="40.0021795928478240966796875" lon="9.3193772993981838226318359375">
        <ele>1662.199951171875</ele>
        <time>2026-09-18T08:23:53.000Z</time>
      </trkpt>
      <trkpt lat="40.00217213295400142669677734375" lon="9.319377802312374114990234375">
        <ele>1662</ele>
        <time>2026-09-18T08:23:54.000Z</time>
      </trkpt>
      <trkpt lat="40.00213064253330230712890625" lon="9.3193933926522731781005859375">
        <ele>1661</ele>
        <time>2026-09-18T08:23:59.000Z</time>
      </trkpt>
      <trkpt lat="40.002071969211101531982421875" lon="9.3194296024739742279052734375">
        <ele>1659.4000244140625</ele>
        <time>2026-09-18T08:24:05.000Z</time>
      </trkpt>
      <trkpt lat="40.00197364948689937591552734375" lon="9.31943723000586032867431640625">
        <ele>1658</ele>
        <time>2026-09-18T08:24:14.000Z</time>
      </trkpt>
      <trkpt lat="40.0018347613513469696044921875" lon="9.3194527365267276763916015625">
        <ele>1655.800048828125</ele>
        <time>2026-09-18T08:24:24.000Z</time>
      </trkpt>
      <trkpt lat="40.00182730145752429962158203125" lon="9.3194507248699665069580078125">
        <ele>1655.5999755859375</ele>
        <time>2026-09-18T08:24:27.000Z</time>
      </trkpt>
      <trkpt lat="40.00182545743882656097412109375" lon="9.3194497190415859222412109375">
        <ele>1655.5999755859375</ele>
        <time>2026-09-18T08:24:29.000Z</time>
      </trkpt>
      <trkpt lat="40.001822523772716522216796875" lon="9.3194517306983470916748046875">
        <ele>1655.5999755859375</ele>
        <time>2026-09-18T08:24:39.000Z</time>
      </trkpt>
      <trkpt lat="40.00182160176336765289306640625" lon="9.319453574717044830322265625">
        <ele>1655.5999755859375</ele>
        <time>2026-09-18T08:24:41.000Z</time>
      </trkpt>
      <trkpt lat="40.00182160176336765289306640625" lon="9.319453574717044830322265625">
        <ele>1655.5999755859375</ele>
        <time>2026-09-18T08:24:48.000Z</time>
      </trkpt>
      <trkpt lat="40.00178329646587371826171875" lon="9.31946866214275360107421875">
        <ele>1655</ele>
        <time>2026-09-18T08:25:04.000Z</time>
      </trkpt>
      <trkpt lat="40.001743398606777191162109375" lon="9.31947427801787853240966796875">
        <ele>1654.5999755859375</ele>
        <time>2026-09-18T08:25:06.000Z</time>
      </trkpt>
      <trkpt lat="40.0016372837126255035400390625" lon="9.319485761225223541259765625">
        <ele>1653.800048828125</ele>
        <time>2026-09-18T08:25:13.000Z</time>
      </trkpt>
      <trkpt lat="40.00150443054735660552978515625" lon="9.319477714598178863525390625">
        <ele>1654.800048828125</ele>
        <time>2026-09-18T08:25:22.000Z</time>
      </trkpt>
      <trkpt lat="40.00141256488859653472900390625" lon="9.31951233185827732086181640625">
        <ele>1655.5999755859375</ele>
        <time>2026-09-18T08:25:30.000Z</time>
      </trkpt>
      <trkpt lat="40.00137425959110260009765625" lon="9.31953228078782558441162109375">
        <ele>1656.199951171875</ele>
        <time>2026-09-18T08:25:33.000Z</time>
      </trkpt>
      <trkpt lat="40.001332350075244903564453125" lon="9.31954820640385150909423828125">
        <ele>1657</ele>
        <time>2026-09-18T08:25:36.000Z</time>
      </trkpt>
      <trkpt lat="40.0013157539069652557373046875" lon="9.3195479549467563629150390625">
        <ele>1657.199951171875</ele>
        <time>2026-09-18T08:25:39.000Z</time>
      </trkpt>
      <trkpt lat="40.0013167597353458404541015625" lon="9.31955021806061267852783203125">
        <ele>1657.199951171875</ele>
        <time>2026-09-18T08:25:46.000Z</time>
      </trkpt>
      <trkpt lat="40.00131684355437755584716796875" lon="9.3195511400699615478515625">
        <ele>1657.4000244140625</ele>
        <time>2026-09-18T08:25:50.000Z</time>
      </trkpt>
      <trkpt lat="40.00131684355437755584716796875" lon="9.3195511400699615478515625">
        <ele>1657.4000244140625</ele>
        <time>2026-09-18T08:25:52.000Z</time>
      </trkpt>
      <trkpt lat="40.0012998282909393310546875" lon="9.319556839764118194580078125">
        <ele>1657.5999755859375</ele>
        <time>2026-09-18T08:26:01.000Z</time>
      </trkpt>
      <trkpt lat="40.001219026744365692138671875" lon="9.31958106346428394317626953125">
        <ele>1659.199951171875</ele>
        <time>2026-09-18T08:26:07.000Z</time>
      </trkpt>
      <trkpt lat="40.0012098066508769989013671875" lon="9.3195885233581066131591796875">
        <ele>1659.4000244140625</ele>
        <time>2026-09-18T08:26:08.000Z</time>
      </trkpt>
      <trkpt lat="40.0011514686048030853271484375" lon="9.31963361799716949462890625">
        <ele>1660.800048828125</ele>
        <time>2026-09-18T08:26:15.000Z</time>
      </trkpt>
      <trkpt lat="40.001150630414485931396484375" lon="9.3196342885494232177734375">
        <ele>1660.800048828125</ele>
        <time>2026-09-18T08:26:17.000Z</time>
      </trkpt>
      <trkpt lat="40.001149959862232208251953125" lon="9.31962984614074230194091796875">
        <ele>1660.800048828125</ele>
        <time>2026-09-18T08:26:22.000Z</time>
      </trkpt>
      <trkpt lat="40.00115121714770793914794921875" lon="9.31962984614074230194091796875">
        <ele>1660.800048828125</ele>
        <time>2026-09-18T08:26:35.000Z</time>
      </trkpt>
      <trkpt lat="40.0010612793266773223876953125" lon="9.3196891061961650848388671875">
        <ele>1662.5999755859375</ele>
        <time>2026-09-18T08:26:42.000Z</time>
      </trkpt>
      <trkpt lat="40.00094376504421234130859375" lon="9.31977351196110248565673828125">
        <ele>1664.5999755859375</ele>
        <time>2026-09-18T08:26:53.000Z</time>
      </trkpt>
      <trkpt lat="40.000855587422847747802734375" lon="9.31983285583555698394775390625">
        <ele>1666.199951171875</ele>
        <time>2026-09-18T08:27:03.000Z</time>
      </trkpt>
      <trkpt lat="40.00077906064689159393310546875" lon="9.31983637623488903045654296875">
        <ele>1667.199951171875</ele>
        <time>2026-09-18T08:27:10.000Z</time>
      </trkpt>
      <trkpt lat="40.00074863433837890625" lon="9.31983956135809421539306640625">
        <ele>1667.5999755859375</ele>
        <time>2026-09-18T08:27:13.000Z</time>
      </trkpt>
      <trkpt lat="40.0007105804979801177978515625" lon="9.319844506680965423583984375">
        <ele>1668.199951171875</ele>
        <time>2026-09-18T08:27:17.000Z</time>
      </trkpt>
      <trkpt lat="40.0006861053407192230224609375" lon="9.3198228813707828521728515625">
        <ele>1668.5999755859375</ele>
        <time>2026-09-18T08:27:20.000Z</time>
      </trkpt>
      <trkpt lat="40.00067478977143764495849609375" lon="9.3198181875050067901611328125">
        <ele>1669</ele>
        <time>2026-09-18T08:27:21.000Z</time>
      </trkpt>
      <trkpt lat="40.00062684528529644012451171875" lon="9.3198356218636035919189453125">
        <ele>1670.199951171875</ele>
        <time>2026-09-18T08:27:27.000Z</time>
      </trkpt>
      <trkpt lat="40.00054889358580112457275390625" lon="9.31988448835909366607666015625">
        <ele>1671</ele>
        <time>2026-09-18T08:27:34.000Z</time>
      </trkpt>
      <trkpt lat="40.0005006976425647735595703125" lon="9.3199392221868038177490234375">
        <ele>1671</ele>
        <time>2026-09-18T08:27:40.000Z</time>
      </trkpt>
      <trkpt lat="40.0004923157393932342529296875" lon="9.31995338760316371917724609375">
        <ele>1670.800048828125</ele>
        <time>2026-09-18T08:27:41.000Z</time>
      </trkpt>
      <trkpt lat="40.000469684600830078125" lon="9.32001323439180850982666015625">
        <ele>1670.800048828125</ele>
        <time>2026-09-18T08:27:46.000Z</time>
      </trkpt>
      <trkpt lat="40.00040908344089984893798828125" lon="9.32008682750165462493896484375">
        <ele>1671.199951171875</ele>
        <time>2026-09-18T08:27:53.000Z</time>
      </trkpt>
      <trkpt lat="40.0003380887210369110107421875" lon="9.3201457522809505462646484375">
        <ele>1673.4000244140625</ele>
        <time>2026-09-18T08:28:01.000Z</time>
      </trkpt>
      <trkpt lat="40.0003370828926563262939453125" lon="9.32014550082385540008544921875">
        <ele>1673.4000244140625</ele>
        <time>2026-09-18T08:28:08.000Z</time>
      </trkpt>
      <trkpt lat="40.00035661272704601287841796875" lon="9.32011214084923267364501953125">
        <ele>1673</ele>
        <time>2026-09-18T08:28:14.000Z</time>
      </trkpt>
      <trkpt lat="40.0003685988485813140869140625" lon="9.32010292075574398040771484375">
        <ele>1672.5999755859375</ele>
        <time>2026-09-18T08:28:16.000Z</time>
      </trkpt>
      <trkpt lat="40.0004158727824687957763671875" lon="9.32005849666893482208251953125">
        <ele>1671.199951171875</ele>
        <time>2026-09-18T08:28:21.000Z</time>
      </trkpt>
      <trkpt lat="40.0004390068352222442626953125" lon="9.3200411461293697357177734375">
        <ele>1671</ele>
        <time>2026-09-18T08:28:23.000Z</time>
      </trkpt>
      <trkpt lat="40.0004473887383937835693359375" lon="9.32002547197043895721435546875">
        <ele>1671</ele>
        <time>2026-09-18T08:28:24.000Z</time>
      </trkpt>
      <trkpt lat="40.0004691816866397857666015625" lon="9.31999362073838710784912109375">
        <ele>1671</ele>
        <time>2026-09-18T08:28:27.000Z</time>
      </trkpt>
      <trkpt lat="40.000486783683300018310546875" lon="9.319994710385799407958984375">
        <ele>1670.5999755859375</ele>
        <time>2026-09-18T08:28:29.000Z</time>
      </trkpt>
      <trkpt lat="40.00050614587962627410888671875" lon="9.3200059421360492706298828125">
        <ele>1670.4000244140625</ele>
        <time>2026-09-18T08:28:31.000Z</time>
      </trkpt>
      <trkpt lat="40.0005348958075046539306640625" lon="9.3200548924505710601806640625">
        <ele>1669.5999755859375</ele>
        <time>2026-09-18T08:28:36.000Z</time>
      </trkpt>
      <trkpt lat="40.00053280033171176910400390625" lon="9.32007844559848308563232421875">
        <ele>1669.4000244140625</ele>
        <time>2026-09-18T08:28:38.000Z</time>
      </trkpt>
      <trkpt lat="40.00054470263421535491943359375" lon="9.32010392658412456512451171875">
        <ele>1669</ele>
        <time>2026-09-18T08:28:41.000Z</time>
      </trkpt>
      <trkpt lat="40.0005541741847991943359375" lon="9.32011029683053493499755859375">
        <ele>1668.800048828125</ele>
        <time>2026-09-18T08:28:43.000Z</time>
      </trkpt>
      <trkpt lat="40.000557191669940948486328125" lon="9.3201118893921375274658203125">
        <ele>1668.800048828125</ele>
        <time>2026-09-18T08:28:45.000Z</time>
      </trkpt>
      <trkpt lat="40.00055660493671894073486328125" lon="9.3201125599443912506103515625">
        <ele>1668.800048828125</ele>
        <time>2026-09-18T08:28:49.000Z</time>
      </trkpt>
      <trkpt lat="40.00060371123254299163818359375" lon="9.32010979391634464263916015625">
        <ele>1668.199951171875</ele>
        <time>2026-09-18T08:29:03.000Z</time>
      </trkpt>
      <trkpt lat="40.00064897350966930389404296875" lon="9.32010526768863201141357421875">
        <ele>1667.5999755859375</ele>
        <time>2026-09-18T08:29:10.000Z</time>
      </trkpt>
      <trkpt lat="40.00068719498813152313232421875" lon="9.3200773559510707855224609375">
        <ele>1667.199951171875</ele>
        <time>2026-09-18T08:29:15.000Z</time>
      </trkpt>
      <trkpt lat="40.0007347203791141510009765625" lon="9.32010325603187084197998046875">
        <ele>1666.199951171875</ele>
        <time>2026-09-18T08:29:22.000Z</time>
      </trkpt>
      <trkpt lat="40.0007323734462261199951171875" lon="9.32014080695807933807373046875">
        <ele>1666</ele>
        <time>2026-09-18T08:29:28.000Z</time>
      </trkpt>
      <trkpt lat="40.00070580281317234039306640625" lon="9.3201574869453907012939453125">
        <ele>1666.4000244140625</ele>
        <time>2026-09-18T08:29:31.000Z</time>
      </trkpt>
      <trkpt lat="40.00070395879447460174560546875" lon="9.3201812915503978729248046875">
        <ele>1666.199951171875</ele>
        <time>2026-09-18T08:29:34.000Z</time>
      </trkpt>
      <trkpt lat="40.000661127269268035888671875" lon="9.3202687986195087432861328125">
        <ele>1665.4000244140625</ele>
        <time>2026-09-18T08:29:42.000Z</time>
      </trkpt>
      <trkpt lat="40.00059868209064006805419921875" lon="9.32033761404454708099365234375">
        <ele>1664.199951171875</ele>
        <time>2026-09-18T08:29:49.000Z</time>
      </trkpt>
      <trkpt lat="40.00056733377277851104736328125" lon="9.32035404257476329803466796875">
        <ele>1664.199951171875</ele>
        <time>2026-09-18T08:29:53.000Z</time>
      </trkpt>
      <trkpt lat="40.00055979005992412567138671875" lon="9.3203620053827762603759765625">
        <ele>1664</ele>
        <time>2026-09-18T08:29:59.000Z</time>
      </trkpt>
      <trkpt lat="40.00057336874306201934814453125" lon="9.32034985162317752838134765625">
        <ele>1664.199951171875</ele>
        <time>2026-09-18T08:30:06.000Z</time>
      </trkpt>
      <trkpt lat="40.0005865283310413360595703125" lon="9.32034431956708431243896484375">
        <ele>1664.199951171875</ele>
        <time>2026-09-18T08:30:10.000Z</time>
      </trkpt>
      <trkpt lat="40.00058745034039020538330078125" lon="9.32034214027225971221923828125">
        <ele>1664.199951171875</ele>
        <time>2026-09-18T08:30:13.000Z</time>
      </trkpt>
      <trkpt lat="40.00058745034039020538330078125" lon="9.32034214027225971221923828125">
        <ele>1664.199951171875</ele>
        <time>2026-09-18T08:30:18.000Z</time>
      </trkpt>
      <trkpt lat="40.000587366521358489990234375" lon="9.32034214027225971221923828125">
        <ele>1664.199951171875</ele>
        <time>2026-09-18T08:30:24.000Z</time>
      </trkpt>
      <trkpt lat="40.00058677978813648223876953125" lon="9.320342056453227996826171875">
        <ele>1664.199951171875</ele>
        <time>2026-09-18T08:30:33.000Z</time>
      </trkpt>
      <trkpt lat="40.00064059160649776458740234375" lon="9.32028866373002529144287109375">
        <ele>1665</ele>
        <time>2026-09-18T08:30:43.000Z</time>
      </trkpt>
      <trkpt lat="40.00071854330599308013916015625" lon="9.32018372230231761932373046875">
        <ele>1665.800048828125</ele>
        <time>2026-09-18T08:30:52.000Z</time>
      </trkpt>
      <trkpt lat="40.000754334032535552978515625" lon="9.32013644836843013763427734375">
        <ele>1665.5999755859375</ele>
        <time>2026-09-18T08:30:57.000Z</time>
      </trkpt>
      <trkpt lat="40.0007714331150054931640625" lon="9.32010677643120288848876953125">
        <ele>1665.4000244140625</ele>
        <time>2026-09-18T08:31:00.000Z</time>
      </trkpt>
      <trkpt lat="40.0007900409400463104248046875" lon="9.32008087635040283203125">
        <ele>1665.4000244140625</ele>
        <time>2026-09-18T08:31:03.000Z</time>
      </trkpt>
      <trkpt lat="40.000847540795803070068359375" lon="9.3200615979731082916259765625">
        <ele>1664.5999755859375</ele>
        <time>2026-09-18T08:31:08.000Z</time>
      </trkpt>
      <trkpt lat="40.00089674256742000579833984375" lon="9.320034272968769073486328125">
        <ele>1664.199951171875</ele>
        <time>2026-09-18T08:31:12.000Z</time>
      </trkpt>
      <trkpt lat="40.0009442679584026336669921875" lon="9.3199938721954822540283203125">
        <ele>1664</ele>
        <time>2026-09-18T08:31:17.000Z</time>
      </trkpt>
      <trkpt lat="40.001000426709651947021484375" lon="9.31996813975274562835693359375">
        <ele>1663.199951171875</ele>
        <time>2026-09-18T08:31:23.000Z</time>
      </trkpt>
      <trkpt lat="40.00104376114904880523681640625" lon="9.3199965544044971466064453125">
        <ele>1661.800048828125</ele>
        <time>2026-09-18T08:31:29.000Z</time>
      </trkpt>
      <trkpt lat="40.00106002204120159149169921875" lon="9.319969229400157928466796875">
        <ele>1662</ele>
        <time>2026-09-18T08:31:32.000Z</time>
      </trkpt>
      <trkpt lat="40.0010740198194980621337890625" lon="9.3199164234101772308349609375">
        <ele>1662.199951171875</ele>
        <time>2026-09-18T08:31:36.000Z</time>
      </trkpt>
      <trkpt lat="40.001086257398128509521484375" lon="9.319867976009845733642578125">
        <ele>1662</ele>
        <time>2026-09-18T08:31:40.000Z</time>
      </trkpt>
      <trkpt lat="40.001125819981098175048828125" lon="9.31982900016009807586669921875">
        <ele>1661.199951171875</ele>
        <time>2026-09-18T08:31:44.000Z</time>
      </trkpt>
      <trkpt lat="40.001224391162395477294921875" lon="9.31974870152771472930908203125">
        <ele>1660</ele>
        <time>2026-09-18T08:31:54.000Z</time>
      </trkpt>
      <trkpt lat="40.0012346170842647552490234375" lon="9.3197256512939929962158203125">
        <ele>1660</ele>
        <time>2026-09-18T08:31:56.000Z</time>
      </trkpt>
      <trkpt lat="40.00126940198242664337158203125" lon="9.3196450173854827880859375">
        <ele>1659.4000244140625</ele>
        <time>2026-09-18T08:32:03.000Z</time>
      </trkpt>
      <trkpt lat="40.00134232454001903533935546875" lon="9.31952456943690776824951171875">
        <ele>1656.5999755859375</ele>
        <time>2026-09-18T08:32:12.000Z</time>
      </trkpt>
      <trkpt lat="40.00144441612064838409423828125" lon="9.31949280202388763427734375">
        <ele>1655.4000244140625</ele>
        <time>2026-09-18T08:32:19.000Z</time>
      </trkpt>
      <trkpt lat="40.0015554763376712799072265625" lon="9.319468997418880462646484375">
        <ele>1654.199951171875</ele>
        <time>2026-09-18T08:32:28.000Z</time>
      </trkpt>
      <trkpt lat="40.00166519545018672943115234375" lon="9.31944360025227069854736328125">
        <ele>1654.4000244140625</ele>
        <time>2026-09-18T08:32:38.000Z</time>
      </trkpt>
      <trkpt lat="40.00177231617271900177001953125" lon="9.3194047920405864715576171875">
        <ele>1655.5999755859375</ele>
        <time>2026-09-18T08:32:48.000Z</time>
      </trkpt>
      <trkpt lat="40.00183786265552043914794921875" lon="9.319418370723724365234375">
        <ele>1656.199951171875</ele>
        <time>2026-09-18T08:32:56.000Z</time>
      </trkpt>
      <trkpt lat="40.00193341635167598724365234375" lon="9.3194342963397502899169921875">
        <ele>1657.4000244140625</ele>
        <time>2026-09-18T08:33:04.000Z</time>
      </trkpt>
      <trkpt lat="40.0020454823970794677734375" lon="9.31942549534142017364501953125">
        <ele>1659.199951171875</ele>
        <time>2026-09-18T08:33:14.000Z</time>
      </trkpt>
      <trkpt lat="40.00206216238439083099365234375" lon="9.31942314840853214263916015625">
        <ele>1659.4000244140625</ele>
        <time>2026-09-18T08:33:16.000Z</time>
      </trkpt>
      <trkpt lat="40.00208437442779541015625" lon="9.319418370723724365234375">
        <ele>1659.800048828125</ele>
        <time>2026-09-18T08:33:18.000Z</time>
      </trkpt>
      <trkpt lat="40.00210608355700969696044921875" lon="9.3194044567644596099853515625">
        <ele>1660.4000244140625</ele>
        <time>2026-09-18T08:33:20.000Z</time>
      </trkpt>
      <trkpt lat="40.00212335027754306793212890625" lon="9.3193897046148777008056640625">
        <ele>1660.800048828125</ele>
        <time>2026-09-18T08:33:22.000Z</time>
      </trkpt>
      <trkpt lat="40.0021324865520000457763671875" lon="9.31938978843390941619873046875">
        <ele>1661</ele>
        <time>2026-09-18T08:33:23.000Z</time>
      </trkpt>
      <trkpt lat="40.00218839384615421295166015625" lon="9.3193826638162136077880859375">
        <ele>1662.199951171875</ele>
        <time>2026-09-18T08:33:29.000Z</time>
      </trkpt>
      <trkpt lat="40.00224891118705272674560546875" lon="9.31932893581688404083251953125">
        <ele>1663.800048828125</ele>
        <time>2026-09-18T08:33:37.000Z</time>
      </trkpt>
      <trkpt lat="40.00226818956434726715087890625" lon="9.319294653832912445068359375">
        <ele>1664.199951171875</ele>
        <time>2026-09-18T08:33:40.000Z</time>
      </trkpt>
      <trkpt lat="40.0022860430181026458740234375" lon="9.31927579455077648162841796875">
        <ele>1664.4000244140625</ele>
        <time>2026-09-18T08:33:43.000Z</time>
      </trkpt>
      <trkpt lat="40.00228797085583209991455078125" lon="9.3192706815898418426513671875">
        <ele>1664.4000244140625</ele>
        <time>2026-09-18T08:33:44.000Z</time>
      </trkpt>
      <trkpt lat="40.00229333527386188507080078125" lon="9.3192629702389240264892578125">
        <ele>1664.5999755859375</ele>
        <time>2026-09-18T08:33:45.000Z</time>
      </trkpt>
      <trkpt lat="40.00232233665883541107177734375" lon="9.31922650896012783050537109375">
        <ele>1664.800048828125</ele>
        <time>2026-09-18T08:33:49.000Z</time>
      </trkpt>
      <trkpt lat="40.00238201580941677093505859375" lon="9.31916230358183383941650390625">
        <ele>1665.4000244140625</ele>
        <time>2026-09-18T08:33:57.000Z</time>
      </trkpt>
      <trkpt lat="40.0023995339870452880859375" lon="9.3191590346395969390869140625">
        <ele>1665.5999755859375</ele>
        <time>2026-09-18T08:33:59.000Z</time>
      </trkpt>
      <trkpt lat="40.00248461030423641204833984375" lon="9.31913481093943119049072265625">
        <ele>1667.199951171875</ele>
        <time>2026-09-18T08:34:08.000Z</time>
      </trkpt>
      <trkpt lat="40.00256507657468318939208984375" lon="9.31907814927399158477783203125">
        <ele>1668.199951171875</ele>
        <time>2026-09-18T08:34:16.000Z</time>
      </trkpt>
      <trkpt lat="40.0026343949139118194580078125" lon="9.3190158717334270477294921875">
        <ele>1668.800048828125</ele>
        <time>2026-09-18T08:34:24.000Z</time>
      </trkpt>
      <trkpt lat="40.00271259807050228118896484375" lon="9.31899583898484706878662109375">
        <ele>1669.4000244140625</ele>
        <time>2026-09-18T08:34:30.000Z</time>
      </trkpt>
      <trkpt lat="40.00272450037300586700439453125" lon="9.31899365969002246856689453125">
        <ele>1669.5999755859375</ele>
        <time>2026-09-18T08:34:31.000Z</time>
      </trkpt>
      <trkpt lat="40.002739168703556060791015625" lon="9.31899315677583217620849609375">
        <ele>1669.800048828125</ele>
        <time>2026-09-18T08:34:33.000Z</time>
      </trkpt>
      <trkpt lat="40.00277143903076648712158203125" lon="9.3190017901360988616943359375">
        <ele>1670.199951171875</ele>
        <time>2026-09-18T08:34:37.000Z</time>
      </trkpt>
      <trkpt lat="40.00282667577266693115234375" lon="9.319033809006214141845703125">
        <ele>1671.199951171875</ele>
        <time>2026-09-18T08:34:45.000Z</time>
      </trkpt>
      <trkpt lat="40.00290018506348133087158203125" lon="9.31903607212007045745849609375">
        <ele>1672.4000244140625</ele>
        <time>2026-09-18T08:34:53.000Z</time>
      </trkpt>
      <trkpt lat="40.0029324553906917572021484375" lon="9.31900556199252605438232421875">
        <ele>1672.800048828125</ele>
        <time>2026-09-18T08:34:58.000Z</time>
      </trkpt>
      <trkpt lat="40.0029418431222438812255859375" lon="9.31899793446063995361328125">
        <ele>1672.800048828125</ele>
        <time>2026-09-18T08:34:59.000Z</time>
      </trkpt>
      <trkpt lat="40.00301686115562915802001953125" lon="9.31898527778685092926025390625">
        <ele>1673.199951171875</ele>
        <time>2026-09-18T08:35:05.000Z</time>
      </trkpt>
      <trkpt lat="40.00306430272758007049560546875" lon="9.31899793446063995361328125">
        <ele>1673.5999755859375</ele>
        <time>2026-09-18T08:35:09.000Z</time>
      </trkpt>
      <trkpt lat="40.00315390527248382568359375" lon="9.3190792389214038848876953125">
        <ele>1674.5999755859375</ele>
        <time>2026-09-18T08:35:19.000Z</time>
      </trkpt>
      <trkpt lat="40.00318315811455249786376953125" lon="9.3190906383097171783447265625">
        <ele>1675</ele>
        <time>2026-09-18T08:35:22.000Z</time>
      </trkpt>
      <trkpt lat="40.00324686057865619659423828125" lon="9.3191013671457767486572265625">
        <ele>1676.800048828125</ele>
        <time>2026-09-18T08:35:29.000Z</time>
      </trkpt>
      <trkpt lat="40.00327401794493198394775390625" lon="9.3191027082502841949462890625">
        <ele>1677.5999755859375</ele>
        <time>2026-09-18T08:35:32.000Z</time>
      </trkpt>
      <trkpt lat="40.00329363159835338592529296875" lon="9.3191080726683139801025390625">
        <ele>1678.199951171875</ele>
        <time>2026-09-18T08:35:34.000Z</time>
      </trkpt>
      <trkpt lat="40.00331425108015537261962890625" lon="9.31911318562924861907958984375">
        <ele>1678.800048828125</ele>
        <time>2026-09-18T08:35:36.000Z</time>
      </trkpt>
      <trkpt lat="40.00334342010319232940673828125" lon="9.31912240572273731231689453125">
        <ele>1679.5999755859375</ele>
        <time>2026-09-18T08:35:39.000Z</time>
      </trkpt>
      <trkpt lat="40.0033740140497684478759765625" lon="9.319131374359130859375">
        <ele>1680.5999755859375</ele>
        <time>2026-09-18T08:35:42.000Z</time>
      </trkpt>
      <trkpt lat="40.0033998303115367889404296875" lon="9.31912123225629329681396484375">
        <ele>1681.5999755859375</ele>
        <time>2026-09-18T08:35:45.000Z</time>
      </trkpt>
      <trkpt lat="40.00340812839567661285400390625" lon="9.3191198073327541351318359375">
        <ele>1681.800048828125</ele>
        <time>2026-09-18T08:35:46.000Z</time>
      </trkpt>
      <trkpt lat="40.00341583974659442901611328125" lon="9.31912642903625965118408203125">
        <ele>1682</ele>
        <time>2026-09-18T08:35:47.000Z</time>
      </trkpt>
      <trkpt lat="40.0034306757152080535888671875" lon="9.31915677152574062347412109375">
        <ele>1681.800048828125</ele>
        <time>2026-09-18T08:35:50.000Z</time>
      </trkpt>
      <trkpt lat="40.003453977406024932861328125" lon="9.31915995664894580841064453125">
        <ele>1682.5999755859375</ele>
        <time>2026-09-18T08:35:53.000Z</time>
      </trkpt>
      <trkpt lat="40.00352195464074611663818359375" lon="9.31911469437181949615478515625">
        <ele>1686.199951171875</ele>
        <time>2026-09-18T08:36:01.000Z</time>
      </trkpt>
      <trkpt lat="40.00353276729583740234375" lon="9.31909977458417415618896484375">
        <ele>1687</ele>
        <time>2026-09-18T08:36:03.000Z</time>
      </trkpt>
      <trkpt lat="40.003583729267120361328125" lon="9.3190872855484485626220703125">
        <ele>1689.4000244140625</ele>
        <time>2026-09-18T08:36:09.000Z</time>
      </trkpt>
      <trkpt lat="40.00365145504474639892578125" lon="9.31906222365796566009521484375">
        <ele>1692.800048828125</ele>
        <time>2026-09-18T08:36:16.000Z</time>
      </trkpt>
      <trkpt lat="40.00368825159966945648193359375" lon="9.3190410174429416656494140625">
        <ele>1694.5999755859375</ele>
        <time>2026-09-18T08:36:21.000Z</time>
      </trkpt>
      <trkpt lat="40.0036978907883167266845703125" lon="9.31901360861957073211669921875">
        <ele>1694.800048828125</ele>
        <time>2026-09-18T08:36:23.000Z</time>
      </trkpt>
      <trkpt lat="40.00374474562704563140869140625" lon="9.31892015039920806884765625">
        <ele>1696.800048828125</ele>
        <time>2026-09-18T08:36:31.000Z</time>
      </trkpt>
      <trkpt lat="40.00380375422537326812744140625" lon="9.318844713270664215087890625">
        <ele>1699.199951171875</ele>
        <time>2026-09-18T08:36:39.000Z</time>
      </trkpt>
      <trkpt lat="40.0038256309926509857177734375" lon="9.31886172853410243988037109375">
        <ele>1700</ele>
        <time>2026-09-18T08:36:41.000Z</time>
      </trkpt>
      <trkpt lat="40.0038360245525836944580078125" lon="9.31891118176281452178955078125">
        <ele>1700.199951171875</ele>
        <time>2026-09-18T08:36:45.000Z</time>
      </trkpt>
      <trkpt lat="40.0038722343742847442626953125" lon="9.31897941045463085174560546875">
        <ele>1701.4000244140625</ele>
        <time>2026-09-18T08:36:53.000Z</time>
      </trkpt>
      <trkpt lat="40.003898553550243377685546875" lon="9.3189706094563007354736328125">
        <ele>1702.4000244140625</ele>
        <time>2026-09-18T08:36:58.000Z</time>
      </trkpt>
      <trkpt lat="40.00390626490116119384765625" lon="9.3189652450382709503173828125">
        <ele>1702.800048828125</ele>
        <time>2026-09-18T08:36:59.000Z</time>
      </trkpt>
      <trkpt lat="40.0039144791662693023681640625" lon="9.31896298192441463470458984375">
        <ele>1703.199951171875</ele>
        <time>2026-09-18T08:37:00.000Z</time>
      </trkpt>
      <trkpt lat="40.00395563431084156036376953125" lon="9.3189474754035472869873046875">
        <ele>1705</ele>
        <time>2026-09-18T08:37:07.000Z</time>
      </trkpt>
      <trkpt lat="40.00398094765841960906982421875" lon="9.31891746819019317626953125">
        <ele>1706.4000244140625</ele>
        <time>2026-09-18T08:37:16.000Z</time>
      </trkpt>
      <trkpt lat="40.00401631928980350494384765625" lon="9.318887628614902496337890625">
        <ele>1708.199951171875</ele>
        <time>2026-09-18T08:37:24.000Z</time>
      </trkpt>
      <trkpt lat="40.00406610779464244842529296875" lon="9.31885854341089725494384765625">
        <ele>1710.199951171875</ele>
        <time>2026-09-18T08:37:32.000Z</time>
      </trkpt>
      <trkpt lat="40.004102401435375213623046875" lon="9.31886759586632251739501953125">
        <ele>1711.4000244140625</ele>
        <time>2026-09-18T08:37:38.000Z</time>
      </trkpt>
      <trkpt lat="40.0041575543582439422607421875" lon="9.31879785843193531036376953125">
        <ele>1713</ele>
        <time>2026-09-18T08:37:48.000Z</time>
      </trkpt>
      <trkpt lat="40.0041820295155048370361328125" lon="9.31876768358051776885986328125">
        <ele>1713.4000244140625</ele>
        <time>2026-09-18T08:37:53.000Z</time>
      </trkpt>
      <trkpt lat="40.00419619493186473846435546875" lon="9.3187513388693332672119140625">
        <ele>1713.800048828125</ele>
        <time>2026-09-18T08:37:55.000Z</time>
      </trkpt>
      <trkpt lat="40.0042407028377056121826171875" lon="9.31871202774345874786376953125">
        <ele>1715.199951171875</ele>
        <time>2026-09-18T08:38:02.000Z</time>
      </trkpt>
      <trkpt lat="40.00427951104938983917236328125" lon="9.31869618594646453857421875">
        <ele>1716.800048828125</ele>
        <time>2026-09-18T08:38:09.000Z</time>
      </trkpt>
      <trkpt lat="40.0043265335261821746826171875" lon="9.31866793893277645111083984375">
        <ele>1718.4000244140625</ele>
        <time>2026-09-18T08:38:17.000Z</time>
      </trkpt>
      <trkpt lat="40.004377327859401702880859375" lon="9.31864899583160877227783203125">
        <ele>1720.199951171875</ele>
        <time>2026-09-18T08:38:25.000Z</time>
      </trkpt>
      <trkpt lat="40.00442837364971637725830078125" lon="9.318632148206233978271484375">
        <ele>1722.199951171875</ele>
        <time>2026-09-18T08:38:34.000Z</time>
      </trkpt>
      <trkpt lat="40.004471875727176666259765625" lon="9.3185971118509769439697265625">
        <ele>1724.199951171875</ele>
        <time>2026-09-18T08:38:41.000Z</time>
      </trkpt>
      <trkpt lat="40.0045292079448699951171875" lon="9.3185930885374546051025390625">
        <ele>1726.5999755859375</ele>
        <time>2026-09-18T08:38:48.000Z</time>
      </trkpt>
      <trkpt lat="40.004593245685100555419921875" lon="9.31856735609471797943115234375">
        <ele>1729.4000244140625</ele>
        <time>2026-09-18T08:38:57.000Z</time>
      </trkpt>
      <trkpt lat="40.00461931340396404266357421875" lon="9.31857406161725521087646484375">
        <ele>1730.199951171875</ele>
        <time>2026-09-18T08:39:03.000Z</time>
      </trkpt>
      <trkpt lat="40.00465971417725086212158203125" lon="9.31860809214413166046142578125">
        <ele>1731.800048828125</ele>
        <time>2026-09-18T08:39:11.000Z</time>
      </trkpt>
      <trkpt lat="40.00464789569377899169921875" lon="9.31867565028369426727294921875">
        <ele>1731.5999755859375</ele>
        <time>2026-09-18T08:39:19.000Z</time>
      </trkpt>
      <trkpt lat="40.0046738795936107635498046875" lon="9.3187121115624904632568359375">
        <ele>1732.5999755859375</ele>
        <time>2026-09-18T08:39:30.000Z</time>
      </trkpt>
      <trkpt lat="40.0047281943261623382568359375" lon="9.3187784962356090545654296875">
        <ele>1734.5999755859375</ele>
        <time>2026-09-18T08:39:37.000Z</time>
      </trkpt>
      <trkpt lat="40.00473900698125362396240234375" lon="9.3188049830496311187744140625">
        <ele>1735.199951171875</ele>
        <time>2026-09-18T08:39:39.000Z</time>
      </trkpt>
      <trkpt lat="40.0047835148870944976806640625" lon="9.3188653327524662017822265625">
        <ele>1736.5999755859375</ele>
        <time>2026-09-18T08:39:44.000Z</time>
      </trkpt>
      <trkpt lat="40.00480019487440586090087890625" lon="9.3188861198723316192626953125">
        <ele>1737</ele>
        <time>2026-09-18T08:39:46.000Z</time>
      </trkpt>
      <trkpt lat="40.004840008914470672607421875" lon="9.318904392421245574951171875">
        <ele>1738.4000244140625</ele>
        <time>2026-09-18T08:39:51.000Z</time>
      </trkpt>
      <trkpt lat="40.004843361675739288330078125" lon="9.31890682317316532135009765625">
        <ele>1738.5999755859375</ele>
        <time>2026-09-18T08:39:57.000Z</time>
      </trkpt>
      <trkpt lat="40.00485710799694061279296875" lon="9.31886105798184871673583984375">
        <ele>1739.5999755859375</ele>
        <time>2026-09-18T08:40:06.000Z</time>
      </trkpt>
      <trkpt lat="40.00485576689243316650390625" lon="9.31884647347033023834228515625">
        <ele>1739.5999755859375</ele>
        <time>2026-09-18T08:40:08.000Z</time>
      </trkpt>
      <trkpt lat="40.00485601834952831268310546875" lon="9.318822920322418212890625">
        <ele>1739.800048828125</ele>
        <time>2026-09-18T08:40:12.000Z</time>
      </trkpt>
      <trkpt lat="40.00484730117022991180419921875" lon="9.31880992837250232696533203125">
        <ele>1739.4000244140625</ele>
        <time>2026-09-18T08:40:14.000Z</time>
      </trkpt>
      <trkpt lat="40.0047942437231540679931640625" lon="9.3188190646469593048095703125">
        <ele>1737.199951171875</ele>
        <time>2026-09-18T08:40:20.000Z</time>
      </trkpt>
      <trkpt lat="40.00479114241898059844970703125" lon="9.318787045776844024658203125">
        <ele>1737.199951171875</ele>
        <time>2026-09-18T08:40:24.000Z</time>
      </trkpt>
      <trkpt lat="40.0047959201037883758544921875" lon="9.3187754787504673004150390625">
        <ele>1737.4000244140625</ele>
        <time>2026-09-18T08:40:25.000Z</time>
      </trkpt>
      <trkpt lat="40.00483187846839427947998046875" lon="9.31871362030506134033203125">
        <ele>1738.4000244140625</ele>
        <time>2026-09-18T08:40:31.000Z</time>
      </trkpt>
      <trkpt lat="40.00485333614051342010498046875" lon="9.31867581792175769805908203125">
        <ele>1739</ele>
        <time>2026-09-18T08:40:35.000Z</time>
      </trkpt>
      <trkpt lat="40.00487454235553741455078125" lon="9.3186215870082378387451171875">
        <ele>1739.5999755859375</ele>
        <time>2026-09-18T08:40:39.000Z</time>
      </trkpt>
      <trkpt lat="40.00489943660795688629150390625" lon="9.31853215210139751434326171875">
        <ele>1740.4000244140625</ele>
        <time>2026-09-18T08:40:45.000Z</time>
      </trkpt>
      <trkpt lat="40.0049467943608760833740234375" lon="9.318421594798564910888671875">
        <ele>1742.199951171875</ele>
        <time>2026-09-18T08:40:55.000Z</time>
      </trkpt>
      <trkpt lat="40.00500597059726715087890625" lon="9.3183949403464794158935546875">
        <ele>1744.5999755859375</ele>
        <time>2026-09-18T08:41:03.000Z</time>
      </trkpt>
      <trkpt lat="40.0050507299602031707763671875" lon="9.318379350006580352783203125">
        <ele>1746.4000244140625</ele>
        <time>2026-09-18T08:41:10.000Z</time>
      </trkpt>
      <trkpt lat="40.00512490980327129364013671875" lon="9.3182913400232791900634765625">
        <ele>1749.4000244140625</ele>
        <time>2026-09-18T08:41:20.000Z</time>
      </trkpt>
      <trkpt lat="40.00513228587806224822998046875" lon="9.3182832933962345123291015625">
        <ele>1749.5999755859375</ele>
        <time>2026-09-18T08:41:21.000Z</time>
      </trkpt>
      <trkpt lat="40.00518391840159893035888671875" lon="9.3182470835745334625244140625">
        <ele>1750.4000244140625</ele>
        <time>2026-09-18T08:41:27.000Z</time>
      </trkpt>
      <trkpt lat="40.00520420260727405548095703125" lon="9.3182395398616790771484375">
        <ele>1751</ele>
        <time>2026-09-18T08:41:29.000Z</time>
      </trkpt>
      <trkpt lat="40.005257092416286468505859375" lon="9.318207018077373504638671875">
        <ele>1751.800048828125</ele>
        <time>2026-09-18T08:41:35.000Z</time>
      </trkpt>
      <trkpt lat="40.00529238022863864898681640625" lon="9.318178854882717132568359375">
        <ele>1752.199951171875</ele>
        <time>2026-09-18T08:41:39.000Z</time>
      </trkpt>
      <trkpt lat="40.00530327670276165008544921875" lon="9.31817625649273395538330078125">
        <ele>1752.4000244140625</ele>
        <time>2026-09-18T08:41:40.000Z</time>
      </trkpt>
      <trkpt lat="40.00535197556018829345703125" lon="9.31816150434315204620361328125">
        <ele>1753.4000244140625</ele>
        <time>2026-09-18T08:41:45.000Z</time>
      </trkpt>
      <trkpt lat="40.00536044128239154815673828125" lon="9.31815613992512226104736328125">
        <ele>1753.5999755859375</ele>
        <time>2026-09-18T08:41:46.000Z</time>
      </trkpt>
      <trkpt lat="40.0054564140737056732177734375" lon="9.31809545494616031646728515625">
        <ele>1755.199951171875</ele>
        <time>2026-09-18T08:41:56.000Z</time>
      </trkpt>
      <trkpt lat="40.0055345334112644195556640625" lon="9.31807315908372402191162109375">
        <ele>1756.4000244140625</ele>
        <time>2026-09-18T08:42:04.000Z</time>
      </trkpt>
      <trkpt lat="40.0055989064276218414306640625" lon="9.31806980632245540618896484375">
        <ele>1757.199951171875</ele>
        <time>2026-09-18T08:42:11.000Z</time>
      </trkpt>
      <trkpt lat="40.00571415759623050689697265625" lon="9.31808732450008392333984375">
        <ele>1759.5999755859375</ele>
        <time>2026-09-18T08:42:21.000Z</time>
      </trkpt>
      <trkpt lat="40.005811639130115509033203125" lon="9.31805807165801525115966796875">
        <ele>1760</ele>
        <time>2026-09-18T08:42:30.000Z</time>
      </trkpt>
      <trkpt lat="40.00593267381191253662109375" lon="9.318063519895076751708984375">
        <ele>1762</ele>
        <time>2026-09-18T08:42:40.000Z</time>
      </trkpt>
      <trkpt lat="40.00605429522693157196044921875" lon="9.31804616935551166534423828125">
        <ele>1761.800048828125</ele>
        <time>2026-09-18T08:42:49.000Z</time>
      </trkpt>
      <trkpt lat="40.0061185844242572784423828125" lon="9.3180625140666961669921875">
        <ele>1762.4000244140625</ele>
        <time>2026-09-18T08:42:56.000Z</time>
      </trkpt>
      <trkpt lat="40.00613492913544178009033203125" lon="9.31807433255016803741455078125">
        <ele>1763</ele>
        <time>2026-09-18T08:42:58.000Z</time>
      </trkpt>
      <trkpt lat="40.0061967037618160247802734375" lon="9.31809344328939914703369140625">
        <ele>1763.800048828125</ele>
        <time>2026-09-18T08:43:04.000Z</time>
      </trkpt>
      <trkpt lat="40.00631866045296192169189453125" lon="9.318133257329463958740234375">
        <ele>1765</ele>
        <time>2026-09-18T08:43:14.000Z</time>
      </trkpt>
      <trkpt lat="40.0063422136008739471435546875" lon="9.3181563913822174072265625">
        <ele>1765.800048828125</ele>
        <time>2026-09-18T08:43:18.000Z</time>
      </trkpt>
      <trkpt lat="40.00635235570371150970458984375" lon="9.318152032792568206787109375">
        <ele>1765.5999755859375</ele>
        <time>2026-09-18T08:43:19.000Z</time>
      </trkpt>
      <trkpt lat="40.0063935108482837677001953125" lon="9.31813971139490604400634765625">
        <ele>1764.800048828125</ele>
        <time>2026-09-18T08:43:23.000Z</time>
      </trkpt>
      <trkpt lat="40.00643248669803142547607421875" lon="9.3181300722062587738037109375">
        <ele>1764.5999755859375</ele>
        <time>2026-09-18T08:43:27.000Z</time>
      </trkpt>
      <trkpt lat="40.00649367459118366241455078125" lon="9.31813267059624195098876953125">
        <ele>1764.5999755859375</ele>
        <time>2026-09-18T08:43:32.000Z</time>
      </trkpt>
      <trkpt lat="40.00657640397548675537109375" lon="9.3181448243558406829833984375">
        <ele>1764</ele>
        <time>2026-09-18T08:43:38.000Z</time>
      </trkpt>
      <trkpt lat="40.00663273036479949951171875" lon="9.318143986165523529052734375">
        <ele>1762.800048828125</ele>
        <time>2026-09-18T08:43:42.000Z</time>
      </trkpt>
      <trkpt lat="40.0066556967794895172119140625" lon="9.31813602335751056671142578125">
        <ele>1762</ele>
        <time>2026-09-18T08:43:44.000Z</time>
      </trkpt>
      <trkpt lat="40.006677992641925811767578125" lon="9.31812931783497333526611328125">
        <ele>1761.4000244140625</ele>
        <time>2026-09-18T08:43:46.000Z</time>
      </trkpt>
      <trkpt lat="40.0066883862018585205078125" lon="9.3181243725121021270751953125">
        <ele>1761</ele>
        <time>2026-09-18T08:43:47.000Z</time>
      </trkpt>
      <trkpt lat="40.00671026296913623809814453125" lon="9.31811473332345485687255859375">
        <ele>1760.4000244140625</ele>
        <time>2026-09-18T08:43:49.000Z</time>
      </trkpt>
      <trkpt lat="40.00680573284626007080078125" lon="9.318101406097412109375">
        <ele>1758.199951171875</ele>
        <time>2026-09-18T08:43:57.000Z</time>
      </trkpt>
      <trkpt lat="40.00687521882355213165283203125" lon="9.3180992268025875091552734375">
        <ele>1755.5999755859375</ele>
        <time>2026-09-18T08:44:02.000Z</time>
      </trkpt>
      <trkpt lat="40.006918050348758697509765625" lon="9.3181134760379791259765625">
        <ele>1754.5999755859375</ele>
        <time>2026-09-18T08:44:05.000Z</time>
      </trkpt>
      <trkpt lat="40.00696524046361446380615234375" lon="9.3181726522743701934814453125">
        <ele>1754.800048828125</ele>
        <time>2026-09-18T08:44:11.000Z</time>
      </trkpt>
      <trkpt lat="40.00707521103322505950927734375" lon="9.3182068504393100738525390625">
        <ele>1752.199951171875</ele>
        <time>2026-09-18T08:44:20.000Z</time>
      </trkpt>
      <trkpt lat="40.00719440169632434844970703125" lon="9.318257309496402740478515625">
        <ele>1752.4000244140625</ele>
        <time>2026-09-18T08:44:29.000Z</time>
      </trkpt>
      <trkpt lat="40.007277466356754302978515625" lon="9.31834255345165729522705078125">
        <ele>1754.4000244140625</ele>
        <time>2026-09-18T08:44:37.000Z</time>
      </trkpt>
      <trkpt lat="40.0072957389056682586669921875" lon="9.318455122411251068115234375">
        <ele>1757.4000244140625</ele>
        <time>2026-09-18T08:44:44.000Z</time>
      </trkpt>
      <trkpt lat="40.00730856321752071380615234375" lon="9.3184747360646724700927734375">
        <ele>1758</ele>
        <time>2026-09-18T08:44:46.000Z</time>
      </trkpt>
      <trkpt lat="40.0073316134512424468994140625" lon="9.3184945173561573028564453125">
        <ele>1758.4000244140625</ele>
        <time>2026-09-18T08:44:49.000Z</time>
      </trkpt>
      <trkpt lat="40.0073467008769512176513671875" lon="9.318513460457324981689453125">
        <ele>1758.800048828125</ele>
        <time>2026-09-18T08:44:51.000Z</time>
      </trkpt>
      <trkpt lat="40.007372684776782989501953125" lon="9.31854086928069591522216796875">
        <ele>1759.4000244140625</ele>
        <time>2026-09-18T08:44:55.000Z</time>
      </trkpt>
      <trkpt lat="40.007439069449901580810546875" lon="9.3185857124626636505126953125">
        <ele>1760.800048828125</ele>
        <time>2026-09-18T08:45:00.000Z</time>
      </trkpt>
      <trkpt lat="40.0075240619480609893798828125" lon="9.31868118233978748321533203125">
        <ele>1762.800048828125</ele>
        <time>2026-09-18T08:45:07.000Z</time>
      </trkpt>
      <trkpt lat="40.00756136141717433929443359375" lon="9.3187332339584827423095703125">
        <ele>1763.800048828125</ele>
        <time>2026-09-18T08:45:11.000Z</time>
      </trkpt>
      <trkpt lat="40.00758768059313297271728515625" lon="9.31875041685998439788818359375">
        <ele>1764.199951171875</ele>
        <time>2026-09-18T08:45:13.000Z</time>
      </trkpt>
      <trkpt lat="40.0076266564428806304931640625" lon="9.3187744729220867156982421875">
        <ele>1764.800048828125</ele>
        <time>2026-09-18T08:45:16.000Z</time>
      </trkpt>
      <trkpt lat="40.00769278965890407562255859375" lon="9.3187905661761760711669921875">
        <ele>1765.5999755859375</ele>
        <time>2026-09-18T08:45:21.000Z</time>
      </trkpt>
      <trkpt lat="40.0077128224074840545654296875" lon="9.31879249401390552520751953125">
        <ele>1766</ele>
        <time>2026-09-18T08:45:23.000Z</time>
      </trkpt>
      <trkpt lat="40.00773637555539608001708984375" lon="9.31879718787968158721923828125">
        <ele>1766.199951171875</ele>
        <time>2026-09-18T08:45:25.000Z</time>
      </trkpt>
      <trkpt lat="40.0077567435801029205322265625" lon="9.3188023008406162261962890625">
        <ele>1766.5999755859375</ele>
        <time>2026-09-18T08:45:27.000Z</time>
      </trkpt>
      <trkpt lat="40.007827319204807281494140625" lon="9.318816550076007843017578125">
        <ele>1767.5999755859375</ele>
        <time>2026-09-18T08:45:33.000Z</time>
      </trkpt>
      <trkpt lat="40.00784131698310375213623046875" lon="9.31881914846599102020263671875">
        <ele>1767.800048828125</ele>
        <time>2026-09-18T08:45:34.000Z</time>
      </trkpt>
      <trkpt lat="40.00796838663518428802490234375" lon="9.3188081681728363037109375">
        <ele>1769.4000244140625</ele>
        <time>2026-09-18T08:45:44.000Z</time>
      </trkpt>
      <trkpt lat="40.008004344999790191650390625" lon="9.31878461502492427825927734375">
        <ele>1769.800048828125</ele>
        <time>2026-09-18T08:45:47.000Z</time>
      </trkpt>
      <trkpt lat="40.00802253372967243194580078125" lon="9.31876382790505886077880859375">
        <ele>1769.800048828125</ele>
        <time>2026-09-18T08:45:49.000Z</time>
      </trkpt>
      <trkpt lat="40.008033178746700286865234375" lon="9.31873449124395847320556640625">
        <ele>1769.5999755859375</ele>
        <time>2026-09-18T08:45:51.000Z</time>
      </trkpt>
      <trkpt lat="40.008040554821491241455078125" lon="9.3187033943831920623779296875">
        <ele>1769.199951171875</ele>
        <time>2026-09-18T08:45:53.000Z</time>
      </trkpt>
      <trkpt lat="40.0080819614231586456298828125" lon="9.31860658340156078338623046875">
        <ele>1768.5999755859375</ele>
        <time>2026-09-18T08:45:59.000Z</time>
      </trkpt>
      <trkpt lat="40.00813384540379047393798828125" lon="9.318514131009578704833984375">
        <ele>1767.5999755859375</ele>
        <time>2026-09-18T08:46:05.000Z</time>
      </trkpt>
      <trkpt lat="40.00815982930362224578857421875" lon="9.31846878491342067718505859375">
        <ele>1767.5999755859375</ele>
        <time>2026-09-18T08:46:08.000Z</time>
      </trkpt>
      <trkpt lat="40.00820056535303592681884765625" lon="9.31838949210941791534423828125">
        <ele>1767.5999755859375</ele>
        <time>2026-09-18T08:46:13.000Z</time>
      </trkpt>
      <trkpt lat="40.00820986926555633544921875" lon="9.3183734826743602752685546875">
        <ele>1767.5999755859375</ele>
        <time>2026-09-18T08:46:14.000Z</time>
      </trkpt>
      <trkpt lat="40.0082586519420146942138671875" lon="9.31829075329005718231201171875">
        <ele>1767.5999755859375</ele>
        <time>2026-09-18T08:46:20.000Z</time>
      </trkpt>
      <trkpt lat="40.00829846598207950592041015625" lon="9.31814524345099925994873046875">
        <ele>1766</ele>
        <time>2026-09-18T08:46:30.000Z</time>
      </trkpt>
      <trkpt lat="40.00833325088024139404296875" lon="9.31800593622028827667236328125">
        <ele>1764</ele>
        <time>2026-09-18T08:46:39.000Z</time>
      </trkpt>
      <trkpt lat="40.00835797749459743499755859375" lon="9.31794005446135997772216796875">
        <ele>1762.5999755859375</ele>
        <time>2026-09-18T08:46:44.000Z</time>
      </trkpt>
      <trkpt lat="40.00837708823382854461669921875" lon="9.31786981411278247833251953125">
        <ele>1761</ele>
        <time>2026-09-18T08:46:49.000Z</time>
      </trkpt>
      <trkpt lat="40.00838329084217548370361328125" lon="9.31785858236253261566162109375">
        <ele>1760.800048828125</ele>
        <time>2026-09-18T08:46:50.000Z</time>
      </trkpt>
      <trkpt lat="40.00841380096971988677978515625" lon="9.3178118951618671417236328125">
        <ele>1760.199951171875</ele>
        <time>2026-09-18T08:46:54.000Z</time>
      </trkpt>
      <trkpt lat="40.00845420174300670623779296875" lon="9.3177377991378307342529296875">
        <ele>1758.800048828125</ele>
        <time>2026-09-18T08:47:00.000Z</time>
      </trkpt>
      <trkpt lat="40.008465349674224853515625" lon="9.317704103887081146240234375">
        <ele>1758</ele>
        <time>2026-09-18T08:47:02.000Z</time>
      </trkpt>
      <trkpt lat="40.008501224219799041748046875" lon="9.3176238052546977996826171875">
        <ele>1756.199951171875</ele>
        <time>2026-09-18T08:47:07.000Z</time>
      </trkpt>
      <trkpt lat="40.0085627473890781402587890625" lon="9.31743948720395565032958984375">
        <ele>1751.800048828125</ele>
        <time>2026-09-18T08:47:18.000Z</time>
      </trkpt>
      <trkpt lat="40.008570961654186248779296875" lon="9.3174246512353420257568359375">
        <ele>1751.5999755859375</ele>
        <time>2026-09-18T08:47:19.000Z</time>
      </trkpt>
      <trkpt lat="40.00861890614032745361328125" lon="9.31730839423835277557373046875">
        <ele>1748.5999755859375</ele>
        <time>2026-09-18T08:47:27.000Z</time>
      </trkpt>
      <trkpt lat="40.00862016342580318450927734375" lon="9.3172955699265003204345703125">
        <ele>1748.4000244140625</ele>
        <time>2026-09-18T08:47:28.000Z</time>
      </trkpt>
      <trkpt lat="40.00862804241478443145751953125" lon="9.31725659407675266265869140625">
        <ele>1748</ele>
        <time>2026-09-18T08:47:31.000Z</time>
      </trkpt>
      <trkpt lat="40.00864614732563495635986328125" lon="9.31720596738159656524658203125">
        <ele>1747.5999755859375</ele>
        <time>2026-09-18T08:47:35.000Z</time>
      </trkpt>
      <trkpt lat="40.00865536741912364959716796875" lon="9.31717461906373500823974609375">
        <ele>1747.199951171875</ele>
        <time>2026-09-18T08:47:37.000Z</time>
      </trkpt>
      <trkpt lat="40.00870130024850368499755859375" lon="9.31707319803535938262939453125">
        <ele>1745.800048828125</ele>
        <time>2026-09-18T08:47:45.000Z</time>
      </trkpt>
      <trkpt lat="40.00876282341778278350830078125" lon="9.31696959771215915679931640625">
        <ele>1744</ele>
        <time>2026-09-18T08:47:55.000Z</time>
      </trkpt>
      <trkpt lat="40.0088011287152767181396484375" lon="9.31685895659029483795166015625">
        <ele>1742.4000244140625</ele>
        <time>2026-09-18T08:48:02.000Z</time>
      </trkpt>
      <trkpt lat="40.0088685192167758941650390625" lon="9.3166712857782840728759765625">
        <ele>1741.800048828125</ele>
        <time>2026-09-18T08:48:13.000Z</time>
      </trkpt>
      <trkpt lat="40.0089265219867229461669921875" lon="9.31655854918062686920166015625">
        <ele>1741.199951171875</ele>
        <time>2026-09-18T08:48:23.000Z</time>
      </trkpt>
      <trkpt lat="40.0089342333376407623291015625" lon="9.31654882617294788360595703125">
        <ele>1741.199951171875</ele>
        <time>2026-09-18T08:48:24.000Z</time>
      </trkpt>
      <trkpt lat="40.0089821778237819671630859375" lon="9.31646534241735935211181640625">
        <ele>1741.199951171875</ele>
        <time>2026-09-18T08:48:30.000Z</time>
      </trkpt>
      <trkpt lat="40.0090110115706920623779296875" lon="9.31636308319866657257080078125">
        <ele>1739.800048828125</ele>
        <time>2026-09-18T08:48:37.000Z</time>
      </trkpt>
      <trkpt lat="40.00901880674064159393310546875" lon="9.3163544498383998870849609375">
        <ele>1740</ele>
        <time>2026-09-18T08:48:38.000Z</time>
      </trkpt>
      <trkpt lat="40.00905836932361125946044921875" lon="9.31627607904374599456787109375">
        <ele>1738.5999755859375</ele>
        <time>2026-09-18T08:48:45.000Z</time>
      </trkpt>
      <trkpt lat="40.0090938247740268707275390625" lon="9.31617314927279949188232421875">
        <ele>1735.800048828125</ele>
        <time>2026-09-18T08:48:54.000Z</time>
      </trkpt>
      <trkpt lat="40.00911704264581203460693359375" lon="9.3161261267960071563720703125">
        <ele>1735</ele>
        <time>2026-09-18T08:48:59.000Z</time>
      </trkpt>
      <trkpt lat="40.00913816504180431365966796875" lon="9.31606552563607692718505859375">
        <ele>1734.4000244140625</ele>
        <time>2026-09-18T08:49:04.000Z</time>
      </trkpt>
      <trkpt lat="40.0092014484107494354248046875" lon="9.3159061856567859649658203125">
        <ele>1732.5999755859375</ele>
        <time>2026-09-18T08:49:14.000Z</time>
      </trkpt>
      <trkpt lat="40.00927663408219814300537109375" lon="9.31579294614493846893310546875">
        <ele>1733.800048828125</ele>
        <time>2026-09-18T08:49:22.000Z</time>
      </trkpt>
      <trkpt lat="40.009323321282863616943359375" lon="9.31570812128484249114990234375">
        <ele>1734.800048828125</ele>
        <time>2026-09-18T08:49:29.000Z</time>
      </trkpt>
      <trkpt lat="40.00934704206883907318115234375" lon="9.31557199917733669281005859375">
        <ele>1734</ele>
        <time>2026-09-18T08:49:38.000Z</time>
      </trkpt>
      <trkpt lat="40.0093545019626617431640625" lon="9.31540804915130138397216796875">
        <ele>1733.4000244140625</ele>
        <time>2026-09-18T08:49:47.000Z</time>
      </trkpt>
      <trkpt lat="40.00933279283344745635986328125" lon="9.315263964235782623291015625">
        <ele>1731.5999755859375</ele>
        <time>2026-09-18T08:49:55.000Z</time>
      </trkpt>
      <trkpt lat="40.00930957496166229248046875" lon="9.315204285085201263427734375">
        <ele>1729.800048828125</ele>
        <time>2026-09-18T08:50:00.000Z</time>
      </trkpt>
      <trkpt lat="40.00930286943912506103515625" lon="9.3151739425957202911376953125">
        <ele>1729.199951171875</ele>
        <time>2026-09-18T08:50:02.000Z</time>
      </trkpt>
      <trkpt lat="40.0093043781816959381103515625" lon="9.31515927426517009735107421875">
        <ele>1729</ele>
        <time>2026-09-18T08:50:03.000Z</time>
      </trkpt>
      <trkpt lat="40.00930613838136196136474609375" lon="9.31505374610424041748046875">
        <ele>1728</ele>
        <time>2026-09-18T08:50:11.000Z</time>
      </trkpt>
      <trkpt lat="40.0092949904501438140869140625" lon="9.3150029517710208892822265625">
        <ele>1727</ele>
        <time>2026-09-18T08:50:14.000Z</time>
      </trkpt>
      <trkpt lat="40.0092966668307781219482421875" lon="9.31498576886951923370361328125">
        <ele>1726.800048828125</ele>
        <time>2026-09-18T08:50:15.000Z</time>
      </trkpt>
      <trkpt lat="40.00932508148252964019775390625" lon="9.3149028718471527099609375">
        <ele>1727.5999755859375</ele>
        <time>2026-09-18T08:50:20.000Z</time>
      </trkpt>
      <trkpt lat="40.0093285180628299713134765625" lon="9.3148490600287914276123046875">
        <ele>1727.4000244140625</ele>
        <time>2026-09-18T08:50:23.000Z</time>
      </trkpt>
      <trkpt lat="40.00933706760406494140625" lon="9.3147172965109348297119140625">
        <ele>1726.800048828125</ele>
        <time>2026-09-18T08:50:31.000Z</time>
      </trkpt>
      <trkpt lat="40.00935441814363002777099609375" lon="9.3145989440381526947021484375">
        <ele>1726.5999755859375</ele>
        <time>2026-09-18T08:50:39.000Z</time>
      </trkpt>
      <trkpt lat="40.00935642980039119720458984375" lon="9.31458326987922191619873046875">
        <ele>1726.5999755859375</ele>
        <time>2026-09-18T08:50:40.000Z</time>
      </trkpt>
      <trkpt lat="40.00935592688620090484619140625" lon="9.31456633843481540679931640625">
        <ele>1726.199951171875</ele>
        <time>2026-09-18T08:50:41.000Z</time>
      </trkpt>
      <trkpt lat="40.00937872566282749176025390625" lon="9.31442476809024810791015625">
        <ele>1725.800048828125</ele>
        <time>2026-09-18T08:50:50.000Z</time>
      </trkpt>
      <trkpt lat="40.0094002671539783477783203125" lon="9.3142680265009403228759765625">
        <ele>1725.5999755859375</ele>
        <time>2026-09-18T08:51:00.000Z</time>
      </trkpt>
      <trkpt lat="40.00943454913794994354248046875" lon="9.3141127936542034149169921875">
        <ele>1725.199951171875</ele>
        <time>2026-09-18T08:51:09.000Z</time>
      </trkpt>
      <trkpt lat="40.0094508938491344451904296875" lon="9.3140101991593837738037109375">
        <ele>1724.800048828125</ele>
        <time>2026-09-18T08:51:15.000Z</time>
      </trkpt>
      <trkpt lat="40.00945047475397586822509765625" lon="9.31399268098175525665283203125">
        <ele>1724.4000244140625</ele>
        <time>2026-09-18T08:51:16.000Z</time>
      </trkpt>
      <trkpt lat="40.00945248641073703765869140625" lon="9.31384381838142871856689453125">
        <ele>1722</ele>
        <time>2026-09-18T08:51:26.000Z</time>
      </trkpt>
      <trkpt lat="40.00946103595197200775146484375" lon="9.31369327940046787261962890625">
        <ele>1720.199951171875</ele>
        <time>2026-09-18T08:51:37.000Z</time>
      </trkpt>
      <trkpt lat="40.00947210006415843963623046875" lon="9.31358314119279384613037109375">
        <ele>1719.199951171875</ele>
        <time>2026-09-18T08:51:46.000Z</time>
      </trkpt>
      <trkpt lat="40.00949489884078502655029296875" lon="9.313483648002147674560546875">
        <ele>1718.800048828125</ele>
        <time>2026-09-18T08:51:53.000Z</time>
      </trkpt>
      <trkpt lat="40.00950847752392292022705078125" lon="9.31333034299314022064208984375">
        <ele>1716.5999755859375</ele>
        <time>2026-09-18T08:52:01.000Z</time>
      </trkpt>
      <trkpt lat="40.0095166079699993133544921875" lon="9.313187263906002044677734375">
        <ele>1714.800048828125</ele>
        <time>2026-09-18T08:52:11.000Z</time>
      </trkpt>
      <trkpt lat="40.00954016111791133880615234375" lon="9.31301166303455829620361328125">
        <ele>1712.800048828125</ele>
        <time>2026-09-18T08:52:21.000Z</time>
      </trkpt>
      <trkpt lat="40.009543597698211669921875" lon="9.31284226477146148681640625">
        <ele>1711.800048828125</ele>
        <time>2026-09-18T08:52:30.000Z</time>
      </trkpt>
      <trkpt lat="40.00955843366682529449462890625" lon="9.31275584734976291656494140625">
        <ele>1712</ele>
        <time>2026-09-18T08:52:37.000Z</time>
      </trkpt>
      <trkpt lat="40.00955910421907901763916015625" lon="9.3127435259521007537841796875">
        <ele>1711.800048828125</ele>
        <time>2026-09-18T08:52:38.000Z</time>
      </trkpt>
      <trkpt lat="40.009591877460479736328125" lon="9.3126536719501018524169921875">
        <ele>1712.800048828125</ele>
        <time>2026-09-18T08:52:44.000Z</time>
      </trkpt>
      <trkpt lat="40.00959581695497035980224609375" lon="9.31264604441821575164794921875">
        <ele>1713</ele>
        <time>2026-09-18T08:52:46.000Z</time>
      </trkpt>
      <trkpt lat="40.00960704870522022247314453125" lon="9.31257748045027256011962890625">
        <ele>1713</ele>
        <time>2026-09-18T08:52:53.000Z</time>
      </trkpt>
      <trkpt lat="40.0096161849796772003173828125" lon="9.31247614324092864990234375">
        <ele>1712.800048828125</ele>
        <time>2026-09-18T08:53:00.000Z</time>
      </trkpt>
      <trkpt lat="40.00961978919804096221923828125" lon="9.3124206550419330596923828125">
        <ele>1712.199951171875</ele>
        <time>2026-09-18T08:53:07.000Z</time>
      </trkpt>
      <trkpt lat="40.009596906602382659912109375" lon="9.31239861063659191131591796875">
        <ele>1710.800048828125</ele>
        <time>2026-09-18T08:53:13.000Z</time>
      </trkpt>
      <trkpt lat="40.00958726741373538970947265625" lon="9.312307499349117279052734375">
        <ele>1709</ele>
        <time>2026-09-18T08:53:22.000Z</time>
      </trkpt>
      <trkpt lat="40.0095883570611476898193359375" lon="9.312293417751789093017578125">
        <ele>1708.800048828125</ele>
        <time>2026-09-18T08:53:23.000Z</time>
      </trkpt>
      <trkpt lat="40.00958458520472049713134765625" lon="9.31225243024528026580810546875">
        <ele>1708.199951171875</ele>
        <time>2026-09-18T08:53:29.000Z</time>
      </trkpt>
      <trkpt lat="40.00958408229053020477294921875" lon="9.3122327327728271484375">
        <ele>1707.800048828125</ele>
        <time>2026-09-18T08:53:42.000Z</time>
      </trkpt>
      <trkpt lat="40.009588859975337982177734375" lon="9.31221739389002323150634765625">
        <ele>1707.800048828125</ele>
        <time>2026-09-18T08:54:04.000Z</time>
      </trkpt>
      <trkpt lat="40.00958944670855998992919921875" lon="9.3122164718806743621826171875">
        <ele>1707.800048828125</ele>
        <time>2026-09-18T08:54:07.000Z</time>
      </trkpt>
      <trkpt lat="40.009592212736606597900390625" lon="9.312139861285686492919921875">
        <ele>1706.800048828125</ele>
        <time>2026-09-18T08:54:17.000Z</time>
      </trkpt>
      <trkpt lat="40.00959347002208232879638671875" lon="9.3120679445564746856689453125">
        <ele>1705.800048828125</ele>
        <time>2026-09-18T08:54:22.000Z</time>
      </trkpt>
      <trkpt lat="40.0095927156507968902587890625" lon="9.31205662898719310760498046875">
        <ele>1705.5999755859375</ele>
        <time>2026-09-18T08:54:24.000Z</time>
      </trkpt>
      <trkpt lat="40.00960386358201503753662109375" lon="9.3120153062045574188232421875">
        <ele>1705.5999755859375</ele>
        <time>2026-09-18T08:54:29.000Z</time>
      </trkpt>
      <trkpt lat="40.0096181966364383697509765625" lon="9.31195638142526149749755859375">
        <ele>1705.4000244140625</ele>
        <time>2026-09-18T08:54:35.000Z</time>
      </trkpt>
      <trkpt lat="40.009636469185352325439453125" lon="9.31194548495113849639892578125">
        <ele>1706.199951171875</ele>
        <time>2026-09-18T08:54:39.000Z</time>
      </trkpt>
      <trkpt lat="40.00965164043009281158447265625" lon="9.311901815235614776611328125">
        <ele>1706</ele>
        <time>2026-09-18T08:54:44.000Z</time>
      </trkpt>
      <trkpt lat="40.00965951941907405853271484375" lon="9.31181305088102817535400390625">
        <ele>1704.4000244140625</ele>
        <time>2026-09-18T08:54:51.000Z</time>
      </trkpt>
      <trkpt lat="40.00970788300037384033203125" lon="9.31168028153479099273681640625">
        <ele>1704.199951171875</ele>
        <time>2026-09-18T08:55:00.000Z</time>
      </trkpt>
      <trkpt lat="40.00971324741840362548828125" lon="9.31163451634347438812255859375">
        <ele>1704</ele>
        <time>2026-09-18T08:55:03.000Z</time>
      </trkpt>
      <trkpt lat="40.0097492896020412445068359375" lon="9.31154097430408000946044921875">
        <ele>1704.199951171875</ele>
        <time>2026-09-18T08:55:09.000Z</time>
      </trkpt>
      <trkpt lat="40.009802766144275665283203125" lon="9.311416335403919219970703125">
        <ele>1704.4000244140625</ele>
        <time>2026-09-18T08:55:19.000Z</time>
      </trkpt>
      <trkpt lat="40.00982715748250484466552734375" lon="9.3113501183688640594482421875">
        <ele>1704.4000244140625</ele>
        <time>2026-09-18T08:55:25.000Z</time>
      </trkpt>
      <trkpt lat="40.00983771868050098419189453125" lon="9.31131499819457530975341796875">
        <ele>1704.199951171875</ele>
        <time>2026-09-18T08:55:27.000Z</time>
      </trkpt>
      <trkpt lat="40.00984291546046733856201171875" lon="9.311297647655010223388671875">
        <ele>1704</ele>
        <time>2026-09-18T08:55:28.000Z</time>
      </trkpt>
      <trkpt lat="40.009883232414722442626953125" lon="9.31123905815184116363525390625">
        <ele>1704.4000244140625</ele>
        <time>2026-09-18T08:55:32.000Z</time>
      </trkpt>
      <trkpt lat="40.009906701743602752685546875" lon="9.31121818721294403076171875">
        <ele>1704.800048828125</ele>
        <time>2026-09-18T08:55:34.000Z</time>
      </trkpt>
      <trkpt lat="40.009939558804035186767578125" lon="9.311172924935817718505859375">
        <ele>1704.800048828125</ele>
        <time>2026-09-18T08:55:39.000Z</time>
      </trkpt>
      <trkpt lat="40.0099571608006954193115234375" lon="9.31116613559424877166748046875">
        <ele>1705.4000244140625</ele>
        <time>2026-09-18T08:55:41.000Z</time>
      </trkpt>
      <trkpt lat="40.0099863298237323760986328125" lon="9.3111405707895755767822265625">
        <ele>1705.800048828125</ele>
        <time>2026-09-18T08:55:44.000Z</time>
      </trkpt>
      <trkpt lat="40.01002798788249492645263671875" lon="9.31110997684299945831298828125">
        <ele>1706.4000244140625</ele>
        <time>2026-09-18T08:55:48.000Z</time>
      </trkpt>
      <trkpt lat="40.01006050966680049896240234375" lon="9.3110758624970912933349609375">
        <ele>1706.5999755859375</ele>
        <time>2026-09-18T08:55:54.000Z</time>
      </trkpt>
      <trkpt lat="40.0100612640380859375" lon="9.31107561103999614715576171875">
        <ele>1706.5999755859375</ele>
        <time>2026-09-18T08:55:56.000Z</time>
      </trkpt>
      <trkpt lat="40.0100637786090373992919921875" lon="9.31106865406036376953125">
        <ele>1706.4000244140625</ele>
        <time>2026-09-18T08:55:59.000Z</time>
      </trkpt>
      <trkpt lat="40.01011155545711517333984375" lon="9.3110406585037708282470703125">
        <ele>1707.4000244140625</ele>
        <time>2026-09-18T08:56:04.000Z</time>
      </trkpt>
      <trkpt lat="40.0102079473435878753662109375" lon="9.31096765212714672088623046875">
        <ele>1708.800048828125</ele>
        <time>2026-09-18T08:56:13.000Z</time>
      </trkpt>
      <trkpt lat="40.01028782688081264495849609375" lon="9.3108783848583698272705078125">
        <ele>1709.199951171875</ele>
        <time>2026-09-18T08:56:22.000Z</time>
      </trkpt>
      <trkpt lat="40.010351277887821197509765625" lon="9.3108492158353328704833984375">
        <ele>1710.5999755859375</ele>
        <time>2026-09-18T08:56:30.000Z</time>
      </trkpt>
      <trkpt lat="40.01035840250551700592041015625" lon="9.31084812618792057037353515625">
        <ele>1710.800048828125</ele>
        <time>2026-09-18T08:56:36.000Z</time>
      </trkpt>
      <trkpt lat="40.0104178301990032196044921875" lon="9.31080990470945835113525390625">
        <ele>1711.5999755859375</ele>
        <time>2026-09-18T08:56:43.000Z</time>
      </trkpt>
      <trkpt lat="40.0104456581175327301025390625" lon="9.310795404016971588134765625">
        <ele>1712.4000244140625</ele>
        <time>2026-09-18T08:56:49.000Z</time>
      </trkpt>
      <trkpt lat="40.01046183519065380096435546875" lon="9.310775287449359893798828125">
        <ele>1712.199951171875</ele>
        <time>2026-09-18T08:56:55.000Z</time>
      </trkpt>
      <trkpt lat="40.0105412118136882781982421875" lon="9.310735724866390228271484375">
        <ele>1713.800048828125</ele>
        <time>2026-09-18T08:57:03.000Z</time>
      </trkpt>
      <trkpt lat="40.010573565959930419921875" lon="9.31071552447974681854248046875">
        <ele>1714.4000244140625</ele>
        <time>2026-09-18T08:57:07.000Z</time>
      </trkpt>
      <trkpt lat="40.01061103306710720062255859375" lon="9.310680069029331207275390625">
        <ele>1714.800048828125</ele>
        <time>2026-09-18T08:57:12.000Z</time>
      </trkpt>
      <trkpt lat="40.01064405776560306549072265625" lon="9.3106698431074619293212890625">
        <ele>1715.5999755859375</ele>
        <time>2026-09-18T08:57:20.000Z</time>
      </trkpt>
      <trkpt lat="40.010703317821025848388671875" lon="9.31063354946672916412353515625">
        <ele>1717.199951171875</ele>
        <time>2026-09-18T08:57:28.000Z</time>
      </trkpt>
      <trkpt lat="40.01076710410416126251220703125" lon="9.31057269684970378875732421875">
        <ele>1719</ele>
        <time>2026-09-18T08:57:37.000Z</time>
      </trkpt>
      <trkpt lat="40.01077515073120594024658203125" lon="9.3105672486126422882080078125">
        <ele>1719.199951171875</ele>
        <time>2026-09-18T08:57:42.000Z</time>
      </trkpt>
      <trkpt lat="40.01077280379831790924072265625" lon="9.3105672486126422882080078125">
        <ele>1719.199951171875</ele>
        <time>2026-09-18T08:57:54.000Z</time>
      </trkpt>
      <trkpt lat="40.01077196560800075531005859375" lon="9.31056414730846881866455078125">
        <ele>1719</ele>
        <time>2026-09-18T08:58:11.000Z</time>
      </trkpt>
      <trkpt lat="40.01077163033187389373779296875" lon="9.31056414730846881866455078125">
        <ele>1719</ele>
        <time>2026-09-18T08:58:16.000Z</time>
      </trkpt>
      <trkpt lat="40.0108067505061626434326171875" lon="9.3105310387909412384033203125">
        <ele>1719.800048828125</ele>
        <time>2026-09-18T08:58:24.000Z</time>
      </trkpt>
      <trkpt lat="40.01083801500499248504638671875" lon="9.31050849147140979766845703125">
        <ele>1720.800048828125</ele>
        <time>2026-09-18T08:58:27.000Z</time>
      </trkpt>
      <trkpt lat="40.01090590842068195343017578125" lon="9.310473538935184478759765625">
        <ele>1723</ele>
        <time>2026-09-18T08:58:32.000Z</time>
      </trkpt>
      <trkpt lat="40.0109995342791080474853515625" lon="9.3104203976690769195556640625">
        <ele>1726</ele>
        <time>2026-09-18T08:58:42.000Z</time>
      </trkpt>
      <trkpt lat="40.01106348820030689239501953125" lon="9.31037605740129947662353515625">
        <ele>1727.5999755859375</ele>
        <time>2026-09-18T08:58:50.000Z</time>
      </trkpt>
      <trkpt lat="40.0110967643558979034423828125" lon="9.31034303270280361175537109375">
        <ele>1728.199951171875</ele>
        <time>2026-09-18T08:58:55.000Z</time>
      </trkpt>
      <trkpt lat="40.0111145339906215667724609375" lon="9.3103248439729213714599609375">
        <ele>1728.4000244140625</ele>
        <time>2026-09-18T08:58:58.000Z</time>
      </trkpt>
      <trkpt lat="40.01118401996791362762451171875" lon="9.31028720922768115997314453125">
        <ele>1730</ele>
        <time>2026-09-18T08:59:07.000Z</time>
      </trkpt>
      <trkpt lat="40.01120933331549167633056640625" lon="9.310254938900470733642578125">
        <ele>1730.199951171875</ele>
        <time>2026-09-18T08:59:11.000Z</time>
      </trkpt>
      <trkpt lat="40.01124001108109951019287109375" lon="9.3102135322988033294677734375">
        <ele>1730.199951171875</ele>
        <time>2026-09-18T08:59:15.000Z</time>
      </trkpt>
      <trkpt lat="40.0112452916800975799560546875" lon="9.31021261028945446014404296875">
        <ele>1730.4000244140625</ele>
        <time>2026-09-18T08:59:21.000Z</time>
      </trkpt>
      <trkpt lat="40.01124906353652477264404296875" lon="9.310205318033695220947265625">
        <ele>1730.5999755859375</ele>
        <time>2026-09-18T08:59:22.000Z</time>
      </trkpt>
      <trkpt lat="40.011280663311481475830078125" lon="9.31014790199697017669677734375">
        <ele>1731.199951171875</ele>
        <time>2026-09-18T08:59:28.000Z</time>
      </trkpt>
      <trkpt lat="40.0113401748239994049072265625" lon="9.310108087956905364990234375">
        <ele>1733.4000244140625</ele>
        <time>2026-09-18T08:59:36.000Z</time>
      </trkpt>
      <trkpt lat="40.011400021612644195556640625" lon="9.31006944738328456878662109375">
        <ele>1735.4000244140625</ele>
        <time>2026-09-18T08:59:44.000Z</time>
      </trkpt>
      <trkpt lat="40.0114541687071323394775390625" lon="9.3100225925445556640625">
        <ele>1736.5999755859375</ele>
        <time>2026-09-18T08:59:52.000Z</time>
      </trkpt>
      <trkpt lat="40.01148660667240619659423828125" lon="9.3099902383983135223388671875">
        <ele>1737.199951171875</ele>
        <time>2026-09-18T08:59:56.000Z</time>
      </trkpt>
      <trkpt lat="40.01151544041931629180908203125" lon="9.3099634163081645965576171875">
        <ele>1737.800048828125</ele>
        <time>2026-09-18T09:00:00.000Z</time>
      </trkpt>
      <trkpt lat="40.01156539656221866607666015625" lon="9.3099218420684337615966796875">
        <ele>1739.199951171875</ele>
        <time>2026-09-18T09:00:09.000Z</time>
      </trkpt>
      <trkpt lat="40.01157470047473907470703125" lon="9.30989963002502918243408203125">
        <ele>1739.4000244140625</ele>
        <time>2026-09-18T09:00:15.000Z</time>
      </trkpt>
      <trkpt lat="40.01158216036856174468994140625" lon="9.30982218123972415924072265625">
        <ele>1738.5999755859375</ele>
        <time>2026-09-18T09:00:23.000Z</time>
      </trkpt>
      <trkpt lat="40.01162256114184856414794921875" lon="9.30977356620132923126220703125">
        <ele>1739.800048828125</ele>
        <time>2026-09-18T09:00:30.000Z</time>
      </trkpt>
      <trkpt lat="40.0116590224206447601318359375" lon="9.3097307346761226654052734375">
        <ele>1741.199951171875</ele>
        <time>2026-09-18T09:00:36.000Z</time>
      </trkpt>
      <trkpt lat="40.0116680748760700225830078125" lon="9.30971925146877765655517578125">
        <ele>1741.4000244140625</ele>
        <time>2026-09-18T09:00:38.000Z</time>
      </trkpt>
      <trkpt lat="40.01167670823633670806884765625" lon="9.309705756604671478271484375">
        <ele>1741.800048828125</ele>
        <time>2026-09-18T09:00:45.000Z</time>
      </trkpt>
      <trkpt lat="40.01171149313449859619140625" lon="9.30964431725442409515380859375">
        <ele>1742.5999755859375</ele>
        <time>2026-09-18T09:00:52.000Z</time>
      </trkpt>
      <trkpt lat="40.0117602758109569549560546875" lon="9.30958095006644725799560546875">
        <ele>1744</ele>
        <time>2026-09-18T09:01:00.000Z</time>
      </trkpt>
      <trkpt lat="40.01177184283733367919921875" lon="9.3095652759075164794921875">
        <ele>1744.4000244140625</ele>
        <time>2026-09-18T09:01:07.000Z</time>
      </trkpt>
      <trkpt lat="40.01179598271846771240234375" lon="9.30953887291252613067626953125">
        <ele>1745.4000244140625</ele>
        <time>2026-09-18T09:01:14.000Z</time>
      </trkpt>
      <trkpt lat="40.01181148923933506011962890625" lon="9.30952034890651702880859375">
        <ele>1746</ele>
        <time>2026-09-18T09:01:20.000Z</time>
      </trkpt>
      <trkpt lat="40.0118078850209712982177734375" lon="9.309493191540241241455078125">
        <ele>1745.4000244140625</ele>
        <time>2026-09-18T09:01:25.000Z</time>
      </trkpt>
      <trkpt lat="40.0118132494390010833740234375" lon="9.3094755895435810089111328125">
        <ele>1745.4000244140625</ele>
        <time>2026-09-18T09:01:27.000Z</time>
      </trkpt>
      <trkpt lat="40.0118246488273143768310546875" lon="9.30945522151887416839599609375">
        <ele>1745.800048828125</ele>
        <time>2026-09-18T09:01:30.000Z</time>
      </trkpt>
      <trkpt lat="40.01183629967272281646728515625" lon="9.30943376384675502777099609375">
        <ele>1746</ele>
        <time>2026-09-18T09:01:35.000Z</time>
      </trkpt>
      <trkpt lat="40.01183680258691310882568359375" lon="9.30942554958164691925048828125">
        <ele>1746</ele>
        <time>2026-09-18T09:01:36.000Z</time>
      </trkpt>
      <trkpt lat="40.01185675151646137237548828125" lon="9.30937592871487140655517578125">
        <ele>1746.199951171875</ele>
        <time>2026-09-18T09:01:41.000Z</time>
      </trkpt>
      <trkpt lat="40.0118642114102840423583984375" lon="9.30936989374458789825439453125">
        <ele>1746.4000244140625</ele>
        <time>2026-09-18T09:01:42.000Z</time>
      </trkpt>
      <trkpt lat="40.01187787391245365142822265625" lon="9.309349022805690765380859375">
        <ele>1746.5999755859375</ele>
        <time>2026-09-18T09:01:47.000Z</time>
      </trkpt>
      <trkpt lat="40.01188659109175205230712890625" lon="9.30934005416929721832275390625">
        <ele>1746.800048828125</ele>
        <time>2026-09-18T09:01:50.000Z</time>
      </trkpt>
      <trkpt lat="40.0118873454630374908447265625" lon="9.30933871306478977203369140625">
        <ele>1746.800048828125</ele>
        <time>2026-09-18T09:01:53.000Z</time>
      </trkpt>
      <trkpt lat="40.01192313618957996368408203125" lon="9.309278614819049835205078125">
        <ele>1747</ele>
        <time>2026-09-18T09:02:01.000Z</time>
      </trkpt>
      <trkpt lat="40.0119466893374919891357421875" lon="9.3092586658895015716552734375">
        <ele>1747.5999755859375</ele>
        <time>2026-09-18T09:02:05.000Z</time>
      </trkpt>
      <trkpt lat="40.0119614414870738983154296875" lon="9.30925120599567890167236328125">
        <ele>1748.4000244140625</ele>
        <time>2026-09-18T09:02:07.000Z</time>
      </trkpt>
      <trkpt lat="40.01198013313114643096923828125" lon="9.30923963896930217742919921875">
        <ele>1749.199951171875</ele>
        <time>2026-09-18T09:02:10.000Z</time>
      </trkpt>
      <trkpt lat="40.01199706457555294036865234375" lon="9.30920979939401149749755859375">
        <ele>1749.5999755859375</ele>
        <time>2026-09-18T09:02:14.000Z</time>
      </trkpt>
      <trkpt lat="40.01203863881528377532958984375" lon="9.30913520045578479766845703125">
        <ele>1750.4000244140625</ele>
        <time>2026-09-18T09:02:22.000Z</time>
      </trkpt>
      <trkpt lat="40.01206160522997379302978515625" lon="9.30909781716763973236083984375">
        <ele>1751.199951171875</ele>
        <time>2026-09-18T09:02:27.000Z</time>
      </trkpt>
      <trkpt lat="40.0120794586837291717529296875" lon="9.30908775888383388519287109375">
        <ele>1752</ele>
        <time>2026-09-18T09:02:29.000Z</time>
      </trkpt>
      <trkpt lat="40.012112818658351898193359375" lon="9.3090608529746532440185546875">
        <ele>1753.199951171875</ele>
        <time>2026-09-18T09:02:34.000Z</time>
      </trkpt>
      <trkpt lat="40.0121418200433254241943359375" lon="9.30905976332724094390869140625">
        <ele>1754.5999755859375</ele>
        <time>2026-09-18T09:02:39.000Z</time>
      </trkpt>
      <trkpt lat="40.01216034404933452606201171875" lon="9.30901877582073211669921875">
        <ele>1754.5999755859375</ele>
        <time>2026-09-18T09:02:45.000Z</time>
      </trkpt>
      <trkpt lat="40.012195967137813568115234375" lon="9.30894493125379085540771484375">
        <ele>1754.800048828125</ele>
        <time>2026-09-18T09:02:52.000Z</time>
      </trkpt>
      <trkpt lat="40.01223175786435604095458984375" lon="9.30884711444377899169921875">
        <ele>1754</ele>
        <time>2026-09-18T09:03:01.000Z</time>
      </trkpt>
      <trkpt lat="40.01226830296218395233154296875" lon="9.30875097401440143585205078125">
        <ele>1754.800048828125</ele>
        <time>2026-09-18T09:03:11.000Z</time>
      </trkpt>
      <trkpt lat="40.01227349974215030670166015625" lon="9.30874141864478588104248046875">
        <ele>1755</ele>
        <time>2026-09-18T09:03:17.000Z</time>
      </trkpt>
      <trkpt lat="40.01227266155183315277099609375" lon="9.3087383173406124114990234375">
        <ele>1755</ele>
        <time>2026-09-18T09:03:29.000Z</time>
      </trkpt>
      <trkpt lat="40.01227266155183315277099609375" lon="9.3087393231689929962158203125">
        <ele>1755</ele>
        <time>2026-09-18T09:03:32.000Z</time>
      </trkpt>
      <trkpt lat="40.01227282918989658355712890625" lon="9.3087393231689929962158203125">
        <ele>1755</ele>
        <time>2026-09-18T09:03:34.000Z</time>
      </trkpt>
      <trkpt lat="40.01227299682796001434326171875" lon="9.3087403289973735809326171875">
        <ele>1755</ele>
        <time>2026-09-18T09:03:36.000Z</time>
      </trkpt>
      <trkpt lat="40.01227333210408687591552734375" lon="9.30874091573059558868408203125">
        <ele>1755</ele>
        <time>2026-09-18T09:03:39.000Z</time>
      </trkpt>
      <trkpt lat="40.01232932321727275848388671875" lon="9.30872314609587192535400390625">
        <ele>1757.5999755859375</ele>
        <time>2026-09-18T09:03:45.000Z</time>
      </trkpt>
      <trkpt lat="40.0123842246830463409423828125" lon="9.30871568620204925537109375">
        <ele>1760</ele>
        <time>2026-09-18T09:03:51.000Z</time>
      </trkpt>
      <trkpt lat="40.01240844838321208953857421875" lon="9.308738820254802703857421875">
        <ele>1761.4000244140625</ele>
        <time>2026-09-18T09:03:56.000Z</time>
      </trkpt>
      <trkpt lat="40.01246276311576366424560546875" lon="9.3087406642735004425048828125">
        <ele>1764</ele>
        <time>2026-09-18T09:04:04.000Z</time>
      </trkpt>
      <trkpt lat="40.01247399486601352691650390625" lon="9.30876874364912509918212890625">
        <ele>1764.5999755859375</ele>
        <time>2026-09-18T09:04:08.000Z</time>
      </trkpt>
      <trkpt lat="40.01247399486601352691650390625" lon="9.3087735213339328765869140625">
        <ele>1764.5999755859375</ele>
        <time>2026-09-18T09:04:09.000Z</time>
      </trkpt>
      <trkpt lat="40.01248690299689769744873046875" lon="9.3087738566100597381591796875">
        <ele>1765.199951171875</ele>
        <time>2026-09-18T09:04:12.000Z</time>
      </trkpt>
      <trkpt lat="40.0124985538423061370849609375" lon="9.30876891128718852996826171875">
        <ele>1765.800048828125</ele>
        <time>2026-09-18T09:04:14.000Z</time>
      </trkpt>
      <trkpt lat="40.012511126697063446044921875" lon="9.3087621219456195831298828125">
        <ele>1766.4000244140625</ele>
        <time>2026-09-18T09:04:16.000Z</time>
      </trkpt>
      <trkpt lat="40.01253602094948291778564453125" lon="9.3087671510875225067138671875">
        <ele>1767.5999755859375</ele>
        <time>2026-09-18T09:04:21.000Z</time>
      </trkpt>
      <trkpt lat="40.0125830434262752532958984375" lon="9.30874980054795742034912109375">
        <ele>1769.5999755859375</ele>
        <time>2026-09-18T09:04:29.000Z</time>
      </trkpt>
      <trkpt lat="40.0125964544713497161865234375" lon="9.3087446875870227813720703125">
        <ele>1770.4000244140625</ele>
        <time>2026-09-18T09:04:31.000Z</time>
      </trkpt>
      <trkpt lat="40.01262051053345203399658203125" lon="9.30873152799904346466064453125">
        <ele>1771.5999755859375</ele>
        <time>2026-09-18T09:04:37.000Z</time>
      </trkpt>
      <trkpt lat="40.01264498569071292877197265625" lon="9.30870520882308483123779296875">
        <ele>1772.5999755859375</ele>
        <time>2026-09-18T09:04:44.000Z</time>
      </trkpt>
      <trkpt lat="40.0126829557120800018310546875" lon="9.3086873553693294525146484375">
        <ele>1773.800048828125</ele>
        <time>2026-09-18T09:04:51.000Z</time>
      </trkpt>
      <trkpt lat="40.012708269059658050537109375" lon="9.30871325545012950897216796875">
        <ele>1774.5999755859375</ele>
        <time>2026-09-18T09:04:57.000Z</time>
      </trkpt>
      <trkpt lat="40.012725703418254852294921875" lon="9.30871761403977870941162109375">
        <ele>1775.199951171875</ele>
        <time>2026-09-18T09:05:03.000Z</time>
      </trkpt>
      <trkpt lat="40.01276149414479732513427734375" lon="9.3087000958621501922607421875">
        <ele>1776.4000244140625</ele>
        <time>2026-09-18T09:05:17.000Z</time>
      </trkpt>
      <trkpt lat="40.0127912499010562896728515625" lon="9.3086843378841876983642578125">
        <ele>1777.5999755859375</ele>
        <time>2026-09-18T09:05:21.000Z</time>
      </trkpt>
      <trkpt lat="40.0128127075731754302978515625" lon="9.30869347415864467620849609375">
        <ele>1778.4000244140625</ele>
        <time>2026-09-18T09:05:24.000Z</time>
      </trkpt>
      <trkpt lat="40.0128194130957126617431640625" lon="9.3086994253098964691162109375">
        <ele>1778.5999755859375</ele>
        <time>2026-09-18T09:05:25.000Z</time>
      </trkpt>
      <trkpt lat="40.01284615136682987213134765625" lon="9.30866396985948085784912109375">
        <ele>1780</ele>
        <time>2026-09-18T09:05:31.000Z</time>
      </trkpt>
      <trkpt lat="40.0128847919404506683349609375" lon="9.30865022353827953338623046875">
        <ele>1781.800048828125</ele>
        <time>2026-09-18T09:05:37.000Z</time>
      </trkpt>
      <trkpt lat="40.012931562960147857666015625" lon="9.30865558795630931854248046875">
        <ele>1783.4000244140625</ele>
        <time>2026-09-18T09:05:44.000Z</time>
      </trkpt>
      <trkpt lat="40.01297741197049617767333984375" lon="9.30865206755697727203369140625">
        <ele>1783.5999755859375</ele>
        <time>2026-09-18T09:05:51.000Z</time>
      </trkpt>
      <trkpt lat="40.01299669034779071807861328125" lon="9.3086692504584789276123046875">
        <ele>1783.4000244140625</ele>
        <time>2026-09-18T09:05:58.000Z</time>
      </trkpt>
      <trkpt lat="40.01302845776081085205078125" lon="9.3086508102715015411376953125">
        <ele>1783.800048828125</ele>
        <time>2026-09-18T09:06:05.000Z</time>
      </trkpt>
      <trkpt lat="40.0130685232579708099365234375" lon="9.3086715973913669586181640625">
        <ele>1783.800048828125</ele>
        <time>2026-09-18T09:06:11.000Z</time>
      </trkpt>
      <trkpt lat="40.0131131149828433990478515625" lon="9.30873043835163116455078125">
        <ele>1783.5999755859375</ele>
        <time>2026-09-18T09:06:18.000Z</time>
      </trkpt>
      <trkpt lat="40.0131439603865146636962890625" lon="9.30875432677567005157470703125">
        <ele>1783.4000244140625</ele>
        <time>2026-09-18T09:06:22.000Z</time>
      </trkpt>
      <trkpt lat="40.0131577067077159881591796875" lon="9.30879271589219570159912109375">
        <ele>1783.199951171875</ele>
        <time>2026-09-18T09:06:25.000Z</time>
      </trkpt>
      <trkpt lat="40.0131650827825069427490234375" lon="9.30879925377666950225830078125">
        <ele>1783.199951171875</ele>
        <time>2026-09-18T09:06:26.000Z</time>
      </trkpt>
      <trkpt lat="40.01322031952440738677978515625" lon="9.30880210362374782562255859375">
        <ele>1783</ele>
        <time>2026-09-18T09:06:31.000Z</time>
      </trkpt>
      <trkpt lat="40.01323708333075046539306640625" lon="9.3088053725659847259521484375">
        <ele>1782.800048828125</ele>
        <time>2026-09-18T09:06:33.000Z</time>
      </trkpt>
      <trkpt lat="40.01329223625361919403076171875" lon="9.30879355408251285552978515625">
        <ele>1782.199951171875</ele>
        <time>2026-09-18T09:06:38.000Z</time>
      </trkpt>
      <trkpt lat="40.01336649991571903228759765625" lon="9.3087446875870227813720703125">
        <ele>1781.5999755859375</ele>
        <time>2026-09-18T09:06:45.000Z</time>
      </trkpt>
      <trkpt lat="40.01344956457614898681640625" lon="9.3086672388017177581787109375">
        <ele>1782.800048828125</ele>
        <time>2026-09-18T09:06:54.000Z</time>
      </trkpt>
      <trkpt lat="40.01347999088466167449951171875" lon="9.30862180888652801513671875">
        <ele>1783.5999755859375</ele>
        <time>2026-09-18T09:06:59.000Z</time>
      </trkpt>
      <trkpt lat="40.01349708996713161468505859375" lon="9.30858635343611240386962890625">
        <ele>1783.800048828125</ele>
        <time>2026-09-18T09:07:02.000Z</time>
      </trkpt>
      <trkpt lat="40.013507567346096038818359375" lon="9.30857009254395961761474609375">
        <ele>1784</ele>
        <time>2026-09-18T09:07:04.000Z</time>
      </trkpt>
      <trkpt lat="40.01354855485260486602783203125" lon="9.30852248333394527435302734375">
        <ele>1784.800048828125</ele>
        <time>2026-09-18T09:07:09.000Z</time>
      </trkpt>
      <trkpt lat="40.0135687552392482757568359375" lon="9.30849465541541576385498046875">
        <ele>1785.199951171875</ele>
        <time>2026-09-18T09:07:12.000Z</time>
      </trkpt>
      <trkpt lat="40.01363974995911121368408203125" lon="9.30841687135398387908935546875">
        <ele>1786.4000244140625</ele>
        <time>2026-09-18T09:07:21.000Z</time>
      </trkpt>
      <trkpt lat="40.01364938914775848388671875" lon="9.308410920202732086181640625">
        <ele>1786.4000244140625</ele>
        <time>2026-09-18T09:07:22.000Z</time>
      </trkpt>
      <trkpt lat="40.01365601085126399993896484375" lon="9.308402538299560546875">
        <ele>1786.5999755859375</ele>
        <time>2026-09-18T09:07:23.000Z</time>
      </trkpt>
      <trkpt lat="40.0136938132345676422119140625" lon="9.3083272688090801239013671875">
        <ele>1789</ele>
        <time>2026-09-18T09:07:30.000Z</time>
      </trkpt>
      <trkpt lat="40.01371636055409908294677734375" lon="9.308267422020435333251953125">
        <ele>1790.800048828125</ele>
        <time>2026-09-18T09:07:37.000Z</time>
      </trkpt>
      <trkpt lat="40.013752318918704986572265625" lon="9.3081968463957309722900390625">
        <ele>1793</ele>
        <time>2026-09-18T09:07:45.000Z</time>
      </trkpt>
      <trkpt lat="40.0137923844158649444580078125" lon="9.30811529047787189483642578125">
        <ele>1794.800048828125</ele>
        <time>2026-09-18T09:07:53.000Z</time>
      </trkpt>
      <trkpt lat="40.01381526701152324676513671875" lon="9.308040104806423187255859375">
        <ele>1796.5999755859375</ele>
        <time>2026-09-18T09:07:59.000Z</time>
      </trkpt>
      <trkpt lat="40.01383177936077117919921875" lon="9.30801504291594028472900390625">
        <ele>1796.800048828125</ele>
        <time>2026-09-18T09:08:02.000Z</time>
      </trkpt>
      <trkpt lat="40.01383488066494464874267578125" lon="9.3080042302608489990234375">
        <ele>1797</ele>
        <time>2026-09-18T09:08:03.000Z</time>
      </trkpt>
      <trkpt lat="40.0138423405587673187255859375" lon="9.30799626745283603668212890625">
        <ele>1797</ele>
        <time>2026-09-18T09:08:04.000Z</time>
      </trkpt>
      <trkpt lat="40.01388399861752986907958984375" lon="9.30795536376535892486572265625">
        <ele>1796.199951171875</ele>
        <time>2026-09-18T09:08:09.000Z</time>
      </trkpt>
      <trkpt lat="40.0139087252318859100341796875" lon="9.3078459799289703369140625">
        <ele>1797.4000244140625</ele>
        <time>2026-09-18T09:08:18.000Z</time>
      </trkpt>
      <trkpt lat="40.0139281712472438812255859375" lon="9.30775822140276432037353515625">
        <ele>1799.199951171875</ele>
        <time>2026-09-18T09:08:26.000Z</time>
      </trkpt>
      <trkpt lat="40.0139415822923183441162109375" lon="9.30770985782146453857421875">
        <ele>1799.800048828125</ele>
        <time>2026-09-18T09:08:30.000Z</time>
      </trkpt>
      <trkpt lat="40.01395247876644134521484375" lon="9.3076770007610321044921875">
        <ele>1799.800048828125</ele>
        <time>2026-09-18T09:08:33.000Z</time>
      </trkpt>
      <trkpt lat="40.01399480737745761871337890625" lon="9.30761187337338924407958984375">
        <ele>1800</ele>
        <time>2026-09-18T09:08:41.000Z</time>
      </trkpt>
      <trkpt lat="40.0140089727938175201416015625" lon="9.3075722269713878631591796875">
        <ele>1800.5999755859375</ele>
        <time>2026-09-18T09:08:44.000Z</time>
      </trkpt>
      <trkpt lat="40.01401743851602077484130859375" lon="9.30754867382347583770751953125">
        <ele>1801</ele>
        <time>2026-09-18T09:08:47.000Z</time>
      </trkpt>
      <trkpt lat="40.0140274129807949066162109375" lon="9.307525791227817535400390625">
        <ele>1801.4000244140625</ele>
        <time>2026-09-18T09:08:49.000Z</time>
      </trkpt>
      <trkpt lat="40.01402883790433406829833984375" lon="9.30750575847923755645751953125">
        <ele>1801.800048828125</ele>
        <time>2026-09-18T09:08:51.000Z</time>
      </trkpt>
      <trkpt lat="40.01401911489665508270263671875" lon="9.30748128332197666168212890625">
        <ele>1802.4000244140625</ele>
        <time>2026-09-18T09:08:54.000Z</time>
      </trkpt>
      <trkpt lat="40.01401391811668872833251953125" lon="9.3073905073106288909912109375">
        <ele>1804.199951171875</ele>
        <time>2026-09-18T09:09:02.000Z</time>
      </trkpt>
      <trkpt lat="40.014056749641895294189453125" lon="9.307306520640850067138671875">
        <ele>1804.800048828125</ele>
        <time>2026-09-18T09:09:09.000Z</time>
      </trkpt>
      <trkpt lat="40.014121793210506439208984375" lon="9.30719546042382717132568359375">
        <ele>1806</ele>
        <time>2026-09-18T09:09:18.000Z</time>
      </trkpt>
      <trkpt lat="40.014205612242221832275390625" lon="9.30700242519378662109375">
        <ele>1808</ele>
        <time>2026-09-18T09:09:31.000Z</time>
      </trkpt>
      <trkpt lat="40.01423805020749568939208984375" lon="9.3069286644458770751953125">
        <ele>1809.4000244140625</ele>
        <time>2026-09-18T09:09:36.000Z</time>
      </trkpt>
      <trkpt lat="40.0142575800418853759765625" lon="9.30688667111098766326904296875">
        <ele>1810.199951171875</ele>
        <time>2026-09-18T09:09:40.000Z</time>
      </trkpt>
      <trkpt lat="40.01427761279046535491943359375" lon="9.30684274993836879730224609375">
        <ele>1810.4000244140625</ele>
        <time>2026-09-18T09:09:44.000Z</time>
      </trkpt>
      <trkpt lat="40.0143023394048213958740234375" lon="9.3067588470876216888427734375">
        <ele>1812.800048828125</ele>
        <time>2026-09-18T09:09:49.000Z</time>
      </trkpt>
      <trkpt lat="40.0143348611891269683837890625" lon="9.306718446314334869384765625">
        <ele>1813</ele>
        <time>2026-09-18T09:09:52.000Z</time>
      </trkpt>
      <trkpt lat="40.0143536366522312164306640625" lon="9.30668751709163188934326171875">
        <ele>1813</ele>
        <time>2026-09-18T09:09:54.000Z</time>
      </trkpt>
      <trkpt lat="40.0143683888018131256103515625" lon="9.30665331892669200897216796875">
        <ele>1813.199951171875</ele>
        <time>2026-09-18T09:09:56.000Z</time>
      </trkpt>
      <trkpt lat="40.01437316648662090301513671875" lon="9.30662130005657672882080078125">
        <ele>1814</ele>
        <time>2026-09-18T09:09:58.000Z</time>
      </trkpt>
      <trkpt lat="40.0143797881901264190673828125" lon="9.306550137698650360107421875">
        <ele>1814.199951171875</ele>
        <time>2026-09-18T09:10:03.000Z</time>
      </trkpt>
      <trkpt lat="40.0143861584365367889404296875" lon="9.30649607442319393157958984375">
        <ele>1814.199951171875</ele>
        <time>2026-09-18T09:10:06.000Z</time>
      </trkpt>
      <trkpt lat="40.01443452201783657073974609375" lon="9.30639800615608692169189453125">
        <ele>1814.199951171875</ele>
        <time>2026-09-18T09:10:15.000Z</time>
      </trkpt>
      <trkpt lat="40.01445681788027286529541015625" lon="9.306355006992816925048828125">
        <ele>1815</ele>
        <time>2026-09-18T09:10:19.000Z</time>
      </trkpt>
      <trkpt lat="40.01446754671633243560791015625" lon="9.306293986737728118896484375">
        <ele>1815.199951171875</ele>
        <time>2026-09-18T09:10:24.000Z</time>
      </trkpt>
      <trkpt lat="40.01446670852601528167724609375" lon="9.30627948604524135589599609375">
        <ele>1815.4000244140625</ele>
        <time>2026-09-18T09:10:25.000Z</time>
      </trkpt>
      <trkpt lat="40.014470480382442474365234375" lon="9.30623506195843219757080078125">
        <ele>1815.199951171875</ele>
        <time>2026-09-18T09:10:28.000Z</time>
      </trkpt>
      <trkpt lat="40.014477856457233428955078125" lon="9.3061821721494197845458984375">
        <ele>1815.5999755859375</ele>
        <time>2026-09-18T09:10:33.000Z</time>
      </trkpt>
      <trkpt lat="40.01450342126190662384033203125" lon="9.306125678122043609619140625">
        <ele>1816.199951171875</ele>
        <time>2026-09-18T09:10:37.000Z</time>
      </trkpt>
      <trkpt lat="40.01451951451599597930908203125" lon="9.30611436255276203155517578125">
        <ele>1816.4000244140625</ele>
        <time>2026-09-18T09:10:39.000Z</time>
      </trkpt>
      <trkpt lat="40.01453761942684650421142578125" lon="9.30608854629099369049072265625">
        <ele>1816.5999755859375</ele>
        <time>2026-09-18T09:10:42.000Z</time>
      </trkpt>
      <trkpt lat="40.0145928561687469482421875" lon="9.30603750050067901611328125">
        <ele>1816.800048828125</ele>
        <time>2026-09-18T09:10:48.000Z</time>
      </trkpt>
      <trkpt lat="40.014599226415157318115234375" lon="9.3060296215116977691650390625">
        <ele>1816.4000244140625</ele>
        <time>2026-09-18T09:10:49.000Z</time>
      </trkpt>
      <trkpt lat="40.01463753171265125274658203125" lon="9.30594035424292087554931640625">
        <ele>1814.800048828125</ele>
        <time>2026-09-18T09:10:56.000Z</time>
      </trkpt>
      <trkpt lat="40.01470576040446758270263671875" lon="9.305827952921390533447265625">
        <ele>1813</ele>
        <time>2026-09-18T09:11:04.000Z</time>
      </trkpt>
      <trkpt lat="40.01473836600780487060546875" lon="9.30573717691004276275634765625">
        <ele>1812.4000244140625</ele>
        <time>2026-09-18T09:11:09.000Z</time>
      </trkpt>
      <trkpt lat="40.01474968157708644866943359375" lon="9.30570716969668865203857421875">
        <ele>1812</ele>
        <time>2026-09-18T09:11:11.000Z</time>
      </trkpt>
      <trkpt lat="40.01475538127124309539794921875" lon="9.30569359101355075836181640625">
        <ele>1811.800048828125</ele>
        <time>2026-09-18T09:11:12.000Z</time>
      </trkpt>
      <trkpt lat="40.01477046869695186614990234375" lon="9.3056581355631351470947265625">
        <ele>1811.5999755859375</ele>
        <time>2026-09-18T09:11:15.000Z</time>
      </trkpt>
      <trkpt lat="40.01478153280913829803466796875" lon="9.3056319840252399444580078125">
        <ele>1811.800048828125</ele>
        <time>2026-09-18T09:11:17.000Z</time>
      </trkpt>
      <trkpt lat="40.014803744852542877197265625" lon="9.30559719912707805633544921875">
        <ele>1812.199951171875</ele>
        <time>2026-09-18T09:11:20.000Z</time>
      </trkpt>
      <trkpt lat="40.01484020613133907318115234375" lon="9.30549225769937038421630859375">
        <ele>1813</ele>
        <time>2026-09-18T09:11:28.000Z</time>
      </trkpt>
      <trkpt lat="40.014913715422153472900390625" lon="9.30536535568535327911376953125">
        <ele>1812.4000244140625</ele>
        <time>2026-09-18T09:11:37.000Z</time>
      </trkpt>
      <trkpt lat="40.01494464464485645294189453125" lon="9.30532260797917842864990234375">
        <ele>1812</ele>
        <time>2026-09-18T09:11:40.000Z</time>
      </trkpt>
      <trkpt lat="40.01498781144618988037109375" lon="9.30527114309370517730712890625">
        <ele>1812.199951171875</ele>
        <time>2026-09-18T09:11:44.000Z</time>
      </trkpt>
      <trkpt lat="40.01500113867223262786865234375" lon="9.30525857023894786834716796875">
        <ele>1812.4000244140625</ele>
        <time>2026-09-18T09:11:45.000Z</time>
      </trkpt>
      <trkpt lat="40.0150756537914276123046875" lon="9.30513770319521427154541015625">
        <ele>1812.5999755859375</ele>
        <time>2026-09-18T09:11:53.000Z</time>
      </trkpt>
      <trkpt lat="40.0151026435196399688720703125" lon="9.30505220778286457061767578125">
        <ele>1813.800048828125</ele>
        <time>2026-09-18T09:11:59.000Z</time>
      </trkpt>
      <trkpt lat="40.0151137076318264007568359375" lon="9.305021949112415313720703125">
        <ele>1814</ele>
        <time>2026-09-18T09:12:01.000Z</time>
      </trkpt>
      <trkpt lat="40.01511848531663417816162109375" lon="9.30500593967735767364501953125">
        <ele>1814.199951171875</ele>
        <time>2026-09-18T09:12:02.000Z</time>
      </trkpt>
      <trkpt lat="40.01514874398708343505859375" lon="9.30488825775682926177978515625">
        <ele>1815.800048828125</ele>
        <time>2026-09-18T09:12:10.000Z</time>
      </trkpt>
      <trkpt lat="40.01518872566521167755126953125" lon="9.3047703243792057037353515625">
        <ele>1817.4000244140625</ele>
        <time>2026-09-18T09:12:19.000Z</time>
      </trkpt>
      <trkpt lat="40.01520163379609584808349609375" lon="9.3047408200800418853759765625">
        <ele>1817.800048828125</ele>
        <time>2026-09-18T09:12:21.000Z</time>
      </trkpt>
      <trkpt lat="40.01521571539342403411865234375" lon="9.30470905266702175140380859375">
        <ele>1818.199951171875</ele>
        <time>2026-09-18T09:12:24.000Z</time>
      </trkpt>
      <trkpt lat="40.01522778533399105072021484375" lon="9.30465155281126499176025390625">
        <ele>1819</ele>
        <time>2026-09-18T09:12:28.000Z</time>
      </trkpt>
      <trkpt lat="40.0152464769780635833740234375" lon="9.30460310541093349456787109375">
        <ele>1819.199951171875</ele>
        <time>2026-09-18T09:12:31.000Z</time>
      </trkpt>
      <trkpt lat="40.0152903981506824493408203125" lon="9.304457008838653564453125">
        <ele>1819.800048828125</ele>
        <time>2026-09-18T09:12:41.000Z</time>
      </trkpt>
      <trkpt lat="40.015293247997760772705078125" lon="9.30444166995584964752197265625">
        <ele>1819.800048828125</ele>
        <time>2026-09-18T09:12:42.000Z</time>
      </trkpt>
      <trkpt lat="40.01530942507088184356689453125" lon="9.30433832108974456787109375">
        <ele>1819.4000244140625</ele>
        <time>2026-09-18T09:12:50.000Z</time>
      </trkpt>
      <trkpt lat="40.0153125263750553131103515625" lon="9.30432700552046298980712890625">
        <ele>1819.4000244140625</ele>
        <time>2026-09-18T09:12:55.000Z</time>
      </trkpt>
      <trkpt lat="40.015307329595088958740234375" lon="9.30429180152714252471923828125">
        <ele>1819</ele>
        <time>2026-09-18T09:13:04.000Z</time>
      </trkpt>
      <trkpt lat="40.015307329595088958740234375" lon="9.30429113097488880157470703125">
        <ele>1819</ele>
        <time>2026-09-18T09:13:16.000Z</time>
      </trkpt>
      <trkpt lat="40.01530833542346954345703125" lon="9.30429347790777683258056640625">
        <ele>1819</ele>
        <time>2026-09-18T09:13:20.000Z</time>
      </trkpt>
      <trkpt lat="40.0153076648712158203125" lon="9.3042962439358234405517578125">
        <ele>1819</ele>
        <time>2026-09-18T09:13:58.000Z</time>
      </trkpt>
      <trkpt lat="40.0153090059757232666015625" lon="9.304299764335155487060546875">
        <ele>1819</ele>
        <time>2026-09-18T09:14:06.000Z</time>
      </trkpt>
      <trkpt lat="40.01531076617538928985595703125" lon="9.30430051870644092559814453125">
        <ele>1819</ele>
        <time>2026-09-18T09:14:14.000Z</time>
      </trkpt>
      <trkpt lat="40.01531093381345272064208984375" lon="9.3043006025254726409912109375">
        <ele>1819</ele>
        <time>2026-09-18T09:14:15.000Z</time>
      </trkpt>
      <trkpt lat="40.0153111852705478668212890625" lon="9.30430085398256778717041015625">
        <ele>1819</ele>
        <time>2026-09-18T09:14:17.000Z</time>
      </trkpt>
      <trkpt lat="40.015311352908611297607421875" lon="9.304301105439662933349609375">
        <ele>1819</ele>
        <time>2026-09-18T09:14:18.000Z</time>
      </trkpt>
      <trkpt lat="40.01531160436570644378662109375" lon="9.30430152453482151031494140625">
        <ele>1819</ele>
        <time>2026-09-18T09:14:20.000Z</time>
      </trkpt>
      <trkpt lat="40.01531227491796016693115234375" lon="9.304302446544170379638671875">
        <ele>1819</ele>
        <time>2026-09-18T09:14:25.000Z</time>
      </trkpt>
      <trkpt lat="40.015312694013118743896484375" lon="9.3043027818202972412109375">
        <ele>1819</ele>
        <time>2026-09-18T09:14:28.000Z</time>
      </trkpt>
      <trkpt lat="40.01531378366053104400634765625" lon="9.3043029494583606719970703125">
        <ele>1819</ele>
        <time>2026-09-18T09:14:32.000Z</time>
      </trkpt>
      <trkpt lat="40.015314035117626190185546875" lon="9.3043029494583606719970703125">
        <ele>1819</ele>
        <time>2026-09-18T09:14:34.000Z</time>
      </trkpt>
      <trkpt lat="40.0153143703937530517578125" lon="9.30430303327739238739013671875">
        <ele>1819</ele>
        <time>2026-09-18T09:14:40.000Z</time>
      </trkpt>
      <trkpt lat="40.01531579531729221343994140625" lon="9.3043039552867412567138671875">
        <ele>1819</ele>
        <time>2026-09-18T09:14:58.000Z</time>
      </trkpt>
      <trkpt lat="40.0153175555169582366943359375" lon="9.3043046258389949798583984375">
        <ele>1819</ele>
        <time>2026-09-18T09:15:12.000Z</time>
      </trkpt>
      <trkpt lat="40.015320740640163421630859375" lon="9.3043042905628681182861328125">
        <ele>1819</ele>
        <time>2026-09-18T09:15:45.000Z</time>
      </trkpt>
      <trkpt lat="40.0153209082782268524169921875" lon="9.30430269800126552581787109375">
        <ele>1819</ele>
        <time>2026-09-18T09:15:52.000Z</time>
      </trkpt>
      <trkpt lat="40.01532099209725856781005859375" lon="9.30429951287806034088134765625">
        <ele>1819</ele>
        <time>2026-09-18T09:16:03.000Z</time>
      </trkpt>
      <trkpt lat="40.01532099209725856781005859375" lon="9.30429917760193347930908203125">
        <ele>1819</ele>
        <time>2026-09-18T09:16:07.000Z</time>
      </trkpt>
      <trkpt lat="40.015321075916290283203125" lon="9.30429900996387004852294921875">
        <ele>1819</ele>
        <time>2026-09-18T09:16:10.000Z</time>
      </trkpt>
      <trkpt lat="40.015321075916290283203125" lon="9.3042989261448383331298828125">
        <ele>1819</ele>
        <time>2026-09-18T09:16:11.000Z</time>
      </trkpt>
      <trkpt lat="40.01530590467154979705810546875" lon="9.30437260307371616363525390625">
        <ele>1819.800048828125</ele>
        <time>2026-09-18T09:25:33.000Z</time>
      </trkpt>
      <trkpt lat="40.01529886387288570404052734375" lon="9.304398335516452789306640625">
        <ele>1820</ele>
        <time>2026-09-18T09:25:35.000Z</time>
      </trkpt>
      <trkpt lat="40.0152783282101154327392578125" lon="9.30429481901228427886962890625">
        <ele>1819</ele>
        <time>2026-09-18T09:25:40.000Z</time>
      </trkpt>
      <trkpt lat="40.015237592160701751708984375" lon="9.304237402975559234619140625">
        <ele>1818.4000244140625</ele>
        <time>2026-09-18T09:25:45.000Z</time>
      </trkpt>
      <trkpt lat="40.01521705649793148040771484375" lon="9.30411427281796932220458984375">
        <ele>1817.5999755859375</ele>
        <time>2026-09-18T09:25:54.000Z</time>
      </trkpt>
      <trkpt lat="40.01525008119642734527587890625" lon="9.303949736058712005615234375">
        <ele>1816</ele>
        <time>2026-09-18T09:26:04.000Z</time>
      </trkpt>
      <trkpt lat="40.01526885665953159332275390625" lon="9.30385845713317394256591796875">
        <ele>1815.5999755859375</ele>
        <time>2026-09-18T09:26:09.000Z</time>
      </trkpt>
      <trkpt lat="40.01527690328657627105712890625" lon="9.303800202906131744384765625">
        <ele>1815</ele>
        <time>2026-09-18T09:26:13.000Z</time>
      </trkpt>
      <trkpt lat="40.015287883579730987548828125" lon="9.30373172275722026824951171875">
        <ele>1814.4000244140625</ele>
        <time>2026-09-18T09:26:18.000Z</time>
      </trkpt>
      <trkpt lat="40.01526768319308757781982421875" lon="9.30373348295688629150390625">
        <ele>1814.199951171875</ele>
        <time>2026-09-18T09:26:20.000Z</time>
      </trkpt>
      <trkpt lat="40.01521311700344085693359375" lon="9.303778074681758880615234375">
        <ele>1814.199951171875</ele>
        <time>2026-09-18T09:26:24.000Z</time>
      </trkpt>
      <trkpt lat="40.015181265771389007568359375" lon="9.3037752248346805572509765625">
        <ele>1813.800048828125</ele>
        <time>2026-09-18T09:26:27.000Z</time>
      </trkpt>
      <trkpt lat="40.01516559161245822906494140625" lon="9.30375284515321254730224609375">
        <ele>1813.4000244140625</ele>
        <time>2026-09-18T09:26:29.000Z</time>
      </trkpt>
      <trkpt lat="40.01517481170594692230224609375" lon="9.3037256039679050445556640625">
        <ele>1813.199951171875</ele>
        <time>2026-09-18T09:26:32.000Z</time>
      </trkpt>
      <trkpt lat="40.015191994607448577880859375" lon="9.30370087735354900360107421875">
        <ele>1813</ele>
        <time>2026-09-18T09:26:38.000Z</time>
      </trkpt>
      <trkpt lat="40.01519660465419292449951171875" lon="9.30369065143167972564697265625">
        <ele>1813</ele>
        <time>2026-09-18T09:26:39.000Z</time>
      </trkpt>
      <trkpt lat="40.0152008794248104095458984375" lon="9.30367774330079555511474609375">
        <ele>1813</ele>
        <time>2026-09-18T09:26:40.000Z</time>
      </trkpt>
      <trkpt lat="40.0152070820331573486328125" lon="9.30366776883602142333984375">
        <ele>1812.800048828125</ele>
        <time>2026-09-18T09:26:41.000Z</time>
      </trkpt>
      <trkpt lat="40.01522879116237163543701171875" lon="9.303593672811985015869140625">
        <ele>1812.800048828125</ele>
        <time>2026-09-18T09:26:48.000Z</time>
      </trkpt>
      <trkpt lat="40.01523566432297229766845703125" lon="9.3035120330750942230224609375">
        <ele>1812.5999755859375</ele>
        <time>2026-09-18T09:26:56.000Z</time>
      </trkpt>
      <trkpt lat="40.015232898294925689697265625" lon="9.3034818582236766815185546875">
        <ele>1812.199951171875</ele>
        <time>2026-09-18T09:26:58.000Z</time>
      </trkpt>
      <trkpt lat="40.01524924300611019134521484375" lon="9.30345528759062290191650390625">
        <ele>1812.199951171875</ele>
        <time>2026-09-18T09:27:01.000Z</time>
      </trkpt>
      <trkpt lat="40.0152448005974292755126953125" lon="9.3034069240093231201171875">
        <ele>1811.5999755859375</ele>
        <time>2026-09-18T09:27:05.000Z</time>
      </trkpt>
      <trkpt lat="40.01523197628557682037353515625" lon="9.303389489650726318359375">
        <ele>1811.199951171875</ele>
        <time>2026-09-18T09:27:07.000Z</time>
      </trkpt>
      <trkpt lat="40.015206746757030487060546875" lon="9.3033494241535663604736328125">
        <ele>1810.199951171875</ele>
        <time>2026-09-18T09:27:12.000Z</time>
      </trkpt>
      <trkpt lat="40.0151998735964298248291015625" lon="9.30332218296825885772705078125">
        <ele>1809.800048828125</ele>
        <time>2026-09-18T09:27:14.000Z</time>
      </trkpt>
      <trkpt lat="40.015198700129985809326171875" lon="9.3033068440854549407958984375">
        <ele>1809.800048828125</ele>
        <time>2026-09-18T09:27:15.000Z</time>
      </trkpt>
      <trkpt lat="40.01519258134067058563232421875" lon="9.30322579108178615570068359375">
        <ele>1808.5999755859375</ele>
        <time>2026-09-18T09:27:22.000Z</time>
      </trkpt>
      <trkpt lat="40.01519191078841686248779296875" lon="9.3032045848667621612548828125">
        <ele>1808.4000244140625</ele>
        <time>2026-09-18T09:27:24.000Z</time>
      </trkpt>
      <trkpt lat="40.01519442535936832427978515625" lon="9.30315286852419376373291015625">
        <ele>1807.5999755859375</ele>
        <time>2026-09-18T09:27:29.000Z</time>
      </trkpt>
      <trkpt lat="40.01519375480711460113525390625" lon="9.30311917327344417572021484375">
        <ele>1807.199951171875</ele>
        <time>2026-09-18T09:27:32.000Z</time>
      </trkpt>
      <trkpt lat="40.0151928327977657318115234375" lon="9.30308698676526546478271484375">
        <ele>1806.5999755859375</ele>
        <time>2026-09-18T09:27:35.000Z</time>
      </trkpt>
      <trkpt lat="40.01519157551229000091552734375" lon="9.303074665367603302001953125">
        <ele>1806.4000244140625</ele>
        <time>2026-09-18T09:27:36.000Z</time>
      </trkpt>
      <trkpt lat="40.01518302597105503082275390625" lon="9.30302806198596954345703125">
        <ele>1805.5999755859375</ele>
        <time>2026-09-18T09:27:39.000Z</time>
      </trkpt>
      <trkpt lat="40.0151582993566989898681640625" lon="9.3028999865055084228515625">
        <ele>1803.800048828125</ele>
        <time>2026-09-18T09:27:48.000Z</time>
      </trkpt>
      <trkpt lat="40.01514228992164134979248046875" lon="9.30282144807279109954833984375">
        <ele>1802.5999755859375</ele>
        <time>2026-09-18T09:27:55.000Z</time>
      </trkpt>
      <trkpt lat="40.0151412002742290496826171875" lon="9.302819184958934783935546875">
        <ele>1802.5999755859375</ele>
        <time>2026-09-18T09:27:56.000Z</time>
      </trkpt>
      <trkpt lat="40.0151408649981021881103515625" lon="9.302817843854427337646484375">
        <ele>1802.5999755859375</ele>
        <time>2026-09-18T09:27:57.000Z</time>
      </trkpt>
      <trkpt lat="40.015138685703277587890625" lon="9.30277065373957157135009765625">
        <ele>1802.199951171875</ele>
        <time>2026-09-18T09:28:05.000Z</time>
      </trkpt>
      <trkpt lat="40.015129633247852325439453125" lon="9.302724301815032958984375">
        <ele>1801.4000244140625</ele>
        <time>2026-09-18T09:28:08.000Z</time>
      </trkpt>
      <trkpt lat="40.0151167251169681549072265625" lon="9.30266068316996097564697265625">
        <ele>1800</ele>
        <time>2026-09-18T09:28:12.000Z</time>
      </trkpt>
      <trkpt lat="40.0151153840124607086181640625" lon="9.3026466853916645050048828125">
        <ele>1799.800048828125</ele>
        <time>2026-09-18T09:28:13.000Z</time>
      </trkpt>
      <trkpt lat="40.01510323025286197662353515625" lon="9.30259027518332004547119140625">
        <ele>1798.800048828125</ele>
        <time>2026-09-18T09:28:18.000Z</time>
      </trkpt>
      <trkpt lat="40.01508747227489948272705078125" lon="9.30256848223507404327392578125">
        <ele>1797.5999755859375</ele>
        <time>2026-09-18T09:28:21.000Z</time>
      </trkpt>
      <trkpt lat="40.01508294604718685150146484375" lon="9.30246236734092235565185546875">
        <ele>1796.5999755859375</ele>
        <time>2026-09-18T09:28:29.000Z</time>
      </trkpt>
      <trkpt lat="40.0150815211236476898193359375" lon="9.30244862101972103118896484375">
        <ele>1796.4000244140625</ele>
        <time>2026-09-18T09:28:30.000Z</time>
      </trkpt>
      <trkpt lat="40.0150805152952671051025390625" lon="9.3024357967078685760498046875">
        <ele>1796.4000244140625</ele>
        <time>2026-09-18T09:28:31.000Z</time>
      </trkpt>
      <trkpt lat="40.01507724635303020477294921875" lon="9.30240721441805362701416015625">
        <ele>1796</ele>
        <time>2026-09-18T09:28:33.000Z</time>
      </trkpt>
      <trkpt lat="40.01507523469626903533935546875" lon="9.30236463434994220733642578125">
        <ele>1795.5999755859375</ele>
        <time>2026-09-18T09:28:36.000Z</time>
      </trkpt>
      <trkpt lat="40.01507037319242954254150390625" lon="9.302323646843433380126953125">
        <ele>1795</ele>
        <time>2026-09-18T09:28:40.000Z</time>
      </trkpt>
      <trkpt lat="40.01505486667156219482421875" lon="9.30223370902240276336669921875">
        <ele>1793.4000244140625</ele>
        <time>2026-09-18T09:28:48.000Z</time>
      </trkpt>
      <trkpt lat="40.015044473111629486083984375" lon="9.30213144980370998382568359375">
        <ele>1792.199951171875</ele>
        <time>2026-09-18T09:28:56.000Z</time>
      </trkpt>
      <trkpt lat="40.01504145562648773193359375" lon="9.30212290026247501373291015625">
        <ele>1792</ele>
        <time>2026-09-18T09:28:57.000Z</time>
      </trkpt>
      <trkpt lat="40.01503449864685535430908203125" lon="9.3021182902157306671142578125">
        <ele>1791.5999755859375</ele>
        <time>2026-09-18T09:28:58.000Z</time>
      </trkpt>
      <trkpt lat="40.01501840539276599884033203125" lon="9.3020711839199066162109375">
        <ele>1790.4000244140625</ele>
        <time>2026-09-18T09:29:02.000Z</time>
      </trkpt>
      <trkpt lat="40.01499443314969539642333984375" lon="9.30196464993059635162353515625">
        <ele>1788.800048828125</ele>
        <time>2026-09-18T09:29:11.000Z</time>
      </trkpt>
      <trkpt lat="40.01498085446655750274658203125" lon="9.30192542262375354766845703125">
        <ele>1787.800048828125</ele>
        <time>2026-09-18T09:29:15.000Z</time>
      </trkpt>
      <trkpt lat="40.0149715505540370941162109375" lon="9.301903545856475830078125">
        <ele>1787.199951171875</ele>
        <time>2026-09-18T09:29:17.000Z</time>
      </trkpt>
      <trkpt lat="40.0149712152779102325439453125" lon="9.30189005099236965179443359375">
        <ele>1787.199951171875</ele>
        <time>2026-09-18T09:29:18.000Z</time>
      </trkpt>
      <trkpt lat="40.01497012563049793243408203125" lon="9.30187546648085117340087890625">
        <ele>1787</ele>
        <time>2026-09-18T09:29:19.000Z</time>
      </trkpt>
      <trkpt lat="40.014952607452869415283203125" lon="9.3018329702317714691162109375">
        <ele>1785.800048828125</ele>
        <time>2026-09-18T09:29:24.000Z</time>
      </trkpt>
      <trkpt lat="40.0149442255496978759765625" lon="9.301838167011737823486328125">
        <ele>1785.4000244140625</ele>
        <time>2026-09-18T09:29:26.000Z</time>
      </trkpt>
      <trkpt lat="40.01492503099143505096435546875" lon="9.30180271156132221221923828125">
        <ele>1784.199951171875</ele>
        <time>2026-09-18T09:29:31.000Z</time>
      </trkpt>
      <trkpt lat="40.01489066518843173980712890625" lon="9.30178427137434482574462890625">
        <ele>1782</ele>
        <time>2026-09-18T09:29:37.000Z</time>
      </trkpt>
      <trkpt lat="40.01488144509494304656982421875" lon="9.30178762413561344146728515625">
        <ele>1781.5999755859375</ele>
        <time>2026-09-18T09:29:38.000Z</time>
      </trkpt>
      <trkpt lat="40.014848001301288604736328125" lon="9.30184395052492618560791015625">
        <ele>1779.800048828125</ele>
        <time>2026-09-18T09:29:45.000Z</time>
      </trkpt>
      <trkpt lat="40.01483894884586334228515625" lon="9.3018490634858608245849609375">
        <ele>1779.199951171875</ele>
        <time>2026-09-18T09:29:48.000Z</time>
      </trkpt>
      <trkpt lat="40.01483350060880184173583984375" lon="9.30184252560138702392578125">
        <ele>1778.800048828125</ele>
        <time>2026-09-18T09:29:52.000Z</time>
      </trkpt>
      <trkpt lat="40.01480885781347751617431640625" lon="9.3017890490591526031494140625">
        <ele>1777</ele>
        <time>2026-09-18T09:29:57.000Z</time>
      </trkpt>
      <trkpt lat="40.0147915072739124298095703125" lon="9.301763735711574554443359375">
        <ele>1775.800048828125</ele>
        <time>2026-09-18T09:29:59.000Z</time>
      </trkpt>
      <trkpt lat="40.01475772820413112640380859375" lon="9.30169156752526760101318359375">
        <ele>1773.4000244140625</ele>
        <time>2026-09-18T09:30:06.000Z</time>
      </trkpt>
      <trkpt lat="40.0147495977580547332763671875" lon="9.3016934953629970550537109375">
        <ele>1772.800048828125</ele>
        <time>2026-09-18T09:30:07.000Z</time>
      </trkpt>
      <trkpt lat="40.0147298164665699005126953125" lon="9.3016881309449672698974609375">
        <ele>1771.5999755859375</ele>
        <time>2026-09-18T09:30:09.000Z</time>
      </trkpt>
      <trkpt lat="40.0147321633994579315185546875" lon="9.30165334604680538177490234375">
        <ele>1771.5999755859375</ele>
        <time>2026-09-18T09:30:12.000Z</time>
      </trkpt>
      <trkpt lat="40.01470022834837436676025390625" lon="9.30155611597001552581787109375">
        <ele>1769.800048828125</ele>
        <time>2026-09-18T09:30:19.000Z</time>
      </trkpt>
      <trkpt lat="40.01469570212066173553466796875" lon="9.3015067465603351593017578125">
        <ele>1769.800048828125</ele>
        <time>2026-09-18T09:30:22.000Z</time>
      </trkpt>
      <trkpt lat="40.01469142735004425048828125" lon="9.3014792539179325103759765625">
        <ele>1769.5999755859375</ele>
        <time>2026-09-18T09:30:24.000Z</time>
      </trkpt>
      <trkpt lat="40.0146516971290111541748046875" lon="9.3013966083526611328125">
        <ele>1767.800048828125</ele>
        <time>2026-09-18T09:30:30.000Z</time>
      </trkpt>
      <trkpt lat="40.01464725472033023834228515625" lon="9.3013706244528293609619140625">
        <ele>1767.5999755859375</ele>
        <time>2026-09-18T09:30:32.000Z</time>
      </trkpt>
      <trkpt lat="40.014654211699962615966796875" lon="9.301341958343982696533203125">
        <ele>1768</ele>
        <time>2026-09-18T09:30:35.000Z</time>
      </trkpt>
      <trkpt lat="40.01464758999645709991455078125" lon="9.30131010711193084716796875">
        <ele>1767.800048828125</ele>
        <time>2026-09-18T09:30:37.000Z</time>
      </trkpt>
      <trkpt lat="40.01463778316974639892578125" lon="9.3012666888535022735595703125">
        <ele>1767.5999755859375</ele>
        <time>2026-09-18T09:30:40.000Z</time>
      </trkpt>
      <trkpt lat="40.014629065990447998046875" lon="9.30122368969023227691650390625">
        <ele>1767.4000244140625</ele>
        <time>2026-09-18T09:30:43.000Z</time>
      </trkpt>
      <trkpt lat="40.0146054290235042572021484375" lon="9.30118144489824771881103515625">
        <ele>1766.199951171875</ele>
        <time>2026-09-18T09:30:46.000Z</time>
      </trkpt>
      <trkpt lat="40.0146027468144893646240234375" lon="9.301149509847164154052734375">
        <ele>1766.199951171875</ele>
        <time>2026-09-18T09:30:50.000Z</time>
      </trkpt>
      <trkpt lat="40.0145869888365268707275390625" lon="9.30109460838139057159423828125">
        <ele>1765.5999755859375</ele>
        <time>2026-09-18T09:30:57.000Z</time>
      </trkpt>
      <trkpt lat="40.01455941237509250640869140625" lon="9.301020093262195587158203125">
        <ele>1764.199951171875</ele>
        <time>2026-09-18T09:31:03.000Z</time>
      </trkpt>
      <trkpt lat="40.0145524553954601287841796875" lon="9.3010045029222965240478515625">
        <ele>1763.800048828125</ele>
        <time>2026-09-18T09:31:04.000Z</time>
      </trkpt>
      <trkpt lat="40.01454533077776432037353515625" lon="9.30097642354667186737060546875">
        <ele>1763.199951171875</ele>
        <time>2026-09-18T09:31:06.000Z</time>
      </trkpt>
      <trkpt lat="40.014528818428516387939453125" lon="9.30091104470193386077880859375">
        <ele>1762.199951171875</ele>
        <time>2026-09-18T09:31:10.000Z</time>
      </trkpt>
      <trkpt lat="40.01451867632567882537841796875" lon="9.3008848093450069427490234375">
        <ele>1761.5999755859375</ele>
        <time>2026-09-18T09:31:12.000Z</time>
      </trkpt>
      <trkpt lat="40.0144934467971324920654296875" lon="9.30084214545786380767822265625">
        <ele>1760</ele>
        <time>2026-09-18T09:31:15.000Z</time>
      </trkpt>
      <trkpt lat="40.01449235714972019195556640625" lon="9.30082454346120357513427734375">
        <ele>1759.800048828125</ele>
        <time>2026-09-18T09:31:16.000Z</time>
      </trkpt>
      <trkpt lat="40.01447978429496288299560546875" lon="9.30076821707189083099365234375">
        <ele>1759</ele>
        <time>2026-09-18T09:31:21.000Z</time>
      </trkpt>
      <trkpt lat="40.0144639424979686737060546875" lon="9.3007503636181354522705078125">
        <ele>1758.199951171875</ele>
        <time>2026-09-18T09:31:23.000Z</time>
      </trkpt>
      <trkpt lat="40.01446302048861980438232421875" lon="9.30073938332498073577880859375">
        <ele>1758</ele>
        <time>2026-09-18T09:31:24.000Z</time>
      </trkpt>
      <trkpt lat="40.0144612602889537811279296875" lon="9.30071205832064151763916015625">
        <ele>1758</ele>
        <time>2026-09-18T09:31:27.000Z</time>
      </trkpt>
      <trkpt lat="40.01445698551833629608154296875" lon="9.300702922046184539794921875">
        <ele>1757.800048828125</ele>
        <time>2026-09-18T09:31:28.000Z</time>
      </trkpt>
      <trkpt lat="40.01444994471967220306396484375" lon="9.30067601613700389862060546875">
        <ele>1757.4000244140625</ele>
        <time>2026-09-18T09:31:30.000Z</time>
      </trkpt>
      <trkpt lat="40.0144485197961330413818359375" lon="9.3006370402872562408447265625">
        <ele>1757.5999755859375</ele>
        <time>2026-09-18T09:31:33.000Z</time>
      </trkpt>
      <trkpt lat="40.01443955115973949432373046875" lon="9.30061214603483676910400390625">
        <ele>1757</ele>
        <time>2026-09-18T09:31:35.000Z</time>
      </trkpt>
      <trkpt lat="40.01440971158444881439208984375" lon="9.300530254840850830078125">
        <ele>1755.199951171875</ele>
        <time>2026-09-18T09:31:40.000Z</time>
      </trkpt>
      <trkpt lat="40.0144005753099918365478515625" lon="9.30049798451364040374755859375">
        <ele>1754.5999755859375</ele>
        <time>2026-09-18T09:31:42.000Z</time>
      </trkpt>
      <trkpt lat="40.014355145394802093505859375" lon="9.30037309415638446807861328125">
        <ele>1753.199951171875</ele>
        <time>2026-09-18T09:31:52.000Z</time>
      </trkpt>
      <trkpt lat="40.014335699379444122314453125" lon="9.300339482724666595458984375">
        <ele>1752.4000244140625</ele>
        <time>2026-09-18T09:31:55.000Z</time>
      </trkpt>
      <trkpt lat="40.01432991586625576019287109375" lon="9.3003309331834316253662109375">
        <ele>1752</ele>
        <time>2026-09-18T09:31:56.000Z</time>
      </trkpt>
      <trkpt lat="40.0142973102629184722900390625" lon="9.3002705834805965423583984375">
        <ele>1750.800048828125</ele>
        <time>2026-09-18T09:32:02.000Z</time>
      </trkpt>
      <trkpt lat="40.01427945680916309356689453125" lon="9.30024686269462108612060546875">
        <ele>1749.800048828125</ele>
        <time>2026-09-18T09:32:05.000Z</time>
      </trkpt>
      <trkpt lat="40.01427342183887958526611328125" lon="9.3002400733530521392822265625">
        <ele>1749.5999755859375</ele>
        <time>2026-09-18T09:32:06.000Z</time>
      </trkpt>
      <trkpt lat="40.014242827892303466796875" lon="9.30018500424921512603759765625">
        <ele>1748.5999755859375</ele>
        <time>2026-09-18T09:32:11.000Z</time>
      </trkpt>
      <trkpt lat="40.01420871354639530181884765625" lon="9.30008660070598125457763671875">
        <ele>1748</ele>
        <time>2026-09-18T09:32:18.000Z</time>
      </trkpt>
      <trkpt lat="40.0141021795570850372314453125" lon="9.30001568980515003204345703125">
        <ele>1743</ele>
        <time>2026-09-18T09:32:26.000Z</time>
      </trkpt>
      <trkpt lat="40.01406152732670307159423828125" lon="9.29996875114738941192626953125">
        <ele>1741.4000244140625</ele>
        <time>2026-09-18T09:32:30.000Z</time>
      </trkpt>
      <trkpt lat="40.0140022672712802886962890625" lon="9.29988878779113292694091796875">
        <ele>1739</ele>
        <time>2026-09-18T09:32:35.000Z</time>
      </trkpt>
      <trkpt lat="40.01396588981151580810546875" lon="9.2998209781944751739501953125">
        <ele>1737.800048828125</ele>
        <time>2026-09-18T09:32:39.000Z</time>
      </trkpt>
      <trkpt lat="40.01394485123455524444580078125" lon="9.29977118968963623046875">
        <ele>1737.199951171875</ele>
        <time>2026-09-18T09:32:42.000Z</time>
      </trkpt>
      <trkpt lat="40.01394149847328662872314453125" lon="9.299760796129703521728515625">
        <ele>1737.199951171875</ele>
        <time>2026-09-18T09:32:43.000Z</time>
      </trkpt>
      <trkpt lat="40.01392741687595844268798828125" lon="9.29973967373371124267578125">
        <ele>1736.5999755859375</ele>
        <time>2026-09-18T09:32:45.000Z</time>
      </trkpt>
      <trkpt lat="40.013917945325374603271484375" lon="9.2997153662145137786865234375">
        <ele>1736.4000244140625</ele>
        <time>2026-09-18T09:32:47.000Z</time>
      </trkpt>
      <trkpt lat="40.013906545937061309814453125" lon="9.29969131015241146087646484375">
        <ele>1736</ele>
        <time>2026-09-18T09:32:50.000Z</time>
      </trkpt>
      <trkpt lat="40.0138912908732891082763671875" lon="9.29968074895441532135009765625">
        <ele>1735.199951171875</ele>
        <time>2026-09-18T09:32:53.000Z</time>
      </trkpt>
      <trkpt lat="40.01384141854941844940185546875" lon="9.29963196627795696258544921875">
        <ele>1733.199951171875</ele>
        <time>2026-09-18T09:33:01.000Z</time>
      </trkpt>
      <trkpt lat="40.01380638219416141510009765625" lon="9.2995561100542545318603515625">
        <ele>1732.4000244140625</ele>
        <time>2026-09-18T09:33:09.000Z</time>
      </trkpt>
      <trkpt lat="40.0137962400913238525390625" lon="9.2995192296802997589111328125">
        <ele>1732.4000244140625</ele>
        <time>2026-09-18T09:33:12.000Z</time>
      </trkpt>
      <trkpt lat="40.0137843377888202667236328125" lon="9.2995043098926544189453125">
        <ele>1732</ele>
        <time>2026-09-18T09:33:14.000Z</time>
      </trkpt>
      <trkpt lat="40.013769753277301788330078125" lon="9.29948930628597736358642578125">
        <ele>1731.4000244140625</ele>
        <time>2026-09-18T09:33:16.000Z</time>
      </trkpt>
      <trkpt lat="40.01375131309032440185546875" lon="9.2994696088135242462158203125">
        <ele>1730.5999755859375</ele>
        <time>2026-09-18T09:33:19.000Z</time>
      </trkpt>
      <trkpt lat="40.01373379491269588470458984375" lon="9.29944169707596302032470703125">
        <ele>1729.800048828125</ele>
        <time>2026-09-18T09:33:22.000Z</time>
      </trkpt>
      <trkpt lat="40.01371870748698711395263671875" lon="9.29941722191870212554931640625">
        <ele>1729.199951171875</ele>
        <time>2026-09-18T09:33:24.000Z</time>
      </trkpt>
      <trkpt lat="40.013691298663616180419921875" lon="9.2993663437664508819580078125">
        <ele>1728.199951171875</ele>
        <time>2026-09-18T09:33:29.000Z</time>
      </trkpt>
      <trkpt lat="40.013652741909027099609375" lon="9.2993036471307277679443359375">
        <ele>1727</ele>
        <time>2026-09-18T09:33:33.000Z</time>
      </trkpt>
      <trkpt lat="40.01360622234642505645751953125" lon="9.29920599795877933502197265625">
        <ele>1725.5999755859375</ele>
        <time>2026-09-18T09:33:40.000Z</time>
      </trkpt>
      <trkpt lat="40.01356313936412334442138671875" lon="9.29913491941988468170166015625">
        <ele>1724</ele>
        <time>2026-09-18T09:33:47.000Z</time>
      </trkpt>
      <trkpt lat="40.01352240331470966339111328125" lon="9.299071133136749267578125">
        <ele>1722.4000244140625</ele>
        <time>2026-09-18T09:33:53.000Z</time>
      </trkpt>
      <trkpt lat="40.01349440775811672210693359375" lon="9.2990381084382534027099609375">
        <ele>1721.199951171875</ele>
        <time>2026-09-18T09:33:56.000Z</time>
      </trkpt>
      <trkpt lat="40.0134480558335781097412109375" lon="9.29897901602089405059814453125">
        <ele>1719.199951171875</ele>
        <time>2026-09-18T09:34:03.000Z</time>
      </trkpt>
      <trkpt lat="40.0134393386542797088623046875" lon="9.29897499270737171173095703125">
        <ele>1718.800048828125</ele>
        <time>2026-09-18T09:34:04.000Z</time>
      </trkpt>
      <trkpt lat="40.01340773887932300567626953125" lon="9.29893090389668941497802734375">
        <ele>1717.5999755859375</ele>
        <time>2026-09-18T09:34:09.000Z</time>
      </trkpt>
      <trkpt lat="40.01339097507297992706298828125" lon="9.29890994913876056671142578125">
        <ele>1717</ele>
        <time>2026-09-18T09:34:11.000Z</time>
      </trkpt>
      <trkpt lat="40.0133538432419300079345703125" lon="9.29884255863726139068603515625">
        <ele>1715.800048828125</ele>
        <time>2026-09-18T09:34:16.000Z</time>
      </trkpt>
      <trkpt lat="40.0133394263684749603271484375" lon="9.2988352663815021514892578125">
        <ele>1715.199951171875</ele>
        <time>2026-09-18T09:34:17.000Z</time>
      </trkpt>
      <trkpt lat="40.0132827647030353546142578125" lon="9.29876108653843402862548828125">
        <ele>1712.199951171875</ele>
        <time>2026-09-18T09:34:25.000Z</time>
      </trkpt>
      <trkpt lat="40.01325108110904693603515625" lon="9.29872454144060611724853515625">
        <ele>1710.4000244140625</ele>
        <time>2026-09-18T09:34:29.000Z</time>
      </trkpt>
      <trkpt lat="40.01323557458817958831787109375" lon="9.29872403852641582489013671875">
        <ele>1709.5999755859375</ele>
        <time>2026-09-18T09:34:31.000Z</time>
      </trkpt>
      <trkpt lat="40.0132214091718196868896484375" lon="9.29873040877282619476318359375">
        <ele>1708.800048828125</ele>
        <time>2026-09-18T09:34:33.000Z</time>
      </trkpt>
      <trkpt lat="40.0132019631564617156982421875" lon="9.29872605018317699432373046875">
        <ele>1707.5999755859375</ele>
        <time>2026-09-18T09:34:35.000Z</time>
      </trkpt>
      <trkpt lat="40.01315577886998653411865234375" lon="9.29867894388735294342041015625">
        <ele>1705.199951171875</ele>
        <time>2026-09-18T09:34:40.000Z</time>
      </trkpt>
      <trkpt lat="40.01311018131673336029052734375" lon="9.29857400245964527130126953125">
        <ele>1703.199951171875</ele>
        <time>2026-09-18T09:34:48.000Z</time>
      </trkpt>
      <trkpt lat="40.0130988657474517822265625" lon="9.29854986257851123809814453125">
        <ele>1702.5999755859375</ele>
        <time>2026-09-18T09:34:50.000Z</time>
      </trkpt>
      <trkpt lat="40.01308470033109188079833984375" lon="9.29852689616382122039794921875">
        <ele>1701.800048828125</ele>
        <time>2026-09-18T09:34:53.000Z</time>
      </trkpt>
      <trkpt lat="40.01307229511439800262451171875" lon="9.2985368706285953521728515625">
        <ele>1701.199951171875</ele>
        <time>2026-09-18T09:34:55.000Z</time>
      </trkpt>
      <trkpt lat="40.013063661754131317138671875" lon="9.298541732132434844970703125">
        <ele>1700.800048828125</ele>
        <time>2026-09-18T09:34:56.000Z</time>
      </trkpt>
      <trkpt lat="40.013040192425251007080078125" lon="9.29853678680956363677978515625">
        <ele>1699.4000244140625</ele>
        <time>2026-09-18T09:34:59.000Z</time>
      </trkpt>
      <trkpt lat="40.013026110827922821044921875" lon="9.298543073236942291259765625">
        <ele>1698.800048828125</ele>
        <time>2026-09-18T09:35:01.000Z</time>
      </trkpt>
      <trkpt lat="40.0130148790776729583740234375" lon="9.2985439114272594451904296875">
        <ele>1698.199951171875</ele>
        <time>2026-09-18T09:35:02.000Z</time>
      </trkpt>
      <trkpt lat="40.01298688352108001708984375" lon="9.29851298220455646514892578125">
        <ele>1696.5999755859375</ele>
        <time>2026-09-18T09:35:07.000Z</time>
      </trkpt>
      <trkpt lat="40.01296542584896087646484375" lon="9.29844575934112071990966796875">
        <ele>1695.4000244140625</ele>
        <time>2026-09-18T09:35:15.000Z</time>
      </trkpt>
      <trkpt lat="40.01295008696615695953369140625" lon="9.2983350344002246856689453125">
        <ele>1694.5999755859375</ele>
        <time>2026-09-18T09:35:21.000Z</time>
      </trkpt>
      <trkpt lat="40.0129521824419498443603515625" lon="9.29827921092510223388671875">
        <ele>1694.5999755859375</ele>
        <time>2026-09-18T09:35:24.000Z</time>
      </trkpt>
      <trkpt lat="40.01295067369937896728515625" lon="9.29814853705465793609619140625">
        <ele>1693.4000244140625</ele>
        <time>2026-09-18T09:35:32.000Z</time>
      </trkpt>
      <trkpt lat="40.01291521824896335601806640625" lon="9.2980639636516571044921875">
        <ele>1691.199951171875</ele>
        <time>2026-09-18T09:35:38.000Z</time>
      </trkpt>
      <trkpt lat="40.012902058660984039306640625" lon="9.2980292625725269317626953125">
        <ele>1690.4000244140625</ele>
        <time>2026-09-18T09:35:40.000Z</time>
      </trkpt>
      <trkpt lat="40.01290482468903064727783203125" lon="9.2978797294199466705322265625">
        <ele>1688</ele>
        <time>2026-09-18T09:35:48.000Z</time>
      </trkpt>
      <trkpt lat="40.0129049085080623626708984375" lon="9.2978421784937381744384765625">
        <ele>1687.199951171875</ele>
        <time>2026-09-18T09:35:50.000Z</time>
      </trkpt>
      <trkpt lat="40.012916140258312225341796875" lon="9.29772105999290943145751953125">
        <ele>1684.800048828125</ele>
        <time>2026-09-18T09:35:56.000Z</time>
      </trkpt>
      <trkpt lat="40.01292611472308635711669921875" lon="9.29762081243097782135009765625">
        <ele>1683</ele>
        <time>2026-09-18T09:36:03.000Z</time>
      </trkpt>
      <trkpt lat="40.01292779110372066497802734375" lon="9.29756465367972850799560546875">
        <ele>1681.800048828125</ele>
        <time>2026-09-18T09:36:08.000Z</time>
      </trkpt>
      <trkpt lat="40.01292091794312000274658203125" lon="9.2975377477705478668212890625">
        <ele>1681</ele>
        <time>2026-09-18T09:36:10.000Z</time>
      </trkpt>
      <trkpt lat="40.01293382607400417327880859375" lon="9.29750598035752773284912109375">
        <ele>1680.800048828125</ele>
        <time>2026-09-18T09:36:12.000Z</time>
      </trkpt>
      <trkpt lat="40.0129384361207485198974609375" lon="9.29749223403632640838623046875">
        <ele>1680.5999755859375</ele>
        <time>2026-09-18T09:36:13.000Z</time>
      </trkpt>
      <trkpt lat="40.012939609587192535400390625" lon="9.2974388413131237030029296875">
        <ele>1679.4000244140625</ele>
        <time>2026-09-18T09:36:17.000Z</time>
      </trkpt>
      <trkpt lat="40.01294220797717571258544921875" lon="9.29741579107940196990966796875">
        <ele>1679</ele>
        <time>2026-09-18T09:36:20.000Z</time>
      </trkpt>
      <trkpt lat="40.01291655935347080230712890625" lon="9.2974230833351612091064453125">
        <ele>1678.4000244140625</ele>
        <time>2026-09-18T09:36:23.000Z</time>
      </trkpt>
      <trkpt lat="40.01288286410272121429443359375" lon="9.2974613048136234283447265625">
        <ele>1678</ele>
        <time>2026-09-18T09:36:26.000Z</time>
      </trkpt>
      <trkpt lat="40.0128279626369476318359375" lon="9.29754353128373622894287109375">
        <ele>1677.800048828125</ele>
        <time>2026-09-18T09:36:32.000Z</time>
      </trkpt>
      <trkpt lat="40.0127996318042278289794921875" lon="9.297608993947505950927734375">
        <ele>1678.199951171875</ele>
        <time>2026-09-18T09:36:39.000Z</time>
      </trkpt>
      <trkpt lat="40.01279938034713268280029296875" lon="9.29760891012847423553466796875">
        <ele>1678.199951171875</ele>
        <time>2026-09-18T09:36:43.000Z</time>
      </trkpt>
      <trkpt lat="40.0127986259758472442626953125" lon="9.29760907776653766632080078125">
        <ele>1678.199951171875</ele>
        <time>2026-09-18T09:36:52.000Z</time>
      </trkpt>
      <trkpt lat="40.0127986259758472442626953125" lon="9.29760907776653766632080078125">
        <ele>1678.199951171875</ele>
        <time>2026-09-18T09:36:56.000Z</time>
      </trkpt>
      <trkpt lat="40.012836344540119171142578125" lon="9.29754135198891162872314453125">
        <ele>1678</ele>
        <time>2026-09-18T09:37:03.000Z</time>
      </trkpt>
      <trkpt lat="40.012955702841281890869140625" lon="9.29738360457122325897216796875">
        <ele>1678.5999755859375</ele>
        <time>2026-09-18T09:37:13.000Z</time>
      </trkpt>
      <trkpt lat="40.0130007974803447723388671875" lon="9.29723507724702358245849609375">
        <ele>1676.199951171875</ele>
        <time>2026-09-18T09:37:19.000Z</time>
      </trkpt>
      <trkpt lat="40.01303784549236297607421875" lon="9.29709258489310741424560546875">
        <ele>1674.199951171875</ele>
        <time>2026-09-18T09:37:27.000Z</time>
      </trkpt>
      <trkpt lat="40.013089813292026519775390625" lon="9.2969225160777568817138671875">
        <ele>1671.5999755859375</ele>
        <time>2026-09-18T09:37:36.000Z</time>
      </trkpt>
      <trkpt lat="40.01309274695813655853271484375" lon="9.29673702456057071685791015625">
        <ele>1669</ele>
        <time>2026-09-18T09:37:45.000Z</time>
      </trkpt>
      <trkpt lat="40.01309174112975597381591796875" lon="9.2966257967054843902587890625">
        <ele>1667.4000244140625</ele>
        <time>2026-09-18T09:37:51.000Z</time>
      </trkpt>
      <trkpt lat="40.01308537088334560394287109375" lon="9.29659076035022735595703125">
        <ele>1667</ele>
        <time>2026-09-18T09:37:53.000Z</time>
      </trkpt>
      <trkpt lat="40.01308000646531581878662109375" lon="9.29657525382936000823974609375">
        <ele>1666.800048828125</ele>
        <time>2026-09-18T09:37:54.000Z</time>
      </trkpt>
      <trkpt lat="40.0130685232579708099365234375" lon="9.296542815864086151123046875">
        <ele>1666.4000244140625</ele>
        <time>2026-09-18T09:37:56.000Z</time>
      </trkpt>
      <trkpt lat="40.0130598060786724090576171875" lon="9.29649210534989833831787109375">
        <ele>1666</ele>
        <time>2026-09-18T09:37:59.000Z</time>
      </trkpt>
      <trkpt lat="40.0130505859851837158203125" lon="9.29640040732920169830322265625">
        <ele>1664.5999755859375</ele>
        <time>2026-09-18T09:38:05.000Z</time>
      </trkpt>
      <trkpt lat="40.01305771060287952423095703125" lon="9.29632245562970638275146484375">
        <ele>1663.4000244140625</ele>
        <time>2026-09-18T09:38:10.000Z</time>
      </trkpt>
      <trkpt lat="40.01306324265897274017333984375" lon="9.29628959856927394866943359375">
        <ele>1663.4000244140625</ele>
        <time>2026-09-18T09:38:12.000Z</time>
      </trkpt>
      <trkpt lat="40.01305838115513324737548828125" lon="9.29623763076961040496826171875">
        <ele>1663.199951171875</ele>
        <time>2026-09-18T09:38:15.000Z</time>
      </trkpt>
      <trkpt lat="40.01305335201323032379150390625" lon="9.2961885966360569000244140625">
        <ele>1662.800048828125</ele>
        <time>2026-09-18T09:38:18.000Z</time>
      </trkpt>
      <trkpt lat="40.01304781995713710784912109375" lon="9.29617828689515590667724609375">
        <ele>1662.5999755859375</ele>
        <time>2026-09-18T09:38:19.000Z</time>
      </trkpt>
      <trkpt lat="40.01303005032241344451904296875" lon="9.29617392830550670623779296875">
        <ele>1662.4000244140625</ele>
        <time>2026-09-18T09:38:21.000Z</time>
      </trkpt>
      <trkpt lat="40.01302083022892475128173828125" lon="9.2961805500090122222900390625">
        <ele>1662.199951171875</ele>
        <time>2026-09-18T09:38:22.000Z</time>
      </trkpt>
      <trkpt lat="40.01298612914979457855224609375" lon="9.2962170951068401336669921875">
        <ele>1661.800048828125</ele>
        <time>2026-09-18T09:38:25.000Z</time>
      </trkpt>
      <trkpt lat="40.0129756517708301544189453125" lon="9.29626847617328166961669921875">
        <ele>1661.800048828125</ele>
        <time>2026-09-18T09:38:28.000Z</time>
      </trkpt>
      <trkpt lat="40.0129528529942035675048828125" lon="9.29633921943604946136474609375">
        <ele>1661.800048828125</ele>
        <time>2026-09-18T09:38:33.000Z</time>
      </trkpt>
      <trkpt lat="40.0129471533000469207763671875" lon="9.29637081921100616455078125">
        <ele>1662</ele>
        <time>2026-09-18T09:38:37.000Z</time>
      </trkpt>
      <trkpt lat="40.0129464827477931976318359375" lon="9.29637710563838481903076171875">
        <ele>1662</ele>
        <time>2026-09-18T09:38:50.000Z</time>
      </trkpt>
      <trkpt lat="40.0129464827477931976318359375" lon="9.2963736690580844879150390625">
        <ele>1662</ele>
        <time>2026-09-18T09:38:59.000Z</time>
      </trkpt>
      <trkpt lat="40.01295746304094791412353515625" lon="9.2963716574013233184814453125">
        <ele>1662.4000244140625</ele>
        <time>2026-09-18T09:39:29.000Z</time>
      </trkpt>
      <trkpt lat="40.01295729540288448333740234375" lon="9.296373836696147918701171875">
        <ele>1662.4000244140625</ele>
        <time>2026-09-18T09:39:33.000Z</time>
      </trkpt>
      <trkpt lat="40.01292477361857891082763671875" lon="9.29645002819597721099853515625">
        <ele>1661.199951171875</ele>
        <time>2026-09-18T09:39:48.000Z</time>
      </trkpt>
      <trkpt lat="40.012883953750133514404296875" lon="9.29660953581333160400390625">
        <ele>1660</ele>
        <time>2026-09-18T09:39:56.000Z</time>
      </trkpt>
      <trkpt lat="40.01286107115447521209716796875" lon="9.296721518039703369140625">
        <ele>1660.4000244140625</ele>
        <time>2026-09-18T09:40:03.000Z</time>
      </trkpt>
      <trkpt lat="40.0128574669361114501953125" lon="9.296777509152889251708984375">
        <ele>1661</ele>
        <time>2026-09-18T09:40:06.000Z</time>
      </trkpt>
      <trkpt lat="40.012828297913074493408203125" lon="9.2969121225178241729736328125">
        <ele>1662</ele>
        <time>2026-09-18T09:40:14.000Z</time>
      </trkpt>
      <trkpt lat="40.0127582252025604248046875" lon="9.297083280980587005615234375">
        <ele>1664</ele>
        <time>2026-09-18T09:40:23.000Z</time>
      </trkpt>
      <trkpt lat="40.0126722268760204315185546875" lon="9.2972767353057861328125">
        <ele>1665.199951171875</ele>
        <time>2026-09-18T09:40:34.000Z</time>
      </trkpt>
      <trkpt lat="40.01260072924196720123291015625" lon="9.29744797758758068084716796875">
        <ele>1667.199951171875</ele>
        <time>2026-09-18T09:40:41.000Z</time>
      </trkpt>
      <trkpt lat="40.01254943199455738067626953125" lon="9.29757135920226573944091796875">
        <ele>1667.800048828125</ele>
        <time>2026-09-18T09:40:49.000Z</time>
      </trkpt>
      <trkpt lat="40.012526549398899078369140625" lon="9.29765023291110992431640625">
        <ele>1668.4000244140625</ele>
        <time>2026-09-18T09:40:54.000Z</time>
      </trkpt>
      <trkpt lat="40.0125153176486492156982421875" lon="9.29771502502262592315673828125">
        <ele>1669</ele>
        <time>2026-09-18T09:40:58.000Z</time>
      </trkpt>
      <trkpt lat="40.01248036511242389678955078125" lon="9.29784645326435565948486328125">
        <ele>1668.5999755859375</ele>
        <time>2026-09-18T09:41:06.000Z</time>
      </trkpt>
      <trkpt lat="40.0124683789908885955810546875" lon="9.29791518487036228179931640625">
        <ele>1668.5999755859375</ele>
        <time>2026-09-18T09:41:10.000Z</time>
      </trkpt>
      <trkpt lat="40.0124599970877170562744140625" lon="9.29799062199890613555908203125">
        <ele>1669</ele>
        <time>2026-09-18T09:41:15.000Z</time>
      </trkpt>
      <trkpt lat="40.01246594823896884918212890625" lon="9.29807578213512897491455078125">
        <ele>1670.199951171875</ele>
        <time>2026-09-18T09:41:20.000Z</time>
      </trkpt>
      <trkpt lat="40.01246544532477855682373046875" lon="9.29811584763228893280029296875">
        <ele>1670.5999755859375</ele>
        <time>2026-09-18T09:41:22.000Z</time>
      </trkpt>
      <trkpt lat="40.0124630145728588104248046875" lon="9.2981529794633388519287109375">
        <ele>1670.800048828125</ele>
        <time>2026-09-18T09:41:24.000Z</time>
      </trkpt>
      <trkpt lat="40.0124747492372989654541015625" lon="9.298274181783199310302734375">
        <ele>1672.4000244140625</ele>
        <time>2026-09-18T09:41:31.000Z</time>
      </trkpt>
      <trkpt lat="40.012477599084377288818359375" lon="9.29833964444696903228759765625">
        <ele>1672</ele>
        <time>2026-09-18T09:41:34.000Z</time>
      </trkpt>
      <trkpt lat="40.0124750845134258270263671875" lon="9.2983992397785186767578125">
        <ele>1671.5999755859375</ele>
        <time>2026-09-18T09:41:41.000Z</time>
      </trkpt>
      <trkpt lat="40.0124703906476497650146484375" lon="9.29845296777784824371337890625">
        <ele>1671.4000244140625</ele>
        <time>2026-09-18T09:41:45.000Z</time>
      </trkpt>
      <trkpt lat="40.01246997155249118804931640625" lon="9.29847710765898227691650390625">
        <ele>1671.4000244140625</ele>
        <time>2026-09-18T09:41:47.000Z</time>
      </trkpt>
      <trkpt lat="40.0124770961701869964599609375" lon="9.2985167540609836578369140625">
        <ele>1671.5999755859375</ele>
        <time>2026-09-18T09:41:50.000Z</time>
      </trkpt>
      <trkpt lat="40.01247416250407695770263671875" lon="9.2986025847494602203369140625">
        <ele>1671</ele>
        <time>2026-09-18T09:41:55.000Z</time>
      </trkpt>
      <trkpt lat="40.01248455606400966644287109375" lon="9.2987038381397724151611328125">
        <ele>1670.4000244140625</ele>
        <time>2026-09-18T09:42:00.000Z</time>
      </trkpt>
      <trkpt lat="40.01250282861292362213134765625" lon="9.29876946844160556793212890625">
        <ele>1670.4000244140625</ele>
        <time>2026-09-18T09:42:04.000Z</time>
      </trkpt>
      <trkpt lat="40.01253501512110233306884765625" lon="9.29885328747332096099853515625">
        <ele>1670.5999755859375</ele>
        <time>2026-09-18T09:42:11.000Z</time>
      </trkpt>
      <trkpt lat="40.01263626851141452789306640625" lon="9.29898555390536785125732421875">
        <ele>1672.199951171875</ele>
        <time>2026-09-18T09:42:22.000Z</time>
      </trkpt>
      <trkpt lat="40.01273551024496555328369140625" lon="9.29914413951337337493896484375">
        <ele>1674.5999755859375</ele>
        <time>2026-09-18T09:42:32.000Z</time>
      </trkpt>
      <trkpt lat="40.01276015304028987884521484375" lon="9.29917565546929836273193359375">
        <ele>1675.5999755859375</ele>
        <time>2026-09-18T09:42:34.000Z</time>
      </trkpt>
      <trkpt lat="40.01282435841858386993408203125" lon="9.2992949299514293670654296875">
        <ele>1677.4000244140625</ele>
        <time>2026-09-18T09:42:41.000Z</time>
      </trkpt>
      <trkpt lat="40.0128415413200855255126953125" lon="9.29931881837546825408935546875">
        <ele>1678</ele>
        <time>2026-09-18T09:42:43.000Z</time>
      </trkpt>
      <trkpt lat="40.012881271541118621826171875" lon="9.29939023219048976898193359375">
        <ele>1679.199951171875</ele>
        <time>2026-09-18T09:42:50.000Z</time>
      </trkpt>
      <trkpt lat="40.01294254325330257415771484375" lon="9.2995083332061767578125">
        <ele>1680.800048828125</ele>
        <time>2026-09-18T09:42:59.000Z</time>
      </trkpt>
      <trkpt lat="40.01296064816415309906005859375" lon="9.29955703206360340118408203125">
        <ele>1681</ele>
        <time>2026-09-18T09:43:03.000Z</time>
      </trkpt>
      <trkpt lat="40.0129833631217479705810546875" lon="9.29961654357612133026123046875">
        <ele>1681.199951171875</ele>
        <time>2026-09-18T09:43:07.000Z</time>
      </trkpt>
      <trkpt lat="40.01302150078117847442626953125" lon="9.299694411456584930419921875">
        <ele>1682.199951171875</ele>
        <time>2026-09-18T09:43:14.000Z</time>
      </trkpt>
      <trkpt lat="40.01302979886531829833984375" lon="9.29973171092569828033447265625">
        <ele>1682.199951171875</ele>
        <time>2026-09-18T09:43:17.000Z</time>
      </trkpt>
      <trkpt lat="40.0130474008619785308837890625" lon="9.299780242145061492919921875">
        <ele>1682.5999755859375</ele>
        <time>2026-09-18T09:43:20.000Z</time>
      </trkpt>
      <trkpt lat="40.013104565441608428955078125" lon="9.29992382414638996124267578125">
        <ele>1683.4000244140625</ele>
        <time>2026-09-18T09:43:28.000Z</time>
      </trkpt>
      <trkpt lat="40.01311286352574825286865234375" lon="9.299945533275604248046875">
        <ele>1683.5999755859375</ele>
        <time>2026-09-18T09:43:30.000Z</time>
      </trkpt>
      <trkpt lat="40.0131256878376007080078125" lon="9.2999939806759357452392578125">
        <ele>1683.800048828125</ele>
        <time>2026-09-18T09:43:34.000Z</time>
      </trkpt>
      <trkpt lat="40.01315108500421047210693359375" lon="9.30010420270264148712158203125">
        <ele>1684.199951171875</ele>
        <time>2026-09-18T09:43:41.000Z</time>
      </trkpt>
      <trkpt lat="40.01317522488534450531005859375" lon="9.3002246506512165069580078125">
        <ele>1684.199951171875</ele>
        <time>2026-09-18T09:43:47.000Z</time>
      </trkpt>
      <trkpt lat="40.01318964175879955291748046875" lon="9.3003839068114757537841796875">
        <ele>1683.5999755859375</ele>
        <time>2026-09-18T09:43:55.000Z</time>
      </trkpt>
      <trkpt lat="40.013187713921070098876953125" lon="9.30039941333234310150146484375">
        <ele>1683.199951171875</ele>
        <time>2026-09-18T09:43:56.000Z</time>
      </trkpt>
      <trkpt lat="40.013188384473323822021484375" lon="9.300413243472576141357421875">
        <ele>1683.199951171875</ele>
        <time>2026-09-18T09:43:57.000Z</time>
      </trkpt>
      <trkpt lat="40.01320824958384037017822265625" lon="9.30048909969627857208251953125">
        <ele>1683.800048828125</ele>
        <time>2026-09-18T09:44:02.000Z</time>
      </trkpt>
      <trkpt lat="40.01325108110904693603515625" lon="9.3006387166678905487060546875">
        <ele>1686.5999755859375</ele>
        <time>2026-09-18T09:44:12.000Z</time>
      </trkpt>
      <trkpt lat="40.013288967311382293701171875" lon="9.300750531256198883056640625">
        <ele>1689.199951171875</ele>
        <time>2026-09-18T09:44:19.000Z</time>
      </trkpt>
      <trkpt lat="40.01328687183558940887451171875" lon="9.3008546344935894012451171875">
        <ele>1689.199951171875</ele>
        <time>2026-09-18T09:44:27.000Z</time>
      </trkpt>
      <trkpt lat="40.01327832229435443878173828125" lon="9.30090215988457202911376953125">
        <ele>1688.5999755859375</ele>
        <time>2026-09-18T09:44:30.000Z</time>
      </trkpt>
      <trkpt lat="40.013264156877994537353515625" lon="9.30095714516937732696533203125">
        <ele>1687.800048828125</ele>
        <time>2026-09-18T09:44:33.000Z</time>
      </trkpt>
      <trkpt lat="40.0132329761981964111328125" lon="9.30100726895034313201904296875">
        <ele>1686</ele>
        <time>2026-09-18T09:44:37.000Z</time>
      </trkpt>
      <trkpt lat="40.01320548355579376220703125" lon="9.30113869719207286834716796875">
        <ele>1685</ele>
        <time>2026-09-18T09:44:45.000Z</time>
      </trkpt>
      <trkpt lat="40.01320690847933292388916015625" lon="9.301157891750335693359375">
        <ele>1685.199951171875</ele>
        <time>2026-09-18T09:44:46.000Z</time>
      </trkpt>
      <trkpt lat="40.01321428455412387847900390625" lon="9.30128018371760845184326171875">
        <ele>1686.5999755859375</ele>
        <time>2026-09-18T09:44:54.000Z</time>
      </trkpt>
      <trkpt lat="40.013227276504039764404296875" lon="9.30141094140708446502685546875">
        <ele>1688.199951171875</ele>
        <time>2026-09-18T09:45:03.000Z</time>
      </trkpt>
      <trkpt lat="40.0132633186876773834228515625" lon="9.30156734772026538848876953125">
        <ele>1691.199951171875</ele>
        <time>2026-09-18T09:45:12.000Z</time>
      </trkpt>
      <trkpt lat="40.01326658762991428375244140625" lon="9.30163138546049594879150390625">
        <ele>1691.800048828125</ele>
        <time>2026-09-18T09:45:17.000Z</time>
      </trkpt>
      <trkpt lat="40.01328594982624053955078125" lon="9.3016817606985569000244140625">
        <ele>1693</ele>
        <time>2026-09-18T09:45:20.000Z</time>
      </trkpt>
      <trkpt lat="40.013317130506038665771484375" lon="9.30183003656566143035888671875">
        <ele>1694.800048828125</ele>
        <time>2026-09-18T09:45:30.000Z</time>
      </trkpt>
      <trkpt lat="40.01333632506430149078369140625" lon="9.30187404155731201171875">
        <ele>1696</ele>
        <time>2026-09-18T09:45:34.000Z</time>
      </trkpt>
      <trkpt lat="40.0133649073541164398193359375" lon="9.3019013665616512298583984375">
        <ele>1697.5999755859375</ele>
        <time>2026-09-18T09:45:37.000Z</time>
      </trkpt>
      <trkpt lat="40.0134021230041980743408203125" lon="9.3019355647265911102294921875">
        <ele>1700</ele>
        <time>2026-09-18T09:45:41.000Z</time>
      </trkpt>
      <trkpt lat="40.013411678373813629150390625" lon="9.30198091082274913787841796875">
        <ele>1700.5999755859375</ele>
        <time>2026-09-18T09:45:45.000Z</time>
      </trkpt>
      <trkpt lat="40.01341176219284534454345703125" lon="9.3021270073950290679931640625">
        <ele>1701.199951171875</ele>
        <time>2026-09-18T09:45:54.000Z</time>
      </trkpt>
      <trkpt lat="40.013380832970142364501953125" lon="9.30225315503776073455810546875">
        <ele>1701</ele>
        <time>2026-09-18T09:46:03.000Z</time>
      </trkpt>
      <trkpt lat="40.01337186433374881744384765625" lon="9.3023060448467731475830078125">
        <ele>1701.4000244140625</ele>
        <time>2026-09-18T09:46:06.000Z</time>
      </trkpt>
      <trkpt lat="40.013374127447605133056640625" lon="9.3023818172514438629150390625">
        <ele>1702.4000244140625</ele>
        <time>2026-09-18T09:46:10.000Z</time>
      </trkpt>
      <trkpt lat="40.01337714493274688720703125" lon="9.30239975452423095703125">
        <ele>1702.5999755859375</ele>
        <time>2026-09-18T09:46:11.000Z</time>
      </trkpt>
      <trkpt lat="40.01337605528533458709716796875" lon="9.302418194711208343505859375">
        <ele>1702.5999755859375</ele>
        <time>2026-09-18T09:46:12.000Z</time>
      </trkpt>
      <trkpt lat="40.01334068365395069122314453125" lon="9.30246873758733272552490234375">
        <ele>1701</ele>
        <time>2026-09-18T09:46:16.000Z</time>
      </trkpt>
      <trkpt lat="40.01326709054410457611083984375" lon="9.302579127252101898193359375">
        <ele>1698.4000244140625</ele>
        <time>2026-09-18T09:46:24.000Z</time>
      </trkpt>
      <trkpt lat="40.01323364675045013427734375" lon="9.302617348730564117431640625">
        <ele>1697.199951171875</ele>
        <time>2026-09-18T09:46:28.000Z</time>
      </trkpt>
      <trkpt lat="40.0132157094776630401611328125" lon="9.30264048278331756591796875">
        <ele>1696.5999755859375</ele>
        <time>2026-09-18T09:46:30.000Z</time>
      </trkpt>
      <trkpt lat="40.01320682466030120849609375" lon="9.302657581865787506103515625">
        <ele>1696.4000244140625</ele>
        <time>2026-09-18T09:46:31.000Z</time>
      </trkpt>
      <trkpt lat="40.01319433562457561492919921875" lon="9.30269546806812286376953125">
        <ele>1696.199951171875</ele>
        <time>2026-09-18T09:46:33.000Z</time>
      </trkpt>
      <trkpt lat="40.013173632323741912841796875" lon="9.30275447666645050048828125">
        <ele>1696</ele>
        <time>2026-09-18T09:46:37.000Z</time>
      </trkpt>
      <trkpt lat="40.01316650770604610443115234375" lon="9.30277995765209197998046875">
        <ele>1695.800048828125</ele>
        <time>2026-09-18T09:46:39.000Z</time>
      </trkpt>
      <trkpt lat="40.0131417810916900634765625" lon="9.30291138589382171630859375">
        <ele>1696.199951171875</ele>
        <time>2026-09-18T09:46:48.000Z</time>
      </trkpt>
      <trkpt lat="40.01316122710704803466796875" lon="9.30299176834523677825927734375">
        <ele>1698.800048828125</ele>
        <time>2026-09-18T09:46:55.000Z</time>
      </trkpt>
      <trkpt lat="40.0131567008793354034423828125" lon="9.30304013192653656005859375">
        <ele>1699.800048828125</ele>
        <time>2026-09-18T09:46:59.000Z</time>
      </trkpt>
      <trkpt lat="40.01315074972808361053466796875" lon="9.30306133814156055450439453125">
        <ele>1700</ele>
        <time>2026-09-18T09:47:01.000Z</time>
      </trkpt>
      <trkpt lat="40.0131218321621417999267578125" lon="9.303144402801990509033203125">
        <ele>1700.4000244140625</ele>
        <time>2026-09-18T09:47:06.000Z</time>
      </trkpt>
      <trkpt lat="40.01311470754444599151611328125" lon="9.30316309444606304168701171875">
        <ele>1700.5999755859375</ele>
        <time>2026-09-18T09:47:07.000Z</time>
      </trkpt>
      <trkpt lat="40.01303658820688724517822265625" lon="9.303221516311168670654296875">
        <ele>1698.5999755859375</ele>
        <time>2026-09-18T09:47:13.000Z</time>
      </trkpt>
      <trkpt lat="40.01288554631173610687255859375" lon="9.3032800219953060150146484375">
        <ele>1694</ele>
        <time>2026-09-18T09:47:23.000Z</time>
      </trkpt>
      <trkpt lat="40.0128740631043910980224609375" lon="9.3032889068126678466796875">
        <ele>1694</ele>
        <time>2026-09-18T09:47:24.000Z</time>
      </trkpt>
      <trkpt lat="40.0128185749053955078125" lon="9.30332318879663944244384765625">
        <ele>1693.800048828125</ele>
        <time>2026-09-18T09:47:30.000Z</time>
      </trkpt>
      <trkpt lat="40.01280876807868480682373046875" lon="9.30332520045340061187744140625">
        <ele>1693.5999755859375</ele>
        <time>2026-09-18T09:47:31.000Z</time>
      </trkpt>
      <trkpt lat="40.0127721391618251800537109375" lon="9.30333073250949382781982421875">
        <ele>1692.800048828125</ele>
        <time>2026-09-18T09:47:34.000Z</time>
      </trkpt>
      <trkpt lat="40.01269661821424961090087890625" lon="9.30336467921733856201171875">
        <ele>1691.800048828125</ele>
        <time>2026-09-18T09:47:39.000Z</time>
      </trkpt>
      <trkpt lat="40.012600310146808624267578125" lon="9.3033889867365360260009765625">
        <ele>1689.5999755859375</ele>
        <time>2026-09-18T09:47:46.000Z</time>
      </trkpt>
      <trkpt lat="40.0125726498663425445556640625" lon="9.303383789956569671630859375">
        <ele>1688.800048828125</ele>
        <time>2026-09-18T09:47:48.000Z</time>
      </trkpt>
      <trkpt lat="40.01244499348104000091552734375" lon="9.30334045551717281341552734375">
        <ele>1684.800048828125</ele>
        <time>2026-09-18T09:47:58.000Z</time>
      </trkpt>
      <trkpt lat="40.0124358572065830230712890625" lon="9.3033437244594097137451171875">
        <ele>1684.5999755859375</ele>
        <time>2026-09-18T09:47:59.000Z</time>
      </trkpt>
      <trkpt lat="40.012354217469692230224609375" lon="9.30336241610348224639892578125">
        <ele>1684.4000244140625</ele>
        <time>2026-09-18T09:48:06.000Z</time>
      </trkpt>
      <trkpt lat="40.0122377090156078338623046875" lon="9.30344556458294391632080078125">
        <ele>1686.4000244140625</ele>
        <time>2026-09-18T09:48:16.000Z</time>
      </trkpt>
      <trkpt lat="40.01220074482262134552001953125" lon="9.30347221903502941131591796875">
        <ele>1687</ele>
        <time>2026-09-18T09:48:19.000Z</time>
      </trkpt>
      <trkpt lat="40.0121475197374820709228515625" lon="9.30353105999529361724853515625">
        <ele>1688.800048828125</ele>
        <time>2026-09-18T09:48:25.000Z</time>
      </trkpt>
      <trkpt lat="40.012075603008270263671875" lon="9.30356861092150211334228515625">
        <ele>1689</ele>
        <time>2026-09-18T09:48:31.000Z</time>
      </trkpt>
      <trkpt lat="40.012061186134815216064453125" lon="9.30357364006340503692626953125">
        <ele>1688.5999755859375</ele>
        <time>2026-09-18T09:48:32.000Z</time>
      </trkpt>
      <trkpt lat="40.01195716671645641326904296875" lon="9.30366567336022853851318359375">
        <ele>1688.199951171875</ele>
        <time>2026-09-18T09:48:41.000Z</time>
      </trkpt>
      <trkpt lat="40.01194509677588939666748046875" lon="9.3037195689976215362548828125">
        <ele>1689.5999755859375</ele>
        <time>2026-09-18T09:48:45.000Z</time>
      </trkpt>
      <trkpt lat="40.0119131617248058319091796875" lon="9.30378017015755176544189453125">
        <ele>1690.4000244140625</ele>
        <time>2026-09-18T09:48:49.000Z</time>
      </trkpt>
      <trkpt lat="40.01183043234050273895263671875" lon="9.3039146997034549713134765625">
        <ele>1690.4000244140625</ele>
        <time>2026-09-18T09:48:59.000Z</time>
      </trkpt>
      <trkpt lat="40.01177997328341007232666015625" lon="9.30408024229109287261962890625">
        <ele>1691</ele>
        <time>2026-09-18T09:49:09.000Z</time>
      </trkpt>
      <trkpt lat="40.0117094814777374267578125" lon="9.30420152842998504638671875">
        <ele>1690.5999755859375</ele>
        <time>2026-09-18T09:49:16.000Z</time>
      </trkpt>
      <trkpt lat="40.01165089197456836700439453125" lon="9.30429414846003055572509765625">
        <ele>1689.199951171875</ele>
        <time>2026-09-18T09:49:23.000Z</time>
      </trkpt>
      <trkpt lat="40.01157009042799472808837890625" lon="9.3044655583798885345458984375">
        <ele>1686.4000244140625</ele>
        <time>2026-09-18T09:49:35.000Z</time>
      </trkpt>
      <trkpt lat="40.01155299134552478790283203125" lon="9.30463696829974651336669921875">
        <ele>1687.800048828125</ele>
        <time>2026-09-18T09:49:44.000Z</time>
      </trkpt>
      <trkpt lat="40.0115232355892658233642578125" lon="9.3047559075057506561279296875">
        <ele>1687.800048828125</ele>
        <time>2026-09-18T09:49:51.000Z</time>
      </trkpt>
      <trkpt lat="40.0114809907972812652587890625" lon="9.304833523929119110107421875">
        <ele>1686.5999755859375</ele>
        <time>2026-09-18T09:49:56.000Z</time>
      </trkpt>
      <trkpt lat="40.01147948205471038818359375" lon="9.3048454262316226959228515625">
        <ele>1686.800048828125</ele>
        <time>2026-09-18T09:49:57.000Z</time>
      </trkpt>
      <trkpt lat="40.01147705130279064178466796875" lon="9.3048910237848758697509765625">
        <ele>1687.199951171875</ele>
        <time>2026-09-18T09:50:02.000Z</time>
      </trkpt>
      <trkpt lat="40.01143313013017177581787109375" lon="9.30497978813946247100830078125">
        <ele>1686</ele>
        <time>2026-09-18T09:50:08.000Z</time>
      </trkpt>
      <trkpt lat="40.0113659910857677459716796875" lon="9.30510115809738636016845703125">
        <ele>1684.199951171875</ele>
        <time>2026-09-18T09:50:17.000Z</time>
      </trkpt>
      <trkpt lat="40.01133405603468418121337890625" lon="9.3051703087985515594482421875">
        <ele>1683.199951171875</ele>
        <time>2026-09-18T09:50:23.000Z</time>
      </trkpt>
      <trkpt lat="40.01132852397859096527099609375" lon="9.30518447421491146087646484375">
        <ele>1683</ele>
        <time>2026-09-18T09:50:24.000Z</time>
      </trkpt>
      <trkpt lat="40.0112764723598957061767578125" lon="9.3053262121975421905517578125">
        <ele>1682</ele>
        <time>2026-09-18T09:50:33.000Z</time>
      </trkpt>
      <trkpt lat="40.011259205639362335205078125" lon="9.3053801916539669036865234375">
        <ele>1682.199951171875</ele>
        <time>2026-09-18T09:50:36.000Z</time>
      </trkpt>
      <trkpt lat="40.0112355686724185943603515625" lon="9.305476248264312744140625">
        <ele>1682.5999755859375</ele>
        <time>2026-09-18T09:50:41.000Z</time>
      </trkpt>
      <trkpt lat="40.01121201552450656890869140625" lon="9.3055783398449420928955078125">
        <ele>1682</ele>
        <time>2026-09-18T09:50:47.000Z</time>
      </trkpt>
      <trkpt lat="40.01117312349379062652587890625" lon="9.305744804441928863525390625">
        <ele>1680.5999755859375</ele>
        <time>2026-09-18T09:50:56.000Z</time>
      </trkpt>
      <trkpt lat="40.01114563085138797760009765625" lon="9.3059109337627887725830078125">
        <ele>1679.5999755859375</ele>
        <time>2026-09-18T09:51:06.000Z</time>
      </trkpt>
      <trkpt lat="40.01112501136958599090576171875" lon="9.30602702312171459197998046875">
        <ele>1679.5999755859375</ele>
        <time>2026-09-18T09:51:15.000Z</time>
      </trkpt>
      <trkpt lat="40.0111006200313568115234375" lon="9.306153841316699981689453125">
        <ele>1680.5999755859375</ele>
        <time>2026-09-18T09:51:23.000Z</time>
      </trkpt>
      <trkpt lat="40.01108159311115741729736328125" lon="9.3062891252338886260986328125">
        <ele>1681</ele>
        <time>2026-09-18T09:51:31.000Z</time>
      </trkpt>
      <trkpt lat="40.01105032861232757568359375" lon="9.3064078129827976226806640625">
        <ele>1680.4000244140625</ele>
        <time>2026-09-18T09:51:39.000Z</time>
      </trkpt>
      <trkpt lat="40.01102426089346408843994140625" lon="9.306526668369770050048828125">
        <ele>1680.5999755859375</ele>
        <time>2026-09-18T09:51:46.000Z</time>
      </trkpt>
      <trkpt lat="40.011022500693798065185546875" lon="9.30654385127127170562744140625">
        <ele>1680.800048828125</ele>
        <time>2026-09-18T09:51:47.000Z</time>
      </trkpt>
      <trkpt lat="40.01097598113119602203369140625" lon="9.30672372691333293914794921875">
        <ele>1680.199951171875</ele>
        <time>2026-09-18T09:51:59.000Z</time>
      </trkpt>
      <trkpt lat="40.01093273051083087921142578125" lon="9.306886084377765655517578125">
        <ele>1679.4000244140625</ele>
        <time>2026-09-18T09:52:10.000Z</time>
      </trkpt>
      <trkpt lat="40.01086617819964885711669921875" lon="9.30705900304019451141357421875">
        <ele>1676.5999755859375</ele>
        <time>2026-09-18T09:52:21.000Z</time>
      </trkpt>
      <trkpt lat="40.010820664465427398681640625" lon="9.3072527088224887847900390625">
        <ele>1674.800048828125</ele>
        <time>2026-09-18T09:52:31.000Z</time>
      </trkpt>
      <trkpt lat="40.01080490648746490478515625" lon="9.30745295248925685882568359375">
        <ele>1674.5999755859375</ele>
        <time>2026-09-18T09:52:41.000Z</time>
      </trkpt>
      <trkpt lat="40.0108030624687671661376953125" lon="9.307687394320964813232421875">
        <ele>1674.5999755859375</ele>
        <time>2026-09-18T09:52:53.000Z</time>
      </trkpt>
      <trkpt lat="40.0108064152300357818603515625" lon="9.30787556804716587066650390625">
        <ele>1673.4000244140625</ele>
        <time>2026-09-18T09:53:03.000Z</time>
      </trkpt>
      <trkpt lat="40.010803230106830596923828125" lon="9.308039434254169464111328125">
        <ele>1673.199951171875</ele>
        <time>2026-09-18T09:53:13.000Z</time>
      </trkpt>
      <trkpt lat="40.01081219874322414398193359375" lon="9.3082035519182682037353515625">
        <ele>1673.800048828125</ele>
        <time>2026-09-18T09:53:24.000Z</time>
      </trkpt>
      <trkpt lat="40.01083667390048503875732421875" lon="9.308331124484539031982421875">
        <ele>1675.5999755859375</ele>
        <time>2026-09-18T09:53:33.000Z</time>
      </trkpt>
      <trkpt lat="40.01083843410015106201171875" lon="9.308367669582366943359375">
        <ele>1675.5999755859375</ele>
        <time>2026-09-18T09:53:36.000Z</time>
      </trkpt>
      <trkpt lat="40.01085377298295497894287109375" lon="9.308405555784702301025390625">
        <ele>1676.5999755859375</ele>
        <time>2026-09-18T09:53:39.000Z</time>
      </trkpt>
      <trkpt lat="40.0108526833355426788330078125" lon="9.30841737426817417144775390625">
        <ele>1676.5999755859375</ele>
        <time>2026-09-18T09:53:40.000Z</time>
      </trkpt>
      <trkpt lat="40.0108329020440578460693359375" lon="9.30855232290923595428466796875">
        <ele>1677.199951171875</ele>
        <time>2026-09-18T09:53:47.000Z</time>
      </trkpt>
      <trkpt lat="40.01081370748579502105712890625" lon="9.30862088687717914581298828125">
        <ele>1677.4000244140625</ele>
        <time>2026-09-18T09:53:51.000Z</time>
      </trkpt>
      <trkpt lat="40.01080951653420925140380859375" lon="9.30867939256131649017333984375">
        <ele>1678.4000244140625</ele>
        <time>2026-09-18T09:53:55.000Z</time>
      </trkpt>
      <trkpt lat="40.01077967695891857147216796875" lon="9.30879070423543453216552734375">
        <ele>1679.800048828125</ele>
        <time>2026-09-18T09:54:02.000Z</time>
      </trkpt>
      <trkpt lat="40.01076995395123958587646484375" lon="9.308799840509891510009765625">
        <ele>1679.4000244140625</ele>
        <time>2026-09-18T09:54:03.000Z</time>
      </trkpt>
      <trkpt lat="40.01072485931217670440673828125" lon="9.30886848829686641693115234375">
        <ele>1679</ele>
        <time>2026-09-18T09:54:08.000Z</time>
      </trkpt>
      <trkpt lat="40.01061916351318359375" lon="9.308998994529247283935546875">
        <ele>1676.5999755859375</ele>
        <time>2026-09-18T09:54:17.000Z</time>
      </trkpt>
      <trkpt lat="40.0105489231646060943603515625" lon="9.30906848050653934478759765625">
        <ele>1675</ele>
        <time>2026-09-18T09:54:22.000Z</time>
      </trkpt>
      <trkpt lat="40.0104982964694499969482421875" lon="9.30915649048984050750732421875">
        <ele>1674.5999755859375</ele>
        <time>2026-09-18T09:54:28.000Z</time>
      </trkpt>
      <trkpt lat="40.01044549047946929931640625" lon="9.30926444940268993377685546875">
        <ele>1674.4000244140625</ele>
        <time>2026-09-18T09:54:36.000Z</time>
      </trkpt>
      <trkpt lat="40.0104005634784698486328125" lon="9.3093998171389102935791015625">
        <ele>1675.4000244140625</ele>
        <time>2026-09-18T09:54:46.000Z</time>
      </trkpt>
      <trkpt lat="40.010371394455432891845703125" lon="9.3095225282013416290283203125">
        <ele>1676.5999755859375</ele>
        <time>2026-09-18T09:54:54.000Z</time>
      </trkpt>
      <trkpt lat="40.01034893095493316650390625" lon="9.30953920818865299224853515625">
        <ele>1676.199951171875</ele>
        <time>2026-09-18T09:54:56.000Z</time>
      </trkpt>
      <trkpt lat="40.01031951047480106353759765625" lon="9.30955597199499607086181640625">
        <ele>1675.4000244140625</ele>
        <time>2026-09-18T09:54:59.000Z</time>
      </trkpt>
      <trkpt lat="40.0103118829429149627685546875" lon="9.309568293392658233642578125">
        <ele>1675.4000244140625</ele>
        <time>2026-09-18T09:55:00.000Z</time>
      </trkpt>
      <trkpt lat="40.010235607624053955078125" lon="9.30966912768781185150146484375">
        <ele>1674.4000244140625</ele>
        <time>2026-09-18T09:55:08.000Z</time>
      </trkpt>
      <trkpt lat="40.010195709764957427978515625" lon="9.30971858091652393341064453125">
        <ele>1674.199951171875</ele>
        <time>2026-09-18T09:55:12.000Z</time>
      </trkpt>
      <trkpt lat="40.01016377471387386322021484375" lon="9.30972578935325145721435546875">
        <ele>1673.4000244140625</ele>
        <time>2026-09-18T09:55:14.000Z</time>
      </trkpt>
      <trkpt lat="40.01007827930152416229248046875" lon="9.30974054150283336639404296875">
        <ele>1671</ele>
        <time>2026-09-18T09:55:20.000Z</time>
      </trkpt>
      <trkpt lat="40.01003419049084186553955078125" lon="9.30977038107812404632568359375">
        <ele>1670.4000244140625</ele>
        <time>2026-09-18T09:55:24.000Z</time>
      </trkpt>
      <trkpt lat="40.0100228749215602874755859375" lon="9.30978588759899139404296875">
        <ele>1670.5999755859375</ele>
        <time>2026-09-18T09:55:26.000Z</time>
      </trkpt>
      <trkpt lat="40.00998289324343204498291015625" lon="9.3098252825438976287841796875">
        <ele>1670.4000244140625</ele>
        <time>2026-09-18T09:55:31.000Z</time>
      </trkpt>
      <trkpt lat="40.00987309031188488006591796875" lon="9.30988848209381103515625">
        <ele>1669.4000244140625</ele>
        <time>2026-09-18T09:55:40.000Z</time>
      </trkpt>
      <trkpt lat="40.0097982399165630340576171875" lon="9.30991195142269134521484375">
        <ele>1667.199951171875</ele>
        <time>2026-09-18T09:55:46.000Z</time>
      </trkpt>
      <trkpt lat="40.00975750386714935302734375" lon="9.3099335767328739166259765625">
        <ele>1666.4000244140625</ele>
        <time>2026-09-18T09:55:50.000Z</time>
      </trkpt>
      <trkpt lat="40.00967561267316341400146484375" lon="9.31002728641033172607421875">
        <ele>1666.4000244140625</ele>
        <time>2026-09-18T09:55:58.000Z</time>
      </trkpt>
      <trkpt lat="40.0095628760755062103271484375" lon="9.3100804276764392852783203125">
        <ele>1662.800048828125</ele>
        <time>2026-09-18T09:56:06.000Z</time>
      </trkpt>
      <trkpt lat="40.00954837538301944732666015625" lon="9.31009073741734027862548828125">
        <ele>1662.5999755859375</ele>
        <time>2026-09-18T09:56:07.000Z</time>
      </trkpt>
      <trkpt lat="40.0095068849623203277587890625" lon="9.31013817898929119110107421875">
        <ele>1662</ele>
        <time>2026-09-18T09:56:12.000Z</time>
      </trkpt>
      <trkpt lat="40.00948836095631122589111328125" lon="9.3101612292230129241943359375">
        <ele>1662</ele>
        <time>2026-09-18T09:56:14.000Z</time>
      </trkpt>
      <trkpt lat="40.00942490994930267333984375" lon="9.31019064970314502716064453125">
        <ele>1660</ele>
        <time>2026-09-18T09:56:18.000Z</time>
      </trkpt>
      <trkpt lat="40.00929608009755611419677734375" lon="9.31027463637292385101318359375">
        <ele>1656.5999755859375</ele>
        <time>2026-09-18T09:56:27.000Z</time>
      </trkpt>
      <trkpt lat="40.00925383530557155609130859375" lon="9.31033766828477382659912109375">
        <ele>1656.199951171875</ele>
        <time>2026-09-18T09:56:33.000Z</time>
      </trkpt>
      <trkpt lat="40.009178817272186279296875" lon="9.310443364083766937255859375">
        <ele>1654.800048828125</ele>
        <time>2026-09-18T09:56:42.000Z</time>
      </trkpt>
      <trkpt lat="40.009137578308582305908203125" lon="9.31054185144603252410888671875">
        <ele>1653.5999755859375</ele>
        <time>2026-09-18T09:56:50.000Z</time>
      </trkpt>
      <trkpt lat="40.00909726135432720184326171875" lon="9.31062676012516021728515625">
        <ele>1652.4000244140625</ele>
        <time>2026-09-18T09:56:57.000Z</time>
      </trkpt>
      <trkpt lat="40.009014867246150970458984375" lon="9.31073228828608989715576171875">
        <ele>1649.5999755859375</ele>
        <time>2026-09-18T09:57:06.000Z</time>
      </trkpt>
      <trkpt lat="40.0089620612561702728271484375" lon="9.31077989749610424041748046875">
        <ele>1646.800048828125</ele>
        <time>2026-09-18T09:57:11.000Z</time>
      </trkpt>
      <trkpt lat="40.00895946286618709564208984375" lon="9.31079632602632045745849609375">
        <ele>1646.800048828125</ele>
        <time>2026-09-18T09:57:12.000Z</time>
      </trkpt>
      <trkpt lat="40.0089452974498271942138671875" lon="9.31084292940795421600341796875">
        <ele>1646.4000244140625</ele>
        <time>2026-09-18T09:57:15.000Z</time>
      </trkpt>
      <trkpt lat="40.008935742080211639404296875" lon="9.31090193800628185272216796875">
        <ele>1646.5999755859375</ele>
        <time>2026-09-18T09:57:19.000Z</time>
      </trkpt>
      <trkpt lat="40.008911602199077606201171875" lon="9.3109980784356594085693359375">
        <ele>1645.800048828125</ele>
        <time>2026-09-18T09:57:26.000Z</time>
      </trkpt>
      <trkpt lat="40.00888670794665813446044921875" lon="9.3110644631087779998779296875">
        <ele>1644.800048828125</ele>
        <time>2026-09-18T09:57:32.000Z</time>
      </trkpt>
      <trkpt lat="40.00888000242412090301513671875" lon="9.31108986027538776397705078125">
        <ele>1644.800048828125</ele>
        <time>2026-09-18T09:57:34.000Z</time>
      </trkpt>
      <trkpt lat="40.00886089168488979339599609375" lon="9.31122547946870326995849609375">
        <ele>1645</ele>
        <time>2026-09-18T09:57:41.000Z</time>
      </trkpt>
      <trkpt lat="40.00885225832462310791015625" lon="9.3113028444349765777587890625">
        <ele>1645</ele>
        <time>2026-09-18T09:57:45.000Z</time>
      </trkpt>
      <trkpt lat="40.0088363327085971832275390625" lon="9.31135741062462329864501953125">
        <ele>1644.4000244140625</ele>
        <time>2026-09-18T09:57:48.000Z</time>
      </trkpt>
      <trkpt lat="40.0088011287152767181396484375" lon="9.31149118579924106597900390625">
        <ele>1643.800048828125</ele>
        <time>2026-09-18T09:57:55.000Z</time>
      </trkpt>
      <trkpt lat="40.0087917409837245941162109375" lon="9.31152672506868839263916015625">
        <ele>1643.5999755859375</ele>
        <time>2026-09-18T09:57:57.000Z</time>
      </trkpt>
      <trkpt lat="40.00878679566085338592529296875" lon="9.31159730069339275360107421875">
        <ele>1644.199951171875</ele>
        <time>2026-09-18T09:58:01.000Z</time>
      </trkpt>
      <trkpt lat="40.0087776593863964080810546875" lon="9.3116193450987339019775390625">
        <ele>1644</ele>
        <time>2026-09-18T09:58:03.000Z</time>
      </trkpt>
      <trkpt lat="40.00870783813297748565673828125" lon="9.31172286160290241241455078125">
        <ele>1641.199951171875</ele>
        <time>2026-09-18T09:58:11.000Z</time>
      </trkpt>
      <trkpt lat="40.0086790882050991058349609375" lon="9.31175454519689083099365234375">
        <ele>1640</ele>
        <time>2026-09-18T09:58:14.000Z</time>
      </trkpt>
      <trkpt lat="40.00864849425852298736572265625" lon="9.31180802173912525177001953125">
        <ele>1639</ele>
        <time>2026-09-18T09:58:18.000Z</time>
      </trkpt>
      <trkpt lat="40.00862963497638702392578125" lon="9.31183115579187870025634765625">
        <ele>1638.199951171875</ele>
        <time>2026-09-18T09:58:20.000Z</time>
      </trkpt>
      <trkpt lat="40.00856651924550533294677734375" lon="9.311963506042957305908203125">
        <ele>1636.199951171875</ele>
        <time>2026-09-18T09:58:29.000Z</time>
      </trkpt>
      <trkpt lat="40.00851203687489032745361328125" lon="9.312047660350799560546875">
        <ele>1634.5999755859375</ele>
        <time>2026-09-18T09:58:36.000Z</time>
      </trkpt>
      <trkpt lat="40.00843492336571216583251953125" lon="9.3121661804616451263427734375">
        <ele>1632.5999755859375</ele>
        <time>2026-09-18T09:58:45.000Z</time>
      </trkpt>
      <trkpt lat="40.0083780102431774139404296875" lon="9.31228361092507839202880859375">
        <ele>1632.199951171875</ele>
        <time>2026-09-18T09:58:54.000Z</time>
      </trkpt>
      <trkpt lat="40.0083578936755657196044921875" lon="9.312286041676998138427734375">
        <ele>1631.199951171875</ele>
        <time>2026-09-18T09:58:56.000Z</time>
      </trkpt>
      <trkpt lat="40.0083339214324951171875" lon="9.31225620210170745849609375">
        <ele>1629</ele>
        <time>2026-09-18T09:58:59.000Z</time>
      </trkpt>
      <trkpt lat="40.0083297304809093475341796875" lon="9.3122546933591365814208984375">
        <ele>1628.800048828125</ele>
        <time>2026-09-18T09:59:00.000Z</time>
      </trkpt>
      <trkpt lat="40.00832059420645236968994140625" lon="9.31227522902190685272216796875">
        <ele>1628.800048828125</ele>
        <time>2026-09-18T09:59:03.000Z</time>
      </trkpt>
      <trkpt lat="40.00826946459710597991943359375" lon="9.31236793287098407745361328125">
        <ele>1628.199951171875</ele>
        <time>2026-09-18T09:59:09.000Z</time>
      </trkpt>
      <trkpt lat="40.00818732194602489471435546875" lon="9.3124746344983577728271484375">
        <ele>1626</ele>
        <time>2026-09-18T09:59:18.000Z</time>
      </trkpt>
      <trkpt lat="40.0081614218652248382568359375" lon="9.3125312961637973785400390625">
        <ele>1625.800048828125</ele>
        <time>2026-09-18T09:59:21.000Z</time>
      </trkpt>
      <trkpt lat="40.0081345997750759124755859375" lon="9.31262441910803318023681640625">
        <ele>1626.4000244140625</ele>
        <time>2026-09-18T09:59:26.000Z</time>
      </trkpt>
      <trkpt lat="40.0081178359687328338623046875" lon="9.3126563541591167449951171875">
        <ele>1626.199951171875</ele>
        <time>2026-09-18T09:59:30.000Z</time>
      </trkpt>
      <trkpt lat="40.00809377990663051605224609375" lon="9.3126875348389148712158203125">
        <ele>1625.199951171875</ele>
        <time>2026-09-18T09:59:32.000Z</time>
      </trkpt>
      <trkpt lat="40.0080455839633941650390625" lon="9.31284184567630290985107421875">
        <ele>1624.4000244140625</ele>
        <time>2026-09-18T09:59:40.000Z</time>
      </trkpt>
      <trkpt lat="40.00797240994870662689208984375" lon="9.3129560910165309906005859375">
        <ele>1622.199951171875</ele>
        <time>2026-09-18T09:59:48.000Z</time>
      </trkpt>
      <trkpt lat="40.00794910825788974761962890625" lon="9.31297780014574527740478515625">
        <ele>1621.199951171875</ele>
        <time>2026-09-18T09:59:50.000Z</time>
      </trkpt>
      <trkpt lat="40.00791884958744049072265625" lon="9.3130100704729557037353515625">
        <ele>1620.199951171875</ele>
        <time>2026-09-18T09:59:53.000Z</time>
      </trkpt>
      <trkpt lat="40.00789512880146503448486328125" lon="9.31303865276277065277099609375">
        <ele>1619.5999755859375</ele>
        <time>2026-09-18T09:59:56.000Z</time>
      </trkpt>
      <trkpt lat="40.0078653730452060699462890625" lon="9.31307888589799404144287109375">
        <ele>1619</ele>
        <time>2026-09-18T10:00:00.000Z</time>
      </trkpt>
      <trkpt lat="40.007836036384105682373046875" lon="9.3131163530051708221435546875">
        <ele>1618.4000244140625</ele>
        <time>2026-09-18T10:00:04.000Z</time>
      </trkpt>
      <trkpt lat="40.007791779935359954833984375" lon="9.3131475336849689483642578125">
        <ele>1616.800048828125</ele>
        <time>2026-09-18T10:00:08.000Z</time>
      </trkpt>
      <trkpt lat="40.0077403150498867034912109375" lon="9.31320427916944026947021484375">
        <ele>1615.800048828125</ele>
        <time>2026-09-18T10:00:13.000Z</time>
      </trkpt>
      <trkpt lat="40.00763344578444957733154296875" lon="9.313323386013507843017578125">
        <ele>1613.5999755859375</ele>
        <time>2026-09-18T10:00:22.000Z</time>
      </trkpt>
      <trkpt lat="40.007581897079944610595703125" lon="9.3133993260562419891357421875">
        <ele>1612.800048828125</ele>
        <time>2026-09-18T10:00:27.000Z</time>
      </trkpt>
      <trkpt lat="40.00753386877477169036865234375" lon="9.31346495635807514190673828125">
        <ele>1612</ele>
        <time>2026-09-18T10:00:31.000Z</time>
      </trkpt>
      <trkpt lat="40.00743068754673004150390625" lon="9.31357878260314464569091796875">
        <ele>1608.800048828125</ele>
        <time>2026-09-18T10:00:39.000Z</time>
      </trkpt>
      <trkpt lat="40.00734695233404636383056640625" lon="9.31367752142250537872314453125">
        <ele>1607.5999755859375</ele>
        <time>2026-09-18T10:00:46.000Z</time>
      </trkpt>
      <trkpt lat="40.00728056766092777252197265625" lon="9.31378682143986225128173828125">
        <ele>1608.199951171875</ele>
        <time>2026-09-18T10:00:54.000Z</time>
      </trkpt>
      <trkpt lat="40.007247626781463623046875" lon="9.313858486711978912353515625">
        <ele>1609</ele>
        <time>2026-09-18T10:00:57.000Z</time>
      </trkpt>
      <trkpt lat="40.00722122378647327423095703125" lon="9.3138747476041316986083984375">
        <ele>1608.5999755859375</ele>
        <time>2026-09-18T10:00:58.000Z</time>
      </trkpt>
      <trkpt lat="40.0071041285991668701171875" lon="9.31388271041214466094970703125">
        <ele>1605</ele>
        <time>2026-09-18T10:01:02.000Z</time>
      </trkpt>
      <trkpt lat="40.007081665098667144775390625" lon="9.31388690136373043060302734375">
        <ele>1604.4000244140625</ele>
        <time>2026-09-18T10:01:04.000Z</time>
      </trkpt>
      <trkpt lat="40.00705593265593051910400390625" lon="9.31390467099845409393310546875">
        <ele>1604.5999755859375</ele>
        <time>2026-09-18T10:01:06.000Z</time>
      </trkpt>
      <trkpt lat="40.00696004368364810943603515625" lon="9.31398798711597919464111328125">
        <ele>1605.5999755859375</ele>
        <time>2026-09-18T10:01:14.000Z</time>
      </trkpt>
      <trkpt lat="40.00689634121954441070556640625" lon="9.31412209756672382354736328125">
        <ele>1607.800048828125</ele>
        <time>2026-09-18T10:01:23.000Z</time>
      </trkpt>
      <trkpt lat="40.00687672756612300872802734375" lon="9.31418647058308124542236328125">
        <ele>1609.5999755859375</ele>
        <time>2026-09-18T10:01:27.000Z</time>
      </trkpt>
      <trkpt lat="40.00685577280819416046142578125" lon="9.314210526645183563232421875">
        <ele>1610</ele>
        <time>2026-09-18T10:01:29.000Z</time>
      </trkpt>
      <trkpt lat="40.006804056465625762939453125" lon="9.31422762572765350341796875">
        <ele>1609.5999755859375</ele>
        <time>2026-09-18T10:01:32.000Z</time>
      </trkpt>
      <trkpt lat="40.0067405216395854949951171875" lon="9.31420625187456607818603515625">
        <ele>1608</ele>
        <time>2026-09-18T10:01:36.000Z</time>
      </trkpt>
      <trkpt lat="40.00665829516947269439697265625" lon="9.3141064234077930450439453125">
        <ele>1603.5999755859375</ele>
        <time>2026-09-18T10:01:44.000Z</time>
      </trkpt>
      <trkpt lat="40.00664656050503253936767578125" lon="9.3141070939600467681884765625">
        <ele>1603.4000244140625</ele>
        <time>2026-09-18T10:01:45.000Z</time>
      </trkpt>
      <trkpt lat="40.0065998733043670654296875" lon="9.3141302280128002166748046875">
        <ele>1603.5999755859375</ele>
        <time>2026-09-18T10:01:50.000Z</time>
      </trkpt>
      <trkpt lat="40.00651697628200054168701171875" lon="9.31425042450428009033203125">
        <ele>1606.800048828125</ele>
        <time>2026-09-18T10:02:00.000Z</time>
      </trkpt>
      <trkpt lat="40.00644237734377384185791015625" lon="9.31438587605953216552734375">
        <ele>1610.199951171875</ele>
        <time>2026-09-18T10:02:10.000Z</time>
      </trkpt>
      <trkpt lat="40.00641345977783203125" lon="9.31451722048223018646240234375">
        <ele>1613</ele>
        <time>2026-09-18T10:02:18.000Z</time>
      </trkpt>
      <trkpt lat="40.00639711506664752960205078125" lon="9.31457421742379665374755859375">
        <ele>1614.4000244140625</ele>
        <time>2026-09-18T10:02:22.000Z</time>
      </trkpt>
      <trkpt lat="40.00634514726698398590087890625" lon="9.31461126543581485748291015625">
        <ele>1615</ele>
        <time>2026-09-18T10:02:26.000Z</time>
      </trkpt>
      <trkpt lat="40.0062309019267559051513671875" lon="9.314648397266864776611328125">
        <ele>1615.199951171875</ele>
        <time>2026-09-18T10:02:34.000Z</time>
      </trkpt>
      <trkpt lat="40.0060894154012203216552734375" lon="9.31465585716068744659423828125">
        <ele>1613.800048828125</ele>
        <time>2026-09-18T10:02:43.000Z</time>
      </trkpt>
      <trkpt lat="40.00605714507400989532470703125" lon="9.314663819968700408935546875">
        <ele>1613.5999755859375</ele>
        <time>2026-09-18T10:02:45.000Z</time>
      </trkpt>
      <trkpt lat="40.0059931911528110504150390625" lon="9.31466088630259037017822265625">
        <ele>1613</ele>
        <time>2026-09-18T10:02:49.000Z</time>
      </trkpt>
      <trkpt lat="40.00589386560022830963134765625" lon="9.3146475590765476226806640625">
        <ele>1612.4000244140625</ele>
        <time>2026-09-18T10:02:55.000Z</time>
      </trkpt>
      <trkpt lat="40.00583804212510585784912109375" lon="9.3146287836134433746337890625">
        <ele>1611.800048828125</ele>
        <time>2026-09-18T10:02:59.000Z</time>
      </trkpt>
      <trkpt lat="40.0058104656636714935302734375" lon="9.3146220780909061431884765625">
        <ele>1611.5999755859375</ele>
        <time>2026-09-18T10:03:01.000Z</time>
      </trkpt>
      <trkpt lat="40.00575405545532703399658203125" lon="9.31459818966686725616455078125">
        <ele>1611</ele>
        <time>2026-09-18T10:03:05.000Z</time>
      </trkpt>
      <trkpt lat="40.005635954439640045166015625" lon="9.31453566066920757293701171875">
        <ele>1609.5999755859375</ele>
        <time>2026-09-18T10:03:14.000Z</time>
      </trkpt>
      <trkpt lat="40.00549891032278537750244140625" lon="9.31451839394867420196533203125">
        <ele>1609.800048828125</ele>
        <time>2026-09-18T10:03:24.000Z</time>
      </trkpt>
      <trkpt lat="40.00537519343197345733642578125" lon="9.31454010307788848876953125">
        <ele>1610.800048828125</ele>
        <time>2026-09-18T10:03:33.000Z</time>
      </trkpt>
      <trkpt lat="40.00521375797688961029052734375" lon="9.31457522325217723846435546875">
        <ele>1612</ele>
        <time>2026-09-18T10:03:44.000Z</time>
      </trkpt>
      <trkpt lat="40.00510881654918193817138671875" lon="9.31459634564816951751708984375">
        <ele>1612.4000244140625</ele>
        <time>2026-09-18T10:03:53.000Z</time>
      </trkpt>
      <trkpt lat="40.005041174590587615966796875" lon="9.31466222740709781646728515625">
        <ele>1614.4000244140625</ele>
        <time>2026-09-18T10:04:01.000Z</time>
      </trkpt>
      <trkpt lat="40.00501259230077266693115234375" lon="9.3146797455847263336181640625">
        <ele>1614.800048828125</ele>
        <time>2026-09-18T10:04:04.000Z</time>
      </trkpt>
      <trkpt lat="40.00497604720294475555419921875" lon="9.31470899842679500579833984375">
        <ele>1616</ele>
        <time>2026-09-18T10:04:07.000Z</time>
      </trkpt>
      <trkpt lat="40.00496095977723598480224609375" lon="9.31471981108188629150390625">
        <ele>1616.199951171875</ele>
        <time>2026-09-18T10:04:08.000Z</time>
      </trkpt>
      <trkpt lat="40.004869513213634490966796875" lon="9.31476498953998088836669921875">
        <ele>1617.800048828125</ele>
        <time>2026-09-18T10:04:15.000Z</time>
      </trkpt>
      <trkpt lat="40.00484009273350238800048828125" lon="9.3147809989750385284423828125">
        <ele>1618.199951171875</ele>
        <time>2026-09-18T10:04:18.000Z</time>
      </trkpt>
      <trkpt lat="40.0048148632049560546875" lon="9.31479516439139842987060546875">
        <ele>1618.4000244140625</ele>
        <time>2026-09-18T10:04:21.000Z</time>
      </trkpt>
      <trkpt lat="40.0047647394239902496337890625" lon="9.31483204476535320281982421875">
        <ele>1619.4000244140625</ele>
        <time>2026-09-18T10:04:26.000Z</time>
      </trkpt>
      <trkpt lat="40.004752166569232940673828125" lon="9.3148390017449855804443359375">
        <ele>1619.4000244140625</ele>
        <time>2026-09-18T10:04:28.000Z</time>
      </trkpt>
      <trkpt lat="40.004735402762889862060546875" lon="9.314847886562347412109375">
        <ele>1619.4000244140625</ele>
        <time>2026-09-18T10:04:30.000Z</time>
      </trkpt>
      <trkpt lat="40.00469349324703216552734375" lon="9.31488552130758762359619140625">
        <ele>1620</ele>
        <time>2026-09-18T10:04:35.000Z</time>
      </trkpt>
      <trkpt lat="40.00467471778392791748046875" lon="9.3148993514478206634521484375">
        <ele>1620</ele>
        <time>2026-09-18T10:04:37.000Z</time>
      </trkpt>
      <trkpt lat="40.004623420536518096923828125" lon="9.31492810137569904327392578125">
        <ele>1620</ele>
        <time>2026-09-18T10:04:42.000Z</time>
      </trkpt>
      <trkpt lat="40.0045743025839328765869140625" lon="9.31497654877603054046630859375">
        <ele>1620.800048828125</ele>
        <time>2026-09-18T10:04:46.000Z</time>
      </trkpt>
      <trkpt lat="40.00451244413852691650390625" lon="9.31508484296500682830810546875">
        <ele>1623.199951171875</ele>
        <time>2026-09-18T10:04:53.000Z</time>
      </trkpt>
      <trkpt lat="40.00445477664470672607421875" lon="9.31524275802075862884521484375">
        <ele>1626.800048828125</ele>
        <time>2026-09-18T10:05:02.000Z</time>
      </trkpt>
      <trkpt lat="40.004404485225677490234375" lon="9.31531283073127269744873046875">
        <ele>1628.199951171875</ele>
        <time>2026-09-18T10:05:07.000Z</time>
      </trkpt>
      <trkpt lat="40.0043660961091518402099609375" lon="9.3153667263686656951904296875">
        <ele>1628.4000244140625</ele>
        <time>2026-09-18T10:05:11.000Z</time>
      </trkpt>
      <trkpt lat="40.004315637052059173583984375" lon="9.31548348627984523773193359375">
        <ele>1629.800048828125</ele>
        <time>2026-09-18T10:05:19.000Z</time>
      </trkpt>
      <trkpt lat="40.0042655132710933685302734375" lon="9.3155705742537975311279296875">
        <ele>1630.800048828125</ele>
        <time>2026-09-18T10:05:25.000Z</time>
      </trkpt>
      <trkpt lat="40.00424548052251338958740234375" lon="9.31562128476798534393310546875">
        <ele>1631.800048828125</ele>
        <time>2026-09-18T10:05:28.000Z</time>
      </trkpt>
      <trkpt lat="40.00415897928178310394287109375" lon="9.3157737515866756439208984375">
        <ele>1633</ele>
        <time>2026-09-18T10:05:38.000Z</time>
      </trkpt>
      <trkpt lat="40.004082620143890380859375" lon="9.31589788757264614105224609375">
        <ele>1633.5999755859375</ele>
        <time>2026-09-18T10:05:48.000Z</time>
      </trkpt>
      <trkpt lat="40.00404666177928447723388671875" lon="9.31599897332489490509033203125">
        <ele>1634.4000244140625</ele>
        <time>2026-09-18T10:05:54.000Z</time>
      </trkpt>
      <trkpt lat="40.00403710640966892242431640625" lon="9.31601389311254024505615234375">
        <ele>1634.199951171875</ele>
        <time>2026-09-18T10:05:55.000Z</time>
      </trkpt>
      <trkpt lat="40.00400022603571414947509765625" lon="9.31607927195727825164794921875">
        <ele>1634.4000244140625</ele>
        <time>2026-09-18T10:05:59.000Z</time>
      </trkpt>
      <trkpt lat="40.00393467955291271209716796875" lon="9.316225536167621612548828125">
        <ele>1636.5999755859375</ele>
        <time>2026-09-18T10:06:08.000Z</time>
      </trkpt>
      <trkpt lat="40.0038021616637706756591796875" lon="9.31637079454958438873291015625">
        <ele>1635.5999755859375</ele>
        <time>2026-09-18T10:06:19.000Z</time>
      </trkpt>
      <trkpt lat="40.003763772547245025634765625" lon="9.31644254364073276519775390625">
        <ele>1636.800048828125</ele>
        <time>2026-09-18T10:06:24.000Z</time>
      </trkpt>
      <trkpt lat="40.00373401679098606109619140625" lon="9.31649317033588886260986328125">
        <ele>1637.4000244140625</ele>
        <time>2026-09-18T10:06:28.000Z</time>
      </trkpt>
      <trkpt lat="40.00367618165910243988037109375" lon="9.31660951115190982818603515625">
        <ele>1639</ele>
        <time>2026-09-18T10:06:36.000Z</time>
      </trkpt>
      <trkpt lat="40.003606192767620086669921875" lon="9.31676474399864673614501953125">
        <ele>1642.5999755859375</ele>
        <time>2026-09-18T10:06:45.000Z</time>
      </trkpt>
      <trkpt lat="40.0035996548831462860107421875" lon="9.3167832680046558380126953125">
        <ele>1643</ele>
        <time>2026-09-18T10:06:46.000Z</time>
      </trkpt>
      <trkpt lat="40.00351021997630596160888671875" lon="9.3169056437909603118896484375">
        <ele>1642.4000244140625</ele>
        <time>2026-09-18T10:06:55.000Z</time>
      </trkpt>
      <trkpt lat="40.00341148115694522857666015625" lon="9.31702827103435993194580078125">
        <ele>1641.5999755859375</ele>
        <time>2026-09-18T10:07:06.000Z</time>
      </trkpt>
      <trkpt lat="40.00338080339133739471435546875" lon="9.31707235984504222869873046875">
        <ele>1641.800048828125</ele>
        <time>2026-09-18T10:07:09.000Z</time>
      </trkpt>
      <trkpt lat="40.0033170171082019805908203125" lon="9.31717797182500362396240234375">
        <ele>1642.4000244140625</ele>
        <time>2026-09-18T10:07:15.000Z</time>
      </trkpt>
      <trkpt lat="40.0032828189432621002197265625" lon="9.31723111309111118316650390625">
        <ele>1641.5999755859375</ele>
        <time>2026-09-18T10:07:18.000Z</time>
      </trkpt>
      <trkpt lat="40.0032469443976879119873046875" lon="9.31729900650680065155029296875">
        <ele>1641.5999755859375</ele>
        <time>2026-09-18T10:07:22.000Z</time>
      </trkpt>
      <trkpt lat="40.0032251514494419097900390625" lon="9.3173280917108058929443359375">
        <ele>1641.4000244140625</ele>
        <time>2026-09-18T10:07:24.000Z</time>
      </trkpt>
      <trkpt lat="40.00319019891321659088134765625" lon="9.31736572645604610443115234375">
        <ele>1641</ele>
        <time>2026-09-18T10:07:27.000Z</time>
      </trkpt>
      <trkpt lat="40.0031517259776592254638671875" lon="9.31741232983767986297607421875">
        <ele>1640.5999755859375</ele>
        <time>2026-09-18T10:07:31.000Z</time>
      </trkpt>
      <trkpt lat="40.00312247313559055328369140625" lon="9.31745625101029872894287109375">
        <ele>1641.199951171875</ele>
        <time>2026-09-18T10:07:34.000Z</time>
      </trkpt>
      <trkpt lat="40.0030337087810039520263671875" lon="9.3175808899104595184326171875">
        <ele>1642</ele>
        <time>2026-09-18T10:07:44.000Z</time>
      </trkpt>
      <trkpt lat="40.002924911677837371826171875" lon="9.31773100979626178741455078125">
        <ele>1642.4000244140625</ele>
        <time>2026-09-18T10:07:55.000Z</time>
      </trkpt>
      <trkpt lat="40.00278820283710956573486328125" lon="9.31788221932947635650634765625">
        <ele>1644.4000244140625</ele>
        <time>2026-09-18T10:08:06.000Z</time>
      </trkpt>
      <trkpt lat="40.00270103104412555694580078125" lon="9.3179895915091037750244140625">
        <ele>1646</ele>
        <time>2026-09-18T10:08:14.000Z</time>
      </trkpt>
      <trkpt lat="40.00257723033428192138671875" lon="9.31808003224432468414306640625">
        <ele>1645.5999755859375</ele>
        <time>2026-09-18T10:08:24.000Z</time>
      </trkpt>
      <trkpt lat="40.00252970494329929351806640625" lon="9.318121857941150665283203125">
        <ele>1645.5999755859375</ele>
        <time>2026-09-18T10:08:28.000Z</time>
      </trkpt>
      <trkpt lat="40.00247128307819366455078125" lon="9.31819469667971134185791015625">
        <ele>1646.199951171875</ele>
        <time>2026-09-18T10:08:33.000Z</time>
      </trkpt>
      <trkpt lat="40.00239442102611064910888671875" lon="9.31831321679055690765380859375">
        <ele>1647.800048828125</ele>
        <time>2026-09-18T10:08:43.000Z</time>
      </trkpt>
      <trkpt lat="40.00234228558838367462158203125" lon="9.3183969520032405853271484375">
        <ele>1648.5999755859375</ele>
        <time>2026-09-18T10:08:51.000Z</time>
      </trkpt>
      <trkpt lat="40.00229869969189167022705078125" lon="9.31846761144697666168212890625">
        <ele>1649.5999755859375</ele>
        <time>2026-09-18T10:08:57.000Z</time>
      </trkpt>
      <trkpt lat="40.00228260643780231475830078125" lon="9.31848756037652492523193359375">
        <ele>1649.800048828125</ele>
        <time>2026-09-18T10:08:59.000Z</time>
      </trkpt>
      <trkpt lat="40.00224597752094268798828125" lon="9.31851639412343502044677734375">
        <ele>1650</ele>
        <time>2026-09-18T10:09:02.000Z</time>
      </trkpt>
      <trkpt lat="40.0021688640117645263671875" lon="9.3185935914516448974609375">
        <ele>1651.199951171875</ele>
        <time>2026-09-18T10:09:08.000Z</time>
      </trkpt>
      <trkpt lat="40.00208244659006595611572265625" lon="9.31875008158385753631591796875">
        <ele>1653</ele>
        <time>2026-09-18T10:09:18.000Z</time>
      </trkpt>
      <trkpt lat="40.00201773829758167266845703125" lon="9.31887312792241573333740234375">
        <ele>1654.4000244140625</ele>
        <time>2026-09-18T10:09:27.000Z</time>
      </trkpt>
      <trkpt lat="40.001929812133312225341796875" lon="9.319005645811557769775390625">
        <ele>1655</ele>
        <time>2026-09-18T10:09:37.000Z</time>
      </trkpt>
      <trkpt lat="40.00192855484783649444580078125" lon="9.31901830248534679412841796875">
        <ele>1655.199951171875</ele>
        <time>2026-09-18T10:09:38.000Z</time>
      </trkpt>
      <trkpt lat="40.00190525315701961517333984375" lon="9.3190835975110530853271484375">
        <ele>1655.4000244140625</ele>
        <time>2026-09-18T10:09:43.000Z</time>
      </trkpt>
      <trkpt lat="40.00182755291461944580078125" lon="9.31920018978416919708251953125">
        <ele>1654.199951171875</ele>
        <time>2026-09-18T10:09:53.000Z</time>
      </trkpt>
      <trkpt lat="40.00178991816937923431396484375" lon="9.3193099088966846466064453125">
        <ele>1655</ele>
        <time>2026-09-18T10:10:01.000Z</time>
      </trkpt>
      <trkpt lat="40.0017824582755565643310546875" lon="9.31934201158583164215087890625">
        <ele>1655.199951171875</ele>
        <time>2026-09-18T10:10:03.000Z</time>
      </trkpt>
      <trkpt lat="40.0018012337386608123779296875" lon="9.31944829411804676055908203125">
        <ele>1655.4000244140625</ele>
        <time>2026-09-18T10:10:09.000Z</time>
      </trkpt>
      <trkpt lat="40.00181389041244983673095703125" lon="9.319460950791835784912109375">
        <ele>1655.4000244140625</ele>
        <time>2026-09-18T10:10:10.000Z</time>
      </trkpt>
      <trkpt lat="40.0019249506294727325439453125" lon="9.31952088139951229095458984375">
        <ele>1656.4000244140625</ele>
        <time>2026-09-18T10:10:18.000Z</time>
      </trkpt>
      <trkpt lat="40.0019826181232929229736328125" lon="9.3195610307157039642333984375">
        <ele>1656.800048828125</ele>
        <time>2026-09-18T10:10:23.000Z</time>
      </trkpt>
      <trkpt lat="40.0020037405192852020263671875" lon="9.3195794709026813507080078125">
        <ele>1656.800048828125</ele>
        <time>2026-09-18T10:10:25.000Z</time>
      </trkpt>
      <trkpt lat="40.00212586484849452972412109375" lon="9.31964476592838764190673828125">
        <ele>1658.4000244140625</ele>
        <time>2026-09-18T10:10:36.000Z</time>
      </trkpt>
      <trkpt lat="40.0022307224571704864501953125" lon="9.3197040259838104248046875">
        <ele>1659.4000244140625</ele>
        <time>2026-09-18T10:10:45.000Z</time>
      </trkpt>
      <trkpt lat="40.0023075006902217864990234375" lon="9.31970092467963695526123046875">
        <ele>1661.4000244140625</ele>
        <time>2026-09-18T10:10:51.000Z</time>
      </trkpt>
      <trkpt lat="40.00233440659940242767333984375" lon="9.31969153694808483123779296875">
        <ele>1662.4000244140625</ele>
        <time>2026-09-18T10:10:53.000Z</time>
      </trkpt>
      <trkpt lat="40.0024402700364589691162109375" lon="9.31969421915709972381591796875">
        <ele>1663.800048828125</ele>
        <time>2026-09-18T10:11:01.000Z</time>
      </trkpt>
      <trkpt lat="40.0024680979549884796142578125" lon="9.31969941593706607818603515625">
        <ele>1663.800048828125</ele>
        <time>2026-09-18T10:11:04.000Z</time>
      </trkpt>
      <trkpt lat="40.002490393817424774169921875" lon="9.3196961469948291778564453125">
        <ele>1664.199951171875</ele>
        <time>2026-09-18T10:11:07.000Z</time>
      </trkpt>
      <trkpt lat="40.00251352787017822265625" lon="9.31971014477312564849853515625">
        <ele>1663.800048828125</ele>
        <time>2026-09-18T10:11:10.000Z</time>
      </trkpt>
      <trkpt lat="40.0025455467402935028076171875" lon="9.31975406594574451446533203125">
        <ele>1661.800048828125</ele>
        <time>2026-09-18T10:11:14.000Z</time>
      </trkpt>
      <trkpt lat="40.0025551021099090576171875" lon="9.31975699961185455322265625">
        <ele>1661.800048828125</ele>
        <time>2026-09-18T10:11:15.000Z</time>
      </trkpt>
      <trkpt lat="40.00257630832493305206298828125" lon="9.31976236402988433837890625">
        <ele>1661.800048828125</ele>
        <time>2026-09-18T10:11:18.000Z</time>
      </trkpt>
      <trkpt lat="40.002586953341960906982421875" lon="9.319755323231220245361328125">
        <ele>1662.199951171875</ele>
        <time>2026-09-18T10:11:19.000Z</time>
      </trkpt>
      <trkpt lat="40.0026330538094043731689453125" lon="9.3197393976151943206787109375">
        <ele>1663.5999755859375</ele>
        <time>2026-09-18T10:11:26.000Z</time>
      </trkpt>
      <trkpt lat="40.0026665814220905303955078125" lon="9.31971986778080463409423828125">
        <ele>1665</ele>
        <time>2026-09-18T10:11:31.000Z</time>
      </trkpt>
      <trkpt lat="40.00270253978669643402099609375" lon="9.31971148587763309478759765625">
        <ele>1665.5999755859375</ele>
        <time>2026-09-18T10:11:37.000Z</time>
      </trkpt>
      <trkpt lat="40.00271192751824855804443359375" lon="9.31969757191836833953857421875">
        <ele>1666</ele>
        <time>2026-09-18T10:11:42.000Z</time>
      </trkpt>
      <trkpt lat="40.00273975543677806854248046875" lon="9.3196713365614414215087890625">
        <ele>1667</ele>
        <time>2026-09-18T10:11:49.000Z</time>
      </trkpt>
      <trkpt lat="40.00275031663477420806884765625" lon="9.31965951807796955108642578125">
        <ele>1667.199951171875</ele>
        <time>2026-09-18T10:11:56.000Z</time>
      </trkpt>
      <trkpt lat="40.00275031663477420806884765625" lon="9.31965549476444721221923828125">
        <ele>1667.199951171875</ele>
        <time>2026-09-18T10:12:06.000Z</time>
      </trkpt>
      <trkpt lat="40.00275031663477420806884765625" lon="9.31965549476444721221923828125">
        <ele>1667.199951171875</ele>
        <time>2026-09-18T10:12:14.000Z</time>
      </trkpt>
      <trkpt lat="40.002731122076511383056640625" lon="9.3196562491357326507568359375">
        <ele>1667.199951171875</ele>
        <time>2026-09-18T10:12:23.000Z</time>
      </trkpt>
      <trkpt lat="40.002714358270168304443359375" lon="9.319645352661609649658203125">
        <ele>1667.199951171875</ele>
        <time>2026-09-18T10:12:26.000Z</time>
      </trkpt>
      <trkpt lat="40.002715699374675750732421875" lon="9.31964107789099216461181640625">
        <ele>1667.4000244140625</ele>
        <time>2026-09-18T10:12:27.000Z</time>
      </trkpt>
      <trkpt lat="40.00272701494395732879638671875" lon="9.319638311862945556640625">
        <ele>1667.4000244140625</ele>
        <time>2026-09-18T10:12:34.000Z</time>
      </trkpt>
      <trkpt lat="40.0027597881853580474853515625" lon="9.3196492083370685577392578125">
        <ele>1667.199951171875</ele>
        <time>2026-09-18T10:12:40.000Z</time>
      </trkpt>
      <trkpt lat="40.00279180705547332763671875" lon="9.31963495910167694091796875">
        <ele>1667.4000244140625</ele>
        <time>2026-09-18T10:12:45.000Z</time>
      </trkpt>
      <trkpt lat="40.0028627179563045501708984375" lon="9.31963227689266204833984375">
        <ele>1667.4000244140625</ele>
        <time>2026-09-18T10:12:52.000Z</time>
      </trkpt>
      <trkpt lat="40.00296346843242645263671875" lon="9.31963227689266204833984375">
        <ele>1667.5999755859375</ele>
        <time>2026-09-18T10:13:00.000Z</time>
      </trkpt>
      <trkpt lat="40.00306715257465839385986328125" lon="9.31962967850267887115478515625">
        <ele>1667.199951171875</ele>
        <time>2026-09-18T10:13:09.000Z</time>
      </trkpt>
      <trkpt lat="40.003113336861133575439453125" lon="9.3195781297981739044189453125">
        <ele>1668</ele>
        <time>2026-09-18T10:13:16.000Z</time>
      </trkpt>
      <trkpt lat="40.00317611731588840484619140625" lon="9.319548122584819793701171875">
        <ele>1668.5999755859375</ele>
        <time>2026-09-18T10:13:21.000Z</time>
      </trkpt>
      <trkpt lat="40.0032221339643001556396484375" lon="9.31953705847263336181640625">
        <ele>1669.4000244140625</ele>
        <time>2026-09-18T10:13:24.000Z</time>
      </trkpt>
      <trkpt lat="40.00335867516696453094482421875" lon="9.31954384781420230865478515625">
        <ele>1672.4000244140625</ele>
        <time>2026-09-18T10:13:34.000Z</time>
      </trkpt>
      <trkpt lat="40.0034953840076923370361328125" lon="9.31959128938615322113037109375">
        <ele>1675</ele>
        <time>2026-09-18T10:13:43.000Z</time>
      </trkpt>
      <trkpt lat="40.00353469513356685638427734375" lon="9.3196059577167034149169921875">
        <ele>1676.4000244140625</ele>
        <time>2026-09-18T10:13:46.000Z</time>
      </trkpt>
      <trkpt lat="40.00354492105543613433837890625" lon="9.319616854190826416015625">
        <ele>1676.4000244140625</ele>
        <time>2026-09-18T10:13:47.000Z</time>
      </trkpt>
      <trkpt lat="40.00357124023139476776123046875" lon="9.31966136209666728973388671875">
        <ele>1676.5999755859375</ele>
        <time>2026-09-18T10:13:50.000Z</time>
      </trkpt>
      <trkpt lat="40.0036248005926609039306640625" lon="9.31971383281052112579345703125">
        <ele>1676.800048828125</ele>
        <time>2026-09-18T10:13:56.000Z</time>
      </trkpt>
      <trkpt lat="40.00376201234757900238037109375" lon="9.31981340982019901275634765625">
        <ele>1678.800048828125</ele>
        <time>2026-09-18T10:14:08.000Z</time>
      </trkpt>
      <trkpt lat="40.00386829487979412078857421875" lon="9.31988415308296680450439453125">
        <ele>1679.800048828125</ele>
        <time>2026-09-18T10:14:16.000Z</time>
      </trkpt>
      <trkpt lat="40.00398614443838596343994140625" lon="9.31996822357177734375">
        <ele>1680.4000244140625</ele>
        <time>2026-09-18T10:14:27.000Z</time>
      </trkpt>
      <trkpt lat="40.0040598213672637939453125" lon="9.32002312503755092620849609375">
        <ele>1679.4000244140625</ele>
        <time>2026-09-18T10:14:34.000Z</time>
      </trkpt>
      <trkpt lat="40.004077591001987457275390625" lon="9.32003871537744998931884765625">
        <ele>1679</ele>
        <time>2026-09-18T10:14:36.000Z</time>
      </trkpt>
      <trkpt lat="40.00414070673286914825439453125" lon="9.32009772397577762603759765625">
        <ele>1677</ele>
        <time>2026-09-18T10:14:42.000Z</time>
      </trkpt>
      <trkpt lat="40.004168115556240081787109375" lon="9.32011683471500873565673828125">
        <ele>1676.4000244140625</ele>
        <time>2026-09-18T10:14:44.000Z</time>
      </trkpt>
      <trkpt lat="40.0041776709258556365966796875" lon="9.32012714445590972900390625">
        <ele>1676</ele>
        <time>2026-09-18T10:14:45.000Z</time>
      </trkpt>
      <trkpt lat="40.00421128235757350921630859375" lon="9.320179112255573272705078125">
        <ele>1673.800048828125</ele>
        <time>2026-09-18T10:14:50.000Z</time>
      </trkpt>
      <trkpt lat="40.00423106364905834197998046875" lon="9.3201846443116664886474609375">
        <ele>1673.800048828125</ele>
        <time>2026-09-18T10:14:52.000Z</time>
      </trkpt>
      <trkpt lat="40.0043191574513912200927734375" lon="9.3202148191630840301513671875">
        <ele>1674</ele>
        <time>2026-09-18T10:15:00.000Z</time>
      </trkpt>
      <trkpt lat="40.00439065508544445037841796875" lon="9.3202335946261882781982421875">
        <ele>1674.800048828125</ele>
        <time>2026-09-18T10:15:07.000Z</time>
      </trkpt>
      <trkpt lat="40.004399120807647705078125" lon="9.32023703120648860931396484375">
        <ele>1674.800048828125</ele>
        <time>2026-09-18T10:15:08.000Z</time>
      </trkpt>
      <trkpt lat="40.0044646672904491424560546875" lon="9.320244155824184417724609375">
        <ele>1676.199951171875</ele>
        <time>2026-09-18T10:15:15.000Z</time>
      </trkpt>
      <trkpt lat="40.00450246967375278472900390625" lon="9.3202563934028148651123046875">
        <ele>1676.4000244140625</ele>
        <time>2026-09-18T10:15:19.000Z</time>
      </trkpt>
      <trkpt lat="40.00451839528977870941162109375" lon="9.3202793598175048828125">
        <ele>1675.800048828125</ele>
        <time>2026-09-18T10:15:22.000Z</time>
      </trkpt>
      <trkpt lat="40.0045937485992908477783203125" lon="9.3203385360538959503173828125">
        <ele>1674.800048828125</ele>
        <time>2026-09-18T10:15:29.000Z</time>
      </trkpt>
      <trkpt lat="40.00459835864603519439697265625" lon="9.32033903896808624267578125">
        <ele>1674.800048828125</ele>
        <time>2026-09-18T10:15:30.000Z</time>
      </trkpt>
      <trkpt lat="40.0046150386333465576171875" lon="9.32032956741750240325927734375">
        <ele>1675.800048828125</ele>
        <time>2026-09-18T10:15:33.000Z</time>
      </trkpt>
      <trkpt lat="40.0046192295849323272705078125" lon="9.320329986512660980224609375">
        <ele>1676</ele>
        <time>2026-09-18T10:15:34.000Z</time>
      </trkpt>
      <trkpt lat="40.004697181284427642822265625" lon="9.3203423917293548583984375">
        <ele>1677.800048828125</ele>
        <time>2026-09-18T10:15:41.000Z</time>
      </trkpt>
      <trkpt lat="40.0047664158046245574951171875" lon="9.3204065971076488494873046875">
        <ele>1676.800048828125</ele>
        <time>2026-09-18T10:15:48.000Z</time>
      </trkpt>
      <trkpt lat="40.00481419265270233154296875" lon="9.3204377777874469757080078125">
        <ele>1676.800048828125</ele>
        <time>2026-09-18T10:15:55.000Z</time>
      </trkpt>
      <trkpt lat="40.004877559840679168701171875" lon="9.320485889911651611328125">
        <ele>1676.4000244140625</ele>
        <time>2026-09-18T10:16:02.000Z</time>
      </trkpt>
      <trkpt lat="40.004896335303783416748046875" lon="9.32049728929996490478515625">
        <ele>1676.4000244140625</ele>
        <time>2026-09-18T10:16:04.000Z</time>
      </trkpt>
      <trkpt lat="40.004943944513797760009765625" lon="9.32050173170864582061767578125">
        <ele>1677.5999755859375</ele>
        <time>2026-09-18T10:16:08.000Z</time>
      </trkpt>
      <trkpt lat="40.00495492480695247650146484375" lon="9.3205068446695804595947265625">
        <ele>1677.5999755859375</ele>
        <time>2026-09-18T10:16:09.000Z</time>
      </trkpt>
      <trkpt lat="40.00499398447573184967041015625" lon="9.32052453048527240753173828125">
        <ele>1677.800048828125</ele>
        <time>2026-09-18T10:16:12.000Z</time>
      </trkpt>
      <trkpt lat="40.00505718402564525604248046875" lon="9.3205561302602291107177734375">
        <ele>1677.800048828125</ele>
        <time>2026-09-18T10:16:19.000Z</time>
      </trkpt>
      <trkpt lat="40.00511862337589263916015625" lon="9.3206285499036312103271484375">
        <ele>1675.4000244140625</ele>
        <time>2026-09-18T10:16:26.000Z</time>
      </trkpt>
      <trkpt lat="40.00520713627338409423828125" lon="9.32067037560045719146728515625">
        <ele>1675</ele>
        <time>2026-09-18T10:16:36.000Z</time>
      </trkpt>
      <trkpt lat="40.00529187731444835662841796875" lon="9.32068236172199249267578125">
        <ele>1676</ele>
        <time>2026-09-18T10:16:45.000Z</time>
      </trkpt>
      <trkpt lat="40.00531710684299468994140625" lon="9.320704154670238494873046875">
        <ele>1675.4000244140625</ele>
        <time>2026-09-18T10:16:51.000Z</time>
      </trkpt>
      <trkpt lat="40.00533328391611576080322265625" lon="9.320738017559051513671875">
        <ele>1673.800048828125</ele>
        <time>2026-09-18T10:16:54.000Z</time>
      </trkpt>
      <trkpt lat="40.00535205937922000885009765625" lon="9.3207780830562114715576171875">
        <ele>1671.800048828125</ele>
        <time>2026-09-18T10:16:58.000Z</time>
      </trkpt>
      <trkpt lat="40.00539891421794891357421875" lon="9.32082594372332096099853515625">
        <ele>1670.4000244140625</ele>
        <time>2026-09-18T10:17:05.000Z</time>
      </trkpt>
      <trkpt lat="40.00540989451110363006591796875" lon="9.32083331979811191558837890625">
        <ele>1670.4000244140625</ele>
        <time>2026-09-18T10:17:06.000Z</time>
      </trkpt>
      <trkpt lat="40.005464963614940643310546875" lon="9.32087405584752559661865234375">
        <ele>1670.199951171875</ele>
        <time>2026-09-18T10:17:12.000Z</time>
      </trkpt>
      <trkpt lat="40.0054825656116008758544921875" lon="9.32088729925453662872314453125">
        <ele>1670</ele>
        <time>2026-09-18T10:17:15.000Z</time>
      </trkpt>
      <trkpt lat="40.00548206269741058349609375" lon="9.3208907358348369598388671875">
        <ele>1669.800048828125</ele>
        <time>2026-09-18T10:17:17.000Z</time>
      </trkpt>
      <trkpt lat="40.005491785705089569091796875" lon="9.32089618407189846038818359375">
        <ele>1670</ele>
        <time>2026-09-18T10:17:21.000Z</time>
      </trkpt>
      <trkpt lat="40.0055124051868915557861328125" lon="9.320918731391429901123046875">
        <ele>1669.5999755859375</ele>
        <time>2026-09-18T10:17:24.000Z</time>
      </trkpt>
      <trkpt lat="40.00556428916752338409423828125" lon="9.32095133699476718902587890625">
        <ele>1669.800048828125</ele>
        <time>2026-09-18T10:17:30.000Z</time>
      </trkpt>
      <trkpt lat="40.005619190633296966552734375" lon="9.3210183084011077880859375">
        <ele>1668.4000244140625</ele>
        <time>2026-09-18T10:17:38.000Z</time>
      </trkpt>
      <trkpt lat="40.00565313734114170074462890625" lon="9.3211282789707183837890625">
        <ele>1664.800048828125</ele>
        <time>2026-09-18T10:17:46.000Z</time>
      </trkpt>
      <trkpt lat="40.0057031773030757904052734375" lon="9.321214444935321807861328125">
        <ele>1663.199951171875</ele>
        <time>2026-09-18T10:17:51.000Z</time>
      </trkpt>
      <trkpt lat="40.00574818812310695648193359375" lon="9.321312345564365386962890625">
        <ele>1661</ele>
        <time>2026-09-18T10:17:59.000Z</time>
      </trkpt>
      <trkpt lat="40.0057538039982318878173828125" lon="9.32131662033498287200927734375">
        <ele>1661</ele>
        <time>2026-09-18T10:18:00.000Z</time>
      </trkpt>
      <trkpt lat="40.0058019161224365234375" lon="9.3213463760912418365478515625">
        <ele>1661.4000244140625</ele>
        <time>2026-09-18T10:18:05.000Z</time>
      </trkpt>
      <trkpt lat="40.00581088475883007049560546875" lon="9.32135568000376224517822265625">
        <ele>1661.4000244140625</ele>
        <time>2026-09-18T10:18:06.000Z</time>
      </trkpt>
      <trkpt lat="40.00589470379054546356201171875" lon="9.32146959006786346435546875">
        <ele>1658.5999755859375</ele>
        <time>2026-09-18T10:18:15.000Z</time>
      </trkpt>
      <trkpt lat="40.00600065104663372039794921875" lon="9.32152583263814449310302734375">
        <ele>1658.5999755859375</ele>
        <time>2026-09-18T10:18:24.000Z</time>
      </trkpt>
      <trkpt lat="40.0060243718326091766357421875" lon="9.32153739966452121734619140625">
        <ele>1658.199951171875</ele>
        <time>2026-09-18T10:18:28.000Z</time>
      </trkpt>
      <trkpt lat="40.00603518448770046234130859375" lon="9.32153153233230113983154296875">
        <ele>1658.5999755859375</ele>
        <time>2026-09-18T10:18:30.000Z</time>
      </trkpt>
      <trkpt lat="40.00608019530773162841796875" lon="9.32152767665684223175048828125">
        <ele>1658.800048828125</ele>
        <time>2026-09-18T10:18:34.000Z</time>
      </trkpt>
      <trkpt lat="40.00610140152275562286376953125" lon="9.32153807021677494049072265625">
        <ele>1658.4000244140625</ele>
        <time>2026-09-18T10:18:36.000Z</time>
      </trkpt>
      <trkpt lat="40.0061299838125705718994140625" lon="9.32155449874699115753173828125">
        <ele>1657.800048828125</ele>
        <time>2026-09-18T10:18:42.000Z</time>
      </trkpt>
      <trkpt lat="40.00612989999353885650634765625" lon="9.32155600748956203460693359375">
        <ele>1657.5999755859375</ele>
        <time>2026-09-18T10:18:43.000Z</time>
      </trkpt>
      <trkpt lat="40.00616141594946384429931640625" lon="9.3215545825660228729248046875">
        <ele>1657.800048828125</ele>
        <time>2026-09-18T10:18:48.000Z</time>
      </trkpt>
      <trkpt lat="40.00621656887233257293701171875" lon="9.3215398304164409637451171875">
        <ele>1658.800048828125</ele>
        <time>2026-09-18T10:18:54.000Z</time>
      </trkpt>
      <trkpt lat="40.00628940761089324951171875" lon="9.32150579988956451416015625">
        <ele>1660.800048828125</ele>
        <time>2026-09-18T10:19:03.000Z</time>
      </trkpt>
      <trkpt lat="40.00636358745396137237548828125" lon="9.32147654704749584197998046875">
        <ele>1662.4000244140625</ele>
        <time>2026-09-18T10:19:12.000Z</time>
      </trkpt>
      <trkpt lat="40.00640566460788249969482421875" lon="9.32147570885717868804931640625">
        <ele>1662.5999755859375</ele>
        <time>2026-09-18T10:19:17.000Z</time>
      </trkpt>
      <trkpt lat="40.00644220970571041107177734375" lon="9.32146799750626087188720703125">
        <ele>1663</ele>
        <time>2026-09-18T10:19:21.000Z</time>
      </trkpt>
      <trkpt lat="40.006504319608211517333984375" lon="9.32144469581544399261474609375">
        <ele>1664</ele>
        <time>2026-09-18T10:19:28.000Z</time>
      </trkpt>
      <trkpt lat="40.00651714392006397247314453125" lon="9.32143933139741420745849609375">
        <ele>1664.4000244140625</ele>
        <time>2026-09-18T10:19:30.000Z</time>
      </trkpt>
      <trkpt lat="40.00651529990136623382568359375" lon="9.3214420974254608154296875">
        <ele>1664.199951171875</ele>
        <time>2026-09-18T10:19:35.000Z</time>
      </trkpt>
      <trkpt lat="40.00653038732707500457763671875" lon="9.321408234536647796630859375">
        <ele>1665.800048828125</ele>
        <time>2026-09-18T10:19:41.000Z</time>
      </trkpt>
      <trkpt lat="40.00657640397548675537109375" lon="9.32136557064950466156005859375">
        <ele>1668</ele>
        <time>2026-09-18T10:19:50.000Z</time>
      </trkpt>
      <trkpt lat="40.0065859593451023101806640625" lon="9.3213648162782192230224609375">
        <ele>1668</ele>
        <time>2026-09-18T10:19:59.000Z</time>
      </trkpt>
      <trkpt lat="40.00661755912005901336669921875" lon="9.3213750422000885009765625">
        <ele>1667.800048828125</ele>
        <time>2026-09-18T10:20:02.000Z</time>
      </trkpt>
      <trkpt lat="40.00665779225528240203857421875" lon="9.32137177325785160064697265625">
        <ele>1668</ele>
        <time>2026-09-18T10:20:06.000Z</time>
      </trkpt>
      <trkpt lat="40.00666617415845394134521484375" lon="9.3213644810020923614501953125">
        <ele>1668.4000244140625</ele>
        <time>2026-09-18T10:20:07.000Z</time>
      </trkpt>
      <trkpt lat="40.006700120866298675537109375" lon="9.3213339708745479583740234375">
        <ele>1669.800048828125</ele>
        <time>2026-09-18T10:20:11.000Z</time>
      </trkpt>
      <trkpt lat="40.006717555224895477294921875" lon="9.32132818736135959625244140625">
        <ele>1670.199951171875</ele>
        <time>2026-09-18T10:20:13.000Z</time>
      </trkpt>
      <trkpt lat="40.00676156021654605865478515625" lon="9.3213202245533466339111328125">
        <ele>1670.5999755859375</ele>
        <time>2026-09-18T10:20:20.000Z</time>
      </trkpt>
      <trkpt lat="40.00679072923958301544189453125" lon="9.32132952846586704254150390625">
        <ele>1670.4000244140625</ele>
        <time>2026-09-18T10:20:24.000Z</time>
      </trkpt>
      <trkpt lat="40.00681034289300441741943359375" lon="9.3213265947997570037841796875">
        <ele>1670.5999755859375</ele>
        <time>2026-09-18T10:20:26.000Z</time>
      </trkpt>
      <trkpt lat="40.0068176351487636566162109375" lon="9.32132081128656864166259765625">
        <ele>1670.800048828125</ele>
        <time>2026-09-18T10:20:27.000Z</time>
      </trkpt>
      <trkpt lat="40.00683733262121677398681640625" lon="9.32130488567054271697998046875">
        <ele>1671.5999755859375</ele>
        <time>2026-09-18T10:20:30.000Z</time>
      </trkpt>
      <trkpt lat="40.00688376836478710174560546875" lon="9.32127915322780609130859375">
        <ele>1673</ele>
        <time>2026-09-18T10:20:36.000Z</time>
      </trkpt>
      <trkpt lat="40.00690069980919361114501953125" lon="9.32126951403915882110595703125">
        <ele>1673.4000244140625</ele>
        <time>2026-09-18T10:20:44.000Z</time>
      </trkpt>
      <trkpt lat="40.00695836730301380157470703125" lon="9.3212467990815639495849609375">
        <ele>1674.800048828125</ele>
        <time>2026-09-18T10:20:50.000Z</time>
      </trkpt>
      <trkpt lat="40.0070241652429103851318359375" lon="9.32123632170259952545166015625">
        <ele>1675.800048828125</ele>
        <time>2026-09-18T10:20:59.000Z</time>
      </trkpt>
      <trkpt lat="40.00705794431269168853759765625" lon="9.32120229117572307586669921875">
        <ele>1677.5999755859375</ele>
        <time>2026-09-18T10:21:07.000Z</time>
      </trkpt>
      <trkpt lat="40.00705878250300884246826171875" lon="9.321165494620800018310546875">
        <ele>1679.199951171875</ele>
        <time>2026-09-18T10:21:13.000Z</time>
      </trkpt>
      <trkpt lat="40.00709247775375843048095703125" lon="9.32110288180410861968994140625">
        <ele>1682.199951171875</ele>
        <time>2026-09-18T10:21:20.000Z</time>
      </trkpt>
      <trkpt lat="40.0071562640368938446044921875" lon="9.32107756845653057098388671875">
        <ele>1684.4000244140625</ele>
        <time>2026-09-18T10:21:26.000Z</time>
      </trkpt>
      <trkpt lat="40.00726698897778987884521484375" lon="9.32111226953566074371337890625">
        <ele>1684.800048828125</ele>
        <time>2026-09-18T10:21:34.000Z</time>
      </trkpt>
      <trkpt lat="40.00735684297978878021240234375" lon="9.32120564393699169158935546875">
        <ele>1681.5999755859375</ele>
        <time>2026-09-18T10:21:43.000Z</time>
      </trkpt>
      <trkpt lat="40.0074288435280323028564453125" lon="9.32127521373331546783447265625">
        <ele>1679.5999755859375</ele>
        <time>2026-09-18T10:21:50.000Z</time>
      </trkpt>
      <trkpt lat="40.00743546523153781890869140625" lon="9.32127672247588634490966796875">
        <ele>1679.800048828125</ele>
        <time>2026-09-18T10:21:51.000Z</time>
      </trkpt>
      <trkpt lat="40.0074627064168453216552734375" lon="9.321298934519290924072265625">
        <ele>1679.199951171875</ele>
        <time>2026-09-18T10:21:55.000Z</time>
      </trkpt>
      <trkpt lat="40.00758223235607147216796875" lon="9.321368001401424407958984375">
        <ele>1678.4000244140625</ele>
        <time>2026-09-18T10:22:05.000Z</time>
      </trkpt>
      <trkpt lat="40.0076719187200069427490234375" lon="9.32139960117638111114501953125">
        <ele>1678.800048828125</ele>
        <time>2026-09-18T10:22:14.000Z</time>
      </trkpt>
      <trkpt lat="40.0077825598418712615966796875" lon="9.32147235609591007232666015625">
        <ele>1677.199951171875</ele>
        <time>2026-09-18T10:22:23.000Z</time>
      </trkpt>
      <trkpt lat="40.0078915245831012725830078125" lon="9.32151359505951404571533203125">
        <ele>1677</ele>
        <time>2026-09-18T10:22:32.000Z</time>
      </trkpt>
      <trkpt lat="40.0079485215246677398681640625" lon="9.32150873355567455291748046875">
        <ele>1678</ele>
        <time>2026-09-18T10:22:37.000Z</time>
      </trkpt>
      <trkpt lat="40.0080511160194873809814453125" lon="9.32153605856001377105712890625">
        <ele>1678</ele>
        <time>2026-09-18T10:22:45.000Z</time>
      </trkpt>
      <trkpt lat="40.0081188417971134185791015625" lon="9.32154695503413677215576171875">
        <ele>1678.199951171875</ele>
        <time>2026-09-18T10:22:51.000Z</time>
      </trkpt>
      <trkpt lat="40.0082311592996120452880859375" lon="9.32155005633831024169921875">
        <ele>1678.5999755859375</ele>
        <time>2026-09-18T10:22:59.000Z</time>
      </trkpt>
      <trkpt lat="40.00836334191262722015380859375" lon="9.32157553732395172119140625">
        <ele>1679.199951171875</ele>
        <time>2026-09-18T10:23:09.000Z</time>
      </trkpt>
      <trkpt lat="40.00842721201479434967041015625" lon="9.32156690396368503570556640625">
        <ele>1680.199951171875</ele>
        <time>2026-09-18T10:23:16.000Z</time>
      </trkpt>
      <trkpt lat="40.008475743234157562255859375" lon="9.321567825973033905029296875">
        <ele>1680.800048828125</ele>
        <time>2026-09-18T10:23:20.000Z</time>
      </trkpt>
      <trkpt lat="40.0085034035146236419677734375" lon="9.32157377712428569793701171875">
        <ele>1680.800048828125</ele>
        <time>2026-09-18T10:23:22.000Z</time>
      </trkpt>
      <trkpt lat="40.0085506774485111236572265625" lon="9.3215733580291271209716796875">
        <ele>1681.199951171875</ele>
        <time>2026-09-18T10:23:25.000Z</time>
      </trkpt>
      <trkpt lat="40.00858177430927753448486328125" lon="9.32157956063747406005859375">
        <ele>1681.199951171875</ele>
        <time>2026-09-18T10:23:27.000Z</time>
      </trkpt>
      <trkpt lat="40.008665509521961212158203125" lon="9.321587942540645599365234375">
        <ele>1681.4000244140625</ele>
        <time>2026-09-18T10:23:33.000Z</time>
      </trkpt>
      <trkpt lat="40.008690990507602691650390625" lon="9.32158534415066242218017578125">
        <ele>1681.800048828125</ele>
        <time>2026-09-18T10:23:35.000Z</time>
      </trkpt>
      <trkpt lat="40.00871035270392894744873046875" lon="9.3215974979102611541748046875">
        <ele>1681.4000244140625</ele>
        <time>2026-09-18T10:23:37.000Z</time>
      </trkpt>
      <trkpt lat="40.00873952172696590423583984375" lon="9.3216052092611789703369140625">
        <ele>1681.4000244140625</ele>
        <time>2026-09-18T10:23:41.000Z</time>
      </trkpt>
      <trkpt lat="40.00874119810760021209716796875" lon="9.3216030299663543701171875">
        <ele>1681.4000244140625</ele>
        <time>2026-09-18T10:23:47.000Z</time>
      </trkpt>
      <trkpt lat="40.0087391026318073272705078125" lon="9.32160437107086181640625">
        <ele>1681.4000244140625</ele>
        <time>2026-09-18T10:24:06.000Z</time>
      </trkpt>
      <trkpt lat="40.0087401084601879119873046875" lon="9.32160445488989353179931640625">
        <ele>1681.4000244140625</ele>
        <time>2026-09-18T10:24:11.000Z</time>
      </trkpt>
      <trkpt lat="40.00875812955200672149658203125" lon="9.3216030299663543701171875">
        <ele>1681.800048828125</ele>
        <time>2026-09-18T10:24:27.000Z</time>
      </trkpt>
      <trkpt lat="40.0088517554104328155517578125" lon="9.32157411240041255950927734375">
        <ele>1685.199951171875</ele>
        <time>2026-09-18T10:24:33.000Z</time>
      </trkpt>
      <trkpt lat="40.00887908041477203369140625" lon="9.32157528586685657501220703125">
        <ele>1685.5999755859375</ele>
        <time>2026-09-18T10:24:35.000Z</time>
      </trkpt>
      <trkpt lat="40.00898008234798908233642578125" lon="9.3216142617166042327880859375">
        <ele>1686</ele>
        <time>2026-09-18T10:24:44.000Z</time>
      </trkpt>
      <trkpt lat="40.00910379923880100250244140625" lon="9.321668408811092376708984375">
        <ele>1686</ele>
        <time>2026-09-18T10:24:53.000Z</time>
      </trkpt>
      <trkpt lat="40.00921779312193393707275390625" lon="9.3217121623456478118896484375">
        <ele>1686.199951171875</ele>
        <time>2026-09-18T10:25:01.000Z</time>
      </trkpt>
      <trkpt lat="40.0092802383005619049072265625" lon="9.3217210471630096435546875">
        <ele>1687.199951171875</ele>
        <time>2026-09-18T10:25:06.000Z</time>
      </trkpt>
      <trkpt lat="40.0093171186745166778564453125" lon="9.32176069356501102447509765625">
        <ele>1685.800048828125</ele>
        <time>2026-09-18T10:25:10.000Z</time>
      </trkpt>
      <trkpt lat="40.00936263240873813629150390625" lon="9.3218095600605010986328125">
        <ele>1684</ele>
        <time>2026-09-18T10:25:16.000Z</time>
      </trkpt>
      <trkpt lat="40.00937369652092456817626953125" lon="9.32180712930858135223388671875">
        <ele>1684.4000244140625</ele>
        <time>2026-09-18T10:25:17.000Z</time>
      </trkpt>
      <trkpt lat="40.0094160251319408416748046875" lon="9.32179958559572696685791015625">
        <ele>1685.4000244140625</ele>
        <time>2026-09-18T10:25:20.000Z</time>
      </trkpt>
      <trkpt lat="40.00945751555263996124267578125" lon="9.3218358792364597320556640625">
        <ele>1684.199951171875</ele>
        <time>2026-09-18T10:25:24.000Z</time>
      </trkpt>
      <trkpt lat="40.00949640758335590362548828125" lon="9.3218432553112506866455078125">
        <ele>1684.4000244140625</ele>
        <time>2026-09-18T10:25:28.000Z</time>
      </trkpt>
      <trkpt lat="40.009534545242786407470703125" lon="9.321848787367343902587890625">
        <ele>1684.5999755859375</ele>
        <time>2026-09-18T10:25:31.000Z</time>
      </trkpt>
      <trkpt lat="40.00956111587584018707275390625" lon="9.32185046374797821044921875">
        <ele>1684.800048828125</ele>
        <time>2026-09-18T10:25:34.000Z</time>
      </trkpt>
      <trkpt lat="40.00958341173827648162841796875" lon="9.32186161167919635772705078125">
        <ele>1684.5999755859375</ele>
        <time>2026-09-18T10:25:36.000Z</time>
      </trkpt>
      <trkpt lat="40.009608305990695953369140625" lon="9.321885667741298675537109375">
        <ele>1683.5999755859375</ele>
        <time>2026-09-18T10:25:39.000Z</time>
      </trkpt>
      <trkpt lat="40.0096983276307582855224609375" lon="9.32195532135665416717529296875">
        <ele>1682.5999755859375</ele>
        <time>2026-09-18T10:25:48.000Z</time>
      </trkpt>
      <trkpt lat="40.00976982526481151580810546875" lon="9.32199387811124324798583984375">
        <ele>1682.199951171875</ele>
        <time>2026-09-18T10:25:53.000Z</time>
      </trkpt>
      <trkpt lat="40.0098143331706523895263671875" lon="9.32203964330255985260009765625">
        <ele>1681.5999755859375</ele>
        <time>2026-09-18T10:25:57.000Z</time>
      </trkpt>
      <trkpt lat="40.00995104201138019561767578125" lon="9.322135113179683685302734375">
        <ele>1679.800048828125</ele>
        <time>2026-09-18T10:26:08.000Z</time>
      </trkpt>
      <trkpt lat="40.0100533850491046905517578125" lon="9.322216250002384185791015625">
        <ele>1676.800048828125</ele>
        <time>2026-09-18T10:26:17.000Z</time>
      </trkpt>
      <trkpt lat="40.0100714899599552154541015625" lon="9.32224483229219913482666015625">
        <ele>1675.4000244140625</ele>
        <time>2026-09-18T10:26:19.000Z</time>
      </trkpt>
      <trkpt lat="40.0100815482437610626220703125" lon="9.32225489057600498199462890625">
        <ele>1674.800048828125</ele>
        <time>2026-09-18T10:26:20.000Z</time>
      </trkpt>
      <trkpt lat="40.01013427041471004486083984375" lon="9.3222777731716632843017578125">
        <ele>1673.800048828125</ele>
        <time>2026-09-18T10:26:24.000Z</time>
      </trkpt>
      <trkpt lat="40.010200403630733489990234375" lon="9.3223166652023792266845703125">
        <ele>1671.5999755859375</ele>
        <time>2026-09-18T10:26:31.000Z</time>
      </trkpt>
      <trkpt lat="40.0102180056273937225341796875" lon="9.32232680730521678924560546875">
        <ele>1671</ele>
        <time>2026-09-18T10:26:33.000Z</time>
      </trkpt>
      <trkpt lat="40.010298304259777069091796875" lon="9.32233351282775402069091796875">
        <ele>1670.4000244140625</ele>
        <time>2026-09-18T10:26:39.000Z</time>
      </trkpt>
      <trkpt lat="40.0104014016687870025634765625" lon="9.32233233936131000518798828125">
        <ele>1669.5999755859375</ele>
        <time>2026-09-18T10:26:47.000Z</time>
      </trkpt>
      <trkpt lat="40.0104349292814731597900390625" lon="9.32231004349887371063232421875">
        <ele>1670.5999755859375</ele>
        <time>2026-09-18T10:26:52.000Z</time>
      </trkpt>
      <trkpt lat="40.01045982353389263153076171875" lon="9.32228942401707172393798828125">
        <ele>1671.4000244140625</ele>
        <time>2026-09-18T10:26:55.000Z</time>
      </trkpt>
      <trkpt lat="40.0105267949402332305908203125" lon="9.32223225943744182586669921875">
        <ele>1673.4000244140625</ele>
        <time>2026-09-18T10:27:02.000Z</time>
      </trkpt>
      <trkpt lat="40.010562837123870849609375" lon="9.32218171656131744384765625">
        <ele>1674.5999755859375</ele>
        <time>2026-09-18T10:27:07.000Z</time>
      </trkpt>
      <trkpt lat="40.010597705841064453125" lon="9.32213150896131992340087890625">
        <ele>1675.4000244140625</ele>
        <time>2026-09-18T10:27:11.000Z</time>
      </trkpt>
      <trkpt lat="40.01068714074790477752685546875" lon="9.3219733424484729766845703125">
        <ele>1677.4000244140625</ele>
        <time>2026-09-18T10:27:22.000Z</time>
      </trkpt>
      <trkpt lat="40.010760314762592315673828125" lon="9.32187602855265140533447265625">
        <ele>1678.5999755859375</ele>
        <time>2026-09-18T10:27:30.000Z</time>
      </trkpt>
      <trkpt lat="40.01083147712051868438720703125" lon="9.32180226780474185943603515625">
        <ele>1679.199951171875</ele>
        <time>2026-09-18T10:27:39.000Z</time>
      </trkpt>
      <trkpt lat="40.01084773801267147064208984375" lon="9.32179019786417484283447265625">
        <ele>1679.199951171875</ele>
        <time>2026-09-18T10:27:41.000Z</time>
      </trkpt>
      <trkpt lat="40.01091646961867809295654296875" lon="9.32174879126250743865966796875">
        <ele>1679.199951171875</ele>
        <time>2026-09-18T10:27:47.000Z</time>
      </trkpt>
      <trkpt lat="40.01098754815757274627685546875" lon="9.32171828113496303558349609375">
        <ele>1679.199951171875</ele>
        <time>2026-09-18T10:27:52.000Z</time>
      </trkpt>
      <trkpt lat="40.0110578723251819610595703125" lon="9.32164770551025867462158203125">
        <ele>1679.5999755859375</ele>
        <time>2026-09-18T10:27:59.000Z</time>
      </trkpt>
      <trkpt lat="40.0111554376780986785888671875" lon="9.3216441012918949127197265625">
        <ele>1678.199951171875</ele>
        <time>2026-09-18T10:28:05.000Z</time>
      </trkpt>
      <trkpt lat="40.0112053938210010528564453125" lon="9.321614764630794525146484375">
        <ele>1677.800048828125</ele>
        <time>2026-09-18T10:28:08.000Z</time>
      </trkpt>
      <trkpt lat="40.01130538992583751678466796875" lon="9.32156304828822612762451171875">
        <ele>1676.4000244140625</ele>
        <time>2026-09-18T10:28:16.000Z</time>
      </trkpt>
      <trkpt lat="40.01135115511715412139892578125" lon="9.321465902030467987060546875">
        <ele>1676.5999755859375</ele>
        <time>2026-09-18T10:28:23.000Z</time>
      </trkpt>
      <trkpt lat="40.01138032414019107818603515625" lon="9.3213302828371524810791015625">
        <ele>1675.4000244140625</ele>
        <time>2026-09-18T10:28:33.000Z</time>
      </trkpt>
      <trkpt lat="40.01138250343501567840576171875" lon="9.3212991021573543548583984375">
        <ele>1675.4000244140625</ele>
        <time>2026-09-18T10:28:35.000Z</time>
      </trkpt>
      <trkpt lat="40.01137965358793735504150390625" lon="9.3212471343576908111572265625">
        <ele>1675.800048828125</ele>
        <time>2026-09-18T10:28:38.000Z</time>
      </trkpt>
      <trkpt lat="40.0113857723772525787353515625" lon="9.3211770616471767425537109375">
        <ele>1675.5999755859375</ele>
        <time>2026-09-18T10:28:42.000Z</time>
      </trkpt>
      <trkpt lat="40.01139658503234386444091796875" lon="9.32114370167255401611328125">
        <ele>1675.199951171875</ele>
        <time>2026-09-18T10:28:44.000Z</time>
      </trkpt>
      <trkpt lat="40.01146179623901844024658203125" lon="9.3210000358521938323974609375">
        <ele>1671.800048828125</ele>
        <time>2026-09-18T10:28:50.000Z</time>
      </trkpt>
      <trkpt lat="40.01151124946773052215576171875" lon="9.32085360400378704071044921875">
        <ele>1668.4000244140625</ele>
        <time>2026-09-18T10:28:55.000Z</time>
      </trkpt>
      <trkpt lat="40.011518709361553192138671875" lon="9.3208220042288303375244140625">
        <ele>1667.800048828125</ele>
        <time>2026-09-18T10:28:56.000Z</time>
      </trkpt>
      <trkpt lat="40.01152549870312213897705078125" lon="9.3207956850528717041015625">
        <ele>1667.4000244140625</ele>
        <time>2026-09-18T10:28:57.000Z</time>
      </trkpt>
      <trkpt lat="40.0115359760820865631103515625" lon="9.3207608163356781005859375">
        <ele>1666.4000244140625</ele>
        <time>2026-09-18T10:28:58.000Z</time>
      </trkpt>
      <trkpt lat="40.0115651451051235198974609375" lon="9.32066920213401317596435546875">
        <ele>1663</ele>
        <time>2026-09-18T10:29:01.000Z</time>
      </trkpt>
      <trkpt lat="40.01156975515186786651611328125" lon="9.32059594430029392242431640625">
        <ele>1661.5999755859375</ele>
        <time>2026-09-18T10:29:03.000Z</time>
      </trkpt>
      <trkpt lat="40.01157243736088275909423828125" lon="9.32048262096941471099853515625">
        <ele>1659.5999755859375</ele>
        <time>2026-09-18T10:29:06.000Z</time>
      </trkpt>
      <trkpt lat="40.0115775503218173980712890625" lon="9.32044473476707935333251953125">
        <ele>1659</ele>
        <time>2026-09-18T10:29:07.000Z</time>
      </trkpt>
      <trkpt lat="40.01159121282398700714111328125" lon="9.3203772604465484619140625">
        <ele>1657.800048828125</ele>
        <time>2026-09-18T10:29:09.000Z</time>
      </trkpt>
      <trkpt lat="40.01160822808742523193359375" lon="9.32031095959246158599853515625">
        <ele>1656.4000244140625</ele>
        <time>2026-09-18T10:29:11.000Z</time>
      </trkpt>
      <trkpt lat="40.0116231478750705718994140625" lon="9.32018816471099853515625">
        <ele>1655</ele>
        <time>2026-09-18T10:29:14.000Z</time>
      </trkpt>
      <trkpt lat="40.01161199994385242462158203125" lon="9.320079199969768524169921875">
        <ele>1654.800048828125</ele>
        <time>2026-09-18T10:29:17.000Z</time>
      </trkpt>
      <trkpt lat="40.01160378567874431610107421875" lon="9.3199965544044971466064453125">
        <ele>1655</ele>
        <time>2026-09-18T10:29:19.000Z</time>
      </trkpt>
      <trkpt lat="40.01160378567874431610107421875" lon="9.31995548307895660400390625">
        <ele>1655.4000244140625</ele>
        <time>2026-09-18T10:29:20.000Z</time>
      </trkpt>
      <trkpt lat="40.01161091029644012451171875" lon="9.3198433332145214080810546875">
        <ele>1655.5999755859375</ele>
        <time>2026-09-18T10:29:23.000Z</time>
      </trkpt>
      <trkpt lat="40.01162557862699031829833984375" lon="9.3196850828826427459716796875">
        <ele>1655.800048828125</ele>
        <time>2026-09-18T10:29:27.000Z</time>
      </trkpt>
      <trkpt lat="40.01163496635854244232177734375" lon="9.3196451850235462188720703125">
        <ele>1656</ele>
        <time>2026-09-18T10:29:28.000Z</time>
      </trkpt>
      <trkpt lat="40.011670924723148345947265625" lon="9.3194560892879962921142578125">
        <ele>1656.5999755859375</ele>
        <time>2026-09-18T10:29:33.000Z</time>
      </trkpt>
      <trkpt lat="40.01169682480394840240478515625" lon="9.31938283145427703857421875">
        <ele>1656.4000244140625</ele>
        <time>2026-09-18T10:29:37.000Z</time>
      </trkpt>
      <trkpt lat="40.01170487143099308013916015625" lon="9.31937285698950290679931640625">
        <ele>1656.4000244140625</ele>
        <time>2026-09-18T10:29:38.000Z</time>
      </trkpt>
      <trkpt lat="40.011729933321475982666015625" lon="9.3193424306809902191162109375">
        <ele>1656.4000244140625</ele>
        <time>2026-09-18T10:29:41.000Z</time>
      </trkpt>
      <trkpt lat="40.01175449229776859283447265625" lon="9.3193139322102069854736328125">
        <ele>1656</ele>
        <time>2026-09-18T10:29:44.000Z</time>
      </trkpt>
      <trkpt lat="40.0117767043411731719970703125" lon="9.3192887865006923675537109375">
        <ele>1655.4000244140625</ele>
        <time>2026-09-18T10:29:46.000Z</time>
      </trkpt>
      <trkpt lat="40.01182355917990207672119140625" lon="9.31922131218016147613525390625">
        <ele>1654.4000244140625</ele>
        <time>2026-09-18T10:29:50.000Z</time>
      </trkpt>
      <trkpt lat="40.01183353364467620849609375" lon="9.31920521892607212066650390625">
        <ele>1654.199951171875</ele>
        <time>2026-09-18T10:29:51.000Z</time>
      </trkpt>
      <trkpt lat="40.01187049783766269683837890625" lon="9.31913430802524089813232421875">
        <ele>1654.199951171875</ele>
        <time>2026-09-18T10:29:56.000Z</time>
      </trkpt>
      <trkpt lat="40.01191576011478900909423828125" lon="9.31908871047198772430419921875">
        <ele>1653.5999755859375</ele>
        <time>2026-09-18T10:30:01.000Z</time>
      </trkpt>
      <trkpt lat="40.01193218864500522613525390625" lon="9.3190661631524562835693359375">
        <ele>1653.800048828125</ele>
        <time>2026-09-18T10:30:03.000Z</time>
      </trkpt>
      <trkpt lat="40.01196303404867649078369140625" lon="9.31904881261289119720458984375">
        <ele>1653</ele>
        <time>2026-09-18T10:30:06.000Z</time>
      </trkpt>
      <trkpt lat="40.011995136737823486328125" lon="9.31904017925262451171875">
        <ele>1652</ele>
        <time>2026-09-18T10:30:09.000Z</time>
      </trkpt>
      <trkpt lat="40.0120046921074390411376953125" lon="9.319035150110721588134765625">
        <ele>1651.800048828125</ele>
        <time>2026-09-18T10:30:10.000Z</time>
      </trkpt>
      <trkpt lat="40.01204333268105983734130859375" lon="9.31900053285062313079833984375">
        <ele>1651.199951171875</ele>
        <time>2026-09-18T10:30:14.000Z</time>
      </trkpt>
      <trkpt lat="40.01207233406603336334228515625" lon="9.31897019036114215850830078125">
        <ele>1650.800048828125</ele>
        <time>2026-09-18T10:30:17.000Z</time>
      </trkpt>
      <trkpt lat="40.0120823085308074951171875" lon="9.3189575336873531341552734375">
        <ele>1650.800048828125</ele>
        <time>2026-09-18T10:30:18.000Z</time>
      </trkpt>
      <trkpt lat="40.01217258162796497344970703125" lon="9.31886918842792510986328125">
        <ele>1649.800048828125</ele>
        <time>2026-09-18T10:30:26.000Z</time>
      </trkpt>
      <trkpt lat="40.012315995991230010986328125" lon="9.318724013864994049072265625">
        <ele>1648.199951171875</ele>
        <time>2026-09-18T10:30:36.000Z</time>
      </trkpt>
      <trkpt lat="40.012362934648990631103515625" lon="9.31869484484195709228515625">
        <ele>1647.199951171875</ele>
        <time>2026-09-18T10:30:39.000Z</time>
      </trkpt>
      <trkpt lat="40.012414567172527313232421875" lon="9.31865218095481395721435546875">
        <ele>1646.4000244140625</ele>
        <time>2026-09-18T10:30:43.000Z</time>
      </trkpt>
      <trkpt lat="40.01245102845132350921630859375" lon="9.3186232633888721466064453125">
        <ele>1645.5999755859375</ele>
        <time>2026-09-18T10:30:46.000Z</time>
      </trkpt>
      <trkpt lat="40.012530572712421417236328125" lon="9.31853902526199817657470703125">
        <ele>1644.199951171875</ele>
        <time>2026-09-18T10:30:54.000Z</time>
      </trkpt>
      <trkpt lat="40.0125411339104175567626953125" lon="9.318532906472682952880859375">
        <ele>1643.800048828125</ele>
        <time>2026-09-18T10:30:55.000Z</time>
      </trkpt>
      <trkpt lat="40.012605004012584686279296875" lon="9.31849024258553981781005859375">
        <ele>1641.5999755859375</ele>
        <time>2026-09-18T10:31:00.000Z</time>
      </trkpt>
      <trkpt lat="40.01269829459488391876220703125" lon="9.31835914961993694305419921875">
        <ele>1638.4000244140625</ele>
        <time>2026-09-18T10:31:09.000Z</time>
      </trkpt>
      <trkpt lat="40.012705586850643157958984375" lon="9.31826493702828884124755859375">
        <ele>1639.4000244140625</ele>
        <time>2026-09-18T10:31:15.000Z</time>
      </trkpt>
      <trkpt lat="40.012716315686702728271484375" lon="9.31812713854014873504638671875">
        <ele>1641.4000244140625</ele>
        <time>2026-09-18T10:31:24.000Z</time>
      </trkpt>
      <trkpt lat="40.012772642076015472412109375" lon="9.31797391735017299652099609375">
        <ele>1641.199951171875</ele>
        <time>2026-09-18T10:31:33.000Z</time>
      </trkpt>
      <trkpt lat="40.0128345005214214324951171875" lon="9.31780912913382053375244140625">
        <ele>1640.199951171875</ele>
        <time>2026-09-18T10:31:42.000Z</time>
      </trkpt>
      <trkpt lat="40.01282326877117156982421875" lon="9.3176469393074512481689453125">
        <ele>1642.800048828125</ele>
        <time>2026-09-18T10:31:50.000Z</time>
      </trkpt>
      <trkpt lat="40.0128522701561450958251953125" lon="9.31751693598926067352294921875">
        <ele>1643.4000244140625</ele>
        <time>2026-09-18T10:31:58.000Z</time>
      </trkpt>
      <trkpt lat="40.0129085965454578399658203125" lon="9.31741568259894847869873046875">
        <ele>1642.800048828125</ele>
        <time>2026-09-18T10:32:05.000Z</time>
      </trkpt>
      <trkpt lat="40.012939609587192535400390625" lon="9.31734829209744930267333984375">
        <ele>1642.4000244140625</ele>
        <time>2026-09-18T10:32:10.000Z</time>
      </trkpt>
      <trkpt lat="40.01295980997383594512939453125" lon="9.31730152107775211334228515625">
        <ele>1642.199951171875</ele>
        <time>2026-09-18T10:32:14.000Z</time>
      </trkpt>
      <trkpt lat="40.012977160513401031494140625" lon="9.31726581417024135589599609375">
        <ele>1641.800048828125</ele>
        <time>2026-09-18T10:32:17.000Z</time>
      </trkpt>
      <trkpt lat="40.01305871643126010894775390625" lon="9.31717042811214923858642578125">
        <ele>1640.5999755859375</ele>
        <time>2026-09-18T10:32:26.000Z</time>
      </trkpt>
      <trkpt lat="40.01315544359385967254638671875" lon="9.317040257155895233154296875">
        <ele>1639.199951171875</ele>
        <time>2026-09-18T10:32:37.000Z</time>
      </trkpt>
      <trkpt lat="40.01321260817348957061767578125" lon="9.31688158772885799407958984375">
        <ele>1639.4000244140625</ele>
        <time>2026-09-18T10:32:47.000Z</time>
      </trkpt>
      <trkpt lat="40.01325518824160099029541015625" lon="9.31677781976759433746337890625">
        <ele>1638.800048828125</ele>
        <time>2026-09-18T10:32:53.000Z</time>
      </trkpt>
      <trkpt lat="40.01328133977949619293212890625" lon="9.31671646423637866973876953125">
        <ele>1638.4000244140625</ele>
        <time>2026-09-18T10:32:56.000Z</time>
      </trkpt>
      <trkpt lat="40.01332660205662250518798828125" lon="9.31665158830583095550537109375">
        <ele>1637.5999755859375</ele>
        <time>2026-09-18T10:33:00.000Z</time>
      </trkpt>
      <trkpt lat="40.01335442997515201568603515625" lon="9.3166033923625946044921875">
        <ele>1637.4000244140625</ele>
        <time>2026-09-18T10:33:03.000Z</time>
      </trkpt>
      <trkpt lat="40.01340187154710292816162109375" lon="9.31648059748113155364990234375">
        <ele>1637.5999755859375</ele>
        <time>2026-09-18T10:33:10.000Z</time>
      </trkpt>
      <trkpt lat="40.0134939886629581451416015625" lon="9.31639216840267181396484375">
        <ele>1636.199951171875</ele>
        <time>2026-09-18T10:33:18.000Z</time>
      </trkpt>
      <trkpt lat="40.01359683461487293243408203125" lon="9.31636107154190540313720703125">
        <ele>1633.5999755859375</ele>
        <time>2026-09-18T10:33:27.000Z</time>
      </trkpt>
      <trkpt lat="40.013627596199512481689453125" lon="9.316323436796665191650390625">
        <ele>1633.4000244140625</ele>
        <time>2026-09-18T10:33:30.000Z</time>
      </trkpt>
      <trkpt lat="40.0136401690542697906494140625" lon="9.3163179047405719757080078125">
        <ele>1633.199951171875</ele>
        <time>2026-09-18T10:33:31.000Z</time>
      </trkpt>
      <trkpt lat="40.013684928417205810546875" lon="9.3163083493709564208984375">
        <ele>1632</ele>
        <time>2026-09-18T10:33:34.000Z</time>
      </trkpt>
      <trkpt lat="40.01371376216411590576171875" lon="9.31629233993589878082275390625">
        <ele>1631.4000244140625</ele>
        <time>2026-09-18T10:33:36.000Z</time>
      </trkpt>
      <trkpt lat="40.01373077742755413055419921875" lon="9.3162815272808074951171875">
        <ele>1631.199951171875</ele>
        <time>2026-09-18T10:33:37.000Z</time>
      </trkpt>
      <trkpt lat="40.0137980841100215911865234375" lon="9.31623148731887340545654296875">
        <ele>1630.199951171875</ele>
        <time>2026-09-18T10:33:42.000Z</time>
      </trkpt>
      <trkpt lat="40.01391735859215259552001953125" lon="9.31617650203406810760498046875">
        <ele>1627.5999755859375</ele>
        <time>2026-09-18T10:33:51.000Z</time>
      </trkpt>
      <trkpt lat="40.0139412470161914825439453125" lon="9.3161683715879917144775390625">
        <ele>1627</ele>
        <time>2026-09-18T10:33:53.000Z</time>
      </trkpt>
      <trkpt lat="40.01399598084390163421630859375" lon="9.31612704880535602569580078125">
        <ele>1625.800048828125</ele>
        <time>2026-09-18T10:33:59.000Z</time>
      </trkpt>
      <trkpt lat="40.01402699388563632965087890625" lon="9.31610978208482265472412109375">
        <ele>1625</ele>
        <time>2026-09-18T10:34:02.000Z</time>
      </trkpt>
      <trkpt lat="40.0140669755637645721435546875" lon="9.3160728178918361663818359375">
        <ele>1624.4000244140625</ele>
        <time>2026-09-18T10:34:07.000Z</time>
      </trkpt>
      <trkpt lat="40.0141310133039951324462890625" lon="9.3160329200327396392822265625">
        <ele>1623.800048828125</ele>
        <time>2026-09-18T10:34:13.000Z</time>
      </trkpt>
      <trkpt lat="40.014162026345729827880859375" lon="9.3160097859799861907958984375">
        <ele>1623.5999755859375</ele>
        <time>2026-09-18T10:34:16.000Z</time>
      </trkpt>
      <trkpt lat="40.0142691470682621002197265625" lon="9.3159263022243976593017578125">
        <ele>1623.4000244140625</ele>
        <time>2026-09-18T10:34:25.000Z</time>
      </trkpt>
      <trkpt lat="40.01439009793102741241455078125" lon="9.31586452759802341461181640625">
        <ele>1622.4000244140625</ele>
        <time>2026-09-18T10:34:34.000Z</time>
      </trkpt>
      <trkpt lat="40.0145256333053112030029296875" lon="9.315786324441432952880859375">
        <ele>1622.4000244140625</ele>
        <time>2026-09-18T10:34:43.000Z</time>
      </trkpt>
      <trkpt lat="40.014701820909976959228515625" lon="9.3156862445175647735595703125">
        <ele>1620.800048828125</ele>
        <time>2026-09-18T10:34:55.000Z</time>
      </trkpt>
      <trkpt lat="40.0147926807403564453125" lon="9.31561189703643321990966796875">
        <ele>1621.4000244140625</ele>
        <time>2026-09-18T10:35:03.000Z</time>
      </trkpt>
      <trkpt lat="40.01489234156906604766845703125" lon="9.3156064487993717193603515625">
        <ele>1619</ele>
        <time>2026-09-18T10:35:11.000Z</time>
      </trkpt>
      <trkpt lat="40.01496492885053157806396484375" lon="9.31556764058768749237060546875">
        <ele>1618</ele>
        <time>2026-09-18T10:35:18.000Z</time>
      </trkpt>
      <trkpt lat="40.01508680172264575958251953125" lon="9.31551634334027767181396484375">
        <ele>1614.800048828125</ele>
        <time>2026-09-18T10:35:28.000Z</time>
      </trkpt>
      <trkpt lat="40.01514027826488018035888671875" lon="9.3154813908040523529052734375">
        <ele>1613.800048828125</ele>
        <time>2026-09-18T10:35:33.000Z</time>
      </trkpt>
      <trkpt lat="40.01518034376204013824462890625" lon="9.31545875966548919677734375">
        <ele>1613.199951171875</ele>
        <time>2026-09-18T10:35:37.000Z</time>
      </trkpt>
      <trkpt lat="40.015287883579730987548828125" lon="9.3153781257569789886474609375">
        <ele>1612</ele>
        <time>2026-09-18T10:35:47.000Z</time>
      </trkpt>
      <trkpt lat="40.01537228934466838836669921875" lon="9.3153191171586513519287109375">
        <ele>1611</ele>
        <time>2026-09-18T10:35:55.000Z</time>
      </trkpt>
      <trkpt lat="40.01546784304082393646240234375" lon="9.31521878577768802642822265625">
        <ele>1609.800048828125</ele>
        <time>2026-09-18T10:36:04.000Z</time>
      </trkpt>
      <trkpt lat="40.01554428599774837493896484375" lon="9.31510060094296932220458984375">
        <ele>1607.5999755859375</ele>
        <time>2026-09-18T10:36:13.000Z</time>
      </trkpt>
      <trkpt lat="40.01559206284582614898681640625" lon="9.3150331266224384307861328125">
        <ele>1605.800048828125</ele>
        <time>2026-09-18T10:36:19.000Z</time>
      </trkpt>
      <trkpt lat="40.01561150886118412017822265625" lon="9.31499130092561244964599609375">
        <ele>1605</ele>
        <time>2026-09-18T10:36:22.000Z</time>
      </trkpt>
      <trkpt lat="40.01566012389957904815673828125" lon="9.314853586256504058837890625">
        <ele>1603</ele>
        <time>2026-09-18T10:36:31.000Z</time>
      </trkpt>
      <trkpt lat="40.015661381185054779052734375" lon="9.314824752509593963623046875">
        <ele>1603</ele>
        <time>2026-09-18T10:36:33.000Z</time>
      </trkpt>
      <trkpt lat="40.01568879000842571258544921875" lon="9.314682595431804656982421875">
        <ele>1601.5999755859375</ele>
        <time>2026-09-18T10:36:39.000Z</time>
      </trkpt>
      <trkpt lat="40.015725754201412200927734375" lon="9.31450732983648777008056640625">
        <ele>1602.800048828125</ele>
        <time>2026-09-18T10:36:46.000Z</time>
      </trkpt>
      <trkpt lat="40.01575651578605175018310546875" lon="9.31440942920744419097900390625">
        <ele>1603.199951171875</ele>
        <time>2026-09-18T10:36:52.000Z</time>
      </trkpt>
      <trkpt lat="40.0157624669373035430908203125" lon="9.3143967725336551666259765625">
        <ele>1603</ele>
        <time>2026-09-18T10:36:53.000Z</time>
      </trkpt>
      <trkpt lat="40.0158151052892208099365234375" lon="9.31432410143315792083740234375">
        <ele>1602.199951171875</ele>
        <time>2026-09-18T10:36:59.000Z</time>
      </trkpt>
      <trkpt lat="40.01583748497068881988525390625" lon="9.31430331431329250335693359375">
        <ele>1601.800048828125</ele>
        <time>2026-09-18T10:37:01.000Z</time>
      </trkpt>
      <trkpt lat="40.01592314802110195159912109375" lon="9.31415386497974395751953125">
        <ele>1602.800048828125</ele>
        <time>2026-09-18T10:37:11.000Z</time>
      </trkpt>
      <trkpt lat="40.01599824987351894378662109375" lon="9.31408337317407131195068359375">
        <ele>1601.800048828125</ele>
        <time>2026-09-18T10:37:18.000Z</time>
      </trkpt>
      <trkpt lat="40.01602104865014553070068359375" lon="9.31407046504318714141845703125">
        <ele>1601</ele>
        <time>2026-09-18T10:37:20.000Z</time>
      </trkpt>
      <trkpt lat="40.01611207611858844757080078125" lon="9.31397105567157268524169921875">
        <ele>1599.199951171875</ele>
        <time>2026-09-18T10:37:29.000Z</time>
      </trkpt>
      <trkpt lat="40.0162117369472980499267578125" lon="9.31384214200079441070556640625">
        <ele>1597.5999755859375</ele>
        <time>2026-09-18T10:37:37.000Z</time>
      </trkpt>
      <trkpt lat="40.01627401448786258697509765625" lon="9.31373334489762783050537109375">
        <ele>1596.4000244140625</ele>
        <time>2026-09-18T10:37:44.000Z</time>
      </trkpt>
      <trkpt lat="40.0163468532264232635498046875" lon="9.31360744871199131011962890625">
        <ele>1595</ele>
        <time>2026-09-18T10:37:52.000Z</time>
      </trkpt>
      <trkpt lat="40.0163550674915313720703125" lon="9.3136014975607395172119140625">
        <ele>1594.800048828125</ele>
        <time>2026-09-18T10:37:53.000Z</time>
      </trkpt>
      <trkpt lat="40.0164524652063846588134765625" lon="9.3135079555213451385498046875">
        <ele>1591.800048828125</ele>
        <time>2026-09-18T10:38:01.000Z</time>
      </trkpt>
      <trkpt lat="40.01654122956097126007080078125" lon="9.31347258388996124267578125">
        <ele>1589</ele>
        <time>2026-09-18T10:38:08.000Z</time>
      </trkpt>
      <trkpt lat="40.01655883155763149261474609375" lon="9.31337342597544193267822265625">
        <ele>1590.199951171875</ele>
        <time>2026-09-18T10:38:15.000Z</time>
      </trkpt>
      <trkpt lat="40.01655832864344120025634765625" lon="9.3133329413831233978271484375">
        <ele>1590.5999755859375</ele>
        <time>2026-09-18T10:38:18.000Z</time>
      </trkpt>
      <trkpt lat="40.0165879167616367340087890625" lon="9.3133000843226909637451171875">
        <ele>1590.199951171875</ele>
        <time>2026-09-18T10:38:21.000Z</time>
      </trkpt>
      <trkpt lat="40.016678608953952789306640625" lon="9.31323923170566558837890625">
        <ele>1588.4000244140625</ele>
        <time>2026-09-18T10:38:29.000Z</time>
      </trkpt>
      <trkpt lat="40.0166905112564563751220703125" lon="9.3132259882986545562744140625">
        <ele>1588.199951171875</ele>
        <time>2026-09-18T10:38:31.000Z</time>
      </trkpt>
      <trkpt lat="40.016716159880161285400390625" lon="9.31318500079214572906494140625">
        <ele>1588</ele>
        <time>2026-09-18T10:38:35.000Z</time>
      </trkpt>
      <trkpt lat="40.0167133100330829620361328125" lon="9.313173182308673858642578125">
        <ele>1588.4000244140625</ele>
        <time>2026-09-18T10:38:36.000Z</time>
      </trkpt>
      <trkpt lat="40.01670165918767452239990234375" lon="9.31311559863388538360595703125">
        <ele>1589.5999755859375</ele>
        <time>2026-09-18T10:38:40.000Z</time>
      </trkpt>
      <trkpt lat="40.0167064368724822998046875" lon="9.31307687424123287200927734375">
        <ele>1590</ele>
        <time>2026-09-18T10:38:43.000Z</time>
      </trkpt>
      <trkpt lat="40.01672646962106227874755859375" lon="9.31304619647562503814697265625">
        <ele>1589.800048828125</ele>
        <time>2026-09-18T10:38:46.000Z</time>
      </trkpt>
      <trkpt lat="40.0167408026754856109619140625" lon="9.313025660812854766845703125">
        <ele>1589.5999755859375</ele>
        <time>2026-09-18T10:38:48.000Z</time>
      </trkpt>
      <trkpt lat="40.01674926839768886566162109375" lon="9.31289800442755222320556640625">
        <ele>1590.4000244140625</ele>
        <time>2026-09-18T10:38:55.000Z</time>
      </trkpt>
      <trkpt lat="40.0167418085038661956787109375" lon="9.31287621147930622100830078125">
        <ele>1590.5999755859375</ele>
        <time>2026-09-18T10:38:57.000Z</time>
      </trkpt>
      <trkpt lat="40.0167451612651348114013671875" lon="9.3128424324095249176025390625">
        <ele>1590.5999755859375</ele>
        <time>2026-09-18T10:38:59.000Z</time>
      </trkpt>
      <trkpt lat="40.01675496809184551239013671875" lon="9.31282642297446727752685546875">
        <ele>1590.4000244140625</ele>
        <time>2026-09-18T10:39:00.000Z</time>
      </trkpt>
      <trkpt lat="40.0168169103562831878662109375" lon="9.312704466283321380615234375">
        <ele>1588.800048828125</ele>
        <time>2026-09-18T10:39:07.000Z</time>
      </trkpt>
      <trkpt lat="40.01682789064943790435791015625" lon="9.3125960044562816619873046875">
        <ele>1589</ele>
        <time>2026-09-18T10:39:14.000Z</time>
      </trkpt>
      <trkpt lat="40.01684390008449554443359375" lon="9.31252844631671905517578125">
        <ele>1588.800048828125</ele>
        <time>2026-09-18T10:39:20.000Z</time>
      </trkpt>
      <trkpt lat="40.01689109019935131072998046875" lon="9.31240363977849483489990234375">
        <ele>1587.199951171875</ele>
        <time>2026-09-18T10:39:29.000Z</time>
      </trkpt>
      <trkpt lat="40.01694322563707828521728515625" lon="9.312307499349117279052734375">
        <ele>1584.800048828125</ele>
        <time>2026-09-18T10:39:36.000Z</time>
      </trkpt>
      <trkpt lat="40.0169436447322368621826171875" lon="9.3121562898159027099609375">
        <ele>1585.800048828125</ele>
        <time>2026-09-18T10:39:45.000Z</time>
      </trkpt>
      <trkpt lat="40.016950182616710662841796875" lon="9.31202125735580921173095703125">
        <ele>1586.5999755859375</ele>
        <time>2026-09-18T10:39:54.000Z</time>
      </trkpt>
      <trkpt lat="40.0169858895242214202880859375" lon="9.311867617070674896240234375">
        <ele>1586.4000244140625</ele>
        <time>2026-09-18T10:40:03.000Z</time>
      </trkpt>
      <trkpt lat="40.0170277990400791168212890625" lon="9.31173317134380340576171875">
        <ele>1586.199951171875</ele>
        <time>2026-09-18T10:40:11.000Z</time>
      </trkpt>
      <trkpt lat="40.01707264222204685211181640625" lon="9.31158673949539661407470703125">
        <ele>1586</ele>
        <time>2026-09-18T10:40:20.000Z</time>
      </trkpt>
      <trkpt lat="40.01711103133857250213623046875" lon="9.3115449137985706329345703125">
        <ele>1585</ele>
        <time>2026-09-18T10:40:25.000Z</time>
      </trkpt>
      <trkpt lat="40.0171293877065181732177734375" lon="9.3115110509097576141357421875">
        <ele>1584.800048828125</ele>
        <time>2026-09-18T10:40:28.000Z</time>
      </trkpt>
      <trkpt lat="40.0172041542828083038330078125" lon="9.311393201351165771484375">
        <ele>1583.800048828125</ele>
        <time>2026-09-18T10:40:38.000Z</time>
      </trkpt>
      <trkpt lat="40.01722075045108795166015625" lon="9.31128934957087039947509765625">
        <ele>1585</ele>
        <time>2026-09-18T10:40:45.000Z</time>
      </trkpt>
      <trkpt lat="40.01722653396427631378173828125" lon="9.31127627380192279815673828125">
        <ele>1585.199951171875</ele>
        <time>2026-09-18T10:40:46.000Z</time>
      </trkpt>
      <trkpt lat="40.0172651745378971099853515625" lon="9.31123017333447933197021484375">
        <ele>1584.5999755859375</ele>
        <time>2026-09-18T10:40:51.000Z</time>
      </trkpt>
      <trkpt lat="40.0173469819128513336181640625" lon="9.3110939674079418182373046875">
        <ele>1583.199951171875</ele>
        <time>2026-09-18T10:41:00.000Z</time>
      </trkpt>
      <trkpt lat="40.01736827194690704345703125" lon="9.31102783419191837310791015625">
        <ele>1583</ele>
        <time>2026-09-18T10:41:04.000Z</time>
      </trkpt>
      <trkpt lat="40.0173769891262054443359375" lon="9.31096664629876613616943359375">
        <ele>1582.5999755859375</ele>
        <time>2026-09-18T10:41:07.000Z</time>
      </trkpt>
      <trkpt lat="40.017394088208675384521484375" lon="9.310855753719806671142578125">
        <ele>1582</ele>
        <time>2026-09-18T10:41:13.000Z</time>
      </trkpt>
      <trkpt lat="40.0174105167388916015625" lon="9.31082566268742084503173828125">
        <ele>1581.5999755859375</ele>
        <time>2026-09-18T10:41:15.000Z</time>
      </trkpt>
      <trkpt lat="40.01747413538396358489990234375" lon="9.31067395024001598358154296875">
        <ele>1579</ele>
        <time>2026-09-18T10:41:25.000Z</time>
      </trkpt>
      <trkpt lat="40.01745468936860561370849609375" lon="9.31057982146739959716796875">
        <ele>1580.4000244140625</ele>
        <time>2026-09-18T10:41:33.000Z</time>
      </trkpt>
      <trkpt lat="40.01741043291985988616943359375" lon="9.3104334734380245208740234375">
        <ele>1583</ele>
        <time>2026-09-18T10:41:44.000Z</time>
      </trkpt>
      <trkpt lat="40.01739769242703914642333984375" lon="9.31035761721432209014892578125">
        <ele>1584.4000244140625</ele>
        <time>2026-09-18T10:41:49.000Z</time>
      </trkpt>
      <trkpt lat="40.0174036435782909393310546875" lon="9.31034286506474018096923828125">
        <ele>1584.199951171875</ele>
        <time>2026-09-18T10:41:50.000Z</time>
      </trkpt>
      <trkpt lat="40.01741252839565277099609375" lon="9.3103167973458766937255859375">
        <ele>1583.800048828125</ele>
        <time>2026-09-18T10:41:52.000Z</time>
      </trkpt>
      <trkpt lat="40.01741814427077770233154296875" lon="9.31031025946140289306640625">
        <ele>1583.5999755859375</ele>
        <time>2026-09-18T10:41:53.000Z</time>
      </trkpt>
      <trkpt lat="40.01743675209581851959228515625" lon="9.310296513140201568603515625">
        <ele>1582.5999755859375</ele>
        <time>2026-09-18T10:41:55.000Z</time>
      </trkpt>
      <trkpt lat="40.01747346483170986175537109375" lon="9.3102517537772655487060546875">
        <ele>1581.199951171875</ele>
        <time>2026-09-18T10:41:59.000Z</time>
      </trkpt>
      <trkpt lat="40.01749391667544841766357421875" lon="9.31014589034020900726318359375">
        <ele>1581.4000244140625</ele>
        <time>2026-09-18T10:42:06.000Z</time>
      </trkpt>
      <trkpt lat="40.017497353255748748779296875" lon="9.31013482622802257537841796875">
        <ele>1581.4000244140625</ele>
        <time>2026-09-18T10:42:07.000Z</time>
      </trkpt>
      <trkpt lat="40.0175298750400543212890625" lon="9.31004027836024761199951171875">
        <ele>1581.199951171875</ele>
        <time>2026-09-18T10:42:14.000Z</time>
      </trkpt>
      <trkpt lat="40.01752912066876888275146484375" lon="9.30998512543737888336181640625">
        <ele>1582.199951171875</ele>
        <time>2026-09-18T10:42:18.000Z</time>
      </trkpt>
      <trkpt lat="40.01753046177327632904052734375" lon="9.309971295297145843505859375">
        <ele>1582.4000244140625</ele>
        <time>2026-09-18T10:42:19.000Z</time>
      </trkpt>
      <trkpt lat="40.0175607204437255859375" lon="9.30991329252719879150390625">
        <ele>1582.800048828125</ele>
        <time>2026-09-18T10:42:23.000Z</time>
      </trkpt>
      <trkpt lat="40.01757186837494373321533203125" lon="9.30989342741668224334716796875">
        <ele>1583</ele>
        <time>2026-09-18T10:42:24.000Z</time>
      </trkpt>
      <trkpt lat="40.01765015535056591033935546875" lon="9.30980424396693706512451171875">
        <ele>1581.800048828125</ele>
        <time>2026-09-18T10:42:31.000Z</time>
      </trkpt>
      <trkpt lat="40.0176913104951381683349609375" lon="9.3097458221018314361572265625">
        <ele>1581.5999755859375</ele>
        <time>2026-09-18T10:42:35.000Z</time>
      </trkpt>
      <trkpt lat="40.01771855168044567108154296875" lon="9.30971405468881130218505859375">
        <ele>1581.4000244140625</ele>
        <time>2026-09-18T10:42:38.000Z</time>
      </trkpt>
      <trkpt lat="40.01775987446308135986328125" lon="9.30962990038096904754638671875">
        <ele>1582.199951171875</ele>
        <time>2026-09-18T10:42:45.000Z</time>
      </trkpt>
      <trkpt lat="40.01780320890247821807861328125" lon="9.30954339914023876190185546875">
        <ele>1582.800048828125</ele>
        <time>2026-09-18T10:42:52.000Z</time>
      </trkpt>
      <trkpt lat="40.0178230740129947662353515625" lon="9.30950216017663478851318359375">
        <ele>1583</ele>
        <time>2026-09-18T10:42:55.000Z</time>
      </trkpt>
      <trkpt lat="40.01786741428077220916748046875" lon="9.30943451821804046630859375">
        <ele>1583.199951171875</ele>
        <time>2026-09-18T10:43:01.000Z</time>
      </trkpt>
      <trkpt lat="40.01788451336324214935302734375" lon="9.30940099060535430908203125">
        <ele>1583.4000244140625</ele>
        <time>2026-09-18T10:43:03.000Z</time>
      </trkpt>
      <trkpt lat="40.017917454242706298828125" lon="9.30929663591086864471435546875">
        <ele>1586.5999755859375</ele>
        <time>2026-09-18T10:43:11.000Z</time>
      </trkpt>
      <trkpt lat="40.0179397501051425933837890625" lon="9.30923326872289180755615234375">
        <ele>1589</ele>
        <time>2026-09-18T10:43:17.000Z</time>
      </trkpt>
      <trkpt lat="40.01796850003302097320556640625" lon="9.30922119878232479095458984375">
        <ele>1589.199951171875</ele>
        <time>2026-09-18T10:43:20.000Z</time>
      </trkpt>
      <trkpt lat="40.01803480088710784912109375" lon="9.30918331257998943328857421875">
        <ele>1589.4000244140625</ele>
        <time>2026-09-18T10:43:27.000Z</time>
      </trkpt>
      <trkpt lat="40.018043853342533111572265625" lon="9.30918867699801921844482421875">
        <ele>1589</ele>
        <time>2026-09-18T10:43:29.000Z</time>
      </trkpt>
      <trkpt lat="40.018071345984935760498046875" lon="9.30917912162840366363525390625">
        <ele>1588.5999755859375</ele>
        <time>2026-09-18T10:43:32.000Z</time>
      </trkpt>
      <trkpt lat="40.0181174464523792266845703125" lon="9.30917442776262760162353515625">
        <ele>1587.5999755859375</ele>
        <time>2026-09-18T10:43:36.000Z</time>
      </trkpt>
      <trkpt lat="40.01819581724703311920166015625" lon="9.30918507277965545654296875">
        <ele>1585.199951171875</ele>
        <time>2026-09-18T10:43:42.000Z</time>
      </trkpt>
      <trkpt lat="40.01822968013584613800048828125" lon="9.30918641388416290283203125">
        <ele>1584.4000244140625</ele>
        <time>2026-09-18T10:43:44.000Z</time>
      </trkpt>
      <trkpt lat="40.01834283582866191864013671875" lon="9.3091812171041965484619140625">
        <ele>1582.199951171875</ele>
        <time>2026-09-18T10:43:52.000Z</time>
      </trkpt>
      <trkpt lat="40.0184740126132965087890625" lon="9.30917006917297840118408203125">
        <ele>1580.4000244140625</ele>
        <time>2026-09-18T10:44:02.000Z</time>
      </trkpt>
      <trkpt lat="40.01848264597356319427490234375" lon="9.30916889570653438568115234375">
        <ele>1580.199951171875</ele>
        <time>2026-09-18T10:44:03.000Z</time>
      </trkpt>
      <trkpt lat="40.0185124017298221588134765625" lon="9.309152550995349884033203125">
        <ele>1580.199951171875</ele>
        <time>2026-09-18T10:44:08.000Z</time>
      </trkpt>
      <trkpt lat="40.01851550303399562835693359375" lon="9.309147186577320098876953125">
        <ele>1580.5999755859375</ele>
        <time>2026-09-18T10:44:09.000Z</time>
      </trkpt>
      <trkpt lat="40.0185616873204708099365234375" lon="9.3091171793639659881591796875">
        <ele>1582.199951171875</ele>
        <time>2026-09-18T10:44:14.000Z</time>
      </trkpt>
      <trkpt lat="40.01858423464000225067138671875" lon="9.30911893956363201141357421875">
        <ele>1581.800048828125</ele>
        <time>2026-09-18T10:44:16.000Z</time>
      </trkpt>
      <trkpt lat="40.01865464262664318084716796875" lon="9.30910552851855754852294921875">
        <ele>1582.4000244140625</ele>
        <time>2026-09-18T10:44:22.000Z</time>
      </trkpt>
      <trkpt lat="40.01870979554951190948486328125" lon="9.30908046662807464599609375">
        <ele>1583.800048828125</ele>
        <time>2026-09-18T10:44:27.000Z</time>
      </trkpt>
      <trkpt lat="40.01877014525234699249267578125" lon="9.30902154184877872467041015625">
        <ele>1585.800048828125</ele>
        <time>2026-09-18T10:44:33.000Z</time>
      </trkpt>
      <trkpt lat="40.01879026181995868682861328125" lon="9.3089917860925197601318359375">
        <ele>1587</ele>
        <time>2026-09-18T10:44:36.000Z</time>
      </trkpt>
      <trkpt lat="40.01885890960693359375" lon="9.30898013524711132049560546875">
        <ele>1586.800048828125</ele>
        <time>2026-09-18T10:44:42.000Z</time>
      </trkpt>
      <trkpt lat="40.0189499370753765106201171875" lon="9.30897309444844722747802734375">
        <ele>1585.199951171875</ele>
        <time>2026-09-18T10:44:49.000Z</time>
      </trkpt>
      <trkpt lat="40.01898874528706073760986328125" lon="9.3089669756591320037841796875">
        <ele>1584.4000244140625</ele>
        <time>2026-09-18T10:44:52.000Z</time>
      </trkpt>
      <trkpt lat="40.01905764453113079071044921875" lon="9.308964796364307403564453125">
        <ele>1582.800048828125</ele>
        <time>2026-09-18T10:44:57.000Z</time>
      </trkpt>
      <trkpt lat="40.01909888349473476409912109375" lon="9.30896605364978313446044921875">
        <ele>1581.4000244140625</ele>
        <time>2026-09-18T10:45:00.000Z</time>
      </trkpt>
      <trkpt lat="40.0191242806613445281982421875" lon="9.3089720048010349273681640625">
        <ele>1580.4000244140625</ele>
        <time>2026-09-18T10:45:02.000Z</time>
      </trkpt>
      <trkpt lat="40.0192657671868801116943359375" lon="9.3089337833225727081298828125">
        <ele>1581</ele>
        <time>2026-09-18T10:45:12.000Z</time>
      </trkpt>
      <trkpt lat="40.0193757377564907073974609375" lon="9.30892087519168853759765625">
        <ele>1580.4000244140625</ele>
        <time>2026-09-18T10:45:21.000Z</time>
      </trkpt>
      <trkpt lat="40.019492916762828826904296875" lon="9.30892833508551120758056640625">
        <ele>1577</ele>
        <time>2026-09-18T10:45:30.000Z</time>
      </trkpt>
      <trkpt lat="40.0195336528122425079345703125" lon="9.3089099787175655364990234375">
        <ele>1577.199951171875</ele>
        <time>2026-09-18T10:45:34.000Z</time>
      </trkpt>
      <trkpt lat="40.0195624865591526031494140625" lon="9.3088853359222412109375">
        <ele>1577.800048828125</ele>
        <time>2026-09-18T10:45:37.000Z</time>
      </trkpt>
      <trkpt lat="40.01964387483894824981689453125" lon="9.30883412249386310577392578125">
        <ele>1578.800048828125</ele>
        <time>2026-09-18T10:45:45.000Z</time>
      </trkpt>
      <trkpt lat="40.01974127255380153656005859375" lon="9.30878701619803905487060546875">
        <ele>1578.800048828125</ele>
        <time>2026-09-18T10:45:54.000Z</time>
      </trkpt>
      <trkpt lat="40.0198457948863506317138671875" lon="9.30876321159303188323974609375">
        <ele>1577.199951171875</ele>
        <time>2026-09-18T10:46:02.000Z</time>
      </trkpt>
      <trkpt lat="40.01990430057048797607421875" lon="9.308728761970996856689453125">
        <ele>1577.800048828125</ele>
        <time>2026-09-18T10:46:07.000Z</time>
      </trkpt>
      <trkpt lat="40.01991863362491130828857421875" lon="9.30871258489787578582763671875">
        <ele>1578.4000244140625</ele>
        <time>2026-09-18T10:46:09.000Z</time>
      </trkpt>
      <trkpt lat="40.0199430249631404876708984375" lon="9.30869598872959613800048828125">
        <ele>1579</ele>
        <time>2026-09-18T10:46:12.000Z</time>
      </trkpt>
      <trkpt lat="40.02006950788199901580810546875" lon="9.30864318273961544036865234375">
        <ele>1579</ele>
        <time>2026-09-18T10:46:21.000Z</time>
      </trkpt>
      <trkpt lat="40.02014578320086002349853515625" lon="9.30859289132058620452880859375">
        <ele>1579.4000244140625</ele>
        <time>2026-09-18T10:46:28.000Z</time>
      </trkpt>
      <trkpt lat="40.02016388811171054840087890625" lon="9.308584593236446380615234375">
        <ele>1579.5999755859375</ele>
        <time>2026-09-18T10:46:30.000Z</time>
      </trkpt>
      <trkpt lat="40.02020328305661678314208984375" lon="9.30856548249721527099609375">
        <ele>1579.4000244140625</ele>
        <time>2026-09-18T10:46:35.000Z</time>
      </trkpt>
      <trkpt lat="40.02024494111537933349609375" lon="9.30856355465948581695556640625">
        <ele>1578.5999755859375</ele>
        <time>2026-09-18T10:46:38.000Z</time>
      </trkpt>
      <trkpt lat="40.020321048796176910400390625" lon="9.30851225741207599639892578125">
        <ele>1578.4000244140625</ele>
        <time>2026-09-18T10:46:45.000Z</time>
      </trkpt>
      <trkpt lat="40.020347200334072113037109375" lon="9.30849163793027400970458984375">
        <ele>1578.199951171875</ele>
        <time>2026-09-18T10:46:48.000Z</time>
      </trkpt>
      <trkpt lat="40.02035298384726047515869140625" lon="9.3084494769573211669921875">
        <ele>1579</ele>
        <time>2026-09-18T10:46:52.000Z</time>
      </trkpt>
      <trkpt lat="40.02035717479884624481201171875" lon="9.30843564681708812713623046875">
        <ele>1579</ele>
        <time>2026-09-18T10:46:53.000Z</time>
      </trkpt>
      <trkpt lat="40.0204144231975078582763671875" lon="9.3083289451897144317626953125">
        <ele>1579.4000244140625</ele>
        <time>2026-09-18T10:47:01.000Z</time>
      </trkpt>
      <trkpt lat="40.0204181112349033355712890625" lon="9.30831469595432281494140625">
        <ele>1579.5999755859375</ele>
        <time>2026-09-18T10:47:02.000Z</time>
      </trkpt>
      <trkpt lat="40.0204355455935001373291015625" lon="9.30821067653596401214599609375">
        <ele>1579.5999755859375</ele>
        <time>2026-09-18T10:47:09.000Z</time>
      </trkpt>
      <trkpt lat="40.0204496271908283233642578125" lon="9.30807472206652164459228515625">
        <ele>1579.199951171875</ele>
        <time>2026-09-18T10:47:19.000Z</time>
      </trkpt>
      <trkpt lat="40.02045256085693836212158203125" lon="9.30802644230425357818603515625">
        <ele>1579.199951171875</ele>
        <time>2026-09-18T10:47:22.000Z</time>
      </trkpt>
      <trkpt lat="40.0204620324075222015380859375" lon="9.30789819918572902679443359375">
        <ele>1579.800048828125</ele>
        <time>2026-09-18T10:47:30.000Z</time>
      </trkpt>
      <trkpt lat="40.020476281642913818359375" lon="9.30777699686586856842041015625">
        <ele>1580.199951171875</ele>
        <time>2026-09-18T10:47:38.000Z</time>
      </trkpt>
      <trkpt lat="40.020473934710025787353515625" lon="9.3077626638114452362060546875">
        <ele>1580.199951171875</ele>
        <time>2026-09-18T10:47:39.000Z</time>
      </trkpt>
      <trkpt lat="40.0204747729003429412841796875" lon="9.30772586725652217864990234375">
        <ele>1580</ele>
        <time>2026-09-18T10:47:41.000Z</time>
      </trkpt>
      <trkpt lat="40.02049296163022518157958984375" lon="9.30765529163181781768798828125">
        <ele>1580.4000244140625</ele>
        <time>2026-09-18T10:47:45.000Z</time>
      </trkpt>
      <trkpt lat="40.020538307726383209228515625" lon="9.3075413815677165985107421875">
        <ele>1580.4000244140625</ele>
        <time>2026-09-18T10:47:52.000Z</time>
      </trkpt>
      <trkpt lat="40.020563788712024688720703125" lon="9.30737734772264957427978515625">
        <ele>1581.5999755859375</ele>
        <time>2026-09-18T10:48:01.000Z</time>
      </trkpt>
      <trkpt lat="40.020590610802173614501953125" lon="9.3072661198675632476806640625">
        <ele>1583</ele>
        <time>2026-09-18T10:48:09.000Z</time>
      </trkpt>
      <trkpt lat="40.020616091787815093994140625" lon="9.3072024174034595489501953125">
        <ele>1583.4000244140625</ele>
        <time>2026-09-18T10:48:13.000Z</time>
      </trkpt>
      <trkpt lat="40.0206407345831394195556640625" lon="9.3071484379470348358154296875">
        <ele>1583.5999755859375</ele>
        <time>2026-09-18T10:48:17.000Z</time>
      </trkpt>
      <trkpt lat="40.02071558497846126556396484375" lon="9.3070277385413646697998046875">
        <ele>1582.199951171875</ele>
        <time>2026-09-18T10:48:26.000Z</time>
      </trkpt>
      <trkpt lat="40.02080879174172878265380859375" lon="9.306958504021167755126953125">
        <ele>1577.800048828125</ele>
        <time>2026-09-18T10:48:32.000Z</time>
      </trkpt>
      <trkpt lat="40.0208536349236965179443359375" lon="9.30692304857075214385986328125">
        <ele>1575.4000244140625</ele>
        <time>2026-09-18T10:48:36.000Z</time>
      </trkpt>
      <trkpt lat="40.02087987028062343597412109375" lon="9.30690410546958446502685546875">
        <ele>1574.199951171875</ele>
        <time>2026-09-18T10:48:38.000Z</time>
      </trkpt>
      <trkpt lat="40.0208911858499050140380859375" lon="9.3068859167397022247314453125">
        <ele>1573.800048828125</ele>
        <time>2026-09-18T10:48:39.000Z</time>
      </trkpt>
      <trkpt lat="40.020966790616512298583984375" lon="9.30678860284388065338134765625">
        <ele>1572.199951171875</ele>
        <time>2026-09-18T10:48:46.000Z</time>
      </trkpt>
      <trkpt lat="40.02105488441884517669677734375" lon="9.30668517015874385833740234375">
        <ele>1571.4000244140625</ele>
        <time>2026-09-18T10:48:56.000Z</time>
      </trkpt>
      <trkpt lat="40.021118335425853729248046875" lon="9.3066228926181793212890625">
        <ele>1569.5999755859375</ele>
        <time>2026-09-18T10:49:03.000Z</time>
      </trkpt>
      <trkpt lat="40.021169297397136688232421875" lon="9.30657972581684589385986328125">
        <ele>1567.5999755859375</ele>
        <time>2026-09-18T10:49:09.000Z</time>
      </trkpt>
      <trkpt lat="40.02122168429195880889892578125" lon="9.30655960924923419952392578125">
        <ele>1565</ele>
        <time>2026-09-18T10:49:16.000Z</time>
      </trkpt>
      <trkpt lat="40.02126728184521198272705078125" lon="9.3064866028726100921630859375">
        <ele>1564.199951171875</ele>
        <time>2026-09-18T10:49:21.000Z</time>
      </trkpt>
      <trkpt lat="40.02128563821315765380859375" lon="9.30646640248596668243408203125">
        <ele>1563.5999755859375</ele>
        <time>2026-09-18T10:49:24.000Z</time>
      </trkpt>
      <trkpt lat="40.02131153829395771026611328125" lon="9.3064450286328792572021484375">
        <ele>1562.800048828125</ele>
        <time>2026-09-18T10:49:27.000Z</time>
      </trkpt>
      <trkpt lat="40.021351687610149383544921875" lon="9.306403957307338714599609375">
        <ele>1561.5999755859375</ele>
        <time>2026-09-18T10:49:32.000Z</time>
      </trkpt>
      <trkpt lat="40.0213645957410335540771484375" lon="9.30638459511101245880126953125">
        <ele>1561.4000244140625</ele>
        <time>2026-09-18T10:49:34.000Z</time>
      </trkpt>
      <trkpt lat="40.021388567984104156494140625" lon="9.3063333816826343536376953125">
        <ele>1561.4000244140625</ele>
        <time>2026-09-18T10:49:38.000Z</time>
      </trkpt>
      <trkpt lat="40.0213997997343540191650390625" lon="9.30625836364924907684326171875">
        <ele>1561.4000244140625</ele>
        <time>2026-09-18T10:49:43.000Z</time>
      </trkpt>
      <trkpt lat="40.021397285163402557373046875" lon="9.30618376471102237701416015625">
        <ele>1562</ele>
        <time>2026-09-18T10:49:48.000Z</time>
      </trkpt>
      <trkpt lat="40.02141044475138187408447265625" lon="9.30617052130401134490966796875">
        <ele>1561.5999755859375</ele>
        <time>2026-09-18T10:49:50.000Z</time>
      </trkpt>
      <trkpt lat="40.021414719521999359130859375" lon="9.30616918019950389862060546875">
        <ele>1561.4000244140625</ele>
        <time>2026-09-18T10:49:56.000Z</time>
      </trkpt>
      <trkpt lat="40.0214172340929508209228515625" lon="9.30616750381886959075927734375">
        <ele>1561.199951171875</ele>
        <time>2026-09-18T10:50:14.000Z</time>
      </trkpt>
      <trkpt lat="40.0214172340929508209228515625" lon="9.30616750381886959075927734375">
        <ele>1561.199951171875</ele>
        <time>2026-09-18T10:50:15.000Z</time>
      </trkpt>
      <trkpt lat="40.0214172340929508209228515625" lon="9.30616767145693302154541015625">
        <ele>1561.199951171875</ele>
        <time>2026-09-18T10:50:17.000Z</time>
      </trkpt>
      <trkpt lat="40.02142201177775859832763671875" lon="9.306168258190155029296875">
        <ele>1561</ele>
        <time>2026-09-18T10:50:24.000Z</time>
      </trkpt>
      <trkpt lat="40.02142251469194889068603515625" lon="9.30616817437112331390380859375">
        <ele>1561</ele>
        <time>2026-09-18T10:50:26.000Z</time>
      </trkpt>
      <trkpt lat="40.02142352052032947540283203125" lon="9.3061680905520915985107421875">
        <ele>1561</ele>
        <time>2026-09-18T10:50:29.000Z</time>
      </trkpt>
      <trkpt lat="40.0214034877717494964599609375" lon="9.306100197136402130126953125">
        <ele>1562.5999755859375</ele>
        <time>2026-09-18T10:50:34.000Z</time>
      </trkpt>
      <trkpt lat="40.0213565491139888763427734375" lon="9.30596315301954746246337890625">
        <ele>1566.5999755859375</ele>
        <time>2026-09-18T10:50:42.000Z</time>
      </trkpt>
      <trkpt lat="40.02135780639946460723876953125" lon="9.30582602508366107940673828125">
        <ele>1568.4000244140625</ele>
        <time>2026-09-18T10:50:49.000Z</time>
      </trkpt>
      <trkpt lat="40.0214008055627346038818359375" lon="9.30574648082256317138671875">
        <ele>1567.199951171875</ele>
        <time>2026-09-18T10:50:55.000Z</time>
      </trkpt>
      <trkpt lat="40.02140809781849384307861328125" lon="9.3057355843484401702880859375">
        <ele>1567.199951171875</ele>
        <time>2026-09-18T10:50:56.000Z</time>
      </trkpt>
      <trkpt lat="40.02143156714737415313720703125" lon="9.305677078664302825927734375">
        <ele>1567</ele>
        <time>2026-09-18T10:51:01.000Z</time>
      </trkpt>
      <trkpt lat="40.02144296653568744659423828125" lon="9.30564631707966327667236328125">
        <ele>1566.800048828125</ele>
        <time>2026-09-18T10:51:04.000Z</time>
      </trkpt>
      <trkpt lat="40.02144791185855865478515625" lon="9.30555763654410839080810546875">
        <ele>1567.800048828125</ele>
        <time>2026-09-18T10:51:11.000Z</time>
      </trkpt>
      <trkpt lat="40.0214916653931140899658203125" lon="9.3055270425975322723388671875">
        <ele>1566</ele>
        <time>2026-09-18T10:51:17.000Z</time>
      </trkpt>
      <trkpt lat="40.02153734676539897918701171875" lon="9.30549971759319305419921875">
        <ele>1563.800048828125</ele>
        <time>2026-09-18T10:51:20.000Z</time>
      </trkpt>
      <trkpt lat="40.02159317024052143096923828125" lon="9.30546778254210948944091796875">
        <ele>1561.800048828125</ele>
        <time>2026-09-18T10:51:24.000Z</time>
      </trkpt>
      <trkpt lat="40.02168352715671062469482421875" lon="9.305368959903717041015625">
        <ele>1559.800048828125</ele>
        <time>2026-09-18T10:51:34.000Z</time>
      </trkpt>
      <trkpt lat="40.0217672623693943023681640625" lon="9.30530081503093242645263671875">
        <ele>1557.800048828125</ele>
        <time>2026-09-18T10:51:42.000Z</time>
      </trkpt>
      <trkpt lat="40.0218822620809078216552734375" lon="9.305245243012905120849609375">
        <ele>1554.199951171875</ele>
        <time>2026-09-18T10:51:49.000Z</time>
      </trkpt>
      <trkpt lat="40.02190531231462955474853515625" lon="9.3052160739898681640625">
        <ele>1554.199951171875</ele>
        <time>2026-09-18T10:51:51.000Z</time>
      </trkpt>
      <trkpt lat="40.021939761936664581298828125" lon="9.30517240427434444427490234375">
        <ele>1554.199951171875</ele>
        <time>2026-09-18T10:51:55.000Z</time>
      </trkpt>
      <trkpt lat="40.02197018824517726898193359375" lon="9.3051589094102382659912109375">
        <ele>1553.199951171875</ele>
        <time>2026-09-18T10:51:58.000Z</time>
      </trkpt>
      <trkpt lat="40.0220539234578609466552734375" lon="9.30507115088403224945068359375">
        <ele>1552</ele>
        <time>2026-09-18T10:52:07.000Z</time>
      </trkpt>
      <trkpt lat="40.02210044302046298980712890625" lon="9.30498607456684112548828125">
        <ele>1552.199951171875</ele>
        <time>2026-09-18T10:52:15.000Z</time>
      </trkpt>
      <trkpt lat="40.02212827093899250030517578125" lon="9.30496470071375370025634765625">
        <ele>1551.4000244140625</ele>
        <time>2026-09-18T10:52:21.000Z</time>
      </trkpt>
      <trkpt lat="40.02214201726019382476806640625" lon="9.3049170076847076416015625">
        <ele>1552.199951171875</ele>
        <time>2026-09-18T10:52:25.000Z</time>
      </trkpt>
      <trkpt lat="40.02216028980910778045654296875" lon="9.3048534728586673736572265625">
        <ele>1553</ele>
        <time>2026-09-18T10:52:30.000Z</time>
      </trkpt>
      <trkpt lat="40.0221662409603595733642578125" lon="9.30481843650341033935546875">
        <ele>1553.5999755859375</ele>
        <time>2026-09-18T10:52:33.000Z</time>
      </trkpt>
      <trkpt lat="40.0221856869757175445556640625" lon="9.30478029884397983551025390625">
        <ele>1553.5999755859375</ele>
        <time>2026-09-18T10:52:37.000Z</time>
      </trkpt>
      <trkpt lat="40.02219448797404766082763671875" lon="9.30477040819823741912841796875">
        <ele>1553.5999755859375</ele>
        <time>2026-09-18T10:52:38.000Z</time>
      </trkpt>
      <trkpt lat="40.0222416780889034271240234375" lon="9.30470067076385021209716796875">
        <ele>1553.4000244140625</ele>
        <time>2026-09-18T10:52:45.000Z</time>
      </trkpt>
      <trkpt lat="40.02228920347988605499267578125" lon="9.30463797412812709808349609375">
        <ele>1553.199951171875</ele>
        <time>2026-09-18T10:52:51.000Z</time>
      </trkpt>
      <trkpt lat="40.02231434918940067291259765625" lon="9.304627664387226104736328125">
        <ele>1552.4000244140625</ele>
        <time>2026-09-18T10:52:53.000Z</time>
      </trkpt>
      <trkpt lat="40.02244242466986179351806640625" lon="9.30453320033848285675048828125">
        <ele>1547.4000244140625</ele>
        <time>2026-09-18T10:53:03.000Z</time>
      </trkpt>
      <trkpt lat="40.02247226424515247344970703125" lon="9.30450436659157276153564453125">
        <ele>1546.199951171875</ele>
        <time>2026-09-18T10:53:06.000Z</time>
      </trkpt>
      <trkpt lat="40.02258659340441226959228515625" lon="9.3044320307672023773193359375">
        <ele>1543.4000244140625</ele>
        <time>2026-09-18T10:53:15.000Z</time>
      </trkpt>
      <trkpt lat="40.02265029586851596832275390625" lon="9.30438685230910778045654296875">
        <ele>1542</ele>
        <time>2026-09-18T10:53:22.000Z</time>
      </trkpt>
      <trkpt lat="40.022655911743640899658203125" lon="9.304363466799259185791015625">
        <ele>1542.5999755859375</ele>
        <time>2026-09-18T10:53:24.000Z</time>
      </trkpt>
      <trkpt lat="40.022681392729282379150390625" lon="9.30429498665034770965576171875">
        <ele>1544</ele>
        <time>2026-09-18T10:53:29.000Z</time>
      </trkpt>
      <trkpt lat="40.02274098806083202362060546875" lon="9.30420546792447566986083984375">
        <ele>1545.199951171875</ele>
        <time>2026-09-18T10:53:37.000Z</time>
      </trkpt>
      <trkpt lat="40.02283385954797267913818359375" lon="9.3040893785655498504638671875">
        <ele>1545.199951171875</ele>
        <time>2026-09-18T10:53:46.000Z</time>
      </trkpt>
      <trkpt lat="40.02294835634529590606689453125" lon="9.30389500223100185394287109375">
        <ele>1545.199951171875</ele>
        <time>2026-09-18T10:53:57.000Z</time>
      </trkpt>
      <trkpt lat="40.022992528975009918212890625" lon="9.30380380712449550628662109375">
        <ele>1545.199951171875</ele>
        <time>2026-09-18T10:54:03.000Z</time>
      </trkpt>
      <trkpt lat="40.02300820313394069671630859375" lon="9.30373054929077625274658203125">
        <ele>1545.800048828125</ele>
        <time>2026-09-18T10:54:08.000Z</time>
      </trkpt>
      <trkpt lat="40.02300493419170379638671875" lon="9.30368210189044475555419921875">
        <ele>1546.5999755859375</ele>
        <time>2026-09-18T10:54:11.000Z</time>
      </trkpt>
      <trkpt lat="40.023003257811069488525390625" lon="9.30355838499963283538818359375">
        <ele>1548.4000244140625</ele>
        <time>2026-09-18T10:54:18.000Z</time>
      </trkpt>
      <trkpt lat="40.023005269467830657958984375" lon="9.3034473247826099395751953125">
        <ele>1550.4000244140625</ele>
        <time>2026-09-18T10:54:25.000Z</time>
      </trkpt>
      <trkpt lat="40.02301407046616077423095703125" lon="9.30343567393720149993896484375">
        <ele>1550.199951171875</ele>
        <time>2026-09-18T10:54:26.000Z</time>
      </trkpt>
      <trkpt lat="40.0230624340474605560302734375" lon="9.303379766643047332763671875">
        <ele>1549.5999755859375</ele>
        <time>2026-09-18T10:54:31.000Z</time>
      </trkpt>
      <trkpt lat="40.02313728444278240203857421875" lon="9.303282536566257476806640625">
        <ele>1548.199951171875</ele>
        <time>2026-09-18T10:54:40.000Z</time>
      </trkpt>
      <trkpt lat="40.02323518507182598114013671875" lon="9.3031056784093379974365234375">
        <ele>1548.800048828125</ele>
        <time>2026-09-18T10:54:51.000Z</time>
      </trkpt>
      <trkpt lat="40.023308694362640380859375" lon="9.30292353965342044830322265625">
        <ele>1550.5999755859375</ele>
        <time>2026-09-18T10:55:02.000Z</time>
      </trkpt>
      <trkpt lat="40.02337382175028324127197265625" lon="9.3028260581195354461669921875">
        <ele>1551.199951171875</ele>
        <time>2026-09-18T10:55:11.000Z</time>
      </trkpt>
      <trkpt lat="40.02349753864109516143798828125" lon="9.302679039537906646728515625">
        <ele>1553</ele>
        <time>2026-09-18T10:55:22.000Z</time>
      </trkpt>
      <trkpt lat="40.0236508436501026153564453125" lon="9.30255624465644359588623046875">
        <ele>1554.5999755859375</ele>
        <time>2026-09-18T10:55:33.000Z</time>
      </trkpt>
      <trkpt lat="40.02368663437664508819580078125" lon="9.30252254940569400787353515625">
        <ele>1555.199951171875</ele>
        <time>2026-09-18T10:55:36.000Z</time>
      </trkpt>
      <trkpt lat="40.02380046062171459197998046875" lon="9.30243051610887050628662109375">
        <ele>1556.199951171875</ele>
        <time>2026-09-18T10:55:46.000Z</time>
      </trkpt>
      <trkpt lat="40.0239344872534275054931640625" lon="9.30236580781638622283935546875">
        <ele>1554.4000244140625</ele>
        <time>2026-09-18T10:55:57.000Z</time>
      </trkpt>
      <trkpt lat="40.02405694685876369476318359375" lon="9.3023378960788249969482421875">
        <ele>1552.4000244140625</ele>
        <time>2026-09-18T10:56:05.000Z</time>
      </trkpt>
      <trkpt lat="40.024116374552249908447265625" lon="9.30232171900570392608642578125">
        <ele>1551.5999755859375</ele>
        <time>2026-09-18T10:56:09.000Z</time>
      </trkpt>
      <trkpt lat="40.024212263524532318115234375" lon="9.30228902958333492279052734375">
        <ele>1550.5999755859375</ele>
        <time>2026-09-18T10:56:16.000Z</time>
      </trkpt>
      <trkpt lat="40.02430186606943607330322265625" lon="9.30225499905645847320556640625">
        <ele>1549.4000244140625</ele>
        <time>2026-09-18T10:56:22.000Z</time>
      </trkpt>
      <trkpt lat="40.02448157407343387603759765625" lon="9.30220537818968296051025390625">
        <ele>1548</ele>
        <time>2026-09-18T10:56:35.000Z</time>
      </trkpt>
      <trkpt lat="40.02449498511850833892822265625" lon="9.3022004328668117523193359375">
        <ele>1547.800048828125</ele>
        <time>2026-09-18T10:56:36.000Z</time>
      </trkpt>
      <trkpt lat="40.02460210584104061126708984375" lon="9.30218023248016834259033203125">
        <ele>1546.4000244140625</ele>
        <time>2026-09-18T10:56:47.000Z</time>
      </trkpt>
      <trkpt lat="40.0246130861341953277587890625" lon="9.302169419825077056884765625">
        <ele>1546.199951171875</ele>
        <time>2026-09-18T10:56:48.000Z</time>
      </trkpt>
      <trkpt lat="40.0246214680373668670654296875" lon="9.30216372013092041015625">
        <ele>1546.199951171875</ele>
        <time>2026-09-18T10:56:49.000Z</time>
      </trkpt>
      <trkpt lat="40.02472423017024993896484375" lon="9.3020995147526264190673828125">
        <ele>1544.199951171875</ele>
        <time>2026-09-18T10:56:58.000Z</time>
      </trkpt>
      <trkpt lat="40.0247964821755886077880859375" lon="9.30197889916598796844482421875">
        <ele>1544.199951171875</ele>
        <time>2026-09-18T10:57:06.000Z</time>
      </trkpt>
      <trkpt lat="40.0248139165341854095458984375" lon="9.3019436113536357879638671875">
        <ele>1544.4000244140625</ele>
        <time>2026-09-18T10:57:08.000Z</time>
      </trkpt>
      <trkpt lat="40.0248598493635654449462890625" lon="9.3017608858644962310791015625">
        <ele>1545.199951171875</ele>
        <time>2026-09-18T10:57:19.000Z</time>
      </trkpt>
      <trkpt lat="40.02487233839929103851318359375" lon="9.3016961775720119476318359375">
        <ele>1545.199951171875</ele>
        <time>2026-09-18T10:57:24.000Z</time>
      </trkpt>
      <trkpt lat="40.0249057821929454803466796875" lon="9.30157564580440521240234375">
        <ele>1544.800048828125</ele>
        <time>2026-09-18T10:57:31.000Z</time>
      </trkpt>
    </trkseg>
  </trk>
</gpx>
