<?xml version="1.0" encoding="UTF-8"?>
<gpx creator="sardegna-trek" version="1.1"
  xsi:schemaLocation="http://www.topografix.com/GPX/1/1 http://www.topografix.com/GPX/11.xsd"
  xmlns="http://www.topografix.com/GPX/1/1"
  xmlns:xsi="http://www.w3.org/2001/XMLSchema-instance">
  <metadata>
    <time>2026-09-21T07:37:31.000Z</time>
  </metadata>
  <trk>
    <name>Hiking to Malacalzetta</name>
    <trkseg>
      <trkpt lat="39.362557232379913330078125" lon="8.52649074979126453399658203125">
        <ele>399</ele>
        <time>2026-09-21T07:37:31.000Z</time>
      </trkpt>
      <trkpt lat="39.3625557236373424530029296875" lon="8.52648806758224964141845703125">
        <ele>399</ele>
        <time>2026-09-21T07:37:32.000Z</time>
      </trkpt>
      <trkpt lat="39.36247718520462512969970703125" lon="8.526477254927158355712890625">
        <ele>398</ele>
        <time>2026-09-21T07:37:39.000Z</time>
      </trkpt>
      <trkpt lat="39.36238615773618221282958984375" lon="8.52646325714886188507080078125">
        <ele>399.399993896484375</ele>
        <time>2026-09-21T07:37:47.000Z</time>
      </trkpt>
      <trkpt lat="39.3623729981482028961181640625" lon="8.52645487524569034576416015625">
        <ele>399.79998779296875</ele>
        <time>2026-09-21T07:37:49.000Z</time>
      </trkpt>
      <trkpt lat="39.36237559653818607330322265625" lon="8.52644297294318675994873046875">
        <ele>399.600006103515625</ele>
        <time>2026-09-21T07:37:50.000Z</time>
      </trkpt>
      <trkpt lat="39.36242857016623020172119140625" lon="8.5262910090386867523193359375">
        <ele>398.399993896484375</ele>
        <time>2026-09-21T07:37:59.000Z</time>
      </trkpt>
      <trkpt lat="39.3624330125749111175537109375" lon="8.5262648575007915496826171875">
        <ele>398</ele>
        <time>2026-09-21T07:38:01.000Z</time>
      </trkpt>
      <trkpt lat="39.362469725310802459716796875" lon="8.52628313004970550537109375">
        <ele>397.20001220703125</ele>
        <time>2026-09-21T07:38:04.000Z</time>
      </trkpt>
      <trkpt lat="39.36253451742231845855712890625" lon="8.5263956151902675628662109375">
        <ele>398.600006103515625</ele>
        <time>2026-09-21T07:38:12.000Z</time>
      </trkpt>
      <trkpt lat="39.36259738169610500335693359375" lon="8.5264915041625499725341796875">
        <ele>399.399993896484375</ele>
        <time>2026-09-21T07:38:21.000Z</time>
      </trkpt>
      <trkpt lat="39.36257827095687389373779296875" lon="8.52650600485503673553466796875">
        <ele>399.20001220703125</ele>
        <time>2026-09-21T07:38:24.000Z</time>
      </trkpt>
      <trkpt lat="39.36255027540028095245361328125" lon="8.52650902234017848968505859375">
        <ele>398.79998779296875</ele>
        <time>2026-09-21T07:38:26.000Z</time>
      </trkpt>
      <trkpt lat="39.36245388351380825042724609375" lon="8.52647130377590656280517578125">
        <ele>398</ele>
        <time>2026-09-21T07:38:33.000Z</time>
      </trkpt>
      <trkpt lat="39.36238548718392848968505859375" lon="8.52640827186405658721923828125">
        <ele>399.600006103515625</ele>
        <time>2026-09-21T07:38:38.000Z</time>
      </trkpt>
      <trkpt lat="39.36239319853484630584716796875" lon="8.5263684578239917755126953125">
        <ele>399.600006103515625</ele>
        <time>2026-09-21T07:38:40.000Z</time>
      </trkpt>
      <trkpt lat="39.362399987876415252685546875" lon="8.5263496823608875274658203125">
        <ele>399.600006103515625</ele>
        <time>2026-09-21T07:38:41.000Z</time>
      </trkpt>
      <trkpt lat="39.3624202720820903778076171875" lon="8.526219427585601806640625">
        <ele>398</ele>
        <time>2026-09-21T07:38:49.000Z</time>
      </trkpt>
      <trkpt lat="39.36242789961397647857666015625" lon="8.5261035896837711334228515625">
        <ele>397.20001220703125</ele>
        <time>2026-09-21T07:38:55.000Z</time>
      </trkpt>
      <trkpt lat="39.36244064010679721832275390625" lon="8.5260375402867794036865234375">
        <ele>396.600006103515625</ele>
        <time>2026-09-21T07:38:59.000Z</time>
      </trkpt>
      <trkpt lat="39.36246536672115325927734375" lon="8.52588616311550140380859375">
        <ele>395.20001220703125</ele>
        <time>2026-09-21T07:39:08.000Z</time>
      </trkpt>
      <trkpt lat="39.36249411664903163909912109375" lon="8.52576085366308689117431640625">
        <ele>396</ele>
        <time>2026-09-21T07:39:16.000Z</time>
      </trkpt>
      <trkpt lat="39.36249352991580963134765625" lon="8.5256901942193508148193359375">
        <ele>396.79998779296875</ele>
        <time>2026-09-21T07:39:20.000Z</time>
      </trkpt>
      <trkpt lat="39.36250300146639347076416015625" lon="8.525593467056751251220703125">
        <ele>397.79998779296875</ele>
        <time>2026-09-21T07:39:27.000Z</time>
      </trkpt>
      <trkpt lat="39.36250023543834686279296875" lon="8.52552565746009349822998046875">
        <ele>398</ele>
        <time>2026-09-21T07:39:30.000Z</time>
      </trkpt>
      <trkpt lat="39.3625272251665592193603515625" lon="8.52543379180133342742919921875">
        <ele>398.399993896484375</ele>
        <time>2026-09-21T07:39:36.000Z</time>
      </trkpt>
      <trkpt lat="39.3625372834503650665283203125" lon="8.52539037354290485382080078125">
        <ele>398.600006103515625</ele>
        <time>2026-09-21T07:39:39.000Z</time>
      </trkpt>
      <trkpt lat="39.36253552325069904327392578125" lon="8.52535642683506011962890625">
        <ele>399</ele>
        <time>2026-09-21T07:39:41.000Z</time>
      </trkpt>
      <trkpt lat="39.36254843138158321380615234375" lon="8.52533086203038692474365234375">
        <ele>399</ele>
        <time>2026-09-21T07:39:43.000Z</time>
      </trkpt>
      <trkpt lat="39.36256268061697483062744140625" lon="8.5253026150166988372802734375">
        <ele>399.20001220703125</ele>
        <time>2026-09-21T07:39:45.000Z</time>
      </trkpt>
      <trkpt lat="39.3625761754810810089111328125" lon="8.5252605378627777099609375">
        <ele>399.600006103515625</ele>
        <time>2026-09-21T07:39:48.000Z</time>
      </trkpt>
      <trkpt lat="39.36259017325937747955322265625" lon="8.525211922824382781982421875">
        <ele>400.20001220703125</ele>
        <time>2026-09-21T07:39:51.000Z</time>
      </trkpt>
      <trkpt lat="39.3626184202730655670166015625" lon="8.5250320471823215484619140625">
        <ele>402</ele>
        <time>2026-09-21T07:40:01.000Z</time>
      </trkpt>
      <trkpt lat="39.36262252740561962127685546875" lon="8.52501100860536098480224609375">
        <ele>402.20001220703125</ele>
        <time>2026-09-21T07:40:02.000Z</time>
      </trkpt>
      <trkpt lat="39.3626254610717296600341796875" lon="8.5249891318380832672119140625">
        <ele>402.600006103515625</ele>
        <time>2026-09-21T07:40:03.000Z</time>
      </trkpt>
      <trkpt lat="39.3626428954303264617919921875" lon="8.52491964586079120635986328125">
        <ele>403.600006103515625</ele>
        <time>2026-09-21T07:40:07.000Z</time>
      </trkpt>
      <trkpt lat="39.362660162150859832763671875" lon="8.52487605996429920196533203125">
        <ele>403.79998779296875</ele>
        <time>2026-09-21T07:40:10.000Z</time>
      </trkpt>
      <trkpt lat="39.36267097480595111846923828125" lon="8.52481973357498645782470703125">
        <ele>404.20001220703125</ele>
        <time>2026-09-21T07:40:14.000Z</time>
      </trkpt>
      <trkpt lat="39.36267684213817119598388671875" lon="8.52477564476430416107177734375">
        <ele>404.600006103515625</ele>
        <time>2026-09-21T07:40:17.000Z</time>
      </trkpt>
      <trkpt lat="39.3626921810209751129150390625" lon="8.52470356039702892303466796875">
        <ele>405.399993896484375</ele>
        <time>2026-09-21T07:40:22.000Z</time>
      </trkpt>
      <trkpt lat="39.36271053738892078399658203125" lon="8.524661399424076080322265625">
        <ele>405.600006103515625</ele>
        <time>2026-09-21T07:40:25.000Z</time>
      </trkpt>
      <trkpt lat="39.36274833977222442626953125" lon="8.52456542663276195526123046875">
        <ele>405.79998779296875</ele>
        <time>2026-09-21T07:40:31.000Z</time>
      </trkpt>
      <trkpt lat="39.36276820488274097442626953125" lon="8.52452351711690425872802734375">
        <ele>406.399993896484375</ele>
        <time>2026-09-21T07:40:34.000Z</time>
      </trkpt>
      <trkpt lat="39.362823776900768280029296875" lon="8.52440801449120044708251953125">
        <ele>407.399993896484375</ele>
        <time>2026-09-21T07:40:42.000Z</time>
      </trkpt>
      <trkpt lat="39.3629184924066066741943359375" lon="8.524264432489871978759765625">
        <ele>408</ele>
        <time>2026-09-21T07:40:52.000Z</time>
      </trkpt>
      <trkpt lat="39.36294372193515300750732421875" lon="8.5242206789553165435791015625">
        <ele>407.79998779296875</ele>
        <time>2026-09-21T07:40:55.000Z</time>
      </trkpt>
      <trkpt lat="39.36296467669308185577392578125" lon="8.524174578487873077392578125">
        <ele>407.600006103515625</ele>
        <time>2026-09-21T07:40:58.000Z</time>
      </trkpt>
      <trkpt lat="39.3629815243184566497802734375" lon="8.52414809167385101318359375">
        <ele>407.79998779296875</ele>
        <time>2026-09-21T07:41:00.000Z</time>
      </trkpt>
      <trkpt lat="39.36304472386837005615234375" lon="8.5240178368985652923583984375">
        <ele>407.399993896484375</ele>
        <time>2026-09-21T07:41:09.000Z</time>
      </trkpt>
      <trkpt lat="39.3630777485668659210205078125" lon="8.5239688865840435028076171875">
        <ele>408</ele>
        <time>2026-09-21T07:41:14.000Z</time>
      </trkpt>
      <trkpt lat="39.3631062470376491546630859375" lon="8.523913733661174774169921875">
        <ele>407.79998779296875</ele>
        <time>2026-09-21T07:41:18.000Z</time>
      </trkpt>
      <trkpt lat="39.363170452415943145751953125" lon="8.5237958841025829315185546875">
        <ele>408.79998779296875</ele>
        <time>2026-09-21T07:41:25.000Z</time>
      </trkpt>
      <trkpt lat="39.363193251192569732666015625" lon="8.523766212165355682373046875">
        <ele>409</ele>
        <time>2026-09-21T07:41:27.000Z</time>
      </trkpt>
      <trkpt lat="39.3632185645401477813720703125" lon="8.5237412340939044952392578125">
        <ele>408.79998779296875</ele>
        <time>2026-09-21T07:41:29.000Z</time>
      </trkpt>
      <trkpt lat="39.36325770802795886993408203125" lon="8.52368272840976715087890625">
        <ele>408.399993896484375</ele>
        <time>2026-09-21T07:41:33.000Z</time>
      </trkpt>
      <trkpt lat="39.36326961033046245574951171875" lon="8.52366889826953411102294921875">
        <ele>408.20001220703125</ele>
        <time>2026-09-21T07:41:34.000Z</time>
      </trkpt>
      <trkpt lat="39.36330766417086124420166015625" lon="8.52361810393631458282470703125">
        <ele>408.20001220703125</ele>
        <time>2026-09-21T07:41:38.000Z</time>
      </trkpt>
      <trkpt lat="39.36334135942161083221435546875" lon="8.5235803015530109405517578125">
        <ele>408.79998779296875</ele>
        <time>2026-09-21T07:41:42.000Z</time>
      </trkpt>
      <trkpt lat="39.36335007660090923309326171875" lon="8.523571752011775970458984375">
        <ele>409</ele>
        <time>2026-09-21T07:41:43.000Z</time>
      </trkpt>
      <trkpt lat="39.36336449347436428070068359375" lon="8.52355071343481540679931640625">
        <ele>409.20001220703125</ele>
        <time>2026-09-21T07:41:45.000Z</time>
      </trkpt>
      <trkpt lat="39.36337371356785297393798828125" lon="8.52353990077972412109375">
        <ele>409.399993896484375</ele>
        <time>2026-09-21T07:41:46.000Z</time>
      </trkpt>
      <trkpt lat="39.36339282430708408355712890625" lon="8.523521460592746734619140625">
        <ele>409.79998779296875</ele>
        <time>2026-09-21T07:41:48.000Z</time>
      </trkpt>
      <trkpt lat="39.3634763918817043304443359375" lon="8.5234017670154571533203125">
        <ele>410.600006103515625</ele>
        <time>2026-09-21T07:41:56.000Z</time>
      </trkpt>
      <trkpt lat="39.363499023020267486572265625" lon="8.5233791358768939971923828125">
        <ele>410.600006103515625</ele>
        <time>2026-09-21T07:41:58.000Z</time>
      </trkpt>
      <trkpt lat="39.3635273538529872894287109375" lon="8.5233630426228046417236328125">
        <ele>410.79998779296875</ele>
        <time>2026-09-21T07:42:00.000Z</time>
      </trkpt>
      <trkpt lat="39.36354721896350383758544921875" lon="8.523347787559032440185546875">
        <ele>410.79998779296875</ele>
        <time>2026-09-21T07:42:02.000Z</time>
      </trkpt>
      <trkpt lat="39.36359751038253307342529296875" lon="8.52326254360377788543701171875">
        <ele>411.79998779296875</ele>
        <time>2026-09-21T07:42:08.000Z</time>
      </trkpt>
      <trkpt lat="39.3636765517294406890869140625" lon="8.523163385689258575439453125">
        <ele>413.399993896484375</ele>
        <time>2026-09-21T07:42:18.000Z</time>
      </trkpt>
      <trkpt lat="39.36370731331408023834228515625" lon="8.5231273435056209564208984375">
        <ele>414.399993896484375</ele>
        <time>2026-09-21T07:42:21.000Z</time>
      </trkpt>
      <trkpt lat="39.36380370520055294036865234375" lon="8.5230566002428531646728515625">
        <ele>417.20001220703125</ele>
        <time>2026-09-21T07:42:28.000Z</time>
      </trkpt>
      <trkpt lat="39.36388836242258548736572265625" lon="8.5230338014662265777587890625">
        <ele>419</ele>
        <time>2026-09-21T07:42:35.000Z</time>
      </trkpt>
      <trkpt lat="39.36390713788568973541259765625" lon="8.52303472347557544708251953125">
        <ele>419</ele>
        <time>2026-09-21T07:42:37.000Z</time>
      </trkpt>
      <trkpt lat="39.36395575292408466339111328125" lon="8.52305031381547451019287109375">
        <ele>419</ele>
        <time>2026-09-21T07:42:42.000Z</time>
      </trkpt>
      <trkpt lat="39.364003948867321014404296875" lon="8.52308786474168300628662109375">
        <ele>418.79998779296875</ele>
        <time>2026-09-21T07:42:46.000Z</time>
      </trkpt>
      <trkpt lat="39.36411584727466106414794921875" lon="8.523209989070892333984375">
        <ele>417.79998779296875</ele>
        <time>2026-09-21T07:42:55.000Z</time>
      </trkpt>
      <trkpt lat="39.3641539849340915679931640625" lon="8.52332121692597866058349609375">
        <ele>416.399993896484375</ele>
        <time>2026-09-21T07:43:02.000Z</time>
      </trkpt>
      <trkpt lat="39.3641838245093822479248046875" lon="8.52341325022280216217041015625">
        <ele>416.399993896484375</ele>
        <time>2026-09-21T07:43:09.000Z</time>
      </trkpt>
      <trkpt lat="39.36419212259352207183837890625" lon="8.52342733182013034820556640625">
        <ele>416.399993896484375</ele>
        <time>2026-09-21T07:43:10.000Z</time>
      </trkpt>
      <trkpt lat="39.36422514729201793670654296875" lon="8.52349405176937580108642578125">
        <ele>416.600006103515625</ele>
        <time>2026-09-21T07:43:14.000Z</time>
      </trkpt>
      <trkpt lat="39.36428298242390155792236328125" lon="8.52354325354099273681640625">
        <ele>417.20001220703125</ele>
        <time>2026-09-21T07:43:19.000Z</time>
      </trkpt>
      <trkpt lat="39.36433830298483371734619140625" lon="8.5235658846795558929443359375">
        <ele>417.600006103515625</ele>
        <time>2026-09-21T07:43:24.000Z</time>
      </trkpt>
      <trkpt lat="39.3643574975430965423583984375" lon="8.52357300929725170135498046875">
        <ele>417.600006103515625</ele>
        <time>2026-09-21T07:43:26.000Z</time>
      </trkpt>
      <trkpt lat="39.3643806315958499908447265625" lon="8.52358440868556499481201171875">
        <ele>417.79998779296875</ele>
        <time>2026-09-21T07:43:28.000Z</time>
      </trkpt>
      <trkpt lat="39.364480711519718170166015625" lon="8.5236188583076000213623046875">
        <ele>418.600006103515625</ele>
        <time>2026-09-21T07:43:35.000Z</time>
      </trkpt>
      <trkpt lat="39.36459965072572231292724609375" lon="8.5236611030995845794677734375">
        <ele>420.399993896484375</ele>
        <time>2026-09-21T07:43:45.000Z</time>
      </trkpt>
      <trkpt lat="39.36475086025893688201904296875" lon="8.5236887633800506591796875">
        <ele>421.79998779296875</ele>
        <time>2026-09-21T07:43:55.000Z</time>
      </trkpt>
      <trkpt lat="39.36477751471102237701416015625" lon="8.52369035594165325164794921875">
        <ele>422</ele>
        <time>2026-09-21T07:43:57.000Z</time>
      </trkpt>
      <trkpt lat="39.3648728169500827789306640625" lon="8.52372036315500736236572265625">
        <ele>423.20001220703125</ele>
        <time>2026-09-21T07:44:06.000Z</time>
      </trkpt>
      <trkpt lat="39.3649901635944843292236328125" lon="8.5238260589540004730224609375">
        <ele>425.600006103515625</ele>
        <time>2026-09-21T07:44:17.000Z</time>
      </trkpt>
      <trkpt lat="39.365024864673614501953125" lon="8.52384039200842380523681640625">
        <ele>425.600006103515625</ele>
        <time>2026-09-21T07:44:20.000Z</time>
      </trkpt>
      <trkpt lat="39.36507004313170909881591796875" lon="8.52386017329990863800048828125">
        <ele>425.600006103515625</ele>
        <time>2026-09-21T07:44:24.000Z</time>
      </trkpt>
      <trkpt lat="39.365092925727367401123046875" lon="8.523870147764682769775390625">
        <ele>425.600006103515625</ele>
        <time>2026-09-21T07:44:26.000Z</time>
      </trkpt>
      <trkpt lat="39.36514296568930149078369140625" lon="8.52387207560241222381591796875">
        <ele>425.20001220703125</ele>
        <time>2026-09-21T07:44:31.000Z</time>
      </trkpt>
      <trkpt lat="39.3652429617941379547119140625" lon="8.52386821992695331573486328125">
        <ele>424.79998779296875</ele>
        <time>2026-09-21T07:44:39.000Z</time>
      </trkpt>
      <trkpt lat="39.36527053825557231903076171875" lon="8.52386922575533390045166015625">
        <ele>424.79998779296875</ele>
        <time>2026-09-21T07:44:41.000Z</time>
      </trkpt>
      <trkpt lat="39.3654119409620761871337890625" lon="8.52390811778604984283447265625">
        <ele>425.79998779296875</ele>
        <time>2026-09-21T07:44:50.000Z</time>
      </trkpt>
      <trkpt lat="39.36541906557977199554443359375" lon="8.5239132307469844818115234375">
        <ele>425.79998779296875</ele>
        <time>2026-09-21T07:44:51.000Z</time>
      </trkpt>
      <trkpt lat="39.36545929871499538421630859375" lon="8.52390510030090808868408203125">
        <ele>425.79998779296875</ele>
        <time>2026-09-21T07:44:54.000Z</time>
      </trkpt>
      <trkpt lat="39.3654914014041423797607421875" lon="8.52390476502478122711181640625">
        <ele>426</ele>
        <time>2026-09-21T07:44:57.000Z</time>
      </trkpt>
      <trkpt lat="39.36553381383419036865234375" lon="8.52394022047519683837890625">
        <ele>426.399993896484375</ele>
        <time>2026-09-21T07:45:01.000Z</time>
      </trkpt>
      <trkpt lat="39.3656221590936183929443359375" lon="8.52399788796901702880859375">
        <ele>427.79998779296875</ele>
        <time>2026-09-21T07:45:09.000Z</time>
      </trkpt>
      <trkpt lat="39.36563800089061260223388671875" lon="8.52400970645248889923095703125">
        <ele>428.20001220703125</ele>
        <time>2026-09-21T07:45:10.000Z</time>
      </trkpt>
      <trkpt lat="39.365673623979091644287109375" lon="8.52405287325382232666015625">
        <ele>428.79998779296875</ele>
        <time>2026-09-21T07:45:13.000Z</time>
      </trkpt>
      <trkpt lat="39.36570555903017520904541015625" lon="8.52409520186483860015869140625">
        <ele>429.399993896484375</ele>
        <time>2026-09-21T07:45:16.000Z</time>
      </trkpt>
      <trkpt lat="39.3657307885587215423583984375" lon="8.52411724627017974853515625">
        <ele>429.79998779296875</ele>
        <time>2026-09-21T07:45:18.000Z</time>
      </trkpt>
      <trkpt lat="39.36574168503284454345703125" lon="8.52413208223879337310791015625">
        <ele>430.20001220703125</ele>
        <time>2026-09-21T07:45:19.000Z</time>
      </trkpt>
      <trkpt lat="39.36579172499477863311767578125" lon="8.52419695816934108734130859375">
        <ele>431.20001220703125</ele>
        <time>2026-09-21T07:45:24.000Z</time>
      </trkpt>
      <trkpt lat="39.36583262868225574493408203125" lon="8.524251021444797515869140625">
        <ele>432.20001220703125</ele>
        <time>2026-09-21T07:45:29.000Z</time>
      </trkpt>
      <trkpt lat="39.3658769689500331878662109375" lon="8.52428966201841831207275390625">
        <ele>433.20001220703125</ele>
        <time>2026-09-21T07:45:33.000Z</time>
      </trkpt>
      <trkpt lat="39.36589867807924747467041015625" lon="8.52430558763444423675537109375">
        <ele>433.600006103515625</ele>
        <time>2026-09-21T07:45:35.000Z</time>
      </trkpt>
      <trkpt lat="39.36595785431563854217529296875" lon="8.524320423603057861328125">
        <ele>434.399993896484375</ele>
        <time>2026-09-21T07:45:39.000Z</time>
      </trkpt>
      <trkpt lat="39.36611074022948741912841796875" lon="8.524361662566661834716796875">
        <ele>437.20001220703125</ele>
        <time>2026-09-21T07:45:50.000Z</time>
      </trkpt>
      <trkpt lat="39.36616254039108753204345703125" lon="8.524377755820751190185546875">
        <ele>438.399993896484375</ele>
        <time>2026-09-21T07:45:55.000Z</time>
      </trkpt>
      <trkpt lat="39.366173185408115386962890625" lon="8.5243792645633220672607421875">
        <ele>438.600006103515625</ele>
        <time>2026-09-21T07:45:56.000Z</time>
      </trkpt>
      <trkpt lat="39.36620235443115234375" lon="8.52437314577400684356689453125">
        <ele>439.20001220703125</ele>
        <time>2026-09-21T07:45:57.000Z</time>
      </trkpt>
      <trkpt lat="39.36623118817806243896484375" lon="8.52434934116899967193603515625">
        <ele>439.600006103515625</ele>
        <time>2026-09-21T07:46:00.000Z</time>
      </trkpt>
      <trkpt lat="39.36626060865819454193115234375" lon="8.5243460722267627716064453125">
        <ele>440.399993896484375</ele>
        <time>2026-09-21T07:46:03.000Z</time>
      </trkpt>
      <trkpt lat="39.3663309328258037567138671875" lon="8.52435671724379062652587890625">
        <ele>442.20001220703125</ele>
        <time>2026-09-21T07:46:08.000Z</time>
      </trkpt>
      <trkpt lat="39.36635934747755527496337890625" lon="8.52436543442308902740478515625">
        <ele>442.79998779296875</ele>
        <time>2026-09-21T07:46:10.000Z</time>
      </trkpt>
      <trkpt lat="39.3663664720952510833740234375" lon="8.524369038641452789306640625">
        <ele>443</ele>
        <time>2026-09-21T07:46:11.000Z</time>
      </trkpt>
      <trkpt lat="39.366370327770709991455078125" lon="8.5243742354214191436767578125">
        <ele>443</ele>
        <time>2026-09-21T07:46:12.000Z</time>
      </trkpt>
      <trkpt lat="39.36640192754566669464111328125" lon="8.5244067572057247161865234375">
        <ele>443.79998779296875</ele>
        <time>2026-09-21T07:46:16.000Z</time>
      </trkpt>
      <trkpt lat="39.36641232110559940338134765625" lon="8.52441270835697650909423828125">
        <ele>444</ele>
        <time>2026-09-21T07:46:17.000Z</time>
      </trkpt>
      <trkpt lat="39.36646864749491214752197265625" lon="8.52441136725246906280517578125">
        <ele>445</ele>
        <time>2026-09-21T07:46:21.000Z</time>
      </trkpt>
      <trkpt lat="39.36652950011193752288818359375" lon="8.5244178213179111480712890625">
        <ele>446</ele>
        <time>2026-09-21T07:46:26.000Z</time>
      </trkpt>
      <trkpt lat="39.36657459475100040435791015625" lon="8.52442008443176746368408203125">
        <ele>446.79998779296875</ele>
        <time>2026-09-21T07:46:28.000Z</time>
      </trkpt>
      <trkpt lat="39.3665884248912334442138671875" lon="8.52442058734595775604248046875">
        <ele>447.20001220703125</ele>
        <time>2026-09-21T07:46:29.000Z</time>
      </trkpt>
      <trkpt lat="39.36666662804782390594482421875" lon="8.524405248463153839111328125">
        <ele>449.20001220703125</ele>
        <time>2026-09-21T07:46:35.000Z</time>
      </trkpt>
      <trkpt lat="39.36668758280575275421142578125" lon="8.52439753711223602294921875">
        <ele>449.79998779296875</ele>
        <time>2026-09-21T07:46:37.000Z</time>
      </trkpt>
      <trkpt lat="39.36672379262745380401611328125" lon="8.52438588626682758331298828125">
        <ele>451</ele>
        <time>2026-09-21T07:46:41.000Z</time>
      </trkpt>
      <trkpt lat="39.36673385091125965118408203125" lon="8.52438705973327159881591796875">
        <ele>451.20001220703125</ele>
        <time>2026-09-21T07:46:42.000Z</time>
      </trkpt>
      <trkpt lat="39.36674575321376323699951171875" lon="8.52439896203577518463134765625">
        <ele>451.600006103515625</ele>
        <time>2026-09-21T07:46:43.000Z</time>
      </trkpt>
      <trkpt lat="39.3667597509920597076416015625" lon="8.5244272090494632720947265625">
        <ele>451.79998779296875</ele>
        <time>2026-09-21T07:46:45.000Z</time>
      </trkpt>
      <trkpt lat="39.36675413511693477630615234375" lon="8.52445059455931186676025390625">
        <ele>451.600006103515625</ele>
        <time>2026-09-21T07:46:47.000Z</time>
      </trkpt>
      <trkpt lat="39.3667141534388065338134765625" lon="8.5244862176477909088134765625">
        <ele>451.399993896484375</ele>
        <time>2026-09-21T07:46:51.000Z</time>
      </trkpt>
      <trkpt lat="39.3666806258261203765869140625" lon="8.52448948659002780914306640625">
        <ele>450.600006103515625</ele>
        <time>2026-09-21T07:46:53.000Z</time>
      </trkpt>
      <trkpt lat="39.366528578102588653564453125" lon="8.5244961082935333251953125">
        <ele>447.600006103515625</ele>
        <time>2026-09-21T07:47:04.000Z</time>
      </trkpt>
      <trkpt lat="39.36640821397304534912109375" lon="8.524495102465152740478515625">
        <ele>445.399993896484375</ele>
        <time>2026-09-21T07:47:12.000Z</time>
      </trkpt>
      <trkpt lat="39.3662994168698787689208984375" lon="8.5244961082935333251953125">
        <ele>442.79998779296875</ele>
        <time>2026-09-21T07:47:20.000Z</time>
      </trkpt>
      <trkpt lat="39.36624049209058284759521484375" lon="8.52453424595296382904052734375">
        <ele>442.399993896484375</ele>
        <time>2026-09-21T07:47:26.000Z</time>
      </trkpt>
      <trkpt lat="39.366225488483905792236328125" lon="8.52455302141606807708740234375">
        <ele>442.399993896484375</ele>
        <time>2026-09-21T07:47:28.000Z</time>
      </trkpt>
      <trkpt lat="39.3661978282034397125244140625" lon="8.52461353875696659088134765625">
        <ele>443</ele>
        <time>2026-09-21T07:47:33.000Z</time>
      </trkpt>
      <trkpt lat="39.36618559062480926513671875" lon="8.5246394388377666473388671875">
        <ele>443.20001220703125</ele>
        <time>2026-09-21T07:47:35.000Z</time>
      </trkpt>
      <trkpt lat="39.3660985864698886871337890625" lon="8.52479861117899417877197265625">
        <ele>444.79998779296875</ele>
        <time>2026-09-21T07:47:45.000Z</time>
      </trkpt>
      <trkpt lat="39.36608341522514820098876953125" lon="8.52482266724109649658203125">
        <ele>445</ele>
        <time>2026-09-21T07:47:47.000Z</time>
      </trkpt>
      <trkpt lat="39.36605609022080898284912109375" lon="8.524855859577655792236328125">
        <ele>445.399993896484375</ele>
        <time>2026-09-21T07:47:50.000Z</time>
      </trkpt>
      <trkpt lat="39.3660124205052852630615234375" lon="8.52488896809518337249755859375">
        <ele>446</ele>
        <time>2026-09-21T07:47:54.000Z</time>
      </trkpt>
      <trkpt lat="39.3659497238695621490478515625" lon="8.52488712407648563385009765625">
        <ele>445.20001220703125</ele>
        <time>2026-09-21T07:48:00.000Z</time>
      </trkpt>
      <trkpt lat="39.365845620632171630859375" lon="8.52484353817999362945556640625">
        <ele>442.600006103515625</ele>
        <time>2026-09-21T07:48:08.000Z</time>
      </trkpt>
      <trkpt lat="39.3657361529767513275146484375" lon="8.524767346680164337158203125">
        <ele>441</ele>
        <time>2026-09-21T07:48:16.000Z</time>
      </trkpt>
      <trkpt lat="39.3656322173774242401123046875" lon="8.52466106414794921875">
        <ele>439.79998779296875</ele>
        <time>2026-09-21T07:48:24.000Z</time>
      </trkpt>
      <trkpt lat="39.3656245060265064239501953125" lon="8.52464656345546245574951171875">
        <ele>439.399993896484375</ele>
        <time>2026-09-21T07:48:25.000Z</time>
      </trkpt>
      <trkpt lat="39.3656110949814319610595703125" lon="8.52462259121239185333251953125">
        <ele>438.79998779296875</ele>
        <time>2026-09-21T07:48:27.000Z</time>
      </trkpt>
      <trkpt lat="39.36556658707559108734130859375" lon="8.52456861175596714019775390625">
        <ele>438</ele>
        <time>2026-09-21T07:48:32.000Z</time>
      </trkpt>
      <trkpt lat="39.36546734534204006195068359375" lon="8.52450725622475147247314453125">
        <ele>437.79998779296875</ele>
        <time>2026-09-21T07:48:41.000Z</time>
      </trkpt>
      <trkpt lat="39.36541504226624965667724609375" lon="8.5244771651923656463623046875">
        <ele>437.600006103515625</ele>
        <time>2026-09-21T07:48:45.000Z</time>
      </trkpt>
      <trkpt lat="39.36535486020147800445556640625" lon="8.52444942109286785125732421875">
        <ele>437.79998779296875</ele>
        <time>2026-09-21T07:48:49.000Z</time>
      </trkpt>
      <trkpt lat="39.36530205421149730682373046875" lon="8.5244396142661571502685546875">
        <ele>438.399993896484375</ele>
        <time>2026-09-21T07:48:52.000Z</time>
      </trkpt>
      <trkpt lat="39.3652000464498996734619140625" lon="8.52442360483109951019287109375">
        <ele>439.79998779296875</ele>
        <time>2026-09-21T07:48:59.000Z</time>
      </trkpt>
      <trkpt lat="39.36509183607995510101318359375" lon="8.524419330060482025146484375">
        <ele>442</ele>
        <time>2026-09-21T07:49:09.000Z</time>
      </trkpt>
      <trkpt lat="39.36494749970734119415283203125" lon="8.52441203780472278594970703125">
        <ele>444.600006103515625</ele>
        <time>2026-09-21T07:49:20.000Z</time>
      </trkpt>
      <trkpt lat="39.3647579848766326904296875" lon="8.5244684480130672454833984375">
        <ele>448.20001220703125</ele>
        <time>2026-09-21T07:49:33.000Z</time>
      </trkpt>
      <trkpt lat="39.364635944366455078125" lon="8.52451748214662075042724609375">
        <ele>449</ele>
        <time>2026-09-21T07:49:42.000Z</time>
      </trkpt>
      <trkpt lat="39.3645568192005157470703125" lon="8.5245559550821781158447265625">
        <ele>448.79998779296875</ele>
        <time>2026-09-21T07:49:50.000Z</time>
      </trkpt>
      <trkpt lat="39.36441608704626560211181640625" lon="8.52461353875696659088134765625">
        <ele>448.79998779296875</ele>
        <time>2026-09-21T07:50:01.000Z</time>
      </trkpt>
      <trkpt lat="39.3642984889447689056396484375" lon="8.52468143217265605926513671875">
        <ele>448</ele>
        <time>2026-09-21T07:50:11.000Z</time>
      </trkpt>
      <trkpt lat="39.36427275650203227996826171875" lon="8.524748571217060089111328125">
        <ele>448.399993896484375</ele>
        <time>2026-09-21T07:50:16.000Z</time>
      </trkpt>
      <trkpt lat="39.3642790429294109344482421875" lon="8.52478109300136566162109375">
        <ele>449.20001220703125</ele>
        <time>2026-09-21T07:50:18.000Z</time>
      </trkpt>
      <trkpt lat="39.36431047506630420684814453125" lon="8.52481487207114696502685546875">
        <ele>450.79998779296875</ele>
        <time>2026-09-21T07:50:21.000Z</time>
      </trkpt>
      <trkpt lat="39.36433696188032627105712890625" lon="8.524819649755954742431640625">
        <ele>451.600006103515625</ele>
        <time>2026-09-21T07:50:23.000Z</time>
      </trkpt>
      <trkpt lat="39.3644413165748119354248046875" lon="8.52479517459869384765625">
        <ele>453.79998779296875</ele>
        <time>2026-09-21T07:50:32.000Z</time>
      </trkpt>
      <trkpt lat="39.36459026299417018890380859375" lon="8.5247339867055416107177734375">
        <ele>454.20001220703125</ele>
        <time>2026-09-21T07:50:42.000Z</time>
      </trkpt>
      <trkpt lat="39.364701323211193084716796875" lon="8.52471965365111827850341796875">
        <ele>454.79998779296875</ele>
        <time>2026-09-21T07:50:51.000Z</time>
      </trkpt>
      <trkpt lat="39.36484674923121929168701171875" lon="8.5247148759663105010986328125">
        <ele>455.79998779296875</ele>
        <time>2026-09-21T07:51:01.000Z</time>
      </trkpt>
      <trkpt lat="39.3648731522262096405029296875" lon="8.524714373052120208740234375">
        <ele>456</ele>
        <time>2026-09-21T07:51:03.000Z</time>
      </trkpt>
      <trkpt lat="39.36501472257077693939208984375" lon="8.5247121937572956085205078125">
        <ele>455.79998779296875</ele>
        <time>2026-09-21T07:51:15.000Z</time>
      </trkpt>
      <trkpt lat="39.3651039898395538330078125" lon="8.52472602389752864837646484375">
        <ele>455.399993896484375</ele>
        <time>2026-09-21T07:51:21.000Z</time>
      </trkpt>
      <trkpt lat="39.36514212749898433685302734375" lon="8.5247433744370937347412109375">
        <ele>455.600006103515625</ele>
        <time>2026-09-21T07:51:24.000Z</time>
      </trkpt>
      <trkpt lat="39.3652434647083282470703125" lon="8.52481604553759098052978515625">
        <ele>456.600006103515625</ele>
        <time>2026-09-21T07:51:34.000Z</time>
      </trkpt>
      <trkpt lat="39.36526232399046421051025390625" lon="8.5248385928571224212646484375">
        <ele>456.600006103515625</ele>
        <time>2026-09-21T07:51:36.000Z</time>
      </trkpt>
      <trkpt lat="39.36537958681583404541015625" lon="8.5250159539282321929931640625">
        <ele>457.79998779296875</ele>
        <time>2026-09-21T07:51:48.000Z</time>
      </trkpt>
      <trkpt lat="39.36538503505289554595947265625" lon="8.525033555924892425537109375">
        <ele>458.20001220703125</ele>
        <time>2026-09-21T07:51:49.000Z</time>
      </trkpt>
      <trkpt lat="39.3654414452612400054931640625" lon="8.525174371898174285888671875">
        <ele>460.399993896484375</ele>
        <time>2026-09-21T07:51:59.000Z</time>
      </trkpt>
      <trkpt lat="39.3655262701213359832763671875" lon="8.5252965800464153289794921875">
        <ele>461.399993896484375</ele>
        <time>2026-09-21T07:52:09.000Z</time>
      </trkpt>
      <trkpt lat="39.36562928371131420135498046875" lon="8.525393642485141754150390625">
        <ele>463.399993896484375</ele>
        <time>2026-09-21T07:52:18.000Z</time>
      </trkpt>
      <trkpt lat="39.365727603435516357421875" lon="8.5254575125873088836669921875">
        <ele>464</ele>
        <time>2026-09-21T07:52:26.000Z</time>
      </trkpt>
      <trkpt lat="39.36582206748425960540771484375" lon="8.52551392279565334320068359375">
        <ele>465</ele>
        <time>2026-09-21T07:52:35.000Z</time>
      </trkpt>
      <trkpt lat="39.36599439941346645355224609375" lon="8.52561752311885356903076171875">
        <ele>468.600006103515625</ele>
        <time>2026-09-21T07:52:48.000Z</time>
      </trkpt>
      <trkpt lat="39.3661166913807392120361328125" lon="8.52571760304272174835205078125">
        <ele>472</ele>
        <time>2026-09-21T07:53:00.000Z</time>
      </trkpt>
      <trkpt lat="39.36623211018741130828857421875" lon="8.5258595086634159088134765625">
        <ele>476.79998779296875</ele>
        <time>2026-09-21T07:53:11.000Z</time>
      </trkpt>
      <trkpt lat="39.36635230667889118194580078125" lon="8.525959588587284088134765625">
        <ele>478.399993896484375</ele>
        <time>2026-09-21T07:53:20.000Z</time>
      </trkpt>
      <trkpt lat="39.366438053548336029052734375" lon="8.52600778453052043914794921875">
        <ele>480.20001220703125</ele>
        <time>2026-09-21T07:53:27.000Z</time>
      </trkpt>
      <trkpt lat="39.3664499558508396148681640625" lon="8.5260103829205036163330078125">
        <ele>480.399993896484375</ele>
        <time>2026-09-21T07:53:28.000Z</time>
      </trkpt>
      <trkpt lat="39.36652229167520999908447265625" lon="8.52603510953485965728759765625">
        <ele>481.79998779296875</ele>
        <time>2026-09-21T07:53:35.000Z</time>
      </trkpt>
      <trkpt lat="39.3665481917560100555419921875" lon="8.5260378755629062652587890625">
        <ele>482.20001220703125</ele>
        <time>2026-09-21T07:53:37.000Z</time>
      </trkpt>
      <trkpt lat="39.36658716760575771331787109375" lon="8.526047430932521820068359375">
        <ele>483.20001220703125</ele>
        <time>2026-09-21T07:53:40.000Z</time>
      </trkpt>
      <trkpt lat="39.36668506823480129241943359375" lon="8.52610744535923004150390625">
        <ele>485.600006103515625</ele>
        <time>2026-09-21T07:53:48.000Z</time>
      </trkpt>
      <trkpt lat="39.36675933189690113067626953125" lon="8.52620936930179595947265625">
        <ele>486.79998779296875</ele>
        <time>2026-09-21T07:53:57.000Z</time>
      </trkpt>
      <trkpt lat="39.3668408878147602081298828125" lon="8.5263731516897678375244140625">
        <ele>487.20001220703125</ele>
        <time>2026-09-21T07:54:07.000Z</time>
      </trkpt>
      <trkpt lat="39.366875253617763519287109375" lon="8.52641380392014980316162109375">
        <ele>487.600006103515625</ele>
        <time>2026-09-21T07:54:10.000Z</time>
      </trkpt>
      <trkpt lat="39.36694725416600704193115234375" lon="8.5264790989458560943603515625">
        <ele>488.399993896484375</ele>
        <time>2026-09-21T07:54:16.000Z</time>
      </trkpt>
      <trkpt lat="39.367051608860492706298828125" lon="8.52652243338525295257568359375">
        <ele>490.20001220703125</ele>
        <time>2026-09-21T07:54:23.000Z</time>
      </trkpt>
      <trkpt lat="39.3671624176204204559326171875" lon="8.5266225971281528472900390625">
        <ele>491.20001220703125</ele>
        <time>2026-09-21T07:54:32.000Z</time>
      </trkpt>
      <trkpt lat="39.3672650121152400970458984375" lon="8.526771962642669677734375">
        <ele>492.79998779296875</ele>
        <time>2026-09-21T07:54:44.000Z</time>
      </trkpt>
      <trkpt lat="39.3672757409512996673583984375" lon="8.52692392654716968536376953125">
        <ele>491</ele>
        <time>2026-09-21T07:54:54.000Z</time>
      </trkpt>
      <trkpt lat="39.36722402460873126983642578125" lon="8.52704755961894989013671875">
        <ele>488.600006103515625</ele>
        <time>2026-09-21T07:55:02.000Z</time>
      </trkpt>
      <trkpt lat="39.3671691231429576873779296875" lon="8.52719080634415149688720703125">
        <ele>486.600006103515625</ele>
        <time>2026-09-21T07:55:11.000Z</time>
      </trkpt>
      <trkpt lat="39.3671357631683349609375" lon="8.5273350588977336883544921875">
        <ele>485.399993896484375</ele>
        <time>2026-09-21T07:55:19.000Z</time>
      </trkpt>
      <trkpt lat="39.367122016847133636474609375" lon="8.52748450823128223419189453125">
        <ele>484.79998779296875</ele>
        <time>2026-09-21T07:55:27.000Z</time>
      </trkpt>
      <trkpt lat="39.367147497832775115966796875" lon="8.527639321982860565185546875">
        <ele>484.600006103515625</ele>
        <time>2026-09-21T07:55:35.000Z</time>
      </trkpt>
      <trkpt lat="39.3671754933893680572509765625" lon="8.52769724093377590179443359375">
        <ele>485.20001220703125</ele>
        <time>2026-09-21T07:55:39.000Z</time>
      </trkpt>
      <trkpt lat="39.36721698381006717681884765625" lon="8.52774417959153652191162109375">
        <ele>486.399993896484375</ele>
        <time>2026-09-21T07:55:43.000Z</time>
      </trkpt>
      <trkpt lat="39.36730331741273403167724609375" lon="8.52784275077283382415771484375">
        <ele>487.600006103515625</ele>
        <time>2026-09-21T07:55:53.000Z</time>
      </trkpt>
      <trkpt lat="39.36743441037833690643310546875" lon="8.52798901498317718505859375">
        <ele>488.20001220703125</ele>
        <time>2026-09-21T07:56:05.000Z</time>
      </trkpt>
      <trkpt lat="39.3675865419209003448486328125" lon="8.528017513453960418701171875">
        <ele>489.20001220703125</ele>
        <time>2026-09-21T07:56:15.000Z</time>
      </trkpt>
      <trkpt lat="39.36770162545144557952880859375" lon="8.5279762744903564453125">
        <ele>491.79998779296875</ele>
        <time>2026-09-21T07:56:23.000Z</time>
      </trkpt>
      <trkpt lat="39.36771444976329803466796875" lon="8.5279660485684871673583984375">
        <ele>492.399993896484375</ele>
        <time>2026-09-21T07:56:24.000Z</time>
      </trkpt>
      <trkpt lat="39.36778024770319461822509765625" lon="8.52793671190738677978515625">
        <ele>493.399993896484375</ele>
        <time>2026-09-21T07:56:30.000Z</time>
      </trkpt>
      <trkpt lat="39.36780321411788463592529296875" lon="8.52792623452842235565185546875">
        <ele>493.399993896484375</ele>
        <time>2026-09-21T07:56:32.000Z</time>
      </trkpt>
      <trkpt lat="39.36788074672222137451171875" lon="8.52788834832608699798583984375">
        <ele>493.79998779296875</ele>
        <time>2026-09-21T07:56:40.000Z</time>
      </trkpt>
      <trkpt lat="39.3678916431963443756103515625" lon="8.52787946350872516632080078125">
        <ele>494.20001220703125</ele>
        <time>2026-09-21T07:56:41.000Z</time>
      </trkpt>
      <trkpt lat="39.36792676337063312530517578125" lon="8.52786823175847530364990234375">
        <ele>494.399993896484375</ele>
        <time>2026-09-21T07:56:44.000Z</time>
      </trkpt>
      <trkpt lat="39.367998428642749786376953125" lon="8.52782229892909526824951171875">
        <ele>496.20001220703125</ele>
        <time>2026-09-21T07:56:49.000Z</time>
      </trkpt>
      <trkpt lat="39.3681042082607746124267578125" lon="8.5277585126459598541259765625">
        <ele>498</ele>
        <time>2026-09-21T07:56:57.000Z</time>
      </trkpt>
      <trkpt lat="39.36811837367713451385498046875" lon="8.52774853818118572235107421875">
        <ele>498.20001220703125</ele>
        <time>2026-09-21T07:56:58.000Z</time>
      </trkpt>
      <trkpt lat="39.368224404752254486083984375" lon="8.52767041884362697601318359375">
        <ele>500.600006103515625</ele>
        <time>2026-09-21T07:57:06.000Z</time>
      </trkpt>
      <trkpt lat="39.36838190071284770965576171875" lon="8.52760772220790386199951171875">
        <ele>505.79998779296875</ele>
        <time>2026-09-21T07:57:17.000Z</time>
      </trkpt>
      <trkpt lat="39.36850394122302532196044921875" lon="8.5276103205978870391845703125">
        <ele>507.600006103515625</ele>
        <time>2026-09-21T07:57:25.000Z</time>
      </trkpt>
      <trkpt lat="39.368530176579952239990234375" lon="8.52761979214847087860107421875">
        <ele>507.600006103515625</ele>
        <time>2026-09-21T07:57:27.000Z</time>
      </trkpt>
      <trkpt lat="39.36858943663537502288818359375" lon="8.52765298448503017425537109375">
        <ele>507.399993896484375</ele>
        <time>2026-09-21T07:57:32.000Z</time>
      </trkpt>
      <trkpt lat="39.36860091984272003173828125" lon="8.527661450207233428955078125">
        <ele>507.399993896484375</ele>
        <time>2026-09-21T07:57:33.000Z</time>
      </trkpt>
      <trkpt lat="39.368614666163921356201171875" lon="8.5276730172336101531982421875">
        <ele>507.600006103515625</ele>
        <time>2026-09-21T07:57:34.000Z</time>
      </trkpt>
      <trkpt lat="39.368694461882114410400390625" lon="8.52776463143527507781982421875">
        <ele>507</ele>
        <time>2026-09-21T07:57:43.000Z</time>
      </trkpt>
      <trkpt lat="39.36872438527643680572509765625" lon="8.5278067924082279205322265625">
        <ele>506.399993896484375</ele>
        <time>2026-09-21T07:57:46.000Z</time>
      </trkpt>
      <trkpt lat="39.368778951466083526611328125" lon="8.52785465307533740997314453125">
        <ele>506</ele>
        <time>2026-09-21T07:57:51.000Z</time>
      </trkpt>
      <trkpt lat="39.36887945048511028289794921875" lon="8.5278896056115627288818359375">
        <ele>507.79998779296875</ele>
        <time>2026-09-21T07:57:58.000Z</time>
      </trkpt>
      <trkpt lat="39.36898849904537200927734375" lon="8.52794551290571689605712890625">
        <ele>506.79998779296875</ele>
        <time>2026-09-21T07:58:06.000Z</time>
      </trkpt>
      <trkpt lat="39.36907030642032623291015625" lon="8.52798289619386196136474609375">
        <ele>506.20001220703125</ele>
        <time>2026-09-21T07:58:13.000Z</time>
      </trkpt>
      <trkpt lat="39.36908363364636898040771484375" lon="8.52798557840287685394287109375">
        <ele>506.399993896484375</ele>
        <time>2026-09-21T07:58:14.000Z</time>
      </trkpt>
      <trkpt lat="39.36922646127641201019287109375" lon="8.52798507548868656158447265625">
        <ele>507.600006103515625</ele>
        <time>2026-09-21T07:58:25.000Z</time>
      </trkpt>
      <trkpt lat="39.369240291416645050048828125" lon="8.52797803469002246856689453125">
        <ele>508</ele>
        <time>2026-09-21T07:58:26.000Z</time>
      </trkpt>
      <trkpt lat="39.3692843802273273468017578125" lon="8.52797853760421276092529296875">
        <ele>508.20001220703125</ele>
        <time>2026-09-21T07:58:29.000Z</time>
      </trkpt>
      <trkpt lat="39.36934925615787506103515625" lon="8.52796277962625026702880859375">
        <ele>509</ele>
        <time>2026-09-21T07:58:34.000Z</time>
      </trkpt>
      <trkpt lat="39.36946115456521511077880859375" lon="8.52794450707733631134033203125">
        <ele>510.600006103515625</ele>
        <time>2026-09-21T07:58:43.000Z</time>
      </trkpt>
      <trkpt lat="39.36961018480360507965087890625" lon="8.527994714677333831787109375">
        <ele>510.79998779296875</ele>
        <time>2026-09-21T07:58:54.000Z</time>
      </trkpt>
      <trkpt lat="39.3697095103561878204345703125" lon="8.52807886898517608642578125">
        <ele>509</ele>
        <time>2026-09-21T07:59:04.000Z</time>
      </trkpt>
      <trkpt lat="39.36982593499124050140380859375" lon="8.52814592421054840087890625">
        <ele>509.600006103515625</ele>
        <time>2026-09-21T07:59:13.000Z</time>
      </trkpt>
      <trkpt lat="39.369894750416278839111328125" lon="8.52817140519618988037109375">
        <ele>510.79998779296875</ele>
        <time>2026-09-21T07:59:19.000Z</time>
      </trkpt>
      <trkpt lat="39.36990581452846527099609375" lon="8.5281735844910144805908203125">
        <ele>511</ele>
        <time>2026-09-21T07:59:20.000Z</time>
      </trkpt>
      <trkpt lat="39.370026849210262298583984375" lon="8.5282124765217304229736328125">
        <ele>514.20001220703125</ele>
        <time>2026-09-21T07:59:30.000Z</time>
      </trkpt>
      <trkpt lat="39.37016204930841922760009765625" lon="8.52827408351004123687744140625">
        <ele>518.20001220703125</ele>
        <time>2026-09-21T07:59:39.000Z</time>
      </trkpt>
      <trkpt lat="39.3702788092195987701416015625" lon="8.52836796082556247711181640625">
        <ele>519.4000244140625</ele>
        <time>2026-09-21T07:59:49.000Z</time>
      </trkpt>
      <trkpt lat="39.3703230656683444976806640625" lon="8.52843216620385646820068359375">
        <ele>518.20001220703125</ele>
        <time>2026-09-21T07:59:54.000Z</time>
      </trkpt>
      <trkpt lat="39.37033354304730892181396484375" lon="8.5284461639821529388427734375">
        <ele>518</ele>
        <time>2026-09-21T07:59:55.000Z</time>
      </trkpt>
      <trkpt lat="39.37037126161158084869384765625" lon="8.528487570583820343017578125">
        <ele>517.5999755859375</ele>
        <time>2026-09-21T07:59:58.000Z</time>
      </trkpt>
      <trkpt lat="39.37045021913945674896240234375" lon="8.52856434881687164306640625">
        <ele>517.5999755859375</ele>
        <time>2026-09-21T08:00:05.000Z</time>
      </trkpt>
      <trkpt lat="39.37054359354078769683837890625" lon="8.528639785945415496826171875">
        <ele>517.79998779296875</ele>
        <time>2026-09-21T08:00:14.000Z</time>
      </trkpt>
      <trkpt lat="39.37062724493443965911865234375" lon="8.52873257361352443695068359375">
        <ele>515.79998779296875</ele>
        <time>2026-09-21T08:00:23.000Z</time>
      </trkpt>
      <trkpt lat="39.37074878253042697906494140625" lon="8.52883349172770977020263671875">
        <ele>514.5999755859375</ele>
        <time>2026-09-21T08:00:33.000Z</time>
      </trkpt>
      <trkpt lat="39.370838217437267303466796875" lon="8.5288868844509124755859375">
        <ele>514.5999755859375</ele>
        <time>2026-09-21T08:00:41.000Z</time>
      </trkpt>
      <trkpt lat="39.37094517052173614501953125" lon="8.52892468683421611785888671875">
        <ele>516</ele>
        <time>2026-09-21T08:00:50.000Z</time>
      </trkpt>
      <trkpt lat="39.37111255712807178497314453125" lon="8.5289893113076686859130859375">
        <ele>519</ele>
        <time>2026-09-21T08:01:01.000Z</time>
      </trkpt>
      <trkpt lat="39.371212385594844818115234375" lon="8.5289852879941463470458984375">
        <ele>523.20001220703125</ele>
        <time>2026-09-21T08:01:09.000Z</time>
      </trkpt>
      <trkpt lat="39.3713134713470935821533203125" lon="8.5289738886058330535888671875">
        <ele>528.4000244140625</ele>
        <time>2026-09-21T08:01:18.000Z</time>
      </trkpt>
      <trkpt lat="39.37141262926161289215087890625" lon="8.528976738452911376953125">
        <ele>533.5999755859375</ele>
        <time>2026-09-21T08:01:24.000Z</time>
      </trkpt>
      <trkpt lat="39.3714822828769683837890625" lon="8.52901688776910305023193359375">
        <ele>536</ele>
        <time>2026-09-21T08:01:29.000Z</time>
      </trkpt>
      <trkpt lat="39.3715277127921581268310546875" lon="8.5291073285043239593505859375">
        <ele>535.4000244140625</ele>
        <time>2026-09-21T08:01:36.000Z</time>
      </trkpt>
      <trkpt lat="39.3715345859527587890625" lon="8.52913155220448970794677734375">
        <ele>535</ele>
        <time>2026-09-21T08:01:38.000Z</time>
      </trkpt>
      <trkpt lat="39.37158328481018543243408203125" lon="8.5292677581310272216796875">
        <ele>533.5999755859375</ele>
        <time>2026-09-21T08:01:46.000Z</time>
      </trkpt>
      <trkpt lat="39.37165059149265289306640625" lon="8.52947093546390533447265625">
        <ele>531.4000244140625</ele>
        <time>2026-09-21T08:01:56.000Z</time>
      </trkpt>
      <trkpt lat="39.37173030339181423187255859375" lon="8.5296405851840972900390625">
        <ele>530</ele>
        <time>2026-09-21T08:02:06.000Z</time>
      </trkpt>
      <trkpt lat="39.37180289067327976226806640625" lon="8.5297399945557117462158203125">
        <ele>530.20001220703125</ele>
        <time>2026-09-21T08:02:16.000Z</time>
      </trkpt>
      <trkpt lat="39.3718991987407207489013671875" lon="8.5298080556094646453857421875">
        <ele>532.4000244140625</ele>
        <time>2026-09-21T08:02:25.000Z</time>
      </trkpt>
      <trkpt lat="39.37201428227126598358154296875" lon="8.52990939281880855560302734375">
        <ele>532.79998779296875</ele>
        <time>2026-09-21T08:02:34.000Z</time>
      </trkpt>
      <trkpt lat="39.37207362614572048187255859375" lon="8.52996421046555042266845703125">
        <ele>532.5999755859375</ele>
        <time>2026-09-21T08:02:41.000Z</time>
      </trkpt>
      <trkpt lat="39.37214554287493228912353515625" lon="8.53002347052097320556640625">
        <ele>532.79998779296875</ele>
        <time>2026-09-21T08:02:48.000Z</time>
      </trkpt>
      <trkpt lat="39.3722498975694179534912109375" lon="8.5301201976835727691650390625">
        <ele>531.5999755859375</ele>
        <time>2026-09-21T08:02:57.000Z</time>
      </trkpt>
      <trkpt lat="39.37230563722550868988037109375" lon="8.53014643304049968719482421875">
        <ele>532</ele>
        <time>2026-09-21T08:03:01.000Z</time>
      </trkpt>
      <trkpt lat="39.37239264138042926788330078125" lon="8.53018498979508876800537109375">
        <ele>532.5999755859375</ele>
        <time>2026-09-21T08:03:08.000Z</time>
      </trkpt>
      <trkpt lat="39.372523985803127288818359375" lon="8.53022773750126361846923828125">
        <ele>533.4000244140625</ele>
        <time>2026-09-21T08:03:18.000Z</time>
      </trkpt>
      <trkpt lat="39.372671507298946380615234375" lon="8.53026461787521839141845703125">
        <ele>533.20001220703125</ele>
        <time>2026-09-21T08:03:29.000Z</time>
      </trkpt>
      <trkpt lat="39.37280570156872272491455078125" lon="8.5302467644214630126953125">
        <ele>535.20001220703125</ele>
        <time>2026-09-21T08:03:40.000Z</time>
      </trkpt>
      <trkpt lat="39.37294282950460910797119140625" lon="8.530233688652515411376953125">
        <ele>536</ele>
        <time>2026-09-21T08:03:49.000Z</time>
      </trkpt>
      <trkpt lat="39.37308800406754016876220703125" lon="8.53021214716136455535888671875">
        <ele>536.20001220703125</ele>
        <time>2026-09-21T08:03:58.000Z</time>
      </trkpt>
      <trkpt lat="39.37318724580109119415283203125" lon="8.53017426095902919769287109375">
        <ele>537.4000244140625</ele>
        <time>2026-09-21T08:04:07.000Z</time>
      </trkpt>
      <trkpt lat="39.3733063526451587677001953125" lon="8.53014945052564144134521484375">
        <ele>535.4000244140625</ele>
        <time>2026-09-21T08:04:16.000Z</time>
      </trkpt>
      <trkpt lat="39.373418502509593963623046875" lon="8.530076108872890472412109375">
        <ele>536</ele>
        <time>2026-09-21T08:04:25.000Z</time>
      </trkpt>
      <trkpt lat="39.373529143631458282470703125" lon="8.52997259236872196197509765625">
        <ele>536.5999755859375</ele>
        <time>2026-09-21T08:04:35.000Z</time>
      </trkpt>
      <trkpt lat="39.3736007250845432281494140625" lon="8.52984887547791004180908203125">
        <ele>539.4000244140625</ele>
        <time>2026-09-21T08:04:45.000Z</time>
      </trkpt>
      <trkpt lat="39.373682700097560882568359375" lon="8.529669083654880523681640625">
        <ele>545.20001220703125</ele>
        <time>2026-09-21T08:04:55.000Z</time>
      </trkpt>
      <trkpt lat="39.37370122410356998443603515625" lon="8.52965910919010639190673828125">
        <ele>545.5999755859375</ele>
        <time>2026-09-21T08:04:56.000Z</time>
      </trkpt>
      <trkpt lat="39.37371312640607357025146484375" lon="8.52960496209561824798583984375">
        <ele>547.5999755859375</ele>
        <time>2026-09-21T08:04:59.000Z</time>
      </trkpt>
      <trkpt lat="39.373725615441799163818359375" lon="8.5295629687607288360595703125">
        <ele>549.20001220703125</ele>
        <time>2026-09-21T08:05:02.000Z</time>
      </trkpt>
      <trkpt lat="39.37375076115131378173828125" lon="8.52952189743518829345703125">
        <ele>550.79998779296875</ele>
        <time>2026-09-21T08:05:05.000Z</time>
      </trkpt>
      <trkpt lat="39.37383550219237804412841796875" lon="8.529466576874256134033203125">
        <ele>553.4000244140625</ele>
        <time>2026-09-21T08:05:12.000Z</time>
      </trkpt>
      <trkpt lat="39.37394429929554462432861328125" lon="8.52947629988193511962890625">
        <ele>556.20001220703125</ele>
        <time>2026-09-21T08:05:20.000Z</time>
      </trkpt>
      <trkpt lat="39.3740342371165752410888671875" lon="8.52952248416841030120849609375">
        <ele>557.79998779296875</ele>
        <time>2026-09-21T08:05:28.000Z</time>
      </trkpt>
      <trkpt lat="39.374121911823749542236328125" lon="8.52964133955538272857666015625">
        <ele>557.20001220703125</ele>
        <time>2026-09-21T08:05:37.000Z</time>
      </trkpt>
      <trkpt lat="39.37417547218501567840576171875" lon="8.52969624102115631103515625">
        <ele>557.5999755859375</ele>
        <time>2026-09-21T08:05:43.000Z</time>
      </trkpt>
      <trkpt lat="39.3742047250270843505859375" lon="8.52973538450896739959716796875">
        <ele>557.5999755859375</ele>
        <time>2026-09-21T08:05:46.000Z</time>
      </trkpt>
      <trkpt lat="39.37428963370621204376220703125" lon="8.5298362188041210174560546875">
        <ele>559.5999755859375</ele>
        <time>2026-09-21T08:05:53.000Z</time>
      </trkpt>
      <trkpt lat="39.37434931285679340362548828125" lon="8.5299217142164707183837890625">
        <ele>560.79998779296875</ele>
        <time>2026-09-21T08:06:01.000Z</time>
      </trkpt>
      <trkpt lat="39.3743728660047054290771484375" lon="8.53006462566554546356201171875">
        <ele>560</ele>
        <time>2026-09-21T08:06:09.000Z</time>
      </trkpt>
      <trkpt lat="39.3743656575679779052734375" lon="8.53025455959141254425048828125">
        <ele>559</ele>
        <time>2026-09-21T08:06:19.000Z</time>
      </trkpt>
      <trkpt lat="39.37434545718133449554443359375" lon="8.5303659550845623016357421875">
        <ele>556.5999755859375</ele>
        <time>2026-09-21T08:06:27.000Z</time>
      </trkpt>
      <trkpt lat="39.37436356209218502044677734375" lon="8.53055094368755817413330078125">
        <ele>555.79998779296875</ele>
        <time>2026-09-21T08:06:37.000Z</time>
      </trkpt>
      <trkpt lat="39.37441863119602203369140625" lon="8.53068723343312740325927734375">
        <ele>556.5999755859375</ele>
        <time>2026-09-21T08:06:45.000Z</time>
      </trkpt>
      <trkpt lat="39.37446783296763896942138671875" lon="8.53075227700173854827880859375">
        <ele>557.4000244140625</ele>
        <time>2026-09-21T08:06:52.000Z</time>
      </trkpt>
      <trkpt lat="39.3745867721736431121826171875" lon="8.5308502614498138427734375">
        <ele>560.20001220703125</ele>
        <time>2026-09-21T08:07:03.000Z</time>
      </trkpt>
      <trkpt lat="39.3747078068554401397705078125" lon="8.53093332611024379730224609375">
        <ele>562.5999755859375</ele>
        <time>2026-09-21T08:07:12.000Z</time>
      </trkpt>
      <trkpt lat="39.37487167306244373321533203125" lon="8.53105586953461170196533203125">
        <ele>566.5999755859375</ele>
        <time>2026-09-21T08:07:26.000Z</time>
      </trkpt>
      <trkpt lat="39.3749396502971649169921875" lon="8.531186543405055999755859375">
        <ele>567.79998779296875</ele>
        <time>2026-09-21T08:07:36.000Z</time>
      </trkpt>
      <trkpt lat="39.3749401532113552093505859375" lon="8.53128679096698760986328125">
        <ele>568</ele>
        <time>2026-09-21T08:07:41.000Z</time>
      </trkpt>
      <trkpt lat="39.37491626478731632232666015625" lon="8.53134219534695148468017578125">
        <ele>566.79998779296875</ele>
        <time>2026-09-21T08:07:45.000Z</time>
      </trkpt>
      <trkpt lat="39.37485574744641780853271484375" lon="8.53143121115863323211669921875">
        <ele>567.79998779296875</ele>
        <time>2026-09-21T08:07:52.000Z</time>
      </trkpt>
      <trkpt lat="39.37481618486344814300537109375" lon="8.531459458172321319580078125">
        <ele>568.20001220703125</ele>
        <time>2026-09-21T08:07:55.000Z</time>
      </trkpt>
      <trkpt lat="39.374736808240413665771484375" lon="8.53152894414961338043212890625">
        <ele>568</ele>
        <time>2026-09-21T08:08:01.000Z</time>
      </trkpt>
      <trkpt lat="39.374697245657444000244140625" lon="8.53153414092957973480224609375">
        <ele>566.4000244140625</ele>
        <time>2026-09-21T08:08:04.000Z</time>
      </trkpt>
      <trkpt lat="39.374692551791667938232421875" lon="8.5315303690731525421142578125">
        <ele>566</ele>
        <time>2026-09-21T08:08:06.000Z</time>
      </trkpt>
      <trkpt lat="39.37469313852488994598388671875" lon="8.53152777068316936492919921875">
        <ele>566</ele>
        <time>2026-09-21T08:08:22.000Z</time>
      </trkpt>
      <trkpt lat="39.37469313852488994598388671875" lon="8.53152777068316936492919921875">
        <ele>566</ele>
        <time>2026-09-21T08:08:28.000Z</time>
      </trkpt>
      <trkpt lat="39.3746940605342388153076171875" lon="8.5315280221402645111083984375">
        <ele>566</ele>
        <time>2026-09-21T08:08:35.000Z</time>
      </trkpt>
      <trkpt lat="39.37467855401337146759033203125" lon="8.5315457917749881744384765625">
        <ele>566</ele>
        <time>2026-09-21T08:08:40.000Z</time>
      </trkpt>
      <trkpt lat="39.37465055845677852630615234375" lon="8.53157621808350086212158203125">
        <ele>566.20001220703125</ele>
        <time>2026-09-21T08:08:42.000Z</time>
      </trkpt>
      <trkpt lat="39.37455383129417896270751953125" lon="8.53166741319000720977783203125">
        <ele>566.79998779296875</ele>
        <time>2026-09-21T08:08:50.000Z</time>
      </trkpt>
      <trkpt lat="39.3744436092674732208251953125" lon="8.53175441734492778778076171875">
        <ele>567</ele>
        <time>2026-09-21T08:09:01.000Z</time>
      </trkpt>
      <trkpt lat="39.374367333948612213134765625" lon="8.53181242011487483978271484375">
        <ele>566.5999755859375</ele>
        <time>2026-09-21T08:09:07.000Z</time>
      </trkpt>
      <trkpt lat="39.374329783022403717041015625" lon="8.531841002404689788818359375">
        <ele>566.79998779296875</ele>
        <time>2026-09-21T08:09:10.000Z</time>
      </trkpt>
      <trkpt lat="39.37423112802207469940185546875" lon="8.53189322166144847869873046875">
        <ele>566.79998779296875</ele>
        <time>2026-09-21T08:09:18.000Z</time>
      </trkpt>
      <trkpt lat="39.37409835867583751678466796875" lon="8.5319823212921619415283203125">
        <ele>566</ele>
        <time>2026-09-21T08:09:31.000Z</time>
      </trkpt>
      <trkpt lat="39.37404706142842769622802734375" lon="8.53207510896027088165283203125">
        <ele>564.5999755859375</ele>
        <time>2026-09-21T08:09:39.000Z</time>
      </trkpt>
      <trkpt lat="39.374083019793033599853515625" lon="8.532157838344573974609375">
        <ele>566.20001220703125</ele>
        <time>2026-09-21T08:09:46.000Z</time>
      </trkpt>
      <trkpt lat="39.3741753883659839630126953125" lon="8.532136715948581695556640625">
        <ele>568.5999755859375</ele>
        <time>2026-09-21T08:09:53.000Z</time>
      </trkpt>
      <trkpt lat="39.37421855516731739044189453125" lon="8.53209891356527805328369140625">
        <ele>569.4000244140625</ele>
        <time>2026-09-21T08:09:58.000Z</time>
      </trkpt>
      <trkpt lat="39.37424940057098865509033203125" lon="8.53207007981836795806884765625">
        <ele>570</ele>
        <time>2026-09-21T08:10:01.000Z</time>
      </trkpt>
      <trkpt lat="39.3743281066417694091796875" lon="8.5319923795759677886962890625">
        <ele>570.20001220703125</ele>
        <time>2026-09-21T08:10:10.000Z</time>
      </trkpt>
      <trkpt lat="39.37434889376163482666015625" lon="8.531974442303180694580078125">
        <ele>570.4000244140625</ele>
        <time>2026-09-21T08:10:13.000Z</time>
      </trkpt>
      <trkpt lat="39.37434914521872997283935546875" lon="8.53197536431252956390380859375">
        <ele>570.4000244140625</ele>
        <time>2026-09-21T08:10:16.000Z</time>
      </trkpt>
      <trkpt lat="39.3743473850190639495849609375" lon="8.531975112855434417724609375">
        <ele>570.4000244140625</ele>
        <time>2026-09-21T08:10:23.000Z</time>
      </trkpt>
      <trkpt lat="39.3743473850190639495849609375" lon="8.531975112855434417724609375">
        <ele>570.4000244140625</ele>
        <time>2026-09-21T08:10:25.000Z</time>
      </trkpt>
      <trkpt lat="39.3743473850190639495849609375" lon="8.531975112855434417724609375">
        <ele>570.4000244140625</ele>
        <time>2026-09-21T08:10:27.000Z</time>
      </trkpt>
      <trkpt lat="39.3743473850190639495849609375" lon="8.531975112855434417724609375">
        <ele>570.4000244140625</ele>
        <time>2026-09-21T08:10:29.000Z</time>
      </trkpt>
      <trkpt lat="39.3743473850190639495849609375" lon="8.531975112855434417724609375">
        <ele>570.4000244140625</ele>
        <time>2026-09-21T08:10:32.000Z</time>
      </trkpt>
      <trkpt lat="39.3743473850190639495849609375" lon="8.531975112855434417724609375">
        <ele>570.4000244140625</ele>
        <time>2026-09-21T08:10:34.000Z</time>
      </trkpt>
      <trkpt lat="39.3743473850190639495849609375" lon="8.531975112855434417724609375">
        <ele>570.4000244140625</ele>
        <time>2026-09-21T08:10:36.000Z</time>
      </trkpt>
      <trkpt lat="39.3743473850190639495849609375" lon="8.531975112855434417724609375">
        <ele>570.4000244140625</ele>
        <time>2026-09-21T08:10:38.000Z</time>
      </trkpt>
      <trkpt lat="39.3743473850190639495849609375" lon="8.53197519667446613311767578125">
        <ele>570.4000244140625</ele>
        <time>2026-09-21T08:10:40.000Z</time>
      </trkpt>
      <trkpt lat="39.37434596009552478790283203125" lon="8.53197486139833927154541015625">
        <ele>570.4000244140625</ele>
        <time>2026-09-21T08:10:59.000Z</time>
      </trkpt>
      <trkpt lat="39.37434562481939792633056640625" lon="8.53197209537029266357421875">
        <ele>570.20001220703125</ele>
        <time>2026-09-21T08:11:03.000Z</time>
      </trkpt>
      <trkpt lat="39.37434931285679340362548828125" lon="8.531969748437404632568359375">
        <ele>570.4000244140625</ele>
        <time>2026-09-21T08:11:05.000Z</time>
      </trkpt>
      <trkpt lat="39.37438099645078182220458984375" lon="8.5319459438323974609375">
        <ele>570.4000244140625</ele>
        <time>2026-09-21T08:11:07.000Z</time>
      </trkpt>
      <trkpt lat="39.37439574860036373138427734375" lon="8.531935550272464752197265625">
        <ele>570.4000244140625</ele>
        <time>2026-09-21T08:11:08.000Z</time>
      </trkpt>
      <trkpt lat="39.37448627315461635589599609375" lon="8.531853742897510528564453125">
        <ele>570.5999755859375</ele>
        <time>2026-09-21T08:11:15.000Z</time>
      </trkpt>
      <trkpt lat="39.37462256290018558502197265625" lon="8.53181242011487483978271484375">
        <ele>573</ele>
        <time>2026-09-21T08:11:25.000Z</time>
      </trkpt>
      <trkpt lat="39.37472180463373661041259765625" lon="8.53175944648683071136474609375">
        <ele>574.4000244140625</ele>
        <time>2026-09-21T08:11:32.000Z</time>
      </trkpt>
      <trkpt lat="39.37473244965076446533203125" lon="8.531757853925228118896484375">
        <ele>574.79998779296875</ele>
        <time>2026-09-21T08:11:33.000Z</time>
      </trkpt>
      <trkpt lat="39.3748036958277225494384765625" lon="8.5317285172641277313232421875">
        <ele>577</ele>
        <time>2026-09-21T08:11:40.000Z</time>
      </trkpt>
      <trkpt lat="39.374840743839740753173828125" lon="8.5317110829055309295654296875">
        <ele>578</ele>
        <time>2026-09-21T08:11:43.000Z</time>
      </trkpt>
      <trkpt lat="39.3748945556581020355224609375" lon="8.5316929779946804046630859375">
        <ele>579.5999755859375</ele>
        <time>2026-09-21T08:11:47.000Z</time>
      </trkpt>
      <trkpt lat="39.3749155104160308837890625" lon="8.53168434463441371917724609375">
        <ele>580.20001220703125</ele>
        <time>2026-09-21T08:11:49.000Z</time>
      </trkpt>
      <trkpt lat="39.37494568526744842529296875" lon="8.53167093358933925628662109375">
        <ele>581</ele>
        <time>2026-09-21T08:11:51.000Z</time>
      </trkpt>
      <trkpt lat="39.3750608526170253753662109375" lon="8.531632460653781890869140625">
        <ele>581</ele>
        <time>2026-09-21T08:12:01.000Z</time>
      </trkpt>
      <trkpt lat="39.37514810822904109954833984375" lon="8.5316222347319126129150390625">
        <ele>581.4000244140625</ele>
        <time>2026-09-21T08:12:07.000Z</time>
      </trkpt>
      <trkpt lat="39.37520409934222698211669921875" lon="8.5315940715372562408447265625">
        <ele>582</ele>
        <time>2026-09-21T08:12:12.000Z</time>
      </trkpt>
      <trkpt lat="39.3752864934504032135009765625" lon="8.531585521996021270751953125">
        <ele>584.79998779296875</ele>
        <time>2026-09-21T08:12:18.000Z</time>
      </trkpt>
      <trkpt lat="39.37533720396459102630615234375" lon="8.53156347759068012237548828125">
        <ele>586</ele>
        <time>2026-09-21T08:12:22.000Z</time>
      </trkpt>
      <trkpt lat="39.37534508295357227325439453125" lon="8.5315575264394283294677734375">
        <ele>586.20001220703125</ele>
        <time>2026-09-21T08:12:23.000Z</time>
      </trkpt>
      <trkpt lat="39.37538933940231800079345703125" lon="8.53153246454894542694091796875">
        <ele>587.20001220703125</ele>
        <time>2026-09-21T08:12:27.000Z</time>
      </trkpt>
      <trkpt lat="39.37542035244405269622802734375" lon="8.5315139405429363250732421875">
        <ele>587.79998779296875</ele>
        <time>2026-09-21T08:12:30.000Z</time>
      </trkpt>
      <trkpt lat="39.37543007545173168182373046875" lon="8.5315062291920185089111328125">
        <ele>588</ele>
        <time>2026-09-21T08:12:31.000Z</time>
      </trkpt>
      <trkpt lat="39.375442229211330413818359375" lon="8.53149977512657642364501953125">
        <ele>588.20001220703125</ele>
        <time>2026-09-21T08:12:32.000Z</time>
      </trkpt>
      <trkpt lat="39.375453293323516845703125" lon="8.5314965061843395233154296875">
        <ele>588.5999755859375</ele>
        <time>2026-09-21T08:12:33.000Z</time>
      </trkpt>
      <trkpt lat="39.37546410597860813140869140625" lon="8.5314914770424365997314453125">
        <ele>588.79998779296875</ele>
        <time>2026-09-21T08:12:34.000Z</time>
      </trkpt>
      <trkpt lat="39.37547416426241397857666015625" lon="8.531485609710216522216796875">
        <ele>589</ele>
        <time>2026-09-21T08:12:35.000Z</time>
      </trkpt>
      <trkpt lat="39.37552034854888916015625" lon="8.53144965134561061859130859375">
        <ele>590</ele>
        <time>2026-09-21T08:12:39.000Z</time>
      </trkpt>
      <trkpt lat="39.37552931718528270721435546875" lon="8.5314371623098850250244140625">
        <ele>590</ele>
        <time>2026-09-21T08:12:40.000Z</time>
      </trkpt>
      <trkpt lat="39.37554239295423030853271484375" lon="8.53140883147716522216796875">
        <ele>590</ele>
        <time>2026-09-21T08:12:42.000Z</time>
      </trkpt>
      <trkpt lat="39.37554222531616687774658203125" lon="8.531282432377338409423828125">
        <ele>590.5999755859375</ele>
        <time>2026-09-21T08:12:50.000Z</time>
      </trkpt>
      <trkpt lat="39.3755406327545642852783203125" lon="8.5312686860561370849609375">
        <ele>590.79998779296875</ele>
        <time>2026-09-21T08:12:51.000Z</time>
      </trkpt>
      <trkpt lat="39.37551699578762054443359375" lon="8.5312038101255893707275390625">
        <ele>590.20001220703125</ele>
        <time>2026-09-21T08:12:55.000Z</time>
      </trkpt>
      <trkpt lat="39.37550333328545093536376953125" lon="8.531163074076175689697265625">
        <ele>590</ele>
        <time>2026-09-21T08:12:58.000Z</time>
      </trkpt>
      <trkpt lat="39.37549076043069362640380859375" lon="8.53113147430121898651123046875">
        <ele>589.79998779296875</ele>
        <time>2026-09-21T08:13:00.000Z</time>
      </trkpt>
      <trkpt lat="39.37547785229980945587158203125" lon="8.5311038978397846221923828125">
        <ele>589.5999755859375</ele>
        <time>2026-09-21T08:13:02.000Z</time>
      </trkpt>
      <trkpt lat="39.375472404062747955322265625" lon="8.531087972223758697509765625">
        <ele>589.5999755859375</ele>
        <time>2026-09-21T08:13:03.000Z</time>
      </trkpt>
      <trkpt lat="39.37543963082134723663330078125" lon="8.53101764805614948272705078125">
        <ele>589.79998779296875</ele>
        <time>2026-09-21T08:13:08.000Z</time>
      </trkpt>
      <trkpt lat="39.37540727667510509490966796875" lon="8.53094522841274738311767578125">
        <ele>590</ele>
        <time>2026-09-21T08:13:13.000Z</time>
      </trkpt>
      <trkpt lat="39.37534868717193603515625" lon="8.530787564814090728759765625">
        <ele>591.5999755859375</ele>
        <time>2026-09-21T08:13:23.000Z</time>
      </trkpt>
      <trkpt lat="39.37527333386242389678955078125" lon="8.530671894550323486328125">
        <ele>591.4000244140625</ele>
        <time>2026-09-21T08:13:33.000Z</time>
      </trkpt>
      <trkpt lat="39.375260174274444580078125" lon="8.53057198226451873779296875">
        <ele>593.5999755859375</ele>
        <time>2026-09-21T08:13:39.000Z</time>
      </trkpt>
      <trkpt lat="39.37527316622436046600341796875" lon="8.5305537097156047821044921875">
        <ele>594.5999755859375</ele>
        <time>2026-09-21T08:13:40.000Z</time>
      </trkpt>
      <trkpt lat="39.37528590671718120574951171875" lon="8.53054675273597240447998046875">
        <ele>595.4000244140625</ele>
        <time>2026-09-21T08:13:41.000Z</time>
      </trkpt>
      <trkpt lat="39.375332258641719818115234375" lon="8.5305677913129329681396484375">
        <ele>597</ele>
        <time>2026-09-21T08:13:45.000Z</time>
      </trkpt>
      <trkpt lat="39.37541238963603973388671875" lon="8.53065772913396358489990234375">
        <ele>598.20001220703125</ele>
        <time>2026-09-21T08:13:52.000Z</time>
      </trkpt>
      <trkpt lat="39.375471733510494232177734375" lon="8.5307578928768634796142578125">
        <ele>598.20001220703125</ele>
        <time>2026-09-21T08:13:59.000Z</time>
      </trkpt>
      <trkpt lat="39.375532753765583038330078125" lon="8.5308708809316158294677734375">
        <ele>597.79998779296875</ele>
        <time>2026-09-21T08:14:07.000Z</time>
      </trkpt>
      <trkpt lat="39.375601820647716522216796875" lon="8.530988059937953948974609375">
        <ele>597.79998779296875</ele>
        <time>2026-09-21T08:14:15.000Z</time>
      </trkpt>
      <trkpt lat="39.37562964856624603271484375" lon="8.53102125227451324462890625">
        <ele>598.20001220703125</ele>
        <time>2026-09-21T08:14:18.000Z</time>
      </trkpt>
      <trkpt lat="39.37566527165472507476806640625" lon="8.53109727613627910614013671875">
        <ele>597.79998779296875</ele>
        <time>2026-09-21T08:14:24.000Z</time>
      </trkpt>
      <trkpt lat="39.375675581395626068115234375" lon="8.5311089269816875457763671875">
        <ele>598</ele>
        <time>2026-09-21T08:14:25.000Z</time>
      </trkpt>
      <trkpt lat="39.3757079355418682098388671875" lon="8.5311518423259258270263671875">
        <ele>598.79998779296875</ele>
        <time>2026-09-21T08:14:29.000Z</time>
      </trkpt>
      <trkpt lat="39.37573500908911228179931640625" lon="8.531193248927593231201171875">
        <ele>599.4000244140625</ele>
        <time>2026-09-21T08:14:32.000Z</time>
      </trkpt>
      <trkpt lat="39.3757753260433673858642578125" lon="8.5312463901937007904052734375">
        <ele>600.5999755859375</ele>
        <time>2026-09-21T08:14:36.000Z</time>
      </trkpt>
      <trkpt lat="39.37579971738159656524658203125" lon="8.531287796795368194580078125">
        <ele>601.20001220703125</ele>
        <time>2026-09-21T08:14:39.000Z</time>
      </trkpt>
      <trkpt lat="39.37586794607341289520263671875" lon="8.5313821770250797271728515625">
        <ele>603.4000244140625</ele>
        <time>2026-09-21T08:14:45.000Z</time>
      </trkpt>
      <trkpt lat="39.3758504278957843780517578125" lon="8.53151855058968067169189453125">
        <ele>603</ele>
        <time>2026-09-21T08:14:53.000Z</time>
      </trkpt>
      <trkpt lat="39.37578999437391757965087890625" lon="8.5316393338143825531005859375">
        <ele>601.4000244140625</ele>
        <time>2026-09-21T08:15:02.000Z</time>
      </trkpt>
      <trkpt lat="39.37566258944571018218994140625" lon="8.53175810538232326507568359375">
        <ele>599.79998779296875</ele>
        <time>2026-09-21T08:15:12.000Z</time>
      </trkpt>
      <trkpt lat="39.3756328336894512176513671875" lon="8.53177688084542751312255859375">
        <ele>599.4000244140625</ele>
        <time>2026-09-21T08:15:14.000Z</time>
      </trkpt>
      <trkpt lat="39.3756182491779327392578125" lon="8.53178576566278934478759765625">
        <ele>599.4000244140625</ele>
        <time>2026-09-21T08:15:15.000Z</time>
      </trkpt>
      <trkpt lat="39.37554574571549892425537109375" lon="8.53184200823307037353515625">
        <ele>599.79998779296875</ele>
        <time>2026-09-21T08:15:21.000Z</time>
      </trkpt>
      <trkpt lat="39.375477768480777740478515625" lon="8.5319095663726329803466796875">
        <ele>600.20001220703125</ele>
        <time>2026-09-21T08:15:29.000Z</time>
      </trkpt>
      <trkpt lat="39.37545807100832462310791015625" lon="8.5319258272647857666015625">
        <ele>600.4000244140625</ele>
        <time>2026-09-21T08:15:31.000Z</time>
      </trkpt>
      <trkpt lat="39.37538087368011474609375" lon="8.53198709897696971893310546875">
        <ele>600.5999755859375</ele>
        <time>2026-09-21T08:15:38.000Z</time>
      </trkpt>
      <trkpt lat="39.37531943432986736297607421875" lon="8.5320369713008403778076171875">
        <ele>601</ele>
        <time>2026-09-21T08:15:43.000Z</time>
      </trkpt>
      <trkpt lat="39.37530619092285633087158203125" lon="8.53204778395593166351318359375">
        <ele>601.20001220703125</ele>
        <time>2026-09-21T08:15:44.000Z</time>
      </trkpt>
      <trkpt lat="39.37524232082068920135498046875" lon="8.53210511617362499237060546875">
        <ele>602</ele>
        <time>2026-09-21T08:15:49.000Z</time>
      </trkpt>
      <trkpt lat="39.37521683983504772186279296875" lon="8.53215339593589305877685546875">
        <ele>603.5999755859375</ele>
        <time>2026-09-21T08:15:52.000Z</time>
      </trkpt>
      <trkpt lat="39.375188760459423065185546875" lon="8.53221005760133266448974609375">
        <ele>605</ele>
        <time>2026-09-21T08:15:56.000Z</time>
      </trkpt>
      <trkpt lat="39.3751609325408935546875" lon="8.53222765959799289703369140625">
        <ele>604.79998779296875</ele>
        <time>2026-09-21T08:15:58.000Z</time>
      </trkpt>
      <trkpt lat="39.375083148479461669921875" lon="8.53228482417762279510498046875">
        <ele>604.79998779296875</ele>
        <time>2026-09-21T08:16:04.000Z</time>
      </trkpt>
      <trkpt lat="39.37505540437996387481689453125" lon="8.532303683459758758544921875">
        <ele>604.5999755859375</ele>
        <time>2026-09-21T08:16:06.000Z</time>
      </trkpt>
      <trkpt lat="39.3750256486237049102783203125" lon="8.53231810033321380615234375">
        <ele>604</ele>
        <time>2026-09-21T08:16:08.000Z</time>
      </trkpt>
      <trkpt lat="39.3749813921749591827392578125" lon="8.53241122327744960784912109375">
        <ele>603.79998779296875</ele>
        <time>2026-09-21T08:16:15.000Z</time>
      </trkpt>
      <trkpt lat="39.37497560866177082061767578125" lon="8.53245615027844905853271484375">
        <ele>604.4000244140625</ele>
        <time>2026-09-21T08:16:18.000Z</time>
      </trkpt>
      <trkpt lat="39.37498818151652812957763671875" lon="8.53250711224973201751708984375">
        <ele>605.79998779296875</ele>
        <time>2026-09-21T08:16:21.000Z</time>
      </trkpt>
      <trkpt lat="39.37500695697963237762451171875" lon="8.53256058879196643829345703125">
        <ele>607.20001220703125</ele>
        <time>2026-09-21T08:16:24.000Z</time>
      </trkpt>
      <trkpt lat="39.3750135786831378936767578125" lon="8.5325703956186771392822265625">
        <ele>607.4000244140625</ele>
        <time>2026-09-21T08:16:25.000Z</time>
      </trkpt>
      <trkpt lat="39.3750541470944881439208984375" lon="8.53265471756458282470703125">
        <ele>609.5999755859375</ele>
        <time>2026-09-21T08:16:30.000Z</time>
      </trkpt>
      <trkpt lat="39.37508457340300083160400390625" lon="8.53270911611616611480712890625">
        <ele>611.4000244140625</ele>
        <time>2026-09-21T08:16:33.000Z</time>
      </trkpt>
      <trkpt lat="39.37511290423572063446044921875" lon="8.5327655263245105743408203125">
        <ele>612.79998779296875</ele>
        <time>2026-09-21T08:16:37.000Z</time>
      </trkpt>
      <trkpt lat="39.375171661376953125" lon="8.5329236090183258056640625">
        <ele>616.20001220703125</ele>
        <time>2026-09-21T08:16:47.000Z</time>
      </trkpt>
      <trkpt lat="39.3752026744186878204345703125" lon="8.533068113029003143310546875">
        <ele>617.79998779296875</ele>
        <time>2026-09-21T08:16:56.000Z</time>
      </trkpt>
      <trkpt lat="39.3752020038664340972900390625" lon="8.53310130536556243896484375">
        <ele>617.79998779296875</ele>
        <time>2026-09-21T08:16:58.000Z</time>
      </trkpt>
      <trkpt lat="39.3752056919038295745849609375" lon="8.53316165506839752197265625">
        <ele>618</ele>
        <time>2026-09-21T08:17:02.000Z</time>
      </trkpt>
      <trkpt lat="39.37519781291484832763671875" lon="8.5333043150603771209716796875">
        <ele>617.5999755859375</ele>
        <time>2026-09-21T08:17:10.000Z</time>
      </trkpt>
      <trkpt lat="39.37520342878997325897216796875" lon="8.53344672359526157379150390625">
        <ele>618.4000244140625</ele>
        <time>2026-09-21T08:17:17.000Z</time>
      </trkpt>
      <trkpt lat="39.37518079765141010284423828125" lon="8.53361017070710659027099609375">
        <ele>618.20001220703125</ele>
        <time>2026-09-21T08:17:25.000Z</time>
      </trkpt>
      <trkpt lat="39.37515984289348125457763671875" lon="8.533680997788906097412109375">
        <ele>618</ele>
        <time>2026-09-21T08:17:29.000Z</time>
      </trkpt>
      <trkpt lat="39.37507283873856067657470703125" lon="8.533842265605926513671875">
        <ele>616.79998779296875</ele>
        <time>2026-09-21T08:17:39.000Z</time>
      </trkpt>
      <trkpt lat="39.37496337108314037322998046875" lon="8.53393547236919403076171875">
        <ele>614.79998779296875</ele>
        <time>2026-09-21T08:17:48.000Z</time>
      </trkpt>
      <trkpt lat="39.37487083487212657928466796875" lon="8.53397210128605365753173828125">
        <ele>612.79998779296875</ele>
        <time>2026-09-21T08:17:56.000Z</time>
      </trkpt>
      <trkpt lat="39.37474678270518779754638671875" lon="8.53395701386034488677978515625">
        <ele>609</ele>
        <time>2026-09-21T08:18:05.000Z</time>
      </trkpt>
      <trkpt lat="39.37471744604408740997314453125" lon="8.53394754230976104736328125">
        <ele>608</ele>
        <time>2026-09-21T08:18:07.000Z</time>
      </trkpt>
      <trkpt lat="39.3746186234056949615478515625" lon="8.5339671559631824493408203125">
        <ele>605.5999755859375</ele>
        <time>2026-09-21T08:18:14.000Z</time>
      </trkpt>
      <trkpt lat="39.374550394713878631591796875" lon="8.53402197360992431640625">
        <ele>604.5999755859375</ele>
        <time>2026-09-21T08:18:21.000Z</time>
      </trkpt>
      <trkpt lat="39.3744328804314136505126953125" lon="8.534163795411586761474609375">
        <ele>606.20001220703125</ele>
        <time>2026-09-21T08:18:33.000Z</time>
      </trkpt>
      <trkpt lat="39.37440656125545501708984375" lon="8.53425708599388599395751953125">
        <ele>608.20001220703125</ele>
        <time>2026-09-21T08:18:40.000Z</time>
      </trkpt>
      <trkpt lat="39.374387450516223907470703125" lon="8.53444165550172328948974609375">
        <ele>613.20001220703125</ele>
        <time>2026-09-21T08:18:51.000Z</time>
      </trkpt>
      <trkpt lat="39.37439491041004657745361328125" lon="8.534611053764820098876953125">
        <ele>617</ele>
        <time>2026-09-21T08:19:01.000Z</time>
      </trkpt>
      <trkpt lat="39.37438317574560642242431640625" lon="8.5346806235611438751220703125">
        <ele>618.20001220703125</ele>
        <time>2026-09-21T08:19:05.000Z</time>
      </trkpt>
      <trkpt lat="39.37438183464109897613525390625" lon="8.53470719419419765472412109375">
        <ele>618.79998779296875</ele>
        <time>2026-09-21T08:19:07.000Z</time>
      </trkpt>
      <trkpt lat="39.37438753433525562286376953125" lon="8.53474005125463008880615234375">
        <ele>619.5999755859375</ele>
        <time>2026-09-21T08:19:09.000Z</time>
      </trkpt>
      <trkpt lat="39.37435367144644260406494140625" lon="8.53481397964060306549072265625">
        <ele>620</ele>
        <time>2026-09-21T08:19:13.000Z</time>
      </trkpt>
      <trkpt lat="39.37434109859168529510498046875" lon="8.53494239039719104766845703125">
        <ele>621.5999755859375</ele>
        <time>2026-09-21T08:19:21.000Z</time>
      </trkpt>
      <trkpt lat="39.37436004169285297393798828125" lon="8.53509326465427875518798828125">
        <ele>623.4000244140625</ele>
        <time>2026-09-21T08:19:30.000Z</time>
      </trkpt>
      <trkpt lat="39.37441133894026279449462890625" lon="8.53519300930202007293701171875">
        <ele>624.5999755859375</ele>
        <time>2026-09-21T08:19:38.000Z</time>
      </trkpt>
      <trkpt lat="39.3744791485369205474853515625" lon="8.53528453968465328216552734375">
        <ele>625.4000244140625</ele>
        <time>2026-09-21T08:19:46.000Z</time>
      </trkpt>
      <trkpt lat="39.3745602853596210479736328125" lon="8.53536684997379779815673828125">
        <ele>624.5999755859375</ele>
        <time>2026-09-21T08:19:54.000Z</time>
      </trkpt>
      <trkpt lat="39.3746494688093662261962890625" lon="8.535496853291988372802734375">
        <ele>623</ele>
        <time>2026-09-21T08:20:04.000Z</time>
      </trkpt>
      <trkpt lat="39.37466179020702838897705078125" lon="8.53555460460484027862548828125">
        <ele>622.4000244140625</ele>
        <time>2026-09-21T08:20:09.000Z</time>
      </trkpt>
      <trkpt lat="39.37466380186378955841064453125" lon="8.535558544099330902099609375">
        <ele>622.4000244140625</ele>
        <time>2026-09-21T08:20:11.000Z</time>
      </trkpt>
      <trkpt lat="39.37465759925544261932373046875" lon="8.5355818457901477813720703125">
        <ele>622.20001220703125</ele>
        <time>2026-09-21T08:20:18.000Z</time>
      </trkpt>
      <trkpt lat="39.37465625815093517303466796875" lon="8.5356180556118488311767578125">
        <ele>621.5999755859375</ele>
        <time>2026-09-21T08:20:24.000Z</time>
      </trkpt>
      <trkpt lat="39.3746658973395824432373046875" lon="8.5357260145246982574462890625">
        <ele>620</ele>
        <time>2026-09-21T08:20:31.000Z</time>
      </trkpt>
      <trkpt lat="39.374665059149265289306640625" lon="8.53577253408730030059814453125">
        <ele>619.4000244140625</ele>
        <time>2026-09-21T08:20:34.000Z</time>
      </trkpt>
      <trkpt lat="39.37465223483741283416748046875" lon="8.53584512136876583099365234375">
        <ele>618.79998779296875</ele>
        <time>2026-09-21T08:20:39.000Z</time>
      </trkpt>
      <trkpt lat="39.37466816045343875885009765625" lon="8.53602365590631961822509765625">
        <ele>616.4000244140625</ele>
        <time>2026-09-21T08:20:50.000Z</time>
      </trkpt>
      <trkpt lat="39.37468743883073329925537109375" lon="8.53614150546491146087646484375">
        <ele>614.79998779296875</ele>
        <time>2026-09-21T08:20:58.000Z</time>
      </trkpt>
      <trkpt lat="39.3746741116046905517578125" lon="8.53628852404654026031494140625">
        <ele>614</ele>
        <time>2026-09-21T08:21:07.000Z</time>
      </trkpt>
      <trkpt lat="39.37462641857564449310302734375" lon="8.5364753566682338714599609375">
        <ele>614.20001220703125</ele>
        <time>2026-09-21T08:21:18.000Z</time>
      </trkpt>
      <trkpt lat="39.37460529617965221405029296875" lon="8.53660368360579013824462890625">
        <ele>614.4000244140625</ele>
        <time>2026-09-21T08:21:26.000Z</time>
      </trkpt>
      <trkpt lat="39.37460999004542827606201171875" lon="8.53676025755703449249267578125">
        <ele>614.20001220703125</ele>
        <time>2026-09-21T08:21:36.000Z</time>
      </trkpt>
      <trkpt lat="39.37463614158332347869873046875" lon="8.53694516234099864959716796875">
        <ele>612.79998779296875</ele>
        <time>2026-09-21T08:21:47.000Z</time>
      </trkpt>
      <trkpt lat="39.3746258318424224853515625" lon="8.5370345972478389739990234375">
        <ele>613</ele>
        <time>2026-09-21T08:21:52.000Z</time>
      </trkpt>
      <trkpt lat="39.3746266700327396392822265625" lon="8.5370848886668682098388671875">
        <ele>612.79998779296875</ele>
        <time>2026-09-21T08:21:55.000Z</time>
      </trkpt>
      <trkpt lat="39.37462641857564449310302734375" lon="8.5371023230254650115966796875">
        <ele>612.5999755859375</ele>
        <time>2026-09-21T08:21:56.000Z</time>
      </trkpt>
      <trkpt lat="39.3746380694210529327392578125" lon="8.53716644458472728729248046875">
        <ele>612</ele>
        <time>2026-09-21T08:22:00.000Z</time>
      </trkpt>
      <trkpt lat="39.3746427632868289947509765625" lon="8.537295274436473846435546875">
        <ele>611.5999755859375</ele>
        <time>2026-09-21T08:22:08.000Z</time>
      </trkpt>
      <trkpt lat="39.37463781796395778656005859375" lon="8.53740382008254528045654296875">
        <ele>611.4000244140625</ele>
        <time>2026-09-21T08:22:16.000Z</time>
      </trkpt>
      <trkpt lat="39.37462490983307361602783203125" lon="8.53760498575866222381591796875">
        <ele>611.20001220703125</ele>
        <time>2026-09-21T08:22:28.000Z</time>
      </trkpt>
      <trkpt lat="39.37463128007948398590087890625" lon="8.5377051495015621185302734375">
        <ele>610.5999755859375</ele>
        <time>2026-09-21T08:22:33.000Z</time>
      </trkpt>
      <trkpt lat="39.3746327050030231475830078125" lon="8.53778176009654998779296875">
        <ele>610.20001220703125</ele>
        <time>2026-09-21T08:22:38.000Z</time>
      </trkpt>
      <trkpt lat="39.374633543193340301513671875" lon="8.53782065212726593017578125">
        <ele>610.20001220703125</ele>
        <time>2026-09-21T08:22:40.000Z</time>
      </trkpt>
      <trkpt lat="39.3745881132781505584716796875" lon="8.53803464211523532867431640625">
        <ele>611.5999755859375</ele>
        <time>2026-09-21T08:22:53.000Z</time>
      </trkpt>
      <trkpt lat="39.374530278146266937255859375" lon="8.53820848278701305389404296875">
        <ele>613.20001220703125</ele>
        <time>2026-09-21T08:23:05.000Z</time>
      </trkpt>
      <trkpt lat="39.37454176135361194610595703125" lon="8.5383518971502780914306640625">
        <ele>612.20001220703125</ele>
        <time>2026-09-21T08:23:15.000Z</time>
      </trkpt>
      <trkpt lat="39.37455433420836925506591796875" lon="8.538487851619720458984375">
        <ele>610.79998779296875</ele>
        <time>2026-09-21T08:23:23.000Z</time>
      </trkpt>
      <trkpt lat="39.37455031089484691619873046875" lon="8.53850302286446094512939453125">
        <ele>610.79998779296875</ele>
        <time>2026-09-21T08:23:24.000Z</time>
      </trkpt>
      <trkpt lat="39.37455349601805210113525390625" lon="8.5386046953499317169189453125">
        <ele>610.4000244140625</ele>
        <time>2026-09-21T08:23:31.000Z</time>
      </trkpt>
      <trkpt lat="39.37455366365611553192138671875" lon="8.53862036950886249542236328125">
        <ele>610.4000244140625</ele>
        <time>2026-09-21T08:23:32.000Z</time>
      </trkpt>
      <trkpt lat="39.3745579384267330169677734375" lon="8.5386385582387447357177734375">
        <ele>610.20001220703125</ele>
        <time>2026-09-21T08:23:33.000Z</time>
      </trkpt>
      <trkpt lat="39.3745589442551136016845703125" lon="8.5386539809405803680419921875">
        <ele>610</ele>
        <time>2026-09-21T08:23:34.000Z</time>
      </trkpt>
      <trkpt lat="39.374570511281490325927734375" lon="8.538705445826053619384765625">
        <ele>609.5999755859375</ele>
        <time>2026-09-21T08:23:37.000Z</time>
      </trkpt>
      <trkpt lat="39.3745981715619564056396484375" lon="8.53878297843039035797119140625">
        <ele>608.5999755859375</ele>
        <time>2026-09-21T08:23:41.000Z</time>
      </trkpt>
      <trkpt lat="39.3746655620634555816650390625" lon="8.538943491876125335693359375">
        <ele>606</ele>
        <time>2026-09-21T08:23:51.000Z</time>
      </trkpt>
      <trkpt lat="39.3747285939753055572509765625" lon="8.53900845162570476531982421875">
        <ele>603.4000244140625</ele>
        <time>2026-09-21T08:23:56.000Z</time>
      </trkpt>
      <trkpt lat="39.37477402389049530029296875" lon="8.53907701559364795684814453125">
        <ele>601.5999755859375</ele>
        <time>2026-09-21T08:24:01.000Z</time>
      </trkpt>
      <trkpt lat="39.374829344451427459716796875" lon="8.53920374996960163116455078125">
        <ele>599.5999755859375</ele>
        <time>2026-09-21T08:24:10.000Z</time>
      </trkpt>
      <trkpt lat="39.37485859729349613189697265625" lon="8.5392777621746063232421875">
        <ele>599</ele>
        <time>2026-09-21T08:24:15.000Z</time>
      </trkpt>
      <trkpt lat="39.3748606927692890167236328125" lon="8.539307601749897003173828125">
        <ele>599.20001220703125</ele>
        <time>2026-09-21T08:24:17.000Z</time>
      </trkpt>
      <trkpt lat="39.374857507646083831787109375" lon="8.5393355973064899444580078125">
        <ele>599.79998779296875</ele>
        <time>2026-09-21T08:24:19.000Z</time>
      </trkpt>
      <trkpt lat="39.3748559989035129547119140625" lon="8.53943425230681896209716796875">
        <ele>600.79998779296875</ele>
        <time>2026-09-21T08:24:26.000Z</time>
      </trkpt>
      <trkpt lat="39.37487519346177577972412109375" lon="8.5395867191255092620849609375">
        <ele>601.20001220703125</ele>
        <time>2026-09-21T08:24:35.000Z</time>
      </trkpt>
      <trkpt lat="39.3749208748340606689453125" lon="8.53970850817859172821044921875">
        <ele>600</ele>
        <time>2026-09-21T08:24:41.000Z</time>
      </trkpt>
      <trkpt lat="39.37493118457496166229248046875" lon="8.5397600568830966949462890625">
        <ele>599.79998779296875</ele>
        <time>2026-09-21T08:24:44.000Z</time>
      </trkpt>
      <trkpt lat="39.37497996725142002105712890625" lon="8.53992258198559284210205078125">
        <ele>598</ele>
        <time>2026-09-21T08:24:54.000Z</time>
      </trkpt>
      <trkpt lat="39.37501550652086734771728515625" lon="8.54001109488308429718017578125">
        <ele>596.79998779296875</ele>
        <time>2026-09-21T08:24:59.000Z</time>
      </trkpt>
      <trkpt lat="39.37501751817762851715087890625" lon="8.54005920700728893280029296875">
        <ele>598</ele>
        <time>2026-09-21T08:25:02.000Z</time>
      </trkpt>
      <trkpt lat="39.37502053566277027130126953125" lon="8.5400926508009433746337890625">
        <ele>598.20001220703125</ele>
        <time>2026-09-21T08:25:04.000Z</time>
      </trkpt>
      <trkpt lat="39.3750263191759586334228515625" lon="8.54021108709275722503662109375">
        <ele>599</ele>
        <time>2026-09-21T08:25:11.000Z</time>
      </trkpt>
      <trkpt lat="39.37502204440534114837646484375" lon="8.540227599442005157470703125">
        <ele>599.20001220703125</ele>
        <time>2026-09-21T08:25:12.000Z</time>
      </trkpt>
      <trkpt lat="39.3750147521495819091796875" lon="8.54034670628607273101806640625">
        <ele>600.79998779296875</ele>
        <time>2026-09-21T08:25:20.000Z</time>
      </trkpt>
      <trkpt lat="39.37502791173756122589111328125" lon="8.5404632985591888427734375">
        <ele>602.20001220703125</ele>
        <time>2026-09-21T08:25:28.000Z</time>
      </trkpt>
      <trkpt lat="39.37510133720934391021728515625" lon="8.54054820723831653594970703125">
        <ele>601.79998779296875</ele>
        <time>2026-09-21T08:25:36.000Z</time>
      </trkpt>
      <trkpt lat="39.375116340816020965576171875" lon="8.54056027717888355255126953125">
        <ele>601.5999755859375</ele>
        <time>2026-09-21T08:25:37.000Z</time>
      </trkpt>
      <trkpt lat="39.37524131499230861663818359375" lon="8.5406418330967426300048828125">
        <ele>601</ele>
        <time>2026-09-21T08:25:47.000Z</time>
      </trkpt>
      <trkpt lat="39.3753183446824550628662109375" lon="8.54072120971977710723876953125">
        <ele>602.79998779296875</ele>
        <time>2026-09-21T08:25:54.000Z</time>
      </trkpt>
      <trkpt lat="39.37533938325941562652587890625" lon="8.5407368838787078857421875">
        <ele>603.20001220703125</ele>
        <time>2026-09-21T08:25:56.000Z</time>
      </trkpt>
      <trkpt lat="39.37538850121200084686279296875" lon="8.5407511331140995025634765625">
        <ele>603.5999755859375</ele>
        <time>2026-09-21T08:26:00.000Z</time>
      </trkpt>
      <trkpt lat="39.3754286505281925201416015625" lon="8.54073897935450077056884765625">
        <ele>603.20001220703125</ele>
        <time>2026-09-21T08:26:03.000Z</time>
      </trkpt>
      <trkpt lat="39.37545455060899257659912109375" lon="8.54071701876819133758544921875">
        <ele>602.5999755859375</ele>
        <time>2026-09-21T08:26:05.000Z</time>
      </trkpt>
      <trkpt lat="39.3754789419472217559814453125" lon="8.54068935848772525787353515625">
        <ele>601.5999755859375</ele>
        <time>2026-09-21T08:26:07.000Z</time>
      </trkpt>
      <trkpt lat="39.375503920018672943115234375" lon="8.54066823609173297882080078125">
        <ele>601</ele>
        <time>2026-09-21T08:26:09.000Z</time>
      </trkpt>
      <trkpt lat="39.375517331063747406005859375" lon="8.5406552441418170928955078125">
        <ele>600.5999755859375</ele>
        <time>2026-09-21T08:26:10.000Z</time>
      </trkpt>
      <trkpt lat="39.37554909847676753997802734375" lon="8.540613166987895965576171875">
        <ele>599.20001220703125</ele>
        <time>2026-09-21T08:26:13.000Z</time>
      </trkpt>
      <trkpt lat="39.37560844235122203826904296875" lon="8.5405167751014232635498046875">
        <ele>596.20001220703125</ele>
        <time>2026-09-21T08:26:20.000Z</time>
      </trkpt>
      <trkpt lat="39.3756472505629062652587890625" lon="8.54046908207237720489501953125">
        <ele>594.79998779296875</ele>
        <time>2026-09-21T08:26:24.000Z</time>
      </trkpt>
      <trkpt lat="39.375654794275760650634765625" lon="8.5404557548463344573974609375">
        <ele>594.4000244140625</ele>
        <time>2026-09-21T08:26:25.000Z</time>
      </trkpt>
      <trkpt lat="39.37569745816290378570556640625" lon="8.54041577316820621490478515625">
        <ele>593.4000244140625</ele>
        <time>2026-09-21T08:26:29.000Z</time>
      </trkpt>
      <trkpt lat="39.3758105300366878509521484375" lon="8.5403219796717166900634765625">
        <ele>591.5999755859375</ele>
        <time>2026-09-21T08:26:39.000Z</time>
      </trkpt>
      <trkpt lat="39.37583827413618564605712890625" lon="8.54031083174049854278564453125">
        <ele>591.4000244140625</ele>
        <time>2026-09-21T08:26:41.000Z</time>
      </trkpt>
      <trkpt lat="39.3759768269956111907958984375" lon="8.5402840934693813323974609375">
        <ele>590.79998779296875</ele>
        <time>2026-09-21T08:26:51.000Z</time>
      </trkpt>
      <trkpt lat="39.3761359155178070068359375" lon="8.5402757115662097930908203125">
        <ele>589.20001220703125</ele>
        <time>2026-09-21T08:27:02.000Z</time>
      </trkpt>
      <trkpt lat="39.37625083141028881072998046875" lon="8.54035257361829280853271484375">
        <ele>587.20001220703125</ele>
        <time>2026-09-21T08:27:11.000Z</time>
      </trkpt>
      <trkpt lat="39.37632073648273944854736328125" lon="8.5404963232576847076416015625">
        <ele>587</ele>
        <time>2026-09-21T08:27:19.000Z</time>
      </trkpt>
      <trkpt lat="39.376344792544841766357421875" lon="8.54069757275283336639404296875">
        <ele>587.20001220703125</ele>
        <time>2026-09-21T08:27:29.000Z</time>
      </trkpt>
      <trkpt lat="39.3763107620179653167724609375" lon="8.54088113643229007720947265625">
        <ele>588.5999755859375</ele>
        <time>2026-09-21T08:27:39.000Z</time>
      </trkpt>
      <trkpt lat="39.376274384558200836181640625" lon="8.5410388000309467315673828125">
        <ele>589</ele>
        <time>2026-09-21T08:27:50.000Z</time>
      </trkpt>
      <trkpt lat="39.37623004429042339324951171875" lon="8.54117299430072307586669921875">
        <ele>589.4000244140625</ele>
        <time>2026-09-21T08:27:59.000Z</time>
      </trkpt>
      <trkpt lat="39.3762068264186382293701171875" lon="8.5412530414760112762451171875">
        <ele>589</ele>
        <time>2026-09-21T08:28:04.000Z</time>
      </trkpt>
      <trkpt lat="39.376204647123813629150390625" lon="8.5412979684770107269287109375">
        <ele>588</ele>
        <time>2026-09-21T08:28:07.000Z</time>
      </trkpt>
      <trkpt lat="39.3761297129094600677490234375" lon="8.5415135510265827178955078125">
        <ele>585.79998779296875</ele>
        <time>2026-09-21T08:28:20.000Z</time>
      </trkpt>
      <trkpt lat="39.37612007372081279754638671875" lon="8.541541881859302520751953125">
        <ele>585.4000244140625</ele>
        <time>2026-09-21T08:28:22.000Z</time>
      </trkpt>
      <trkpt lat="39.37611378729343414306640625" lon="8.541555963456630706787109375">
        <ele>585.20001220703125</ele>
        <time>2026-09-21T08:28:23.000Z</time>
      </trkpt>
      <trkpt lat="39.3760800920426845550537109375" lon="8.54164841584861278533935546875">
        <ele>583.5999755859375</ele>
        <time>2026-09-21T08:28:29.000Z</time>
      </trkpt>
      <trkpt lat="39.376049749553203582763671875" lon="8.5417143814265727996826171875">
        <ele>583.20001220703125</ele>
        <time>2026-09-21T08:28:33.000Z</time>
      </trkpt>
      <trkpt lat="39.37597699463367462158203125" lon="8.54185276664793491363525390625">
        <ele>583.20001220703125</ele>
        <time>2026-09-21T08:28:42.000Z</time>
      </trkpt>
      <trkpt lat="39.37587565742433071136474609375" lon="8.5419975221157073974609375">
        <ele>583</ele>
        <time>2026-09-21T08:28:52.000Z</time>
      </trkpt>
      <trkpt lat="39.37586325220763683319091796875" lon="8.54201034642755985260009765625">
        <ele>583.20001220703125</ele>
        <time>2026-09-21T08:28:53.000Z</time>
      </trkpt>
      <trkpt lat="39.3757287226617336273193359375" lon="8.54210858233273029327392578125">
        <ele>586.5999755859375</ele>
        <time>2026-09-21T08:29:03.000Z</time>
      </trkpt>
      <trkpt lat="39.37562352977693080902099609375" lon="8.542254678905010223388671875">
        <ele>586.20001220703125</ele>
        <time>2026-09-21T08:29:13.000Z</time>
      </trkpt>
      <trkpt lat="39.3755865655839443206787109375" lon="8.5422853566706180572509765625">
        <ele>586.5999755859375</ele>
        <time>2026-09-21T08:29:16.000Z</time>
      </trkpt>
      <trkpt lat="39.37555588781833648681640625" lon="8.54231075383722782135009765625">
        <ele>587</ele>
        <time>2026-09-21T08:29:19.000Z</time>
      </trkpt>
      <trkpt lat="39.3754923529922962188720703125" lon="8.54234830476343631744384765625">
        <ele>588.79998779296875</ele>
        <time>2026-09-21T08:29:24.000Z</time>
      </trkpt>
      <trkpt lat="39.37547952868044376373291015625" lon="8.5423544235527515411376953125">
        <ele>589.20001220703125</ele>
        <time>2026-09-21T08:29:25.000Z</time>
      </trkpt>
      <trkpt lat="39.37539336271584033966064453125" lon="8.54238082654774188995361328125">
        <ele>592.4000244140625</ele>
        <time>2026-09-21T08:29:32.000Z</time>
      </trkpt>
      <trkpt lat="39.37533770687878131866455078125" lon="8.542452491819858551025390625">
        <ele>593.5999755859375</ele>
        <time>2026-09-21T08:29:38.000Z</time>
      </trkpt>
      <trkpt lat="39.37532429583370685577392578125" lon="8.54247964918613433837890625">
        <ele>593.79998779296875</ele>
        <time>2026-09-21T08:29:40.000Z</time>
      </trkpt>
      <trkpt lat="39.3752727471292018890380859375" lon="8.54256707243621349334716796875">
        <ele>594.4000244140625</ele>
        <time>2026-09-21T08:29:47.000Z</time>
      </trkpt>
      <trkpt lat="39.37526847235858440399169921875" lon="8.5426038689911365509033203125">
        <ele>594</ele>
        <time>2026-09-21T08:29:49.000Z</time>
      </trkpt>
      <trkpt lat="39.37525606714189052581787109375" lon="8.5426672361791133880615234375">
        <ele>593.5999755859375</ele>
        <time>2026-09-21T08:29:53.000Z</time>
      </trkpt>
      <trkpt lat="39.375226311385631561279296875" lon="8.5428482852876186370849609375">
        <ele>591.5999755859375</ele>
        <time>2026-09-21T08:30:05.000Z</time>
      </trkpt>
      <trkpt lat="39.375211894512176513671875" lon="8.5429056175053119659423828125">
        <ele>591</ele>
        <time>2026-09-21T08:30:09.000Z</time>
      </trkpt>
      <trkpt lat="39.37520854175090789794921875" lon="8.542972169816493988037109375">
        <ele>590</ele>
        <time>2026-09-21T08:30:13.000Z</time>
      </trkpt>
      <trkpt lat="39.37520728446543216705322265625" lon="8.54311130940914154052734375">
        <ele>588</ele>
        <time>2026-09-21T08:30:21.000Z</time>
      </trkpt>
      <trkpt lat="39.37520929612219333648681640625" lon="8.54314374737441539764404296875">
        <ele>587.4000244140625</ele>
        <time>2026-09-21T08:30:23.000Z</time>
      </trkpt>
      <trkpt lat="39.375235028564929962158203125" lon="8.54327752254903316497802734375">
        <ele>584.4000244140625</ele>
        <time>2026-09-21T08:30:30.000Z</time>
      </trkpt>
      <trkpt lat="39.37524064444005489349365234375" lon="8.5432925261557102203369140625">
        <ele>583.79998779296875</ele>
        <time>2026-09-21T08:30:31.000Z</time>
      </trkpt>
      <trkpt lat="39.37527517788112163543701171875" lon="8.54344365186989307403564453125">
        <ele>580.4000244140625</ele>
        <time>2026-09-21T08:30:40.000Z</time>
      </trkpt>
      <trkpt lat="39.3752677179872989654541015625" lon="8.543605506420135498046875">
        <ele>578.4000244140625</ele>
        <time>2026-09-21T08:30:49.000Z</time>
      </trkpt>
      <trkpt lat="39.37519806437194347381591796875" lon="8.54377876035869121551513671875">
        <ele>578.5999755859375</ele>
        <time>2026-09-21T08:30:59.000Z</time>
      </trkpt>
      <trkpt lat="39.37518012709915637969970703125" lon="8.543804325163364410400390625">
        <ele>579.20001220703125</ele>
        <time>2026-09-21T08:31:01.000Z</time>
      </trkpt>
      <trkpt lat="39.375110976397991180419921875" lon="8.54390633292496204376220703125">
        <ele>581</ele>
        <time>2026-09-21T08:31:09.000Z</time>
      </trkpt>
      <trkpt lat="39.3751034326851367950439453125" lon="8.543919660151004791259765625">
        <ele>581.20001220703125</ele>
        <time>2026-09-21T08:31:10.000Z</time>
      </trkpt>
      <trkpt lat="39.3750088848173618316650390625" lon="8.544093333184719085693359375">
        <ele>580.79998779296875</ele>
        <time>2026-09-21T08:31:23.000Z</time>
      </trkpt>
      <trkpt lat="39.37498583458364009857177734375" lon="8.5441350750625133514404296875">
        <ele>580.5999755859375</ele>
        <time>2026-09-21T08:31:26.000Z</time>
      </trkpt>
      <trkpt lat="39.374975860118865966796875" lon="8.5441486537456512451171875">
        <ele>580.5999755859375</ele>
        <time>2026-09-21T08:31:27.000Z</time>
      </trkpt>
      <trkpt lat="39.37491358257830142974853515625" lon="8.5442661680281162261962890625">
        <ele>580</ele>
        <time>2026-09-21T08:31:34.000Z</time>
      </trkpt>
      <trkpt lat="39.374846108257770538330078125" lon="8.54436784051358699798583984375">
        <ele>580</ele>
        <time>2026-09-21T08:31:41.000Z</time>
      </trkpt>
      <trkpt lat="39.3748261593282222747802734375" lon="8.5443992726504802703857421875">
        <ele>579.79998779296875</ele>
        <time>2026-09-21T08:31:43.000Z</time>
      </trkpt>
      <trkpt lat="39.37481065280735492706298828125" lon="8.54441964067518711090087890625">
        <ele>579.79998779296875</ele>
        <time>2026-09-21T08:31:44.000Z</time>
      </trkpt>
      <trkpt lat="39.37470269389450550079345703125" lon="8.544592894613742828369140625">
        <ele>580.4000244140625</ele>
        <time>2026-09-21T08:31:54.000Z</time>
      </trkpt>
      <trkpt lat="39.37467017211019992828369140625" lon="8.54468442499637603759765625">
        <ele>579.79998779296875</ele>
        <time>2026-09-21T08:31:59.000Z</time>
      </trkpt>
      <trkpt lat="39.37466715462505817413330078125" lon="8.54472390376031398773193359375">
        <ele>579</ele>
        <time>2026-09-21T08:32:01.000Z</time>
      </trkpt>
      <trkpt lat="39.37466396950185298919677734375" lon="8.54474318213760852813720703125">
        <ele>578.79998779296875</ele>
        <time>2026-09-21T08:32:02.000Z</time>
      </trkpt>
      <trkpt lat="39.374663718044757843017578125" lon="8.54476413689553737640380859375">
        <ele>578.79998779296875</ele>
        <time>2026-09-21T08:32:03.000Z</time>
      </trkpt>
      <trkpt lat="39.37467168085277080535888671875" lon="8.544822894036769866943359375">
        <ele>578</ele>
        <time>2026-09-21T08:32:06.000Z</time>
      </trkpt>
      <trkpt lat="39.37467402778565883636474609375" lon="8.54488533921539783477783203125">
        <ele>577.4000244140625</ele>
        <time>2026-09-21T08:32:10.000Z</time>
      </trkpt>
      <trkpt lat="39.37468416988849639892578125" lon="8.54492775164544582366943359375">
        <ele>576.79998779296875</ele>
        <time>2026-09-21T08:32:13.000Z</time>
      </trkpt>
      <trkpt lat="39.3746836669743061065673828125" lon="8.54495323263108730316162109375">
        <ele>576.5999755859375</ele>
        <time>2026-09-21T08:32:15.000Z</time>
      </trkpt>
      <trkpt lat="39.374683834612369537353515625" lon="8.5449689067900180816650390625">
        <ele>576.4000244140625</ele>
        <time>2026-09-21T08:32:16.000Z</time>
      </trkpt>
      <trkpt lat="39.37469800002872943878173828125" lon="8.545063622295856475830078125">
        <ele>574.79998779296875</ele>
        <time>2026-09-21T08:32:21.000Z</time>
      </trkpt>
      <trkpt lat="39.3746933899819850921630859375" lon="8.54523754678666591644287109375">
        <ele>572.5999755859375</ele>
        <time>2026-09-21T08:32:31.000Z</time>
      </trkpt>
      <trkpt lat="39.3746923841536045074462890625" lon="8.5452552326023578643798828125">
        <ele>572.20001220703125</ele>
        <time>2026-09-21T08:32:32.000Z</time>
      </trkpt>
      <trkpt lat="39.374624155461788177490234375" lon="8.545471318066120147705078125">
        <ele>571.79998779296875</ele>
        <time>2026-09-21T08:32:45.000Z</time>
      </trkpt>
      <trkpt lat="39.3746082298457622528076171875" lon="8.54551901109516620635986328125">
        <ele>571.5999755859375</ele>
        <time>2026-09-21T08:32:48.000Z</time>
      </trkpt>
      <trkpt lat="39.37455198727548122406005859375" lon="8.5457091964781284332275390625">
        <ele>570.4000244140625</ele>
        <time>2026-09-21T08:32:59.000Z</time>
      </trkpt>
      <trkpt lat="39.37449507415294647216796875" lon="8.54593358002603054046630859375">
        <ele>570.5999755859375</ele>
        <time>2026-09-21T08:33:12.000Z</time>
      </trkpt>
      <trkpt lat="39.37448040582239627838134765625" lon="8.54598219506442546844482421875">
        <ele>570.79998779296875</ele>
        <time>2026-09-21T08:33:15.000Z</time>
      </trkpt>
      <trkpt lat="39.37443715520203113555908203125" lon="8.54610373266041278839111328125">
        <ele>571.20001220703125</ele>
        <time>2026-09-21T08:33:23.000Z</time>
      </trkpt>
      <trkpt lat="39.37442793510854244232177734375" lon="8.5461413674056529998779296875">
        <ele>571.20001220703125</ele>
        <time>2026-09-21T08:33:25.000Z</time>
      </trkpt>
      <trkpt lat="39.37435886822640895843505859375" lon="8.54637145064771175384521484375">
        <ele>571</ele>
        <time>2026-09-21T08:33:40.000Z</time>
      </trkpt>
      <trkpt lat="39.37435132451355457305908203125" lon="8.54646231047809123992919921875">
        <ele>570</ele>
        <time>2026-09-21T08:33:47.000Z</time>
      </trkpt>
      <trkpt lat="39.37432265840470790863037109375" lon="8.54660195298492908477783203125">
        <ele>568.79998779296875</ele>
        <time>2026-09-21T08:33:56.000Z</time>
      </trkpt>
      <trkpt lat="39.37422777526080608367919921875" lon="8.5467850975692272186279296875">
        <ele>568</ele>
        <time>2026-09-21T08:34:07.000Z</time>
      </trkpt>
      <trkpt lat="39.37421587295830249786376953125" lon="8.54679892770946025848388671875">
        <ele>568</ele>
        <time>2026-09-21T08:34:08.000Z</time>
      </trkpt>
      <trkpt lat="39.3740625679492950439453125" lon="8.54692700318992137908935546875">
        <ele>569.20001220703125</ele>
        <time>2026-09-21T08:34:19.000Z</time>
      </trkpt>
      <trkpt lat="39.373989813029766082763671875" lon="8.54701451025903224945068359375">
        <ele>569.79998779296875</ele>
        <time>2026-09-21T08:34:27.000Z</time>
      </trkpt>
      <trkpt lat="39.37398545444011688232421875" lon="8.54701769538223743438720703125">
        <ele>569.79998779296875</ele>
        <time>2026-09-21T08:34:28.000Z</time>
      </trkpt>
      <trkpt lat="39.373918734490871429443359375" lon="8.54709782637655735015869140625">
        <ele>570.4000244140625</ele>
        <time>2026-09-21T08:34:35.000Z</time>
      </trkpt>
      <trkpt lat="39.37385947443544864654541015625" lon="8.5472699068486690521240234375">
        <ele>569.5999755859375</ele>
        <time>2026-09-21T08:34:46.000Z</time>
      </trkpt>
      <trkpt lat="39.3738615699112415313720703125" lon="8.5473027639091014862060546875">
        <ele>569.4000244140625</ele>
        <time>2026-09-21T08:34:48.000Z</time>
      </trkpt>
      <trkpt lat="39.37391571700572967529296875" lon="8.54742773808538913726806640625">
        <ele>567.20001220703125</ele>
        <time>2026-09-21T08:34:56.000Z</time>
      </trkpt>
      <trkpt lat="39.374018646776676177978515625" lon="8.5475183464586734771728515625">
        <ele>564.4000244140625</ele>
        <time>2026-09-21T08:35:06.000Z</time>
      </trkpt>
      <trkpt lat="39.37402107752859592437744140625" lon="8.54755581356585025787353515625">
        <ele>564.79998779296875</ele>
        <time>2026-09-21T08:35:11.000Z</time>
      </trkpt>
      <trkpt lat="39.3740194849669933319091796875" lon="8.5475572384893894195556640625">
        <ele>564.79998779296875</ele>
        <time>2026-09-21T08:35:25.000Z</time>
      </trkpt>
      <trkpt lat="39.3740194849669933319091796875" lon="8.5475572384893894195556640625">
        <ele>564.79998779296875</ele>
        <time>2026-09-21T08:35:29.000Z</time>
      </trkpt>
      <trkpt lat="39.37405628152191638946533203125" lon="8.54760258458554744720458984375">
        <ele>564.5999755859375</ele>
        <time>2026-09-21T08:35:34.000Z</time>
      </trkpt>
      <trkpt lat="39.37408410944044589996337890625" lon="8.54764751158654689788818359375">
        <ele>564.4000244140625</ele>
        <time>2026-09-21T08:35:37.000Z</time>
      </trkpt>
      <trkpt lat="39.3741224147379398345947265625" lon="8.547745160758495330810546875">
        <ele>564.79998779296875</ele>
        <time>2026-09-21T08:35:44.000Z</time>
      </trkpt>
      <trkpt lat="39.37418838031589984893798828125" lon="8.5479005612432956695556640625">
        <ele>564.20001220703125</ele>
        <time>2026-09-21T08:35:55.000Z</time>
      </trkpt>
      <trkpt lat="39.3741901405155658721923828125" lon="8.54791355319321155548095703125">
        <ele>564.20001220703125</ele>
        <time>2026-09-21T08:35:56.000Z</time>
      </trkpt>
      <trkpt lat="39.37421604059636592864990234375" lon="8.5480081848800182342529296875">
        <ele>564.5999755859375</ele>
        <time>2026-09-21T08:36:01.000Z</time>
      </trkpt>
      <trkpt lat="39.37423582188785076141357421875" lon="8.54806727729737758636474609375">
        <ele>564.79998779296875</ele>
        <time>2026-09-21T08:36:06.000Z</time>
      </trkpt>
      <trkpt lat="39.37430673278868198394775390625" lon="8.5481935925781726837158203125">
        <ele>562</ele>
        <time>2026-09-21T08:36:13.000Z</time>
      </trkpt>
      <trkpt lat="39.3743265978991985321044921875" lon="8.54825603775680065155029296875">
        <ele>561.5999755859375</ele>
        <time>2026-09-21T08:36:16.000Z</time>
      </trkpt>
      <trkpt lat="39.3743654899299144744873046875" lon="8.54831756092607975006103515625">
        <ele>560</ele>
        <time>2026-09-21T08:36:21.000Z</time>
      </trkpt>
      <trkpt lat="39.37439524568617343902587890625" lon="8.548366092145442962646484375">
        <ele>558.79998779296875</ele>
        <time>2026-09-21T08:36:24.000Z</time>
      </trkpt>
      <trkpt lat="39.3744027055799961090087890625" lon="8.54839668609201908111572265625">
        <ele>558.5999755859375</ele>
        <time>2026-09-21T08:36:26.000Z</time>
      </trkpt>
      <trkpt lat="39.37439641915261745452880859375" lon="8.5484095104038715362548828125">
        <ele>558.79998779296875</ele>
        <time>2026-09-21T08:36:27.000Z</time>
      </trkpt>
      <trkpt lat="39.37442592345178127288818359375" lon="8.54850397445261478424072265625">
        <ele>558.20001220703125</ele>
        <time>2026-09-21T08:36:34.000Z</time>
      </trkpt>
      <trkpt lat="39.37446649186313152313232421875" lon="8.5486525855958461761474609375">
        <ele>558</ele>
        <time>2026-09-21T08:36:44.000Z</time>
      </trkpt>
      <trkpt lat="39.37445878051221370697021484375" lon="8.5487913899123668670654296875">
        <ele>559.5999755859375</ele>
        <time>2026-09-21T08:36:53.000Z</time>
      </trkpt>
      <trkpt lat="39.3744409270584583282470703125" lon="8.54892499744892120361328125">
        <ele>561.20001220703125</ele>
        <time>2026-09-21T08:37:03.000Z</time>
      </trkpt>
      <trkpt lat="39.3744353950023651123046875" lon="8.548948802053928375244140625">
        <ele>561.4000244140625</ele>
        <time>2026-09-21T08:37:12.000Z</time>
      </trkpt>
      <trkpt lat="39.374433718621730804443359375" lon="8.54899339377880096435546875">
        <ele>561.20001220703125</ele>
        <time>2026-09-21T08:37:15.000Z</time>
      </trkpt>
      <trkpt lat="39.37443740665912628173828125" lon="8.54901124723255634307861328125">
        <ele>561.20001220703125</ele>
        <time>2026-09-21T08:37:16.000Z</time>
      </trkpt>
      <trkpt lat="39.37445324845612049102783203125" lon="8.54915927164256572723388671875">
        <ele>560.20001220703125</ele>
        <time>2026-09-21T08:37:24.000Z</time>
      </trkpt>
      <trkpt lat="39.3744687549769878387451171875" lon="8.54935909621417522430419921875">
        <ele>559.5999755859375</ele>
        <time>2026-09-21T08:37:36.000Z</time>
      </trkpt>
      <trkpt lat="39.3744865246117115020751953125" lon="8.54947811923921108245849609375">
        <ele>559</ele>
        <time>2026-09-21T08:37:44.000Z</time>
      </trkpt>
      <trkpt lat="39.37449297867715358734130859375" lon="8.54964827187359333038330078125">
        <ele>559</ele>
        <time>2026-09-21T08:37:54.000Z</time>
      </trkpt>
      <trkpt lat="39.37449373304843902587890625" lon="8.54965548031032085418701171875">
        <ele>559</ele>
        <time>2026-09-21T08:37:59.000Z</time>
      </trkpt>
      <trkpt lat="39.37449465505778789520263671875" lon="8.54965413920581340789794921875">
        <ele>559</ele>
        <time>2026-09-21T08:38:03.000Z</time>
      </trkpt>
      <trkpt lat="39.37449515797197818756103515625" lon="8.54965195991098880767822265625">
        <ele>559</ele>
        <time>2026-09-21T08:38:06.000Z</time>
      </trkpt>
      <trkpt lat="39.37449515797197818756103515625" lon="8.54965195991098880767822265625">
        <ele>559</ele>
        <time>2026-09-21T08:38:08.000Z</time>
      </trkpt>
      <trkpt lat="39.37449515797197818756103515625" lon="8.54965195991098880767822265625">
        <ele>559</ele>
        <time>2026-09-21T08:38:11.000Z</time>
      </trkpt>
      <trkpt lat="39.3744878657162189483642578125" lon="8.54956529103219509124755859375">
        <ele>559.20001220703125</ele>
        <time>2026-09-21T08:38:19.000Z</time>
      </trkpt>
      <trkpt lat="39.37446414493024349212646484375" lon="8.549479544162750244140625">
        <ele>559.20001220703125</ele>
        <time>2026-09-21T08:38:24.000Z</time>
      </trkpt>
      <trkpt lat="39.37444268725812435150146484375" lon="8.5494123212993144989013671875">
        <ele>559.5999755859375</ele>
        <time>2026-09-21T08:38:29.000Z</time>
      </trkpt>
      <trkpt lat="39.37443145550787448883056640625" lon="8.54931198991835117340087890625">
        <ele>560.20001220703125</ele>
        <time>2026-09-21T08:38:34.000Z</time>
      </trkpt>
      <trkpt lat="39.37443028204143047332763671875" lon="8.54922448284924030303955078125">
        <ele>560.5999755859375</ele>
        <time>2026-09-21T08:38:39.000Z</time>
      </trkpt>
      <trkpt lat="39.3744285218417644500732421875" lon="8.54920000769197940826416015625">
        <ele>560.5999755859375</ele>
        <time>2026-09-21T08:38:41.000Z</time>
      </trkpt>
      <trkpt lat="39.37441737391054630279541015625" lon="8.54900906793773174285888671875">
        <ele>561.4000244140625</ele>
        <time>2026-09-21T08:38:52.000Z</time>
      </trkpt>
      <trkpt lat="39.37441863119602203369140625" lon="8.54893597774207592010498046875">
        <ele>561.79998779296875</ele>
        <time>2026-09-21T08:38:56.000Z</time>
      </trkpt>
      <trkpt lat="39.3744167871773242950439453125" lon="8.54883112013339996337890625">
        <ele>561</ele>
        <time>2026-09-21T08:39:01.000Z</time>
      </trkpt>
      <trkpt lat="39.37442131340503692626953125" lon="8.54881494306027889251708984375">
        <ele>560.79998779296875</ele>
        <time>2026-09-21T08:39:02.000Z</time>
      </trkpt>
      <trkpt lat="39.37442558817565441131591796875" lon="8.548795916140079498291015625">
        <ele>560.4000244140625</ele>
        <time>2026-09-21T08:39:03.000Z</time>
      </trkpt>
      <trkpt lat="39.37443162314593791961669921875" lon="8.5487219877541065216064453125">
        <ele>559.4000244140625</ele>
        <time>2026-09-21T08:39:08.000Z</time>
      </trkpt>
      <trkpt lat="39.3744355626404285430908203125" lon="8.54868217371404170989990234375">
        <ele>559</ele>
        <time>2026-09-21T08:39:11.000Z</time>
      </trkpt>
      <trkpt lat="39.374433048069477081298828125" lon="8.548652417957782745361328125">
        <ele>558.79998779296875</ele>
        <time>2026-09-21T08:39:13.000Z</time>
      </trkpt>
      <trkpt lat="39.37439407221972942352294921875" lon="8.54845871217548847198486328125">
        <ele>559.20001220703125</ele>
        <time>2026-09-21T08:39:24.000Z</time>
      </trkpt>
      <trkpt lat="39.37438971363008022308349609375" lon="8.548441193997859954833984375">
        <ele>559.20001220703125</ele>
        <time>2026-09-21T08:39:25.000Z</time>
      </trkpt>
      <trkpt lat="39.37438367865979671478271484375" lon="8.5484272800385951995849609375">
        <ele>559.5999755859375</ele>
        <time>2026-09-21T08:39:26.000Z</time>
      </trkpt>
      <trkpt lat="39.37431528232991695404052734375" lon="8.54827665723860263824462890625">
        <ele>562.20001220703125</ele>
        <time>2026-09-21T08:39:35.000Z</time>
      </trkpt>
      <trkpt lat="39.37424856238067150115966796875" lon="8.54811488650739192962646484375">
        <ele>564.4000244140625</ele>
        <time>2026-09-21T08:39:46.000Z</time>
      </trkpt>
      <trkpt lat="39.3742317147552967071533203125" lon="8.54805939830839633941650390625">
        <ele>564.79998779296875</ele>
        <time>2026-09-21T08:39:50.000Z</time>
      </trkpt>
      <trkpt lat="39.3742183037102222442626953125" lon="8.54801765643060207366943359375">
        <ele>564.79998779296875</ele>
        <time>2026-09-21T08:39:53.000Z</time>
      </trkpt>
      <trkpt lat="39.37418888323009014129638671875" lon="8.54792294092476367950439453125">
        <ele>564.4000244140625</ele>
        <time>2026-09-21T08:39:58.000Z</time>
      </trkpt>
      <trkpt lat="39.3741670064628124237060546875" lon="8.5478661954402923583984375">
        <ele>564.5999755859375</ele>
        <time>2026-09-21T08:40:01.000Z</time>
      </trkpt>
      <trkpt lat="39.3741472251713275909423828125" lon="8.54781297035515308380126953125">
        <ele>564.5999755859375</ele>
        <time>2026-09-21T08:40:04.000Z</time>
      </trkpt>
      <trkpt lat="39.3741294555366039276123046875" lon="8.54776485823094844818115234375">
        <ele>564.79998779296875</ele>
        <time>2026-09-21T08:40:07.000Z</time>
      </trkpt>
      <trkpt lat="39.374053180217742919921875" lon="8.54759386740624904632568359375">
        <ele>564.5999755859375</ele>
        <time>2026-09-21T08:40:19.000Z</time>
      </trkpt>
      <trkpt lat="39.37400967814028263092041015625" lon="8.547521866858005523681640625">
        <ele>564.79998779296875</ele>
        <time>2026-09-21T08:40:25.000Z</time>
      </trkpt>
      <trkpt lat="39.37400062568485736846923828125" lon="8.5475094616413116455078125">
        <ele>564.79998779296875</ele>
        <time>2026-09-21T08:40:26.000Z</time>
      </trkpt>
      <trkpt lat="39.3739849515259265899658203125" lon="8.54748205281794071197509765625">
        <ele>565.4000244140625</ele>
        <time>2026-09-21T08:40:28.000Z</time>
      </trkpt>
      <trkpt lat="39.373959638178348541259765625" lon="8.54744818992912769317626953125">
        <ele>566.20001220703125</ele>
        <time>2026-09-21T08:40:31.000Z</time>
      </trkpt>
      <trkpt lat="39.37391630373895168304443359375" lon="8.54737610556185245513916015625">
        <ele>567.5999755859375</ele>
        <time>2026-09-21T08:40:36.000Z</time>
      </trkpt>
      <trkpt lat="39.3739001266658306121826171875" lon="8.54732413776218891143798828125">
        <ele>568.4000244140625</ele>
        <time>2026-09-21T08:40:39.000Z</time>
      </trkpt>
      <trkpt lat="39.37389115802943706512451171875" lon="8.5472652129828929901123046875">
        <ele>569</ele>
        <time>2026-09-21T08:40:42.000Z</time>
      </trkpt>
      <trkpt lat="39.37388746999204158782958984375" lon="8.547242246568202972412109375">
        <ele>569.20001220703125</ele>
        <time>2026-09-21T08:40:43.000Z</time>
      </trkpt>
      <trkpt lat="39.37388545833528041839599609375" lon="8.54721835814416408538818359375">
        <ele>569.4000244140625</ele>
        <time>2026-09-21T08:40:44.000Z</time>
      </trkpt>
      <trkpt lat="39.37391093932092189788818359375" lon="8.54712414555251598358154296875">
        <ele>570.20001220703125</ele>
        <time>2026-09-21T08:40:49.000Z</time>
      </trkpt>
      <trkpt lat="39.3739472329616546630859375" lon="8.5470593534409999847412109375">
        <ele>570.20001220703125</ele>
        <time>2026-09-21T08:40:53.000Z</time>
      </trkpt>
      <trkpt lat="39.37396625988185405731201171875" lon="8.5470348782837390899658203125">
        <ele>570</ele>
        <time>2026-09-21T08:40:55.000Z</time>
      </trkpt>
      <trkpt lat="39.37399861402809619903564453125" lon="8.5469929687678813934326171875">
        <ele>569.79998779296875</ele>
        <time>2026-09-21T08:40:59.000Z</time>
      </trkpt>
      <trkpt lat="39.37406726181507110595703125" lon="8.54690554551780223846435546875">
        <ele>569.5999755859375</ele>
        <time>2026-09-21T08:41:07.000Z</time>
      </trkpt>
      <trkpt lat="39.37413473613560199737548828125" lon="8.54685123078525066375732421875">
        <ele>568.79998779296875</ele>
        <time>2026-09-21T08:41:13.000Z</time>
      </trkpt>
      <trkpt lat="39.37415887601673603057861328125" lon="8.54682491160929203033447265625">
        <ele>568.79998779296875</ele>
        <time>2026-09-21T08:41:15.000Z</time>
      </trkpt>
      <trkpt lat="39.374171197414398193359375" lon="8.54681619442999362945556640625">
        <ele>568.5999755859375</ele>
        <time>2026-09-21T08:41:16.000Z</time>
      </trkpt>
      <trkpt lat="39.37427421100437641143798828125" lon="8.5467066429555416107177734375">
        <ele>568</ele>
        <time>2026-09-21T08:41:25.000Z</time>
      </trkpt>
      <trkpt lat="39.3743125163018703460693359375" lon="8.54662156663835048675537109375">
        <ele>568.5999755859375</ele>
        <time>2026-09-21T08:41:32.000Z</time>
      </trkpt>
      <trkpt lat="39.37432684935629367828369140625" lon="8.54651344008743762969970703125">
        <ele>570</ele>
        <time>2026-09-21T08:41:39.000Z</time>
      </trkpt>
      <trkpt lat="39.3743178807199001312255859375" lon="8.5465024597942829132080078125">
        <ele>570.5999755859375</ele>
        <time>2026-09-21T08:41:40.000Z</time>
      </trkpt>
      <trkpt lat="39.37429164536297321319580078125" lon="8.54650237597525119781494140625">
        <ele>571.4000244140625</ele>
        <time>2026-09-21T08:41:43.000Z</time>
      </trkpt>
      <trkpt lat="39.3742825090885162353515625" lon="8.54650991968810558319091796875">
        <ele>571.5999755859375</ele>
        <time>2026-09-21T08:41:44.000Z</time>
      </trkpt>
      <trkpt lat="39.37417748384177684783935546875" lon="8.5466285236179828643798828125">
        <ele>572</ele>
        <time>2026-09-21T08:41:54.000Z</time>
      </trkpt>
      <trkpt lat="39.37408193014562129974365234375" lon="8.546733967959880828857421875">
        <ele>572.20001220703125</ele>
        <time>2026-09-21T08:42:02.000Z</time>
      </trkpt>
      <trkpt lat="39.37399341724812984466552734375" lon="8.5468021966516971588134765625">
        <ele>573.20001220703125</ele>
        <time>2026-09-21T08:42:09.000Z</time>
      </trkpt>
      <trkpt lat="39.37396726571023464202880859375" lon="8.54682725854218006134033203125">
        <ele>573.4000244140625</ele>
        <time>2026-09-21T08:42:11.000Z</time>
      </trkpt>
      <trkpt lat="39.37393155880272388458251953125" lon="8.54688190855085849761962890625">
        <ele>573.4000244140625</ele>
        <time>2026-09-21T08:42:15.000Z</time>
      </trkpt>
      <trkpt lat="39.37389560043811798095703125" lon="8.54691778309643268585205078125">
        <ele>573.5999755859375</ele>
        <time>2026-09-21T08:42:18.000Z</time>
      </trkpt>
      <trkpt lat="39.37378621660172939300537109375" lon="8.54702926240861415863037109375">
        <ele>573.5999755859375</ele>
        <time>2026-09-21T08:42:27.000Z</time>
      </trkpt>
      <trkpt lat="39.37375017441809177398681640625" lon="8.54706999845802783966064453125">
        <ele>573.4000244140625</ele>
        <time>2026-09-21T08:42:31.000Z</time>
      </trkpt>
      <trkpt lat="39.3737033195793628692626953125" lon="8.5470982454717159271240234375">
        <ele>573.5999755859375</ele>
        <time>2026-09-21T08:42:34.000Z</time>
      </trkpt>
      <trkpt lat="39.3735993839800357818603515625" lon="8.54708123020827770233154296875">
        <ele>575</ele>
        <time>2026-09-21T08:42:41.000Z</time>
      </trkpt>
      <trkpt lat="39.37353752553462982177734375" lon="8.5470549948513507843017578125">
        <ele>575.79998779296875</ele>
        <time>2026-09-21T08:42:46.000Z</time>
      </trkpt>
      <trkpt lat="39.37350978143513202667236328125" lon="8.54704284109175205230712890625">
        <ele>576</ele>
        <time>2026-09-21T08:42:48.000Z</time>
      </trkpt>
      <trkpt lat="39.37346368096768856048583984375" lon="8.5470439307391643524169921875">
        <ele>576.20001220703125</ele>
        <time>2026-09-21T08:42:52.000Z</time>
      </trkpt>
      <trkpt lat="39.37343250028789043426513671875" lon="8.54703412391245365142822265625">
        <ele>576.4000244140625</ele>
        <time>2026-09-21T08:42:55.000Z</time>
      </trkpt>
      <trkpt lat="39.37340936623513698577880859375" lon="8.54700227268040180206298828125">
        <ele>577</ele>
        <time>2026-09-21T08:42:58.000Z</time>
      </trkpt>
      <trkpt lat="39.3733410537242889404296875" lon="8.54686095379292964935302734375">
        <ele>578.79998779296875</ele>
        <time>2026-09-21T08:43:07.000Z</time>
      </trkpt>
      <trkpt lat="39.3733019940555095672607421875" lon="8.546717874705791473388671875">
        <ele>580.5999755859375</ele>
        <time>2026-09-21T08:43:16.000Z</time>
      </trkpt>
      <trkpt lat="39.3732610903680324554443359375" lon="8.54662500321865081787109375">
        <ele>582.20001220703125</ele>
        <time>2026-09-21T08:43:22.000Z</time>
      </trkpt>
      <trkpt lat="39.37325363047420978546142578125" lon="8.54658368043601512908935546875">
        <ele>582.79998779296875</ele>
        <time>2026-09-21T08:43:25.000Z</time>
      </trkpt>
      <trkpt lat="39.37328380532562732696533203125" lon="8.54641520418226718902587890625">
        <ele>584.20001220703125</ele>
        <time>2026-09-21T08:43:35.000Z</time>
      </trkpt>
      <trkpt lat="39.373312555253505706787109375" lon="8.54631965048611164093017578125">
        <ele>586.20001220703125</ele>
        <time>2026-09-21T08:43:42.000Z</time>
      </trkpt>
      <trkpt lat="39.373328648507595062255859375" lon="8.54628729633986949920654296875">
        <ele>587.20001220703125</ele>
        <time>2026-09-21T08:43:45.000Z</time>
      </trkpt>
      <trkpt lat="39.37332672066986560821533203125" lon="8.5462476499378681182861328125">
        <ele>588</ele>
        <time>2026-09-21T08:43:48.000Z</time>
      </trkpt>
      <trkpt lat="39.37330744229257106781005859375" lon="8.54618109762668609619140625">
        <ele>589.5999755859375</ele>
        <time>2026-09-21T08:43:54.000Z</time>
      </trkpt>
      <trkpt lat="39.3732460029423236846923828125" lon="8.54614086449146270751953125">
        <ele>590.5999755859375</ele>
        <time>2026-09-21T08:44:02.000Z</time>
      </trkpt>
      <trkpt lat="39.373225383460521697998046875" lon="8.5461262799799442291259765625">
        <ele>591</ele>
        <time>2026-09-21T08:44:04.000Z</time>
      </trkpt>
      <trkpt lat="39.37319554388523101806640625" lon="8.54608185589313507080078125">
        <ele>592</ele>
        <time>2026-09-21T08:44:08.000Z</time>
      </trkpt>
      <trkpt lat="39.37319026328623294830322265625" lon="8.54607422836124897003173828125">
        <ele>592.20001220703125</ele>
        <time>2026-09-21T08:44:09.000Z</time>
      </trkpt>
      <trkpt lat="39.3731836415827274322509765625" lon="8.5460605658590793609619140625">
        <ele>592.5999755859375</ele>
        <time>2026-09-21T08:44:11.000Z</time>
      </trkpt>
      <trkpt lat="39.37314994633197784423828125" lon="8.5459958575665950775146484375">
        <ele>594.20001220703125</ele>
        <time>2026-09-21T08:44:16.000Z</time>
      </trkpt>
      <trkpt lat="39.37313628382980823516845703125" lon="8.54595704935491085052490234375">
        <ele>595.20001220703125</ele>
        <time>2026-09-21T08:44:20.000Z</time>
      </trkpt>
      <trkpt lat="39.373108707368373870849609375" lon="8.5458935983479022979736328125">
        <ele>597.4000244140625</ele>
        <time>2026-09-21T08:44:27.000Z</time>
      </trkpt>
      <trkpt lat="39.373087584972381591796875" lon="8.54585252702236175537109375">
        <ele>598.79998779296875</ele>
        <time>2026-09-21T08:44:31.000Z</time>
      </trkpt>
      <trkpt lat="39.373067803680896759033203125" lon="8.545811958611011505126953125">
        <ele>600</ele>
        <time>2026-09-21T08:44:36.000Z</time>
      </trkpt>
      <trkpt lat="39.3730538897216320037841796875" lon="8.54579259641468524932861328125">
        <ele>600.5999755859375</ele>
        <time>2026-09-21T08:44:39.000Z</time>
      </trkpt>
      <trkpt lat="39.3730240501463413238525390625" lon="8.54574448429048061370849609375">
        <ele>602</ele>
        <time>2026-09-21T08:44:44.000Z</time>
      </trkpt>
      <trkpt lat="39.3729908578097820281982421875" lon="8.5456801950931549072265625">
        <ele>604.5999755859375</ele>
        <time>2026-09-21T08:44:50.000Z</time>
      </trkpt>
      <trkpt lat="39.37292019836604595184326171875" lon="8.54562194086611270904541015625">
        <ele>607.20001220703125</ele>
        <time>2026-09-21T08:44:58.000Z</time>
      </trkpt>
      <trkpt lat="39.37289086170494556427001953125" lon="8.545636273920536041259765625">
        <ele>606.79998779296875</ele>
        <time>2026-09-21T08:45:01.000Z</time>
      </trkpt>
      <trkpt lat="39.37286973930895328521728515625" lon="8.54566209018230438232421875">
        <ele>605.79998779296875</ele>
        <time>2026-09-21T08:45:03.000Z</time>
      </trkpt>
      <trkpt lat="39.3728574179112911224365234375" lon="8.5456843860447406768798828125">
        <ele>605</ele>
        <time>2026-09-21T08:45:05.000Z</time>
      </trkpt>
      <trkpt lat="39.37280888669192790985107421875" lon="8.545801229774951934814453125">
        <ele>602.4000244140625</ele>
        <time>2026-09-21T08:45:15.000Z</time>
      </trkpt>
      <trkpt lat="39.3727618642151355743408203125" lon="8.54587608017027378082275390625">
        <ele>601.20001220703125</ele>
        <time>2026-09-21T08:45:22.000Z</time>
      </trkpt>
      <trkpt lat="39.37272976152598857879638671875" lon="8.54594615288078784942626953125">
        <ele>601.4000244140625</ele>
        <time>2026-09-21T08:45:27.000Z</time>
      </trkpt>
      <trkpt lat="39.37271383590996265411376953125" lon="8.5459636710584163665771484375">
        <ele>602</ele>
        <time>2026-09-21T08:45:29.000Z</time>
      </trkpt>
      <trkpt lat="39.372705705463886260986328125" lon="8.54597213678061962127685546875">
        <ele>602.20001220703125</ele>
        <time>2026-09-21T08:45:30.000Z</time>
      </trkpt>
      <trkpt lat="39.3726824037730693817138671875" lon="8.54601941071450710296630859375">
        <ele>602.79998779296875</ele>
        <time>2026-09-21T08:45:34.000Z</time>
      </trkpt>
      <trkpt lat="39.372666813433170318603515625" lon="8.54607104323804378509521484375">
        <ele>603</ele>
        <time>2026-09-21T08:45:38.000Z</time>
      </trkpt>
      <trkpt lat="39.37264711596071720123291015625" lon="8.5461468994617462158203125">
        <ele>603.5999755859375</ele>
        <time>2026-09-21T08:45:43.000Z</time>
      </trkpt>
      <trkpt lat="39.37265030108392238616943359375" lon="8.54625678621232509613037109375">
        <ele>603.79998779296875</ele>
        <time>2026-09-21T08:45:49.000Z</time>
      </trkpt>
      <trkpt lat="39.37269237823784351348876953125" lon="8.5463847778737545013427734375">
        <ele>602</ele>
        <time>2026-09-21T08:45:57.000Z</time>
      </trkpt>
      <trkpt lat="39.372738562524318695068359375" lon="8.5464883781969547271728515625">
        <ele>600.4000244140625</ele>
        <time>2026-09-21T08:46:04.000Z</time>
      </trkpt>
      <trkpt lat="39.3727548234164714813232421875" lon="8.54654881171882152557373046875">
        <ele>600</ele>
        <time>2026-09-21T08:46:09.000Z</time>
      </trkpt>
      <trkpt lat="39.37276060692965984344482421875" lon="8.546600528061389923095703125">
        <ele>599.79998779296875</ele>
        <time>2026-09-21T08:46:12.000Z</time>
      </trkpt>
      <trkpt lat="39.37274987809360027313232421875" lon="8.546648807823657989501953125">
        <ele>600.5999755859375</ele>
        <time>2026-09-21T08:46:15.000Z</time>
      </trkpt>
      <trkpt lat="39.37272607348859310150146484375" lon="8.546687699854373931884765625">
        <ele>601.20001220703125</ele>
        <time>2026-09-21T08:46:18.000Z</time>
      </trkpt>
      <trkpt lat="39.37272624112665653228759765625" lon="8.54670655913650989532470703125">
        <ele>601</ele>
        <time>2026-09-21T08:46:20.000Z</time>
      </trkpt>
      <trkpt lat="39.3727088905870914459228515625" lon="8.54672214947640895843505859375">
        <ele>601.20001220703125</ele>
        <time>2026-09-21T08:46:23.000Z</time>
      </trkpt>
      <trkpt lat="39.37264795415103435516357421875" lon="8.54677747003734111785888671875">
        <ele>602</ele>
        <time>2026-09-21T08:46:30.000Z</time>
      </trkpt>
      <trkpt lat="39.3726210482418537139892578125" lon="8.5467986762523651123046875">
        <ele>602.4000244140625</ele>
        <time>2026-09-21T08:46:33.000Z</time>
      </trkpt>
      <trkpt lat="39.37254653312265872955322265625" lon="8.54684888385236263275146484375">
        <ele>604.4000244140625</ele>
        <time>2026-09-21T08:46:41.000Z</time>
      </trkpt>
      <trkpt lat="39.37250680290162563323974609375" lon="8.54685324244201183319091796875">
        <ele>605.79998779296875</ele>
        <time>2026-09-21T08:46:45.000Z</time>
      </trkpt>
      <trkpt lat="39.3724688328802585601806640625" lon="8.54683295823633670806884765625">
        <ele>607.20001220703125</ele>
        <time>2026-09-21T08:46:48.000Z</time>
      </trkpt>
      <trkpt lat="39.37241661362349987030029296875" lon="8.54680412448942661285400390625">
        <ele>609.4000244140625</ele>
        <time>2026-09-21T08:46:54.000Z</time>
      </trkpt>
      <trkpt lat="39.37240471132099628448486328125" lon="8.5467887856066226959228515625">
        <ele>610</ele>
        <time>2026-09-21T08:46:55.000Z</time>
      </trkpt>
      <trkpt lat="39.37238685786724090576171875" lon="8.54676171205937862396240234375">
        <ele>610.79998779296875</ele>
        <time>2026-09-21T08:46:57.000Z</time>
      </trkpt>
      <trkpt lat="39.37238224782049655914306640625" lon="8.54673631489276885986328125">
        <ele>611</ele>
        <time>2026-09-21T08:46:59.000Z</time>
      </trkpt>
      <trkpt lat="39.37237889505922794342041015625" lon="8.5467163659632205963134765625">
        <ele>611.20001220703125</ele>
        <time>2026-09-21T08:47:01.000Z</time>
      </trkpt>
      <trkpt lat="39.3723754584789276123046875" lon="8.54667856357991695404052734375">
        <ele>611.5999755859375</ele>
        <time>2026-09-21T08:47:04.000Z</time>
      </trkpt>
      <trkpt lat="39.37239331193268299102783203125" lon="8.5465658269822597503662109375">
        <ele>611.79998779296875</ele>
        <time>2026-09-21T08:47:12.000Z</time>
      </trkpt>
      <trkpt lat="39.37234528362751007080078125" lon="8.54647421278059482574462890625">
        <ele>614.5999755859375</ele>
        <time>2026-09-21T08:47:20.000Z</time>
      </trkpt>
      <trkpt lat="39.3723347224295139312744140625" lon="8.54646096937358379364013671875">
        <ele>615</ele>
        <time>2026-09-21T08:47:22.000Z</time>
      </trkpt>
      <trkpt lat="39.3723068945109844207763671875" lon="8.546417467296123504638671875">
        <ele>616.5999755859375</ele>
        <time>2026-09-21T08:47:26.000Z</time>
      </trkpt>
      <trkpt lat="39.37229641713201999664306640625" lon="8.54638771153986454010009765625">
        <ele>617.20001220703125</ele>
        <time>2026-09-21T08:47:28.000Z</time>
      </trkpt>
      <trkpt lat="39.3722247518599033355712890625" lon="8.54633121751248836517333984375">
        <ele>620.4000244140625</ele>
        <time>2026-09-21T08:47:36.000Z</time>
      </trkpt>
      <trkpt lat="39.37219776213169097900390625" lon="8.54639257304370403289794921875">
        <ele>620.79998779296875</ele>
        <time>2026-09-21T08:47:42.000Z</time>
      </trkpt>
      <trkpt lat="39.372146129608154296875" lon="8.546497263014316558837890625">
        <ele>621.79998779296875</ele>
        <time>2026-09-21T08:47:51.000Z</time>
      </trkpt>
      <trkpt lat="39.372138418257236480712890625" lon="8.54650405235588550567626953125">
        <ele>622</ele>
        <time>2026-09-21T08:47:52.000Z</time>
      </trkpt>
      <trkpt lat="39.372104890644550323486328125" lon="8.54650572873651981353759765625">
        <ele>623.20001220703125</ele>
        <time>2026-09-21T08:47:56.000Z</time>
      </trkpt>
      <trkpt lat="39.37207915820181369781494140625" lon="8.5465058125555515289306640625">
        <ele>624.20001220703125</ele>
        <time>2026-09-21T08:47:59.000Z</time>
      </trkpt>
      <trkpt lat="39.372049234807491302490234375" lon="8.54651327244937419891357421875">
        <ele>625.20001220703125</ele>
        <time>2026-09-21T08:48:01.000Z</time>
      </trkpt>
      <trkpt lat="39.3719997815787792205810546875" lon="8.5465383343398571014404296875">
        <ele>626.5999755859375</ele>
        <time>2026-09-21T08:48:06.000Z</time>
      </trkpt>
      <trkpt lat="39.37191554345190525054931640625" lon="8.54658653028309345245361328125">
        <ele>628.79998779296875</ele>
        <time>2026-09-21T08:48:12.000Z</time>
      </trkpt>
      <trkpt lat="39.3718784116208553314208984375" lon="8.5465792380273342132568359375">
        <ele>630</ele>
        <time>2026-09-21T08:48:16.000Z</time>
      </trkpt>
      <trkpt lat="39.37174715101718902587890625" lon="8.54664914309978485107421875">
        <ele>633</ele>
        <time>2026-09-21T08:48:28.000Z</time>
      </trkpt>
      <trkpt lat="39.37164631672203540802001953125" lon="8.54671913199126720428466796875">
        <ele>635.4000244140625</ele>
        <time>2026-09-21T08:48:37.000Z</time>
      </trkpt>
      <trkpt lat="39.37164966948330402374267578125" lon="8.546834550797939300537109375">
        <ele>635.4000244140625</ele>
        <time>2026-09-21T08:48:45.000Z</time>
      </trkpt>
      <trkpt lat="39.37164698727428913116455078125" lon="8.54687402956187725067138671875">
        <ele>635.4000244140625</ele>
        <time>2026-09-21T08:48:48.000Z</time>
      </trkpt>
      <trkpt lat="39.37163055874407291412353515625" lon="8.5469751991331577301025390625">
        <ele>636</ele>
        <time>2026-09-21T08:48:55.000Z</time>
      </trkpt>
      <trkpt lat="39.37163181602954864501953125" lon="8.5471062920987606048583984375">
        <ele>636</ele>
        <time>2026-09-21T08:49:03.000Z</time>
      </trkpt>
      <trkpt lat="39.3716403655707836151123046875" lon="8.54720410890877246856689453125">
        <ele>635.5999755859375</ele>
        <time>2026-09-21T08:49:10.000Z</time>
      </trkpt>
      <trkpt lat="39.371639192104339599609375" lon="8.54722288437187671661376953125">
        <ele>635.79998779296875</ele>
        <time>2026-09-21T08:49:11.000Z</time>
      </trkpt>
      <trkpt lat="39.371638856828212738037109375" lon="8.54729027487337589263916015625">
        <ele>636.20001220703125</ele>
        <time>2026-09-21T08:49:16.000Z</time>
      </trkpt>
      <trkpt lat="39.3716418743133544921875" lon="8.5473245568573474884033203125">
        <ele>636.20001220703125</ele>
        <time>2026-09-21T08:49:19.000Z</time>
      </trkpt>
      <trkpt lat="39.37165570445358753204345703125" lon="8.5474982298910617828369140625">
        <ele>637</ele>
        <time>2026-09-21T08:49:29.000Z</time>
      </trkpt>
      <trkpt lat="39.37162117101252079010009765625" lon="8.54766159318387508392333984375">
        <ele>639.4000244140625</ele>
        <time>2026-09-21T08:49:41.000Z</time>
      </trkpt>
      <trkpt lat="39.37155981548130512237548828125" lon="8.54775530286133289337158203125">
        <ele>641.79998779296875</ele>
        <time>2026-09-21T08:49:50.000Z</time>
      </trkpt>
      <trkpt lat="39.37153383158147335052490234375" lon="8.54779855348169803619384765625">
        <ele>642.5999755859375</ele>
        <time>2026-09-21T08:49:54.000Z</time>
      </trkpt>
      <trkpt lat="39.37149829231202602386474609375" lon="8.547848761081695556640625">
        <ele>644.5999755859375</ele>
        <time>2026-09-21T08:49:59.000Z</time>
      </trkpt>
      <trkpt lat="39.371419250965118408203125" lon="8.5479870624840259552001953125">
        <ele>648.20001220703125</ele>
        <time>2026-09-21T08:50:12.000Z</time>
      </trkpt>
      <trkpt lat="39.37138899229466915130615234375" lon="8.54805403389036655426025390625">
        <ele>649.4000244140625</ele>
        <time>2026-09-21T08:50:18.000Z</time>
      </trkpt>
      <trkpt lat="39.37137432396411895751953125" lon="8.54807834140956401824951171875">
        <ele>649.79998779296875</ele>
        <time>2026-09-21T08:50:21.000Z</time>
      </trkpt>
      <trkpt lat="39.371326379477977752685546875" lon="8.5481815226376056671142578125">
        <ele>652.5999755859375</ele>
        <time>2026-09-21T08:50:30.000Z</time>
      </trkpt>
      <trkpt lat="39.37126913107931613922119140625" lon="8.54828319512307643890380859375">
        <ele>655.5999755859375</ele>
        <time>2026-09-21T08:50:39.000Z</time>
      </trkpt>
      <trkpt lat="39.371264018118381500244140625" lon="8.54829710908234119415283203125">
        <ele>655.79998779296875</ele>
        <time>2026-09-21T08:50:40.000Z</time>
      </trkpt>
      <trkpt lat="39.37117072753608226776123046875" lon="8.5484148748219013214111328125">
        <ele>658.79998779296875</ele>
        <time>2026-09-21T08:50:51.000Z</time>
      </trkpt>
      <trkpt lat="39.37106193043291568756103515625" lon="8.54853113181889057159423828125">
        <ele>661</ele>
        <time>2026-09-21T08:51:02.000Z</time>
      </trkpt>
      <trkpt lat="39.37094257213175296783447265625" lon="8.54860187508165836334228515625">
        <ele>661.79998779296875</ele>
        <time>2026-09-21T08:51:12.000Z</time>
      </trkpt>
      <trkpt lat="39.37081868760287761688232421875" lon="8.54866390116512775421142578125">
        <ele>662.5999755859375</ele>
        <time>2026-09-21T08:51:22.000Z</time>
      </trkpt>
      <trkpt lat="39.37080435454845428466796875" lon="8.5486804135143756866455078125">
        <ele>662.5999755859375</ele>
        <time>2026-09-21T08:51:27.000Z</time>
      </trkpt>
      <trkpt lat="39.37085053883492946624755859375" lon="8.54877504520118236541748046875">
        <ele>663.79998779296875</ele>
        <time>2026-09-21T08:51:35.000Z</time>
      </trkpt>
      <trkpt lat="39.3708712421357631683349609375" lon="8.54879356920719146728515625">
        <ele>664</ele>
        <time>2026-09-21T08:51:38.000Z</time>
      </trkpt>
      <trkpt lat="39.37088104896247386932373046875" lon="8.5487984307110309600830078125">
        <ele>664.20001220703125</ele>
        <time>2026-09-21T08:51:41.000Z</time>
      </trkpt>
      <trkpt lat="39.3708814680576324462890625" lon="8.5487974248826503753662109375">
        <ele>664.20001220703125</ele>
        <time>2026-09-21T08:51:42.000Z</time>
      </trkpt>
      <trkpt lat="39.3708856590092182159423828125" lon="8.54879851453006267547607421875">
        <ele>664.20001220703125</ele>
        <time>2026-09-21T08:51:48.000Z</time>
      </trkpt>
      <trkpt lat="39.3708960525691509246826171875" lon="8.54881041683256626129150390625">
        <ele>664.4000244140625</ele>
        <time>2026-09-21T08:51:50.000Z</time>
      </trkpt>
      <trkpt lat="39.37094022519886493682861328125" lon="8.54885601438581943511962890625">
        <ele>665</ele>
        <time>2026-09-21T08:51:55.000Z</time>
      </trkpt>
      <trkpt lat="39.3709862418472766876220703125" lon="8.548899851739406585693359375">
        <ele>665.5999755859375</ele>
        <time>2026-09-21T08:52:00.000Z</time>
      </trkpt>
      <trkpt lat="39.3710851483047008514404296875" lon="8.54902247898280620574951171875">
        <ele>667.20001220703125</ele>
        <time>2026-09-21T08:52:12.000Z</time>
      </trkpt>
      <trkpt lat="39.371157400310039520263671875" lon="8.549168072640895843505859375">
        <ele>668.20001220703125</ele>
        <time>2026-09-21T08:52:22.000Z</time>
      </trkpt>
      <trkpt lat="39.37117584049701690673828125" lon="8.549277372658252716064453125">
        <ele>668.20001220703125</ele>
        <time>2026-09-21T08:52:29.000Z</time>
      </trkpt>
      <trkpt lat="39.37117491848766803741455078125" lon="8.54931031353771686553955078125">
        <ele>668.5999755859375</ele>
        <time>2026-09-21T08:52:31.000Z</time>
      </trkpt>
      <trkpt lat="39.37116838060319423675537109375" lon="8.5494109801948070526123046875">
        <ele>669.79998779296875</ele>
        <time>2026-09-21T08:52:37.000Z</time>
      </trkpt>
      <trkpt lat="39.3711652792990207672119140625" lon="8.5494424961507320404052734375">
        <ele>670.20001220703125</ele>
        <time>2026-09-21T08:52:39.000Z</time>
      </trkpt>
      <trkpt lat="39.37118933536112308502197265625" lon="8.54959110729396343231201171875">
        <ele>669.5999755859375</ele>
        <time>2026-09-21T08:52:48.000Z</time>
      </trkpt>
      <trkpt lat="39.37119193375110626220703125" lon="8.54960627853870391845703125">
        <ele>669.5999755859375</ele>
        <time>2026-09-21T08:52:49.000Z</time>
      </trkpt>
      <trkpt lat="39.37119285576045513153076171875" lon="8.54968850500881671905517578125">
        <ele>669.79998779296875</ele>
        <time>2026-09-21T08:52:53.000Z</time>
      </trkpt>
      <trkpt lat="39.371196962893009185791015625" lon="8.54979269206523895263671875">
        <ele>669.4000244140625</ele>
        <time>2026-09-21T08:52:58.000Z</time>
      </trkpt>
      <trkpt lat="39.37119537033140659332275390625" lon="8.54990710504353046417236328125">
        <ele>668.5999755859375</ele>
        <time>2026-09-21T08:53:05.000Z</time>
      </trkpt>
      <trkpt lat="39.371156394481658935546875" lon="8.550005257129669189453125">
        <ele>670</ele>
        <time>2026-09-21T08:53:12.000Z</time>
      </trkpt>
      <trkpt lat="39.37110417522490024566650390625" lon="8.55013961903750896453857421875">
        <ele>671</ele>
        <time>2026-09-21T08:53:21.000Z</time>
      </trkpt>
      <trkpt lat="39.37104583717882633209228515625" lon="8.55025411583483219146728515625">
        <ele>671.79998779296875</ele>
        <time>2026-09-21T08:53:30.000Z</time>
      </trkpt>
      <trkpt lat="39.3710140697658061981201171875" lon="8.55037280358374118804931640625">
        <ele>672.5999755859375</ele>
        <time>2026-09-21T08:53:38.000Z</time>
      </trkpt>
      <trkpt lat="39.37101163901388645172119140625" lon="8.5504872165620326995849609375">
        <ele>672.4000244140625</ele>
        <time>2026-09-21T08:53:45.000Z</time>
      </trkpt>
      <trkpt lat="39.37099479138851165771484375" lon="8.55057883076369762420654296875">
        <ele>672.79998779296875</ele>
        <time>2026-09-21T08:53:51.000Z</time>
      </trkpt>
      <trkpt lat="39.37099085189402103424072265625" lon="8.55060431174933910369873046875">
        <ele>673</ele>
        <time>2026-09-21T08:53:53.000Z</time>
      </trkpt>
      <trkpt lat="39.37099772505462169647216796875" lon="8.55071361176669597625732421875">
        <ele>672.20001220703125</ele>
        <time>2026-09-21T08:54:00.000Z</time>
      </trkpt>
      <trkpt lat="39.371003843843936920166015625" lon="8.550866581499576568603515625">
        <ele>672.20001220703125</ele>
        <time>2026-09-21T08:54:08.000Z</time>
      </trkpt>
      <trkpt lat="39.37103175558149814605712890625" lon="8.5509938187897205352783203125">
        <ele>671.4000244140625</ele>
        <time>2026-09-21T08:54:15.000Z</time>
      </trkpt>
      <trkpt lat="39.37105036340653896331787109375" lon="8.55104394257068634033203125">
        <ele>670.79998779296875</ele>
        <time>2026-09-21T08:54:19.000Z</time>
      </trkpt>
      <trkpt lat="39.37105673365294933319091796875" lon="8.55107076466083526611328125">
        <ele>670.5999755859375</ele>
        <time>2026-09-21T08:54:21.000Z</time>
      </trkpt>
      <trkpt lat="39.37106109224259853363037109375" lon="8.5510950721800327301025390625">
        <ele>670.5999755859375</ele>
        <time>2026-09-21T08:54:23.000Z</time>
      </trkpt>
      <trkpt lat="39.37107735313475131988525390625" lon="8.55115282349288463592529296875">
        <ele>670</ele>
        <time>2026-09-21T08:54:28.000Z</time>
      </trkpt>
      <trkpt lat="39.371091686189174652099609375" lon="8.55119389481842517852783203125">
        <ele>669.5999755859375</ele>
        <time>2026-09-21T08:54:31.000Z</time>
      </trkpt>
      <trkpt lat="39.37110216356813907623291015625" lon="8.551356755197048187255859375">
        <ele>669.79998779296875</ele>
        <time>2026-09-21T08:54:41.000Z</time>
      </trkpt>
      <trkpt lat="39.3710596673190593719482421875" lon="8.5515044443309307098388671875">
        <ele>672.5999755859375</ele>
        <time>2026-09-21T08:54:50.000Z</time>
      </trkpt>
      <trkpt lat="39.3710462562739849090576171875" lon="8.551533110439777374267578125">
        <ele>673.4000244140625</ele>
        <time>2026-09-21T08:54:52.000Z</time>
      </trkpt>
      <trkpt lat="39.37100996263325214385986328125" lon="8.55159957893192768096923828125">
        <ele>675.79998779296875</ele>
        <time>2026-09-21T08:54:57.000Z</time>
      </trkpt>
      <trkpt lat="39.37095732428133487701416015625" lon="8.55174257420003414154052734375">
        <ele>678.79998779296875</ele>
        <time>2026-09-21T08:55:07.000Z</time>
      </trkpt>
      <trkpt lat="39.37092279084026813507080078125" lon="8.551802001893520355224609375">
        <ele>680.5999755859375</ele>
        <time>2026-09-21T08:55:12.000Z</time>
      </trkpt>
      <trkpt lat="39.37091030180454254150390625" lon="8.5518279857933521270751953125">
        <ele>681.20001220703125</ele>
        <time>2026-09-21T08:55:14.000Z</time>
      </trkpt>
      <trkpt lat="39.3708823062479496002197265625" lon="8.55185019783675670623779296875">
        <ele>682.4000244140625</ele>
        <time>2026-09-21T08:55:17.000Z</time>
      </trkpt>
      <trkpt lat="39.37084182165563106536865234375" lon="8.55185925029218196868896484375">
        <ele>684</ele>
        <time>2026-09-21T08:55:21.000Z</time>
      </trkpt>
      <trkpt lat="39.3708031810820102691650390625" lon="8.5518541373312473297119140625">
        <ele>685.79998779296875</ele>
        <time>2026-09-21T08:55:25.000Z</time>
      </trkpt>
      <trkpt lat="39.370731599628925323486328125" lon="8.55185355059802532196044921875">
        <ele>688.4000244140625</ele>
        <time>2026-09-21T08:55:34.000Z</time>
      </trkpt>
      <trkpt lat="39.370700754225254058837890625" lon="8.5518628545105457305908203125">
        <ele>689.4000244140625</ele>
        <time>2026-09-21T08:55:38.000Z</time>
      </trkpt>
      <trkpt lat="39.3706908635795116424560546875" lon="8.551868386566638946533203125">
        <ele>689.79998779296875</ele>
        <time>2026-09-21T08:55:39.000Z</time>
      </trkpt>
      <trkpt lat="39.370666556060314178466796875" lon="8.551893197000026702880859375">
        <ele>690.20001220703125</ele>
        <time>2026-09-21T08:55:42.000Z</time>
      </trkpt>
      <trkpt lat="39.37063244171440601348876953125" lon="8.55192236602306365966796875">
        <ele>691</ele>
        <time>2026-09-21T08:55:47.000Z</time>
      </trkpt>
      <trkpt lat="39.37061685137450695037841796875" lon="8.5519339330494403839111328125">
        <ele>691.4000244140625</ele>
        <time>2026-09-21T08:55:49.000Z</time>
      </trkpt>
      <trkpt lat="39.37060344032943248748779296875" lon="8.55193368159234523773193359375">
        <ele>691.79998779296875</ele>
        <time>2026-09-21T08:55:50.000Z</time>
      </trkpt>
      <trkpt lat="39.3705651350319385528564453125" lon="8.551947176456451416015625">
        <ele>692.79998779296875</ele>
        <time>2026-09-21T08:55:53.000Z</time>
      </trkpt>
      <trkpt lat="39.3705342896282672882080078125" lon="8.55195857584476470947265625">
        <ele>693.5999755859375</ele>
        <time>2026-09-21T08:55:56.000Z</time>
      </trkpt>
      <trkpt lat="39.370433874428272247314453125" lon="8.55201423168182373046875">
        <ele>694.79998779296875</ele>
        <time>2026-09-21T08:56:05.000Z</time>
      </trkpt>
      <trkpt lat="39.3703421764075756072998046875" lon="8.55209042318165302276611328125">
        <ele>695.79998779296875</ele>
        <time>2026-09-21T08:56:14.000Z</time>
      </trkpt>
      <trkpt lat="39.3702318705618381500244140625" lon="8.552196286618709564208984375">
        <ele>697</ele>
        <time>2026-09-21T08:56:26.000Z</time>
      </trkpt>
      <trkpt lat="39.37013271264731884002685546875" lon="8.55223224498331546783447265625">
        <ele>696.5999755859375</ele>
        <time>2026-09-21T08:56:33.000Z</time>
      </trkpt>
      <trkpt lat="39.3700848519802093505859375" lon="8.5522262938320636749267578125">
        <ele>696.4000244140625</ele>
        <time>2026-09-21T08:56:37.000Z</time>
      </trkpt>
      <trkpt lat="39.37005291692912578582763671875" lon="8.55219486169517040252685546875">
        <ele>696.4000244140625</ele>
        <time>2026-09-21T08:56:40.000Z</time>
      </trkpt>
      <trkpt lat="39.36999156139791011810302734375" lon="8.552065193653106689453125">
        <ele>696</ele>
        <time>2026-09-21T08:56:49.000Z</time>
      </trkpt>
      <trkpt lat="39.3699321337044239044189453125" lon="8.552013225853443145751953125">
        <ele>695.4000244140625</ele>
        <time>2026-09-21T08:56:54.000Z</time>
      </trkpt>
      <trkpt lat="39.36990070156753063201904296875" lon="8.551963604986667633056640625">
        <ele>694.79998779296875</ele>
        <time>2026-09-21T08:56:58.000Z</time>
      </trkpt>
      <trkpt lat="39.369819648563861846923828125" lon="8.55186360888183116912841796875">
        <ele>694</ele>
        <time>2026-09-21T08:57:07.000Z</time>
      </trkpt>
      <trkpt lat="39.36976809985935688018798828125" lon="8.55180812068283557891845703125">
        <ele>693.5999755859375</ele>
        <time>2026-09-21T08:57:12.000Z</time>
      </trkpt>
      <trkpt lat="39.36971604824066162109375" lon="8.5517850704491138458251953125">
        <ele>692.79998779296875</ele>
        <time>2026-09-21T08:57:17.000Z</time>
      </trkpt>
      <trkpt lat="39.36969752423465251922607421875" lon="8.5517870821058750152587890625">
        <ele>692.4000244140625</ele>
        <time>2026-09-21T08:57:23.000Z</time>
      </trkpt>
      <trkpt lat="39.3696850351989269256591796875" lon="8.55183410458266735076904296875">
        <ele>691.79998779296875</ele>
        <time>2026-09-21T08:57:29.000Z</time>
      </trkpt>
      <trkpt lat="39.36968059279024600982666015625" lon="8.55185673572123050689697265625">
        <ele>691.5999755859375</ele>
        <time>2026-09-21T08:57:31.000Z</time>
      </trkpt>
      <trkpt lat="39.36967556364834308624267578125" lon="8.55186897329986095428466796875">
        <ele>691.4000244140625</ele>
        <time>2026-09-21T08:57:32.000Z</time>
      </trkpt>
      <trkpt lat="39.36966148205101490020751953125" lon="8.551889173686504364013671875">
        <ele>690.79998779296875</ele>
        <time>2026-09-21T08:57:34.000Z</time>
      </trkpt>
      <trkpt lat="39.36965460889041423797607421875" lon="8.55190048925578594207763671875">
        <ele>690.4000244140625</ele>
        <time>2026-09-21T08:57:35.000Z</time>
      </trkpt>
      <trkpt lat="39.36962560750544071197509765625" lon="8.55194156058132648468017578125">
        <ele>689.20001220703125</ele>
        <time>2026-09-21T08:57:39.000Z</time>
      </trkpt>
      <trkpt lat="39.36959509737789630889892578125" lon="8.55195698328316211700439453125">
        <ele>688</ele>
        <time>2026-09-21T08:57:42.000Z</time>
      </trkpt>
      <trkpt lat="39.36952653340995311737060546875" lon="8.55201330967247486114501953125">
        <ele>685.5999755859375</ele>
        <time>2026-09-21T08:57:49.000Z</time>
      </trkpt>
      <trkpt lat="39.3694379366934299468994140625" lon="8.55207659304141998291015625">
        <ele>683.20001220703125</ele>
        <time>2026-09-21T08:57:57.000Z</time>
      </trkpt>
      <trkpt lat="39.369404576718807220458984375" lon="8.55208824388682842254638671875">
        <ele>682.4000244140625</ele>
        <time>2026-09-21T08:58:05.000Z</time>
      </trkpt>
      <trkpt lat="39.36940549872815608978271484375" lon="8.55209377594292163848876953125">
        <ele>682.4000244140625</ele>
        <time>2026-09-21T08:58:09.000Z</time>
      </trkpt>
      <trkpt lat="39.36940021812915802001953125" lon="8.552093021571636199951171875">
        <ele>682.20001220703125</ele>
        <time>2026-09-21T08:58:10.000Z</time>
      </trkpt>
      <trkpt lat="39.3693930096924304962158203125" lon="8.5520935244858264923095703125">
        <ele>682</ele>
        <time>2026-09-21T08:58:11.000Z</time>
      </trkpt>
      <trkpt lat="39.36938420869410037994384765625" lon="8.55210048146545886993408203125">
        <ele>681.5999755859375</ele>
        <time>2026-09-21T08:58:12.000Z</time>
      </trkpt>
      <trkpt lat="39.369309358298778533935546875" lon="8.5521309077739715576171875">
        <ele>679</ele>
        <time>2026-09-21T08:58:19.000Z</time>
      </trkpt>
      <trkpt lat="39.36928345821797847747802734375" lon="8.55222369544208049774169921875">
        <ele>678.4000244140625</ele>
        <time>2026-09-21T08:58:25.000Z</time>
      </trkpt>
      <trkpt lat="39.36928798444569110870361328125" lon="8.55224154889583587646484375">
        <ele>678.5999755859375</ele>
        <time>2026-09-21T08:58:26.000Z</time>
      </trkpt>
      <trkpt lat="39.369287230074405670166015625" lon="8.5522594861686229705810546875">
        <ele>678.79998779296875</ele>
        <time>2026-09-21T08:58:27.000Z</time>
      </trkpt>
      <trkpt lat="39.369260407984256744384765625" lon="8.5523496754467487335205078125">
        <ele>678</ele>
        <time>2026-09-21T08:58:33.000Z</time>
      </trkpt>
      <trkpt lat="39.3691831268370151519775390625" lon="8.5524026490747928619384765625">
        <ele>676</ele>
        <time>2026-09-21T08:58:40.000Z</time>
      </trkpt>
      <trkpt lat="39.36916108243167400360107421875" lon="8.55242603458464145660400390625">
        <ele>675.4000244140625</ele>
        <time>2026-09-21T08:58:42.000Z</time>
      </trkpt>
      <trkpt lat="39.369050525128841400146484375" lon="8.5524715483188629150390625">
        <ele>671.5999755859375</ele>
        <time>2026-09-21T08:58:50.000Z</time>
      </trkpt>
      <trkpt lat="39.36896343715488910675048828125" lon="8.55253525078296661376953125">
        <ele>668.5999755859375</ele>
        <time>2026-09-21T08:58:57.000Z</time>
      </trkpt>
      <trkpt lat="39.36893292702734470367431640625" lon="8.5525545291602611541748046875">
        <ele>667.5999755859375</ele>
        <time>2026-09-21T08:58:59.000Z</time>
      </trkpt>
      <trkpt lat="39.36891817487776279449462890625" lon="8.5525548644363880157470703125">
        <ele>667</ele>
        <time>2026-09-21T08:59:00.000Z</time>
      </trkpt>
      <trkpt lat="39.36885514296591281890869140625" lon="8.5525357536971569061279296875">
        <ele>664.4000244140625</ele>
        <time>2026-09-21T08:59:05.000Z</time>
      </trkpt>
      <trkpt lat="39.36884810216724872589111328125" lon="8.55252142064273357391357421875">
        <ele>664</ele>
        <time>2026-09-21T08:59:06.000Z</time>
      </trkpt>
      <trkpt lat="39.36882195062935352325439453125" lon="8.55245922692120075225830078125">
        <ele>663</ele>
        <time>2026-09-21T08:59:11.000Z</time>
      </trkpt>
      <trkpt lat="39.36881809495389461517333984375" lon="8.5524013079702854156494140625">
        <ele>662.5999755859375</ele>
        <time>2026-09-21T08:59:15.000Z</time>
      </trkpt>
      <trkpt lat="39.36880904249846935272216796875" lon="8.55229879729449748992919921875">
        <ele>662</ele>
        <time>2026-09-21T08:59:20.000Z</time>
      </trkpt>
      <trkpt lat="39.36878741718828678131103515625" lon="8.552130572497844696044921875">
        <ele>660.79998779296875</ele>
        <time>2026-09-21T08:59:30.000Z</time>
      </trkpt>
      <trkpt lat="39.36877953819930553436279296875" lon="8.55204197578132152557373046875">
        <ele>660.20001220703125</ele>
        <time>2026-09-21T08:59:36.000Z</time>
      </trkpt>
      <trkpt lat="39.3687794543802738189697265625" lon="8.5520244576036930084228515625">
        <ele>660.20001220703125</ele>
        <time>2026-09-21T08:59:37.000Z</time>
      </trkpt>
      <trkpt lat="39.3687814660370349884033203125" lon="8.5520056821405887603759765625">
        <ele>660.20001220703125</ele>
        <time>2026-09-21T08:59:38.000Z</time>
      </trkpt>
      <trkpt lat="39.36877903528511524200439453125" lon="8.551970981061458587646484375">
        <ele>660</ele>
        <time>2026-09-21T08:59:40.000Z</time>
      </trkpt>
      <trkpt lat="39.3687821365892887115478515625" lon="8.551813401281833648681640625">
        <ele>659.4000244140625</ele>
        <time>2026-09-21T08:59:48.000Z</time>
      </trkpt>
      <trkpt lat="39.368793033063411712646484375" lon="8.5517770238220691680908203125">
        <ele>659.79998779296875</ele>
        <time>2026-09-21T08:59:50.000Z</time>
      </trkpt>
      <trkpt lat="39.36879764311015605926513671875" lon="8.551761098206043243408203125">
        <ele>660</ele>
        <time>2026-09-21T08:59:51.000Z</time>
      </trkpt>
      <trkpt lat="39.3688371218740940093994140625" lon="8.55164316482841968536376953125">
        <ele>661.20001220703125</ele>
        <time>2026-09-21T08:59:58.000Z</time>
      </trkpt>
      <trkpt lat="39.36884357593953609466552734375" lon="8.55150737799704074859619140625">
        <ele>660.4000244140625</ele>
        <time>2026-09-21T09:00:06.000Z</time>
      </trkpt>
      <trkpt lat="39.3688243813812732696533203125" lon="8.55137494392693042755126953125">
        <ele>659</ele>
        <time>2026-09-21T09:00:15.000Z</time>
      </trkpt>
      <trkpt lat="39.36884701251983642578125" lon="8.5512744449079036712646484375">
        <ele>659.4000244140625</ele>
        <time>2026-09-21T09:00:22.000Z</time>
      </trkpt>
      <trkpt lat="39.36886168085038661956787109375" lon="8.55122272856533527374267578125">
        <ele>659.79998779296875</ele>
        <time>2026-09-21T09:00:26.000Z</time>
      </trkpt>
      <trkpt lat="39.36886402778327465057373046875" lon="8.5512090660631656646728515625">
        <ele>659.79998779296875</ele>
        <time>2026-09-21T09:00:27.000Z</time>
      </trkpt>
      <trkpt lat="39.36886386014521121978759765625" lon="8.5511936433613300323486328125">
        <ele>659.79998779296875</ele>
        <time>2026-09-21T09:00:28.000Z</time>
      </trkpt>
      <trkpt lat="39.36886101029813289642333984375" lon="8.55117361061275005340576171875">
        <ele>659.5999755859375</ele>
        <time>2026-09-21T09:00:29.000Z</time>
      </trkpt>
      <trkpt lat="39.36884575523436069488525390625" lon="8.55103631503880023956298828125">
        <ele>659.20001220703125</ele>
        <time>2026-09-21T09:00:37.000Z</time>
      </trkpt>
      <trkpt lat="39.36878942884504795074462890625" lon="8.55081721208989620208740234375">
        <ele>658.79998779296875</ele>
        <time>2026-09-21T09:00:49.000Z</time>
      </trkpt>
      <trkpt lat="39.36872220598161220550537109375" lon="8.55068611912429332733154296875">
        <ele>659</ele>
        <time>2026-09-21T09:00:58.000Z</time>
      </trkpt>
      <trkpt lat="39.36861324124038219451904296875" lon="8.550616800785064697265625">
        <ele>657.20001220703125</ele>
        <time>2026-09-21T09:01:07.000Z</time>
      </trkpt>
      <trkpt lat="39.368571750819683074951171875" lon="8.5506293736398220062255859375">
        <ele>656.20001220703125</ele>
        <time>2026-09-21T09:01:10.000Z</time>
      </trkpt>
      <trkpt lat="39.36852422542870044708251953125" lon="8.55068343691527843475341796875">
        <ele>655.20001220703125</ele>
        <time>2026-09-21T09:01:15.000Z</time>
      </trkpt>
      <trkpt lat="39.3685216270387172698974609375" lon="8.55070254765450954437255859375">
        <ele>654.79998779296875</ele>
        <time>2026-09-21T09:01:16.000Z</time>
      </trkpt>
      <trkpt lat="39.368497990071773529052734375" lon="8.55078251101076602935791015625">
        <ele>653.5999755859375</ele>
        <time>2026-09-21T09:01:22.000Z</time>
      </trkpt>
      <trkpt lat="39.3684954755008220672607421875" lon="8.55079156346619129180908203125">
        <ele>653.5999755859375</ele>
        <time>2026-09-21T09:01:23.000Z</time>
      </trkpt>
      <trkpt lat="39.3684911169111728668212890625" lon="8.5508027113974094390869140625">
        <ele>653.4000244140625</ele>
        <time>2026-09-21T09:01:24.000Z</time>
      </trkpt>
      <trkpt lat="39.36846605502068996429443359375" lon="8.55088711716234683990478515625">
        <ele>652.4000244140625</ele>
        <time>2026-09-21T09:01:30.000Z</time>
      </trkpt>
      <trkpt lat="39.36845180578529834747314453125" lon="8.5509468801319599151611328125">
        <ele>651.79998779296875</ele>
        <time>2026-09-21T09:01:34.000Z</time>
      </trkpt>
      <trkpt lat="39.36844057403504848480224609375" lon="8.55097546242177486419677734375">
        <ele>651.5999755859375</ele>
        <time>2026-09-21T09:01:36.000Z</time>
      </trkpt>
      <trkpt lat="39.368412494659423828125" lon="8.5510377399623394012451171875">
        <ele>650.20001220703125</ele>
        <time>2026-09-21T09:01:40.000Z</time>
      </trkpt>
      <trkpt lat="39.36833730898797512054443359375" lon="8.551206886768341064453125">
        <ele>647.20001220703125</ele>
        <time>2026-09-21T09:01:50.000Z</time>
      </trkpt>
      <trkpt lat="39.36827377416193485260009765625" lon="8.55132934637367725372314453125">
        <ele>645.5999755859375</ele>
        <time>2026-09-21T09:01:58.000Z</time>
      </trkpt>
      <trkpt lat="39.36822767369449138641357421875" lon="8.551416434347629547119140625">
        <ele>644.79998779296875</ele>
        <time>2026-09-21T09:02:04.000Z</time>
      </trkpt>
      <trkpt lat="39.36821040697395801544189453125" lon="8.5514400713145732879638671875">
        <ele>644.5999755859375</ele>
        <time>2026-09-21T09:02:06.000Z</time>
      </trkpt>
      <trkpt lat="39.36811233870685100555419921875" lon="8.5515435039997100830078125">
        <ele>643.79998779296875</ele>
        <time>2026-09-21T09:02:15.000Z</time>
      </trkpt>
      <trkpt lat="39.368025250732898712158203125" lon="8.55164584703743457794189453125">
        <ele>641.4000244140625</ele>
        <time>2026-09-21T09:02:24.000Z</time>
      </trkpt>
      <trkpt lat="39.36800002120435237884521484375" lon="8.5516615211963653564453125">
        <ele>641.4000244140625</ele>
        <time>2026-09-21T09:02:26.000Z</time>
      </trkpt>
      <trkpt lat="39.36796330846846103668212890625" lon="8.55169597081840038299560546875">
        <ele>640.5999755859375</ele>
        <time>2026-09-21T09:02:30.000Z</time>
      </trkpt>
      <trkpt lat="39.36792240478098392486572265625" lon="8.5517505370080471038818359375">
        <ele>640</ele>
        <time>2026-09-21T09:02:35.000Z</time>
      </trkpt>
      <trkpt lat="39.3679122626781463623046875" lon="8.55177308432757854461669921875">
        <ele>640</ele>
        <time>2026-09-21T09:02:37.000Z</time>
      </trkpt>
      <trkpt lat="39.3678946606814861297607421875" lon="8.55181532911956310272216796875">
        <ele>639.5999755859375</ele>
        <time>2026-09-21T09:02:40.000Z</time>
      </trkpt>
      <trkpt lat="39.36787999235093593597412109375" lon="8.55183745734393596649169921875">
        <ele>639.4000244140625</ele>
        <time>2026-09-21T09:02:42.000Z</time>
      </trkpt>
      <trkpt lat="39.3678567744791507720947265625" lon="8.55188858695328235626220703125">
        <ele>638.4000244140625</ele>
        <time>2026-09-21T09:02:46.000Z</time>
      </trkpt>
      <trkpt lat="39.36785484664142131805419921875" lon="8.55190283618867397308349609375">
        <ele>638.20001220703125</ele>
        <time>2026-09-21T09:02:47.000Z</time>
      </trkpt>
      <trkpt lat="39.36777471564710140228271484375" lon="8.55202102102339267730712890625">
        <ele>636.79998779296875</ele>
        <time>2026-09-21T09:02:57.000Z</time>
      </trkpt>
      <trkpt lat="39.367758370935916900634765625" lon="8.5520207695662975311279296875">
        <ele>636.4000244140625</ele>
        <time>2026-09-21T09:03:02.000Z</time>
      </trkpt>
      <trkpt lat="39.36776340007781982421875" lon="8.55202269740402698516845703125">
        <ele>636.5999755859375</ele>
        <time>2026-09-21T09:03:07.000Z</time>
      </trkpt>
      <trkpt lat="39.3677726201713085174560546875" lon="8.5520197637379169464111328125">
        <ele>636.5999755859375</ele>
        <time>2026-09-21T09:03:16.000Z</time>
      </trkpt>
      <trkpt lat="39.3677488155663013458251953125" lon="8.5520304925739765167236328125">
        <ele>636.4000244140625</ele>
        <time>2026-09-21T09:03:20.000Z</time>
      </trkpt>
      <trkpt lat="39.36768603511154651641845703125" lon="8.55205555446445941925048828125">
        <ele>636</ele>
        <time>2026-09-21T09:03:23.000Z</time>
      </trkpt>
      <trkpt lat="39.36758176423609256744384765625" lon="8.55210064910352230072021484375">
        <ele>635.20001220703125</ele>
        <time>2026-09-21T09:03:30.000Z</time>
      </trkpt>
      <trkpt lat="39.36749408952891826629638671875" lon="8.55217575095593929290771484375">
        <ele>633</ele>
        <time>2026-09-21T09:03:39.000Z</time>
      </trkpt>
      <trkpt lat="39.36732946895062923431396484375" lon="8.552219085395336151123046875">
        <ele>632.4000244140625</ele>
        <time>2026-09-21T09:03:51.000Z</time>
      </trkpt>
      <trkpt lat="39.36725310981273651123046875" lon="8.552169464528560638427734375">
        <ele>632.79998779296875</ele>
        <time>2026-09-21T09:03:56.000Z</time>
      </trkpt>
      <trkpt lat="39.3672435544431209564208984375" lon="8.55215747840702533721923828125">
        <ele>632.79998779296875</ele>
        <time>2026-09-21T09:03:57.000Z</time>
      </trkpt>
      <trkpt lat="39.3672244437038898468017578125" lon="8.55213032104074954986572265625">
        <ele>632.79998779296875</ele>
        <time>2026-09-21T09:03:59.000Z</time>
      </trkpt>
      <trkpt lat="39.3671614117920398712158203125" lon="8.55205521918833255767822265625">
        <ele>633</ele>
        <time>2026-09-21T09:04:07.000Z</time>
      </trkpt>
      <trkpt lat="39.3671490065753459930419921875" lon="8.55205136351287364959716796875">
        <ele>633.20001220703125</ele>
        <time>2026-09-21T09:04:08.000Z</time>
      </trkpt>
      <trkpt lat="39.3670889921486377716064453125" lon="8.55199386365711688995361328125">
        <ele>633.4000244140625</ele>
        <time>2026-09-21T09:04:14.000Z</time>
      </trkpt>
      <trkpt lat="39.36699603684246540069580078125" lon="8.5519151575863361358642578125">
        <ele>633.5999755859375</ele>
        <time>2026-09-21T09:04:23.000Z</time>
      </trkpt>
      <trkpt lat="39.36692847870290279388427734375" lon="8.55188749730587005615234375">
        <ele>634</ele>
        <time>2026-09-21T09:04:29.000Z</time>
      </trkpt>
      <trkpt lat="39.36690299771726131439208984375" lon="8.55186981149017810821533203125">
        <ele>634</ele>
        <time>2026-09-21T09:04:31.000Z</time>
      </trkpt>
      <trkpt lat="39.36679235659539699554443359375" lon="8.5517890937626361846923828125">
        <ele>632.79998779296875</ele>
        <time>2026-09-21T09:04:41.000Z</time>
      </trkpt>
      <trkpt lat="39.36670568771660327911376953125" lon="8.55167535133659839630126953125">
        <ele>632</ele>
        <time>2026-09-21T09:04:50.000Z</time>
      </trkpt>
      <trkpt lat="39.36666394583880901336669921875" lon="8.5516217909753322601318359375">
        <ele>632.20001220703125</ele>
        <time>2026-09-21T09:04:58.000Z</time>
      </trkpt>
      <trkpt lat="39.36662136577069759368896484375" lon="8.55156160891056060791015625">
        <ele>632.5999755859375</ele>
        <time>2026-09-21T09:05:04.000Z</time>
      </trkpt>
      <trkpt lat="39.366588927805423736572265625" lon="8.55151198804378509521484375">
        <ele>633</ele>
        <time>2026-09-21T09:05:08.000Z</time>
      </trkpt>
      <trkpt lat="39.36657048761844635009765625" lon="8.55149799026548862457275390625">
        <ele>633</ele>
        <time>2026-09-21T09:05:10.000Z</time>
      </trkpt>
      <trkpt lat="39.3665389716625213623046875" lon="8.55145088396966457366943359375">
        <ele>633.4000244140625</ele>
        <time>2026-09-21T09:05:14.000Z</time>
      </trkpt>
      <trkpt lat="39.3665036000311374664306640625" lon="8.55140025727450847625732421875">
        <ele>633.5999755859375</ele>
        <time>2026-09-21T09:05:18.000Z</time>
      </trkpt>
      <trkpt lat="39.3664611876010894775390625" lon="8.55133839882910251617431640625">
        <ele>633.79998779296875</ele>
        <time>2026-09-21T09:05:23.000Z</time>
      </trkpt>
      <trkpt lat="39.36640083789825439453125" lon="8.55127821676433086395263671875">
        <ele>633.79998779296875</ele>
        <time>2026-09-21T09:05:29.000Z</time>
      </trkpt>
      <trkpt lat="39.36636127531528472900390625" lon="8.55123278684914112091064453125">
        <ele>634</ele>
        <time>2026-09-21T09:05:33.000Z</time>
      </trkpt>
      <trkpt lat="39.36634543351829051971435546875" lon="8.5512130893766880035400390625">
        <ele>634</ele>
        <time>2026-09-21T09:05:35.000Z</time>
      </trkpt>
      <trkpt lat="39.36633001081645488739013671875" lon="8.55119070969521999359130859375">
        <ele>633.79998779296875</ele>
        <time>2026-09-21T09:05:37.000Z</time>
      </trkpt>
      <trkpt lat="39.36627217568457126617431640625" lon="8.55112197808921337127685546875">
        <ele>633.20001220703125</ele>
        <time>2026-09-21T09:05:44.000Z</time>
      </trkpt>
      <trkpt lat="39.3662638776004314422607421875" lon="8.551112674176692962646484375">
        <ele>633.20001220703125</ele>
        <time>2026-09-21T09:05:45.000Z</time>
      </trkpt>
      <trkpt lat="39.36621735803782939910888671875" lon="8.55105911381542682647705078125">
        <ele>632</ele>
        <time>2026-09-21T09:05:50.000Z</time>
      </trkpt>
      <trkpt lat="39.3661646358668804168701171875" lon="8.5509978421032428741455078125">
        <ele>631</ele>
        <time>2026-09-21T09:05:55.000Z</time>
      </trkpt>
      <trkpt lat="39.36606111936271190643310546875" lon="8.550858199596405029296875">
        <ele>628.79998779296875</ele>
        <time>2026-09-21T09:06:05.000Z</time>
      </trkpt>
      <trkpt lat="39.36599758453667163848876953125" lon="8.55076205916702747344970703125">
        <ele>627.5999755859375</ele>
        <time>2026-09-21T09:06:12.000Z</time>
      </trkpt>
      <trkpt lat="39.3659859336912631988525390625" lon="8.55072182603180408477783203125">
        <ele>627.5999755859375</ele>
        <time>2026-09-21T09:06:15.000Z</time>
      </trkpt>
      <trkpt lat="39.36591963283717632293701171875" lon="8.55058151297271251678466796875">
        <ele>627</ele>
        <time>2026-09-21T09:06:27.000Z</time>
      </trkpt>
      <trkpt lat="39.3658578582108020782470703125" lon="8.55042527429759502410888671875">
        <ele>625.5999755859375</ele>
        <time>2026-09-21T09:06:37.000Z</time>
      </trkpt>
      <trkpt lat="39.36577630229294300079345703125" lon="8.55026484467089176177978515625">
        <ele>623.5999755859375</ele>
        <time>2026-09-21T09:06:46.000Z</time>
      </trkpt>
      <trkpt lat="39.36576674692332744598388671875" lon="8.55024808086454868316650390625">
        <ele>623.4000244140625</ele>
        <time>2026-09-21T09:06:47.000Z</time>
      </trkpt>
      <trkpt lat="39.3657576106488704681396484375" lon="8.5502344183623790740966796875">
        <ele>623.20001220703125</ele>
        <time>2026-09-21T09:06:48.000Z</time>
      </trkpt>
      <trkpt lat="39.3656818382441997528076171875" lon="8.55009083636105060577392578125">
        <ele>621</ele>
        <time>2026-09-21T09:06:58.000Z</time>
      </trkpt>
      <trkpt lat="39.36567588709294795989990234375" lon="8.55007968842983245849609375">
        <ele>620.79998779296875</ele>
        <time>2026-09-21T09:06:59.000Z</time>
      </trkpt>
      <trkpt lat="39.36565292067825794219970703125" lon="8.550035767257213592529296875">
        <ele>620.20001220703125</ele>
        <time>2026-09-21T09:07:03.000Z</time>
      </trkpt>
      <trkpt lat="39.36563716270029544830322265625" lon="8.549998216331005096435546875">
        <ele>619.79998779296875</ele>
        <time>2026-09-21T09:07:06.000Z</time>
      </trkpt>
      <trkpt lat="39.36563649214804172515869140625" lon="8.5499440692365169525146484375">
        <ele>619.79998779296875</ele>
        <time>2026-09-21T09:07:10.000Z</time>
      </trkpt>
      <trkpt lat="39.36564554460346698760986328125" lon="8.549805097281932830810546875">
        <ele>619.4000244140625</ele>
        <time>2026-09-21T09:07:18.000Z</time>
      </trkpt>
      <trkpt lat="39.36566968448460102081298828125" lon="8.54971515946090221405029296875">
        <ele>619.20001220703125</ele>
        <time>2026-09-21T09:07:23.000Z</time>
      </trkpt>
      <trkpt lat="39.36567873694002628326416015625" lon="8.54964827187359333038330078125">
        <ele>620</ele>
        <time>2026-09-21T09:07:26.000Z</time>
      </trkpt>
      <trkpt lat="39.36573925428092479705810546875" lon="8.5495357029139995574951171875">
        <ele>618</ele>
        <time>2026-09-21T09:07:33.000Z</time>
      </trkpt>
      <trkpt lat="39.3657928146421909332275390625" lon="8.5494492016732692718505859375">
        <ele>616</ele>
        <time>2026-09-21T09:07:41.000Z</time>
      </trkpt>
      <trkpt lat="39.3658139370381832122802734375" lon="8.54939706623554229736328125">
        <ele>616.20001220703125</ele>
        <time>2026-09-21T09:07:46.000Z</time>
      </trkpt>
      <trkpt lat="39.36583422124385833740234375" lon="8.54935993440449237823486328125">
        <ele>616.4000244140625</ele>
        <time>2026-09-21T09:07:49.000Z</time>
      </trkpt>
      <trkpt lat="39.36588627286255359649658203125" lon="8.5492631234228610992431640625">
        <ele>616.79998779296875</ele>
        <time>2026-09-21T09:07:56.000Z</time>
      </trkpt>
      <trkpt lat="39.3658917210996150970458984375" lon="8.5492475330829620361328125">
        <ele>616.4000244140625</ele>
        <time>2026-09-21T09:07:57.000Z</time>
      </trkpt>
      <trkpt lat="39.365965314209461212158203125" lon="8.549116440117359161376953125">
        <ele>615.20001220703125</ele>
        <time>2026-09-21T09:08:05.000Z</time>
      </trkpt>
      <trkpt lat="39.36603530310094356536865234375" lon="8.5490088164806365966796875">
        <ele>613.20001220703125</ele>
        <time>2026-09-21T09:08:12.000Z</time>
      </trkpt>
      <trkpt lat="39.366061203181743621826171875" lon="8.54900739155709743499755859375">
        <ele>612.79998779296875</ele>
        <time>2026-09-21T09:08:14.000Z</time>
      </trkpt>
      <trkpt lat="39.36608760617673397064208984375" lon="8.54898107238113880157470703125">
        <ele>612.5999755859375</ele>
        <time>2026-09-21T09:08:17.000Z</time>
      </trkpt>
      <trkpt lat="39.366104118525981903076171875" lon="8.54896028526127338409423828125">
        <ele>612.79998779296875</ele>
        <time>2026-09-21T09:08:19.000Z</time>
      </trkpt>
      <trkpt lat="39.36614208854734897613525390625" lon="8.54892021976411342620849609375">
        <ele>612.4000244140625</ele>
        <time>2026-09-21T09:08:23.000Z</time>
      </trkpt>
      <trkpt lat="39.36618198640644550323486328125" lon="8.5488473810255527496337890625">
        <ele>612.4000244140625</ele>
        <time>2026-09-21T09:08:30.000Z</time>
      </trkpt>
      <trkpt lat="39.36619472689926624298095703125" lon="8.54882835410535335540771484375">
        <ele>612.4000244140625</ele>
        <time>2026-09-21T09:08:32.000Z</time>
      </trkpt>
      <trkpt lat="39.366259686648845672607421875" lon="8.54874755255877971649169921875">
        <ele>611.79998779296875</ele>
        <time>2026-09-21T09:08:40.000Z</time>
      </trkpt>
      <trkpt lat="39.36628885567188262939453125" lon="8.54872249066829681396484375">
        <ele>611</ele>
        <time>2026-09-21T09:08:43.000Z</time>
      </trkpt>
      <trkpt lat="39.3663235567510128021240234375" lon="8.54866473935544490814208984375">
        <ele>609.20001220703125</ele>
        <time>2026-09-21T09:08:48.000Z</time>
      </trkpt>
      <trkpt lat="39.366387091577053070068359375" lon="8.548564575612545013427734375">
        <ele>607.20001220703125</ele>
        <time>2026-09-21T09:08:55.000Z</time>
      </trkpt>
      <trkpt lat="39.36641693115234375" lon="8.54849307797849178314208984375">
        <ele>606</ele>
        <time>2026-09-21T09:08:59.000Z</time>
      </trkpt>
      <trkpt lat="39.36643092893064022064208984375" lon="8.54845519177615642547607421875">
        <ele>605.4000244140625</ele>
        <time>2026-09-21T09:09:01.000Z</time>
      </trkpt>
      <trkpt lat="39.36643729917705059051513671875" lon="8.548433482646942138671875">
        <ele>605.20001220703125</ele>
        <time>2026-09-21T09:09:02.000Z</time>
      </trkpt>
      <trkpt lat="39.36644718982279300689697265625" lon="8.54839123785495758056640625">
        <ele>604</ele>
        <time>2026-09-21T09:09:04.000Z</time>
      </trkpt>
      <trkpt lat="39.36646881513297557830810546875" lon="8.5483203269541263580322265625">
        <ele>602.4000244140625</ele>
        <time>2026-09-21T09:09:08.000Z</time>
      </trkpt>
      <trkpt lat="39.36649647541344165802001953125" lon="8.5481821931898593902587890625">
        <ele>600.4000244140625</ele>
        <time>2026-09-21T09:09:18.000Z</time>
      </trkpt>
      <trkpt lat="39.3665287457406520843505859375" lon="8.54805872775614261627197265625">
        <ele>597.79998779296875</ele>
        <time>2026-09-21T09:09:27.000Z</time>
      </trkpt>
      <trkpt lat="39.3665317632257938385009765625" lon="8.5479109548032283782958984375">
        <ele>595</ele>
        <time>2026-09-21T09:09:36.000Z</time>
      </trkpt>
      <trkpt lat="39.36654525808990001678466796875" lon="8.5478093661367893218994140625">
        <ele>592.4000244140625</ele>
        <time>2026-09-21T09:09:42.000Z</time>
      </trkpt>
      <trkpt lat="39.36655011959373950958251953125" lon="8.54777030646800994873046875">
        <ele>591.79998779296875</ele>
        <time>2026-09-21T09:09:44.000Z</time>
      </trkpt>
      <trkpt lat="39.3665559031069278717041015625" lon="8.5477533750236034393310546875">
        <ele>591.5999755859375</ele>
        <time>2026-09-21T09:09:45.000Z</time>
      </trkpt>
      <trkpt lat="39.36655841767787933349609375" lon="8.547736443579196929931640625">
        <ele>591.4000244140625</ele>
        <time>2026-09-21T09:09:46.000Z</time>
      </trkpt>
      <trkpt lat="39.36655950732529163360595703125" lon="8.54771859012544155120849609375">
        <ele>591.20001220703125</ele>
        <time>2026-09-21T09:09:47.000Z</time>
      </trkpt>
      <trkpt lat="39.36655062250792980194091796875" lon="8.54755497537553310394287109375">
        <ele>588.4000244140625</ele>
        <time>2026-09-21T09:09:56.000Z</time>
      </trkpt>
      <trkpt lat="39.36654844321310520172119140625" lon="8.54753871448338031768798828125">
        <ele>588.20001220703125</ele>
        <time>2026-09-21T09:09:57.000Z</time>
      </trkpt>
      <trkpt lat="39.36656286008656024932861328125" lon="8.5474164225161075592041015625">
        <ele>587.4000244140625</ele>
        <time>2026-09-21T09:10:05.000Z</time>
      </trkpt>
      <trkpt lat="39.36660191975533962249755859375" lon="8.54729731567203998565673828125">
        <ele>585.4000244140625</ele>
        <time>2026-09-21T09:10:15.000Z</time>
      </trkpt>
      <trkpt lat="39.366647265851497650146484375" lon="8.54716412723064422607421875">
        <ele>583.5999755859375</ele>
        <time>2026-09-21T09:10:23.000Z</time>
      </trkpt>
      <trkpt lat="39.366698227822780609130859375" lon="8.5470650531351566314697265625">
        <ele>583.4000244140625</ele>
        <time>2026-09-21T09:10:29.000Z</time>
      </trkpt>
      <trkpt lat="39.36670619063079357147216796875" lon="8.54704870842397212982177734375">
        <ele>583.4000244140625</ele>
        <time>2026-09-21T09:10:30.000Z</time>
      </trkpt>
      <trkpt lat="39.36672278679907321929931640625" lon="8.54697234928607940673828125">
        <ele>582</ele>
        <time>2026-09-21T09:10:34.000Z</time>
      </trkpt>
      <trkpt lat="39.36674843542277812957763671875" lon="8.546867072582244873046875">
        <ele>580</ele>
        <time>2026-09-21T09:10:42.000Z</time>
      </trkpt>
      <trkpt lat="39.36674927361309528350830078125" lon="8.54674570262432098388671875">
        <ele>577.5999755859375</ele>
        <time>2026-09-21T09:10:50.000Z</time>
      </trkpt>
      <trkpt lat="39.36674407683312892913818359375" lon="8.54663447476923465728759765625">
        <ele>576</ele>
        <time>2026-09-21T09:10:58.000Z</time>
      </trkpt>
      <trkpt lat="39.36673812568187713623046875" lon="8.5464903898537158966064453125">
        <ele>573.79998779296875</ele>
        <time>2026-09-21T09:11:07.000Z</time>
      </trkpt>
      <trkpt lat="39.36674726195633411407470703125" lon="8.546347059309482574462890625">
        <ele>572.20001220703125</ele>
        <time>2026-09-21T09:11:16.000Z</time>
      </trkpt>
      <trkpt lat="39.36675799079239368438720703125" lon="8.54630959220230579376220703125">
        <ele>572.20001220703125</ele>
        <time>2026-09-21T09:11:19.000Z</time>
      </trkpt>
      <trkpt lat="39.36677274294197559356689453125" lon="8.54624907486140727996826171875">
        <ele>572</ele>
        <time>2026-09-21T09:11:23.000Z</time>
      </trkpt>
      <trkpt lat="39.36679990030825138092041015625" lon="8.54610289447009563446044921875">
        <ele>571.4000244140625</ele>
        <time>2026-09-21T09:11:31.000Z</time>
      </trkpt>
      <trkpt lat="39.3667862378060817718505859375" lon="8.54601203463971614837646484375">
        <ele>570.79998779296875</ele>
        <time>2026-09-21T09:11:37.000Z</time>
      </trkpt>
      <trkpt lat="39.36669177375733852386474609375" lon="8.54593961499631404876708984375">
        <ele>569.20001220703125</ele>
        <time>2026-09-21T09:11:46.000Z</time>
      </trkpt>
      <trkpt lat="39.36666310764849185943603515625" lon="8.5459244437515735626220703125">
        <ele>568.79998779296875</ele>
        <time>2026-09-21T09:11:49.000Z</time>
      </trkpt>
      <trkpt lat="39.36662237159907817840576171875" lon="8.54590005241334438323974609375">
        <ele>568.20001220703125</ele>
        <time>2026-09-21T09:11:53.000Z</time>
      </trkpt>
      <trkpt lat="39.366521202027797698974609375" lon="8.54582645930349826812744140625">
        <ele>567</ele>
        <time>2026-09-21T09:12:03.000Z</time>
      </trkpt>
      <trkpt lat="39.366408549249172210693359375" lon="8.54574901051819324493408203125">
        <ele>566.4000244140625</ele>
        <time>2026-09-21T09:12:11.000Z</time>
      </trkpt>
      <trkpt lat="39.366331435739994049072265625" lon="8.54568597860634326934814453125">
        <ele>566.20001220703125</ele>
        <time>2026-09-21T09:12:17.000Z</time>
      </trkpt>
      <trkpt lat="39.366293214261531829833984375" lon="8.545660413801670074462890625">
        <ele>566.5999755859375</ele>
        <time>2026-09-21T09:12:20.000Z</time>
      </trkpt>
      <trkpt lat="39.36628156341612339019775390625" lon="8.54565136134624481201171875">
        <ele>566.5999755859375</ele>
        <time>2026-09-21T09:12:21.000Z</time>
      </trkpt>
      <trkpt lat="39.366194643080234527587890625" lon="8.54558019898831844329833984375">
        <ele>567.4000244140625</ele>
        <time>2026-09-21T09:12:28.000Z</time>
      </trkpt>
      <trkpt lat="39.36611778102815151214599609375" lon="8.545478023588657379150390625">
        <ele>568.4000244140625</ele>
        <time>2026-09-21T09:12:35.000Z</time>
      </trkpt>
      <trkpt lat="39.366102777421474456787109375" lon="8.5454490222036838531494140625">
        <ele>568.79998779296875</ele>
        <time>2026-09-21T09:12:37.000Z</time>
      </trkpt>
      <trkpt lat="39.36606220901012420654296875" lon="8.545402251183986663818359375">
        <ele>569.20001220703125</ele>
        <time>2026-09-21T09:12:41.000Z</time>
      </trkpt>
      <trkpt lat="39.36601082794368267059326171875" lon="8.5453531332314014434814453125">
        <ele>569.5999755859375</ele>
        <time>2026-09-21T09:12:47.000Z</time>
      </trkpt>
      <trkpt lat="39.36591879464685916900634765625" lon="8.5452564060688018798828125">
        <ele>570</ele>
        <time>2026-09-21T09:12:57.000Z</time>
      </trkpt>
      <trkpt lat="39.36583648435771465301513671875" lon="8.5451590083539485931396484375">
        <ele>570</ele>
        <time>2026-09-21T09:13:05.000Z</time>
      </trkpt>
      <trkpt lat="39.3657369911670684814453125" lon="8.545044176280498504638671875">
        <ele>569.5999755859375</ele>
        <time>2026-09-21T09:13:13.000Z</time>
      </trkpt>
      <trkpt lat="39.3656389228999614715576171875" lon="8.544850051403045654296875">
        <ele>567.20001220703125</ele>
        <time>2026-09-21T09:13:24.000Z</time>
      </trkpt>
      <trkpt lat="39.36560262925922870635986328125" lon="8.5447575151920318603515625">
        <ele>567.79998779296875</ele>
        <time>2026-09-21T09:13:30.000Z</time>
      </trkpt>
      <trkpt lat="39.36556608416140079498291015625" lon="8.54470931924879550933837890625">
        <ele>567.4000244140625</ele>
        <time>2026-09-21T09:13:35.000Z</time>
      </trkpt>
      <trkpt lat="39.365550577640533447265625" lon="8.54468937031924724578857421875">
        <ele>567</ele>
        <time>2026-09-21T09:13:37.000Z</time>
      </trkpt>
      <trkpt lat="39.36553456820547580718994140625" lon="8.544641844928264617919921875">
        <ele>567.4000244140625</ele>
        <time>2026-09-21T09:13:40.000Z</time>
      </trkpt>
      <trkpt lat="39.36551411636173725128173828125" lon="8.544595576822757720947265625">
        <ele>567.20001220703125</ele>
        <time>2026-09-21T09:13:44.000Z</time>
      </trkpt>
      <trkpt lat="39.36545661650598049163818359375" lon="8.544496335089206695556640625">
        <ele>566.20001220703125</ele>
        <time>2026-09-21T09:13:52.000Z</time>
      </trkpt>
      <trkpt lat="39.3653616495430469512939453125" lon="8.54440371505916118621826171875">
        <ele>563.20001220703125</ele>
        <time>2026-09-21T09:14:01.000Z</time>
      </trkpt>
      <trkpt lat="39.3652949295938014984130859375" lon="8.54439063929021358489990234375">
        <ele>560.20001220703125</ele>
        <time>2026-09-21T09:14:07.000Z</time>
      </trkpt>
      <trkpt lat="39.365286715328693389892578125" lon="8.54438678361475467681884765625">
        <ele>559.79998779296875</ele>
        <time>2026-09-21T09:14:08.000Z</time>
      </trkpt>
      <trkpt lat="39.3652614019811153411865234375" lon="8.54437052272260189056396484375">
        <ele>559</ele>
        <time>2026-09-21T09:14:11.000Z</time>
      </trkpt>
      <trkpt lat="39.36522158794105052947998046875" lon="8.54433934204280376434326171875">
        <ele>557.79998779296875</ele>
        <time>2026-09-21T09:14:15.000Z</time>
      </trkpt>
      <trkpt lat="39.3651871383190155029296875" lon="8.544313274323940277099609375">
        <ele>557</ele>
        <time>2026-09-21T09:14:19.000Z</time>
      </trkpt>
      <trkpt lat="39.3651817739009857177734375" lon="8.5443042218685150146484375">
        <ele>557</ele>
        <time>2026-09-21T09:14:20.000Z</time>
      </trkpt>
      <trkpt lat="39.36516442336142063140869140625" lon="8.5442923195660114288330078125">
        <ele>556.5999755859375</ele>
        <time>2026-09-21T09:14:22.000Z</time>
      </trkpt>
      <trkpt lat="39.365119077265262603759765625" lon="8.54427597485482692718505859375">
        <ele>555.20001220703125</ele>
        <time>2026-09-21T09:14:27.000Z</time>
      </trkpt>
      <trkpt lat="39.36509854160249233245849609375" lon="8.5442668385803699493408203125">
        <ele>554.4000244140625</ele>
        <time>2026-09-21T09:14:29.000Z</time>
      </trkpt>
      <trkpt lat="39.3650883994996547698974609375" lon="8.5442574508488178253173828125">
        <ele>554.20001220703125</ele>
        <time>2026-09-21T09:14:30.000Z</time>
      </trkpt>
      <trkpt lat="39.3650759942829608917236328125" lon="8.54425284080207347869873046875">
        <ele>553.79998779296875</ele>
        <time>2026-09-21T09:14:31.000Z</time>
      </trkpt>
      <trkpt lat="39.36500969342887401580810546875" lon="8.5442344844341278076171875">
        <ele>551.79998779296875</ele>
        <time>2026-09-21T09:14:36.000Z</time>
      </trkpt>
      <trkpt lat="39.3649564683437347412109375" lon="8.54423104785382747650146484375">
        <ele>551</ele>
        <time>2026-09-21T09:14:40.000Z</time>
      </trkpt>
      <trkpt lat="39.36494280584156513214111328125" lon="8.5442339815199375152587890625">
        <ele>550.79998779296875</ele>
        <time>2026-09-21T09:14:41.000Z</time>
      </trkpt>
      <trkpt lat="39.3649100326001644134521484375" lon="8.54422987438738346099853515625">
        <ele>550</ele>
        <time>2026-09-21T09:14:44.000Z</time>
      </trkpt>
      <trkpt lat="39.36485613696277141571044921875" lon="8.5442406870424747467041015625">
        <ele>549</ele>
        <time>2026-09-21T09:14:48.000Z</time>
      </trkpt>
      <trkpt lat="39.36483300291001796722412109375" lon="8.54424546472728252410888671875">
        <ele>548.4000244140625</ele>
        <time>2026-09-21T09:14:50.000Z</time>
      </trkpt>
      <trkpt lat="39.3647192604839801788330078125" lon="8.5442789085209369659423828125">
        <ele>547.5999755859375</ele>
        <time>2026-09-21T09:14:59.000Z</time>
      </trkpt>
      <trkpt lat="39.3646978028118610382080078125" lon="8.5442779026925563812255859375">
        <ele>547.4000244140625</ele>
        <time>2026-09-21T09:15:01.000Z</time>
      </trkpt>
      <trkpt lat="39.36467693187296390533447265625" lon="8.544234149158000946044921875">
        <ele>546.20001220703125</ele>
        <time>2026-09-21T09:15:05.000Z</time>
      </trkpt>
      <trkpt lat="39.36464692465960979461669921875" lon="8.54416332207620143890380859375">
        <ele>543.79998779296875</ele>
        <time>2026-09-21T09:15:11.000Z</time>
      </trkpt>
      <trkpt lat="39.3645804561674594879150390625" lon="8.544087298214435577392578125">
        <ele>541.4000244140625</ele>
        <time>2026-09-21T09:15:18.000Z</time>
      </trkpt>
      <trkpt lat="39.36455707065761089324951171875" lon="8.5440596379339694976806640625">
        <ele>540.4000244140625</ele>
        <time>2026-09-21T09:15:21.000Z</time>
      </trkpt>
      <trkpt lat="39.364542067050933837890625" lon="8.54404597543179988861083984375">
        <ele>540</ele>
        <time>2026-09-21T09:15:23.000Z</time>
      </trkpt>
      <trkpt lat="39.36453209258615970611572265625" lon="8.54403801262378692626953125">
        <ele>539.5999755859375</ele>
        <time>2026-09-21T09:15:24.000Z</time>
      </trkpt>
      <trkpt lat="39.364479370415210723876953125" lon="8.54401228018105030059814453125">
        <ele>537.79998779296875</ele>
        <time>2026-09-21T09:15:29.000Z</time>
      </trkpt>
      <trkpt lat="39.36445263214409351348876953125" lon="8.544007502496242523193359375">
        <ele>537</ele>
        <time>2026-09-21T09:15:31.000Z</time>
      </trkpt>
      <trkpt lat="39.36440703459084033966064453125" lon="8.544001467525959014892578125">
        <ele>535.79998779296875</ele>
        <time>2026-09-21T09:15:34.000Z</time>
      </trkpt>
      <trkpt lat="39.36436411924660205841064453125" lon="8.54398797266185283660888671875">
        <ele>534.20001220703125</ele>
        <time>2026-09-21T09:15:37.000Z</time>
      </trkpt>
      <trkpt lat="39.36433075927197933197021484375" lon="8.54395897127687931060791015625">
        <ele>533</ele>
        <time>2026-09-21T09:15:40.000Z</time>
      </trkpt>
      <trkpt lat="39.36428650282323360443115234375" lon="8.543897531926631927490234375">
        <ele>531.20001220703125</ele>
        <time>2026-09-21T09:15:45.000Z</time>
      </trkpt>
      <trkpt lat="39.3642223812639713287353515625" lon="8.5438294708728790283203125">
        <ele>529.79998779296875</ele>
        <time>2026-09-21T09:15:52.000Z</time>
      </trkpt>
      <trkpt lat="39.364165551960468292236328125" lon="8.54374431073665618896484375">
        <ele>528.79998779296875</ele>
        <time>2026-09-21T09:15:59.000Z</time>
      </trkpt>
      <trkpt lat="39.3641439266502857208251953125" lon="8.5437220148742198944091796875">
        <ele>528.4000244140625</ele>
        <time>2026-09-21T09:16:01.000Z</time>
      </trkpt>
      <trkpt lat="39.36407343484461307525634765625" lon="8.5436318255960941314697265625">
        <ele>527.4000244140625</ele>
        <time>2026-09-21T09:16:09.000Z</time>
      </trkpt>
      <trkpt lat="39.3640383146703243255615234375" lon="8.54359687305986881256103515625">
        <ele>526.5999755859375</ele>
        <time>2026-09-21T09:16:13.000Z</time>
      </trkpt>
      <trkpt lat="39.36401325277984142303466796875" lon="8.54359368793666362762451171875">
        <ele>526</ele>
        <time>2026-09-21T09:16:15.000Z</time>
      </trkpt>
      <trkpt lat="39.364000596106052398681640625" lon="8.5435889102518558502197265625">
        <ele>525.5999755859375</ele>
        <time>2026-09-21T09:16:16.000Z</time>
      </trkpt>
      <trkpt lat="39.3639095686376094818115234375" lon="8.54356921277940273284912109375">
        <ele>523.20001220703125</ele>
        <time>2026-09-21T09:16:23.000Z</time>
      </trkpt>
      <trkpt lat="39.3637918867170810699462890625" lon="8.54356669820845127105712890625">
        <ele>518.79998779296875</ele>
        <time>2026-09-21T09:16:32.000Z</time>
      </trkpt>
      <trkpt lat="39.36370697803795337677001953125" lon="8.54345253668725490570068359375">
        <ele>516.20001220703125</ele>
        <time>2026-09-21T09:16:42.000Z</time>
      </trkpt>
      <trkpt lat="39.36360622756183147430419921875" lon="8.543334938585758209228515625">
        <ele>512.79998779296875</ele>
        <time>2026-09-21T09:16:52.000Z</time>
      </trkpt>
      <trkpt lat="39.36360086314380168914794921875" lon="8.54332144372165203094482421875">
        <ele>512.79998779296875</ele>
        <time>2026-09-21T09:16:53.000Z</time>
      </trkpt>
      <trkpt lat="39.36359197832643985748291015625" lon="8.5433002375066280364990234375">
        <ele>512.5999755859375</ele>
        <time>2026-09-21T09:16:54.000Z</time>
      </trkpt>
      <trkpt lat="39.36351972632110118865966796875" lon="8.54320191778242588043212890625">
        <ele>511.399993896484375</ele>
        <time>2026-09-21T09:17:02.000Z</time>
      </trkpt>
      <trkpt lat="39.36349960975348949432373046875" lon="8.543181382119655609130859375">
        <ele>511</ele>
        <time>2026-09-21T09:17:04.000Z</time>
      </trkpt>
      <trkpt lat="39.36340439133346080780029296875" lon="8.54305238462984561920166015625">
        <ele>509.600006103515625</ele>
        <time>2026-09-21T09:17:15.000Z</time>
      </trkpt>
      <trkpt lat="39.36333448626101016998291015625" lon="8.54296470992267131805419921875">
        <ele>508.399993896484375</ele>
        <time>2026-09-21T09:17:23.000Z</time>
      </trkpt>
      <trkpt lat="39.3632883019745349884033203125" lon="8.5429041087627410888671875">
        <ele>507.600006103515625</ele>
        <time>2026-09-21T09:17:28.000Z</time>
      </trkpt>
      <trkpt lat="39.36327279545366764068603515625" lon="8.54287527501583099365234375">
        <ele>507.399993896484375</ele>
        <time>2026-09-21T09:17:30.000Z</time>
      </trkpt>
      <trkpt lat="39.3632668443024158477783203125" lon="8.5428623668849468231201171875">
        <ele>507.399993896484375</ele>
        <time>2026-09-21T09:17:31.000Z</time>
      </trkpt>
      <trkpt lat="39.36324379406869411468505859375" lon="8.542802520096302032470703125">
        <ele>507.600006103515625</ele>
        <time>2026-09-21T09:17:35.000Z</time>
      </trkpt>
      <trkpt lat="39.3632333166897296905517578125" lon="8.54277125559747219085693359375">
        <ele>507.20001220703125</ele>
        <time>2026-09-21T09:17:38.000Z</time>
      </trkpt>
      <trkpt lat="39.36321630142629146575927734375" lon="8.54274745099246501922607421875">
        <ele>506.399993896484375</ele>
        <time>2026-09-21T09:17:40.000Z</time>
      </trkpt>
      <trkpt lat="39.3631448037922382354736328125" lon="8.54262541048228740692138671875">
        <ele>503.20001220703125</ele>
        <time>2026-09-21T09:17:48.000Z</time>
      </trkpt>
      <trkpt lat="39.3631203286349773406982421875" lon="8.54257008992135524749755859375">
        <ele>502.600006103515625</ele>
        <time>2026-09-21T09:17:51.000Z</time>
      </trkpt>
      <trkpt lat="39.3631072528660297393798828125" lon="8.5424459539353847503662109375">
        <ele>502.399993896484375</ele>
        <time>2026-09-21T09:17:57.000Z</time>
      </trkpt>
      <trkpt lat="39.36311454512178897857666015625" lon="8.54229457676410675048828125">
        <ele>501.79998779296875</ele>
        <time>2026-09-21T09:18:05.000Z</time>
      </trkpt>
      <trkpt lat="39.36312326230108737945556640625" lon="8.54217262007296085357666015625">
        <ele>500</ele>
        <time>2026-09-21T09:18:13.000Z</time>
      </trkpt>
      <trkpt lat="39.36312611214816570281982421875" lon="8.542158119380474090576171875">
        <ele>499.600006103515625</ele>
        <time>2026-09-21T09:18:14.000Z</time>
      </trkpt>
      <trkpt lat="39.3631283752620220184326171875" lon="8.54214378632605075836181640625">
        <ele>499.399993896484375</ele>
        <time>2026-09-21T09:18:15.000Z</time>
      </trkpt>
      <trkpt lat="39.36314254067838191986083984375" lon="8.54205787181854248046875">
        <ele>497.20001220703125</ele>
        <time>2026-09-21T09:18:21.000Z</time>
      </trkpt>
      <trkpt lat="39.363179169595241546630859375" lon="8.5420109331607818603515625">
        <ele>498.399993896484375</ele>
        <time>2026-09-21T09:18:25.000Z</time>
      </trkpt>
      <trkpt lat="39.3632514216005802154541015625" lon="8.541927449405193328857421875">
        <ele>501</ele>
        <time>2026-09-21T09:18:32.000Z</time>
      </trkpt>
      <trkpt lat="39.3632819317281246185302734375" lon="8.54190037585794925689697265625">
        <ele>502</ele>
        <time>2026-09-21T09:18:35.000Z</time>
      </trkpt>
      <trkpt lat="39.36333348043262958526611328125" lon="8.54182644747197628021240234375">
        <ele>504</ele>
        <time>2026-09-21T09:18:41.000Z</time>
      </trkpt>
      <trkpt lat="39.36333918012678623199462890625" lon="8.5418151319026947021484375">
        <ele>504.20001220703125</ele>
        <time>2026-09-21T09:18:42.000Z</time>
      </trkpt>
      <trkpt lat="39.3633442930877208709716796875" lon="8.54180146940052509307861328125">
        <ele>504.20001220703125</ele>
        <time>2026-09-21T09:18:43.000Z</time>
      </trkpt>
      <trkpt lat="39.3633471429347991943359375" lon="8.541781269013881683349609375">
        <ele>503.600006103515625</ele>
        <time>2026-09-21T09:18:44.000Z</time>
      </trkpt>
      <trkpt lat="39.36335074715316295623779296875" lon="8.5417686961591243743896484375">
        <ele>503.600006103515625</ele>
        <time>2026-09-21T09:18:45.000Z</time>
      </trkpt>
      <trkpt lat="39.36337237246334552764892578125" lon="8.54171848855912685394287109375">
        <ele>504.399993896484375</ele>
        <time>2026-09-21T09:18:48.000Z</time>
      </trkpt>
      <trkpt lat="39.3633815087378025054931640625" lon="8.5416877269744873046875">
        <ele>504.79998779296875</ele>
        <time>2026-09-21T09:18:50.000Z</time>
      </trkpt>
      <trkpt lat="39.3633898906409740447998046875" lon="8.54165076278150081634521484375">
        <ele>505.20001220703125</ele>
        <time>2026-09-21T09:18:52.000Z</time>
      </trkpt>
      <trkpt lat="39.3634079955518245697021484375" lon="8.54158471338450908660888671875">
        <ele>506.79998779296875</ele>
        <time>2026-09-21T09:18:56.000Z</time>
      </trkpt>
      <trkpt lat="39.36341310851275920867919921875" lon="8.541571386158466339111328125">
        <ele>507.20001220703125</ele>
        <time>2026-09-21T09:18:57.000Z</time>
      </trkpt>
      <trkpt lat="39.36341344378888607025146484375" lon="8.54156141169369220733642578125">
        <ele>507.20001220703125</ele>
        <time>2026-09-21T09:18:58.000Z</time>
      </trkpt>
      <trkpt lat="39.36341109685599803924560546875" lon="8.54155319742858409881591796875">
        <ele>506.79998779296875</ele>
        <time>2026-09-21T09:18:59.000Z</time>
      </trkpt>
      <trkpt lat="39.36340807937085628509521484375" lon="8.5415440611541271209716796875">
        <ele>506.399993896484375</ele>
        <time>2026-09-21T09:19:00.000Z</time>
      </trkpt>
      <trkpt lat="39.3634043075144290924072265625" lon="8.54152972809970378875732421875">
        <ele>505.79998779296875</ele>
        <time>2026-09-21T09:19:01.000Z</time>
      </trkpt>
      <trkpt lat="39.3634006194770336151123046875" lon="8.5414357669651508331298828125">
        <ele>502.600006103515625</ele>
        <time>2026-09-21T09:19:07.000Z</time>
      </trkpt>
      <trkpt lat="39.3633996136486530303955078125" lon="8.54141841642558574676513671875">
        <ele>501.79998779296875</ele>
        <time>2026-09-21T09:19:08.000Z</time>
      </trkpt>
      <trkpt lat="39.36339416541159152984619140625" lon="8.54136762209236621856689453125">
        <ele>500.399993896484375</ele>
        <time>2026-09-21T09:19:11.000Z</time>
      </trkpt>
      <trkpt lat="39.363402463495731353759765625" lon="8.54125379584729671478271484375">
        <ele>500.79998779296875</ele>
        <time>2026-09-21T09:19:18.000Z</time>
      </trkpt>
      <trkpt lat="39.3634066544473171234130859375" lon="8.5411903448402881622314453125">
        <ele>501</ele>
        <time>2026-09-21T09:19:21.000Z</time>
      </trkpt>
      <trkpt lat="39.363419227302074432373046875" lon="8.54108179919421672821044921875">
        <ele>502</ele>
        <time>2026-09-21T09:19:26.000Z</time>
      </trkpt>
      <trkpt lat="39.36342450790107250213623046875" lon="8.54104324243962764739990234375">
        <ele>502.600006103515625</ele>
        <time>2026-09-21T09:19:28.000Z</time>
      </trkpt>
      <trkpt lat="39.3634401820600032806396484375" lon="8.54090929962694644927978515625">
        <ele>503.79998779296875</ele>
        <time>2026-09-21T09:19:36.000Z</time>
      </trkpt>
      <trkpt lat="39.363440014421939849853515625" lon="8.54089622385799884796142578125">
        <ele>503.79998779296875</ele>
        <time>2026-09-21T09:19:37.000Z</time>
      </trkpt>
      <trkpt lat="39.36343708075582981109619140625" lon="8.540707714855670928955078125">
        <ele>502.79998779296875</ele>
        <time>2026-09-21T09:19:48.000Z</time>
      </trkpt>
      <trkpt lat="39.36344948597252368927001953125" lon="8.54055206291377544403076171875">
        <ele>503.399993896484375</ele>
        <time>2026-09-21T09:19:56.000Z</time>
      </trkpt>
      <trkpt lat="39.36344663612544536590576171875" lon="8.54042583145201206207275390625">
        <ele>502.600006103515625</ele>
        <time>2026-09-21T09:20:03.000Z</time>
      </trkpt>
      <trkpt lat="39.36345602385699748992919921875" lon="8.54026816785335540771484375">
        <ele>503.399993896484375</ele>
        <time>2026-09-21T09:20:13.000Z</time>
      </trkpt>
      <trkpt lat="39.36344713903963565826416015625" lon="8.54014051146805286407470703125">
        <ele>501.20001220703125</ele>
        <time>2026-09-21T09:20:20.000Z</time>
      </trkpt>
      <trkpt lat="39.36344965361058712005615234375" lon="8.54012425057590007781982421875">
        <ele>501.20001220703125</ele>
        <time>2026-09-21T09:20:21.000Z</time>
      </trkpt>
      <trkpt lat="39.3634490668773651123046875" lon="8.54009784758090972900390625">
        <ele>500.79998779296875</ele>
        <time>2026-09-21T09:20:23.000Z</time>
      </trkpt>
      <trkpt lat="39.3634410202503204345703125" lon="8.54004780761897563934326171875">
        <ele>499.600006103515625</ele>
        <time>2026-09-21T09:20:26.000Z</time>
      </trkpt>
      <trkpt lat="39.36345719732344150543212890625" lon="8.53996197693049907684326171875">
        <ele>500.399993896484375</ele>
        <time>2026-09-21T09:20:32.000Z</time>
      </trkpt>
      <trkpt lat="39.36346507631242275238037109375" lon="8.5399494878947734832763671875">
        <ele>501</ele>
        <time>2026-09-21T09:20:33.000Z</time>
      </trkpt>
      <trkpt lat="39.36349189840257167816162109375" lon="8.5398787446320056915283203125">
        <ele>502.20001220703125</ele>
        <time>2026-09-21T09:20:39.000Z</time>
      </trkpt>
      <trkpt lat="39.3635045550763607025146484375" lon="8.53985846042633056640625">
        <ele>502.79998779296875</ele>
        <time>2026-09-21T09:20:41.000Z</time>
      </trkpt>
      <trkpt lat="39.363506734371185302734375" lon="8.53984781540930271148681640625">
        <ele>502.600006103515625</ele>
        <time>2026-09-21T09:20:47.000Z</time>
      </trkpt>
      <trkpt lat="39.36350547708570957183837890625" lon="8.53976215235888957977294921875">
        <ele>500.399993896484375</ele>
        <time>2026-09-21T09:20:54.000Z</time>
      </trkpt>
      <trkpt lat="39.3635129369795322418212890625" lon="8.539634160697460174560546875">
        <ele>498.600006103515625</ele>
        <time>2026-09-21T09:21:02.000Z</time>
      </trkpt>
      <trkpt lat="39.36351402662694454193115234375" lon="8.53953718207776546478271484375">
        <ele>496.20001220703125</ele>
        <time>2026-09-21T09:21:09.000Z</time>
      </trkpt>
      <trkpt lat="39.36355124227702617645263671875" lon="8.53944070637226104736328125">
        <ele>496.399993896484375</ele>
        <time>2026-09-21T09:21:15.000Z</time>
      </trkpt>
      <trkpt lat="39.363558702170848846435546875" lon="8.539421260356903076171875">
        <ele>496.399993896484375</ele>
        <time>2026-09-21T09:21:16.000Z</time>
      </trkpt>
      <trkpt lat="39.36360388062894344329833984375" lon="8.5393555462360382080078125">
        <ele>498.600006103515625</ele>
        <time>2026-09-21T09:21:20.000Z</time>
      </trkpt>
      <trkpt lat="39.36366138048470020294189453125" lon="8.53923710994422435760498046875">
        <ele>501</ele>
        <time>2026-09-21T09:21:27.000Z</time>
      </trkpt>
      <trkpt lat="39.3636909686028957366943359375" lon="8.53919268585741519927978515625">
        <ele>502.20001220703125</ele>
        <time>2026-09-21T09:21:30.000Z</time>
      </trkpt>
      <trkpt lat="39.36373564414680004119873046875" lon="8.539105094969272613525390625">
        <ele>505.79998779296875</ele>
        <time>2026-09-21T09:21:39.000Z</time>
      </trkpt>
      <trkpt lat="39.363736398518085479736328125" lon="8.5390435717999935150146484375">
        <ele>505.79998779296875</ele>
        <time>2026-09-21T09:21:43.000Z</time>
      </trkpt>
      <trkpt lat="39.36374184675514698028564453125" lon="8.539002500474452972412109375">
        <ele>506.20001220703125</ele>
        <time>2026-09-21T09:21:46.000Z</time>
      </trkpt>
      <trkpt lat="39.3637379072606563568115234375" lon="8.538969643414020538330078125">
        <ele>505.600006103515625</ele>
        <time>2026-09-21T09:21:49.000Z</time>
      </trkpt>
      <trkpt lat="39.36373681761324405670166015625" lon="8.5389570705592632293701171875">
        <ele>505.600006103515625</ele>
        <time>2026-09-21T09:21:50.000Z</time>
      </trkpt>
      <trkpt lat="39.363734722137451171875" lon="8.5389262251555919647216796875">
        <ele>505.399993896484375</ele>
        <time>2026-09-21T09:21:52.000Z</time>
      </trkpt>
      <trkpt lat="39.36372742988169193267822265625" lon="8.53889755904674530029296875">
        <ele>504.600006103515625</ele>
        <time>2026-09-21T09:21:54.000Z</time>
      </trkpt>
      <trkpt lat="39.3636502325534820556640625" lon="8.5387190245091915130615234375">
        <ele>501.399993896484375</ele>
        <time>2026-09-21T09:22:05.000Z</time>
      </trkpt>
      <trkpt lat="39.36364377848803997039794921875" lon="8.53855700232088565826416015625">
        <ele>502.20001220703125</ele>
        <time>2026-09-21T09:22:15.000Z</time>
      </trkpt>
      <trkpt lat="39.36365450732409954071044921875" lon="8.53847838006913661956787109375">
        <ele>503.600006103515625</ele>
        <time>2026-09-21T09:22:20.000Z</time>
      </trkpt>
      <trkpt lat="39.36365249566733837127685546875" lon="8.53843177668750286102294921875">
        <ele>503.79998779296875</ele>
        <time>2026-09-21T09:22:22.000Z</time>
      </trkpt>
      <trkpt lat="39.3636477179825305938720703125" lon="8.5384140908718109130859375">
        <ele>503.600006103515625</ele>
        <time>2026-09-21T09:22:23.000Z</time>
      </trkpt>
      <trkpt lat="39.36360572464764118194580078125" lon="8.53832214139401912689208984375">
        <ele>501.399993896484375</ele>
        <time>2026-09-21T09:22:30.000Z</time>
      </trkpt>
      <trkpt lat="39.36359860002994537353515625" lon="8.53830236010253429412841796875">
        <ele>500.79998779296875</ele>
        <time>2026-09-21T09:22:31.000Z</time>
      </trkpt>
      <trkpt lat="39.36353288590908050537109375" lon="8.53817730210721492767333984375">
        <ele>495.20001220703125</ele>
        <time>2026-09-21T09:22:40.000Z</time>
      </trkpt>
      <trkpt lat="39.36352257616817951202392578125" lon="8.53814327158033847808837890625">
        <ele>494.20001220703125</ele>
        <time>2026-09-21T09:22:42.000Z</time>
      </trkpt>
      <trkpt lat="39.36350966803729534149169921875" lon="8.5380756296217441558837890625">
        <ele>493</ele>
        <time>2026-09-21T09:22:47.000Z</time>
      </trkpt>
      <trkpt lat="39.36351050622761249542236328125" lon="8.53800949640572071075439453125">
        <ele>493.600006103515625</ele>
        <time>2026-09-21T09:22:51.000Z</time>
      </trkpt>
      <trkpt lat="39.36351737938821315765380859375" lon="8.53793866932392120361328125">
        <ele>494.600006103515625</ele>
        <time>2026-09-21T09:22:55.000Z</time>
      </trkpt>
      <trkpt lat="39.3635364063084125518798828125" lon="8.53786314837634563446044921875">
        <ele>496.600006103515625</ele>
        <time>2026-09-21T09:22:59.000Z</time>
      </trkpt>
      <trkpt lat="39.36354420147836208343505859375" lon="8.53784638457000255584716796875">
        <ele>497.399993896484375</ele>
        <time>2026-09-21T09:23:00.000Z</time>
      </trkpt>
      <trkpt lat="39.36356297694146633148193359375" lon="8.5377665050327777862548828125">
        <ele>499.20001220703125</ele>
        <time>2026-09-21T09:23:06.000Z</time>
      </trkpt>
      <trkpt lat="39.3635679222643375396728515625" lon="8.5376109369099140167236328125">
        <ele>499.600006103515625</ele>
        <time>2026-09-21T09:23:15.000Z</time>
      </trkpt>
      <trkpt lat="39.3635618872940540313720703125" lon="8.53752602823078632354736328125">
        <ele>499.20001220703125</ele>
        <time>2026-09-21T09:23:22.000Z</time>
      </trkpt>
      <trkpt lat="39.36356012709438800811767578125" lon="8.53733089752495288848876953125">
        <ele>496</ele>
        <time>2026-09-21T09:23:33.000Z</time>
      </trkpt>
      <trkpt lat="39.3635605461895465850830078125" lon="8.5371868126094341278076171875">
        <ele>493.79998779296875</ele>
        <time>2026-09-21T09:23:41.000Z</time>
      </trkpt>
      <trkpt lat="39.3635880388319492340087890625" lon="8.53702395223081111907958984375">
        <ele>493.399993896484375</ele>
        <time>2026-09-21T09:23:51.000Z</time>
      </trkpt>
      <trkpt lat="39.3636212311685085296630859375" lon="8.53691079653799533843994140625">
        <ele>496.20001220703125</ele>
        <time>2026-09-21T09:23:58.000Z</time>
      </trkpt>
      <trkpt lat="39.36364746652543544769287109375" lon="8.53682563640177249908447265625">
        <ele>500</ele>
        <time>2026-09-21T09:24:03.000Z</time>
      </trkpt>
      <trkpt lat="39.36365492641925811767578125" lon="8.53677920065820217132568359375">
        <ele>501.600006103515625</ele>
        <time>2026-09-21T09:24:06.000Z</time>
      </trkpt>
      <trkpt lat="39.36368166469037532806396484375" lon="8.5367006622254848480224609375">
        <ele>503.20001220703125</ele>
        <time>2026-09-21T09:24:12.000Z</time>
      </trkpt>
      <trkpt lat="39.3637053854763507843017578125" lon="8.53654651902616024017333984375">
        <ele>507.79998779296875</ele>
        <time>2026-09-21T09:24:21.000Z</time>
      </trkpt>
      <trkpt lat="39.3636582791805267333984375" lon="8.53644358925521373748779296875">
        <ele>507.20001220703125</ele>
        <time>2026-09-21T09:24:28.000Z</time>
      </trkpt>
      <trkpt lat="39.3636517412960529327392578125" lon="8.53643286041915416717529296875">
        <ele>507</ele>
        <time>2026-09-21T09:24:29.000Z</time>
      </trkpt>
      <trkpt lat="39.36364528723061084747314453125" lon="8.5364260710775852203369140625">
        <ele>506.79998779296875</ele>
        <time>2026-09-21T09:24:30.000Z</time>
      </trkpt>
      <trkpt lat="39.3635967560112476348876953125" lon="8.5364099778234958648681640625">
        <ele>504.20001220703125</ele>
        <time>2026-09-21T09:24:35.000Z</time>
      </trkpt>
      <trkpt lat="39.36356817372143268585205078125" lon="8.5363999195396900177001953125">
        <ele>502.79998779296875</ele>
        <time>2026-09-21T09:24:38.000Z</time>
      </trkpt>
      <trkpt lat="39.3635166250169277191162109375" lon="8.53637821041047573089599609375">
        <ele>500.79998779296875</ele>
        <time>2026-09-21T09:24:42.000Z</time>
      </trkpt>
      <trkpt lat="39.363419227302074432373046875" lon="8.53628098033368587493896484375">
        <ele>498.399993896484375</ele>
        <time>2026-09-21T09:24:50.000Z</time>
      </trkpt>
      <trkpt lat="39.36334052123129367828369140625" lon="8.53615759871900081634521484375">
        <ele>497.399993896484375</ele>
        <time>2026-09-21T09:24:58.000Z</time>
      </trkpt>
      <trkpt lat="39.36328268609941005706787109375" lon="8.53604394011199474334716796875">
        <ele>496.600006103515625</ele>
        <time>2026-09-21T09:25:06.000Z</time>
      </trkpt>
      <trkpt lat="39.36326139606535434722900390625" lon="8.535955511033535003662109375">
        <ele>496.79998779296875</ele>
        <time>2026-09-21T09:25:12.000Z</time>
      </trkpt>
      <trkpt lat="39.3632416985929012298583984375" lon="8.5358829237520694732666015625">
        <ele>496.79998779296875</ele>
        <time>2026-09-21T09:25:17.000Z</time>
      </trkpt>
      <trkpt lat="39.36321764253079891204833984375" lon="8.53577278554439544677734375">
        <ele>496.20001220703125</ele>
        <time>2026-09-21T09:25:24.000Z</time>
      </trkpt>
      <trkpt lat="39.363226108253002166748046875" lon="8.535604141652584075927734375">
        <ele>499.79998779296875</ele>
        <time>2026-09-21T09:25:33.000Z</time>
      </trkpt>
      <trkpt lat="39.36320389620959758758544921875" lon="8.53549274615943431854248046875">
        <ele>499.20001220703125</ele>
        <time>2026-09-21T09:25:41.000Z</time>
      </trkpt>
      <trkpt lat="39.36318679712712764739990234375" lon="8.5353350825607776641845703125">
        <ele>501.20001220703125</ele>
        <time>2026-09-21T09:25:51.000Z</time>
      </trkpt>
      <trkpt lat="39.363175816833972930908203125" lon="8.53525721468031406402587890625">
        <ele>502</ele>
        <time>2026-09-21T09:25:56.000Z</time>
      </trkpt>
      <trkpt lat="39.3631712906062602996826171875" lon="8.53522293269634246826171875">
        <ele>502.20001220703125</ele>
        <time>2026-09-21T09:25:58.000Z</time>
      </trkpt>
      <trkpt lat="39.36316953040659427642822265625" lon="8.5351483337581157684326171875">
        <ele>503.20001220703125</ele>
        <time>2026-09-21T09:26:04.000Z</time>
      </trkpt>
      <trkpt lat="39.36317673884332180023193359375" lon="8.53513031266629695892333984375">
        <ele>504.20001220703125</ele>
        <time>2026-09-21T09:26:05.000Z</time>
      </trkpt>
      <trkpt lat="39.3631927482783794403076171875" lon="8.535051606595516204833984375">
        <ele>506.79998779296875</ele>
        <time>2026-09-21T09:26:10.000Z</time>
      </trkpt>
      <trkpt lat="39.36316031031310558319091796875" lon="8.5349592380225658416748046875">
        <ele>505</ele>
        <time>2026-09-21T09:26:16.000Z</time>
      </trkpt>
      <trkpt lat="39.36310834251344203948974609375" lon="8.53483007289469242095947265625">
        <ele>502</ele>
        <time>2026-09-21T09:26:23.000Z</time>
      </trkpt>
      <trkpt lat="39.363075233995914459228515625" lon="8.53477860800921916961669921875">
        <ele>499.600006103515625</ele>
        <time>2026-09-21T09:26:27.000Z</time>
      </trkpt>
      <trkpt lat="39.36306224204599857330322265625" lon="8.53475010953843593597412109375">
        <ele>498.79998779296875</ele>
        <time>2026-09-21T09:26:29.000Z</time>
      </trkpt>
      <trkpt lat="39.3630049936473369598388671875" lon="8.5346306674182415008544921875">
        <ele>495.20001220703125</ele>
        <time>2026-09-21T09:26:37.000Z</time>
      </trkpt>
      <trkpt lat="39.36298496089875698089599609375" lon="8.5345287434756755828857421875">
        <ele>494.79998779296875</ele>
        <time>2026-09-21T09:26:44.000Z</time>
      </trkpt>
      <trkpt lat="39.36298211105167865753173828125" lon="8.53449747897684574127197265625">
        <ele>494.79998779296875</ele>
        <time>2026-09-21T09:26:46.000Z</time>
      </trkpt>
      <trkpt lat="39.3629808537662029266357421875" lon="8.53441634215414524078369140625">
        <ele>495.20001220703125</ele>
        <time>2026-09-21T09:26:51.000Z</time>
      </trkpt>
      <trkpt lat="39.36297456733882427215576171875" lon="8.5343322716653347015380859375">
        <ele>495</ele>
        <time>2026-09-21T09:26:56.000Z</time>
      </trkpt>
      <trkpt lat="39.36297272332012653350830078125" lon="8.5341964848339557647705078125">
        <ele>495.399993896484375</ele>
        <time>2026-09-21T09:27:03.000Z</time>
      </trkpt>
      <trkpt lat="39.3629738129675388336181640625" lon="8.53417678736150264739990234375">
        <ele>495.600006103515625</ele>
        <time>2026-09-21T09:27:04.000Z</time>
      </trkpt>
      <trkpt lat="39.3629738129675388336181640625" lon="8.53415465913712978363037109375">
        <ele>495.399993896484375</ele>
        <time>2026-09-21T09:27:05.000Z</time>
      </trkpt>
      <trkpt lat="39.3629930913448333740234375" lon="8.534043766558170318603515625">
        <ele>496.79998779296875</ele>
        <time>2026-09-21T09:27:11.000Z</time>
      </trkpt>
      <trkpt lat="39.36299032531678676605224609375" lon="8.5339168645441532135009765625">
        <ele>496.600006103515625</ele>
        <time>2026-09-21T09:27:19.000Z</time>
      </trkpt>
      <trkpt lat="39.3629932589828968048095703125" lon="8.53389029391109943389892578125">
        <ele>496.79998779296875</ele>
        <time>2026-09-21T09:27:21.000Z</time>
      </trkpt>
      <trkpt lat="39.3629835359752178192138671875" lon="8.53375048376619815826416015625">
        <ele>495.600006103515625</ele>
        <time>2026-09-21T09:27:28.000Z</time>
      </trkpt>
      <trkpt lat="39.36300205998122692108154296875" lon="8.53361427783966064453125">
        <ele>496.79998779296875</ele>
        <time>2026-09-21T09:27:35.000Z</time>
      </trkpt>
      <trkpt lat="39.36301597394049167633056640625" lon="8.53351704776287078857421875">
        <ele>497.600006103515625</ele>
        <time>2026-09-21T09:27:42.000Z</time>
      </trkpt>
      <trkpt lat="39.363004826009273529052734375" lon="8.533401377499103546142578125">
        <ele>496.20001220703125</ele>
        <time>2026-09-21T09:27:51.000Z</time>
      </trkpt>
      <trkpt lat="39.3630033172667026519775390625" lon="8.53332367725670337677001953125">
        <ele>495.79998779296875</ele>
        <time>2026-09-21T09:27:57.000Z</time>
      </trkpt>
      <trkpt lat="39.36301128007471561431884765625" lon="8.53329216130077838897705078125">
        <ele>496.20001220703125</ele>
        <time>2026-09-21T09:27:59.000Z</time>
      </trkpt>
      <trkpt lat="39.3630118668079376220703125" lon="8.53325243107974529266357421875">
        <ele>496.20001220703125</ele>
        <time>2026-09-21T09:28:01.000Z</time>
      </trkpt>
      <trkpt lat="39.36301010660827159881591796875" lon="8.53320046328008174896240234375">
        <ele>495.79998779296875</ele>
        <time>2026-09-21T09:28:04.000Z</time>
      </trkpt>
      <trkpt lat="39.363022260367870330810546875" lon="8.53302276693284511566162109375">
        <ele>496</ele>
        <time>2026-09-21T09:28:15.000Z</time>
      </trkpt>
      <trkpt lat="39.3630244396626949310302734375" lon="8.53291749022901058197021484375">
        <ele>495</ele>
        <time>2026-09-21T09:28:22.000Z</time>
      </trkpt>
      <trkpt lat="39.3630298040807247161865234375" lon="8.532892428338527679443359375">
        <ele>495.20001220703125</ele>
        <time>2026-09-21T09:28:24.000Z</time>
      </trkpt>
      <trkpt lat="39.363039694726467132568359375" lon="8.5327216051518917083740234375">
        <ele>494.600006103515625</ele>
        <time>2026-09-21T09:28:34.000Z</time>
      </trkpt>
      <trkpt lat="39.36304606497287750244140625" lon="8.53252890519797801971435546875">
        <ele>494.399993896484375</ele>
        <time>2026-09-21T09:28:44.000Z</time>
      </trkpt>
      <trkpt lat="39.36305905692279338836669921875" lon="8.53238071314990520477294921875">
        <ele>494.600006103515625</ele>
        <time>2026-09-21T09:28:53.000Z</time>
      </trkpt>
      <trkpt lat="39.36307732947170734405517578125" lon="8.532265461981296539306640625">
        <ele>495.20001220703125</ele>
        <time>2026-09-21T09:29:01.000Z</time>
      </trkpt>
      <trkpt lat="39.363098032772541046142578125" lon="8.5321992449462413787841796875">
        <ele>496.20001220703125</ele>
        <time>2026-09-21T09:29:05.000Z</time>
      </trkpt>
      <trkpt lat="39.3631065823137760162353515625" lon="8.53211064822971820831298828125">
        <ele>496.399993896484375</ele>
        <time>2026-09-21T09:29:09.000Z</time>
      </trkpt>
      <trkpt lat="39.3631246872246265411376953125" lon="8.53199028410017490386962890625">
        <ele>496</ele>
        <time>2026-09-21T09:29:16.000Z</time>
      </trkpt>
      <trkpt lat="39.36316433362662792205810546875" lon="8.5318565927445888519287109375">
        <ele>496</ele>
        <time>2026-09-21T09:29:25.000Z</time>
      </trkpt>
      <trkpt lat="39.36320976354181766510009765625" lon="8.53171217255294322967529296875">
        <ele>495.600006103515625</ele>
        <time>2026-09-21T09:29:33.000Z</time>
      </trkpt>
      <trkpt lat="39.3632329814136028289794921875" lon="8.53163656778633594512939453125">
        <ele>495</ele>
        <time>2026-09-21T09:29:38.000Z</time>
      </trkpt>
      <trkpt lat="39.36324446462094783782958984375" lon="8.53161443956196308135986328125">
        <ele>495</ele>
        <time>2026-09-21T09:29:43.000Z</time>
      </trkpt>
      <trkpt lat="39.3632747232913970947265625" lon="8.5315380804240703582763671875">
        <ele>495</ele>
        <time>2026-09-21T09:29:49.000Z</time>
      </trkpt>
      <trkpt lat="39.3632953427731990814208984375" lon="8.5314049758017063140869140625">
        <ele>493.20001220703125</ele>
        <time>2026-09-21T09:29:56.000Z</time>
      </trkpt>
      <trkpt lat="39.363291822373867034912109375" lon="8.5313714481890201568603515625">
        <ele>492</ele>
        <time>2026-09-21T09:29:58.000Z</time>
      </trkpt>
      <trkpt lat="39.36329685151576995849609375" lon="8.53130380623042583465576171875">
        <ele>490.399993896484375</ele>
        <time>2026-09-21T09:30:02.000Z</time>
      </trkpt>
      <trkpt lat="39.3633023835718631744384765625" lon="8.5312520898878574371337890625">
        <ele>489.20001220703125</ele>
        <time>2026-09-21T09:30:05.000Z</time>
      </trkpt>
      <trkpt lat="39.36333264224231243133544921875" lon="8.53106978349387645721435546875">
        <ele>485.20001220703125</ele>
        <time>2026-09-21T09:30:15.000Z</time>
      </trkpt>
      <trkpt lat="39.36333230696618556976318359375" lon="8.5310180671513080596923828125">
        <ele>484</ele>
        <time>2026-09-21T09:30:19.000Z</time>
      </trkpt>
      <trkpt lat="39.36333817429840564727783203125" lon="8.53099484927952289581298828125">
        <ele>483.600006103515625</ele>
        <time>2026-09-21T09:30:21.000Z</time>
      </trkpt>
      <trkpt lat="39.3634059838950634002685546875" lon="8.53085889481008052825927734375">
        <ele>482.20001220703125</ele>
        <time>2026-09-21T09:30:30.000Z</time>
      </trkpt>
      <trkpt lat="39.36346851289272308349609375" lon="8.53075705468654632568359375">
        <ele>481.20001220703125</ele>
        <time>2026-09-21T09:30:37.000Z</time>
      </trkpt>
      <trkpt lat="39.3634784035384654998779296875" lon="8.53073668666183948516845703125">
        <ele>481</ele>
        <time>2026-09-21T09:30:39.000Z</time>
      </trkpt>
      <trkpt lat="39.36356239020824432373046875" lon="8.5306723974645137786865234375">
        <ele>483</ele>
        <time>2026-09-21T09:30:47.000Z</time>
      </trkpt>
      <trkpt lat="39.36358409933745861053466796875" lon="8.5306422226130962371826171875">
        <ele>483</ele>
        <time>2026-09-21T09:30:49.000Z</time>
      </trkpt>
      <trkpt lat="39.36363556422293186187744140625" lon="8.5305724851787090301513671875">
        <ele>483</ele>
        <time>2026-09-21T09:30:54.000Z</time>
      </trkpt>
      <trkpt lat="39.36366791836917400360107421875" lon="8.5305283963680267333984375">
        <ele>482.600006103515625</ele>
        <time>2026-09-21T09:31:00.000Z</time>
      </trkpt>
      <trkpt lat="39.36366967856884002685546875" lon="8.53053133003413677215576171875">
        <ele>482.79998779296875</ele>
        <time>2026-09-21T09:31:07.000Z</time>
      </trkpt>
      <trkpt lat="39.363670013844966888427734375" lon="8.53053040802478790283203125">
        <ele>482.600006103515625</ele>
        <time>2026-09-21T09:31:11.000Z</time>
      </trkpt>
      <trkpt lat="39.363670013844966888427734375" lon="8.53053040802478790283203125">
        <ele>482.600006103515625</ele>
        <time>2026-09-21T09:31:12.000Z</time>
      </trkpt>
      <trkpt lat="39.363670013844966888427734375" lon="8.53053040802478790283203125">
        <ele>482.600006103515625</ele>
        <time>2026-09-21T09:31:14.000Z</time>
      </trkpt>
      <trkpt lat="39.363670013844966888427734375" lon="8.53053040802478790283203125">
        <ele>482.600006103515625</ele>
        <time>2026-09-21T09:31:18.000Z</time>
      </trkpt>
      <trkpt lat="39.363670013844966888427734375" lon="8.53053040802478790283203125">
        <ele>482.600006103515625</ele>
        <time>2026-09-21T09:31:19.000Z</time>
      </trkpt>
      <trkpt lat="39.363670013844966888427734375" lon="8.53053065948188304901123046875">
        <ele>482.79998779296875</ele>
        <time>2026-09-21T09:31:22.000Z</time>
      </trkpt>
      <trkpt lat="39.36366976238787174224853515625" lon="8.53053065948188304901123046875">
        <ele>482.600006103515625</ele>
        <time>2026-09-21T09:31:23.000Z</time>
      </trkpt>
      <trkpt lat="39.36366976238787174224853515625" lon="8.53053065948188304901123046875">
        <ele>482.600006103515625</ele>
        <time>2026-09-21T09:31:24.000Z</time>
      </trkpt>
      <trkpt lat="39.36366976238787174224853515625" lon="8.53053065948188304901123046875">
        <ele>482.600006103515625</ele>
        <time>2026-09-21T09:31:26.000Z</time>
      </trkpt>
      <trkpt lat="39.36373145319521427154541015625" lon="8.53051741607487201690673828125">
        <ele>484</ele>
        <time>2026-09-21T09:31:38.000Z</time>
      </trkpt>
      <trkpt lat="39.3637741170823574066162109375" lon="8.53052613325417041778564453125">
        <ele>485.600006103515625</ele>
        <time>2026-09-21T09:31:41.000Z</time>
      </trkpt>
      <trkpt lat="39.36380454339087009429931640625" lon="8.53051523678004741668701171875">
        <ele>486</ele>
        <time>2026-09-21T09:31:43.000Z</time>
      </trkpt>
      <trkpt lat="39.36381728388369083404541015625" lon="8.5305128060281276702880859375">
        <ele>486.20001220703125</ele>
        <time>2026-09-21T09:31:48.000Z</time>
      </trkpt>
      <trkpt lat="39.3638710118830204010009765625" lon="8.53047936223447322845458984375">
        <ele>485.20001220703125</ele>
        <time>2026-09-21T09:31:54.000Z</time>
      </trkpt>
      <trkpt lat="39.36395273543894290924072265625" lon="8.53047969751060009002685546875">
        <ele>486.20001220703125</ele>
        <time>2026-09-21T09:32:01.000Z</time>
      </trkpt>
      <trkpt lat="39.36402079649269580841064453125" lon="8.53047701530158519744873046875">
        <ele>486.79998779296875</ele>
        <time>2026-09-21T09:32:06.000Z</time>
      </trkpt>
      <trkpt lat="39.364030770957469940185546875" lon="8.530484475195407867431640625">
        <ele>487.20001220703125</ele>
        <time>2026-09-21T09:32:07.000Z</time>
      </trkpt>
      <trkpt lat="39.3640477024018764495849609375" lon="8.53048472665250301361083984375">
        <ele>487.399993896484375</ele>
        <time>2026-09-21T09:32:09.000Z</time>
      </trkpt>
      <trkpt lat="39.36406320892274379730224609375" lon="8.5304772667586803436279296875">
        <ele>487.20001220703125</ele>
        <time>2026-09-21T09:32:10.000Z</time>
      </trkpt>
      <trkpt lat="39.3641067110002040863037109375" lon="8.53044248186051845550537109375">
        <ele>485.79998779296875</ele>
        <time>2026-09-21T09:32:13.000Z</time>
      </trkpt>
      <trkpt lat="39.36414887197315692901611328125" lon="8.53041733615100383758544921875">
        <ele>484.79998779296875</ele>
        <time>2026-09-21T09:32:16.000Z</time>
      </trkpt>
      <trkpt lat="39.36416379176080226898193359375" lon="8.5304102115333080291748046875">
        <ele>484.399993896484375</ele>
        <time>2026-09-21T09:32:17.000Z</time>
      </trkpt>
      <trkpt lat="39.36418072320520877838134765625" lon="8.53040702641010284423828125">
        <ele>484.399993896484375</ele>
        <time>2026-09-21T09:32:18.000Z</time>
      </trkpt>
      <trkpt lat="39.36421005986630916595458984375" lon="8.53040778078138828277587890625">
        <ele>484.79998779296875</ele>
        <time>2026-09-21T09:32:20.000Z</time>
      </trkpt>
      <trkpt lat="39.36422665603458881378173828125" lon="8.53041180409491062164306640625">
        <ele>485</ele>
        <time>2026-09-21T09:32:21.000Z</time>
      </trkpt>
      <trkpt lat="39.36427275650203227996826171875" lon="8.53041901253163814544677734375">
        <ele>485.600006103515625</ele>
        <time>2026-09-21T09:32:24.000Z</time>
      </trkpt>
      <trkpt lat="39.36432522721588611602783203125" lon="8.53041649796068668365478515625">
        <ele>485.79998779296875</ele>
        <time>2026-09-21T09:32:28.000Z</time>
      </trkpt>
      <trkpt lat="39.36435707844793796539306640625" lon="8.53041431866586208343505859375">
        <ele>485.79998779296875</ele>
        <time>2026-09-21T09:32:31.000Z</time>
      </trkpt>
      <trkpt lat="39.36438322998583316802978515625" lon="8.530430160462856292724609375">
        <ele>486.600006103515625</ele>
        <time>2026-09-21T09:32:34.000Z</time>
      </trkpt>
      <trkpt lat="39.36442614533007144927978515625" lon="8.53044055402278900146484375">
        <ele>487.399993896484375</ele>
        <time>2026-09-21T09:32:38.000Z</time>
      </trkpt>
      <trkpt lat="39.36445154249668121337890625" lon="8.5304497741162776947021484375">
        <ele>487.79998779296875</ele>
        <time>2026-09-21T09:32:40.000Z</time>
      </trkpt>
      <trkpt lat="39.36453393660485744476318359375" lon="8.53046243079006671905517578125">
        <ele>488.600006103515625</ele>
        <time>2026-09-21T09:32:47.000Z</time>
      </trkpt>
      <trkpt lat="39.3645707331597805023193359375" lon="8.53044901974499225616455078125">
        <ele>487.79998779296875</ele>
        <time>2026-09-21T09:32:51.000Z</time>
      </trkpt>
      <trkpt lat="39.36463125050067901611328125" lon="8.53043309412896633148193359375">
        <ele>486.399993896484375</ele>
        <time>2026-09-21T09:32:56.000Z</time>
      </trkpt>
      <trkpt lat="39.3646558932960033416748046875" lon="8.5304249636828899383544921875">
        <ele>485.600006103515625</ele>
        <time>2026-09-21T09:32:58.000Z</time>
      </trkpt>
      <trkpt lat="39.36472219415009021759033203125" lon="8.53040476329624652862548828125">
        <ele>485</ele>
        <time>2026-09-21T09:33:03.000Z</time>
      </trkpt>
      <trkpt lat="39.364763684570789337158203125" lon="8.5303917713463306427001953125">
        <ele>485.20001220703125</ele>
        <time>2026-09-21T09:33:06.000Z</time>
      </trkpt>
      <trkpt lat="39.36477969400584697723388671875" lon="8.5303864069283008575439453125">
        <ele>485.20001220703125</ele>
        <time>2026-09-21T09:33:07.000Z</time>
      </trkpt>
      <trkpt lat="39.36487591825425624847412109375" lon="8.530355729162693023681640625">
        <ele>486.600006103515625</ele>
        <time>2026-09-21T09:33:16.000Z</time>
      </trkpt>
      <trkpt lat="39.36497901566326618194580078125" lon="8.53032245300710201263427734375">
        <ele>488.399993896484375</ele>
        <time>2026-09-21T09:33:25.000Z</time>
      </trkpt>
      <trkpt lat="39.36508580110967159271240234375" lon="8.53028574027121067047119140625">
        <ele>486.79998779296875</ele>
        <time>2026-09-21T09:33:33.000Z</time>
      </trkpt>
      <trkpt lat="39.3651041574776172637939453125" lon="8.53027937002480030059814453125">
        <ele>486.600006103515625</ele>
        <time>2026-09-21T09:33:34.000Z</time>
      </trkpt>
      <trkpt lat="39.3651832826435565948486328125" lon="8.53027232922613620758056640625">
        <ele>486.600006103515625</ele>
        <time>2026-09-21T09:33:39.000Z</time>
      </trkpt>
      <trkpt lat="39.3652702867984771728515625" lon="8.5302714072167873382568359375">
        <ele>488.20001220703125</ele>
        <time>2026-09-21T09:33:46.000Z</time>
      </trkpt>
      <trkpt lat="39.36536190100014209747314453125" lon="8.53025355376303195953369140625">
        <ele>490.79998779296875</ele>
        <time>2026-09-21T09:33:54.000Z</time>
      </trkpt>
      <trkpt lat="39.365487881004810333251953125" lon="8.53020242415368556976318359375">
        <ele>492.399993896484375</ele>
        <time>2026-09-21T09:34:03.000Z</time>
      </trkpt>
      <trkpt lat="39.3655869551002979278564453125" lon="8.53015758097171783447265625">
        <ele>491.600006103515625</ele>
        <time>2026-09-21T09:34:11.000Z</time>
      </trkpt>
      <trkpt lat="39.3656297028064727783203125" lon="8.53011290542781352996826171875">
        <ele>489</ele>
        <time>2026-09-21T09:34:16.000Z</time>
      </trkpt>
      <trkpt lat="39.36564722098410129547119140625" lon="8.5300970636308193206787109375">
        <ele>489</ele>
        <time>2026-09-21T09:34:18.000Z</time>
      </trkpt>
      <trkpt lat="39.3656895495951175689697265625" lon="8.53005222044885158538818359375">
        <ele>488.600006103515625</ele>
        <time>2026-09-21T09:34:21.000Z</time>
      </trkpt>
      <trkpt lat="39.36574026010930538177490234375" lon="8.53001265786588191986083984375">
        <ele>488.79998779296875</ele>
        <time>2026-09-21T09:34:25.000Z</time>
      </trkpt>
      <trkpt lat="39.3658286891877651214599609375" lon="8.5299166850745677947998046875">
        <ele>485.79998779296875</ele>
        <time>2026-09-21T09:34:34.000Z</time>
      </trkpt>
      <trkpt lat="39.36589130200445652008056640625" lon="8.52986681275069713592529296875">
        <ele>484.399993896484375</ele>
        <time>2026-09-21T09:34:40.000Z</time>
      </trkpt>
      <trkpt lat="39.3660067208111286163330078125" lon="8.52979791350662708282470703125">
        <ele>485</ele>
        <time>2026-09-21T09:34:50.000Z</time>
      </trkpt>
      <trkpt lat="39.366109482944011688232421875" lon="8.529759608209133148193359375">
        <ele>486.79998779296875</ele>
        <time>2026-09-21T09:34:58.000Z</time>
      </trkpt>
      <trkpt lat="39.36619690619409084320068359375" lon="8.529730774462223052978515625">
        <ele>486.20001220703125</ele>
        <time>2026-09-21T09:35:04.000Z</time>
      </trkpt>
      <trkpt lat="39.366226829588413238525390625" lon="8.529709987342357635498046875">
        <ele>485.399993896484375</ele>
        <time>2026-09-21T09:35:07.000Z</time>
      </trkpt>
      <trkpt lat="39.366307966411113739013671875" lon="8.52967654354870319366455078125">
        <ele>484.79998779296875</ele>
        <time>2026-09-21T09:35:14.000Z</time>
      </trkpt>
      <trkpt lat="39.36642724089324474334716796875" lon="8.52963815443217754364013671875">
        <ele>484.399993896484375</ele>
        <time>2026-09-21T09:35:24.000Z</time>
      </trkpt>
      <trkpt lat="39.36652220785617828369140625" lon="8.52964905090630054473876953125">
        <ele>486.79998779296875</ele>
        <time>2026-09-21T09:35:31.000Z</time>
      </trkpt>
      <trkpt lat="39.36657392419874668121337890625" lon="8.529647625982761383056640625">
        <ele>487.79998779296875</ele>
        <time>2026-09-21T09:35:35.000Z</time>
      </trkpt>
      <trkpt lat="39.36661264859139919281005859375" lon="8.5296414233744144439697265625">
        <ele>488.399993896484375</ele>
        <time>2026-09-21T09:35:39.000Z</time>
      </trkpt>
      <trkpt lat="39.366703592240810394287109375" lon="8.5296038724482059478759765625">
        <ele>486.20001220703125</ele>
        <time>2026-09-21T09:35:47.000Z</time>
      </trkpt>
      <trkpt lat="39.3667171709239482879638671875" lon="8.52960378862917423248291015625">
        <ele>486</ele>
        <time>2026-09-21T09:35:48.000Z</time>
      </trkpt>
      <trkpt lat="39.36675488948822021484375" lon="8.529595322906970977783203125">
        <ele>485.399993896484375</ele>
        <time>2026-09-21T09:35:51.000Z</time>
      </trkpt>
      <trkpt lat="39.36680912040174007415771484375" lon="8.52957830764353275299072265625">
        <ele>484.600006103515625</ele>
        <time>2026-09-21T09:35:56.000Z</time>
      </trkpt>
      <trkpt lat="39.3668460845947265625" lon="8.529573194682598114013671875">
        <ele>484.399993896484375</ele>
        <time>2026-09-21T09:35:59.000Z</time>
      </trkpt>
      <trkpt lat="39.36697206459939479827880859375" lon="8.52957378141582012176513671875">
        <ele>484.20001220703125</ele>
        <time>2026-09-21T09:36:08.000Z</time>
      </trkpt>
      <trkpt lat="39.36703585088253021240234375" lon="8.529598005115985870361328125">
        <ele>484.79998779296875</ele>
        <time>2026-09-21T09:36:14.000Z</time>
      </trkpt>
      <trkpt lat="39.3670745752751827239990234375" lon="8.52964083664119243621826171875">
        <ele>486.600006103515625</ele>
        <time>2026-09-21T09:36:18.000Z</time>
      </trkpt>
      <trkpt lat="39.3671007268130779266357421875" lon="8.52966648526489734649658203125">
        <ele>487.600006103515625</ele>
        <time>2026-09-21T09:36:20.000Z</time>
      </trkpt>
      <trkpt lat="39.3671268783509731292724609375" lon="8.52968710474669933319091796875">
        <ele>488.399993896484375</ele>
        <time>2026-09-21T09:36:22.000Z</time>
      </trkpt>
      <trkpt lat="39.367192424833774566650390625" lon="8.5297272540628910064697265625">
        <ele>489.79998779296875</ele>
        <time>2026-09-21T09:36:27.000Z</time>
      </trkpt>
      <trkpt lat="39.367289654910564422607421875" lon="8.5297745279967784881591796875">
        <ele>488.600006103515625</ele>
        <time>2026-09-21T09:36:36.000Z</time>
      </trkpt>
      <trkpt lat="39.3673642538487911224365234375" lon="8.529807887971401214599609375">
        <ele>487.79998779296875</ele>
        <time>2026-09-21T09:36:41.000Z</time>
      </trkpt>
      <trkpt lat="39.3674437142908573150634765625" lon="8.52983932010829448699951171875">
        <ele>486.600006103515625</ele>
        <time>2026-09-21T09:36:46.000Z</time>
      </trkpt>
      <trkpt lat="39.36754521913826465606689453125" lon="8.5298657231032848358154296875">
        <ele>486.600006103515625</ele>
        <time>2026-09-21T09:36:55.000Z</time>
      </trkpt>
      <trkpt lat="39.36759148724377155303955078125" lon="8.5298737697303295135498046875">
        <ele>486.600006103515625</ele>
        <time>2026-09-21T09:36:59.000Z</time>
      </trkpt>
      <trkpt lat="39.36765217222273349761962890625" lon="8.52989246137440204620361328125">
        <ele>487</ele>
        <time>2026-09-21T09:37:04.000Z</time>
      </trkpt>
      <trkpt lat="39.367789216339588165283203125" lon="8.52994090877473354339599609375">
        <ele>488.20001220703125</ele>
        <time>2026-09-21T09:37:15.000Z</time>
      </trkpt>
      <trkpt lat="39.36789792962372303009033203125" lon="8.5299731791019439697265625">
        <ele>488.600006103515625</ele>
        <time>2026-09-21T09:37:25.000Z</time>
      </trkpt>
      <trkpt lat="39.36804570257663726806640625" lon="8.53004551492631435394287109375">
        <ele>490.20001220703125</ele>
        <time>2026-09-21T09:37:35.000Z</time>
      </trkpt>
      <trkpt lat="39.36810445971786975860595703125" lon="8.53007351048290729522705078125">
        <ele>491.20001220703125</ele>
        <time>2026-09-21T09:37:40.000Z</time>
      </trkpt>
      <trkpt lat="39.36815299093723297119140625" lon="8.53008440695703029632568359375">
        <ele>491.600006103515625</ele>
        <time>2026-09-21T09:37:44.000Z</time>
      </trkpt>
      <trkpt lat="39.36830344609916210174560546875" lon="8.53007351048290729522705078125">
        <ele>492</ele>
        <time>2026-09-21T09:37:55.000Z</time>
      </trkpt>
      <trkpt lat="39.368401430547237396240234375" lon="8.53003495372831821441650390625">
        <ele>491.79998779296875</ele>
        <time>2026-09-21T09:38:02.000Z</time>
      </trkpt>
      <trkpt lat="39.3684787116944789886474609375" lon="8.53001718409359455108642578125">
        <ele>491.600006103515625</ele>
        <time>2026-09-21T09:38:09.000Z</time>
      </trkpt>
      <trkpt lat="39.36850042082369327545166015625" lon="8.53001483716070652008056640625">
        <ele>491.79998779296875</ele>
        <time>2026-09-21T09:38:11.000Z</time>
      </trkpt>
      <trkpt lat="39.3685881793498992919921875" lon="8.53000930510461330413818359375">
        <ele>492</ele>
        <time>2026-09-21T09:38:17.000Z</time>
      </trkpt>
      <trkpt lat="39.36867258511483669281005859375" lon="8.5300078801810741424560546875">
        <ele>492.399993896484375</ele>
        <time>2026-09-21T09:38:23.000Z</time>
      </trkpt>
      <trkpt lat="39.3688384629786014556884765625" lon="8.53001450188457965850830078125">
        <ele>493.20001220703125</ele>
        <time>2026-09-21T09:38:34.000Z</time>
      </trkpt>
      <trkpt lat="39.36893125064671039581298828125" lon="8.5300407372415065765380859375">
        <ele>493.79998779296875</ele>
        <time>2026-09-21T09:38:43.000Z</time>
      </trkpt>
      <trkpt lat="39.36903434805572032928466796875" lon="8.5300923697650432586669921875">
        <ele>495</ele>
        <time>2026-09-21T09:38:51.000Z</time>
      </trkpt>
      <trkpt lat="39.3690976314246654510498046875" lon="8.53012179024517536163330078125">
        <ele>495.79998779296875</ele>
        <time>2026-09-21T09:38:55.000Z</time>
      </trkpt>
      <trkpt lat="39.3691764213144779205322265625" lon="8.53013612329959869384765625">
        <ele>495.20001220703125</ele>
        <time>2026-09-21T09:39:02.000Z</time>
      </trkpt>
      <trkpt lat="39.3692823685705661773681640625" lon="8.53012229315936565399169921875">
        <ele>492.79998779296875</ele>
        <time>2026-09-21T09:39:12.000Z</time>
      </trkpt>
      <trkpt lat="39.36938286758959293365478515625" lon="8.53008155710995197296142578125">
        <ele>490.79998779296875</ele>
        <time>2026-09-21T09:39:20.000Z</time>
      </trkpt>
      <trkpt lat="39.36947473324835300445556640625" lon="8.53005356155335903167724609375">
        <ele>489.600006103515625</ele>
        <time>2026-09-21T09:39:27.000Z</time>
      </trkpt>
      <trkpt lat="39.3695103563368320465087890625" lon="8.53003394789993762969970703125">
        <ele>489</ele>
        <time>2026-09-21T09:39:33.000Z</time>
      </trkpt>
      <trkpt lat="39.369565509259700775146484375" lon="8.53002212941646575927734375">
        <ele>488.20001220703125</ele>
        <time>2026-09-21T09:39:38.000Z</time>
      </trkpt>
      <trkpt lat="39.36959643848240375518798828125" lon="8.5299994982779026031494140625">
        <ele>487.399993896484375</ele>
        <time>2026-09-21T09:39:41.000Z</time>
      </trkpt>
      <trkpt lat="39.36961689032614231109619140625" lon="8.5299874283373355865478515625">
        <ele>487.20001220703125</ele>
        <time>2026-09-21T09:39:43.000Z</time>
      </trkpt>
      <trkpt lat="39.3697044812142848968505859375" lon="8.52995683439075946807861328125">
        <ele>486.600006103515625</ele>
        <time>2026-09-21T09:39:50.000Z</time>
      </trkpt>
      <trkpt lat="39.3698499910533428192138671875" lon="8.52989765815436840057373046875">
        <ele>487.600006103515625</ele>
        <time>2026-09-21T09:40:00.000Z</time>
      </trkpt>
      <trkpt lat="39.36986013315618038177490234375" lon="8.52989112026989459991455078125">
        <ele>487.600006103515625</ele>
        <time>2026-09-21T09:40:01.000Z</time>
      </trkpt>
      <trkpt lat="39.3699334748089313507080078125" lon="8.5298573412001132965087890625">
        <ele>487.20001220703125</ele>
        <time>2026-09-21T09:40:08.000Z</time>
      </trkpt>
      <trkpt lat="39.369957782328128814697265625" lon="8.52985449135303497314453125">
        <ele>487.20001220703125</ele>
        <time>2026-09-21T09:40:10.000Z</time>
      </trkpt>
      <trkpt lat="39.36999038793146610260009765625" lon="8.52984267286956310272216796875">
        <ele>487.399993896484375</ele>
        <time>2026-09-21T09:40:13.000Z</time>
      </trkpt>
      <trkpt lat="39.37000597827136516571044921875" lon="8.52982272394001483917236328125">
        <ele>487.20001220703125</ele>
        <time>2026-09-21T09:40:15.000Z</time>
      </trkpt>
      <trkpt lat="39.37004453502595424652099609375" lon="8.52977930568158626556396484375">
        <ele>486.600006103515625</ele>
        <time>2026-09-21T09:40:19.000Z</time>
      </trkpt>
      <trkpt lat="39.37007722444832324981689453125" lon="8.5297121666371822357177734375">
        <ele>485.399993896484375</ele>
        <time>2026-09-21T09:40:25.000Z</time>
      </trkpt>
      <trkpt lat="39.37010371126234531402587890625" lon="8.5296995937824249267578125">
        <ele>485.399993896484375</ele>
        <time>2026-09-21T09:40:27.000Z</time>
      </trkpt>
      <trkpt lat="39.3702167831361293792724609375" lon="8.529677130281925201416015625">
        <ele>485.79998779296875</ele>
        <time>2026-09-21T09:40:36.000Z</time>
      </trkpt>
      <trkpt lat="39.370236732065677642822265625" lon="8.52967805229127407073974609375">
        <ele>485.79998779296875</ele>
        <time>2026-09-21T09:40:38.000Z</time>
      </trkpt>
      <trkpt lat="39.370313845574855804443359375" lon="8.52963966317474842071533203125">
        <ele>486.399993896484375</ele>
        <time>2026-09-21T09:40:45.000Z</time>
      </trkpt>
      <trkpt lat="39.3703180365264415740966796875" lon="8.5296260006725788116455078125">
        <ele>486.399993896484375</ele>
        <time>2026-09-21T09:40:46.000Z</time>
      </trkpt>
      <trkpt lat="39.370321221649646759033203125" lon="8.529609739780426025390625">
        <ele>486.399993896484375</ele>
        <time>2026-09-21T09:40:47.000Z</time>
      </trkpt>
      <trkpt lat="39.37031024135649204254150390625" lon="8.5295747034251689910888671875">
        <ele>486.20001220703125</ele>
        <time>2026-09-21T09:40:50.000Z</time>
      </trkpt>
      <trkpt lat="39.3703032843768596649169921875" lon="8.5295626334846019744873046875">
        <ele>486</ele>
        <time>2026-09-21T09:40:51.000Z</time>
      </trkpt>
      <trkpt lat="39.3702305294573307037353515625" lon="8.5295225679874420166015625">
        <ele>485.20001220703125</ele>
        <time>2026-09-21T09:40:58.000Z</time>
      </trkpt>
      <trkpt lat="39.37015735544264316558837890625" lon="8.52946531958878040313720703125">
        <ele>484.79998779296875</ele>
        <time>2026-09-21T09:41:07.000Z</time>
      </trkpt>
      <trkpt lat="39.37007655389606952667236328125" lon="8.529428355395793914794921875">
        <ele>484.399993896484375</ele>
        <time>2026-09-21T09:41:14.000Z</time>
      </trkpt>
      <trkpt lat="39.37005710788071155548095703125" lon="8.52941402234137058258056640625">
        <ele>484.399993896484375</ele>
        <time>2026-09-21T09:41:16.000Z</time>
      </trkpt>
      <trkpt lat="39.369939006865024566650390625" lon="8.529353253543376922607421875">
        <ele>484</ele>
        <time>2026-09-21T09:41:26.000Z</time>
      </trkpt>
      <trkpt lat="39.369906485080718994140625" lon="8.529343195259571075439453125">
        <ele>483.79998779296875</ele>
        <time>2026-09-21T09:41:29.000Z</time>
      </trkpt>
      <trkpt lat="39.3698845244944095611572265625" lon="8.52933322079479694366455078125">
        <ele>483.600006103515625</ele>
        <time>2026-09-21T09:41:32.000Z</time>
      </trkpt>
      <trkpt lat="39.3698627315461635589599609375" lon="8.52931444533169269561767578125">
        <ele>483.399993896484375</ele>
        <time>2026-09-21T09:41:35.000Z</time>
      </trkpt>
      <trkpt lat="39.3697763979434967041015625" lon="8.5292650759220123291015625">
        <ele>482.600006103515625</ele>
        <time>2026-09-21T09:41:42.000Z</time>
      </trkpt>
      <trkpt lat="39.36974647454917430877685546875" lon="8.5292474739253520965576171875">
        <ele>482.399993896484375</ele>
        <time>2026-09-21T09:41:45.000Z</time>
      </trkpt>
      <trkpt lat="39.3697232566773891448974609375" lon="8.52923381142318248748779296875">
        <ele>482.20001220703125</ele>
        <time>2026-09-21T09:41:48.000Z</time>
      </trkpt>
      <trkpt lat="39.36970221810042858123779296875" lon="8.52922576479613780975341796875">
        <ele>482.20001220703125</ele>
        <time>2026-09-21T09:41:50.000Z</time>
      </trkpt>
      <trkpt lat="39.36960934661328792572021484375" lon="8.52918737567961215972900390625">
        <ele>480.600006103515625</ele>
        <time>2026-09-21T09:41:57.000Z</time>
      </trkpt>
      <trkpt lat="39.369535334408283233642578125" lon="8.52917413227260112762451171875">
        <ele>479.20001220703125</ele>
        <time>2026-09-21T09:42:04.000Z</time>
      </trkpt>
      <trkpt lat="39.369528293609619140625" lon="8.529166169464588165283203125">
        <ele>479.20001220703125</ele>
        <time>2026-09-21T09:42:05.000Z</time>
      </trkpt>
      <trkpt lat="39.3694764934480190277099609375" lon="8.52913431823253631591796875">
        <ele>478.20001220703125</ele>
        <time>2026-09-21T09:42:09.000Z</time>
      </trkpt>
      <trkpt lat="39.3693983741104602813720703125" lon="8.52910975925624370574951171875">
        <ele>476.79998779296875</ele>
        <time>2026-09-21T09:42:15.000Z</time>
      </trkpt>
      <trkpt lat="39.36939242295920848846435546875" lon="8.52910171262919902801513671875">
        <ele>476.600006103515625</ele>
        <time>2026-09-21T09:42:16.000Z</time>
      </trkpt>
      <trkpt lat="39.3693859688937664031982421875" lon="8.52909735403954982757568359375">
        <ele>476.600006103515625</ele>
        <time>2026-09-21T09:42:17.000Z</time>
      </trkpt>
      <trkpt lat="39.3693383596837520599365234375" lon="8.5290852002799510955810546875">
        <ele>475.399993896484375</ele>
        <time>2026-09-21T09:42:22.000Z</time>
      </trkpt>
      <trkpt lat="39.3693231046199798583984375" lon="8.529090397059917449951171875">
        <ele>475.20001220703125</ele>
        <time>2026-09-21T09:42:23.000Z</time>
      </trkpt>
      <trkpt lat="39.36925043351948261260986328125" lon="8.52908813394606113433837890625">
        <ele>474.20001220703125</ele>
        <time>2026-09-21T09:42:28.000Z</time>
      </trkpt>
      <trkpt lat="39.36923928558826446533203125" lon="8.529079668223857879638671875">
        <ele>473.79998779296875</ele>
        <time>2026-09-21T09:42:29.000Z</time>
      </trkpt>
      <trkpt lat="39.36919025145471096038818359375" lon="8.52905494160950183868408203125">
        <ele>473</ele>
        <time>2026-09-21T09:42:34.000Z</time>
      </trkpt>
      <trkpt lat="39.36918237246572971343994140625" lon="8.5290499962866306304931640625">
        <ele>472.79998779296875</ele>
        <time>2026-09-21T09:42:35.000Z</time>
      </trkpt>
      <trkpt lat="39.3691170774400234222412109375" lon="8.52901336736977100372314453125">
        <ele>471.79998779296875</ele>
        <time>2026-09-21T09:42:41.000Z</time>
      </trkpt>
      <trkpt lat="39.36903409659862518310546875" lon="8.5289658419787883758544921875">
        <ele>471.20001220703125</ele>
        <time>2026-09-21T09:42:48.000Z</time>
      </trkpt>
      <trkpt lat="39.36902713961899280548095703125" lon="8.528962992131710052490234375">
        <ele>471.20001220703125</ele>
        <time>2026-09-21T09:42:49.000Z</time>
      </trkpt>
      <trkpt lat="39.36895304359495639801025390625" lon="8.52891764603555202484130859375">
        <ele>470.600006103515625</ele>
        <time>2026-09-21T09:42:56.000Z</time>
      </trkpt>
      <trkpt lat="39.368897974491119384765625" lon="8.52888881228864192962646484375">
        <ele>470.20001220703125</ele>
        <time>2026-09-21T09:43:00.000Z</time>
      </trkpt>
      <trkpt lat="39.3688830547034740447998046875" lon="8.528885543346405029296875">
        <ele>470.20001220703125</ele>
        <time>2026-09-21T09:43:01.000Z</time>
      </trkpt>
      <trkpt lat="39.36886670999228954315185546875" lon="8.52888177148997783660888671875">
        <ele>470.20001220703125</ele>
        <time>2026-09-21T09:43:02.000Z</time>
      </trkpt>
      <trkpt lat="39.36885447241365909576416015625" lon="8.5288749821484088897705078125">
        <ele>470.20001220703125</ele>
        <time>2026-09-21T09:43:03.000Z</time>
      </trkpt>
      <trkpt lat="39.36883720569312572479248046875" lon="8.52886484004557132720947265625">
        <ele>470.20001220703125</ele>
        <time>2026-09-21T09:43:05.000Z</time>
      </trkpt>
      <trkpt lat="39.3688153289258480072021484375" lon="8.52885746397078037261962890625">
        <ele>470.20001220703125</ele>
        <time>2026-09-21T09:43:08.000Z</time>
      </trkpt>
      <trkpt lat="39.36875925399363040924072265625" lon="8.52883835323154926300048828125">
        <ele>470.399993896484375</ele>
        <time>2026-09-21T09:43:14.000Z</time>
      </trkpt>
      <trkpt lat="39.3687177635729312896728515625" lon="8.52882225997745990753173828125">
        <ele>470.600006103515625</ele>
        <time>2026-09-21T09:43:17.000Z</time>
      </trkpt>
      <trkpt lat="39.36867199838161468505859375" lon="8.52883164770901203155517578125">
        <ele>470.399993896484375</ele>
        <time>2026-09-21T09:43:20.000Z</time>
      </trkpt>
      <trkpt lat="39.368624724447727203369140625" lon="8.52885260246694087982177734375">
        <ele>470.399993896484375</ele>
        <time>2026-09-21T09:43:24.000Z</time>
      </trkpt>
      <trkpt lat="39.368550963699817657470703125" lon="8.52884891442954540252685546875">
        <ele>470.20001220703125</ele>
        <time>2026-09-21T09:43:31.000Z</time>
      </trkpt>
      <trkpt lat="39.36851852573454380035400390625" lon="8.5288521833717823028564453125">
        <ele>470</ele>
        <time>2026-09-21T09:43:33.000Z</time>
      </trkpt>
      <trkpt lat="39.36846069060266017913818359375" lon="8.528838939964771270751953125">
        <ele>469.600006103515625</ele>
        <time>2026-09-21T09:43:37.000Z</time>
      </trkpt>
      <trkpt lat="39.3683928810060024261474609375" lon="8.52880968712270259857177734375">
        <ele>469.399993896484375</ele>
        <time>2026-09-21T09:43:42.000Z</time>
      </trkpt>
      <trkpt lat="39.36830897815525531768798828125" lon="8.52879594080150127410888671875">
        <ele>468.79998779296875</ele>
        <time>2026-09-21T09:43:50.000Z</time>
      </trkpt>
      <trkpt lat="39.3681933917105197906494140625" lon="8.52878437377512454986572265625">
        <ele>468</ele>
        <time>2026-09-21T09:43:59.000Z</time>
      </trkpt>
      <trkpt lat="39.36811669729650020599365234375" lon="8.5287925042212009429931640625">
        <ele>467.79998779296875</ele>
        <time>2026-09-21T09:44:07.000Z</time>
      </trkpt>
      <trkpt lat="39.36801460571587085723876953125" lon="8.5287847928702831268310546875">
        <ele>467.399993896484375</ele>
        <time>2026-09-21T09:44:14.000Z</time>
      </trkpt>
      <trkpt lat="39.36798510141670703887939453125" lon="8.52877498604357242584228515625">
        <ele>467.600006103515625</ele>
        <time>2026-09-21T09:44:17.000Z</time>
      </trkpt>
      <trkpt lat="39.3679781444370746612548828125" lon="8.528771214187145233154296875">
        <ele>467.79998779296875</ele>
        <time>2026-09-21T09:44:18.000Z</time>
      </trkpt>
      <trkpt lat="39.3679389171302318572998046875" lon="8.52877314202487468719482421875">
        <ele>468</ele>
        <time>2026-09-21T09:44:22.000Z</time>
      </trkpt>
      <trkpt lat="39.36777404509484767913818359375" lon="8.52880566380918025970458984375">
        <ele>468</ele>
        <time>2026-09-21T09:44:33.000Z</time>
      </trkpt>
      <trkpt lat="39.36767681501805782318115234375" lon="8.52884489111602306365966796875">
        <ele>467.399993896484375</ele>
        <time>2026-09-21T09:44:42.000Z</time>
      </trkpt>
      <trkpt lat="39.36755544506013393402099609375" lon="8.5288820229470729827880859375">
        <ele>466.399993896484375</ele>
        <time>2026-09-21T09:44:50.000Z</time>
      </trkpt>
      <trkpt lat="39.36751051805913448333740234375" lon="8.528885543346405029296875">
        <ele>466.20001220703125</ele>
        <time>2026-09-21T09:44:53.000Z</time>
      </trkpt>
      <trkpt lat="39.36746391467750072479248046875" lon="8.52887406013906002044677734375">
        <ele>466.20001220703125</ele>
        <time>2026-09-21T09:44:57.000Z</time>
      </trkpt>
      <trkpt lat="39.36744756996631622314453125" lon="8.52887070737779140472412109375">
        <ele>466.20001220703125</ele>
        <time>2026-09-21T09:44:59.000Z</time>
      </trkpt>
      <trkpt lat="39.36734304763376712799072265625" lon="8.5289001278579235076904296875">
        <ele>466.399993896484375</ele>
        <time>2026-09-21T09:45:08.000Z</time>
      </trkpt>
      <trkpt lat="39.3673092685639858245849609375" lon="8.52893717586994171142578125">
        <ele>467.20001220703125</ele>
        <time>2026-09-21T09:45:12.000Z</time>
      </trkpt>
      <trkpt lat="39.3672616593539714813232421875" lon="8.52897313423454761505126953125">
        <ele>467.79998779296875</ele>
        <time>2026-09-21T09:45:17.000Z</time>
      </trkpt>
      <trkpt lat="39.3672418780624866485595703125" lon="8.5289708711206912994384765625">
        <ele>467.79998779296875</ele>
        <time>2026-09-21T09:45:19.000Z</time>
      </trkpt>
      <trkpt lat="39.3671832047402858734130859375" lon="8.52894731797277927398681640625">
        <ele>467.600006103515625</ele>
        <time>2026-09-21T09:45:24.000Z</time>
      </trkpt>
      <trkpt lat="39.367170967161655426025390625" lon="8.5289333201944828033447265625">
        <ele>467.20001220703125</ele>
        <time>2026-09-21T09:45:25.000Z</time>
      </trkpt>
      <trkpt lat="39.36712545342743396759033203125" lon="8.52890641428530216217041015625">
        <ele>466</ele>
        <time>2026-09-21T09:45:31.000Z</time>
      </trkpt>
      <trkpt lat="39.3670199252665042877197265625" lon="8.52890322916209697723388671875">
        <ele>464.20001220703125</ele>
        <time>2026-09-21T09:45:39.000Z</time>
      </trkpt>
      <trkpt lat="39.3670048378407955169677734375" lon="8.52889962494373321533203125">
        <ele>463.79998779296875</ele>
        <time>2026-09-21T09:45:40.000Z</time>
      </trkpt>
      <trkpt lat="39.3669703043997287750244140625" lon="8.52889333851635456085205078125">
        <ele>463.20001220703125</ele>
        <time>2026-09-21T09:45:42.000Z</time>
      </trkpt>
      <trkpt lat="39.36692562885582447052001953125" lon="8.52888043038547039031982421875">
        <ele>462.399993896484375</ele>
        <time>2026-09-21T09:45:46.000Z</time>
      </trkpt>
      <trkpt lat="39.36684348620474338531494140625" lon="8.528821505606174468994140625">
        <ele>460.600006103515625</ele>
        <time>2026-09-21T09:45:55.000Z</time>
      </trkpt>
      <trkpt lat="39.3667765147984027862548828125" lon="8.52879124693572521209716796875">
        <ele>459.20001220703125</ele>
        <time>2026-09-21T09:46:01.000Z</time>
      </trkpt>
      <trkpt lat="39.36673351563513278961181640625" lon="8.5287650115787982940673828125">
        <ele>458.399993896484375</ele>
        <time>2026-09-21T09:46:04.000Z</time>
      </trkpt>
      <trkpt lat="39.36662279069423675537109375" lon="8.5287381894886493682861328125">
        <ele>456.399993896484375</ele>
        <time>2026-09-21T09:46:12.000Z</time>
      </trkpt>
      <trkpt lat="39.3665545620024204254150390625" lon="8.52872662246227264404296875">
        <ele>455.600006103515625</ele>
        <time>2026-09-21T09:46:19.000Z</time>
      </trkpt>
      <trkpt lat="39.3664590083062648773193359375" lon="8.5287060029804706573486328125">
        <ele>454.399993896484375</ele>
        <time>2026-09-21T09:46:26.000Z</time>
      </trkpt>
      <trkpt lat="39.3663512170314788818359375" lon="8.528678677976131439208984375">
        <ele>453.20001220703125</ele>
        <time>2026-09-21T09:46:35.000Z</time>
      </trkpt>
      <trkpt lat="39.366228170692920684814453125" lon="8.5286932624876499176025390625">
        <ele>453.20001220703125</ele>
        <time>2026-09-21T09:46:44.000Z</time>
      </trkpt>
      <trkpt lat="39.366137981414794921875" lon="8.52871119976043701171875">
        <ele>453</ele>
        <time>2026-09-21T09:46:52.000Z</time>
      </trkpt>
      <trkpt lat="39.3660348840057849884033203125" lon="8.5287878103554248809814453125">
        <ele>453</ele>
        <time>2026-09-21T09:47:00.000Z</time>
      </trkpt>
      <trkpt lat="39.365937821567058563232421875" lon="8.528854362666606903076171875">
        <ele>453.600006103515625</ele>
        <time>2026-09-21T09:47:09.000Z</time>
      </trkpt>
      <trkpt lat="39.36582575552165508270263671875" lon="8.52892418392002582550048828125">
        <ele>453.79998779296875</ele>
        <time>2026-09-21T09:47:19.000Z</time>
      </trkpt>
      <trkpt lat="39.36580245383083820343017578125" lon="8.52894254028797149658203125">
        <ele>453.600006103515625</ele>
        <time>2026-09-21T09:47:21.000Z</time>
      </trkpt>
      <trkpt lat="39.36572198756039142608642578125" lon="8.5290043987333774566650390625">
        <ele>454</ele>
        <time>2026-09-21T09:47:28.000Z</time>
      </trkpt>
      <trkpt lat="39.36570539139211177825927734375" lon="8.52902610786259174346923828125">
        <ele>454</ele>
        <time>2026-09-21T09:47:30.000Z</time>
      </trkpt>
      <trkpt lat="39.365690052509307861328125" lon="8.5290349088609218597412109375">
        <ele>454.20001220703125</ele>
        <time>2026-09-21T09:47:31.000Z</time>
      </trkpt>
      <trkpt lat="39.365641772747039794921875" lon="8.529072292149066925048828125">
        <ele>453.600006103515625</ele>
        <time>2026-09-21T09:47:36.000Z</time>
      </trkpt>
      <trkpt lat="39.36552685685455799102783203125" lon="8.52914663963019847869873046875">
        <ele>451.600006103515625</ele>
        <time>2026-09-21T09:47:46.000Z</time>
      </trkpt>
      <trkpt lat="39.36551126651465892791748046875" lon="8.52915317751467227935791015625">
        <ele>451.600006103515625</ele>
        <time>2026-09-21T09:47:47.000Z</time>
      </trkpt>
      <trkpt lat="39.36537061817944049835205078125" lon="8.5291926562786102294921875">
        <ele>451.600006103515625</ele>
        <time>2026-09-21T09:47:56.000Z</time>
      </trkpt>
      <trkpt lat="39.36525545082986354827880859375" lon="8.52920732460916042327880859375">
        <ele>451.79998779296875</ele>
        <time>2026-09-21T09:48:04.000Z</time>
      </trkpt>
      <trkpt lat="39.36514464206993579864501953125" lon="8.52918989025056362152099609375">
        <ele>451.399993896484375</ele>
        <time>2026-09-21T09:48:12.000Z</time>
      </trkpt>
      <trkpt lat="39.3651024810969829559326171875" lon="8.5291921533644199371337890625">
        <ele>451.399993896484375</ele>
        <time>2026-09-21T09:48:15.000Z</time>
      </trkpt>
      <trkpt lat="39.365087561309337615966796875" lon="8.52919123135507106781005859375">
        <ele>451.20001220703125</ele>
        <time>2026-09-21T09:48:16.000Z</time>
      </trkpt>
      <trkpt lat="39.36504741199314594268798828125" lon="8.529188632965087890625">
        <ele>451.20001220703125</ele>
        <time>2026-09-21T09:48:19.000Z</time>
      </trkpt>
      <trkpt lat="39.36501623131334781646728515625" lon="8.5292062349617481231689453125">
        <ele>450.79998779296875</ele>
        <time>2026-09-21T09:48:21.000Z</time>
      </trkpt>
      <trkpt lat="39.36499125324189662933349609375" lon="8.52921604178845882415771484375">
        <ele>450.600006103515625</ele>
        <time>2026-09-21T09:48:23.000Z</time>
      </trkpt>
      <trkpt lat="39.3649536184966564178466796875" lon="8.5292323864996433258056640625">
        <ele>449.600006103515625</ele>
        <time>2026-09-21T09:48:26.000Z</time>
      </trkpt>
      <trkpt lat="39.36486192047595977783203125" lon="8.52927069179713726043701171875">
        <ele>447.20001220703125</ele>
        <time>2026-09-21T09:48:33.000Z</time>
      </trkpt>
      <trkpt lat="39.364815317094326019287109375" lon="8.52927773259580135345458984375">
        <ele>446.20001220703125</ele>
        <time>2026-09-21T09:48:37.000Z</time>
      </trkpt>
      <trkpt lat="39.3647338449954986572265625" lon="8.52930195629596710205078125">
        <ele>445.20001220703125</ele>
        <time>2026-09-21T09:48:45.000Z</time>
      </trkpt>
      <trkpt lat="39.36462261714041233062744140625" lon="8.529266081750392913818359375">
        <ele>442.399993896484375</ele>
        <time>2026-09-21T09:48:53.000Z</time>
      </trkpt>
      <trkpt lat="39.364495463669300079345703125" lon="8.52923490107059478759765625">
        <ele>436.79998779296875</ele>
        <time>2026-09-21T09:49:01.000Z</time>
      </trkpt>
      <trkpt lat="39.36443117447197437286376953125" lon="8.5292142815887928009033203125">
        <ele>434.399993896484375</ele>
        <time>2026-09-21T09:49:05.000Z</time>
      </trkpt>
      <trkpt lat="39.3643910251557826995849609375" lon="8.52919223718345165252685546875">
        <ele>433.20001220703125</ele>
        <time>2026-09-21T09:49:08.000Z</time>
      </trkpt>
      <trkpt lat="39.3643766082823276519775390625" lon="8.529185950756072998046875">
        <ele>432.79998779296875</ele>
        <time>2026-09-21T09:49:09.000Z</time>
      </trkpt>
      <trkpt lat="39.36431609094142913818359375" lon="8.52916440926492214202880859375">
        <ele>431.20001220703125</ele>
        <time>2026-09-21T09:49:13.000Z</time>
      </trkpt>
      <trkpt lat="39.3643041886389255523681640625" lon="8.529159128665924072265625">
        <ele>431</ele>
        <time>2026-09-21T09:49:14.000Z</time>
      </trkpt>
      <trkpt lat="39.3642617762088775634765625" lon="8.529151417315006256103515625">
        <ele>430.20001220703125</ele>
        <time>2026-09-21T09:49:17.000Z</time>
      </trkpt>
      <trkpt lat="39.36415792442858219146728515625" lon="8.52918016724288463592529296875">
        <ele>428.600006103515625</ele>
        <time>2026-09-21T09:49:25.000Z</time>
      </trkpt>
      <trkpt lat="39.36409438960254192352294921875" lon="8.5291991941630840301513671875">
        <ele>427.79998779296875</ele>
        <time>2026-09-21T09:49:30.000Z</time>
      </trkpt>
      <trkpt lat="39.3640493787825107574462890625" lon="8.52920145727694034576416015625">
        <ele>426.79998779296875</ele>
        <time>2026-09-21T09:49:33.000Z</time>
      </trkpt>
      <trkpt lat="39.36399950645864009857177734375" lon="8.52920698933303356170654296875">
        <ele>425.600006103515625</ele>
        <time>2026-09-21T09:49:37.000Z</time>
      </trkpt>
      <trkpt lat="39.36397117562592029571533203125" lon="8.5292079113423824310302734375">
        <ele>425</ele>
        <time>2026-09-21T09:49:39.000Z</time>
      </trkpt>
      <trkpt lat="39.3639427609741687774658203125" lon="8.5291991941630840301513671875">
        <ele>424</ele>
        <time>2026-09-21T09:49:42.000Z</time>
      </trkpt>
      <trkpt lat="39.3639102391898632049560546875" lon="8.52918921969830989837646484375">
        <ele>423</ele>
        <time>2026-09-21T09:49:45.000Z</time>
      </trkpt>
      <trkpt lat="39.36382801271975040435791015625" lon="8.529144041240215301513671875">
        <ele>420.20001220703125</ele>
        <time>2026-09-21T09:49:53.000Z</time>
      </trkpt>
      <trkpt lat="39.36380068771541118621826171875" lon="8.5291381739079952239990234375">
        <ele>420</ele>
        <time>2026-09-21T09:49:55.000Z</time>
      </trkpt>
      <trkpt lat="39.3637499772012233734130859375" lon="8.529116213321685791015625">
        <ele>419.600006103515625</ele>
        <time>2026-09-21T09:49:59.000Z</time>
      </trkpt>
      <trkpt lat="39.36373807489871978759765625" lon="8.52910556830465793609619140625">
        <ele>419.399993896484375</ele>
        <time>2026-09-21T09:50:00.000Z</time>
      </trkpt>
      <trkpt lat="39.36360664665699005126953125" lon="8.52904404513537883758544921875">
        <ele>418</ele>
        <time>2026-09-21T09:50:09.000Z</time>
      </trkpt>
      <trkpt lat="39.3634814210236072540283203125" lon="8.528962321579456329345703125">
        <ele>415.399993896484375</ele>
        <time>2026-09-21T09:50:18.000Z</time>
      </trkpt>
      <trkpt lat="39.3634693510830402374267578125" lon="8.52894966490566730499267578125">
        <ele>414.79998779296875</ele>
        <time>2026-09-21T09:50:19.000Z</time>
      </trkpt>
      <trkpt lat="39.36345803551375865936279296875" lon="8.528946898877620697021484375">
        <ele>414.79998779296875</ele>
        <time>2026-09-21T09:50:20.000Z</time>
      </trkpt>
      <trkpt lat="39.36341461725533008575439453125" lon="8.52894094772636890411376953125">
        <ele>414.600006103515625</ele>
        <time>2026-09-21T09:50:23.000Z</time>
      </trkpt>
      <trkpt lat="39.36340036801993846893310546875" lon="8.52893340401351451873779296875">
        <ele>414.399993896484375</ele>
        <time>2026-09-21T09:50:24.000Z</time>
      </trkpt>
      <trkpt lat="39.36335661448538303375244140625" lon="8.5289056599140167236328125">
        <ele>413.399993896484375</ele>
        <time>2026-09-21T09:50:27.000Z</time>
      </trkpt>
      <trkpt lat="39.3633489869534969329833984375" lon="8.52887540124356746673583984375">
        <ele>412.399993896484375</ele>
        <time>2026-09-21T09:50:29.000Z</time>
      </trkpt>
      <trkpt lat="39.363354183733463287353515625" lon="8.52886282838881015777587890625">
        <ele>412.20001220703125</ele>
        <time>2026-09-21T09:50:30.000Z</time>
      </trkpt>
      <trkpt lat="39.36342802830040454864501953125" lon="8.52885679341852664947509765625">
        <ele>412</ele>
        <time>2026-09-21T09:50:35.000Z</time>
      </trkpt>
      <trkpt lat="39.3635602109134197235107421875" lon="8.528901971876621246337890625">
        <ele>413.20001220703125</ele>
        <time>2026-09-21T09:50:44.000Z</time>
      </trkpt>
      <trkpt lat="39.36365735717117786407470703125" lon="8.528901971876621246337890625">
        <ele>414.600006103515625</ele>
        <time>2026-09-21T09:50:52.000Z</time>
      </trkpt>
      <trkpt lat="39.3636906333267688751220703125" lon="8.52890574373304843902587890625">
        <ele>415.20001220703125</ele>
        <time>2026-09-21T09:50:55.000Z</time>
      </trkpt>
      <trkpt lat="39.3637506477534770965576171875" lon="8.52889887057244777679443359375">
        <ele>416.20001220703125</ele>
        <time>2026-09-21T09:51:00.000Z</time>
      </trkpt>
      <trkpt lat="39.3638138473033905029296875" lon="8.5288679413497447967529296875">
        <ele>417.20001220703125</ele>
        <time>2026-09-21T09:51:06.000Z</time>
      </trkpt>
      <trkpt lat="39.363818205893039703369140625" lon="8.5288417898118495941162109375">
        <ele>417.399993896484375</ele>
        <time>2026-09-21T09:51:08.000Z</time>
      </trkpt>
      <trkpt lat="39.36380471102893352508544921875" lon="8.52875721640884876251220703125">
        <ele>417.600006103515625</ele>
        <time>2026-09-21T09:51:14.000Z</time>
      </trkpt>
      <trkpt lat="39.3637816607952117919921875" lon="8.52874665521085262298583984375">
        <ele>416.79998779296875</ele>
        <time>2026-09-21T09:51:17.000Z</time>
      </trkpt>
      <trkpt lat="39.36371569521725177764892578125" lon="8.5286687873303890228271484375">
        <ele>415.20001220703125</ele>
        <time>2026-09-21T09:51:26.000Z</time>
      </trkpt>
      <trkpt lat="39.3636540882289409637451171875" lon="8.528621681034564971923828125">
        <ele>413.600006103515625</ele>
        <time>2026-09-21T09:51:31.000Z</time>
      </trkpt>
      <trkpt lat="39.3636101670563220977783203125" lon="8.52858203463256359100341796875">
        <ele>412.399993896484375</ele>
        <time>2026-09-21T09:51:35.000Z</time>
      </trkpt>
      <trkpt lat="39.36360128223896026611328125" lon="8.52857239544391632080078125">
        <ele>412</ele>
        <time>2026-09-21T09:51:40.000Z</time>
      </trkpt>
      <trkpt lat="39.363565742969512939453125" lon="8.528549931943416595458984375">
        <ele>411</ele>
        <time>2026-09-21T09:51:47.000Z</time>
      </trkpt>
      <trkpt lat="39.3634924851357936859130859375" lon="8.5284941084682941436767578125">
        <ele>409.20001220703125</ele>
        <time>2026-09-21T09:51:54.000Z</time>
      </trkpt>
      <trkpt lat="39.3634318001568317413330078125" lon="8.528472818434238433837890625">
        <ele>407.399993896484375</ele>
        <time>2026-09-21T09:51:59.000Z</time>
      </trkpt>
      <trkpt lat="39.36339919455349445343017578125" lon="8.5284528695046901702880859375">
        <ele>406.600006103515625</ele>
        <time>2026-09-21T09:52:02.000Z</time>
      </trkpt>
      <trkpt lat="39.36338402330875396728515625" lon="8.52845027111470699310302734375">
        <ele>406.399993896484375</ele>
        <time>2026-09-21T09:52:03.000Z</time>
      </trkpt>
      <trkpt lat="39.3633030541241168975830078125" lon="8.5284121334552764892578125">
        <ele>404.600006103515625</ele>
        <time>2026-09-21T09:52:09.000Z</time>
      </trkpt>
      <trkpt lat="39.3632909841835498809814453125" lon="8.528402745723724365234375">
        <ele>404.399993896484375</ele>
        <time>2026-09-21T09:52:10.000Z</time>
      </trkpt>
      <trkpt lat="39.363279752433300018310546875" lon="8.52839813567698001861572265625">
        <ele>404.20001220703125</ele>
        <time>2026-09-21T09:52:11.000Z</time>
      </trkpt>
      <trkpt lat="39.36320523731410503387451171875" lon="8.52835572324693202972412109375">
        <ele>402.79998779296875</ele>
        <time>2026-09-21T09:52:17.000Z</time>
      </trkpt>
      <trkpt lat="39.36318746767938137054443359375" lon="8.52835572324693202972412109375">
        <ele>402.600006103515625</ele>
        <time>2026-09-21T09:52:18.000Z</time>
      </trkpt>
      <trkpt lat="39.36315259896218776702880859375" lon="8.5283358581364154815673828125">
        <ele>402</ele>
        <time>2026-09-21T09:52:21.000Z</time>
      </trkpt>
      <trkpt lat="39.36306877993047237396240234375" lon="8.52827291004359722137451171875">
        <ele>401</ele>
        <time>2026-09-21T09:52:28.000Z</time>
      </trkpt>
      <trkpt lat="39.3630482442677021026611328125" lon="8.52825346402823925018310546875">
        <ele>400.79998779296875</ele>
        <time>2026-09-21T09:52:30.000Z</time>
      </trkpt>
      <trkpt lat="39.363026283681392669677734375" lon="8.528234101831912994384765625">
        <ele>400.600006103515625</ele>
        <time>2026-09-21T09:52:32.000Z</time>
      </trkpt>
      <trkpt lat="39.36297976411879062652587890625" lon="8.5282051004469394683837890625">
        <ele>400</ele>
        <time>2026-09-21T09:52:36.000Z</time>
      </trkpt>
      <trkpt lat="39.36287465505301952362060546875" lon="8.52819780819118022918701171875">
        <ele>398.399993896484375</ele>
        <time>2026-09-21T09:52:43.000Z</time>
      </trkpt>
      <trkpt lat="39.36285872943699359893798828125" lon="8.52819613181054592132568359375">
        <ele>398.20001220703125</ele>
        <time>2026-09-21T09:52:44.000Z</time>
      </trkpt>
      <trkpt lat="39.3627585656940937042236328125" lon="8.5281983949244022369384765625">
        <ele>397.20001220703125</ele>
        <time>2026-09-21T09:52:51.000Z</time>
      </trkpt>
      <trkpt lat="39.362660162150859832763671875" lon="8.52821641601622104644775390625">
        <ele>395.600006103515625</ele>
        <time>2026-09-21T09:52:59.000Z</time>
      </trkpt>
      <trkpt lat="39.36261096037924289703369140625" lon="8.52822194807231426239013671875">
        <ele>394.79998779296875</ele>
        <time>2026-09-21T09:53:04.000Z</time>
      </trkpt>
      <trkpt lat="39.3625922687351703643798828125" lon="8.5282278992235660552978515625">
        <ele>394.399993896484375</ele>
        <time>2026-09-21T09:53:06.000Z</time>
      </trkpt>
      <trkpt lat="39.3625751696527004241943359375" lon="8.5282285697758197784423828125">
        <ele>394.20001220703125</ele>
        <time>2026-09-21T09:53:08.000Z</time>
      </trkpt>
      <trkpt lat="39.3625228665769100189208984375" lon="8.52820753119885921478271484375">
        <ele>393.399993896484375</ele>
        <time>2026-09-21T09:53:14.000Z</time>
      </trkpt>
      <trkpt lat="39.3624367006123065948486328125" lon="8.5282175056636333465576171875">
        <ele>392.20001220703125</ele>
        <time>2026-09-21T09:53:21.000Z</time>
      </trkpt>
      <trkpt lat="39.36242219991981983184814453125" lon="8.5282141529023647308349609375">
        <ele>392</ele>
        <time>2026-09-21T09:53:22.000Z</time>
      </trkpt>
      <trkpt lat="39.36234894208610057830810546875" lon="8.5281061939895153045654296875">
        <ele>390.600006103515625</ele>
        <time>2026-09-21T09:53:29.000Z</time>
      </trkpt>
      <trkpt lat="39.36231055296957492828369140625" lon="8.52791148237884044647216796875">
        <ele>390.399993896484375</ele>
        <time>2026-09-21T09:53:39.000Z</time>
      </trkpt>
      <trkpt lat="39.36231055296957492828369140625" lon="8.52788968943059444427490234375">
        <ele>390.399993896484375</ele>
        <time>2026-09-21T09:53:40.000Z</time>
      </trkpt>
      <trkpt lat="39.3622995726764202117919921875" lon="8.52780117653310298919677734375">
        <ele>390.600006103515625</ele>
        <time>2026-09-21T09:53:45.000Z</time>
      </trkpt>
      <trkpt lat="39.36225942336022853851318359375" lon="8.5276756994426250457763671875">
        <ele>390.79998779296875</ele>
        <time>2026-09-21T09:53:54.000Z</time>
      </trkpt>
      <trkpt lat="39.36223830096423625946044921875" lon="8.527646027505397796630859375">
        <ele>390.79998779296875</ele>
        <time>2026-09-21T09:53:57.000Z</time>
      </trkpt>
      <trkpt lat="39.3621996603906154632568359375" lon="8.5276049561798572540283203125">
        <ele>390.600006103515625</ele>
        <time>2026-09-21T09:54:01.000Z</time>
      </trkpt>
      <trkpt lat="39.36216956935822963714599609375" lon="8.52750621736049652099609375">
        <ele>391.20001220703125</ele>
        <time>2026-09-21T09:54:08.000Z</time>
      </trkpt>
      <trkpt lat="39.36217359267175197601318359375" lon="8.527491800487041473388671875">
        <ele>391.20001220703125</ele>
        <time>2026-09-21T09:54:09.000Z</time>
      </trkpt>
      <trkpt lat="39.3621932901442050933837890625" lon="8.5274094901978969573974609375">
        <ele>391.399993896484375</ele>
        <time>2026-09-21T09:54:14.000Z</time>
      </trkpt>
      <trkpt lat="39.36220343224704265594482421875" lon="8.52735425345599651336669921875">
        <ele>391.600006103515625</ele>
        <time>2026-09-21T09:54:17.000Z</time>
      </trkpt>
      <trkpt lat="39.3622232973575592041015625" lon="8.52726154960691928863525390625">
        <ele>392.20001220703125</ele>
        <time>2026-09-21T09:54:22.000Z</time>
      </trkpt>
      <trkpt lat="39.36223947443068027496337890625" lon="8.52711268700659275054931640625">
        <ele>392.20001220703125</ele>
        <time>2026-09-21T09:54:30.000Z</time>
      </trkpt>
      <trkpt lat="39.36224182136356830596923828125" lon="8.5270386748015880584716796875">
        <ele>392.20001220703125</ele>
        <time>2026-09-21T09:54:34.000Z</time>
      </trkpt>
      <trkpt lat="39.36225389130413532257080078125" lon="8.5269290395081043243408203125">
        <ele>393.399993896484375</ele>
        <time>2026-09-21T09:54:41.000Z</time>
      </trkpt>
      <trkpt lat="39.36225523240864276885986328125" lon="8.52688570506870746612548828125">
        <ele>394.399993896484375</ele>
        <time>2026-09-21T09:54:43.000Z</time>
      </trkpt>
      <trkpt lat="39.3622673861682415008544921875" lon="8.5268080048263072967529296875">
        <ele>396.600006103515625</ele>
        <time>2026-09-21T09:54:47.000Z</time>
      </trkpt>
      <trkpt lat="39.36226964928209781646728515625" lon="8.526796437799930572509765625">
        <ele>396.79998779296875</ele>
        <time>2026-09-21T09:54:48.000Z</time>
      </trkpt>
      <trkpt lat="39.36229513026773929595947265625" lon="8.52672477252781391143798828125">
        <ele>397.79998779296875</ele>
        <time>2026-09-21T09:54:53.000Z</time>
      </trkpt>
      <trkpt lat="39.36230787076056003570556640625" lon="8.52670691907405853271484375">
        <ele>397.79998779296875</ele>
        <time>2026-09-21T09:54:55.000Z</time>
      </trkpt>
      <trkpt lat="39.3623708188533782958984375" lon="8.526589907705783843994140625">
        <ele>399.20001220703125</ele>
        <time>2026-09-21T09:55:03.000Z</time>
      </trkpt>
      <trkpt lat="39.36242689378559589385986328125" lon="8.52651438675820827484130859375">
        <ele>398.399993896484375</ele>
        <time>2026-09-21T09:55:10.000Z</time>
      </trkpt>
      <trkpt lat="39.3624363653361797332763671875" lon="8.52651505731046199798583984375">
        <ele>398.20001220703125</ele>
        <time>2026-09-21T09:55:11.000Z</time>
      </trkpt>
    </trkseg>
  </trk>
</gpx>
