<?xml version="1.0" encoding="UTF-8"?>
<gpx creator="sardegna-trek" version="1.1"
  xsi:schemaLocation="http://www.topografix.com/GPX/1/1 http://www.topografix.com/GPX/11.xsd"
  xmlns="http://www.topografix.com/GPX/1/1"
  xmlns:xsi="http://www.w3.org/2001/XMLSchema-instance">
  <metadata>
    <time>2026-09-15T06:22:54.000Z</time>
  </metadata>
  <trk>
    <name>Hiking to Fruncu Nieddu</name>
    <trkseg>
      <trkpt lat="40.2895362116396427154541015625" lon="9.49247709475457668304443359375">
        <ele>123</ele>
        <time>2026-09-15T06:23:01.000Z</time>
      </trkpt>
      <trkpt lat="40.289595387876033782958984375" lon="9.4925651885569095611572265625">
        <ele>121.40000152587890625</ele>
        <time>2026-09-15T06:23:36.000Z</time>
      </trkpt>
      <trkpt lat="40.2896901033818721771240234375" lon="9.492642469704151153564453125">
        <ele>118.8000030517578125</ele>
        <time>2026-09-15T06:23:39.000Z</time>
      </trkpt>
      <trkpt lat="40.2896421588957309722900390625" lon="9.49260064400732517242431640625">
        <ele>120</ele>
        <time>2026-09-15T06:23:41.000Z</time>
      </trkpt>
      <trkpt lat="40.28948432765901088714599609375" lon="9.49272972531616687774658203125">
        <ele>123.8000030517578125</ele>
        <time>2026-09-15T06:23:52.000Z</time>
      </trkpt>
      <trkpt lat="40.28947108425199985504150390625" lon="9.49274632148444652557373046875">
        <ele>123.8000030517578125</ele>
        <time>2026-09-15T06:23:54.000Z</time>
      </trkpt>
      <trkpt lat="40.28946898877620697021484375" lon="9.49277481995522975921630859375">
        <ele>123.59999847412109375</ele>
        <time>2026-09-15T06:23:56.000Z</time>
      </trkpt>
      <trkpt lat="40.28942280448973178863525390625" lon="9.492868445813655853271484375">
        <ele>123.8000030517578125</ele>
        <time>2026-09-15T06:24:02.000Z</time>
      </trkpt>
      <trkpt lat="40.289382152259349822998046875" lon="9.492941536009311676025390625">
        <ele>123.8000030517578125</ele>
        <time>2026-09-15T06:24:08.000Z</time>
      </trkpt>
      <trkpt lat="40.28936765156686305999755859375" lon="9.492966346442699432373046875">
        <ele>123.8000030517578125</ele>
        <time>2026-09-15T06:24:10.000Z</time>
      </trkpt>
      <trkpt lat="40.28935365378856658935546875" lon="9.4930040650069713592529296875">
        <ele>123.59999847412109375</ele>
        <time>2026-09-15T06:24:13.000Z</time>
      </trkpt>
      <trkpt lat="40.2893434278666973114013671875" lon="9.49304790236055850982666015625">
        <ele>123</ele>
        <time>2026-09-15T06:24:16.000Z</time>
      </trkpt>
      <trkpt lat="40.28931853361427783966064453125" lon="9.4930855371057987213134765625">
        <ele>123</ele>
        <time>2026-09-15T06:24:19.000Z</time>
      </trkpt>
      <trkpt lat="40.28926874510943889617919921875" lon="9.493233896791934967041015625">
        <ele>122.8000030517578125</ele>
        <time>2026-09-15T06:24:28.000Z</time>
      </trkpt>
      <trkpt lat="40.2891881950199604034423828125" lon="9.49332199059426784515380859375">
        <ele>121.59999847412109375</ele>
        <time>2026-09-15T06:24:35.000Z</time>
      </trkpt>
      <trkpt lat="40.289126001298427581787109375" lon="9.4934087432920932769775390625">
        <ele>121.1999969482421875</ele>
        <time>2026-09-15T06:24:42.000Z</time>
      </trkpt>
      <trkpt lat="40.289119295775890350341796875" lon="9.49342492036521434783935546875">
        <ele>121.1999969482421875</ele>
        <time>2026-09-15T06:24:43.000Z</time>
      </trkpt>
      <trkpt lat="40.28906355611979961395263671875" lon="9.493532963097095489501953125">
        <ele>120.59999847412109375</ele>
        <time>2026-09-15T06:24:50.000Z</time>
      </trkpt>
      <trkpt lat="40.28901242651045322418212890625" lon="9.493621475994586944580078125">
        <ele>120.59999847412109375</ele>
        <time>2026-09-15T06:24:58.000Z</time>
      </trkpt>
      <trkpt lat="40.288983173668384552001953125" lon="9.49373018927872180938720703125">
        <ele>120.1999969482421875</ele>
        <time>2026-09-15T06:25:06.000Z</time>
      </trkpt>
      <trkpt lat="40.28896808624267578125" lon="9.4938070513308048248291015625">
        <ele>120.1999969482421875</ele>
        <time>2026-09-15T06:25:12.000Z</time>
      </trkpt>
      <trkpt lat="40.2889789827167987823486328125" lon="9.49384854175150394439697265625">
        <ele>120.40000152587890625</ele>
        <time>2026-09-15T06:25:14.000Z</time>
      </trkpt>
      <trkpt lat="40.288978479802608489990234375" lon="9.49386589229106903076171875">
        <ele>120.40000152587890625</ele>
        <time>2026-09-15T06:25:15.000Z</time>
      </trkpt>
      <trkpt lat="40.28900773264467716217041015625" lon="9.4939622841775417327880859375">
        <ele>120.59999847412109375</ele>
        <time>2026-09-15T06:25:20.000Z</time>
      </trkpt>
      <trkpt lat="40.2890168689191341400146484375" lon="9.493992961943149566650390625">
        <ele>120.8000030517578125</ele>
        <time>2026-09-15T06:25:22.000Z</time>
      </trkpt>
      <trkpt lat="40.289018042385578155517578125" lon="9.494051635265350341796875">
        <ele>121</ele>
        <time>2026-09-15T06:25:26.000Z</time>
      </trkpt>
      <trkpt lat="40.2890376560389995574951171875" lon="9.49412564747035503387451171875">
        <ele>121.1999969482421875</ele>
        <time>2026-09-15T06:25:31.000Z</time>
      </trkpt>
      <trkpt lat="40.2890430204570293426513671875" lon="9.4941423274576663970947265625">
        <ele>121.1999969482421875</ele>
        <time>2026-09-15T06:25:32.000Z</time>
      </trkpt>
      <trkpt lat="40.289061963558197021484375" lon="9.49417225085198879241943359375">
        <ele>121.1999969482421875</ele>
        <time>2026-09-15T06:25:34.000Z</time>
      </trkpt>
      <trkpt lat="40.289083421230316162109375" lon="9.4942596741020679473876953125">
        <ele>121</ele>
        <time>2026-09-15T06:25:40.000Z</time>
      </trkpt>
      <trkpt lat="40.28910915367305278778076171875" lon="9.4943421520292758941650390625">
        <ele>121</ele>
        <time>2026-09-15T06:25:47.000Z</time>
      </trkpt>
      <trkpt lat="40.28912055306136608123779296875" lon="9.49436134658753871917724609375">
        <ele>121</ele>
        <time>2026-09-15T06:25:49.000Z</time>
      </trkpt>
      <trkpt lat="40.28912792913615703582763671875" lon="9.4943934492766857147216796875">
        <ele>121</ele>
        <time>2026-09-15T06:25:52.000Z</time>
      </trkpt>
      <trkpt lat="40.28912273235619068145751953125" lon="9.49441448785364627838134765625">
        <ele>121</ele>
        <time>2026-09-15T06:25:55.000Z</time>
      </trkpt>
      <trkpt lat="40.2891303598880767822265625" lon="9.494408704340457916259765625">
        <ele>121</ele>
        <time>2026-09-15T06:26:00.000Z</time>
      </trkpt>
      <trkpt lat="40.28913731686770915985107421875" lon="9.49441666714847087860107421875">
        <ele>120.8000030517578125</ele>
        <time>2026-09-15T06:26:02.000Z</time>
      </trkpt>
      <trkpt lat="40.28914335183799266815185546875" lon="9.49442069046199321746826171875">
        <ele>120.8000030517578125</ele>
        <time>2026-09-15T06:26:07.000Z</time>
      </trkpt>
      <trkpt lat="40.2891486324369907379150390625" lon="9.4944253005087375640869140625">
        <ele>120.8000030517578125</ele>
        <time>2026-09-15T06:26:14.000Z</time>
      </trkpt>
      <trkpt lat="40.289140753448009490966796875" lon="9.4944135658442974090576171875">
        <ele>120.8000030517578125</ele>
        <time>2026-09-15T06:26:37.000Z</time>
      </trkpt>
      <trkpt lat="40.2891358919441699981689453125" lon="9.4944105483591556549072265625">
        <ele>120.8000030517578125</ele>
        <time>2026-09-15T06:26:40.000Z</time>
      </trkpt>
      <trkpt lat="40.2891345508396625518798828125" lon="9.494408704340457916259765625">
        <ele>121</ele>
        <time>2026-09-15T06:26:46.000Z</time>
      </trkpt>
      <trkpt lat="40.28912658803164958953857421875" lon="9.49439085088670253753662109375">
        <ele>121</ele>
        <time>2026-09-15T06:26:55.000Z</time>
      </trkpt>
      <trkpt lat="40.28912834823131561279296875" lon="9.494381882250308990478515625">
        <ele>121</ele>
        <time>2026-09-15T06:27:06.000Z</time>
      </trkpt>
      <trkpt lat="40.28913262300193309783935546875" lon="9.4943693093955516815185546875">
        <ele>121</ele>
        <time>2026-09-15T06:27:11.000Z</time>
      </trkpt>
      <trkpt lat="40.2891311980783939361572265625" lon="9.4943693093955516815185546875">
        <ele>121</ele>
        <time>2026-09-15T06:27:17.000Z</time>
      </trkpt>
      <trkpt lat="40.2891154401004314422607421875" lon="9.49436872266232967376708984375">
        <ele>121</ele>
        <time>2026-09-15T06:27:28.000Z</time>
      </trkpt>
      <trkpt lat="40.28912164270877838134765625" lon="9.49436889030039310455322265625">
        <ele>121</ele>
        <time>2026-09-15T06:27:37.000Z</time>
      </trkpt>
      <trkpt lat="40.28912164270877838134765625" lon="9.4943689741194248199462890625">
        <ele>121</ele>
        <time>2026-09-15T06:27:38.000Z</time>
      </trkpt>
      <trkpt lat="40.2891234867274761199951171875" lon="9.4943921081721782684326171875">
        <ele>121</ele>
        <time>2026-09-15T06:27:54.000Z</time>
      </trkpt>
      <trkpt lat="40.2891234867274761199951171875" lon="9.49439286254346370697021484375">
        <ele>121</ele>
        <time>2026-09-15T06:27:59.000Z</time>
      </trkpt>
      <trkpt lat="40.28911720030009746551513671875" lon="9.49440325610339641571044921875">
        <ele>121</ele>
        <time>2026-09-15T06:28:24.000Z</time>
      </trkpt>
      <trkpt lat="40.289069004356861114501953125" lon="9.49437593109905719757080078125">
        <ele>121.1999969482421875</ele>
        <time>2026-09-15T06:28:42.000Z</time>
      </trkpt>
      <trkpt lat="40.28897185809910297393798828125" lon="9.49426277540624141693115234375">
        <ele>121.40000152587890625</ele>
        <time>2026-09-15T06:28:50.000Z</time>
      </trkpt>
      <trkpt lat="40.28895459137856960296630859375" lon="9.49421994388103485107421875">
        <ele>121.59999847412109375</ele>
        <time>2026-09-15T06:28:54.000Z</time>
      </trkpt>
      <trkpt lat="40.2889256738126277923583984375" lon="9.494118355214595794677734375">
        <ele>121.40000152587890625</ele>
        <time>2026-09-15T06:29:01.000Z</time>
      </trkpt>
      <trkpt lat="40.28892525471746921539306640625" lon="9.49410460889339447021484375">
        <ele>121.40000152587890625</ele>
        <time>2026-09-15T06:29:02.000Z</time>
      </trkpt>
      <trkpt lat="40.28891335241496562957763671875" lon="9.49402841739356517791748046875">
        <ele>121.1999969482421875</ele>
        <time>2026-09-15T06:29:07.000Z</time>
      </trkpt>
      <trkpt lat="40.2888703532516956329345703125" lon="9.49388408102095127105712890625">
        <ele>120.8000030517578125</ele>
        <time>2026-09-15T06:29:15.000Z</time>
      </trkpt>
      <trkpt lat="40.288904719054698944091796875" lon="9.49379137717187404632568359375">
        <ele>120.40000152587890625</ele>
        <time>2026-09-15T06:29:20.000Z</time>
      </trkpt>
      <trkpt lat="40.28889231383800506591796875" lon="9.49372708797454833984375">
        <ele>120.1999969482421875</ele>
        <time>2026-09-15T06:29:23.000Z</time>
      </trkpt>
      <trkpt lat="40.2888916432857513427734375" lon="9.493628852069377899169921875">
        <ele>120.1999969482421875</ele>
        <time>2026-09-15T06:29:27.000Z</time>
      </trkpt>
      <trkpt lat="40.288914777338504791259765625" lon="9.493583925068378448486328125">
        <ele>120.1999969482421875</ele>
        <time>2026-09-15T06:29:30.000Z</time>
      </trkpt>
      <trkpt lat="40.28895509429275989532470703125" lon="9.49349298141896724700927734375">
        <ele>120</ele>
        <time>2026-09-15T06:29:36.000Z</time>
      </trkpt>
      <trkpt lat="40.2889622189104557037353515625" lon="9.493482001125812530517578125">
        <ele>120</ele>
        <time>2026-09-15T06:29:37.000Z</time>
      </trkpt>
      <trkpt lat="40.28896615840494632720947265625" lon="9.49346515350043773651123046875">
        <ele>120</ele>
        <time>2026-09-15T06:29:38.000Z</time>
      </trkpt>
      <trkpt lat="40.2889783121645450592041015625" lon="9.49342039413750171661376953125">
        <ele>120</ele>
        <time>2026-09-15T06:29:41.000Z</time>
      </trkpt>
      <trkpt lat="40.28898677788674831390380859375" lon="9.4934053905308246612548828125">
        <ele>120.1999969482421875</ele>
        <time>2026-09-15T06:29:42.000Z</time>
      </trkpt>
      <trkpt lat="40.28908811509609222412109375" lon="9.4932092539966106414794921875">
        <ele>121.8000030517578125</ele>
        <time>2026-09-15T06:29:53.000Z</time>
      </trkpt>
      <trkpt lat="40.2891625463962554931640625" lon="9.49312065728008747100830078125">
        <ele>123</ele>
        <time>2026-09-15T06:30:00.000Z</time>
      </trkpt>
      <trkpt lat="40.289181657135486602783203125" lon="9.493087045848369598388671875">
        <ele>123</ele>
        <time>2026-09-15T06:30:02.000Z</time>
      </trkpt>
      <trkpt lat="40.289185680449008941650390625" lon="9.49306617490947246551513671875">
        <ele>123</ele>
        <time>2026-09-15T06:30:03.000Z</time>
      </trkpt>
      <trkpt lat="40.28919666074216365814208984375" lon="9.49304723180830478668212890625">
        <ele>123</ele>
        <time>2026-09-15T06:30:04.000Z</time>
      </trkpt>
      <trkpt lat="40.28920889832079410552978515625" lon="9.4930278696119785308837890625">
        <ele>123.40000152587890625</ele>
        <time>2026-09-15T06:30:05.000Z</time>
      </trkpt>
      <trkpt lat="40.2892746962606906890869140625" lon="9.492910020053386688232421875">
        <ele>124.8000030517578125</ele>
        <time>2026-09-15T06:30:12.000Z</time>
      </trkpt>
      <trkpt lat="40.28931668959558010101318359375" lon="9.492835588753223419189453125">
        <ele>125</ele>
        <time>2026-09-15T06:30:17.000Z</time>
      </trkpt>
      <trkpt lat="40.2893424220383167266845703125" lon="9.49281354434788227081298828125">
        <ele>125</ele>
        <time>2026-09-15T06:30:19.000Z</time>
      </trkpt>
      <trkpt lat="40.2893851697444915771484375" lon="9.49270407669246196746826171875">
        <ele>125.8000030517578125</ele>
        <time>2026-09-15T06:30:25.000Z</time>
      </trkpt>
      <trkpt lat="40.2894054539501667022705078125" lon="9.4926379434764385223388671875">
        <ele>126.1999969482421875</ele>
        <time>2026-09-15T06:30:29.000Z</time>
      </trkpt>
      <trkpt lat="40.28941408731043338775634765625" lon="9.4926275499165058135986328125">
        <ele>126</ele>
        <time>2026-09-15T06:30:30.000Z</time>
      </trkpt>
      <trkpt lat="40.2894604392349720001220703125" lon="9.492576085031032562255859375">
        <ele>125.8000030517578125</ele>
        <time>2026-09-15T06:30:34.000Z</time>
      </trkpt>
      <trkpt lat="40.28948583640158176422119140625" lon="9.49254783801734447479248046875">
        <ele>125</ele>
        <time>2026-09-15T06:30:36.000Z</time>
      </trkpt>
      <trkpt lat="40.28956294991075992584228515625" lon="9.492468796670436859130859375">
        <ele>122</ele>
        <time>2026-09-15T06:30:42.000Z</time>
      </trkpt>
      <trkpt lat="40.28961810283362865447998046875" lon="9.49237617664039134979248046875">
        <ele>119.8000030517578125</ele>
        <time>2026-09-15T06:30:48.000Z</time>
      </trkpt>
      <trkpt lat="40.2896347828209400177001953125" lon="9.49234013445675373077392578125">
        <ele>119.1999969482421875</ele>
        <time>2026-09-15T06:30:50.000Z</time>
      </trkpt>
      <trkpt lat="40.2896525524556636810302734375" lon="9.492311216890811920166015625">
        <ele>118.59999847412109375</ele>
        <time>2026-09-15T06:30:52.000Z</time>
      </trkpt>
      <trkpt lat="40.28966185636818408966064453125" lon="9.49229680001735687255859375">
        <ele>118.40000152587890625</ele>
        <time>2026-09-15T06:30:53.000Z</time>
      </trkpt>
      <trkpt lat="40.28970477171242237091064453125" lon="9.492196552455425262451171875">
        <ele>117.1999969482421875</ele>
        <time>2026-09-15T06:31:00.000Z</time>
      </trkpt>
      <trkpt lat="40.28972505591809749603271484375" lon="9.4920652918517589569091796875">
        <ele>116.40000152587890625</ele>
        <time>2026-09-15T06:31:09.000Z</time>
      </trkpt>
      <trkpt lat="40.28971499763429164886474609375" lon="9.4920320995151996612548828125">
        <ele>116.40000152587890625</ele>
        <time>2026-09-15T06:31:15.000Z</time>
      </trkpt>
      <trkpt lat="40.28968758881092071533203125" lon="9.4920944608747959136962890625">
        <ele>117.1999969482421875</ele>
        <time>2026-09-15T06:31:20.000Z</time>
      </trkpt>
      <trkpt lat="40.28958876617252826690673828125" lon="9.49216998182237148284912109375">
        <ele>120</ele>
        <time>2026-09-15T06:31:29.000Z</time>
      </trkpt>
      <trkpt lat="40.28951684944331645965576171875" lon="9.49232135899364948272705078125">
        <ele>122.59999847412109375</ele>
        <time>2026-09-15T06:31:39.000Z</time>
      </trkpt>
      <trkpt lat="40.28949136845767498016357421875" lon="9.4924141466617584228515625">
        <ele>124</ele>
        <time>2026-09-15T06:31:44.000Z</time>
      </trkpt>
      <trkpt lat="40.28947443701326847076416015625" lon="9.492450021207332611083984375">
        <ele>124.8000030517578125</ele>
        <time>2026-09-15T06:31:46.000Z</time>
      </trkpt>
      <trkpt lat="40.28941475786268711090087890625" lon="9.49258874170482158660888671875">
        <ele>126.59999847412109375</ele>
        <time>2026-09-15T06:31:54.000Z</time>
      </trkpt>
      <trkpt lat="40.28935306705534458160400390625" lon="9.49268245138227939605712890625">
        <ele>126.1999969482421875</ele>
        <time>2026-09-15T06:32:01.000Z</time>
      </trkpt>
      <trkpt lat="40.28924443759024143218994140625" lon="9.49273073114454746246337890625">
        <ele>126.59999847412109375</ele>
        <time>2026-09-15T06:32:09.000Z</time>
      </trkpt>
      <trkpt lat="40.28922851197421550750732421875" lon="9.49272804893553256988525390625">
        <ele>126.59999847412109375</ele>
        <time>2026-09-15T06:32:10.000Z</time>
      </trkpt>
      <trkpt lat="40.2890550903975963592529296875" lon="9.49268412776291370391845703125">
        <ele>128.1999969482421875</ele>
        <time>2026-09-15T06:32:19.000Z</time>
      </trkpt>
      <trkpt lat="40.28901033103466033935546875" lon="9.4926644302904605865478515625">
        <ele>128.600006103515625</ele>
        <time>2026-09-15T06:32:22.000Z</time>
      </trkpt>
      <trkpt lat="40.28895710594952106475830078125" lon="9.49263517744839191436767578125">
        <ele>129</ele>
        <time>2026-09-15T06:32:27.000Z</time>
      </trkpt>
      <trkpt lat="40.28886892832815647125244140625" lon="9.4926027394831180572509765625">
        <ele>129.1999969482421875</ele>
        <time>2026-09-15T06:32:35.000Z</time>
      </trkpt>
      <trkpt lat="40.28885970823466777801513671875" lon="9.4925970397889614105224609375">
        <ele>129.399993896484375</ele>
        <time>2026-09-15T06:32:36.000Z</time>
      </trkpt>
      <trkpt lat="40.2888485603034496307373046875" lon="9.49259276501834392547607421875">
        <ele>129.399993896484375</ele>
        <time>2026-09-15T06:32:37.000Z</time>
      </trkpt>
      <trkpt lat="40.28881578706204891204833984375" lon="9.4925990514457225799560546875">
        <ele>129.1999969482421875</ele>
        <time>2026-09-15T06:32:40.000Z</time>
      </trkpt>
      <trkpt lat="40.2887727878987789154052734375" lon="9.4926070980727672576904296875">
        <ele>129</ele>
        <time>2026-09-15T06:32:44.000Z</time>
      </trkpt>
      <trkpt lat="40.2887298725545406341552734375" lon="9.49266694486141204833984375">
        <ele>128</ele>
        <time>2026-09-15T06:32:50.000Z</time>
      </trkpt>
      <trkpt lat="40.28872224502265453338623046875" lon="9.49267943389713764190673828125">
        <ele>127.8000030517578125</ele>
        <time>2026-09-15T06:32:51.000Z</time>
      </trkpt>
      <trkpt lat="40.28863406740128993988037109375" lon="9.4926882348954677581787109375">
        <ele>128</ele>
        <time>2026-09-15T06:33:00.000Z</time>
      </trkpt>
      <trkpt lat="40.28861311264336109161376953125" lon="9.49267792515456676483154296875">
        <ele>128.1999969482421875</ele>
        <time>2026-09-15T06:33:02.000Z</time>
      </trkpt>
      <trkpt lat="40.28849995695054531097412109375" lon="9.4926235266029834747314453125">
        <ele>129.399993896484375</ele>
        <time>2026-09-15T06:33:10.000Z</time>
      </trkpt>
      <trkpt lat="40.288445390760898590087890625" lon="9.492542557418346405029296875">
        <ele>130.8000030517578125</ele>
        <time>2026-09-15T06:33:16.000Z</time>
      </trkpt>
      <trkpt lat="40.2883697859942913055419921875" lon="9.492481537163257598876953125">
        <ele>131.8000030517578125</ele>
        <time>2026-09-15T06:33:22.000Z</time>
      </trkpt>
      <trkpt lat="40.28835210017859935760498046875" lon="9.49246200732886791229248046875">
        <ele>132.1999969482421875</ele>
        <time>2026-09-15T06:33:24.000Z</time>
      </trkpt>
      <trkpt lat="40.28827004134654998779296875" lon="9.49238740839064121246337890625">
        <ele>133.600006103515625</ele>
        <time>2026-09-15T06:33:32.000Z</time>
      </trkpt>
      <trkpt lat="40.28825503773987293243408203125" lon="9.49237835593521595001220703125">
        <ele>133.8000030517578125</ele>
        <time>2026-09-15T06:33:33.000Z</time>
      </trkpt>
      <trkpt lat="40.28813919983804225921630859375" lon="9.4923080317676067352294921875">
        <ele>134.8000030517578125</ele>
        <time>2026-09-15T06:33:44.000Z</time>
      </trkpt>
      <trkpt lat="40.28812763281166553497314453125" lon="9.4923016615211963653564453125">
        <ele>134.8000030517578125</ele>
        <time>2026-09-15T06:33:45.000Z</time>
      </trkpt>
      <trkpt lat="40.28803442604839801788330078125" lon="9.49221876449882984161376953125">
        <ele>136</ele>
        <time>2026-09-15T06:33:52.000Z</time>
      </trkpt>
      <trkpt lat="40.28802269138395786285400390625" lon="9.49220786802470684051513671875">
        <ele>136.1999969482421875</ele>
        <time>2026-09-15T06:33:53.000Z</time>
      </trkpt>
      <trkpt lat="40.287961252033710479736328125" lon="9.4921360351145267486572265625">
        <ele>137.399993896484375</ele>
        <time>2026-09-15T06:34:00.000Z</time>
      </trkpt>
      <trkpt lat="40.28789998032152652740478515625" lon="9.4920679740607738494873046875">
        <ele>138.399993896484375</ele>
        <time>2026-09-15T06:34:07.000Z</time>
      </trkpt>
      <trkpt lat="40.28788673691451549530029296875" lon="9.49205850251019001007080078125">
        <ele>138.600006103515625</ele>
        <time>2026-09-15T06:34:08.000Z</time>
      </trkpt>
      <trkpt lat="40.2877892553806304931640625" lon="9.491984657943248748779296875">
        <ele>139.399993896484375</ele>
        <time>2026-09-15T06:34:16.000Z</time>
      </trkpt>
      <trkpt lat="40.2877812087535858154296875" lon="9.49197493493556976318359375">
        <ele>139.600006103515625</ele>
        <time>2026-09-15T06:34:17.000Z</time>
      </trkpt>
      <trkpt lat="40.28777123428881168365478515625" lon="9.49196831323206424713134765625">
        <ele>139.8000030517578125</ele>
        <time>2026-09-15T06:34:18.000Z</time>
      </trkpt>
      <trkpt lat="40.28767232783138751983642578125" lon="9.49190896935760974884033203125">
        <ele>141</ele>
        <time>2026-09-15T06:34:26.000Z</time>
      </trkpt>
      <trkpt lat="40.28758096508681774139404296875" lon="9.491855241358280181884765625">
        <ele>142.8000030517578125</ele>
        <time>2026-09-15T06:34:33.000Z</time>
      </trkpt>
      <trkpt lat="40.287505947053432464599609375" lon="9.49174216948449611663818359375">
        <ele>145.8000030517578125</ele>
        <time>2026-09-15T06:34:42.000Z</time>
      </trkpt>
      <trkpt lat="40.2874933741986751556396484375" lon="9.49171610176563262939453125">
        <ele>146.600006103515625</ele>
        <time>2026-09-15T06:34:44.000Z</time>
      </trkpt>
      <trkpt lat="40.2874779514968395233154296875" lon="9.49168550781905651092529296875">
        <ele>147.1999969482421875</ele>
        <time>2026-09-15T06:34:46.000Z</time>
      </trkpt>
      <trkpt lat="40.2874517999589443206787109375" lon="9.49166287668049335479736328125">
        <ele>148</ele>
        <time>2026-09-15T06:34:48.000Z</time>
      </trkpt>
      <trkpt lat="40.2874025143682956695556640625" lon="9.4916247390210628509521484375">
        <ele>148.600006103515625</ele>
        <time>2026-09-15T06:34:54.000Z</time>
      </trkpt>
      <trkpt lat="40.28730737976729869842529296875" lon="9.49161845259368419647216796875">
        <ele>149</ele>
        <time>2026-09-15T06:35:00.000Z</time>
      </trkpt>
      <trkpt lat="40.2872192859649658203125" lon="9.49160990305244922637939453125">
        <ele>149.399993896484375</ele>
        <time>2026-09-15T06:35:04.000Z</time>
      </trkpt>
      <trkpt lat="40.28704100288450717926025390625" lon="9.49157000519335269927978515625">
        <ele>149.1999969482421875</ele>
        <time>2026-09-15T06:35:16.000Z</time>
      </trkpt>
      <trkpt lat="40.28692734427750110626220703125" lon="9.491495154798030853271484375">
        <ele>149.399993896484375</ele>
        <time>2026-09-15T06:35:25.000Z</time>
      </trkpt>
      <trkpt lat="40.28690236620604991912841796875" lon="9.491498507559299468994140625">
        <ele>149.1999969482421875</ele>
        <time>2026-09-15T06:35:27.000Z</time>
      </trkpt>
      <trkpt lat="40.28689163736999034881591796875" lon="9.49154418893158435821533203125">
        <ele>148.8000030517578125</ele>
        <time>2026-09-15T06:35:31.000Z</time>
      </trkpt>
      <trkpt lat="40.2868935652077198028564453125" lon="9.49155977927148342132568359375">
        <ele>148.8000030517578125</ele>
        <time>2026-09-15T06:35:32.000Z</time>
      </trkpt>
      <trkpt lat="40.28688878752291202545166015625" lon="9.49158526025712490081787109375">
        <ele>148.600006103515625</ele>
        <time>2026-09-15T06:35:34.000Z</time>
      </trkpt>
      <trkpt lat="40.2868647314608097076416015625" lon="9.49163823388516902923583984375">
        <ele>148.1999969482421875</ele>
        <time>2026-09-15T06:35:38.000Z</time>
      </trkpt>
      <trkpt lat="40.2868496440351009368896484375" lon="9.49166136793792247772216796875">
        <ele>148.1999969482421875</ele>
        <time>2026-09-15T06:35:40.000Z</time>
      </trkpt>
      <trkpt lat="40.28683866374194622039794921875" lon="9.49166991747915744781494140625">
        <ele>148.1999969482421875</ele>
        <time>2026-09-15T06:35:41.000Z</time>
      </trkpt>
      <trkpt lat="40.2868244983255863189697265625" lon="9.49167209677398204803466796875">
        <ele>148.399993896484375</ele>
        <time>2026-09-15T06:35:42.000Z</time>
      </trkpt>
      <trkpt lat="40.28678552247583866119384765625" lon="9.49168668128550052642822265625">
        <ele>148.600006103515625</ele>
        <time>2026-09-15T06:35:46.000Z</time>
      </trkpt>
      <trkpt lat="40.2867664955556392669677734375" lon="9.49170260690152645111083984375">
        <ele>148.600006103515625</ele>
        <time>2026-09-15T06:35:48.000Z</time>
      </trkpt>
      <trkpt lat="40.28675585053861141204833984375" lon="9.49172691442072391510009765625">
        <ele>148.399993896484375</ele>
        <time>2026-09-15T06:35:50.000Z</time>
      </trkpt>
      <trkpt lat="40.28675417415797710418701171875" lon="9.49175742454826831817626953125">
        <ele>148.1999969482421875</ele>
        <time>2026-09-15T06:35:52.000Z</time>
      </trkpt>
      <trkpt lat="40.28672450222074985504150390625" lon="9.49184484779834747314453125">
        <ele>148.600006103515625</ele>
        <time>2026-09-15T06:35:57.000Z</time>
      </trkpt>
      <trkpt lat="40.28673120774328708648681640625" lon="9.491874687373638153076171875">
        <ele>148.600006103515625</ele>
        <time>2026-09-15T06:35:59.000Z</time>
      </trkpt>
      <trkpt lat="40.28673673979938030242919921875" lon="9.491918273270130157470703125">
        <ele>148.600006103515625</ele>
        <time>2026-09-15T06:36:02.000Z</time>
      </trkpt>
      <trkpt lat="40.28674964793026447296142578125" lon="9.491994045674800872802734375">
        <ele>148.600006103515625</ele>
        <time>2026-09-15T06:36:06.000Z</time>
      </trkpt>
      <trkpt lat="40.28674512170255184173583984375" lon="9.492026232182979583740234375">
        <ele>148.8000030517578125</ele>
        <time>2026-09-15T06:36:08.000Z</time>
      </trkpt>
      <trkpt lat="40.28673179447650909423828125" lon="9.49202748946845531463623046875">
        <ele>149</ele>
        <time>2026-09-15T06:36:10.000Z</time>
      </trkpt>
      <trkpt lat="40.286689214408397674560546875" lon="9.4919844903051853179931640625">
        <ele>149.600006103515625</ele>
        <time>2026-09-15T06:36:15.000Z</time>
      </trkpt>
      <trkpt lat="40.28668108396232128143310546875" lon="9.49197082780301570892333984375">
        <ele>149.8000030517578125</ele>
        <time>2026-09-15T06:36:16.000Z</time>
      </trkpt>
      <trkpt lat="40.28662987053394317626953125" lon="9.49191768653690814971923828125">
        <ele>150.600006103515625</ele>
        <time>2026-09-15T06:36:21.000Z</time>
      </trkpt>
      <trkpt lat="40.28662777505815029144287109375" lon="9.491920284926891326904296875">
        <ele>150.600006103515625</ele>
        <time>2026-09-15T06:36:22.000Z</time>
      </trkpt>
      <trkpt lat="40.28661486692726612091064453125" lon="9.4919393956661224365234375">
        <ele>150.8000030517578125</ele>
        <time>2026-09-15T06:36:27.000Z</time>
      </trkpt>
      <trkpt lat="40.2865800820291042327880859375" lon="9.49192187748849391937255859375">
        <ele>151.8000030517578125</ele>
        <time>2026-09-15T06:36:35.000Z</time>
      </trkpt>
      <trkpt lat="40.28655820526182651519775390625" lon="9.49191919527947902679443359375">
        <ele>152.600006103515625</ele>
        <time>2026-09-15T06:36:40.000Z</time>
      </trkpt>
      <trkpt lat="40.2865552715957164764404296875" lon="9.491918943822383880615234375">
        <ele>152.8000030517578125</ele>
        <time>2026-09-15T06:36:55.000Z</time>
      </trkpt>
      <trkpt lat="40.2865552715957164764404296875" lon="9.49191919527947902679443359375">
        <ele>152.8000030517578125</ele>
        <time>2026-09-15T06:36:56.000Z</time>
      </trkpt>
      <trkpt lat="40.2865552715957164764404296875" lon="9.4919192790985107421875">
        <ele>152.8000030517578125</ele>
        <time>2026-09-15T06:36:58.000Z</time>
      </trkpt>
      <trkpt lat="40.28655518777668476104736328125" lon="9.49191953055560588836669921875">
        <ele>152.8000030517578125</ele>
        <time>2026-09-15T06:37:01.000Z</time>
      </trkpt>
      <trkpt lat="40.286555103957653045654296875" lon="9.49191953055560588836669921875">
        <ele>152.8000030517578125</ele>
        <time>2026-09-15T06:37:02.000Z</time>
      </trkpt>
      <trkpt lat="40.28655485250055789947509765625" lon="9.49191994965076446533203125">
        <ele>152.8000030517578125</ele>
        <time>2026-09-15T06:37:05.000Z</time>
      </trkpt>
      <trkpt lat="40.28655476868152618408203125" lon="9.49192003346979618072509765625">
        <ele>152.8000030517578125</ele>
        <time>2026-09-15T06:37:06.000Z</time>
      </trkpt>
      <trkpt lat="40.286554433405399322509765625" lon="9.49192036874592304229736328125">
        <ele>152.8000030517578125</ele>
        <time>2026-09-15T06:37:08.000Z</time>
      </trkpt>
      <trkpt lat="40.2865540981292724609375" lon="9.49192036874592304229736328125">
        <ele>152.8000030517578125</ele>
        <time>2026-09-15T06:37:09.000Z</time>
      </trkpt>
      <trkpt lat="40.286553092300891876220703125" lon="9.49192053638398647308349609375">
        <ele>152.8000030517578125</ele>
        <time>2026-09-15T06:37:11.000Z</time>
      </trkpt>
      <trkpt lat="40.28655208647251129150390625" lon="9.4919207878410816192626953125">
        <ele>152.8000030517578125</ele>
        <time>2026-09-15T06:37:14.000Z</time>
      </trkpt>
      <trkpt lat="40.28655133210122585296630859375" lon="9.4919233024120330810546875">
        <ele>153</ele>
        <time>2026-09-15T06:37:24.000Z</time>
      </trkpt>
      <trkpt lat="40.28655133210122585296630859375" lon="9.4919233024120330810546875">
        <ele>153</ele>
        <time>2026-09-15T06:37:29.000Z</time>
      </trkpt>
      <trkpt lat="40.28655208647251129150390625" lon="9.4919233024120330810546875">
        <ele>153</ele>
        <time>2026-09-15T06:37:35.000Z</time>
      </trkpt>
      <trkpt lat="40.2865522541105747222900390625" lon="9.4919221289455890655517578125">
        <ele>152.8000030517578125</ele>
        <time>2026-09-15T06:37:43.000Z</time>
      </trkpt>
      <trkpt lat="40.2865522541105747222900390625" lon="9.49192154221236705780029296875">
        <ele>152.8000030517578125</ele>
        <time>2026-09-15T06:37:45.000Z</time>
      </trkpt>
      <trkpt lat="40.2865522541105747222900390625" lon="9.49191969819366931915283203125">
        <ele>152.8000030517578125</ele>
        <time>2026-09-15T06:37:47.000Z</time>
      </trkpt>
      <trkpt lat="40.28655149973928928375244140625" lon="9.491906873881816864013671875">
        <ele>152.8000030517578125</ele>
        <time>2026-09-15T06:37:59.000Z</time>
      </trkpt>
      <trkpt lat="40.28655116446316242218017578125" lon="9.4919060356914997100830078125">
        <ele>152.8000030517578125</ele>
        <time>2026-09-15T06:38:06.000Z</time>
      </trkpt>
      <trkpt lat="40.28656817972660064697265625" lon="9.4919985719025135040283203125">
        <ele>153</ele>
        <time>2026-09-15T06:38:29.000Z</time>
      </trkpt>
      <trkpt lat="40.2866015397012233734130859375" lon="9.49210627935826778411865234375">
        <ele>152.399993896484375</ele>
        <time>2026-09-15T06:38:35.000Z</time>
      </trkpt>
      <trkpt lat="40.28664906509220600128173828125" lon="9.49226167984306812286376953125">
        <ele>152.399993896484375</ele>
        <time>2026-09-15T06:38:44.000Z</time>
      </trkpt>
      <trkpt lat="40.286682508885860443115234375" lon="9.4923978857696056365966796875">
        <ele>154.600006103515625</ele>
        <time>2026-09-15T06:38:53.000Z</time>
      </trkpt>
      <trkpt lat="40.2866974286735057830810546875" lon="9.49247650802135467529296875">
        <ele>155.8000030517578125</ele>
        <time>2026-09-15T06:38:58.000Z</time>
      </trkpt>
      <trkpt lat="40.28671276755630970001220703125" lon="9.49251716025173664093017578125">
        <ele>156.1999969482421875</ele>
        <time>2026-09-15T06:39:00.000Z</time>
      </trkpt>
      <trkpt lat="40.28674193657934665679931640625" lon="9.49266518466174602508544921875">
        <ele>157.600006103515625</ele>
        <time>2026-09-15T06:39:09.000Z</time>
      </trkpt>
      <trkpt lat="40.28676255606114864349365234375" lon="9.49283299036324024200439453125">
        <ele>160.8000030517578125</ele>
        <time>2026-09-15T06:39:19.000Z</time>
      </trkpt>
      <trkpt lat="40.2867671661078929901123046875" lon="9.492887891829013824462890625">
        <ele>161.399993896484375</ele>
        <time>2026-09-15T06:39:22.000Z</time>
      </trkpt>
      <trkpt lat="40.28677714057266712188720703125" lon="9.49292435310781002044677734375">
        <ele>161.399993896484375</ele>
        <time>2026-09-15T06:39:25.000Z</time>
      </trkpt>
      <trkpt lat="40.2867772243916988372802734375" lon="9.492947570979595184326171875">
        <ele>161.8000030517578125</ele>
        <time>2026-09-15T06:39:27.000Z</time>
      </trkpt>
      <trkpt lat="40.28679859824478626251220703125" lon="9.4931284524500370025634765625">
        <ele>163.600006103515625</ele>
        <time>2026-09-15T06:39:37.000Z</time>
      </trkpt>
      <trkpt lat="40.28680044226348400115966796875" lon="9.49320045299828052520751953125">
        <ele>164.600006103515625</ele>
        <time>2026-09-15T06:39:42.000Z</time>
      </trkpt>
      <trkpt lat="40.28680295683443546295166015625" lon="9.49321369640529155731201171875">
        <ele>164.600006103515625</ele>
        <time>2026-09-15T06:39:43.000Z</time>
      </trkpt>
      <trkpt lat="40.28680999763309955596923828125" lon="9.49330086819827556610107421875">
        <ele>165.399993896484375</ele>
        <time>2026-09-15T06:39:48.000Z</time>
      </trkpt>
      <trkpt lat="40.2868107520043849945068359375" lon="9.49339189566671848297119140625">
        <ele>167</ele>
        <time>2026-09-15T06:39:54.000Z</time>
      </trkpt>
      <trkpt lat="40.28680899180471897125244140625" lon="9.49340212158858776092529296875">
        <ele>167.1999969482421875</ele>
        <time>2026-09-15T06:39:55.000Z</time>
      </trkpt>
      <trkpt lat="40.28680957853794097900390625" lon="9.49341687373816967010498046875">
        <ele>167.399993896484375</ele>
        <time>2026-09-15T06:39:56.000Z</time>
      </trkpt>
      <trkpt lat="40.2868238277733325958251953125" lon="9.49350178241729736328125">
        <ele>168</ele>
        <time>2026-09-15T06:40:01.000Z</time>
      </trkpt>
      <trkpt lat="40.28683480806648731231689453125" lon="9.493621475994586944580078125">
        <ele>168.399993896484375</ele>
        <time>2026-09-15T06:40:09.000Z</time>
      </trkpt>
      <trkpt lat="40.28686766512691974639892578125" lon="9.49372281320393085479736328125">
        <ele>167.1999969482421875</ele>
        <time>2026-09-15T06:40:15.000Z</time>
      </trkpt>
      <trkpt lat="40.286877639591693878173828125" lon="9.49374997057020664215087890625">
        <ele>166.8000030517578125</ele>
        <time>2026-09-15T06:40:17.000Z</time>
      </trkpt>
      <trkpt lat="40.2868851833045482635498046875" lon="9.49376530945301055908203125">
        <ele>166.600006103515625</ele>
        <time>2026-09-15T06:40:18.000Z</time>
      </trkpt>
      <trkpt lat="40.286958776414394378662109375" lon="9.49395180679857730865478515625">
        <ele>165.399993896484375</ele>
        <time>2026-09-15T06:40:31.000Z</time>
      </trkpt>
      <trkpt lat="40.28696070425212383270263671875" lon="9.49407401494681835174560546875">
        <ele>167.399993896484375</ele>
        <time>2026-09-15T06:40:39.000Z</time>
      </trkpt>
      <trkpt lat="40.28696556575596332550048828125" lon="9.49424936436116695404052734375">
        <ele>170.399993896484375</ele>
        <time>2026-09-15T06:40:50.000Z</time>
      </trkpt>
      <trkpt lat="40.286949388682842254638671875" lon="9.4944142363965511322021484375">
        <ele>174</ele>
        <time>2026-09-15T06:41:01.000Z</time>
      </trkpt>
      <trkpt lat="40.28695307672023773193359375" lon="9.49444122612476348876953125">
        <ele>174.1999969482421875</ele>
        <time>2026-09-15T06:41:07.000Z</time>
      </trkpt>
      <trkpt lat="40.2869559265673160552978515625" lon="9.494442231953144073486328125">
        <ele>174.1999969482421875</ele>
        <time>2026-09-15T06:41:21.000Z</time>
      </trkpt>
      <trkpt lat="40.2869559265673160552978515625" lon="9.494442231953144073486328125">
        <ele>174.1999969482421875</ele>
        <time>2026-09-15T06:41:29.000Z</time>
      </trkpt>
      <trkpt lat="40.28695978224277496337890625" lon="9.4944940321147441864013671875">
        <ele>174.600006103515625</ele>
        <time>2026-09-15T06:41:38.000Z</time>
      </trkpt>
      <trkpt lat="40.28696908615529537200927734375" lon="9.49458179064095020294189453125">
        <ele>175</ele>
        <time>2026-09-15T06:41:52.000Z</time>
      </trkpt>
      <trkpt lat="40.28697713278234004974365234375" lon="9.494694359600543975830078125">
        <ele>175.600006103515625</ele>
        <time>2026-09-15T06:41:57.000Z</time>
      </trkpt>
      <trkpt lat="40.28698802925646305084228515625" lon="9.494731239974498748779296875">
        <ele>175.399993896484375</ele>
        <time>2026-09-15T06:42:00.000Z</time>
      </trkpt>
      <trkpt lat="40.28702558018267154693603515625" lon="9.494867362082004547119140625">
        <ele>175.600006103515625</ele>
        <time>2026-09-15T06:42:09.000Z</time>
      </trkpt>
      <trkpt lat="40.28703463263809680938720703125" lon="9.49489309452474117279052734375">
        <ele>175.399993896484375</ele>
        <time>2026-09-15T06:42:11.000Z</time>
      </trkpt>
      <trkpt lat="40.2870742790400981903076171875" lon="9.49503726325929164886474609375">
        <ele>175</ele>
        <time>2026-09-15T06:42:20.000Z</time>
      </trkpt>
      <trkpt lat="40.2871128357946872711181640625" lon="9.4951645843684673309326171875">
        <ele>174.1999969482421875</ele>
        <time>2026-09-15T06:42:28.000Z</time>
      </trkpt>
      <trkpt lat="40.287136472761631011962890625" lon="9.49523826129734516143798828125">
        <ele>173.8000030517578125</ele>
        <time>2026-09-15T06:42:33.000Z</time>
      </trkpt>
      <trkpt lat="40.28714912943542003631591796875" lon="9.49532375670969486236572265625">
        <ele>174.1999969482421875</ele>
        <time>2026-09-15T06:42:39.000Z</time>
      </trkpt>
      <trkpt lat="40.28718936257064342498779296875" lon="9.49552458710968494415283203125">
        <ele>175.399993896484375</ele>
        <time>2026-09-15T06:42:52.000Z</time>
      </trkpt>
      <trkpt lat="40.2872057072818279266357421875" lon="9.4956145249307155609130859375">
        <ele>176</ele>
        <time>2026-09-15T06:43:01.000Z</time>
      </trkpt>
      <trkpt lat="40.28720713220536708831787109375" lon="9.49564796872437000274658203125">
        <ele>176.399993896484375</ele>
        <time>2026-09-15T06:43:11.000Z</time>
      </trkpt>
      <trkpt lat="40.2872281707823276519775390625" lon="9.4957613758742809295654296875">
        <ele>177.1999969482421875</ele>
        <time>2026-09-15T06:43:18.000Z</time>
      </trkpt>
      <trkpt lat="40.28727049939334392547607421875" lon="9.495939910411834716796875">
        <ele>178</ele>
        <time>2026-09-15T06:43:29.000Z</time>
      </trkpt>
      <trkpt lat="40.28731140308082103729248046875" lon="9.4960862584412097930908203125">
        <ele>177.8000030517578125</ele>
        <time>2026-09-15T06:43:39.000Z</time>
      </trkpt>
      <trkpt lat="40.28731710277497768402099609375" lon="9.4961003400385379791259765625">
        <ele>177.8000030517578125</ele>
        <time>2026-09-15T06:43:40.000Z</time>
      </trkpt>
      <trkpt lat="40.28735934756696224212646484375" lon="9.49613998644053936004638671875">
        <ele>176.600006103515625</ele>
        <time>2026-09-15T06:43:45.000Z</time>
      </trkpt>
      <trkpt lat="40.287371836602687835693359375" lon="9.49614702723920345306396484375">
        <ele>176.1999969482421875</ele>
        <time>2026-09-15T06:43:51.000Z</time>
      </trkpt>
      <trkpt lat="40.28737175278365612030029296875" lon="9.4961476139724254608154296875">
        <ele>176.1999969482421875</ele>
        <time>2026-09-15T06:43:58.000Z</time>
      </trkpt>
      <trkpt lat="40.28737175278365612030029296875" lon="9.4961476139724254608154296875">
        <ele>176.1999969482421875</ele>
        <time>2026-09-15T06:44:12.000Z</time>
      </trkpt>
      <trkpt lat="40.2873842418193817138671875" lon="9.49613445438444614410400390625">
        <ele>175.600006103515625</ele>
        <time>2026-09-15T06:45:23.000Z</time>
      </trkpt>
      <trkpt lat="40.28738030232489109039306640625" lon="9.49613244272768497467041015625">
        <ele>175.8000030517578125</ele>
        <time>2026-09-15T06:45:24.000Z</time>
      </trkpt>
      <trkpt lat="40.28736747801303863525390625" lon="9.49612271972000598907470703125">
        <ele>176</ele>
        <time>2026-09-15T06:45:33.000Z</time>
      </trkpt>
      <trkpt lat="40.28737694956362247467041015625" lon="9.49622221291065216064453125">
        <ele>177.1999969482421875</ele>
        <time>2026-09-15T06:45:47.000Z</time>
      </trkpt>
      <trkpt lat="40.28742573224008083343505859375" lon="9.4964198581874370574951171875">
        <ele>178</ele>
        <time>2026-09-15T06:45:56.000Z</time>
      </trkpt>
      <trkpt lat="40.287436209619045257568359375" lon="9.49645598419010639190673828125">
        <ele>178.1999969482421875</ele>
        <time>2026-09-15T06:45:58.000Z</time>
      </trkpt>
      <trkpt lat="40.28747853823006153106689453125" lon="9.49663099832832813262939453125">
        <ele>178.399993896484375</ele>
        <time>2026-09-15T06:46:08.000Z</time>
      </trkpt>
      <trkpt lat="40.28750653378665447235107421875" lon="9.49676292948424816131591796875">
        <ele>179</ele>
        <time>2026-09-15T06:46:17.000Z</time>
      </trkpt>
      <trkpt lat="40.28749111108481884002685546875" lon="9.4968399591743946075439453125">
        <ele>181.1999969482421875</ele>
        <time>2026-09-15T06:46:22.000Z</time>
      </trkpt>
      <trkpt lat="40.28746898286044597625732421875" lon="9.49684591032564640045166015625">
        <ele>182.600006103515625</ele>
        <time>2026-09-15T06:46:24.000Z</time>
      </trkpt>
      <trkpt lat="40.287460349500179290771484375" lon="9.49684004299342632293701171875">
        <ele>183</ele>
        <time>2026-09-15T06:46:25.000Z</time>
      </trkpt>
      <trkpt lat="40.287442244589328765869140625" lon="9.496778436005115509033203125">
        <ele>183</ele>
        <time>2026-09-15T06:46:29.000Z</time>
      </trkpt>
      <trkpt lat="40.287394635379314422607421875" lon="9.4966615922749042510986328125">
        <ele>183.399993896484375</ele>
        <time>2026-09-15T06:46:37.000Z</time>
      </trkpt>
      <trkpt lat="40.28735649771988391876220703125" lon="9.496579952538013458251953125">
        <ele>183.1999969482421875</ele>
        <time>2026-09-15T06:46:43.000Z</time>
      </trkpt>
      <trkpt lat="40.2873089723289012908935546875" lon="9.496517591178417205810546875">
        <ele>184</ele>
        <time>2026-09-15T06:46:47.000Z</time>
      </trkpt>
      <trkpt lat="40.2872420847415924072265625" lon="9.49641474522650241851806640625">
        <ele>185.1999969482421875</ele>
        <time>2026-09-15T06:46:56.000Z</time>
      </trkpt>
      <trkpt lat="40.28720294125378131866455078125" lon="9.4963605143129825592041015625">
        <ele>186</ele>
        <time>2026-09-15T06:47:00.000Z</time>
      </trkpt>
      <trkpt lat="40.28716170229017734527587890625" lon="9.496307708323001861572265625">
        <ele>187</ele>
        <time>2026-09-15T06:47:05.000Z</time>
      </trkpt>
      <trkpt lat="40.2871523983776569366455078125" lon="9.49630091898143291473388671875">
        <ele>187.1999969482421875</ele>
        <time>2026-09-15T06:47:06.000Z</time>
      </trkpt>
      <trkpt lat="40.287091545760631561279296875" lon="9.49623604305088520050048828125">
        <ele>189.399993896484375</ele>
        <time>2026-09-15T06:47:14.000Z</time>
      </trkpt>
      <trkpt lat="40.287044942378997802734375" lon="9.4961895234882831573486328125">
        <ele>191</ele>
        <time>2026-09-15T06:47:21.000Z</time>
      </trkpt>
      <trkpt lat="40.28702390380203723907470703125" lon="9.49616630561649799346923828125">
        <ele>191.8000030517578125</ele>
        <time>2026-09-15T06:47:24.000Z</time>
      </trkpt>
      <trkpt lat="40.2869887836277484893798828125" lon="9.49612590484321117401123046875">
        <ele>193</ele>
        <time>2026-09-15T06:47:29.000Z</time>
      </trkpt>
      <trkpt lat="40.2869361452758312225341796875" lon="9.49604451656341552734375">
        <ele>194.1999969482421875</ele>
        <time>2026-09-15T06:47:37.000Z</time>
      </trkpt>
      <trkpt lat="40.28688727878034114837646484375" lon="9.49596379883587360382080078125">
        <ele>195.1999969482421875</ele>
        <time>2026-09-15T06:47:44.000Z</time>
      </trkpt>
      <trkpt lat="40.2868231572210788726806640625" lon="9.4958589412271976470947265625">
        <ele>197.600006103515625</ele>
        <time>2026-09-15T06:47:52.000Z</time>
      </trkpt>
      <trkpt lat="40.28675417415797710418701171875" lon="9.49575626291334629058837890625">
        <ele>199</ele>
        <time>2026-09-15T06:48:01.000Z</time>
      </trkpt>
      <trkpt lat="40.28668946586549282073974609375" lon="9.49563824571669101715087890625">
        <ele>199.399993896484375</ele>
        <time>2026-09-15T06:48:10.000Z</time>
      </trkpt>
      <trkpt lat="40.28668242506682872772216796875" lon="9.49562734924256801605224609375">
        <ele>199.600006103515625</ele>
        <time>2026-09-15T06:48:11.000Z</time>
      </trkpt>
      <trkpt lat="40.28662852942943572998046875" lon="9.49552240781486034393310546875">
        <ele>200.399993896484375</ele>
        <time>2026-09-15T06:48:19.000Z</time>
      </trkpt>
      <trkpt lat="40.2865944989025592803955078125" lon="9.49544169008731842041015625">
        <ele>200.399993896484375</ele>
        <time>2026-09-15T06:48:25.000Z</time>
      </trkpt>
      <trkpt lat="40.28657563962042331695556640625" lon="9.495411179959774017333984375">
        <ele>200.8000030517578125</ele>
        <time>2026-09-15T06:48:28.000Z</time>
      </trkpt>
      <trkpt lat="40.2865022979676723480224609375" lon="9.4953167997300624847412109375">
        <ele>203</ele>
        <time>2026-09-15T06:48:37.000Z</time>
      </trkpt>
      <trkpt lat="40.2864615619182586669921875" lon="9.49525016359984874725341796875">
        <ele>203.8000030517578125</ele>
        <time>2026-09-15T06:48:44.000Z</time>
      </trkpt>
      <trkpt lat="40.28643809258937835693359375" lon="9.49523021467030048370361328125">
        <ele>204.8000030517578125</ele>
        <time>2026-09-15T06:48:46.000Z</time>
      </trkpt>
      <trkpt lat="40.2863936685025691986083984375" lon="9.49518361128866672515869140625">
        <ele>206.399993896484375</ele>
        <time>2026-09-15T06:48:51.000Z</time>
      </trkpt>
      <trkpt lat="40.28633004985749721527099609375" lon="9.495085962116718292236328125">
        <ele>207.8000030517578125</ele>
        <time>2026-09-15T06:49:00.000Z</time>
      </trkpt>
      <trkpt lat="40.28626953251659870147705078125" lon="9.4950346648693084716796875">
        <ele>210.399993896484375</ele>
        <time>2026-09-15T06:49:07.000Z</time>
      </trkpt>
      <trkpt lat="40.286209098994731903076171875" lon="9.49492762796580791473388671875">
        <ele>212.600006103515625</ele>
        <time>2026-09-15T06:49:17.000Z</time>
      </trkpt>
      <trkpt lat="40.28614833019673824310302734375" lon="9.494849927723407745361328125">
        <ele>215.399993896484375</ele>
        <time>2026-09-15T06:49:26.000Z</time>
      </trkpt>
      <trkpt lat="40.2861428819596767425537109375" lon="9.494841881096363067626953125">
        <ele>215.8000030517578125</ele>
        <time>2026-09-15T06:49:27.000Z</time>
      </trkpt>
      <trkpt lat="40.286114215850830078125" lon="9.49480106122791767120361328125">
        <ele>217</ele>
        <time>2026-09-15T06:49:31.000Z</time>
      </trkpt>
      <trkpt lat="40.2860868908464908599853515625" lon="9.49477943591773509979248046875">
        <ele>218.399993896484375</ele>
        <time>2026-09-15T06:49:34.000Z</time>
      </trkpt>
      <trkpt lat="40.2860265411436557769775390625" lon="9.49468086473643779754638671875">
        <ele>221.399993896484375</ele>
        <time>2026-09-15T06:49:41.000Z</time>
      </trkpt>
      <trkpt lat="40.28599410317838191986083984375" lon="9.4946496002376079559326171875">
        <ele>223.399993896484375</ele>
        <time>2026-09-15T06:49:46.000Z</time>
      </trkpt>
      <trkpt lat="40.2859899960458278656005859375" lon="9.4946559704840183258056640625">
        <ele>223.8000030517578125</ele>
        <time>2026-09-15T06:49:47.000Z</time>
      </trkpt>
      <trkpt lat="40.28598521836102008819580078125" lon="9.49467902071774005889892578125">
        <ele>224.1999969482421875</ele>
        <time>2026-09-15T06:49:49.000Z</time>
      </trkpt>
      <trkpt lat="40.28598756529390811920166015625" lon="9.4947226904332637786865234375">
        <ele>224.1999969482421875</ele>
        <time>2026-09-15T06:49:53.000Z</time>
      </trkpt>
      <trkpt lat="40.28601832687854766845703125" lon="9.49484364129602909088134765625">
        <ele>223.399993896484375</ele>
        <time>2026-09-15T06:50:02.000Z</time>
      </trkpt>
      <trkpt lat="40.28603442013263702392578125" lon="9.494967274367809295654296875">
        <ele>223.8000030517578125</ele>
        <time>2026-09-15T06:50:10.000Z</time>
      </trkpt>
      <trkpt lat="40.2860429696738719940185546875" lon="9.495094008743762969970703125">
        <ele>226</ele>
        <time>2026-09-15T06:50:19.000Z</time>
      </trkpt>
      <trkpt lat="40.286090075969696044921875" lon="9.495201297104358673095703125">
        <ele>225.600006103515625</ele>
        <time>2026-09-15T06:50:26.000Z</time>
      </trkpt>
      <trkpt lat="40.286095440387725830078125" lon="9.49521328322589397430419921875">
        <ele>225.600006103515625</ele>
        <time>2026-09-15T06:50:27.000Z</time>
      </trkpt>
      <trkpt lat="40.2861422114074230194091796875" lon="9.49533146806061267852783203125">
        <ele>225.399993896484375</ele>
        <time>2026-09-15T06:50:35.000Z</time>
      </trkpt>
      <trkpt lat="40.28615335933864116668701171875" lon="9.49544797651469707489013671875">
        <ele>228.1999969482421875</ele>
        <time>2026-09-15T06:50:43.000Z</time>
      </trkpt>
      <trkpt lat="40.2861807681620121002197265625" lon="9.49557940475642681121826171875">
        <ele>230.600006103515625</ele>
        <time>2026-09-15T06:50:53.000Z</time>
      </trkpt>
      <trkpt lat="40.2861987054347991943359375" lon="9.49565199203789234161376953125">
        <ele>231.1999969482421875</ele>
        <time>2026-09-15T06:50:58.000Z</time>
      </trkpt>
      <trkpt lat="40.28621119447052478790283203125" lon="9.49568317271769046783447265625">
        <ele>231</ele>
        <time>2026-09-15T06:51:01.000Z</time>
      </trkpt>
      <trkpt lat="40.2862183190882205963134765625" lon="9.49571200646460056304931640625">
        <ele>231.399993896484375</ele>
        <time>2026-09-15T06:51:03.000Z</time>
      </trkpt>
      <trkpt lat="40.28622686862945556640625" lon="9.49577637948095798492431640625">
        <ele>232.600006103515625</ele>
        <time>2026-09-15T06:51:09.000Z</time>
      </trkpt>
      <trkpt lat="40.28623692691326141357421875" lon="9.495795406401157379150390625">
        <ele>232.399993896484375</ele>
        <time>2026-09-15T06:51:11.000Z</time>
      </trkpt>
      <trkpt lat="40.28624421916902065277099609375" lon="9.49580873362720012664794921875">
        <ele>232.399993896484375</ele>
        <time>2026-09-15T06:51:12.000Z</time>
      </trkpt>
      <trkpt lat="40.2862736396491527557373046875" lon="9.49589632451534271240234375">
        <ele>233</ele>
        <time>2026-09-15T06:51:17.000Z</time>
      </trkpt>
      <trkpt lat="40.28629249893128871917724609375" lon="9.4959839992225170135498046875">
        <ele>234.600006103515625</ele>
        <time>2026-09-15T06:51:23.000Z</time>
      </trkpt>
      <trkpt lat="40.286296270787715911865234375" lon="9.49602507054805755615234375">
        <ele>235.600006103515625</ele>
        <time>2026-09-15T06:51:26.000Z</time>
      </trkpt>
      <trkpt lat="40.2862967737019062042236328125" lon="9.496054910123348236083984375">
        <ele>236.8000030517578125</ele>
        <time>2026-09-15T06:51:28.000Z</time>
      </trkpt>
      <trkpt lat="40.2862940914928913116455078125" lon="9.496065638959407806396484375">
        <ele>237.399993896484375</ele>
        <time>2026-09-15T06:51:29.000Z</time>
      </trkpt>
      <trkpt lat="40.286291576921939849853515625" lon="9.49611224234104156494140625">
        <ele>239.1999969482421875</ele>
        <time>2026-09-15T06:51:33.000Z</time>
      </trkpt>
      <trkpt lat="40.28629551641643047332763671875" lon="9.49614333920180797576904296875">
        <ele>239.8000030517578125</ele>
        <time>2026-09-15T06:51:35.000Z</time>
      </trkpt>
      <trkpt lat="40.286311693489551544189453125" lon="9.49623788706958293914794921875">
        <ele>241.1999969482421875</ele>
        <time>2026-09-15T06:51:42.000Z</time>
      </trkpt>
      <trkpt lat="40.2863435447216033935546875" lon="9.49632187373936176300048828125">
        <ele>241.1999969482421875</ele>
        <time>2026-09-15T06:51:48.000Z</time>
      </trkpt>
      <trkpt lat="40.2863541059195995330810546875" lon="9.4963409006595611572265625">
        <ele>241</ele>
        <time>2026-09-15T06:51:50.000Z</time>
      </trkpt>
      <trkpt lat="40.28638310730457305908203125" lon="9.4964771904051303863525390625">
        <ele>242</ele>
        <time>2026-09-15T06:51:59.000Z</time>
      </trkpt>
      <trkpt lat="40.28640196658670902252197265625" lon="9.49660518206655979156494140625">
        <ele>242</ele>
        <time>2026-09-15T06:52:07.000Z</time>
      </trkpt>
      <trkpt lat="40.2864050678908824920654296875" lon="9.49663527309894561767578125">
        <ele>242</ele>
        <time>2026-09-15T06:52:09.000Z</time>
      </trkpt>
      <trkpt lat="40.28642929159104824066162109375" lon="9.496766366064548492431640625">
        <ele>241.8000030517578125</ele>
        <time>2026-09-15T06:52:18.000Z</time>
      </trkpt>
      <trkpt lat="40.2864292077720165252685546875" lon="9.49678522534668445587158203125">
        <ele>242</ele>
        <time>2026-09-15T06:52:19.000Z</time>
      </trkpt>
      <trkpt lat="40.28642962686717510223388671875" lon="9.4968822039663791656494140625">
        <ele>243.399993896484375</ele>
        <time>2026-09-15T06:52:24.000Z</time>
      </trkpt>
      <trkpt lat="40.2864345721900463104248046875" lon="9.4969831220805644989013671875">
        <ele>244.1999969482421875</ele>
        <time>2026-09-15T06:52:31.000Z</time>
      </trkpt>
      <trkpt lat="40.28643582947552204132080078125" lon="9.496996365487575531005859375">
        <ele>244.1999969482421875</ele>
        <time>2026-09-15T06:52:32.000Z</time>
      </trkpt>
      <trkpt lat="40.286437086760997772216796875" lon="9.49701153673231601715087890625">
        <ele>244.1999969482421875</ele>
        <time>2026-09-15T06:52:33.000Z</time>
      </trkpt>
      <trkpt lat="40.286422669887542724609375" lon="9.4971212558448314666748046875">
        <ele>246</ele>
        <time>2026-09-15T06:52:41.000Z</time>
      </trkpt>
      <trkpt lat="40.286409594118595123291015625" lon="9.4971795938909053802490234375">
        <ele>247</ele>
        <time>2026-09-15T06:52:45.000Z</time>
      </trkpt>
      <trkpt lat="40.28639878146350383758544921875" lon="9.497203566133975982666015625">
        <ele>247.8000030517578125</ele>
        <time>2026-09-15T06:52:47.000Z</time>
      </trkpt>
      <trkpt lat="40.2863940037786960601806640625" lon="9.4972352497279644012451171875">
        <ele>248.399993896484375</ele>
        <time>2026-09-15T06:52:49.000Z</time>
      </trkpt>
      <trkpt lat="40.286379419267177581787109375" lon="9.49728914536535739898681640625">
        <ele>249.399993896484375</ele>
        <time>2026-09-15T06:52:53.000Z</time>
      </trkpt>
      <trkpt lat="40.286345221102237701416015625" lon="9.49732652865350246429443359375">
        <ele>250.8000030517578125</ele>
        <time>2026-09-15T06:52:57.000Z</time>
      </trkpt>
      <trkpt lat="40.28633591718971729278564453125" lon="9.497326277196407318115234375">
        <ele>251.399993896484375</ele>
        <time>2026-09-15T06:52:58.000Z</time>
      </trkpt>
      <trkpt lat="40.28630909509956836700439453125" lon="9.497311525046825408935546875">
        <ele>252.600006103515625</ele>
        <time>2026-09-15T06:53:01.000Z</time>
      </trkpt>
      <trkpt lat="40.28629719279706478118896484375" lon="9.4972848705947399139404296875">
        <ele>253.1999969482421875</ele>
        <time>2026-09-15T06:53:03.000Z</time>
      </trkpt>
      <trkpt lat="40.286268778145313262939453125" lon="9.49720364995300769805908203125">
        <ele>255</ele>
        <time>2026-09-15T06:53:10.000Z</time>
      </trkpt>
      <trkpt lat="40.28622074984014034271240234375" lon="9.4970691204071044921875">
        <ele>257.20001220703125</ele>
        <time>2026-09-15T06:53:20.000Z</time>
      </trkpt>
      <trkpt lat="40.28619593940675258636474609375" lon="9.496990330517292022705078125">
        <ele>258</ele>
        <time>2026-09-15T06:53:26.000Z</time>
      </trkpt>
      <trkpt lat="40.286192335188388824462890625" lon="9.496978260576725006103515625">
        <ele>258.20001220703125</ele>
        <time>2026-09-15T06:53:27.000Z</time>
      </trkpt>
      <trkpt lat="40.28615788556635379791259765625" lon="9.496878683567047119140625">
        <ele>260.20001220703125</ele>
        <time>2026-09-15T06:53:34.000Z</time>
      </trkpt>
      <trkpt lat="40.28615252114832401275634765625" lon="9.4968657754361629486083984375">
        <ele>260.399993896484375</ele>
        <time>2026-09-15T06:53:35.000Z</time>
      </trkpt>
      <trkpt lat="40.286104492843151092529296875" lon="9.49680366553366184234619140625">
        <ele>263.399993896484375</ele>
        <time>2026-09-15T06:53:43.000Z</time>
      </trkpt>
      <trkpt lat="40.2860436402261257171630859375" lon="9.4967437349259853363037109375">
        <ele>267</ele>
        <time>2026-09-15T06:53:51.000Z</time>
      </trkpt>
      <trkpt lat="40.2859899960458278656005859375" lon="9.4966796971857547760009765625">
        <ele>269.20001220703125</ele>
        <time>2026-09-15T06:53:58.000Z</time>
      </trkpt>
      <trkpt lat="40.28591698966920375823974609375" lon="9.4965965487062931060791015625">
        <ele>271.399993896484375</ele>
        <time>2026-09-15T06:54:07.000Z</time>
      </trkpt>
      <trkpt lat="40.28588111512362957000732421875" lon="9.49656419456005096435546875">
        <ele>272.399993896484375</ele>
        <time>2026-09-15T06:54:11.000Z</time>
      </trkpt>
      <trkpt lat="40.28587474487721920013427734375" lon="9.49655505828559398651123046875">
        <ele>272.600006103515625</ele>
        <time>2026-09-15T06:54:12.000Z</time>
      </trkpt>
      <trkpt lat="40.28586678206920623779296875" lon="9.496539719402790069580078125">
        <ele>272.79998779296875</ele>
        <time>2026-09-15T06:54:14.000Z</time>
      </trkpt>
      <trkpt lat="40.28583065606653690338134765625" lon="9.4964669644832611083984375">
        <ele>273.600006103515625</ele>
        <time>2026-09-15T06:54:22.000Z</time>
      </trkpt>
      <trkpt lat="40.28578958474099636077880859375" lon="9.4964198581874370574951171875">
        <ele>274.600006103515625</ele>
        <time>2026-09-15T06:54:28.000Z</time>
      </trkpt>
      <trkpt lat="40.28576862998306751251220703125" lon="9.496384151279926300048828125">
        <ele>275.20001220703125</ele>
        <time>2026-09-15T06:54:31.000Z</time>
      </trkpt>
      <trkpt lat="40.28573275543749332427978515625" lon="9.49632841162383556365966796875">
        <ele>275.399993896484375</ele>
        <time>2026-09-15T06:54:39.000Z</time>
      </trkpt>
      <trkpt lat="40.285737700760364532470703125" lon="9.496325142681598663330078125">
        <ele>275</ele>
        <time>2026-09-15T06:54:48.000Z</time>
      </trkpt>
      <trkpt lat="40.2857378683984279632568359375" lon="9.496328495442867279052734375">
        <ele>275.20001220703125</ele>
        <time>2026-09-15T06:54:55.000Z</time>
      </trkpt>
      <trkpt lat="40.2857378683984279632568359375" lon="9.496328495442867279052734375">
        <ele>275.20001220703125</ele>
        <time>2026-09-15T06:55:03.000Z</time>
      </trkpt>
      <trkpt lat="40.2857378683984279632568359375" lon="9.496328495442867279052734375">
        <ele>275.20001220703125</ele>
        <time>2026-09-15T06:55:08.000Z</time>
      </trkpt>
      <trkpt lat="40.2856983058154582977294921875" lon="9.496268145740032196044921875">
        <ele>275.399993896484375</ele>
        <time>2026-09-15T06:55:17.000Z</time>
      </trkpt>
      <trkpt lat="40.28567659668624401092529296875" lon="9.49623252265155315399169921875">
        <ele>275.399993896484375</ele>
        <time>2026-09-15T06:55:23.000Z</time>
      </trkpt>
      <trkpt lat="40.285690762102603912353515625" lon="9.496240653097629547119140625">
        <ele>275.20001220703125</ele>
        <time>2026-09-15T06:55:31.000Z</time>
      </trkpt>
      <trkpt lat="40.28569067828357219696044921875" lon="9.496240653097629547119140625">
        <ele>275.20001220703125</ele>
        <time>2026-09-15T06:55:37.000Z</time>
      </trkpt>
      <trkpt lat="40.28568531386554241180419921875" lon="9.49623956345021724700927734375">
        <ele>275.399993896484375</ele>
        <time>2026-09-15T06:55:48.000Z</time>
      </trkpt>
      <trkpt lat="40.2856848947703838348388671875" lon="9.49623956345021724700927734375">
        <ele>275.399993896484375</ele>
        <time>2026-09-15T06:55:49.000Z</time>
      </trkpt>
      <trkpt lat="40.28568397276103496551513671875" lon="9.4962394796311855316162109375">
        <ele>275.399993896484375</ele>
        <time>2026-09-15T06:55:52.000Z</time>
      </trkpt>
      <trkpt lat="40.28568397276103496551513671875" lon="9.4962394796311855316162109375">
        <ele>275.399993896484375</ele>
        <time>2026-09-15T06:55:55.000Z</time>
      </trkpt>
      <trkpt lat="40.2856837213039398193359375" lon="9.496239311993122100830078125">
        <ele>275.399993896484375</ele>
        <time>2026-09-15T06:55:57.000Z</time>
      </trkpt>
      <trkpt lat="40.2856835536658763885498046875" lon="9.4962391443550586700439453125">
        <ele>275.399993896484375</ele>
        <time>2026-09-15T06:55:59.000Z</time>
      </trkpt>
      <trkpt lat="40.2856828831136226654052734375" lon="9.49623520486056804656982421875">
        <ele>275.399993896484375</ele>
        <time>2026-09-15T06:56:06.000Z</time>
      </trkpt>
      <trkpt lat="40.28568279929459095001220703125" lon="9.4962344504892826080322265625">
        <ele>275.20001220703125</ele>
        <time>2026-09-15T06:56:08.000Z</time>
      </trkpt>
      <trkpt lat="40.28568263165652751922607421875" lon="9.49623403139412403106689453125">
        <ele>275.20001220703125</ele>
        <time>2026-09-15T06:56:11.000Z</time>
      </trkpt>
      <trkpt lat="40.28568196110427379608154296875" lon="9.496233947575092315673828125">
        <ele>275.399993896484375</ele>
        <time>2026-09-15T06:56:18.000Z</time>
      </trkpt>
      <trkpt lat="40.285681374371051788330078125" lon="9.4962336122989654541015625">
        <ele>275.399993896484375</ele>
        <time>2026-09-15T06:56:28.000Z</time>
      </trkpt>
      <trkpt lat="40.28567877598106861114501953125" lon="9.4962284155189990997314453125">
        <ele>275.399993896484375</ele>
        <time>2026-09-15T06:56:53.000Z</time>
      </trkpt>
      <trkpt lat="40.285678692162036895751953125" lon="9.4962282478809356689453125">
        <ele>275.399993896484375</ele>
        <time>2026-09-15T06:56:55.000Z</time>
      </trkpt>
      <trkpt lat="40.28563535772264003753662109375" lon="9.4961772859096527099609375">
        <ele>276</ele>
        <time>2026-09-15T06:57:34.000Z</time>
      </trkpt>
      <trkpt lat="40.2856161631643772125244140625" lon="9.49615390039980411529541015625">
        <ele>276.20001220703125</ele>
        <time>2026-09-15T06:57:36.000Z</time>
      </trkpt>
      <trkpt lat="40.2855762653052806854248046875" lon="9.49608248658478260040283203125">
        <ele>276.20001220703125</ele>
        <time>2026-09-15T06:57:42.000Z</time>
      </trkpt>
      <trkpt lat="40.2855628542602062225341796875" lon="9.49606287293136119842529296875">
        <ele>276.399993896484375</ele>
        <time>2026-09-15T06:57:44.000Z</time>
      </trkpt>
      <trkpt lat="40.28550912626087665557861328125" lon="9.495986513793468475341796875">
        <ele>276.79998779296875</ele>
        <time>2026-09-15T06:57:51.000Z</time>
      </trkpt>
      <trkpt lat="40.28544911183416843414306640625" lon="9.49589674361050128936767578125">
        <ele>278</ele>
        <time>2026-09-15T06:58:00.000Z</time>
      </trkpt>
      <trkpt lat="40.2854414843022823333740234375" lon="9.4958881102502346038818359375">
        <ele>278.399993896484375</ele>
        <time>2026-09-15T06:58:01.000Z</time>
      </trkpt>
      <trkpt lat="40.285416506230831146240234375" lon="9.4958689995110034942626953125">
        <ele>279.399993896484375</ele>
        <time>2026-09-15T06:58:04.000Z</time>
      </trkpt>
      <trkpt lat="40.28536344878375530242919921875" lon="9.49582130648195743560791015625">
        <ele>281.399993896484375</ele>
        <time>2026-09-15T06:58:11.000Z</time>
      </trkpt>
      <trkpt lat="40.2853055298328399658203125" lon="9.495769254863262176513671875">
        <ele>283.79998779296875</ele>
        <time>2026-09-15T06:58:18.000Z</time>
      </trkpt>
      <trkpt lat="40.2852867543697357177734375" lon="9.49575156904757022857666015625">
        <ele>284.600006103515625</ele>
        <time>2026-09-15T06:58:20.000Z</time>
      </trkpt>
      <trkpt lat="40.28522841632366180419921875" lon="9.49565115384757518768310546875">
        <ele>286.20001220703125</ele>
        <time>2026-09-15T06:58:30.000Z</time>
      </trkpt>
      <trkpt lat="40.28517669998109340667724609375" lon="9.4955786503851413726806640625">
        <ele>287</ele>
        <time>2026-09-15T06:58:37.000Z</time>
      </trkpt>
      <trkpt lat="40.28515331447124481201171875" lon="9.4955253414809703826904296875">
        <ele>287.399993896484375</ele>
        <time>2026-09-15T06:58:45.000Z</time>
      </trkpt>
      <trkpt lat="40.2851189486682415008544921875" lon="9.49546725489199161529541015625">
        <ele>288.600006103515625</ele>
        <time>2026-09-15T06:58:52.000Z</time>
      </trkpt>
      <trkpt lat="40.28508089482784271240234375" lon="9.4954022951424121856689453125">
        <ele>289.600006103515625</ele>
        <time>2026-09-15T06:58:58.000Z</time>
      </trkpt>
      <trkpt lat="40.2850659750401973724365234375" lon="9.49538536369800567626953125">
        <ele>290</ele>
        <time>2026-09-15T06:59:00.000Z</time>
      </trkpt>
      <trkpt lat="40.2850250713527202606201171875" lon="9.49531738646328449249267578125">
        <ele>290.79998779296875</ele>
        <time>2026-09-15T06:59:08.000Z</time>
      </trkpt>
      <trkpt lat="40.28502280823886394500732421875" lon="9.495315961539745330810546875">
        <ele>291</ele>
        <time>2026-09-15T06:59:13.000Z</time>
      </trkpt>
      <trkpt lat="40.2850197069346904754638671875" lon="9.4953167997300624847412109375">
        <ele>291.20001220703125</ele>
        <time>2026-09-15T06:59:19.000Z</time>
      </trkpt>
      <trkpt lat="40.2850197069346904754638671875" lon="9.4953167997300624847412109375">
        <ele>291.20001220703125</ele>
        <time>2026-09-15T06:59:26.000Z</time>
      </trkpt>
      <trkpt lat="40.28501987457275390625" lon="9.49531671591103076934814453125">
        <ele>291.20001220703125</ele>
        <time>2026-09-15T06:59:28.000Z</time>
      </trkpt>
      <trkpt lat="40.28501987457275390625" lon="9.49531621299684047698974609375">
        <ele>291.20001220703125</ele>
        <time>2026-09-15T06:59:35.000Z</time>
      </trkpt>
      <trkpt lat="40.28501987457275390625" lon="9.49531621299684047698974609375">
        <ele>291.20001220703125</ele>
        <time>2026-09-15T06:59:37.000Z</time>
      </trkpt>
      <trkpt lat="40.28501987457275390625" lon="9.49531621299684047698974609375">
        <ele>291.20001220703125</ele>
        <time>2026-09-15T06:59:38.000Z</time>
      </trkpt>
      <trkpt lat="40.28501987457275390625" lon="9.49531621299684047698974609375">
        <ele>291.20001220703125</ele>
        <time>2026-09-15T06:59:41.000Z</time>
      </trkpt>
      <trkpt lat="40.2850197069346904754638671875" lon="9.49531621299684047698974609375">
        <ele>291.20001220703125</ele>
        <time>2026-09-15T06:59:43.000Z</time>
      </trkpt>
      <trkpt lat="40.2850180305540561676025390625" lon="9.49531604535877704620361328125">
        <ele>291.20001220703125</ele>
        <time>2026-09-15T06:59:53.000Z</time>
      </trkpt>
      <trkpt lat="40.28501744382083415985107421875" lon="9.495315290987491607666015625">
        <ele>291.20001220703125</ele>
        <time>2026-09-15T06:59:58.000Z</time>
      </trkpt>
      <trkpt lat="40.28501844964921474456787109375" lon="9.49531428515911102294921875">
        <ele>291.20001220703125</ele>
        <time>2026-09-15T07:00:11.000Z</time>
      </trkpt>
      <trkpt lat="40.2850254066288471221923828125" lon="9.49531294405460357666015625">
        <ele>290.79998779296875</ele>
        <time>2026-09-15T07:00:25.000Z</time>
      </trkpt>
      <trkpt lat="40.2850254066288471221923828125" lon="9.49531051330268383026123046875">
        <ele>290.600006103515625</ele>
        <time>2026-09-15T07:00:27.000Z</time>
      </trkpt>
      <trkpt lat="40.2850254066288471221923828125" lon="9.49530900456011295318603515625">
        <ele>290.600006103515625</ele>
        <time>2026-09-15T07:00:31.000Z</time>
      </trkpt>
      <trkpt lat="40.28502012602984905242919921875" lon="9.49529861100018024444580078125">
        <ele>290.600006103515625</ele>
        <time>2026-09-15T07:00:47.000Z</time>
      </trkpt>
      <trkpt lat="40.28499363921582698822021484375" lon="9.49525536037981510162353515625">
        <ele>291.79998779296875</ele>
        <time>2026-09-15T07:00:50.000Z</time>
      </trkpt>
      <trkpt lat="40.284912921488285064697265625" lon="9.49514924548566341400146484375">
        <ele>296.399993896484375</ele>
        <time>2026-09-15T07:00:58.000Z</time>
      </trkpt>
      <trkpt lat="40.28488383628427982330322265625" lon="9.4951028935611248016357421875">
        <ele>297.79998779296875</ele>
        <time>2026-09-15T07:01:03.000Z</time>
      </trkpt>
      <trkpt lat="40.28485969640314579010009765625" lon="9.495077244937419891357421875">
        <ele>299</ele>
        <time>2026-09-15T07:01:06.000Z</time>
      </trkpt>
      <trkpt lat="40.28480906970798969268798828125" lon="9.4949687831103801727294921875">
        <ele>301.600006103515625</ele>
        <time>2026-09-15T07:01:17.000Z</time>
      </trkpt>
      <trkpt lat="40.28475902974605560302734375" lon="9.49488018639385700225830078125">
        <ele>304.20001220703125</ele>
        <time>2026-09-15T07:01:26.000Z</time>
      </trkpt>
      <trkpt lat="40.28469331562519073486328125" lon="9.4948246143758296966552734375">
        <ele>307.399993896484375</ele>
        <time>2026-09-15T07:01:34.000Z</time>
      </trkpt>
      <trkpt lat="40.28465534560382366180419921875" lon="9.494765102863311767578125">
        <ele>309.20001220703125</ele>
        <time>2026-09-15T07:01:41.000Z</time>
      </trkpt>
      <trkpt lat="40.28464713133871555328369140625" lon="9.49476040899753570556640625">
        <ele>309.399993896484375</ele>
        <time>2026-09-15T07:01:42.000Z</time>
      </trkpt>
      <trkpt lat="40.28464009054005146026611328125" lon="9.49475965462625026702880859375">
        <ele>309.79998779296875</ele>
        <time>2026-09-15T07:01:43.000Z</time>
      </trkpt>
      <trkpt lat="40.2846213988959789276123046875" lon="9.49479150585830211639404296875">
        <ele>310.399993896484375</ele>
        <time>2026-09-15T07:01:48.000Z</time>
      </trkpt>
      <trkpt lat="40.2846284396946430206298828125" lon="9.4948978722095489501953125">
        <ele>310.20001220703125</ele>
        <time>2026-09-15T07:01:57.000Z</time>
      </trkpt>
      <trkpt lat="40.28463254682719707489013671875" lon="9.49491136707365512847900390625">
        <ele>310</ele>
        <time>2026-09-15T07:01:58.000Z</time>
      </trkpt>
      <trkpt lat="40.2846713550388813018798828125" lon="9.49504413641989231109619140625">
        <ele>308</ele>
        <time>2026-09-15T07:02:08.000Z</time>
      </trkpt>
      <trkpt lat="40.28466909192502498626708984375" lon="9.49505318887531757354736328125">
        <ele>308</ele>
        <time>2026-09-15T07:02:09.000Z</time>
      </trkpt>
      <trkpt lat="40.28466858901083469390869140625" lon="9.49505813419818878173828125">
        <ele>308</ele>
        <time>2026-09-15T07:02:13.000Z</time>
      </trkpt>
      <trkpt lat="40.2846716903150081634521484375" lon="9.4950641691684722900390625">
        <ele>307.79998779296875</ele>
        <time>2026-09-15T07:02:14.000Z</time>
      </trkpt>
      <trkpt lat="40.28467127121984958648681640625" lon="9.495105408132076263427734375">
        <ele>307.20001220703125</ele>
        <time>2026-09-15T07:02:19.000Z</time>
      </trkpt>
      <trkpt lat="40.28466406278312206268310546875" lon="9.49512762017548084259033203125">
        <ele>307</ele>
        <time>2026-09-15T07:02:29.000Z</time>
      </trkpt>
      <trkpt lat="40.28468384407460689544677734375" lon="9.4951669313013553619384765625">
        <ele>305.79998779296875</ele>
        <time>2026-09-15T07:02:35.000Z</time>
      </trkpt>
      <trkpt lat="40.28467780910432338714599609375" lon="9.49518864043056964874267578125">
        <ele>305.79998779296875</ele>
        <time>2026-09-15T07:02:40.000Z</time>
      </trkpt>
      <trkpt lat="40.28467881493270397186279296875" lon="9.4951863773167133331298828125">
        <ele>305.79998779296875</ele>
        <time>2026-09-15T07:02:48.000Z</time>
      </trkpt>
      <trkpt lat="40.28467881493270397186279296875" lon="9.4951863773167133331298828125">
        <ele>305.79998779296875</ele>
        <time>2026-09-15T07:02:56.000Z</time>
      </trkpt>
      <trkpt lat="40.28467881493270397186279296875" lon="9.4951863773167133331298828125">
        <ele>305.79998779296875</ele>
        <time>2026-09-15T07:02:57.000Z</time>
      </trkpt>
      <trkpt lat="40.28466858901083469390869140625" lon="9.4951216690242290496826171875">
        <ele>307</ele>
        <time>2026-09-15T07:03:08.000Z</time>
      </trkpt>
      <trkpt lat="40.28463941998779773712158203125" lon="9.495002813637256622314453125">
        <ele>309.399993896484375</ele>
        <time>2026-09-15T07:03:15.000Z</time>
      </trkpt>
      <trkpt lat="40.28460857458412647247314453125" lon="9.49491991661489009857177734375">
        <ele>310.79998779296875</ele>
        <time>2026-09-15T07:03:20.000Z</time>
      </trkpt>
      <trkpt lat="40.28460253961384296417236328125" lon="9.494896195828914642333984375">
        <ele>311</ele>
        <time>2026-09-15T07:03:22.000Z</time>
      </trkpt>
      <trkpt lat="40.28454847633838653564453125" lon="9.49482235126197338104248046875">
        <ele>312.600006103515625</ele>
        <time>2026-09-15T07:03:31.000Z</time>
      </trkpt>
      <trkpt lat="40.284491814672946929931640625" lon="9.494729228317737579345703125">
        <ele>314.600006103515625</ele>
        <time>2026-09-15T07:03:41.000Z</time>
      </trkpt>
      <trkpt lat="40.28445652686059474945068359375" lon="9.49468572624027729034423828125">
        <ele>315.600006103515625</ele>
        <time>2026-09-15T07:03:47.000Z</time>
      </trkpt>
      <trkpt lat="40.28445183299481868743896484375" lon="9.494679607450962066650390625">
        <ele>315.600006103515625</ele>
        <time>2026-09-15T07:03:48.000Z</time>
      </trkpt>
      <trkpt lat="40.2844472229480743408203125" lon="9.49467214755713939666748046875">
        <ele>315.79998779296875</ele>
        <time>2026-09-15T07:03:49.000Z</time>
      </trkpt>
      <trkpt lat="40.28443573974072933197021484375" lon="9.4946537911891937255859375">
        <ele>316.20001220703125</ele>
        <time>2026-09-15T07:03:51.000Z</time>
      </trkpt>
      <trkpt lat="40.2844178862869739532470703125" lon="9.494610540568828582763671875">
        <ele>316.600006103515625</ele>
        <time>2026-09-15T07:03:57.000Z</time>
      </trkpt>
      <trkpt lat="40.284407325088977813720703125" lon="9.4945734925568103790283203125">
        <ele>316.79998779296875</ele>
        <time>2026-09-15T07:04:05.000Z</time>
      </trkpt>
      <trkpt lat="40.28439156711101531982421875" lon="9.49455253779888153076171875">
        <ele>317.20001220703125</ele>
        <time>2026-09-15T07:04:13.000Z</time>
      </trkpt>
      <trkpt lat="40.284365080296993255615234375" lon="9.49450115673243999481201171875">
        <ele>317.79998779296875</ele>
        <time>2026-09-15T07:04:18.000Z</time>
      </trkpt>
      <trkpt lat="40.28434571810066699981689453125" lon="9.4944873265922069549560546875">
        <ele>318.20001220703125</ele>
        <time>2026-09-15T07:04:20.000Z</time>
      </trkpt>
      <trkpt lat="40.28432317078113555908203125" lon="9.49447182007133960723876953125">
        <ele>318.79998779296875</ele>
        <time>2026-09-15T07:04:26.000Z</time>
      </trkpt>
      <trkpt lat="40.284341275691986083984375" lon="9.49441717006266117095947265625">
        <ele>318.20001220703125</ele>
        <time>2026-09-15T07:04:33.000Z</time>
      </trkpt>
      <trkpt lat="40.28435611166059970855712890625" lon="9.49438313953578472137451171875">
        <ele>317.79998779296875</ele>
        <time>2026-09-15T07:04:39.000Z</time>
      </trkpt>
      <trkpt lat="40.2843318879604339599609375" lon="9.4944434054195880889892578125">
        <ele>318.600006103515625</ele>
        <time>2026-09-15T07:04:45.000Z</time>
      </trkpt>
      <trkpt lat="40.2843149565160274505615234375" lon="9.4944558106362819671630859375">
        <ele>319</ele>
        <time>2026-09-15T07:04:47.000Z</time>
      </trkpt>
      <trkpt lat="40.28426324017345905303955078125" lon="9.49447534047067165374755859375">
        <ele>320.600006103515625</ele>
        <time>2026-09-15T07:04:55.000Z</time>
      </trkpt>
      <trkpt lat="40.28422283940017223358154296875" lon="9.49452362023293972015380859375">
        <ele>322</ele>
        <time>2026-09-15T07:05:01.000Z</time>
      </trkpt>
      <trkpt lat="40.2842073328793048858642578125" lon="9.49453569017350673675537109375">
        <ele>322.399993896484375</ele>
        <time>2026-09-15T07:05:03.000Z</time>
      </trkpt>
      <trkpt lat="40.2841510064899921417236328125" lon="9.49455320835113525390625">
        <ele>323.600006103515625</ele>
        <time>2026-09-15T07:05:10.000Z</time>
      </trkpt>
      <trkpt lat="40.28412963263690471649169921875" lon="9.49457667768001556396484375">
        <ele>324</ele>
        <time>2026-09-15T07:05:13.000Z</time>
      </trkpt>
      <trkpt lat="40.284083448350429534912109375" lon="9.4946296513080596923828125">
        <ele>324.79998779296875</ele>
        <time>2026-09-15T07:05:18.000Z</time>
      </trkpt>
      <trkpt lat="40.284046567976474761962890625" lon="9.494666196405887603759765625">
        <ele>325.600006103515625</ele>
        <time>2026-09-15T07:05:23.000Z</time>
      </trkpt>
      <trkpt lat="40.28403818607330322265625" lon="9.494676254689693450927734375">
        <ele>325.79998779296875</ele>
        <time>2026-09-15T07:05:24.000Z</time>
      </trkpt>
      <trkpt lat="40.28401496820151805877685546875" lon="9.494702406227588653564453125">
        <ele>326.399993896484375</ele>
        <time>2026-09-15T07:05:27.000Z</time>
      </trkpt>
      <trkpt lat="40.2839572168886661529541015625" lon="9.494755379855632781982421875">
        <ele>327.600006103515625</ele>
        <time>2026-09-15T07:05:34.000Z</time>
      </trkpt>
      <trkpt lat="40.28395025990903377532958984375" lon="9.49476066045463085174560546875">
        <ele>327.600006103515625</ele>
        <time>2026-09-15T07:05:35.000Z</time>
      </trkpt>
      <trkpt lat="40.2839334122836589813232421875" lon="9.4947713054716587066650390625">
        <ele>328</ele>
        <time>2026-09-15T07:05:37.000Z</time>
      </trkpt>
      <trkpt lat="40.28391371481120586395263671875" lon="9.49477289803326129913330078125">
        <ele>328.399993896484375</ele>
        <time>2026-09-15T07:05:40.000Z</time>
      </trkpt>
      <trkpt lat="40.2839065901935100555419921875" lon="9.49477122165262699127197265625">
        <ele>328.600006103515625</ele>
        <time>2026-09-15T07:05:42.000Z</time>
      </trkpt>
      <trkpt lat="40.28387012891471385955810546875" lon="9.49479930102825164794921875">
        <ele>329.399993896484375</ele>
        <time>2026-09-15T07:05:51.000Z</time>
      </trkpt>
      <trkpt lat="40.283825956284999847412109375" lon="9.4948112033307552337646484375">
        <ele>330.399993896484375</ele>
        <time>2026-09-15T07:05:58.000Z</time>
      </trkpt>
      <trkpt lat="40.2837711386382579803466796875" lon="9.49483375065028667449951171875">
        <ele>331.600006103515625</ele>
        <time>2026-09-15T07:06:05.000Z</time>
      </trkpt>
      <trkpt lat="40.2837087772786617279052734375" lon="9.49484984390437602996826171875">
        <ele>333</ele>
        <time>2026-09-15T07:06:13.000Z</time>
      </trkpt>
      <trkpt lat="40.28365186415612697601318359375" lon="9.49486434459686279296875">
        <ele>334.20001220703125</ele>
        <time>2026-09-15T07:06:20.000Z</time>
      </trkpt>
      <trkpt lat="40.283603668212890625" lon="9.49488873593509197235107421875">
        <ele>335</ele>
        <time>2026-09-15T07:06:26.000Z</time>
      </trkpt>
      <trkpt lat="40.28357081115245819091796875" lon="9.49493567459285259246826171875">
        <ele>335.20001220703125</ele>
        <time>2026-09-15T07:06:32.000Z</time>
      </trkpt>
      <trkpt lat="40.28354801237583160400390625" lon="9.49494925327599048614501953125">
        <ele>335.600006103515625</ele>
        <time>2026-09-15T07:06:37.000Z</time>
      </trkpt>
      <trkpt lat="40.28354801237583160400390625" lon="9.4949520193040370941162109375">
        <ele>335.600006103515625</ele>
        <time>2026-09-15T07:06:39.000Z</time>
      </trkpt>
      <trkpt lat="40.28352462686598300933837890625" lon="9.49498278088867664337158203125">
        <ele>336.20001220703125</ele>
        <time>2026-09-15T07:06:45.000Z</time>
      </trkpt>
      <trkpt lat="40.28351507149636745452880859375" lon="9.49498613364994525909423828125">
        <ele>336.399993896484375</ele>
        <time>2026-09-15T07:06:46.000Z</time>
      </trkpt>
      <trkpt lat="40.28349881060421466827392578125" lon="9.49499803595244884490966796875">
        <ele>336.79998779296875</ele>
        <time>2026-09-15T07:06:48.000Z</time>
      </trkpt>
      <trkpt lat="40.28346243314445018768310546875" lon="9.49502888135612010955810546875">
        <ele>337.79998779296875</ele>
        <time>2026-09-15T07:06:52.000Z</time>
      </trkpt>
      <trkpt lat="40.28344474732875823974609375" lon="9.49504480697214603424072265625">
        <ele>338.399993896484375</ele>
        <time>2026-09-15T07:06:54.000Z</time>
      </trkpt>
      <trkpt lat="40.2834306657314300537109375" lon="9.4950629957020282745361328125">
        <ele>338.600006103515625</ele>
        <time>2026-09-15T07:06:56.000Z</time>
      </trkpt>
      <trkpt lat="40.2833959646522998809814453125" lon="9.495092332363128662109375">
        <ele>339.600006103515625</ele>
        <time>2026-09-15T07:07:00.000Z</time>
      </trkpt>
      <trkpt lat="40.283367298543453216552734375" lon="9.495124183595180511474609375">
        <ele>340.20001220703125</ele>
        <time>2026-09-15T07:07:05.000Z</time>
      </trkpt>
      <trkpt lat="40.2833265624940395355224609375" lon="9.4951270334422588348388671875">
        <ele>341.600006103515625</ele>
        <time>2026-09-15T07:07:12.000Z</time>
      </trkpt>
      <trkpt lat="40.2833037637174129486083984375" lon="9.49510901235044002532958984375">
        <ele>342.79998779296875</ele>
        <time>2026-09-15T07:07:18.000Z</time>
      </trkpt>
      <trkpt lat="40.283298902213573455810546875" lon="9.49511806480586528778076171875">
        <ele>342.79998779296875</ele>
        <time>2026-09-15T07:07:26.000Z</time>
      </trkpt>
      <trkpt lat="40.28329278342425823211669921875" lon="9.49515192769467830657958984375">
        <ele>342.600006103515625</ele>
        <time>2026-09-15T07:07:29.000Z</time>
      </trkpt>
      <trkpt lat="40.2832990698516368865966796875" lon="9.49519383721053600311279296875">
        <ele>342</ele>
        <time>2026-09-15T07:07:34.000Z</time>
      </trkpt>
      <trkpt lat="40.2832938730716705322265625" lon="9.495263658463954925537109375">
        <ele>341.399993896484375</ele>
        <time>2026-09-15T07:07:39.000Z</time>
      </trkpt>
      <trkpt lat="40.2832697331905364990234375" lon="9.4953050650656223297119140625">
        <ele>341.79998779296875</ele>
        <time>2026-09-15T07:07:44.000Z</time>
      </trkpt>
      <trkpt lat="40.28324265964329242706298828125" lon="9.49535787105560302734375">
        <ele>342</ele>
        <time>2026-09-15T07:07:50.000Z</time>
      </trkpt>
      <trkpt lat="40.283239223062992095947265625" lon="9.4953670911490917205810546875">
        <ele>342</ele>
        <time>2026-09-15T07:07:51.000Z</time>
      </trkpt>
      <trkpt lat="40.28322086669504642486572265625" lon="9.4953955896198749542236328125">
        <ele>342.20001220703125</ele>
        <time>2026-09-15T07:07:57.000Z</time>
      </trkpt>
      <trkpt lat="40.28321919031441211700439453125" lon="9.495437331497669219970703125">
        <ele>342</ele>
        <time>2026-09-15T07:08:03.000Z</time>
      </trkpt>
      <trkpt lat="40.2832088805735111236572265625" lon="9.49547010473906993865966796875">
        <ele>342</ele>
        <time>2026-09-15T07:08:08.000Z</time>
      </trkpt>
      <trkpt lat="40.28320393525063991546630859375" lon="9.495490975677967071533203125">
        <ele>342</ele>
        <time>2026-09-15T07:08:10.000Z</time>
      </trkpt>
      <trkpt lat="40.28316303156316280364990234375" lon="9.49554822407662868499755859375">
        <ele>342</ele>
        <time>2026-09-15T07:08:18.000Z</time>
      </trkpt>
      <trkpt lat="40.2831652946770191192626953125" lon="9.49553665705025196075439453125">
        <ele>342.20001220703125</ele>
        <time>2026-09-15T07:08:22.000Z</time>
      </trkpt>
      <trkpt lat="40.28319387696683406829833984375" lon="9.49547396041452884674072265625">
        <ele>342.20001220703125</ele>
        <time>2026-09-15T07:08:29.000Z</time>
      </trkpt>
      <trkpt lat="40.28320879675447940826416015625" lon="9.4954287819564342498779296875">
        <ele>342.20001220703125</ele>
        <time>2026-09-15T07:08:35.000Z</time>
      </trkpt>
      <trkpt lat="40.28320728801190853118896484375" lon="9.49540724046528339385986328125">
        <ele>342.399993896484375</ele>
        <time>2026-09-15T07:08:42.000Z</time>
      </trkpt>
      <trkpt lat="40.2832293324172496795654296875" lon="9.49535527266561985015869140625">
        <ele>342.399993896484375</ele>
        <time>2026-09-15T07:08:49.000Z</time>
      </trkpt>
      <trkpt lat="40.28327886946499347686767578125" lon="9.49528302066028118133544921875">
        <ele>341.79998779296875</ele>
        <time>2026-09-15T07:08:56.000Z</time>
      </trkpt>
      <trkpt lat="40.283281803131103515625" lon="9.4952611438930034637451171875">
        <ele>341.79998779296875</ele>
        <time>2026-09-15T07:08:58.000Z</time>
      </trkpt>
      <trkpt lat="40.28328825719654560089111328125" lon="9.49524228461086750030517578125">
        <ele>341.79998779296875</ele>
        <time>2026-09-15T07:09:00.000Z</time>
      </trkpt>
      <trkpt lat="40.28329781256616115570068359375" lon="9.49523440562188625335693359375">
        <ele>341.600006103515625</ele>
        <time>2026-09-15T07:09:02.000Z</time>
      </trkpt>
      <trkpt lat="40.28329982422292232513427734375" lon="9.49520708061754703521728515625">
        <ele>341.79998779296875</ele>
        <time>2026-09-15T07:09:10.000Z</time>
      </trkpt>
      <trkpt lat="40.2833151631057262420654296875" lon="9.49516936205327510833740234375">
        <ele>341.600006103515625</ele>
        <time>2026-09-15T07:09:18.000Z</time>
      </trkpt>
      <trkpt lat="40.28335799463093280792236328125" lon="9.4951263628900051116943359375">
        <ele>340.600006103515625</ele>
        <time>2026-09-15T07:09:25.000Z</time>
      </trkpt>
      <trkpt lat="40.28341532684862613677978515625" lon="9.49507313780486583709716796875">
        <ele>339</ele>
        <time>2026-09-15T07:09:33.000Z</time>
      </trkpt>
      <trkpt lat="40.28345723636448383331298828125" lon="9.49502720497548580169677734375">
        <ele>338</ele>
        <time>2026-09-15T07:09:39.000Z</time>
      </trkpt>
      <trkpt lat="40.2834697254002094268798828125" lon="9.4950083456933498382568359375">
        <ele>337.79998779296875</ele>
        <time>2026-09-15T07:09:42.000Z</time>
      </trkpt>
      <trkpt lat="40.2834977209568023681640625" lon="9.49496014975011348724365234375">
        <ele>337.399993896484375</ele>
        <time>2026-09-15T07:09:49.000Z</time>
      </trkpt>
      <trkpt lat="40.28351943008601665496826171875" lon="9.49495143257081508636474609375">
        <ele>336.600006103515625</ele>
        <time>2026-09-15T07:09:58.000Z</time>
      </trkpt>
      <trkpt lat="40.28353468514978885650634765625" lon="9.49491606093943119049072265625">
        <ele>336.399993896484375</ele>
        <time>2026-09-15T07:10:04.000Z</time>
      </trkpt>
      <trkpt lat="40.28356100432574748992919921875" lon="9.49488739483058452606201171875">
        <ele>336</ele>
        <time>2026-09-15T07:10:07.000Z</time>
      </trkpt>
      <trkpt lat="40.2835900895297527313232421875" lon="9.49486845172941684722900390625">
        <ele>335.600006103515625</ele>
        <time>2026-09-15T07:10:11.000Z</time>
      </trkpt>
      <trkpt lat="40.28364993631839752197265625" lon="9.49484297074377536773681640625">
        <ele>334.600006103515625</ele>
        <time>2026-09-15T07:10:19.000Z</time>
      </trkpt>
      <trkpt lat="40.283643566071987152099609375" lon="9.49477960355579853057861328125">
        <ele>335.20001220703125</ele>
        <time>2026-09-15T07:10:27.000Z</time>
      </trkpt>
      <trkpt lat="40.28359218500554561614990234375" lon="9.4947297312319278717041015625">
        <ele>336.79998779296875</ele>
        <time>2026-09-15T07:10:35.000Z</time>
      </trkpt>
      <trkpt lat="40.283558070659637451171875" lon="9.4947119615972042083740234375">
        <ele>337.79998779296875</ele>
        <time>2026-09-15T07:10:40.000Z</time>
      </trkpt>
      <trkpt lat="40.28355530463159084320068359375" lon="9.4946958683431148529052734375">
        <ele>338</ele>
        <time>2026-09-15T07:10:42.000Z</time>
      </trkpt>
      <trkpt lat="40.28354323469102382659912109375" lon="9.49465957470238208770751953125">
        <ele>338.600006103515625</ele>
        <time>2026-09-15T07:10:46.000Z</time>
      </trkpt>
      <trkpt lat="40.28352781198918819427490234375" lon="9.49462093412876129150390625">
        <ele>339.399993896484375</ele>
        <time>2026-09-15T07:10:50.000Z</time>
      </trkpt>
      <trkpt lat="40.28352345339953899383544921875" lon="9.4945894181728363037109375">
        <ele>339.600006103515625</ele>
        <time>2026-09-15T07:10:53.000Z</time>
      </trkpt>
      <trkpt lat="40.2835099585354328155517578125" lon="9.49451859109103679656982421875">
        <ele>340.600006103515625</ele>
        <time>2026-09-15T07:10:59.000Z</time>
      </trkpt>
      <trkpt lat="40.28351037763059139251708984375" lon="9.4944524578750133514404296875">
        <ele>340.79998779296875</ele>
        <time>2026-09-15T07:11:05.000Z</time>
      </trkpt>
      <trkpt lat="40.283475928008556365966796875" lon="9.4943706505000591278076171875">
        <ele>342.600006103515625</ele>
        <time>2026-09-15T07:11:13.000Z</time>
      </trkpt>
      <trkpt lat="40.28346293605864048004150390625" lon="9.49433905072510242462158203125">
        <ele>343.20001220703125</ele>
        <time>2026-09-15T07:11:15.000Z</time>
      </trkpt>
      <trkpt lat="40.2834529615938663482666015625" lon="9.49430049397051334381103515625">
        <ele>343.79998779296875</ele>
        <time>2026-09-15T07:11:18.000Z</time>
      </trkpt>
      <trkpt lat="40.28345220722258090972900390625" lon="9.49428088031709194183349609375">
        <ele>343.79998779296875</ele>
        <time>2026-09-15T07:11:20.000Z</time>
      </trkpt>
      <trkpt lat="40.2834452502429485321044921875" lon="9.49424433521926403045654296875">
        <ele>344.20001220703125</ele>
        <time>2026-09-15T07:11:23.000Z</time>
      </trkpt>
      <trkpt lat="40.28344650752842426300048828125" lon="9.494170658290386199951171875">
        <ele>344.399993896484375</ele>
        <time>2026-09-15T07:11:29.000Z</time>
      </trkpt>
      <trkpt lat="40.2834449149668216705322265625" lon="9.49411801993846893310546875">
        <ele>345.20001220703125</ele>
        <time>2026-09-15T07:11:34.000Z</time>
      </trkpt>
      <trkpt lat="40.283435694873332977294921875" lon="9.494050629436969757080078125">
        <ele>346.600006103515625</ele>
        <time>2026-09-15T07:11:41.000Z</time>
      </trkpt>
      <trkpt lat="40.28343158774077892303466796875" lon="9.49397812597453594207763671875">
        <ele>347.79998779296875</ele>
        <time>2026-09-15T07:11:49.000Z</time>
      </trkpt>
      <trkpt lat="40.28339420445263385772705078125" lon="9.4939679838716983795166015625">
        <ele>349.600006103515625</ele>
        <time>2026-09-15T07:11:55.000Z</time>
      </trkpt>
      <trkpt lat="40.2833501994609832763671875" lon="9.49400000274181365966796875">
        <ele>351</ele>
        <time>2026-09-15T07:12:01.000Z</time>
      </trkpt>
      <trkpt lat="40.28332849033176898956298828125" lon="9.4940135814249515533447265625">
        <ele>351.79998779296875</ele>
        <time>2026-09-15T07:12:03.000Z</time>
      </trkpt>
      <trkpt lat="40.28327115811407566070556640625" lon="9.4940561614930629730224609375">
        <ele>353.600006103515625</ele>
        <time>2026-09-15T07:12:12.000Z</time>
      </trkpt>
      <trkpt lat="40.283232517540454864501953125" lon="9.4941114820539951324462890625">
        <ele>354.20001220703125</ele>
        <time>2026-09-15T07:12:20.000Z</time>
      </trkpt>
      <trkpt lat="40.28318733908236026763916015625" lon="9.49417124502360820770263671875">
        <ele>355.600006103515625</ele>
        <time>2026-09-15T07:12:28.000Z</time>
      </trkpt>
      <trkpt lat="40.28317996300756931304931640625" lon="9.49418180622160434722900390625">
        <ele>356</ele>
        <time>2026-09-15T07:12:29.000Z</time>
      </trkpt>
      <trkpt lat="40.28316386975347995758056640625" lon="9.49419848620891571044921875">
        <ele>356.600006103515625</ele>
        <time>2026-09-15T07:12:31.000Z</time>
      </trkpt>
      <trkpt lat="40.28313520364463329315185546875" lon="9.4942273199558258056640625">
        <ele>357.79998779296875</ele>
        <time>2026-09-15T07:12:34.000Z</time>
      </trkpt>
      <trkpt lat="40.28308507986366748809814453125" lon="9.494310133159160614013671875">
        <ele>359.399993896484375</ele>
        <time>2026-09-15T07:12:42.000Z</time>
      </trkpt>
      <trkpt lat="40.28305557556450366973876953125" lon="9.494354724884033203125">
        <ele>360.20001220703125</ele>
        <time>2026-09-15T07:12:46.000Z</time>
      </trkpt>
      <trkpt lat="40.2830355428159236907958984375" lon="9.494387246668338775634765625">
        <ele>360.79998779296875</ele>
        <time>2026-09-15T07:12:49.000Z</time>
      </trkpt>
      <trkpt lat="40.283034704625606536865234375" lon="9.494395963847637176513671875">
        <ele>360.79998779296875</ele>
        <time>2026-09-15T07:12:50.000Z</time>
      </trkpt>
      <trkpt lat="40.2830122411251068115234375" lon="9.4944499433040618896484375">
        <ele>361.20001220703125</ele>
        <time>2026-09-15T07:12:56.000Z</time>
      </trkpt>
      <trkpt lat="40.28300561942160129547119140625" lon="9.49447064660489559173583984375">
        <ele>361.20001220703125</ele>
        <time>2026-09-15T07:12:58.000Z</time>
      </trkpt>
      <trkpt lat="40.2829869277775287628173828125" lon="9.4944920204579830169677734375">
        <ele>361.600006103515625</ele>
        <time>2026-09-15T07:13:01.000Z</time>
      </trkpt>
      <trkpt lat="40.28297594748437404632568359375" lon="9.49450652115046977996826171875">
        <ele>361.79998779296875</ele>
        <time>2026-09-15T07:13:03.000Z</time>
      </trkpt>
      <trkpt lat="40.28294309042394161224365234375" lon="9.4945677928626537322998046875">
        <ele>362.20001220703125</ele>
        <time>2026-09-15T07:13:10.000Z</time>
      </trkpt>
      <trkpt lat="40.2829386480152606964111328125" lon="9.49457039125263690948486328125">
        <ele>362.399993896484375</ele>
        <time>2026-09-15T07:13:11.000Z</time>
      </trkpt>
      <trkpt lat="40.28289380483329296112060546875" lon="9.49463409371674060821533203125">
        <ele>363.20001220703125</ele>
        <time>2026-09-15T07:13:19.000Z</time>
      </trkpt>
      <trkpt lat="40.28286136686801910400390625" lon="9.49468086473643779754638671875">
        <ele>363.600006103515625</ele>
        <time>2026-09-15T07:13:24.000Z</time>
      </trkpt>
      <trkpt lat="40.2828347124159336090087890625" lon="9.49470341205596923828125">
        <ele>364</ele>
        <time>2026-09-15T07:13:27.000Z</time>
      </trkpt>
      <trkpt lat="40.28282976709306240081787109375" lon="9.49470617808401584625244140625">
        <ele>364.20001220703125</ele>
        <time>2026-09-15T07:13:28.000Z</time>
      </trkpt>
      <trkpt lat="40.282785259187221527099609375" lon="9.4947491772472858428955078125">
        <ele>365</ele>
        <time>2026-09-15T07:13:34.000Z</time>
      </trkpt>
      <trkpt lat="40.28277930803596973419189453125" lon="9.49475613422691822052001953125">
        <ele>365.20001220703125</ele>
        <time>2026-09-15T07:13:35.000Z</time>
      </trkpt>
      <trkpt lat="40.282753407955169677734375" lon="9.49477440677583217620849609375">
        <ele>365.600006103515625</ele>
        <time>2026-09-15T07:13:39.000Z</time>
      </trkpt>
      <trkpt lat="40.28272323310375213623046875" lon="9.4947987981140613555908203125">
        <ele>366.20001220703125</ele>
        <time>2026-09-15T07:13:43.000Z</time>
      </trkpt>
      <trkpt lat="40.28268165886402130126953125" lon="9.4948480837047100067138671875">
        <ele>366.600006103515625</ele>
        <time>2026-09-15T07:13:50.000Z</time>
      </trkpt>
      <trkpt lat="40.2826516516506671905517578125" lon="9.49489183723926544189453125">
        <ele>367</ele>
        <time>2026-09-15T07:13:55.000Z</time>
      </trkpt>
      <trkpt lat="40.2826234884560108184814453125" lon="9.494917653501033782958984375">
        <ele>367.399993896484375</ele>
        <time>2026-09-15T07:13:58.000Z</time>
      </trkpt>
      <trkpt lat="40.28257965110242366790771484375" lon="9.49496962130069732666015625">
        <ele>367.600006103515625</ele>
        <time>2026-09-15T07:14:04.000Z</time>
      </trkpt>
      <trkpt lat="40.282565653324127197265625" lon="9.49498169124126434326171875">
        <ele>367.79998779296875</ele>
        <time>2026-09-15T07:14:06.000Z</time>
      </trkpt>
      <trkpt lat="40.28250739909708499908447265625" lon="9.49502862989902496337890625">
        <ele>369</ele>
        <time>2026-09-15T07:14:14.000Z</time>
      </trkpt>
      <trkpt lat="40.28247521258890628814697265625" lon="9.49503491632640361785888671875">
        <ele>370</ele>
        <time>2026-09-15T07:14:17.000Z</time>
      </trkpt>
      <trkpt lat="40.28246750123798847198486328125" lon="9.4950344972312450408935546875">
        <ele>370.399993896484375</ele>
        <time>2026-09-15T07:14:18.000Z</time>
      </trkpt>
      <trkpt lat="40.28245794586837291717529296875" lon="9.4950373470783233642578125">
        <ele>370.600006103515625</ele>
        <time>2026-09-15T07:14:21.000Z</time>
      </trkpt>
      <trkpt lat="40.282456688582897186279296875" lon="9.4950418733060359954833984375">
        <ele>370.600006103515625</ele>
        <time>2026-09-15T07:14:23.000Z</time>
      </trkpt>
      <trkpt lat="40.2824008651077747344970703125" lon="9.495053105056285858154296875">
        <ele>372</ele>
        <time>2026-09-15T07:14:30.000Z</time>
      </trkpt>
      <trkpt lat="40.2823800779879093170166015625" lon="9.4949845410883426666259765625">
        <ele>374</ele>
        <time>2026-09-15T07:14:37.000Z</time>
      </trkpt>
      <trkpt lat="40.28240405023097991943359375" lon="9.494914300739765167236328125">
        <ele>375.20001220703125</ele>
        <time>2026-09-15T07:14:43.000Z</time>
      </trkpt>
      <trkpt lat="40.28240715153515338897705078125" lon="9.4948920048773288726806640625">
        <ele>375.600006103515625</ele>
        <time>2026-09-15T07:14:45.000Z</time>
      </trkpt>
      <trkpt lat="40.28241519816219806671142578125" lon="9.49485889635980129241943359375">
        <ele>376.20001220703125</ele>
        <time>2026-09-15T07:14:48.000Z</time>
      </trkpt>
      <trkpt lat="40.28244436718523502349853515625" lon="9.49479821138083934783935546875">
        <ele>376.79998779296875</ele>
        <time>2026-09-15T07:14:55.000Z</time>
      </trkpt>
      <trkpt lat="40.2824454568326473236083984375" lon="9.49470936320722103118896484375">
        <ele>379</ele>
        <time>2026-09-15T07:15:01.000Z</time>
      </trkpt>
      <trkpt lat="40.28245375491678714752197265625" lon="9.49461917392909526824951171875">
        <ele>380.600006103515625</ele>
        <time>2026-09-15T07:15:08.000Z</time>
      </trkpt>
      <trkpt lat="40.2824481390416622161865234375" lon="9.49454021640121936798095703125">
        <ele>382.600006103515625</ele>
        <time>2026-09-15T07:15:15.000Z</time>
      </trkpt>
      <trkpt lat="40.2824481390416622161865234375" lon="9.49450031854212284088134765625">
        <ele>383.399993896484375</ele>
        <time>2026-09-15T07:15:18.000Z</time>
      </trkpt>
      <trkpt lat="40.2824638970196247100830078125" lon="9.4944541342556476593017578125">
        <ele>383.79998779296875</ele>
        <time>2026-09-15T07:15:22.000Z</time>
      </trkpt>
      <trkpt lat="40.282468087971210479736328125" lon="9.4944016635417938232421875">
        <ele>384.399993896484375</ele>
        <time>2026-09-15T07:15:26.000Z</time>
      </trkpt>
      <trkpt lat="40.28247286565601825714111328125" lon="9.4943381287157535552978515625">
        <ele>385</ele>
        <time>2026-09-15T07:15:30.000Z</time>
      </trkpt>
      <trkpt lat="40.282470770180225372314453125" lon="9.4943243823945522308349609375">
        <ele>385.399993896484375</ele>
        <time>2026-09-15T07:15:31.000Z</time>
      </trkpt>
      <trkpt lat="40.282479487359523773193359375" lon="9.49426847510039806365966796875">
        <ele>385.79998779296875</ele>
        <time>2026-09-15T07:15:35.000Z</time>
      </trkpt>
      <trkpt lat="40.2824900485575199127197265625" lon="9.49422555975615978240966796875">
        <ele>386</ele>
        <time>2026-09-15T07:15:38.000Z</time>
      </trkpt>
      <trkpt lat="40.2824890427291393280029296875" lon="9.49420024640858173370361328125">
        <ele>386.399993896484375</ele>
        <time>2026-09-15T07:15:40.000Z</time>
      </trkpt>
      <trkpt lat="40.28248250484466552734375" lon="9.49417208321392536163330078125">
        <ele>387</ele>
        <time>2026-09-15T07:15:42.000Z</time>
      </trkpt>
      <trkpt lat="40.282478816807270050048828125" lon="9.494155235588550567626953125">
        <ele>387.20001220703125</ele>
        <time>2026-09-15T07:15:43.000Z</time>
      </trkpt>
      <trkpt lat="40.28248183429241180419921875" lon="9.4941393099725246429443359375">
        <ele>387</ele>
        <time>2026-09-15T07:15:44.000Z</time>
      </trkpt>
      <trkpt lat="40.28248476795852184295654296875" lon="9.4941064529120922088623046875">
        <ele>386.79998779296875</ele>
        <time>2026-09-15T07:15:47.000Z</time>
      </trkpt>
      <trkpt lat="40.28248778544366359710693359375" lon="9.4940655492246150970458984375">
        <ele>386.600006103515625</ele>
        <time>2026-09-15T07:15:51.000Z</time>
      </trkpt>
      <trkpt lat="40.28249214403331279754638671875" lon="9.49399321340024471282958984375">
        <ele>386.20001220703125</ele>
        <time>2026-09-15T07:15:57.000Z</time>
      </trkpt>
      <trkpt lat="40.28249633498489856719970703125" lon="9.49395834468305110931396484375">
        <ele>385.79998779296875</ele>
        <time>2026-09-15T07:16:00.000Z</time>
      </trkpt>
      <trkpt lat="40.28248661197721958160400390625" lon="9.4939250685274600982666015625">
        <ele>386.20001220703125</ele>
        <time>2026-09-15T07:16:03.000Z</time>
      </trkpt>
      <trkpt lat="40.28247571550309658050537109375" lon="9.49389983899891376495361328125">
        <ele>386.600006103515625</ele>
        <time>2026-09-15T07:16:06.000Z</time>
      </trkpt>
      <trkpt lat="40.28243682347238063812255859375" lon="9.49386111460626125335693359375">
        <ele>388</ele>
        <time>2026-09-15T07:16:13.000Z</time>
      </trkpt>
      <trkpt lat="40.2824012003839015960693359375" lon="9.4938935525715351104736328125">
        <ele>389.399993896484375</ele>
        <time>2026-09-15T07:16:20.000Z</time>
      </trkpt>
      <trkpt lat="40.2823817543685436248779296875" lon="9.493913166224956512451171875">
        <ele>390.20001220703125</ele>
        <time>2026-09-15T07:16:23.000Z</time>
      </trkpt>
      <trkpt lat="40.28234638273715972900390625" lon="9.4939599372446537017822265625">
        <ele>391.600006103515625</ele>
        <time>2026-09-15T07:16:30.000Z</time>
      </trkpt>
      <trkpt lat="40.28231796808540821075439453125" lon="9.49397996999323368072509765625">
        <ele>392.79998779296875</ele>
        <time>2026-09-15T07:16:36.000Z</time>
      </trkpt>
      <trkpt lat="40.282264910638332366943359375" lon="9.49403621256351470947265625">
        <ele>394.600006103515625</ele>
        <time>2026-09-15T07:16:44.000Z</time>
      </trkpt>
      <trkpt lat="40.28222258202731609344482421875" lon="9.494091533124446868896484375">
        <ele>396</ele>
        <time>2026-09-15T07:16:52.000Z</time>
      </trkpt>
      <trkpt lat="40.28216390870511531829833984375" lon="9.49415397830307483673095703125">
        <ele>398</ele>
        <time>2026-09-15T07:17:01.000Z</time>
      </trkpt>
      <trkpt lat="40.28214630670845508575439453125" lon="9.49417836964130401611328125">
        <ele>398.399993896484375</ele>
        <time>2026-09-15T07:17:09.000Z</time>
      </trkpt>
      <trkpt lat="40.28210590593516826629638671875" lon="9.49422153644263744354248046875">
        <ele>399.600006103515625</ele>
        <time>2026-09-15T07:17:24.000Z</time>
      </trkpt>
      <trkpt lat="40.2820790000259876251220703125" lon="9.49425322003662586212158203125">
        <ele>400.399993896484375</ele>
        <time>2026-09-15T07:17:31.000Z</time>
      </trkpt>
      <trkpt lat="40.28207707218825817108154296875" lon="9.49425288476049900054931640625">
        <ele>400.399993896484375</ele>
        <time>2026-09-15T07:17:35.000Z</time>
      </trkpt>
      <trkpt lat="40.28207874856889247894287109375" lon="9.49425556696951389312744140625">
        <ele>400.20001220703125</ele>
        <time>2026-09-15T07:17:52.000Z</time>
      </trkpt>
      <trkpt lat="40.2820788323879241943359375" lon="9.4942579977214336395263671875">
        <ele>400.20001220703125</ele>
        <time>2026-09-15T07:17:54.000Z</time>
      </trkpt>
      <trkpt lat="40.2820790000259876251220703125" lon="9.49425891973078250885009765625">
        <ele>400.20001220703125</ele>
        <time>2026-09-15T07:17:57.000Z</time>
      </trkpt>
      <trkpt lat="40.2820790000259876251220703125" lon="9.49425891973078250885009765625">
        <ele>400.20001220703125</ele>
        <time>2026-09-15T07:17:58.000Z</time>
      </trkpt>
      <trkpt lat="40.2820790000259876251220703125" lon="9.49425891973078250885009765625">
        <ele>400.20001220703125</ele>
        <time>2026-09-15T07:17:59.000Z</time>
      </trkpt>
      <trkpt lat="40.2820790000259876251220703125" lon="9.49425891973078250885009765625">
        <ele>400.20001220703125</ele>
        <time>2026-09-15T07:18:01.000Z</time>
      </trkpt>
      <trkpt lat="40.282079167664051055908203125" lon="9.49425891973078250885009765625">
        <ele>400.20001220703125</ele>
        <time>2026-09-15T07:18:03.000Z</time>
      </trkpt>
      <trkpt lat="40.282079167664051055908203125" lon="9.49425891973078250885009765625">
        <ele>400.20001220703125</ele>
        <time>2026-09-15T07:18:05.000Z</time>
      </trkpt>
      <trkpt lat="40.28207891620695590972900390625" lon="9.494258500635623931884765625">
        <ele>400.20001220703125</ele>
        <time>2026-09-15T07:18:18.000Z</time>
      </trkpt>
      <trkpt lat="40.28207774274051189422607421875" lon="9.49426143430173397064208984375">
        <ele>400.20001220703125</ele>
        <time>2026-09-15T07:18:37.000Z</time>
      </trkpt>
      <trkpt lat="40.28207774274051189422607421875" lon="9.49426143430173397064208984375">
        <ele>400.20001220703125</ele>
        <time>2026-09-15T07:18:44.000Z</time>
      </trkpt>
      <trkpt lat="40.28207958675920963287353515625" lon="9.49425322003662586212158203125">
        <ele>400.20001220703125</ele>
        <time>2026-09-15T07:18:56.000Z</time>
      </trkpt>
      <trkpt lat="40.28207975439727306365966796875" lon="9.4942529685795307159423828125">
        <ele>400.20001220703125</ele>
        <time>2026-09-15T07:19:09.000Z</time>
      </trkpt>
      <trkpt lat="40.28207975439727306365966796875" lon="9.49425288476049900054931640625">
        <ele>400.20001220703125</ele>
        <time>2026-09-15T07:19:10.000Z</time>
      </trkpt>
      <trkpt lat="40.28208084404468536376953125" lon="9.49425338767468929290771484375">
        <ele>400.20001220703125</ele>
        <time>2026-09-15T07:19:26.000Z</time>
      </trkpt>
      <trkpt lat="40.2820810116827487945556640625" lon="9.49425254948437213897705078125">
        <ele>400.20001220703125</ele>
        <time>2026-09-15T07:19:42.000Z</time>
      </trkpt>
      <trkpt lat="40.28204572387039661407470703125" lon="9.49428289197385311126708984375">
        <ele>401.399993896484375</ele>
        <time>2026-09-15T07:19:48.000Z</time>
      </trkpt>
      <trkpt lat="40.28203281573951244354248046875" lon="9.49429236352443695068359375">
        <ele>401.79998779296875</ele>
        <time>2026-09-15T07:19:49.000Z</time>
      </trkpt>
      <trkpt lat="40.2820196561515331268310546875" lon="9.49430351145565509796142578125">
        <ele>402.20001220703125</ele>
        <time>2026-09-15T07:19:50.000Z</time>
      </trkpt>
      <trkpt lat="40.281943045556545257568359375" lon="9.49435749091207981109619140625">
        <ele>404.600006103515625</ele>
        <time>2026-09-15T07:19:57.000Z</time>
      </trkpt>
      <trkpt lat="40.281927622854709625244140625" lon="9.4943756796419620513916015625">
        <ele>405</ele>
        <time>2026-09-15T07:19:59.000Z</time>
      </trkpt>
      <trkpt lat="40.2818803489208221435546875" lon="9.49444533325731754302978515625">
        <ele>406</ele>
        <time>2026-09-15T07:20:05.000Z</time>
      </trkpt>
      <trkpt lat="40.281853191554546356201171875" lon="9.49446134269237518310546875">
        <ele>406.79998779296875</ele>
        <time>2026-09-15T07:20:12.000Z</time>
      </trkpt>
      <trkpt lat="40.2818486653268337249755859375" lon="9.49446310289204120635986328125">
        <ele>407</ele>
        <time>2026-09-15T07:20:38.000Z</time>
      </trkpt>
      <trkpt lat="40.28176509775221347808837890625" lon="9.49453854002058506011962890625">
        <ele>408.600006103515625</ele>
        <time>2026-09-15T07:20:46.000Z</time>
      </trkpt>
      <trkpt lat="40.281709022819995880126953125" lon="9.4945641048252582550048828125">
        <ele>410.20001220703125</ele>
        <time>2026-09-15T07:20:52.000Z</time>
      </trkpt>
      <trkpt lat="40.281700305640697479248046875" lon="9.49456972070038318634033203125">
        <ele>410.399993896484375</ele>
        <time>2026-09-15T07:20:53.000Z</time>
      </trkpt>
      <trkpt lat="40.28167239390313625335693359375" lon="9.49459000490605831146240234375">
        <ele>411</ele>
        <time>2026-09-15T07:20:57.000Z</time>
      </trkpt>
      <trkpt lat="40.2816226892173290252685546875" lon="9.49460878036916255950927734375">
        <ele>412.20001220703125</ele>
        <time>2026-09-15T07:21:02.000Z</time>
      </trkpt>
      <trkpt lat="40.281551778316497802734375" lon="9.4946378655731678009033203125">
        <ele>413.399993896484375</ele>
        <time>2026-09-15T07:21:10.000Z</time>
      </trkpt>
      <trkpt lat="40.28152436949312686920166015625" lon="9.49465312063694000244140625">
        <ele>413.79998779296875</ele>
        <time>2026-09-15T07:21:13.000Z</time>
      </trkpt>
      <trkpt lat="40.2814684621989727020263671875" lon="9.49469846673309803009033203125">
        <ele>414</ele>
        <time>2026-09-15T07:21:19.000Z</time>
      </trkpt>
      <trkpt lat="40.28138623572885990142822265625" lon="9.4947692938148975372314453125">
        <ele>414.20001220703125</ele>
        <time>2026-09-15T07:21:26.000Z</time>
      </trkpt>
      <trkpt lat="40.2812957949936389923095703125" lon="9.49484288692474365234375">
        <ele>413</ele>
        <time>2026-09-15T07:21:35.000Z</time>
      </trkpt>
      <trkpt lat="40.28128598816692829132080078125" lon="9.4948460720479488372802734375">
        <ele>413.20001220703125</ele>
        <time>2026-09-15T07:21:36.000Z</time>
      </trkpt>
      <trkpt lat="40.2812783606350421905517578125" lon="9.49484783224761486053466796875">
        <ele>413.399993896484375</ele>
        <time>2026-09-15T07:21:37.000Z</time>
      </trkpt>
      <trkpt lat="40.28125681914389133453369140625" lon="9.49486476369202136993408203125">
        <ele>413.399993896484375</ele>
        <time>2026-09-15T07:21:40.000Z</time>
      </trkpt>
      <trkpt lat="40.2812498621642589569091796875" lon="9.4948732294142246246337890625">
        <ele>413.20001220703125</ele>
        <time>2026-09-15T07:21:41.000Z</time>
      </trkpt>
      <trkpt lat="40.28124307282269001007080078125" lon="9.49488521553575992584228515625">
        <ele>413</ele>
        <time>2026-09-15T07:21:42.000Z</time>
      </trkpt>
      <trkpt lat="40.2812267281115055084228515625" lon="9.49490499682724475860595703125">
        <ele>412.79998779296875</ele>
        <time>2026-09-15T07:21:45.000Z</time>
      </trkpt>
      <trkpt lat="40.2812042646110057830810546875" lon="9.49493248946964740753173828125">
        <ele>412.79998779296875</ele>
        <time>2026-09-15T07:21:48.000Z</time>
      </trkpt>
      <trkpt lat="40.28114517219364643096923828125" lon="9.49497004039585590362548828125">
        <ele>414</ele>
        <time>2026-09-15T07:21:54.000Z</time>
      </trkpt>
      <trkpt lat="40.28113670647144317626953125" lon="9.4949788413941860198974609375">
        <ele>414.20001220703125</ele>
        <time>2026-09-15T07:21:55.000Z</time>
      </trkpt>
      <trkpt lat="40.2810823917388916015625" lon="9.49504095129668712615966796875">
        <ele>414.79998779296875</ele>
        <time>2026-09-15T07:22:02.000Z</time>
      </trkpt>
      <trkpt lat="40.28099982999265193939208984375" lon="9.4950841180980205535888671875">
        <ele>416.399993896484375</ele>
        <time>2026-09-15T07:22:09.000Z</time>
      </trkpt>
      <trkpt lat="40.28094266541302204132080078125" lon="9.49512074701488018035888671875">
        <ele>417.399993896484375</ele>
        <time>2026-09-15T07:22:15.000Z</time>
      </trkpt>
      <trkpt lat="40.28086689300835132598876953125" lon="9.4951712898910045623779296875">
        <ele>418.399993896484375</ele>
        <time>2026-09-15T07:22:22.000Z</time>
      </trkpt>
      <trkpt lat="40.280797071754932403564453125" lon="9.4952090084552764892578125">
        <ele>419.399993896484375</ele>
        <time>2026-09-15T07:22:29.000Z</time>
      </trkpt>
      <trkpt lat="40.28077033348381519317626953125" lon="9.49521848000586032867431640625">
        <ele>420</ele>
        <time>2026-09-15T07:22:31.000Z</time>
      </trkpt>
      <trkpt lat="40.28072976507246494293212890625" lon="9.49523490853607654571533203125">
        <ele>420.399993896484375</ele>
        <time>2026-09-15T07:22:34.000Z</time>
      </trkpt>
      <trkpt lat="40.28071224689483642578125" lon="9.495242871344089508056640625">
        <ele>420.600006103515625</ele>
        <time>2026-09-15T07:22:36.000Z</time>
      </trkpt>
      <trkpt lat="40.28069271706044673919677734375" lon="9.49525267817080020904541015625">
        <ele>420.79998779296875</ele>
        <time>2026-09-15T07:22:38.000Z</time>
      </trkpt>
      <trkpt lat="40.28066438622772693634033203125" lon="9.4952921569347381591796875">
        <ele>420.20001220703125</ele>
        <time>2026-09-15T07:22:42.000Z</time>
      </trkpt>
      <trkpt lat="40.28062113560736179351806640625" lon="9.49532694183290004730224609375">
        <ele>420</ele>
        <time>2026-09-15T07:22:46.000Z</time>
      </trkpt>
      <trkpt lat="40.2805955708026885986328125" lon="9.49533666484057903289794921875">
        <ele>420.20001220703125</ele>
        <time>2026-09-15T07:22:48.000Z</time>
      </trkpt>
      <trkpt lat="40.2805504761636257171630859375" lon="9.49536818079650402069091796875">
        <ele>420.399993896484375</ele>
        <time>2026-09-15T07:22:53.000Z</time>
      </trkpt>
      <trkpt lat="40.28053999878466129302978515625" lon="9.49537186883389949798583984375">
        <ele>420.600006103515625</ele>
        <time>2026-09-15T07:22:54.000Z</time>
      </trkpt>
      <trkpt lat="40.28052826412022113800048828125" lon="9.4953707791864871978759765625">
        <ele>421</ele>
        <time>2026-09-15T07:22:55.000Z</time>
      </trkpt>
      <trkpt lat="40.28048484586179256439208984375" lon="9.49538544751703739166259765625">
        <ele>421.79998779296875</ele>
        <time>2026-09-15T07:22:59.000Z</time>
      </trkpt>
      <trkpt lat="40.28045282699167728424072265625" lon="9.4954079948365688323974609375">
        <ele>422.20001220703125</ele>
        <time>2026-09-15T07:23:02.000Z</time>
      </trkpt>
      <trkpt lat="40.280416868627071380615234375" lon="9.49543104507029056549072265625">
        <ele>422.79998779296875</ele>
        <time>2026-09-15T07:23:06.000Z</time>
      </trkpt>
      <trkpt lat="40.28033967129886150360107421875" lon="9.49546608142554759979248046875">
        <ele>424.399993896484375</ele>
        <time>2026-09-15T07:23:15.000Z</time>
      </trkpt>
      <trkpt lat="40.280332379043102264404296875" lon="9.4954713620245456695556640625">
        <ele>424.600006103515625</ele>
        <time>2026-09-15T07:23:16.000Z</time>
      </trkpt>
      <trkpt lat="40.28027580119669437408447265625" lon="9.49551436118781566619873046875">
        <ele>425.20001220703125</ele>
        <time>2026-09-15T07:23:22.000Z</time>
      </trkpt>
      <trkpt lat="40.28026674874126911163330078125" lon="9.495521485805511474609375">
        <ele>425.20001220703125</ele>
        <time>2026-09-15T07:23:23.000Z</time>
      </trkpt>
      <trkpt lat="40.28018980287015438079833984375" lon="9.4955736212432384490966796875">
        <ele>426.399993896484375</ele>
        <time>2026-09-15T07:23:32.000Z</time>
      </trkpt>
      <trkpt lat="40.280179493129253387451171875" lon="9.49557655490934848785400390625">
        <ele>426.600006103515625</ele>
        <time>2026-09-15T07:23:33.000Z</time>
      </trkpt>
      <trkpt lat="40.28012794442474842071533203125" lon="9.49561008252203464508056640625">
        <ele>427.600006103515625</ele>
        <time>2026-09-15T07:23:38.000Z</time>
      </trkpt>
      <trkpt lat="40.280109755694866180419921875" lon="9.49562315829098224639892578125">
        <ele>427.79998779296875</ele>
        <time>2026-09-15T07:23:40.000Z</time>
      </trkpt>
      <trkpt lat="40.2800120227038860321044921875" lon="9.49567093513906002044677734375">
        <ele>429.79998779296875</ele>
        <time>2026-09-15T07:23:49.000Z</time>
      </trkpt>
      <trkpt lat="40.2799597196280956268310546875" lon="9.49570278637111186981201171875">
        <ele>430.79998779296875</ele>
        <time>2026-09-15T07:23:55.000Z</time>
      </trkpt>
      <trkpt lat="40.27992527000606060028076171875" lon="9.49571988545358180999755859375">
        <ele>431.399993896484375</ele>
        <time>2026-09-15T07:23:58.000Z</time>
      </trkpt>
      <trkpt lat="40.2798527665436267852783203125" lon="9.49577336199581623077392578125">
        <ele>432.600006103515625</ele>
        <time>2026-09-15T07:24:06.000Z</time>
      </trkpt>
      <trkpt lat="40.279807336628437042236328125" lon="9.49583622626960277557373046875">
        <ele>432.79998779296875</ele>
        <time>2026-09-15T07:24:12.000Z</time>
      </trkpt>
      <trkpt lat="40.27979954145848751068115234375" lon="9.49583773501217365264892578125">
        <ele>432.79998779296875</ele>
        <time>2026-09-15T07:24:13.000Z</time>
      </trkpt>
      <trkpt lat="40.2797163091599941253662109375" lon="9.49588517658412456512451171875">
        <ele>434.20001220703125</ele>
        <time>2026-09-15T07:24:22.000Z</time>
      </trkpt>
      <trkpt lat="40.2796606533229351043701171875" lon="9.49588785879313945770263671875">
        <ele>435.79998779296875</ele>
        <time>2026-09-15T07:24:29.000Z</time>
      </trkpt>
      <trkpt lat="40.27960625477135181427001953125" lon="9.49588467366993427276611328125">
        <ele>437</ele>
        <time>2026-09-15T07:24:36.000Z</time>
      </trkpt>
      <trkpt lat="40.2795369364321231842041015625" lon="9.495904706418514251708984375">
        <ele>438.20001220703125</ele>
        <time>2026-09-15T07:24:43.000Z</time>
      </trkpt>
      <trkpt lat="40.27946971356868743896484375" lon="9.495923817157745361328125">
        <ele>439.20001220703125</ele>
        <time>2026-09-15T07:24:50.000Z</time>
      </trkpt>
      <trkpt lat="40.27946225367486476898193359375" lon="9.49591769836843013763427734375">
        <ele>439.399993896484375</ele>
        <time>2026-09-15T07:24:51.000Z</time>
      </trkpt>
      <trkpt lat="40.279433168470859527587890625" lon="9.4958822429180145263671875">
        <ele>440.79998779296875</ele>
        <time>2026-09-15T07:24:56.000Z</time>
      </trkpt>
      <trkpt lat="40.27942872606217861175537109375" lon="9.4958740286529064178466796875">
        <ele>441.20001220703125</ele>
        <time>2026-09-15T07:25:02.000Z</time>
      </trkpt>
      <trkpt lat="40.2794028259813785552978515625" lon="9.495846368372440338134765625">
        <ele>442.20001220703125</ele>
        <time>2026-09-15T07:25:09.000Z</time>
      </trkpt>
      <trkpt lat="40.279400646686553955078125" lon="9.49584259651601314544677734375">
        <ele>442.399993896484375</ele>
        <time>2026-09-15T07:25:16.000Z</time>
      </trkpt>
      <trkpt lat="40.279396958649158477783203125" lon="9.49579574167728424072265625">
        <ele>443.399993896484375</ele>
        <time>2026-09-15T07:25:24.000Z</time>
      </trkpt>
      <trkpt lat="40.27943057008087635040283203125" lon="9.49575056321918964385986328125">
        <ele>443.79998779296875</ele>
        <time>2026-09-15T07:25:30.000Z</time>
      </trkpt>
      <trkpt lat="40.2794685401022434234619140625" lon="9.4956956617534160614013671875">
        <ele>444.20001220703125</ele>
        <time>2026-09-15T07:25:37.000Z</time>
      </trkpt>
      <trkpt lat="40.279468707740306854248046875" lon="9.495645873248577117919921875">
        <ele>445.20001220703125</ele>
        <time>2026-09-15T07:25:42.000Z</time>
      </trkpt>
      <trkpt lat="40.2794484235346317291259765625" lon="9.4955910556018352508544921875">
        <ele>446.600006103515625</ele>
        <time>2026-09-15T07:25:49.000Z</time>
      </trkpt>
      <trkpt lat="40.2794547937810420989990234375" lon="9.4955548457801342010498046875">
        <ele>447.20001220703125</ele>
        <time>2026-09-15T07:25:54.000Z</time>
      </trkpt>
      <trkpt lat="40.27950433082878589630126953125" lon="9.49551218189299106597900390625">
        <ele>447.20001220703125</ele>
        <time>2026-09-15T07:26:01.000Z</time>
      </trkpt>
      <trkpt lat="40.2795366011559963226318359375" lon="9.49543557129800319671630859375">
        <ele>448.600006103515625</ele>
        <time>2026-09-15T07:26:09.000Z</time>
      </trkpt>
      <trkpt lat="40.2795543707907199859619140625" lon="9.49540606699883937835693359375">
        <ele>449</ele>
        <time>2026-09-15T07:26:12.000Z</time>
      </trkpt>
      <trkpt lat="40.27957272715866565704345703125" lon="9.495336748659610748291015625">
        <ele>450.399993896484375</ele>
        <time>2026-09-15T07:26:20.000Z</time>
      </trkpt>
      <trkpt lat="40.27959711849689483642578125" lon="9.495278410613536834716796875">
        <ele>451.600006103515625</ele>
        <time>2026-09-15T07:26:26.000Z</time>
      </trkpt>
      <trkpt lat="40.27960139326751232147216796875" lon="9.4952671788632869720458984375">
        <ele>451.79998779296875</ele>
        <time>2026-09-15T07:26:28.000Z</time>
      </trkpt>
      <trkpt lat="40.27960826642811298370361328125" lon="9.4952212460339069366455078125">
        <ele>453.399993896484375</ele>
        <time>2026-09-15T07:26:34.000Z</time>
      </trkpt>
      <trkpt lat="40.2795915864408016204833984375" lon="9.49521261267364025115966796875">
        <ele>454</ele>
        <time>2026-09-15T07:26:36.000Z</time>
      </trkpt>
      <trkpt lat="40.27954020537436008453369140625" lon="9.49518310837447643280029296875">
        <ele>456.399993896484375</ele>
        <time>2026-09-15T07:26:44.000Z</time>
      </trkpt>
      <trkpt lat="40.27956719510257244110107421875" lon="9.49510850943624973297119140625">
        <ele>458.20001220703125</ele>
        <time>2026-09-15T07:26:53.000Z</time>
      </trkpt>
      <trkpt lat="40.2796261198818683624267578125" lon="9.49503793381154537200927734375">
        <ele>458.79998779296875</ele>
        <time>2026-09-15T07:27:03.000Z</time>
      </trkpt>
      <trkpt lat="40.2796267904341220855712890625" lon="9.495001137256622314453125">
        <ele>460</ele>
        <time>2026-09-15T07:27:09.000Z</time>
      </trkpt>
      <trkpt lat="40.2796093560755252838134765625" lon="9.49499149806797504425048828125">
        <ele>460.600006103515625</ele>
        <time>2026-09-15T07:27:13.000Z</time>
      </trkpt>
      <trkpt lat="40.27960407547652721405029296875" lon="9.4949878938496112823486328125">
        <ele>461</ele>
        <time>2026-09-15T07:27:14.000Z</time>
      </trkpt>
      <trkpt lat="40.27959083206951618194580078125" lon="9.49498303234577178955078125">
        <ele>461.399993896484375</ele>
        <time>2026-09-15T07:27:16.000Z</time>
      </trkpt>
      <trkpt lat="40.2795503474771976470947265625" lon="9.49496501125395298004150390625">
        <ele>463.20001220703125</ele>
        <time>2026-09-15T07:27:23.000Z</time>
      </trkpt>
      <trkpt lat="40.27953584678471088409423828125" lon="9.49495495297014713287353515625">
        <ele>463.79998779296875</ele>
        <time>2026-09-15T07:27:25.000Z</time>
      </trkpt>
      <trkpt lat="40.27951707132160663604736328125" lon="9.49494891799986362457275390625">
        <ele>464.600006103515625</ele>
        <time>2026-09-15T07:27:28.000Z</time>
      </trkpt>
      <trkpt lat="40.2794698812067508697509765625" lon="9.49493072926998138427734375">
        <ele>466.399993896484375</ele>
        <time>2026-09-15T07:27:35.000Z</time>
      </trkpt>
      <trkpt lat="40.27945789508521556854248046875" lon="9.49492109008133411407470703125">
        <ele>467</ele>
        <time>2026-09-15T07:27:41.000Z</time>
      </trkpt>
      <trkpt lat="40.27946292422711849212646484375" lon="9.4948710501194000244140625">
        <ele>468.399993896484375</ele>
        <time>2026-09-15T07:27:46.000Z</time>
      </trkpt>
      <trkpt lat="40.27949963696300983428955078125" lon="9.4948169030249118804931640625">
        <ele>469</ele>
        <time>2026-09-15T07:27:52.000Z</time>
      </trkpt>
      <trkpt lat="40.27950466610491275787353515625" lon="9.4948112033307552337646484375">
        <ele>469</ele>
        <time>2026-09-15T07:27:53.000Z</time>
      </trkpt>
      <trkpt lat="40.2795359306037425994873046875" lon="9.4947744905948638916015625">
        <ele>469.399993896484375</ele>
        <time>2026-09-15T07:27:59.000Z</time>
      </trkpt>
      <trkpt lat="40.2795852161943912506103515625" lon="9.49471321888267993927001953125">
        <ele>470.20001220703125</ele>
        <time>2026-09-15T07:28:08.000Z</time>
      </trkpt>
      <trkpt lat="40.27964137494564056396484375" lon="9.4946489296853542327880859375">
        <ele>470.600006103515625</ele>
        <time>2026-09-15T07:28:17.000Z</time>
      </trkpt>
      <trkpt lat="40.27964615263044834136962890625" lon="9.49464105069637298583984375">
        <ele>470.600006103515625</ele>
        <time>2026-09-15T07:28:18.000Z</time>
      </trkpt>
      <trkpt lat="40.279673226177692413330078125" lon="9.4945895858108997344970703125">
        <ele>471.600006103515625</ele>
        <time>2026-09-15T07:28:23.000Z</time>
      </trkpt>
      <trkpt lat="40.2796809375286102294921875" lon="9.494580365717411041259765625">
        <ele>471.600006103515625</ele>
        <time>2026-09-15T07:28:24.000Z</time>
      </trkpt>
      <trkpt lat="40.27973483316600322723388671875" lon="9.494526386260986328125">
        <ele>472</ele>
        <time>2026-09-15T07:28:29.000Z</time>
      </trkpt>
      <trkpt lat="40.27974539436399936676025390625" lon="9.49448137544095516204833984375">
        <ele>473</ele>
        <time>2026-09-15T07:28:32.000Z</time>
      </trkpt>
      <trkpt lat="40.27975805103778839111328125" lon="9.4944501109421253204345703125">
        <ele>473.600006103515625</ele>
        <time>2026-09-15T07:28:35.000Z</time>
      </trkpt>
      <trkpt lat="40.27978956699371337890625" lon="9.49439965188503265380859375">
        <ele>475</ele>
        <time>2026-09-15T07:28:40.000Z</time>
      </trkpt>
      <trkpt lat="40.27981362305581569671630859375" lon="9.49436117894947528839111328125">
        <ele>476</ele>
        <time>2026-09-15T07:28:44.000Z</time>
      </trkpt>
      <trkpt lat="40.27986592613160610198974609375" lon="9.49429370462894439697265625">
        <ele>476.600006103515625</ele>
        <time>2026-09-15T07:28:52.000Z</time>
      </trkpt>
      <trkpt lat="40.27987933717668056488037109375" lon="9.4942539744079113006591796875">
        <ele>477.399993896484375</ele>
        <time>2026-09-15T07:28:56.000Z</time>
      </trkpt>
      <trkpt lat="40.2798826061189174652099609375" lon="9.49424408376216888427734375">
        <ele>477.600006103515625</ele>
        <time>2026-09-15T07:28:57.000Z</time>
      </trkpt>
      <trkpt lat="40.27989643625915050506591796875" lon="9.49418851174414157867431640625">
        <ele>478.600006103515625</ele>
        <time>2026-09-15T07:29:02.000Z</time>
      </trkpt>
      <trkpt lat="40.27993834577500820159912109375" lon="9.49409966357052326202392578125">
        <ele>479.600006103515625</ele>
        <time>2026-09-15T07:29:11.000Z</time>
      </trkpt>
      <trkpt lat="40.27997262775897979736328125" lon="9.49400603771209716796875">
        <ele>480.600006103515625</ele>
        <time>2026-09-15T07:29:19.000Z</time>
      </trkpt>
      <trkpt lat="40.28001512400805950164794921875" lon="9.493905119597911834716796875">
        <ele>481.600006103515625</ele>
        <time>2026-09-15T07:29:28.000Z</time>
      </trkpt>
      <trkpt lat="40.2800183929502964019775390625" lon="9.49389397166669368743896484375">
        <ele>482</ele>
        <time>2026-09-15T07:29:29.000Z</time>
      </trkpt>
      <trkpt lat="40.28003222309052944183349609375" lon="9.49384468607604503631591796875">
        <ele>482.79998779296875</ele>
        <time>2026-09-15T07:29:34.000Z</time>
      </trkpt>
      <trkpt lat="40.280046053230762481689453125" lon="9.49382406659424304962158203125">
        <ele>482.79998779296875</ele>
        <time>2026-09-15T07:29:36.000Z</time>
      </trkpt>
      <trkpt lat="40.28005401603877544403076171875" lon="9.4938134215772151947021484375">
        <ele>482.79998779296875</ele>
        <time>2026-09-15T07:29:37.000Z</time>
      </trkpt>
      <trkpt lat="40.280075557529926300048828125" lon="9.49378299526870250701904296875">
        <ele>482.79998779296875</ele>
        <time>2026-09-15T07:29:40.000Z</time>
      </trkpt>
      <trkpt lat="40.28007916174829006195068359375" lon="9.493772685527801513671875">
        <ele>482.79998779296875</ele>
        <time>2026-09-15T07:29:41.000Z</time>
      </trkpt>
      <trkpt lat="40.280091650784015655517578125" lon="9.49373421259224414825439453125">
        <ele>483.20001220703125</ele>
        <time>2026-09-15T07:29:45.000Z</time>
      </trkpt>
      <trkpt lat="40.280099026858806610107421875" lon="9.4937061332166194915771484375">
        <ele>483.399993896484375</ele>
        <time>2026-09-15T07:29:47.000Z</time>
      </trkpt>
      <trkpt lat="40.28011956252157688140869140625" lon="9.49363010935485363006591796875">
        <ele>483.79998779296875</ele>
        <time>2026-09-15T07:29:53.000Z</time>
      </trkpt>
      <trkpt lat="40.280124507844448089599609375" lon="9.49359591118991374969482421875">
        <ele>484.20001220703125</ele>
        <time>2026-09-15T07:29:56.000Z</time>
      </trkpt>
      <trkpt lat="40.28012425638735294342041015625" lon="9.49354947544634342193603515625">
        <ele>485.20001220703125</ele>
        <time>2026-09-15T07:30:00.000Z</time>
      </trkpt>
      <trkpt lat="40.28012844733893871307373046875" lon="9.49348845519125461578369140625">
        <ele>486.600006103515625</ele>
        <time>2026-09-15T07:30:07.000Z</time>
      </trkpt>
      <trkpt lat="40.2801112644374370574951171875" lon="9.49343732558190822601318359375">
        <ele>488.600006103515625</ele>
        <time>2026-09-15T07:30:12.000Z</time>
      </trkpt>
      <trkpt lat="40.28010481037199497222900390625" lon="9.49340145103633403778076171875">
        <ele>489.600006103515625</ele>
        <time>2026-09-15T07:30:16.000Z</time>
      </trkpt>
      <trkpt lat="40.280116461217403411865234375" lon="9.49333121068775653839111328125">
        <ele>491</ele>
        <time>2026-09-15T07:30:23.000Z</time>
      </trkpt>
      <trkpt lat="40.2801154553890228271484375" lon="9.493255354464054107666015625">
        <ele>491.79998779296875</ele>
        <time>2026-09-15T07:30:29.000Z</time>
      </trkpt>
      <trkpt lat="40.28011335991322994232177734375" lon="9.49318871833384037017822265625">
        <ele>493</ele>
        <time>2026-09-15T07:30:36.000Z</time>
      </trkpt>
      <trkpt lat="40.2801042236387729644775390625" lon="9.493128620088100433349609375">
        <ele>494.20001220703125</ele>
        <time>2026-09-15T07:30:43.000Z</time>
      </trkpt>
      <trkpt lat="40.2800993621349334716796875" lon="9.49305678717792034149169921875">
        <ele>495.79998779296875</ele>
        <time>2026-09-15T07:30:51.000Z</time>
      </trkpt>
      <trkpt lat="40.28009257279336452484130859375" lon="9.49303432367742061614990234375">
        <ele>496.20001220703125</ele>
        <time>2026-09-15T07:30:58.000Z</time>
      </trkpt>
      <trkpt lat="40.2800955064594745635986328125" lon="9.4930310547351837158203125">
        <ele>496.20001220703125</ele>
        <time>2026-09-15T07:31:07.000Z</time>
      </trkpt>
      <trkpt lat="40.2800955064594745635986328125" lon="9.4930310547351837158203125">
        <ele>496.20001220703125</ele>
        <time>2026-09-15T07:31:09.000Z</time>
      </trkpt>
      <trkpt lat="40.28009642846882343292236328125" lon="9.4930310547351837158203125">
        <ele>496.20001220703125</ele>
        <time>2026-09-15T07:31:24.000Z</time>
      </trkpt>
      <trkpt lat="40.28010799549520015716552734375" lon="9.4930288754403591156005859375">
        <ele>495.79998779296875</ele>
        <time>2026-09-15T07:31:52.000Z</time>
      </trkpt>
      <trkpt lat="40.28010665439069271087646484375" lon="9.49302175082266330718994140625">
        <ele>496</ele>
        <time>2026-09-15T07:32:02.000Z</time>
      </trkpt>
      <trkpt lat="40.28008452616631984710693359375" lon="9.49297682382166385650634765625">
        <ele>497.20001220703125</ele>
        <time>2026-09-15T07:32:05.000Z</time>
      </trkpt>
      <trkpt lat="40.28007178567349910736083984375" lon="9.492946229875087738037109375">
        <ele>497.79998779296875</ele>
        <time>2026-09-15T07:32:07.000Z</time>
      </trkpt>
      <trkpt lat="40.28002761304378509521484375" lon="9.492802731692790985107421875">
        <ele>500.399993896484375</ele>
        <time>2026-09-15T07:32:17.000Z</time>
      </trkpt>
      <trkpt lat="40.2800056524574756622314453125" lon="9.492716901004314422607421875">
        <ele>501.600006103515625</ele>
        <time>2026-09-15T07:32:25.000Z</time>
      </trkpt>
      <trkpt lat="40.27999618090689182281494140625" lon="9.492713548243045806884765625">
        <ele>502</ele>
        <time>2026-09-15T07:32:26.000Z</time>
      </trkpt>
      <trkpt lat="40.279982350766658782958984375" lon="9.49270181357860565185546875">
        <ele>502.600006103515625</ele>
        <time>2026-09-15T07:32:31.000Z</time>
      </trkpt>
      <trkpt lat="40.279960222542285919189453125" lon="9.49268261902034282684326171875">
        <ele>503.399993896484375</ele>
        <time>2026-09-15T07:32:37.000Z</time>
      </trkpt>
      <trkpt lat="40.27995561249554157257080078125" lon="9.49267876334488391876220703125">
        <ele>503.600006103515625</ele>
        <time>2026-09-15T07:32:38.000Z</time>
      </trkpt>
      <trkpt lat="40.2799392677843570709228515625" lon="9.4926630891859531402587890625">
        <ele>504.399993896484375</ele>
        <time>2026-09-15T07:32:41.000Z</time>
      </trkpt>
      <trkpt lat="40.27990548871457576751708984375" lon="9.49265864677727222442626953125">
        <ele>505.20001220703125</ele>
        <time>2026-09-15T07:32:46.000Z</time>
      </trkpt>
      <trkpt lat="40.27988738380372524261474609375" lon="9.49268706142902374267578125">
        <ele>505.600006103515625</ele>
        <time>2026-09-15T07:32:50.000Z</time>
      </trkpt>
      <trkpt lat="40.27987045235931873321533203125" lon="9.49270089156925678253173828125">
        <ele>506</ele>
        <time>2026-09-15T07:32:53.000Z</time>
      </trkpt>
      <trkpt lat="40.279830135405063629150390625" lon="9.49274766258895397186279296875">
        <ele>506.79998779296875</ele>
        <time>2026-09-15T07:33:01.000Z</time>
      </trkpt>
      <trkpt lat="40.27982166968286037445068359375" lon="9.49275545775890350341796875">
        <ele>507</ele>
        <time>2026-09-15T07:33:02.000Z</time>
      </trkpt>
      <trkpt lat="40.2797836996614933013916015625" lon="9.49281170032918453216552734375">
        <ele>507.600006103515625</ele>
        <time>2026-09-15T07:33:09.000Z</time>
      </trkpt>
      <trkpt lat="40.2797077596187591552734375" lon="9.4928944297134876251220703125">
        <ele>508.600006103515625</ele>
        <time>2026-09-15T07:33:20.000Z</time>
      </trkpt>
      <trkpt lat="40.27965218760073184967041015625" lon="9.4928974471986293792724609375">
        <ele>509.79998779296875</ele>
        <time>2026-09-15T07:33:27.000Z</time>
      </trkpt>
      <trkpt lat="40.27961589395999908447265625" lon="9.49290708638727664947509765625">
        <ele>510</ele>
        <time>2026-09-15T07:33:33.000Z</time>
      </trkpt>
      <trkpt lat="40.27957323007285594940185546875" lon="9.492897950112819671630859375">
        <ele>510.600006103515625</ele>
        <time>2026-09-15T07:33:40.000Z</time>
      </trkpt>
      <trkpt lat="40.27953065000474452972412109375" lon="9.49292854405939579010009765625">
        <ele>510.79998779296875</ele>
        <time>2026-09-15T07:33:48.000Z</time>
      </trkpt>
      <trkpt lat="40.27945739217102527618408203125" lon="9.4929277896881103515625">
        <ele>512.20001220703125</ele>
        <time>2026-09-15T07:33:56.000Z</time>
      </trkpt>
      <trkpt lat="40.2794155664741992950439453125" lon="9.492916725575923919677734375">
        <ele>513</ele>
        <time>2026-09-15T07:34:04.000Z</time>
      </trkpt>
      <trkpt lat="40.27937675826251506805419921875" lon="9.492913372814655303955078125">
        <ele>513.5999755859375</ele>
        <time>2026-09-15T07:34:11.000Z</time>
      </trkpt>
      <trkpt lat="40.2793240360915660858154296875" lon="9.49289401061832904815673828125">
        <ele>514.4000244140625</ele>
        <time>2026-09-15T07:34:18.000Z</time>
      </trkpt>
      <trkpt lat="40.27929126285016536712646484375" lon="9.492828883230686187744140625">
        <ele>515.20001220703125</ele>
        <time>2026-09-15T07:34:25.000Z</time>
      </trkpt>
      <trkpt lat="40.27925086207687854766845703125" lon="9.49280315078794956207275390625">
        <ele>515.79998779296875</ele>
        <time>2026-09-15T07:34:32.000Z</time>
      </trkpt>
      <trkpt lat="40.27924901805818080902099609375" lon="9.49280348606407642364501953125">
        <ele>515.79998779296875</ele>
        <time>2026-09-15T07:34:38.000Z</time>
      </trkpt>
      <trkpt lat="40.27923845686018466949462890625" lon="9.4928367622196674346923828125">
        <ele>515.79998779296875</ele>
        <time>2026-09-15T07:34:43.000Z</time>
      </trkpt>
      <trkpt lat="40.27923024259507656097412109375" lon="9.49284455738961696624755859375">
        <ele>516</ele>
        <time>2026-09-15T07:34:50.000Z</time>
      </trkpt>
      <trkpt lat="40.27923024259507656097412109375" lon="9.49284455738961696624755859375">
        <ele>516</ele>
        <time>2026-09-15T07:34:52.000Z</time>
      </trkpt>
      <trkpt lat="40.2790987305343151092529296875" lon="9.49281580746173858642578125">
        <ele>518</ele>
        <time>2026-09-15T07:35:22.000Z</time>
      </trkpt>
      <trkpt lat="40.27905933558940887451171875" lon="9.49275738559663295745849609375">
        <ele>518.4000244140625</ele>
        <time>2026-09-15T07:35:27.000Z</time>
      </trkpt>
      <trkpt lat="40.2790564857423305511474609375" lon="9.49274145998060703277587890625">
        <ele>518.4000244140625</ele>
        <time>2026-09-15T07:35:29.000Z</time>
      </trkpt>
      <trkpt lat="40.2790452539920806884765625" lon="9.49270181357860565185546875">
        <ele>518.4000244140625</ele>
        <time>2026-09-15T07:35:35.000Z</time>
      </trkpt>
      <trkpt lat="40.2790645323693752288818359375" lon="9.4926899112761020660400390625">
        <ele>518.20001220703125</ele>
        <time>2026-09-15T07:35:37.000Z</time>
      </trkpt>
      <trkpt lat="40.27908104471862316131591796875" lon="9.49266971088945865631103515625">
        <ele>517.79998779296875</ele>
        <time>2026-09-15T07:35:40.000Z</time>
      </trkpt>
      <trkpt lat="40.2790853194892406463623046875" lon="9.49265831150114536285400390625">
        <ele>517.79998779296875</ele>
        <time>2026-09-15T07:35:41.000Z</time>
      </trkpt>
      <trkpt lat="40.27909764088690280914306640625" lon="9.492619335651397705078125">
        <ele>517.5999755859375</ele>
        <time>2026-09-15T07:35:48.000Z</time>
      </trkpt>
      <trkpt lat="40.2790940366685390472412109375" lon="9.492618329823017120361328125">
        <ele>517.5999755859375</ele>
        <time>2026-09-15T07:35:53.000Z</time>
      </trkpt>
      <trkpt lat="40.27910585515201091766357421875" lon="9.4926252029836177825927734375">
        <ele>517.4000244140625</ele>
        <time>2026-09-15T07:35:57.000Z</time>
      </trkpt>
      <trkpt lat="40.27908624149858951568603515625" lon="9.49266769923269748687744140625">
        <ele>517.79998779296875</ele>
        <time>2026-09-15T07:36:02.000Z</time>
      </trkpt>
      <trkpt lat="40.27907987125217914581298828125" lon="9.49267658405005931854248046875">
        <ele>518</ele>
        <time>2026-09-15T07:36:03.000Z</time>
      </trkpt>
      <trkpt lat="40.27905103750526905059814453125" lon="9.492720253765583038330078125">
        <ele>518.4000244140625</ele>
        <time>2026-09-15T07:36:11.000Z</time>
      </trkpt>
      <trkpt lat="40.2790125645697116851806640625" lon="9.4927039928734302520751953125">
        <ele>518.5999755859375</ele>
        <time>2026-09-15T07:36:17.000Z</time>
      </trkpt>
      <trkpt lat="40.27898180298507213592529296875" lon="9.49270172975957393646240234375">
        <ele>518.79998779296875</ele>
        <time>2026-09-15T07:36:23.000Z</time>
      </trkpt>
      <trkpt lat="40.278982222080230712890625" lon="9.49269376695156097412109375">
        <ele>518.79998779296875</ele>
        <time>2026-09-15T07:36:29.000Z</time>
      </trkpt>
      <trkpt lat="40.2789874188601970672607421875" lon="9.4927227683365345001220703125">
        <ele>518.79998779296875</ele>
        <time>2026-09-15T07:36:35.000Z</time>
      </trkpt>
      <trkpt lat="40.27898280881345272064208984375" lon="9.49272184632718563079833984375">
        <ele>518.79998779296875</ele>
        <time>2026-09-15T07:36:46.000Z</time>
      </trkpt>
      <trkpt lat="40.27894827537238597869873046875" lon="9.4926315732300281524658203125">
        <ele>519.20001220703125</ele>
        <time>2026-09-15T07:36:53.000Z</time>
      </trkpt>
      <trkpt lat="40.278940312564373016357421875" lon="9.4925965368747711181640625">
        <ele>519.20001220703125</ele>
        <time>2026-09-15T07:37:00.000Z</time>
      </trkpt>
      <trkpt lat="40.27891072444617748260498046875" lon="9.49260148219764232635498046875">
        <ele>519.4000244140625</ele>
        <time>2026-09-15T07:37:06.000Z</time>
      </trkpt>
      <trkpt lat="40.27886311523616313934326171875" lon="9.4926141388714313507080078125">
        <ele>519.79998779296875</ele>
        <time>2026-09-15T07:37:15.000Z</time>
      </trkpt>
      <trkpt lat="40.278861857950687408447265625" lon="9.492625035345554351806640625">
        <ele>519.79998779296875</ele>
        <time>2026-09-15T07:37:19.000Z</time>
      </trkpt>
      <trkpt lat="40.27884433977305889129638671875" lon="9.49265353381633758544921875">
        <ele>519.79998779296875</ele>
        <time>2026-09-15T07:37:28.000Z</time>
      </trkpt>
      <trkpt lat="40.278822295367717742919921875" lon="9.492646157741546630859375">
        <ele>520.20001220703125</ele>
        <time>2026-09-15T07:37:33.000Z</time>
      </trkpt>
      <trkpt lat="40.2788147516548633575439453125" lon="9.49264372698962688446044921875">
        <ele>520.20001220703125</ele>
        <time>2026-09-15T07:37:35.000Z</time>
      </trkpt>
      <trkpt lat="40.2788070403039455413818359375" lon="9.49263936839997768402099609375">
        <ele>520.4000244140625</ele>
        <time>2026-09-15T07:37:37.000Z</time>
      </trkpt>
      <trkpt lat="40.278804861009120941162109375" lon="9.4926386140286922454833984375">
        <ele>520.4000244140625</ele>
        <time>2026-09-15T07:37:38.000Z</time>
      </trkpt>
      <trkpt lat="40.2787973172962665557861328125" lon="9.49263333342969417572021484375">
        <ele>520.5999755859375</ele>
        <time>2026-09-15T07:37:40.000Z</time>
      </trkpt>
      <trkpt lat="40.2787939645349979400634765625" lon="9.49262998066842555999755859375">
        <ele>520.79998779296875</ele>
        <time>2026-09-15T07:37:41.000Z</time>
      </trkpt>
      <trkpt lat="40.27878549881279468536376953125" lon="9.49261137284338474273681640625">
        <ele>521</ele>
        <time>2026-09-15T07:37:44.000Z</time>
      </trkpt>
      <trkpt lat="40.27878667227923870086669921875" lon="9.49259963817894458770751953125">
        <ele>520.79998779296875</ele>
        <time>2026-09-15T07:37:48.000Z</time>
      </trkpt>
      <trkpt lat="40.2787758596241474151611328125" lon="9.4925836287438869476318359375">
        <ele>521.20001220703125</ele>
        <time>2026-09-15T07:37:51.000Z</time>
      </trkpt>
      <trkpt lat="40.27876018546521663665771484375" lon="9.492562003433704376220703125">
        <ele>521.4000244140625</ele>
        <time>2026-09-15T07:37:59.000Z</time>
      </trkpt>
      <trkpt lat="40.27875951491296291351318359375" lon="9.49256158433854579925537109375">
        <ele>521.4000244140625</ele>
        <time>2026-09-15T07:38:16.000Z</time>
      </trkpt>
      <trkpt lat="40.27876018546521663665771484375" lon="9.4925611652433872222900390625">
        <ele>521.4000244140625</ele>
        <time>2026-09-15T07:38:22.000Z</time>
      </trkpt>
      <trkpt lat="40.2787877619266510009765625" lon="9.4926084391772747039794921875">
        <ele>520.79998779296875</ele>
        <time>2026-09-15T07:38:29.000Z</time>
      </trkpt>
      <trkpt lat="40.27881114743649959564208984375" lon="9.4926241971552371978759765625">
        <ele>520.4000244140625</ele>
        <time>2026-09-15T07:38:33.000Z</time>
      </trkpt>
      <trkpt lat="40.27881818823516368865966796875" lon="9.4926295615732669830322265625">
        <ele>520.20001220703125</ele>
        <time>2026-09-15T07:38:34.000Z</time>
      </trkpt>
      <trkpt lat="40.2788281626999378204345703125" lon="9.4926382787525653839111328125">
        <ele>520</ele>
        <time>2026-09-15T07:38:41.000Z</time>
      </trkpt>
      <trkpt lat="40.27884148992598056793212890625" lon="9.492703489959239959716796875">
        <ele>519.79998779296875</ele>
        <time>2026-09-15T07:38:50.000Z</time>
      </trkpt>
      <trkpt lat="40.2788368798792362213134765625" lon="9.4927596487104892730712890625">
        <ele>520</ele>
        <time>2026-09-15T07:38:55.000Z</time>
      </trkpt>
      <trkpt lat="40.2788398973643779754638671875" lon="9.49278437532484531402587890625">
        <ele>519.79998779296875</ele>
        <time>2026-09-15T07:38:58.000Z</time>
      </trkpt>
      <trkpt lat="40.2788284979760646820068359375" lon="9.4928486645221710205078125">
        <ele>520</ele>
        <time>2026-09-15T07:39:05.000Z</time>
      </trkpt>
      <trkpt lat="40.27877510525286197662353515625" lon="9.49288956820964813232421875">
        <ele>521</ele>
        <time>2026-09-15T07:39:13.000Z</time>
      </trkpt>
      <trkpt lat="40.27872565202414989471435546875" lon="9.49287724681198596954345703125">
        <ele>521.79998779296875</ele>
        <time>2026-09-15T07:39:21.000Z</time>
      </trkpt>
      <trkpt lat="40.278698913753032684326171875" lon="9.49287305586040019989013671875">
        <ele>522.4000244140625</ele>
        <time>2026-09-15T07:39:25.000Z</time>
      </trkpt>
      <trkpt lat="40.278692208230495452880859375" lon="9.492861740291118621826171875">
        <ele>522.4000244140625</ele>
        <time>2026-09-15T07:39:28.000Z</time>
      </trkpt>
      <trkpt lat="40.2786793000996112823486328125" lon="9.4927663542330265045166015625">
        <ele>522.79998779296875</ele>
        <time>2026-09-15T07:39:36.000Z</time>
      </trkpt>
      <trkpt lat="40.27866815216839313507080078125" lon="9.492698125541210174560546875">
        <ele>523.20001220703125</ele>
        <time>2026-09-15T07:39:41.000Z</time>
      </trkpt>
      <trkpt lat="40.2786357142031192779541015625" lon="9.49266468174755573272705078125">
        <ele>523.79998779296875</ele>
        <time>2026-09-15T07:39:47.000Z</time>
      </trkpt>
      <trkpt lat="40.27858818881213665008544921875" lon="9.49267541058361530303955078125">
        <ele>524.5999755859375</ele>
        <time>2026-09-15T07:39:54.000Z</time>
      </trkpt>
      <trkpt lat="40.278585590422153472900390625" lon="9.4926801882684230804443359375">
        <ele>524.5999755859375</ele>
        <time>2026-09-15T07:39:59.000Z</time>
      </trkpt>
      <trkpt lat="40.2786122448742389678955078125" lon="9.49265646748244762420654296875">
        <ele>524.4000244140625</ele>
        <time>2026-09-15T07:40:09.000Z</time>
      </trkpt>
      <trkpt lat="40.27861316688358783721923828125" lon="9.4926121272146701812744140625">
        <ele>524.4000244140625</ele>
        <time>2026-09-15T07:40:16.000Z</time>
      </trkpt>
      <trkpt lat="40.27861685492098331451416015625" lon="9.49254331178963184356689453125">
        <ele>524.5999755859375</ele>
        <time>2026-09-15T07:40:24.000Z</time>
      </trkpt>
      <trkpt lat="40.2786145918071269989013671875" lon="9.49249654076993465423583984375">
        <ele>524.5999755859375</ele>
        <time>2026-09-15T07:40:29.000Z</time>
      </trkpt>
      <trkpt lat="40.2786095626652240753173828125" lon="9.49247156269848346710205078125">
        <ele>524.79998779296875</ele>
        <time>2026-09-15T07:40:32.000Z</time>
      </trkpt>
      <trkpt lat="40.27860377915203571319580078125" lon="9.49243233539164066314697265625">
        <ele>524.79998779296875</ele>
        <time>2026-09-15T07:40:39.000Z</time>
      </trkpt>
      <trkpt lat="40.27860713191330432891845703125" lon="9.4924049265682697296142578125">
        <ele>524.79998779296875</ele>
        <time>2026-09-15T07:40:43.000Z</time>
      </trkpt>
      <trkpt lat="40.27860411442816257476806640625" lon="9.49239813722670078277587890625">
        <ele>524.79998779296875</ele>
        <time>2026-09-15T07:40:44.000Z</time>
      </trkpt>
      <trkpt lat="40.27858994901180267333984375" lon="9.49236863292753696441650390625">
        <ele>525.20001220703125</ele>
        <time>2026-09-15T07:40:47.000Z</time>
      </trkpt>
      <trkpt lat="40.27857720851898193359375" lon="9.49232806451618671417236328125">
        <ele>525.4000244140625</ele>
        <time>2026-09-15T07:40:50.000Z</time>
      </trkpt>
      <trkpt lat="40.27857611887156963348388671875" lon="9.4923164136707782745361328125">
        <ele>525.4000244140625</ele>
        <time>2026-09-15T07:40:51.000Z</time>
      </trkpt>
      <trkpt lat="40.27857259847223758697509765625" lon="9.49227676726877689361572265625">
        <ele>525.5999755859375</ele>
        <time>2026-09-15T07:40:54.000Z</time>
      </trkpt>
      <trkpt lat="40.27857276611030101776123046875" lon="9.49227173812687397003173828125">
        <ele>525.5999755859375</ele>
        <time>2026-09-15T07:40:55.000Z</time>
      </trkpt>
      <trkpt lat="40.27858081273734569549560546875" lon="9.49224927462637424468994140625">
        <ele>525.4000244140625</ele>
        <time>2026-09-15T07:41:02.000Z</time>
      </trkpt>
      <trkpt lat="40.2786088921129703521728515625" lon="9.49223686940968036651611328125">
        <ele>524.79998779296875</ele>
        <time>2026-09-15T07:41:08.000Z</time>
      </trkpt>
      <trkpt lat="40.2786474488675594329833984375" lon="9.49219889938831329345703125">
        <ele>524</ele>
        <time>2026-09-15T07:41:16.000Z</time>
      </trkpt>
      <trkpt lat="40.27867653407156467437744140625" lon="9.4921524636447429656982421875">
        <ele>523.79998779296875</ele>
        <time>2026-09-15T07:41:25.000Z</time>
      </trkpt>
      <trkpt lat="40.27870821766555309295654296875" lon="9.49209429323673248291015625">
        <ele>523.4000244140625</ele>
        <time>2026-09-15T07:41:33.000Z</time>
      </trkpt>
      <trkpt lat="40.278703272342681884765625" lon="9.492073170840740203857421875">
        <ele>523.5999755859375</ele>
        <time>2026-09-15T07:41:35.000Z</time>
      </trkpt>
      <trkpt lat="40.27869782410562038421630859375" lon="9.49205984361469745635986328125">
        <ele>523.79998779296875</ele>
        <time>2026-09-15T07:41:36.000Z</time>
      </trkpt>
      <trkpt lat="40.27866748161613941192626953125" lon="9.49199211783707141876220703125">
        <ele>524.79998779296875</ele>
        <time>2026-09-15T07:41:41.000Z</time>
      </trkpt>
      <trkpt lat="40.27865960262715816497802734375" lon="9.49189723469316959381103515625">
        <ele>525.79998779296875</ele>
        <time>2026-09-15T07:41:48.000Z</time>
      </trkpt>
      <trkpt lat="40.2786554954946041107177734375" lon="9.49187946505844593048095703125">
        <ele>526</ele>
        <time>2026-09-15T07:41:50.000Z</time>
      </trkpt>
      <trkpt lat="40.278640575706958770751953125" lon="9.4918399862945079803466796875">
        <ele>526.79998779296875</ele>
        <time>2026-09-15T07:41:56.000Z</time>
      </trkpt>
      <trkpt lat="40.27862942777574062347412109375" lon="9.49182070791721343994140625">
        <ele>527.4000244140625</ele>
        <time>2026-09-15T07:41:58.000Z</time>
      </trkpt>
      <trkpt lat="40.2786109037697315216064453125" lon="9.49178290553390979766845703125">
        <ele>528.20001220703125</ele>
        <time>2026-09-15T07:42:02.000Z</time>
      </trkpt>
      <trkpt lat="40.2785948105156421661376953125" lon="9.49172272346913814544677734375">
        <ele>529.20001220703125</ele>
        <time>2026-09-15T07:42:08.000Z</time>
      </trkpt>
      <trkpt lat="40.27859942056238651275634765625" lon="9.49170964770019054412841796875">
        <ele>529.20001220703125</ele>
        <time>2026-09-15T07:42:09.000Z</time>
      </trkpt>
      <trkpt lat="40.27860461734235286712646484375" lon="9.4916995055973529815673828125">
        <ele>529</ele>
        <time>2026-09-15T07:42:10.000Z</time>
      </trkpt>
      <trkpt lat="40.27862356044352054595947265625" lon="9.49162918142974376678466796875">
        <ele>528.4000244140625</ele>
        <time>2026-09-15T07:42:16.000Z</time>
      </trkpt>
      <trkpt lat="40.27862406335771083831787109375" lon="9.49162415228784084320068359375">
        <ele>528.4000244140625</ele>
        <time>2026-09-15T07:42:18.000Z</time>
      </trkpt>
      <trkpt lat="40.2786202915012836456298828125" lon="9.491631947457790374755859375">
        <ele>528.5999755859375</ele>
        <time>2026-09-15T07:42:23.000Z</time>
      </trkpt>
      <trkpt lat="40.2786159329116344451904296875" lon="9.49162700213491916656494140625">
        <ele>528.79998779296875</ele>
        <time>2026-09-15T07:42:27.000Z</time>
      </trkpt>
      <trkpt lat="40.2786159329116344451904296875" lon="9.49162800796329975128173828125">
        <ele>528.79998779296875</ele>
        <time>2026-09-15T07:42:41.000Z</time>
      </trkpt>
      <trkpt lat="40.27858869172632694244384765625" lon="9.49170210398733615875244140625">
        <ele>529.5999755859375</ele>
        <time>2026-09-15T07:43:11.000Z</time>
      </trkpt>
      <trkpt lat="40.278596319258213043212890625" lon="9.49176597408950328826904296875">
        <ele>528.79998779296875</ele>
        <time>2026-09-15T07:43:18.000Z</time>
      </trkpt>
      <trkpt lat="40.2786115743219852447509765625" lon="9.49182330630719661712646484375">
        <ele>527.79998779296875</ele>
        <time>2026-09-15T07:43:26.000Z</time>
      </trkpt>
      <trkpt lat="40.27860872447490692138671875" lon="9.4918248988687992095947265625">
        <ele>527.79998779296875</ele>
        <time>2026-09-15T07:43:31.000Z</time>
      </trkpt>
      <trkpt lat="40.27858994901180267333984375" lon="9.49181777425110340118408203125">
        <ele>528.4000244140625</ele>
        <time>2026-09-15T07:43:35.000Z</time>
      </trkpt>
      <trkpt lat="40.27858550660312175750732421875" lon="9.491814337670803070068359375">
        <ele>528.4000244140625</ele>
        <time>2026-09-15T07:43:38.000Z</time>
      </trkpt>
      <trkpt lat="40.27858550660312175750732421875" lon="9.491814337670803070068359375">
        <ele>528.4000244140625</ele>
        <time>2026-09-15T07:43:45.000Z</time>
      </trkpt>
      <trkpt lat="40.27860763482749462127685546875" lon="9.49183705262839794158935546875">
        <ele>527.5999755859375</ele>
        <time>2026-09-15T07:43:48.000Z</time>
      </trkpt>
      <trkpt lat="40.27863546274602413177490234375" lon="9.491882063448429107666015625">
        <ele>526.4000244140625</ele>
        <time>2026-09-15T07:43:52.000Z</time>
      </trkpt>
      <trkpt lat="40.2786481194198131561279296875" lon="9.49191056191921234130859375">
        <ele>525.79998779296875</ele>
        <time>2026-09-15T07:43:54.000Z</time>
      </trkpt>
      <trkpt lat="40.27865189127624034881591796875" lon="9.49192958883941173553466796875">
        <ele>525.5999755859375</ele>
        <time>2026-09-15T07:43:55.000Z</time>
      </trkpt>
      <trkpt lat="40.278676450252532958984375" lon="9.49200402013957500457763671875">
        <ele>524.5999755859375</ele>
        <time>2026-09-15T07:44:02.000Z</time>
      </trkpt>
      <trkpt lat="40.2786870114505290985107421875" lon="9.4920243881642818450927734375">
        <ele>524.20001220703125</ele>
        <time>2026-09-15T07:44:08.000Z</time>
      </trkpt>
      <trkpt lat="40.27870930731296539306640625" lon="9.492115415632724761962890625">
        <ele>523.4000244140625</ele>
        <time>2026-09-15T07:44:15.000Z</time>
      </trkpt>
      <trkpt lat="40.27867988683283329010009765625" lon="9.492152296006679534912109375">
        <ele>523.5999755859375</ele>
        <time>2026-09-15T07:44:20.000Z</time>
      </trkpt>
      <trkpt lat="40.278638564050197601318359375" lon="9.49216344393789768218994140625">
        <ele>524.4000244140625</ele>
        <time>2026-09-15T07:44:26.000Z</time>
      </trkpt>
      <trkpt lat="40.27862238697707653045654296875" lon="9.492157660424709320068359375">
        <ele>524.79998779296875</ele>
        <time>2026-09-15T07:44:28.000Z</time>
      </trkpt>
      <trkpt lat="40.27859154157340526580810546875" lon="9.49211533181369304656982421875">
        <ele>525.79998779296875</ele>
        <time>2026-09-15T07:44:34.000Z</time>
      </trkpt>
      <trkpt lat="40.27859673835337162017822265625" lon="9.49212019331753253936767578125">
        <ele>525.79998779296875</ele>
        <time>2026-09-15T07:44:39.000Z</time>
      </trkpt>
      <trkpt lat="40.27863982133567333221435546875" lon="9.4921564869582653045654296875">
        <ele>524.5999755859375</ele>
        <time>2026-09-15T07:44:47.000Z</time>
      </trkpt>
      <trkpt lat="40.27864619158208370208740234375" lon="9.492211304605007171630859375">
        <ele>524</ele>
        <time>2026-09-15T07:44:54.000Z</time>
      </trkpt>
      <trkpt lat="40.27860562317073345184326171875" lon="9.49222982861101627349853515625">
        <ele>524.79998779296875</ele>
        <time>2026-09-15T07:45:02.000Z</time>
      </trkpt>
      <trkpt lat="40.278561115264892578125" lon="9.49224357493221759796142578125">
        <ele>525.79998779296875</ele>
        <time>2026-09-15T07:45:08.000Z</time>
      </trkpt>
      <trkpt lat="40.27851241640746593475341796875" lon="9.49220065958797931671142578125">
        <ele>527.4000244140625</ele>
        <time>2026-09-15T07:45:15.000Z</time>
      </trkpt>
      <trkpt lat="40.27845852077007293701171875" lon="9.49218238703906536102294921875">
        <ele>529.20001220703125</ele>
        <time>2026-09-15T07:45:23.000Z</time>
      </trkpt>
      <trkpt lat="40.27842055074870586395263671875" lon="9.4921915233135223388671875">
        <ele>530.5999755859375</ele>
        <time>2026-09-15T07:45:30.000Z</time>
      </trkpt>
      <trkpt lat="40.27840093709528446197509765625" lon="9.49218138121068477630615234375">
        <ele>531.4000244140625</ele>
        <time>2026-09-15T07:45:36.000Z</time>
      </trkpt>
      <trkpt lat="40.27836254797875881195068359375" lon="9.49219060130417346954345703125">
        <ele>532.79998779296875</ele>
        <time>2026-09-15T07:45:42.000Z</time>
      </trkpt>
      <trkpt lat="40.27832298539578914642333984375" lon="9.4921789504587650299072265625">
        <ele>534.20001220703125</ele>
        <time>2026-09-15T07:45:49.000Z</time>
      </trkpt>
      <trkpt lat="40.2782742865383625030517578125" lon="9.49214450083673000335693359375">
        <ele>536</ele>
        <time>2026-09-15T07:45:56.000Z</time>
      </trkpt>
      <trkpt lat="40.2782685868442058563232421875" lon="9.49211315251886844635009765625">
        <ele>536</ele>
        <time>2026-09-15T07:46:01.000Z</time>
      </trkpt>
      <trkpt lat="40.278247296810150146484375" lon="9.49210208840668201446533203125">
        <ele>536.5999755859375</ele>
        <time>2026-09-15T07:46:06.000Z</time>
      </trkpt>
      <trkpt lat="40.27822927571833133697509765625" lon="9.49210812337696552276611328125">
        <ele>537</ele>
        <time>2026-09-15T07:46:12.000Z</time>
      </trkpt>
      <trkpt lat="40.27822843752801418304443359375" lon="9.4921078719198703765869140625">
        <ele>537</ele>
        <time>2026-09-15T07:46:15.000Z</time>
      </trkpt>
      <trkpt lat="40.27822743169963359832763671875" lon="9.492108710110187530517578125">
        <ele>537.20001220703125</ele>
        <time>2026-09-15T07:46:36.000Z</time>
      </trkpt>
      <trkpt lat="40.278224162757396697998046875" lon="9.49210879392921924591064453125">
        <ele>537.20001220703125</ele>
        <time>2026-09-15T07:46:42.000Z</time>
      </trkpt>
      <trkpt lat="40.27819432318210601806640625" lon="9.49208448641002178192138671875">
        <ele>538</ele>
        <time>2026-09-15T07:46:45.000Z</time>
      </trkpt>
      <trkpt lat="40.27816808782517910003662109375" lon="9.49207015335559844970703125">
        <ele>538.5999755859375</ele>
        <time>2026-09-15T07:46:47.000Z</time>
      </trkpt>
      <trkpt lat="40.27814880944788455963134765625" lon="9.492063112556934356689453125">
        <ele>539</ele>
        <time>2026-09-15T07:46:48.000Z</time>
      </trkpt>
      <trkpt lat="40.27806029655039310455322265625" lon="9.49202799238264560699462890625">
        <ele>541.4000244140625</ele>
        <time>2026-09-15T07:46:54.000Z</time>
      </trkpt>
      <trkpt lat="40.27803766541182994842529296875" lon="9.49200016446411609649658203125">
        <ele>542</ele>
        <time>2026-09-15T07:46:58.000Z</time>
      </trkpt>
      <trkpt lat="40.27803649194538593292236328125" lon="9.49199798516929149627685546875">
        <ele>542</ele>
        <time>2026-09-15T07:47:01.000Z</time>
      </trkpt>
      <trkpt lat="40.27801386080682277679443359375" lon="9.49199714697897434234619140625">
        <ele>542.79998779296875</ele>
        <time>2026-09-15T07:47:09.000Z</time>
      </trkpt>
      <trkpt lat="40.27801352553069591522216796875" lon="9.49199396185576915740966796875">
        <ele>542.79998779296875</ele>
        <time>2026-09-15T07:47:13.000Z</time>
      </trkpt>
      <trkpt lat="40.27801352553069591522216796875" lon="9.49199396185576915740966796875">
        <ele>542.79998779296875</ele>
        <time>2026-09-15T07:47:21.000Z</time>
      </trkpt>
      <trkpt lat="40.2780074067413806915283203125" lon="9.49199236929416656494140625">
        <ele>543</ele>
        <time>2026-09-15T07:47:30.000Z</time>
      </trkpt>
      <trkpt lat="40.277979075908660888671875" lon="9.49198038317263126373291015625">
        <ele>543.79998779296875</ele>
        <time>2026-09-15T07:47:38.000Z</time>
      </trkpt>
      <trkpt lat="40.27793004177510738372802734375" lon="9.4919563271105289459228515625">
        <ele>545.4000244140625</ele>
        <time>2026-09-15T07:47:46.000Z</time>
      </trkpt>
      <trkpt lat="40.27785879559814929962158203125" lon="9.49192858301103115081787109375">
        <ele>547.79998779296875</ele>
        <time>2026-09-15T07:48:26.000Z</time>
      </trkpt>
      <trkpt lat="40.2778558619320392608642578125" lon="9.4919284991919994354248046875">
        <ele>548</ele>
        <time>2026-09-15T07:48:30.000Z</time>
      </trkpt>
      <trkpt lat="40.2778531797230243682861328125" lon="9.4919284991919994354248046875">
        <ele>548</ele>
        <time>2026-09-15T07:48:33.000Z</time>
      </trkpt>
      <trkpt lat="40.27784002013504505157470703125" lon="9.49192933738231658935546875">
        <ele>548.4000244140625</ele>
        <time>2026-09-15T07:48:40.000Z</time>
      </trkpt>
      <trkpt lat="40.2778059057891368865966796875" lon="9.49193344451487064361572265625">
        <ele>549.79998779296875</ele>
        <time>2026-09-15T07:48:51.000Z</time>
      </trkpt>
      <trkpt lat="40.277788303792476654052734375" lon="9.49193310923874378204345703125">
        <ele>550.4000244140625</ele>
        <time>2026-09-15T07:48:56.000Z</time>
      </trkpt>
      <trkpt lat="40.27778570540249347686767578125" lon="9.49193227104842662811279296875">
        <ele>550.4000244140625</ele>
        <time>2026-09-15T07:49:00.000Z</time>
      </trkpt>
      <trkpt lat="40.27778067626059055328369140625" lon="9.49193176813423633575439453125">
        <ele>550.5999755859375</ele>
        <time>2026-09-15T07:49:11.000Z</time>
      </trkpt>
      <trkpt lat="40.27773021720349788665771484375" lon="9.491922296583652496337890625">
        <ele>552.4000244140625</ele>
        <time>2026-09-15T07:49:53.000Z</time>
      </trkpt>
      <trkpt lat="40.2777294628322124481201171875" lon="9.491921626031398773193359375">
        <ele>552.4000244140625</ele>
        <time>2026-09-15T07:49:54.000Z</time>
      </trkpt>
      <trkpt lat="40.27772887609899044036865234375" lon="9.491920955479145050048828125">
        <ele>552.4000244140625</ele>
        <time>2026-09-15T07:49:55.000Z</time>
      </trkpt>
      <trkpt lat="40.27769065462052822113037109375" lon="9.4918818958103656768798828125">
        <ele>554</ele>
        <time>2026-09-15T07:50:15.000Z</time>
      </trkpt>
      <trkpt lat="40.27765628881752490997314453125" lon="9.4918460212647914886474609375">
        <ele>555.4000244140625</ele>
        <time>2026-09-15T07:50:20.000Z</time>
      </trkpt>
      <trkpt lat="40.27764958329498767852783203125" lon="9.49183738790452480316162109375">
        <ele>555.79998779296875</ele>
        <time>2026-09-15T07:50:22.000Z</time>
      </trkpt>
      <trkpt lat="40.27763885445892810821533203125" lon="9.49182112701237201690673828125">
        <ele>556.20001220703125</ele>
        <time>2026-09-15T07:50:27.000Z</time>
      </trkpt>
      <trkpt lat="40.2776370942592620849609375" lon="9.4918198697268962860107421875">
        <ele>556.20001220703125</ele>
        <time>2026-09-15T07:50:29.000Z</time>
      </trkpt>
      <trkpt lat="40.277598537504673004150390625" lon="9.49179614894092082977294921875">
        <ele>558</ele>
        <time>2026-09-15T07:50:39.000Z</time>
      </trkpt>
      <trkpt lat="40.27757481671869754791259765625" lon="9.4918124936521053314208984375">
        <ele>559</ele>
        <time>2026-09-15T07:50:47.000Z</time>
      </trkpt>
      <trkpt lat="40.27757481671869754791259765625" lon="9.49181274510920047760009765625">
        <ele>559</ele>
        <time>2026-09-15T07:51:01.000Z</time>
      </trkpt>
      <trkpt lat="40.27757481671869754791259765625" lon="9.49181735515594482421875">
        <ele>559</ele>
        <time>2026-09-15T07:51:04.000Z</time>
      </trkpt>
      <trkpt lat="40.27757481671869754791259765625" lon="9.49183143675327301025390625">
        <ele>559</ele>
        <time>2026-09-15T07:51:07.000Z</time>
      </trkpt>
      <trkpt lat="40.27753718197345733642578125" lon="9.49192372150719165802001953125">
        <ele>560.79998779296875</ele>
        <time>2026-09-15T07:51:51.000Z</time>
      </trkpt>
      <trkpt lat="40.27751061134040355682373046875" lon="9.49195347726345062255859375">
        <ele>561.79998779296875</ele>
        <time>2026-09-15T07:51:56.000Z</time>
      </trkpt>
      <trkpt lat="40.27748697437345981597900390625" lon="9.49196294881403446197509765625">
        <ele>562.79998779296875</ele>
        <time>2026-09-15T07:52:20.000Z</time>
      </trkpt>
      <trkpt lat="40.27743215672671794891357421875" lon="9.49197066016495227813720703125">
        <ele>565.20001220703125</ele>
        <time>2026-09-15T07:52:24.000Z</time>
      </trkpt>
      <trkpt lat="40.2773650176823139190673828125" lon="9.49195993132889270782470703125">
        <ele>567.5999755859375</ele>
        <time>2026-09-15T07:52:29.000Z</time>
      </trkpt>
      <trkpt lat="40.27735353447496891021728515625" lon="9.49195079505443572998046875">
        <ele>568</ele>
        <time>2026-09-15T07:52:31.000Z</time>
      </trkpt>
      <trkpt lat="40.27734012342989444732666015625" lon="9.49196965433657169342041015625">
        <ele>568.5999755859375</ele>
        <time>2026-09-15T07:52:37.000Z</time>
      </trkpt>
      <trkpt lat="40.27733693830668926239013671875" lon="9.49196345172822475433349609375">
        <ele>568.5999755859375</ele>
        <time>2026-09-15T07:52:38.000Z</time>
      </trkpt>
      <trkpt lat="40.277310870587825775146484375" lon="9.49193679727613925933837890625">
        <ele>569.5999755859375</ele>
        <time>2026-09-15T07:52:42.000Z</time>
      </trkpt>
      <trkpt lat="40.27728974819183349609375" lon="9.491945095360279083251953125">
        <ele>570.4000244140625</ele>
        <time>2026-09-15T07:52:49.000Z</time>
      </trkpt>
      <trkpt lat="40.277252197265625" lon="9.49194551445543766021728515625">
        <ele>571.5999755859375</ele>
        <time>2026-09-15T07:52:55.000Z</time>
      </trkpt>
      <trkpt lat="40.27719922363758087158203125" lon="9.49194316752254962921142578125">
        <ele>573.5999755859375</ele>
        <time>2026-09-15T07:53:05.000Z</time>
      </trkpt>
      <trkpt lat="40.27719159610569477081298828125" lon="9.491960518062114715576171875">
        <ele>573.79998779296875</ele>
        <time>2026-09-15T07:53:12.000Z</time>
      </trkpt>
      <trkpt lat="40.27716837823390960693359375" lon="9.49197292327880859375">
        <ele>574.79998779296875</ele>
        <time>2026-09-15T07:53:17.000Z</time>
      </trkpt>
      <trkpt lat="40.2771293185651302337646484375" lon="9.491969905793666839599609375">
        <ele>576.20001220703125</ele>
        <time>2026-09-15T07:53:23.000Z</time>
      </trkpt>
      <trkpt lat="40.27712755836546421051025390625" lon="9.49196998961269855499267578125">
        <ele>576.20001220703125</ele>
        <time>2026-09-15T07:53:25.000Z</time>
      </trkpt>
      <trkpt lat="40.2771273069083690643310546875" lon="9.491970576345920562744140625">
        <ele>576.20001220703125</ele>
        <time>2026-09-15T07:53:27.000Z</time>
      </trkpt>
      <trkpt lat="40.27711850591003894805908203125" lon="9.491978622972965240478515625">
        <ele>576.5999755859375</ele>
        <time>2026-09-15T07:53:31.000Z</time>
      </trkpt>
      <trkpt lat="40.27711314149200916290283203125" lon="9.4919881783425807952880859375">
        <ele>576.79998779296875</ele>
        <time>2026-09-15T07:53:33.000Z</time>
      </trkpt>
      <trkpt lat="40.27707760222256183624267578125" lon="9.49202581308782100677490234375">
        <ele>578.20001220703125</ele>
        <time>2026-09-15T07:53:41.000Z</time>
      </trkpt>
      <trkpt lat="40.27706067077815532684326171875" lon="9.492066465318202972412109375">
        <ele>579</ele>
        <time>2026-09-15T07:53:48.000Z</time>
      </trkpt>
      <trkpt lat="40.27705212123692035675048828125" lon="9.49208130128681659698486328125">
        <ele>579.4000244140625</ele>
        <time>2026-09-15T07:53:52.000Z</time>
      </trkpt>
      <trkpt lat="40.27703653089702129364013671875" lon="9.49210292659699916839599609375">
        <ele>580</ele>
        <time>2026-09-15T07:53:55.000Z</time>
      </trkpt>
      <trkpt lat="40.27703250758349895477294921875" lon="9.4921092130243778228759765625">
        <ele>580.20001220703125</ele>
        <time>2026-09-15T07:53:56.000Z</time>
      </trkpt>
      <trkpt lat="40.2770310826599597930908203125" lon="9.49211432598531246185302734375">
        <ele>580.20001220703125</ele>
        <time>2026-09-15T07:53:57.000Z</time>
      </trkpt>
      <trkpt lat="40.27702764607965946197509765625" lon="9.49212354607880115509033203125">
        <ele>580.4000244140625</ele>
        <time>2026-09-15T07:53:58.000Z</time>
      </trkpt>
      <trkpt lat="40.277009122073650360107421875" lon="9.492132849991321563720703125">
        <ele>581.20001220703125</ele>
        <time>2026-09-15T07:54:02.000Z</time>
      </trkpt>
      <trkpt lat="40.2770029194653034210205078125" lon="9.49213829822838306427001953125">
        <ele>581.4000244140625</ele>
        <time>2026-09-15T07:54:07.000Z</time>
      </trkpt>
      <trkpt lat="40.27699110098183155059814453125" lon="9.49213779531419277191162109375">
        <ele>581.79998779296875</ele>
        <time>2026-09-15T07:54:12.000Z</time>
      </trkpt>
      <trkpt lat="40.276965536177158355712890625" lon="9.49213779531419277191162109375">
        <ele>582.79998779296875</ele>
        <time>2026-09-15T07:54:18.000Z</time>
      </trkpt>
      <trkpt lat="40.27691566385328769683837890625" lon="9.49213276617228984832763671875">
        <ele>584.4000244140625</ele>
        <time>2026-09-15T07:54:25.000Z</time>
      </trkpt>
      <trkpt lat="40.2768885903060436248779296875" lon="9.4921459257602691650390625">
        <ele>585.5999755859375</ele>
        <time>2026-09-15T07:54:31.000Z</time>
      </trkpt>
      <trkpt lat="40.27687392197549343109130859375" lon="9.49214315973222255706787109375">
        <ele>586</ele>
        <time>2026-09-15T07:54:38.000Z</time>
      </trkpt>
      <trkpt lat="40.276830084621906280517578125" lon="9.49214927852153778076171875">
        <ele>587.79998779296875</ele>
        <time>2026-09-15T07:54:43.000Z</time>
      </trkpt>
      <trkpt lat="40.276826731860637664794921875" lon="9.492154978215694427490234375">
        <ele>588</ele>
        <time>2026-09-15T07:54:44.000Z</time>
      </trkpt>
      <trkpt lat="40.27681298553943634033203125" lon="9.49214994907379150390625">
        <ele>588.4000244140625</ele>
        <time>2026-09-15T07:54:49.000Z</time>
      </trkpt>
      <trkpt lat="40.27680301107466220855712890625" lon="9.4921393878757953643798828125">
        <ele>588.79998779296875</ele>
        <time>2026-09-15T07:54:54.000Z</time>
      </trkpt>
      <trkpt lat="40.27680921368300914764404296875" lon="9.49213930405676364898681640625">
        <ele>588.5999755859375</ele>
        <time>2026-09-15T07:54:59.000Z</time>
      </trkpt>
      <trkpt lat="40.27676093392074108123779296875" lon="9.49213720858097076416015625">
        <ele>590.5999755859375</ele>
        <time>2026-09-15T07:55:23.000Z</time>
      </trkpt>
      <trkpt lat="40.27642951346933841705322265625" lon="9.49218858964741230010986328125">
        <ele>602.4000244140625</ele>
        <time>2026-09-15T07:56:58.000Z</time>
      </trkpt>
      <trkpt lat="40.2763625420629978179931640625" lon="9.49216662906110286712646484375">
        <ele>604.5999755859375</ele>
        <time>2026-09-15T07:57:06.000Z</time>
      </trkpt>
      <trkpt lat="40.27629531919956207275390625" lon="9.49213896878063678741455078125">
        <ele>607</ele>
        <time>2026-09-15T07:57:15.000Z</time>
      </trkpt>
      <trkpt lat="40.27625215239822864532470703125" lon="9.49214550666511058807373046875">
        <ele>608.4000244140625</ele>
        <time>2026-09-15T07:57:24.000Z</time>
      </trkpt>
      <trkpt lat="40.27625047601759433746337890625" lon="9.492150954902172088623046875">
        <ele>608.5999755859375</ele>
        <time>2026-09-15T07:57:26.000Z</time>
      </trkpt>
      <trkpt lat="40.2762294374406337738037109375" lon="9.49215288273990154266357421875">
        <ele>609.4000244140625</ele>
        <time>2026-09-15T07:57:30.000Z</time>
      </trkpt>
      <trkpt lat="40.27621393091976642608642578125" lon="9.4921561516821384429931640625">
        <ele>610</ele>
        <time>2026-09-15T07:57:33.000Z</time>
      </trkpt>
      <trkpt lat="40.276176296174526214599609375" lon="9.4921745918691158294677734375">
        <ele>611.20001220703125</ele>
        <time>2026-09-15T07:57:43.000Z</time>
      </trkpt>
      <trkpt lat="40.27614570222795009613037109375" lon="9.49221490882337093353271484375">
        <ele>612.20001220703125</ele>
        <time>2026-09-15T07:57:52.000Z</time>
      </trkpt>
      <trkpt lat="40.27612927369773387908935546875" lon="9.49221256189048290252685546875">
        <ele>612.79998779296875</ele>
        <time>2026-09-15T07:57:59.000Z</time>
      </trkpt>
      <trkpt lat="40.27612877078354358673095703125" lon="9.49221272952854633331298828125">
        <ele>612.79998779296875</ele>
        <time>2026-09-15T07:58:08.000Z</time>
      </trkpt>
      <trkpt lat="40.27610546909272670745849609375" lon="9.49218573980033397674560546875">
        <ele>614</ele>
        <time>2026-09-15T07:58:31.000Z</time>
      </trkpt>
      <trkpt lat="40.27609272859990596771240234375" lon="9.49217769317328929901123046875">
        <ele>614.5999755859375</ele>
        <time>2026-09-15T07:58:34.000Z</time>
      </trkpt>
      <trkpt lat="40.2759662456810474395751953125" lon="9.4921336881816387176513671875">
        <ele>620.20001220703125</ele>
        <time>2026-09-15T07:59:00.000Z</time>
      </trkpt>
      <trkpt lat="40.27581746689975261688232421875" lon="9.49206118471920490264892578125">
        <ele>626.4000244140625</ele>
        <time>2026-09-15T07:59:40.000Z</time>
      </trkpt>
      <trkpt lat="40.27579416520893573760986328125" lon="9.49205003678798675537109375">
        <ele>627.4000244140625</ele>
        <time>2026-09-15T07:59:46.000Z</time>
      </trkpt>
      <trkpt lat="40.27578896842896938323974609375" lon="9.49205137789249420166015625">
        <ele>627.4000244140625</ele>
        <time>2026-09-15T08:00:01.000Z</time>
      </trkpt>
      <trkpt lat="40.27575485408306121826171875" lon="9.492058418691158294677734375">
        <ele>628.5999755859375</ele>
        <time>2026-09-15T08:00:10.000Z</time>
      </trkpt>
      <trkpt lat="40.27571839280426502227783203125" lon="9.492056071758270263671875">
        <ele>630.4000244140625</ele>
        <time>2026-09-15T08:00:31.000Z</time>
      </trkpt>
      <trkpt lat="40.2757164649665355682373046875" lon="9.49205330573022365570068359375">
        <ele>630.5999755859375</ele>
        <time>2026-09-15T08:00:33.000Z</time>
      </trkpt>
      <trkpt lat="40.27566642500460147857666015625" lon="9.49202480725944042205810546875">
        <ele>633.4000244140625</ele>
        <time>2026-09-15T08:01:01.000Z</time>
      </trkpt>
      <trkpt lat="40.2756001241505146026611328125" lon="9.49194015003740787506103515625">
        <ele>638</ele>
        <time>2026-09-15T08:01:12.000Z</time>
      </trkpt>
      <trkpt lat="40.27559065259993076324462890625" lon="9.49192690663039684295654296875">
        <ele>638.79998779296875</ele>
        <time>2026-09-15T08:01:13.000Z</time>
      </trkpt>
      <trkpt lat="40.27555905282497406005859375" lon="9.49186789803206920623779296875">
        <ele>641.20001220703125</ele>
        <time>2026-09-15T08:01:21.000Z</time>
      </trkpt>
      <trkpt lat="40.275532901287078857421875" lon="9.491851888597011566162109375">
        <ele>642.79998779296875</ele>
        <time>2026-09-15T08:01:27.000Z</time>
      </trkpt>
      <trkpt lat="40.275527536869049072265625" lon="9.49184476397931575775146484375">
        <ele>643.20001220703125</ele>
        <time>2026-09-15T08:01:40.000Z</time>
      </trkpt>
      <trkpt lat="40.27552594430744647979736328125" lon="9.4918423332273960113525390625">
        <ele>643.20001220703125</ele>
        <time>2026-09-15T08:01:51.000Z</time>
      </trkpt>
      <trkpt lat="40.275525189936161041259765625" lon="9.49183403514325618743896484375">
        <ele>643.4000244140625</ele>
        <time>2026-09-15T08:01:57.000Z</time>
      </trkpt>
      <trkpt lat="40.27552493847906589508056640625" lon="9.49183235876262187957763671875">
        <ele>643.4000244140625</ele>
        <time>2026-09-15T08:02:00.000Z</time>
      </trkpt>
      <trkpt lat="40.27552477084100246429443359375" lon="9.49183152057230472564697265625">
        <ele>643.5999755859375</ele>
        <time>2026-09-15T08:02:08.000Z</time>
      </trkpt>
      <trkpt lat="40.275525189936161041259765625" lon="9.49183135293424129486083984375">
        <ele>643.4000244140625</ele>
        <time>2026-09-15T08:02:14.000Z</time>
      </trkpt>
      <trkpt lat="40.2755253575742244720458984375" lon="9.491831101477146148681640625">
        <ele>643.4000244140625</ele>
        <time>2026-09-15T08:02:17.000Z</time>
      </trkpt>
      <trkpt lat="40.27552577666938304901123046875" lon="9.491830766201019287109375">
        <ele>643.4000244140625</ele>
        <time>2026-09-15T08:02:19.000Z</time>
      </trkpt>
      <trkpt lat="40.275525860488414764404296875" lon="9.49183068238198757171630859375">
        <ele>643.4000244140625</ele>
        <time>2026-09-15T08:02:21.000Z</time>
      </trkpt>
      <trkpt lat="40.27552594430744647979736328125" lon="9.49182816781103610992431640625">
        <ele>643.5999755859375</ele>
        <time>2026-09-15T08:02:27.000Z</time>
      </trkpt>
      <trkpt lat="40.27551890350878238677978515625" lon="9.49178357608616352081298828125">
        <ele>644.5999755859375</ele>
        <time>2026-09-15T08:03:23.000Z</time>
      </trkpt>
      <trkpt lat="40.2755273692309856414794921875" lon="9.49177670292556285858154296875">
        <ele>644.4000244140625</ele>
        <time>2026-09-15T08:03:51.000Z</time>
      </trkpt>
      <trkpt lat="40.27553784660995006561279296875" lon="9.49177033267915248870849609375">
        <ele>644</ele>
        <time>2026-09-15T08:03:53.000Z</time>
      </trkpt>
      <trkpt lat="40.2755689434707164764404296875" lon="9.491742588579654693603515625">
        <ele>643</ele>
        <time>2026-09-15T08:03:57.000Z</time>
      </trkpt>
      <trkpt lat="40.2755986154079437255859375" lon="9.49175206013023853302001953125">
        <ele>641.4000244140625</ele>
        <time>2026-09-15T08:04:01.000Z</time>
      </trkpt>
      <trkpt lat="40.2755857072770595550537109375" lon="9.49176027439534664154052734375">
        <ele>642</ele>
        <time>2026-09-15T08:04:03.000Z</time>
      </trkpt>
      <trkpt lat="40.2755853720009326934814453125" lon="9.49177636764943599700927734375">
        <ele>641.5999755859375</ele>
        <time>2026-09-15T08:04:06.000Z</time>
      </trkpt>
      <trkpt lat="40.27559417299926280975341796875" lon="9.49177083559334278106689453125">
        <ele>641.4000244140625</ele>
        <time>2026-09-15T08:04:09.000Z</time>
      </trkpt>
      <trkpt lat="40.2755947597324848175048828125" lon="9.491770751774311065673828125">
        <ele>641.4000244140625</ele>
        <time>2026-09-15T08:04:12.000Z</time>
      </trkpt>
      <trkpt lat="40.2755947597324848175048828125" lon="9.491770751774311065673828125">
        <ele>641.4000244140625</ele>
        <time>2026-09-15T08:04:13.000Z</time>
      </trkpt>
      <trkpt lat="40.2755947597324848175048828125" lon="9.491770751774311065673828125">
        <ele>641.4000244140625</ele>
        <time>2026-09-15T08:04:26.000Z</time>
      </trkpt>
      <trkpt lat="40.2755947597324848175048828125" lon="9.4917709194123744964599609375">
        <ele>641.4000244140625</ele>
        <time>2026-09-15T08:04:30.000Z</time>
      </trkpt>
      <trkpt lat="40.275594927370548248291015625" lon="9.49177117086946964263916015625">
        <ele>641.4000244140625</ele>
        <time>2026-09-15T08:04:46.000Z</time>
      </trkpt>
      <trkpt lat="40.275594256818294525146484375" lon="9.4917675666511058807373046875">
        <ele>641.4000244140625</ele>
        <time>2026-09-15T08:05:06.000Z</time>
      </trkpt>
      <trkpt lat="40.2755944244563579559326171875" lon="9.4917668960988521575927734375">
        <ele>641.4000244140625</ele>
        <time>2026-09-15T08:05:08.000Z</time>
      </trkpt>
      <trkpt lat="40.275594927370548248291015625" lon="9.49176278896629810333251953125">
        <ele>641.4000244140625</ele>
        <time>2026-09-15T08:05:20.000Z</time>
      </trkpt>
      <trkpt lat="40.27559601701796054840087890625" lon="9.4917585141956806182861328125">
        <ele>641.4000244140625</ele>
        <time>2026-09-15T08:05:40.000Z</time>
      </trkpt>
      <trkpt lat="40.27559048496186733245849609375" lon="9.49175524525344371795654296875">
        <ele>641.79998779296875</ele>
        <time>2026-09-15T08:05:56.000Z</time>
      </trkpt>
      <trkpt lat="40.27559048496186733245849609375" lon="9.49175499379634857177734375">
        <ele>641.79998779296875</ele>
        <time>2026-09-15T08:05:58.000Z</time>
      </trkpt>
      <trkpt lat="40.27559702284634113311767578125" lon="9.491753317415714263916015625">
        <ele>641.5999755859375</ele>
        <time>2026-09-15T08:06:21.000Z</time>
      </trkpt>
      <trkpt lat="40.27559794485569000244140625" lon="9.4917521439492702484130859375">
        <ele>641.5999755859375</ele>
        <time>2026-09-15T08:06:29.000Z</time>
      </trkpt>
      <trkpt lat="40.2755967713892459869384765625" lon="9.49174434877932071685791015625">
        <ele>641.79998779296875</ele>
        <time>2026-09-15T08:06:44.000Z</time>
      </trkpt>
      <trkpt lat="40.27559769339859485626220703125" lon="9.4917420856654644012451171875">
        <ele>641.79998779296875</ele>
        <time>2026-09-15T08:07:06.000Z</time>
      </trkpt>
      <trkpt lat="40.27559769339859485626220703125" lon="9.4917404092848300933837890625">
        <ele>641.79998779296875</ele>
        <time>2026-09-15T08:07:38.000Z</time>
      </trkpt>
      <trkpt lat="40.27559266425669193267822265625" lon="9.4917435944080352783203125">
        <ele>642</ele>
        <time>2026-09-15T08:08:14.000Z</time>
      </trkpt>
      <trkpt lat="40.27559165842831134796142578125" lon="9.491743929684162139892578125">
        <ele>642</ele>
        <time>2026-09-15T08:08:20.000Z</time>
      </trkpt>
      <trkpt lat="40.2755910716950893402099609375" lon="9.4917444325983524322509765625">
        <ele>642</ele>
        <time>2026-09-15T08:08:27.000Z</time>
      </trkpt>
      <trkpt lat="40.27558998204767704010009765625" lon="9.4917451031506061553955078125">
        <ele>642</ele>
        <time>2026-09-15T08:08:34.000Z</time>
      </trkpt>
      <trkpt lat="40.27558981440961360931396484375" lon="9.49174518696963787078857421875">
        <ele>642</ele>
        <time>2026-09-15T08:08:36.000Z</time>
      </trkpt>
      <trkpt lat="40.275589562952518463134765625" lon="9.49174535460770130157470703125">
        <ele>642</ele>
        <time>2026-09-15T08:08:38.000Z</time>
      </trkpt>
      <trkpt lat="40.2755880542099475860595703125" lon="9.49174636043608188629150390625">
        <ele>642</ele>
        <time>2026-09-15T08:08:49.000Z</time>
      </trkpt>
      <trkpt lat="40.275586210191249847412109375" lon="9.49174828827381134033203125">
        <ele>642.20001220703125</ele>
        <time>2026-09-15T08:09:11.000Z</time>
      </trkpt>
      <trkpt lat="40.27558528818190097808837890625" lon="9.49174887500703334808349609375">
        <ele>642.20001220703125</ele>
        <time>2026-09-15T08:09:19.000Z</time>
      </trkpt>
      <trkpt lat="40.27558394707739353179931640625" lon="9.49174971319735050201416015625">
        <ele>642.20001220703125</ele>
        <time>2026-09-15T08:09:32.000Z</time>
      </trkpt>
      <trkpt lat="40.2755830250680446624755859375" lon="9.491750299930572509765625">
        <ele>642.20001220703125</ele>
        <time>2026-09-15T08:09:40.000Z</time>
      </trkpt>
      <trkpt lat="40.27557992376387119293212890625" lon="9.49175172485411167144775390625">
        <ele>642.4000244140625</ele>
        <time>2026-09-15T08:10:13.000Z</time>
      </trkpt>
      <trkpt lat="40.27557975612580776214599609375" lon="9.491751976311206817626953125">
        <ele>642.4000244140625</ele>
        <time>2026-09-15T08:10:16.000Z</time>
      </trkpt>
      <trkpt lat="40.27557925321161746978759765625" lon="9.49175206013023853302001953125">
        <ele>642.4000244140625</ele>
        <time>2026-09-15T08:10:23.000Z</time>
      </trkpt>
      <trkpt lat="40.27557757683098316192626953125" lon="9.49175256304442882537841796875">
        <ele>642.4000244140625</ele>
        <time>2026-09-15T08:10:48.000Z</time>
      </trkpt>
      <trkpt lat="40.27557648718357086181640625" lon="9.4917531497776508331298828125">
        <ele>642.5999755859375</ele>
        <time>2026-09-15T08:10:59.000Z</time>
      </trkpt>
      <trkpt lat="40.27556600980460643768310546875" lon="9.49171610176563262939453125">
        <ele>643.5999755859375</ele>
        <time>2026-09-15T08:11:18.000Z</time>
      </trkpt>
      <trkpt lat="40.27556433342397212982177734375" lon="9.49170445092022418975830078125">
        <ele>644</ele>
        <time>2026-09-15T08:11:26.000Z</time>
      </trkpt>
      <trkpt lat="40.2755313925445079803466796875" lon="9.49167578481137752532958984375">
        <ele>646</ele>
        <time>2026-09-15T08:11:38.000Z</time>
      </trkpt>
      <trkpt lat="40.27546978555619716644287109375" lon="9.4916958175599575042724609375">
        <ele>648.79998779296875</ele>
        <time>2026-09-15T08:11:54.000Z</time>
      </trkpt>
      <trkpt lat="40.27542360126972198486328125" lon="9.4917145930230617523193359375">
        <ele>651.4000244140625</ele>
        <time>2026-09-15T08:12:05.000Z</time>
      </trkpt>
      <trkpt lat="40.2753915823996067047119140625" lon="9.491739235818386077880859375">
        <ele>652.79998779296875</ele>
        <time>2026-09-15T08:12:20.000Z</time>
      </trkpt>
      <trkpt lat="40.27538093738257884979248046875" lon="9.4917420856654644012451171875">
        <ele>653.4000244140625</ele>
        <time>2026-09-15T08:12:28.000Z</time>
      </trkpt>
      <trkpt lat="40.275345146656036376953125" lon="9.49174602515995502471923828125">
        <ele>655.5999755859375</ele>
        <time>2026-09-15T08:12:43.000Z</time>
      </trkpt>
      <trkpt lat="40.27532100677490234375" lon="9.49166648089885711669921875">
        <ele>658.4000244140625</ele>
        <time>2026-09-15T08:13:11.000Z</time>
      </trkpt>
      <trkpt lat="40.27532025240361690521240234375" lon="9.49166539125144481658935546875">
        <ele>658.5999755859375</ele>
        <time>2026-09-15T08:13:13.000Z</time>
      </trkpt>
      <trkpt lat="40.27531488798558712005615234375" lon="9.49165047146379947662353515625">
        <ele>659.20001220703125</ele>
        <time>2026-09-15T08:13:26.000Z</time>
      </trkpt>
      <trkpt lat="40.275265015661716461181640625" lon="9.4916814006865024566650390625">
        <ele>661.5999755859375</ele>
        <time>2026-09-15T08:13:48.000Z</time>
      </trkpt>
      <trkpt lat="40.27525537647306919097900390625" lon="9.49168835766613483428955078125">
        <ele>662.20001220703125</ele>
        <time>2026-09-15T08:13:54.000Z</time>
      </trkpt>
      <trkpt lat="40.275253616273403167724609375" lon="9.491686932742595672607421875">
        <ele>662.20001220703125</ele>
        <time>2026-09-15T08:14:04.000Z</time>
      </trkpt>
      <trkpt lat="40.275253616273403167724609375" lon="9.49168668128550052642822265625">
        <ele>662.20001220703125</ele>
        <time>2026-09-15T08:14:12.000Z</time>
      </trkpt>
      <trkpt lat="40.275253616273403167724609375" lon="9.49168433435261249542236328125">
        <ele>662.20001220703125</ele>
        <time>2026-09-15T08:14:14.000Z</time>
      </trkpt>
      <trkpt lat="40.27526132762432098388671875" lon="9.49167176149785518646240234375">
        <ele>662</ele>
        <time>2026-09-15T08:14:29.000Z</time>
      </trkpt>
      <trkpt lat="40.27526409365236759185791015625" lon="9.49167092330753803253173828125">
        <ele>661.79998779296875</ele>
        <time>2026-09-15T08:14:46.000Z</time>
      </trkpt>
      <trkpt lat="40.2752641774713993072509765625" lon="9.49167226441204547882080078125">
        <ele>661.79998779296875</ele>
        <time>2026-09-15T08:14:50.000Z</time>
      </trkpt>
      <trkpt lat="40.27526509948074817657470703125" lon="9.49167880229651927947998046875">
        <ele>661.5999755859375</ele>
        <time>2026-09-15T08:15:01.000Z</time>
      </trkpt>
      <trkpt lat="40.275265015661716461181640625" lon="9.491678886115550994873046875">
        <ele>661.79998779296875</ele>
        <time>2026-09-15T08:15:03.000Z</time>
      </trkpt>
      <trkpt lat="40.27525923214852809906005859375" lon="9.49168123304843902587890625">
        <ele>662</ele>
        <time>2026-09-15T08:15:14.000Z</time>
      </trkpt>
      <trkpt lat="40.27525889687240123748779296875" lon="9.49168123304843902587890625">
        <ele>662</ele>
        <time>2026-09-15T08:15:15.000Z</time>
      </trkpt>
      <trkpt lat="40.275237523019313812255859375" lon="9.4916854240000247955322265625">
        <ele>663.20001220703125</ele>
        <time>2026-09-15T08:15:22.000Z</time>
      </trkpt>
      <trkpt lat="40.27523324824869632720947265625" lon="9.4916871003806591033935546875">
        <ele>663.5999755859375</ele>
        <time>2026-09-15T08:15:25.000Z</time>
      </trkpt>
      <trkpt lat="40.2752262912690639495849609375" lon="9.4916907884180545806884765625">
        <ele>664</ele>
        <time>2026-09-15T08:15:35.000Z</time>
      </trkpt>
      <trkpt lat="40.27522117830812931060791015625" lon="9.491700343787670135498046875">
        <ele>664.20001220703125</ele>
        <time>2026-09-15T08:15:41.000Z</time>
      </trkpt>
      <trkpt lat="40.27518345974385738372802734375" lon="9.49165751226246356964111328125">
        <ele>666.79998779296875</ele>
        <time>2026-09-15T08:15:56.000Z</time>
      </trkpt>
      <trkpt lat="40.27514724992215633392333984375" lon="9.491625241935253143310546875">
        <ele>669</ele>
        <time>2026-09-15T08:16:02.000Z</time>
      </trkpt>
      <trkpt lat="40.27511422522366046905517578125" lon="9.49158492498099803924560546875">
        <ele>671</ele>
        <time>2026-09-15T08:16:09.000Z</time>
      </trkpt>
      <trkpt lat="40.27510450221598148345947265625" lon="9.49156246148049831390380859375">
        <ele>671.79998779296875</ele>
        <time>2026-09-15T08:16:17.000Z</time>
      </trkpt>
      <trkpt lat="40.27510299347341060638427734375" lon="9.4915586896240711212158203125">
        <ele>671.79998779296875</ele>
        <time>2026-09-15T08:16:28.000Z</time>
      </trkpt>
      <trkpt lat="40.2750713936984539031982421875" lon="9.4915147684514522552490234375">
        <ele>674</ele>
        <time>2026-09-15T08:16:45.000Z</time>
      </trkpt>
      <trkpt lat="40.2750271372497081756591796875" lon="9.49148501269519329071044921875">
        <ele>676.4000244140625</ele>
        <time>2026-09-15T08:16:51.000Z</time>
      </trkpt>
      <trkpt lat="40.27499838732182979583740234375" lon="9.49147193692624568939208984375">
        <ele>678</ele>
        <time>2026-09-15T08:16:58.000Z</time>
      </trkpt>
      <trkpt lat="40.27497424744069576263427734375" lon="9.491460286080837249755859375">
        <ele>679.4000244140625</ele>
        <time>2026-09-15T08:17:05.000Z</time>
      </trkpt>
      <trkpt lat="40.2749282307922840118408203125" lon="9.49143254198133945465087890625">
        <ele>681.79998779296875</ele>
        <time>2026-09-15T08:17:11.000Z</time>
      </trkpt>
      <trkpt lat="40.274904258549213409423828125" lon="9.4914111681282520294189453125">
        <ele>682.5999755859375</ele>
        <time>2026-09-15T08:17:18.000Z</time>
      </trkpt>
      <trkpt lat="40.27490233071148395538330078125" lon="9.491407983005046844482421875">
        <ele>682.5999755859375</ele>
        <time>2026-09-15T08:17:25.000Z</time>
      </trkpt>
      <trkpt lat="40.27488355524837970733642578125" lon="9.49139960110187530517578125">
        <ele>683</ele>
        <time>2026-09-15T08:17:34.000Z</time>
      </trkpt>
      <trkpt lat="40.27483485639095306396484375" lon="9.4913524948060512542724609375">
        <ele>684.5999755859375</ele>
        <time>2026-09-15T08:17:40.000Z</time>
      </trkpt>
      <trkpt lat="40.2748132310807704925537109375" lon="9.49133665300905704498291015625">
        <ele>685.20001220703125</ele>
        <time>2026-09-15T08:17:47.000Z</time>
      </trkpt>
      <trkpt lat="40.27480275370180606842041015625" lon="9.49130916036665439605712890625">
        <ele>685.79998779296875</ele>
        <time>2026-09-15T08:17:54.000Z</time>
      </trkpt>
      <trkpt lat="40.274802334606647491455078125" lon="9.49131184257566928863525390625">
        <ele>685.79998779296875</ele>
        <time>2026-09-15T08:17:59.000Z</time>
      </trkpt>
      <trkpt lat="40.2748014964163303375244140625" lon="9.49131201021373271942138671875">
        <ele>685.79998779296875</ele>
        <time>2026-09-15T08:18:06.000Z</time>
      </trkpt>
      <trkpt lat="40.27480132877826690673828125" lon="9.49128703214228153228759765625">
        <ele>686</ele>
        <time>2026-09-15T08:18:16.000Z</time>
      </trkpt>
      <trkpt lat="40.27476134710013866424560546875" lon="9.49129994027316570281982421875">
        <ele>686.79998779296875</ele>
        <time>2026-09-15T08:18:25.000Z</time>
      </trkpt>
      <trkpt lat="40.274716503918170928955078125" lon="9.49129122309386730194091796875">
        <ele>687.79998779296875</ele>
        <time>2026-09-15T08:18:32.000Z</time>
      </trkpt>
      <trkpt lat="40.27470837347209453582763671875" lon="9.491279236972332000732421875">
        <ele>688.20001220703125</ele>
        <time>2026-09-15T08:18:35.000Z</time>
      </trkpt>
      <trkpt lat="40.27470552362501621246337890625" lon="9.49128837324678897857666015625">
        <ele>688</ele>
        <time>2026-09-15T08:18:40.000Z</time>
      </trkpt>
      <trkpt lat="40.2747042663395404815673828125" lon="9.49124537408351898193359375">
        <ele>688.5999755859375</ele>
        <time>2026-09-15T08:18:45.000Z</time>
      </trkpt>
      <trkpt lat="40.2747062779963016510009765625" lon="9.4912286102771759033203125">
        <ele>688.5999755859375</ele>
        <time>2026-09-15T08:18:46.000Z</time>
      </trkpt>
      <trkpt lat="40.27469529770314693450927734375" lon="9.49119131080806255340576171875">
        <ele>689.4000244140625</ele>
        <time>2026-09-15T08:18:52.000Z</time>
      </trkpt>
      <trkpt lat="40.274686999619007110595703125" lon="9.49116490781307220458984375">
        <ele>689.79998779296875</ele>
        <time>2026-09-15T08:18:57.000Z</time>
      </trkpt>
      <trkpt lat="40.2746871672570705413818359375" lon="9.49116029776632785797119140625">
        <ele>689.79998779296875</ele>
        <time>2026-09-15T08:18:58.000Z</time>
      </trkpt>
      <trkpt lat="40.2746596746146678924560546875" lon="9.49112123809754848480224609375">
        <ele>690.79998779296875</ele>
        <time>2026-09-15T08:19:04.000Z</time>
      </trkpt>
      <trkpt lat="40.2746415697038173675537109375" lon="9.49109441600739955902099609375">
        <ele>691.20001220703125</ele>
        <time>2026-09-15T08:19:09.000Z</time>
      </trkpt>
      <trkpt lat="40.27462924830615520477294921875" lon="9.491060636937618255615234375">
        <ele>691.5999755859375</ele>
        <time>2026-09-15T08:19:17.000Z</time>
      </trkpt>
      <trkpt lat="40.27461969293653964996337890625" lon="9.49106373824179172515869140625">
        <ele>691.5999755859375</ele>
        <time>2026-09-15T08:19:18.000Z</time>
      </trkpt>
      <trkpt lat="40.274601839482784271240234375" lon="9.4910557754337787628173828125">
        <ele>691.79998779296875</ele>
        <time>2026-09-15T08:19:24.000Z</time>
      </trkpt>
      <trkpt lat="40.27457275427877902984619140625" lon="9.49104798026382923126220703125">
        <ele>691.79998779296875</ele>
        <time>2026-09-15T08:19:31.000Z</time>
      </trkpt>
      <trkpt lat="40.274565629661083221435546875" lon="9.4910440407693386077880859375">
        <ele>691.79998779296875</ele>
        <time>2026-09-15T08:19:33.000Z</time>
      </trkpt>
      <trkpt lat="40.274565629661083221435546875" lon="9.4910440407693386077880859375">
        <ele>691.79998779296875</ele>
        <time>2026-09-15T08:19:41.000Z</time>
      </trkpt>
      <trkpt lat="40.274565629661083221435546875" lon="9.4910440407693386077880859375">
        <ele>691.79998779296875</ele>
        <time>2026-09-15T08:19:44.000Z</time>
      </trkpt>
      <trkpt lat="40.27448809705674648284912109375" lon="9.4910182245075702667236328125">
        <ele>692</ele>
        <time>2026-09-15T08:20:15.000Z</time>
      </trkpt>
      <trkpt lat="40.2744772844016551971435546875" lon="9.4910235889256000518798828125">
        <ele>691.79998779296875</ele>
        <time>2026-09-15T08:20:16.000Z</time>
      </trkpt>
      <trkpt lat="40.27441970072686672210693359375" lon="9.49106591753661632537841796875">
        <ele>691</ele>
        <time>2026-09-15T08:20:23.000Z</time>
      </trkpt>
      <trkpt lat="40.27438717894256114959716796875" lon="9.4910805858671665191650390625">
        <ele>690.5999755859375</ele>
        <time>2026-09-15T08:20:30.000Z</time>
      </trkpt>
      <trkpt lat="40.2743820659816265106201171875" lon="9.491080082952976226806640625">
        <ele>690.5999755859375</ele>
        <time>2026-09-15T08:20:32.000Z</time>
      </trkpt>
      <trkpt lat="40.2743743546307086944580078125" lon="9.49109843932092189788818359375">
        <ele>689.79998779296875</ele>
        <time>2026-09-15T08:20:39.000Z</time>
      </trkpt>
      <trkpt lat="40.274336636066436767578125" lon="9.4910882972180843353271484375">
        <ele>687.79998779296875</ele>
        <time>2026-09-15T08:20:47.000Z</time>
      </trkpt>
      <trkpt lat="40.27428760193288326263427734375" lon="9.49109651148319244384765625">
        <ele>684.5999755859375</ele>
        <time>2026-09-15T08:20:55.000Z</time>
      </trkpt>
      <trkpt lat="40.27424208819866180419921875" lon="9.49109248816967010498046875">
        <ele>682</ele>
        <time>2026-09-15T08:21:01.000Z</time>
      </trkpt>
      <trkpt lat="40.27423228137195110321044921875" lon="9.4910889677703380584716796875">
        <ele>681.4000244140625</ele>
        <time>2026-09-15T08:21:02.000Z</time>
      </trkpt>
      <trkpt lat="40.27421216480433940887451171875" lon="9.49108402244746685028076171875">
        <ele>680.4000244140625</ele>
        <time>2026-09-15T08:21:06.000Z</time>
      </trkpt>
      <trkpt lat="40.2742114104330539703369140625" lon="9.49108435772359371185302734375">
        <ele>680.4000244140625</ele>
        <time>2026-09-15T08:21:10.000Z</time>
      </trkpt>
      <trkpt lat="40.2741996757686138153076171875" lon="9.4911174662411212921142578125">
        <ele>678.5999755859375</ele>
        <time>2026-09-15T08:21:18.000Z</time>
      </trkpt>
      <trkpt lat="40.274200849235057830810546875" lon="9.4911161251366138458251953125">
        <ele>678.5999755859375</ele>
        <time>2026-09-15T08:21:32.000Z</time>
      </trkpt>
      <trkpt lat="40.27420260943472385406494140625" lon="9.49111520312726497650146484375">
        <ele>678.79998779296875</ele>
        <time>2026-09-15T08:21:44.000Z</time>
      </trkpt>
      <trkpt lat="40.27420998550951480865478515625" lon="9.49108670465648174285888671875">
        <ele>680.20001220703125</ele>
        <time>2026-09-15T08:21:57.000Z</time>
      </trkpt>
      <trkpt lat="40.27420998550951480865478515625" lon="9.4910866208374500274658203125">
        <ele>680.20001220703125</ele>
        <time>2026-09-15T08:21:58.000Z</time>
      </trkpt>
      <trkpt lat="40.2742104046046733856201171875" lon="9.4910866208374500274658203125">
        <ele>680.20001220703125</ele>
        <time>2026-09-15T08:22:00.000Z</time>
      </trkpt>
      <trkpt lat="40.27421048842370510101318359375" lon="9.4910866208374500274658203125">
        <ele>680.20001220703125</ele>
        <time>2026-09-15T08:22:01.000Z</time>
      </trkpt>
      <trkpt lat="40.27421057224273681640625" lon="9.4910866208374500274658203125">
        <ele>680.20001220703125</ele>
        <time>2026-09-15T08:22:02.000Z</time>
      </trkpt>
      <trkpt lat="40.274210907518863677978515625" lon="9.49108586646616458892822265625">
        <ele>680.20001220703125</ele>
        <time>2026-09-15T08:22:09.000Z</time>
      </trkpt>
      <trkpt lat="40.27421518228948116302490234375" lon="9.4910856150090694427490234375">
        <ele>680.5999755859375</ele>
        <time>2026-09-15T08:22:20.000Z</time>
      </trkpt>
      <trkpt lat="40.27421685867011547088623046875" lon="9.4910859502851963043212890625">
        <ele>680.5999755859375</ele>
        <time>2026-09-15T08:22:32.000Z</time>
      </trkpt>
      <trkpt lat="40.2742161042988300323486328125" lon="9.491105563938617706298828125">
        <ele>680</ele>
        <time>2026-09-15T08:22:52.000Z</time>
      </trkpt>
      <trkpt lat="40.27422121725976467132568359375" lon="9.49111101217567920684814453125">
        <ele>680</ele>
        <time>2026-09-15T08:23:12.000Z</time>
      </trkpt>
      <trkpt lat="40.2742207981646060943603515625" lon="9.4911094196140766143798828125">
        <ele>680.20001220703125</ele>
        <time>2026-09-15T08:23:26.000Z</time>
      </trkpt>
      <trkpt lat="40.2742207981646060943603515625" lon="9.4911094196140766143798828125">
        <ele>680.20001220703125</ele>
        <time>2026-09-15T08:23:27.000Z</time>
      </trkpt>
      <trkpt lat="40.27422138489782810211181640625" lon="9.4911080785095691680908203125">
        <ele>680.20001220703125</ele>
        <time>2026-09-15T08:23:37.000Z</time>
      </trkpt>
      <trkpt lat="40.2742251567542552947998046875" lon="9.49110581539571285247802734375">
        <ele>680.5999755859375</ele>
        <time>2026-09-15T08:23:56.000Z</time>
      </trkpt>
      <trkpt lat="40.2742280066013336181640625" lon="9.4911020435392856597900390625">
        <ele>680.79998779296875</ele>
        <time>2026-09-15T08:24:14.000Z</time>
      </trkpt>
      <trkpt lat="40.27422867715358734130859375" lon="9.4911013729870319366455078125">
        <ele>680.79998779296875</ele>
        <time>2026-09-15T08:24:18.000Z</time>
      </trkpt>
      <trkpt lat="40.27423261664807796478271484375" lon="9.4910966791212558746337890625">
        <ele>681.20001220703125</ele>
        <time>2026-09-15T08:24:33.000Z</time>
      </trkpt>
      <trkpt lat="40.274232365190982818603515625" lon="9.4910973496735095977783203125">
        <ele>681.20001220703125</ele>
        <time>2026-09-15T08:25:25.000Z</time>
      </trkpt>
      <trkpt lat="40.27423177845776081085205078125" lon="9.49109785258769989013671875">
        <ele>681.20001220703125</ele>
        <time>2026-09-15T08:25:41.000Z</time>
      </trkpt>
      <trkpt lat="40.27423177845776081085205078125" lon="9.49109785258769989013671875">
        <ele>681.20001220703125</ele>
        <time>2026-09-15T08:25:46.000Z</time>
      </trkpt>
      <trkpt lat="40.2742315270006656646728515625" lon="9.49109810404479503631591796875">
        <ele>681.20001220703125</ele>
        <time>2026-09-15T08:26:03.000Z</time>
      </trkpt>
      <trkpt lat="40.27423110790550708770751953125" lon="9.49109852313995361328125">
        <ele>681.20001220703125</ele>
        <time>2026-09-15T08:26:22.000Z</time>
      </trkpt>
      <trkpt lat="40.27423110790550708770751953125" lon="9.49109852313995361328125">
        <ele>681.20001220703125</ele>
        <time>2026-09-15T08:26:23.000Z</time>
      </trkpt>
      <trkpt lat="40.27423077262938022613525390625" lon="9.4910983555018901824951171875">
        <ele>681</ele>
        <time>2026-09-15T08:26:30.000Z</time>
      </trkpt>
      <trkpt lat="40.27423026971518993377685546875" lon="9.49109827168285846710205078125">
        <ele>681</ele>
        <time>2026-09-15T08:26:50.000Z</time>
      </trkpt>
      <trkpt lat="40.2742301858961582183837890625" lon="9.49109827168285846710205078125">
        <ele>681</ele>
        <time>2026-09-15T08:26:54.000Z</time>
      </trkpt>
      <trkpt lat="40.27423010207712650299072265625" lon="9.49109827168285846710205078125">
        <ele>681</ele>
        <time>2026-09-15T08:26:57.000Z</time>
      </trkpt>
      <trkpt lat="40.27423001825809478759765625" lon="9.491098187863826751708984375">
        <ele>681</ele>
        <time>2026-09-15T08:26:59.000Z</time>
      </trkpt>
      <trkpt lat="40.27423001825809478759765625" lon="9.49109810404479503631591796875">
        <ele>681</ele>
        <time>2026-09-15T08:27:01.000Z</time>
      </trkpt>
      <trkpt lat="40.27422926388680934906005859375" lon="9.49109793640673160552978515625">
        <ele>681</ele>
        <time>2026-09-15T08:27:15.000Z</time>
      </trkpt>
      <trkpt lat="40.27421258389949798583984375" lon="9.49104764498770236968994140625">
        <ele>681.5999755859375</ele>
        <time>2026-09-15T08:27:35.000Z</time>
      </trkpt>
      <trkpt lat="40.2741969935595989227294921875" lon="9.4909907318651676177978515625">
        <ele>682.5999755859375</ele>
        <time>2026-09-15T08:27:43.000Z</time>
      </trkpt>
      <trkpt lat="40.27419204823672771453857421875" lon="9.4909602217376232147216796875">
        <ele>683.20001220703125</ele>
        <time>2026-09-15T08:27:50.000Z</time>
      </trkpt>
      <trkpt lat="40.2741996757686138153076171875" lon="9.49091001413762569427490234375">
        <ele>685</ele>
        <time>2026-09-15T08:27:56.000Z</time>
      </trkpt>
      <trkpt lat="40.2742301858961582183837890625" lon="9.4908314757049083709716796875">
        <ele>687.79998779296875</ele>
        <time>2026-09-15T08:28:03.000Z</time>
      </trkpt>
      <trkpt lat="40.27423881925642490386962890625" lon="9.4907432980835437774658203125">
        <ele>688</ele>
        <time>2026-09-15T08:28:10.000Z</time>
      </trkpt>
      <trkpt lat="40.27424636296927928924560546875" lon="9.4907302223145961761474609375">
        <ele>688.4000244140625</ele>
        <time>2026-09-15T08:28:11.000Z</time>
      </trkpt>
      <trkpt lat="40.274253152310848236083984375" lon="9.49072259478271007537841796875">
        <ele>688.5999755859375</ele>
        <time>2026-09-15T08:28:12.000Z</time>
      </trkpt>
      <trkpt lat="40.2742647193372249603271484375" lon="9.49069694615900516510009765625">
        <ele>689.20001220703125</ele>
        <time>2026-09-15T08:28:16.000Z</time>
      </trkpt>
      <trkpt lat="40.2742663957178592681884765625" lon="9.490688480436801910400390625">
        <ele>689.4000244140625</ele>
        <time>2026-09-15T08:28:18.000Z</time>
      </trkpt>
      <trkpt lat="40.2742657251656055450439453125" lon="9.49068009853363037109375">
        <ele>689.5999755859375</ele>
        <time>2026-09-15T08:28:21.000Z</time>
      </trkpt>
      <trkpt lat="40.27426564134657382965087890625" lon="9.490672051906585693359375">
        <ele>689.5999755859375</ele>
        <time>2026-09-15T08:28:22.000Z</time>
      </trkpt>
      <trkpt lat="40.27426421642303466796875" lon="9.4906497560441493988037109375">
        <ele>689.79998779296875</ele>
        <time>2026-09-15T08:28:25.000Z</time>
      </trkpt>
      <trkpt lat="40.27425256557762622833251953125" lon="9.49057222343981266021728515625">
        <ele>689.79998779296875</ele>
        <time>2026-09-15T08:28:35.000Z</time>
      </trkpt>
      <trkpt lat="40.27423026971518993377685546875" lon="9.49049661867320537567138671875">
        <ele>690.4000244140625</ele>
        <time>2026-09-15T08:28:44.000Z</time>
      </trkpt>
      <trkpt lat="40.2741641364991664886474609375" lon="9.49043534696102142333984375">
        <ele>688</ele>
        <time>2026-09-15T08:28:55.000Z</time>
      </trkpt>
      <trkpt lat="40.27414728887379169464111328125" lon="9.49038865976035594940185546875">
        <ele>688.4000244140625</ele>
        <time>2026-09-15T08:29:00.000Z</time>
      </trkpt>
      <trkpt lat="40.27414619922637939453125" lon="9.49037457816302776336669921875">
        <ele>688.79998779296875</ele>
        <time>2026-09-15T08:29:01.000Z</time>
      </trkpt>
      <trkpt lat="40.27414896525442600250244140625" lon="9.4903573952615261077880859375">
        <ele>689.4000244140625</ele>
        <time>2026-09-15T08:29:02.000Z</time>
      </trkpt>
      <trkpt lat="40.27414896525442600250244140625" lon="9.4903449900448322296142578125">
        <ele>689.79998779296875</ele>
        <time>2026-09-15T08:29:03.000Z</time>
      </trkpt>
      <trkpt lat="40.27414016425609588623046875" lon="9.49030718766152858734130859375">
        <ele>690.4000244140625</ele>
        <time>2026-09-15T08:29:07.000Z</time>
      </trkpt>
      <trkpt lat="40.27414259500801563262939453125" lon="9.49024348519742488861083984375">
        <ele>693.20001220703125</ele>
        <time>2026-09-15T08:29:11.000Z</time>
      </trkpt>
      <trkpt lat="40.27414494194090366363525390625" lon="9.49019134975969791412353515625">
        <ele>695.20001220703125</ele>
        <time>2026-09-15T08:29:14.000Z</time>
      </trkpt>
      <trkpt lat="40.27415491640567779541015625" lon="9.4901324249804019927978515625">
        <ele>698.20001220703125</ele>
        <time>2026-09-15T08:29:19.000Z</time>
      </trkpt>
      <trkpt lat="40.2741597779095172882080078125" lon="9.49011616408824920654296875">
        <ele>699.20001220703125</ele>
        <time>2026-09-15T08:29:21.000Z</time>
      </trkpt>
      <trkpt lat="40.27415231801569461822509765625" lon="9.490064196288585662841796875">
        <ele>700.4000244140625</ele>
        <time>2026-09-15T08:29:28.000Z</time>
      </trkpt>
      <trkpt lat="40.27411962859332561492919921875" lon="9.49004936031997203826904296875">
        <ele>698.4000244140625</ele>
        <time>2026-09-15T08:29:35.000Z</time>
      </trkpt>
      <trkpt lat="40.27410018257796764373779296875" lon="9.49002052657306194305419921875">
        <ele>697.79998779296875</ele>
        <time>2026-09-15T08:29:43.000Z</time>
      </trkpt>
      <trkpt lat="40.2740779705345630645751953125" lon="9.48996805585920810699462890625">
        <ele>697.5999755859375</ele>
        <time>2026-09-15T08:29:52.000Z</time>
      </trkpt>
      <trkpt lat="40.27409599162638187408447265625" lon="9.48993234895169734954833984375">
        <ele>700.20001220703125</ele>
        <time>2026-09-15T08:29:58.000Z</time>
      </trkpt>
      <trkpt lat="40.27410236187279224395751953125" lon="9.48992212302982807159423828125">
        <ele>701</ele>
        <time>2026-09-15T08:30:02.000Z</time>
      </trkpt>
      <trkpt lat="40.27410940267145633697509765625" lon="9.48991726152598857879638671875">
        <ele>701.5999755859375</ele>
        <time>2026-09-15T08:30:05.000Z</time>
      </trkpt>
      <trkpt lat="40.27412180788815021514892578125" lon="9.4899091310799121856689453125">
        <ele>702.5999755859375</ele>
        <time>2026-09-15T08:30:10.000Z</time>
      </trkpt>
      <trkpt lat="40.274122059345245361328125" lon="9.48990854434669017791748046875">
        <ele>702.5999755859375</ele>
        <time>2026-09-15T08:30:13.000Z</time>
      </trkpt>
      <trkpt lat="40.274122059345245361328125" lon="9.48990854434669017791748046875">
        <ele>702.5999755859375</ele>
        <time>2026-09-15T08:30:16.000Z</time>
      </trkpt>
      <trkpt lat="40.274122059345245361328125" lon="9.48990854434669017791748046875">
        <ele>702.5999755859375</ele>
        <time>2026-09-15T08:30:17.000Z</time>
      </trkpt>
      <trkpt lat="40.27414846234023571014404296875" lon="9.4899299181997776031494140625">
        <ele>703.4000244140625</ele>
        <time>2026-09-15T08:31:04.000Z</time>
      </trkpt>
      <trkpt lat="40.27413547039031982421875" lon="9.48986831121146678924560546875">
        <ele>704.4000244140625</ele>
        <time>2026-09-15T08:31:10.000Z</time>
      </trkpt>
      <trkpt lat="40.27409314177930355072021484375" lon="9.48979086242616176605224609375">
        <ele>704</ele>
        <time>2026-09-15T08:31:15.000Z</time>
      </trkpt>
      <trkpt lat="40.27408249676227569580078125" lon="9.48976521380245685577392578125">
        <ele>703.79998779296875</ele>
        <time>2026-09-15T08:31:17.000Z</time>
      </trkpt>
      <trkpt lat="40.27407604269683361053466796875" lon="9.48968340642750263214111328125">
        <ele>707.20001220703125</ele>
        <time>2026-09-15T08:31:24.000Z</time>
      </trkpt>
      <trkpt lat="40.274030528962612152099609375" lon="9.4896603561937808990478515625">
        <ele>704.5999755859375</ele>
        <time>2026-09-15T08:31:31.000Z</time>
      </trkpt>
      <trkpt lat="40.27402508072555065155029296875" lon="9.4896365515887737274169921875">
        <ele>705.79998779296875</ele>
        <time>2026-09-15T08:31:37.000Z</time>
      </trkpt>
      <trkpt lat="40.2740454487502574920654296875" lon="9.489631019532680511474609375">
        <ele>708.4000244140625</ele>
        <time>2026-09-15T08:31:44.000Z</time>
      </trkpt>
      <trkpt lat="40.27401753701269626617431640625" lon="9.4895870983600616455078125">
        <ele>709</ele>
        <time>2026-09-15T08:31:59.000Z</time>
      </trkpt>
      <trkpt lat="40.27397680096328258514404296875" lon="9.48948928155004978179931640625">
        <ele>712.79998779296875</ele>
        <time>2026-09-15T08:32:08.000Z</time>
      </trkpt>
      <trkpt lat="40.2739690057933330535888671875" lon="9.4894551672041416168212890625">
        <ele>714.79998779296875</ele>
        <time>2026-09-15T08:32:14.000Z</time>
      </trkpt>
      <trkpt lat="40.27395316399633884429931640625" lon="9.48941518552601337432861328125">
        <ele>717.4000244140625</ele>
        <time>2026-09-15T08:32:20.000Z</time>
      </trkpt>
      <trkpt lat="40.27396171353757381439208984375" lon="9.489374868571758270263671875">
        <ele>722.79998779296875</ele>
        <time>2026-09-15T08:32:26.000Z</time>
      </trkpt>
      <trkpt lat="40.273950397968292236328125" lon="9.48928912170231342315673828125">
        <ele>731.5999755859375</ele>
        <time>2026-09-15T08:32:37.000Z</time>
      </trkpt>
      <trkpt lat="40.27395836077630519866943359375" lon="9.48923530988395214080810546875">
        <ele>731.79998779296875</ele>
        <time>2026-09-15T08:32:44.000Z</time>
      </trkpt>
      <trkpt lat="40.2739678323268890380859375" lon="9.4892295263707637786865234375">
        <ele>731.79998779296875</ele>
        <time>2026-09-15T08:32:49.000Z</time>
      </trkpt>
      <trkpt lat="40.27396992780268192291259765625" lon="9.48922709561884403228759765625">
        <ele>731.79998779296875</ele>
        <time>2026-09-15T08:32:50.000Z</time>
      </trkpt>
      <trkpt lat="40.27396716177463531494140625" lon="9.48921619914472103118896484375">
        <ele>731.79998779296875</ele>
        <time>2026-09-15T08:32:53.000Z</time>
      </trkpt>
      <trkpt lat="40.27395433746278285980224609375" lon="9.48918141424655914306640625">
        <ele>732</ele>
        <time>2026-09-15T08:32:57.000Z</time>
      </trkpt>
      <trkpt lat="40.27391946874558925628662109375" lon="9.4891410134732723236083984375">
        <ele>733.79998779296875</ele>
        <time>2026-09-15T08:33:06.000Z</time>
      </trkpt>
      <trkpt lat="40.27390136383473873138427734375" lon="9.48912500403821468353271484375">
        <ele>735</ele>
        <time>2026-09-15T08:33:09.000Z</time>
      </trkpt>
      <trkpt lat="40.27388493530452251434326171875" lon="9.48909248225390911102294921875">
        <ele>737</ele>
        <time>2026-09-15T08:33:13.000Z</time>
      </trkpt>
      <trkpt lat="40.273850820958614349365234375" lon="9.48899609036743640899658203125">
        <ele>742.5999755859375</ele>
        <time>2026-09-15T08:33:21.000Z</time>
      </trkpt>
      <trkpt lat="40.27384067885577678680419921875" lon="9.48897999711334705352783203125">
        <ele>743.79998779296875</ele>
        <time>2026-09-15T08:33:26.000Z</time>
      </trkpt>
      <trkpt lat="40.27382156811654567718505859375" lon="9.48888762854039669036865234375">
        <ele>748.79998779296875</ele>
        <time>2026-09-15T08:33:33.000Z</time>
      </trkpt>
      <trkpt lat="40.2738097496330738067626953125" lon="9.488827027380466461181640625">
        <ele>751.79998779296875</ele>
        <time>2026-09-15T08:33:39.000Z</time>
      </trkpt>
      <trkpt lat="40.2737866155803203582763671875" lon="9.488773047924041748046875">
        <ele>754.5999755859375</ele>
        <time>2026-09-15T08:33:45.000Z</time>
      </trkpt>
      <trkpt lat="40.27376876212656497955322265625" lon="9.488743208348751068115234375">
        <ele>756.20001220703125</ele>
        <time>2026-09-15T08:33:49.000Z</time>
      </trkpt>
      <trkpt lat="40.27375568635761737823486328125" lon="9.48872703127562999725341796875">
        <ele>757.20001220703125</ele>
        <time>2026-09-15T08:33:53.000Z</time>
      </trkpt>
      <trkpt lat="40.27371947653591632843017578125" lon="9.4887380115687847137451171875">
        <ele>757.4000244140625</ele>
        <time>2026-09-15T08:33:59.000Z</time>
      </trkpt>
      <trkpt lat="40.273705311119556427001953125" lon="9.4887383468449115753173828125">
        <ele>757.5999755859375</ele>
        <time>2026-09-15T08:34:01.000Z</time>
      </trkpt>
      <trkpt lat="40.2736937440931797027587890625" lon="9.4887339882552623748779296875">
        <ele>758</ele>
        <time>2026-09-15T08:34:03.000Z</time>
      </trkpt>
      <trkpt lat="40.27367806993424892425537109375" lon="9.488717727363109588623046875">
        <ele>759</ele>
        <time>2026-09-15T08:34:05.000Z</time>
      </trkpt>
      <trkpt lat="40.27364663779735565185546875" lon="9.4886786676943302154541015625">
        <ele>761.20001220703125</ele>
        <time>2026-09-15T08:34:14.000Z</time>
      </trkpt>
      <trkpt lat="40.27364571578800678253173828125" lon="9.48868009261786937713623046875">
        <ele>761.20001220703125</ele>
        <time>2026-09-15T08:34:17.000Z</time>
      </trkpt>
      <trkpt lat="40.27361847460269927978515625" lon="9.488670788705348968505859375">
        <ele>762</ele>
        <time>2026-09-15T08:34:21.000Z</time>
      </trkpt>
      <trkpt lat="40.27361051179468631744384765625" lon="9.48866064660251140594482421875">
        <ele>762.5999755859375</ele>
        <time>2026-09-15T08:34:23.000Z</time>
      </trkpt>
      <trkpt lat="40.27361403219401836395263671875" lon="9.48862846009433269500732421875">
        <ele>764</ele>
        <time>2026-09-15T08:34:26.000Z</time>
      </trkpt>
      <trkpt lat="40.27361235581338405609130859375" lon="9.4885811023414134979248046875">
        <ele>765.20001220703125</ele>
        <time>2026-09-15T08:34:31.000Z</time>
      </trkpt>
      <trkpt lat="40.2736018784344196319580078125" lon="9.4885676912963390350341796875">
        <ele>765.5999755859375</ele>
        <time>2026-09-15T08:34:37.000Z</time>
      </trkpt>
      <trkpt lat="40.27359995059669017791748046875" lon="9.48856308124959468841552734375">
        <ele>765.79998779296875</ele>
        <time>2026-09-15T08:34:43.000Z</time>
      </trkpt>
      <trkpt lat="40.27359969913959503173828125" lon="9.4885624945163726806640625">
        <ele>765.79998779296875</ele>
        <time>2026-09-15T08:34:44.000Z</time>
      </trkpt>
      <trkpt lat="40.273600034415721893310546875" lon="9.48856391943991184234619140625">
        <ele>765.79998779296875</ele>
        <time>2026-09-15T08:34:45.000Z</time>
      </trkpt>
      <trkpt lat="40.27360112406313419342041015625" lon="9.48856391943991184234619140625">
        <ele>765.5999755859375</ele>
        <time>2026-09-15T08:34:55.000Z</time>
      </trkpt>
      <trkpt lat="40.2736012078821659088134765625" lon="9.48856274597346782684326171875">
        <ele>765.5999755859375</ele>
        <time>2026-09-15T08:35:05.000Z</time>
      </trkpt>
      <trkpt lat="40.2736012078821659088134765625" lon="9.48856257833540439605712890625">
        <ele>765.5999755859375</ele>
        <time>2026-09-15T08:35:06.000Z</time>
      </trkpt>
      <trkpt lat="40.27359860949218273162841796875" lon="9.4885571300983428955078125">
        <ele>765.79998779296875</ele>
        <time>2026-09-15T08:35:07.000Z</time>
      </trkpt>
      <trkpt lat="40.2735861204564571380615234375" lon="9.4885026477277278900146484375">
        <ele>766.79998779296875</ele>
        <time>2026-09-15T08:35:09.000Z</time>
      </trkpt>
      <trkpt lat="40.27358737774193286895751953125" lon="9.4884526915848255157470703125">
        <ele>767.5999755859375</ele>
        <time>2026-09-15T08:35:11.000Z</time>
      </trkpt>
      <trkpt lat="40.27358368970453739166259765625" lon="9.48841438628733158111572265625">
        <ele>768.20001220703125</ele>
        <time>2026-09-15T08:35:13.000Z</time>
      </trkpt>
      <trkpt lat="40.27358117513358592987060546875" lon="9.48840080760419368743896484375">
        <ele>768.4000244140625</ele>
        <time>2026-09-15T08:35:14.000Z</time>
      </trkpt>
      <trkpt lat="40.273580588400363922119140625" lon="9.48838085867464542388916015625">
        <ele>768.5999755859375</ele>
        <time>2026-09-15T08:35:19.000Z</time>
      </trkpt>
      <trkpt lat="40.2735820971429347991943359375" lon="9.48838035576045513153076171875">
        <ele>768.5999755859375</ele>
        <time>2026-09-15T08:35:23.000Z</time>
      </trkpt>
      <trkpt lat="40.2735737152397632598876953125" lon="9.4883745722472667694091796875">
        <ele>769</ele>
        <time>2026-09-15T08:35:26.000Z</time>
      </trkpt>
      <trkpt lat="40.27356876991689205169677734375" lon="9.48835319839417934417724609375">
        <ele>769.20001220703125</ele>
        <time>2026-09-15T08:35:32.000Z</time>
      </trkpt>
      <trkpt lat="40.273565836250782012939453125" lon="9.48834414593875408172607421875">
        <ele>769.4000244140625</ele>
        <time>2026-09-15T08:35:33.000Z</time>
      </trkpt>
      <trkpt lat="40.27355133555829524993896484375" lon="9.4883222691714763641357421875">
        <ele>770</ele>
        <time>2026-09-15T08:35:37.000Z</time>
      </trkpt>
      <trkpt lat="40.2735214121639728546142578125" lon="9.48828446678817272186279296875">
        <ele>771</ele>
        <time>2026-09-15T08:35:42.000Z</time>
      </trkpt>
      <trkpt lat="40.27350054122507572174072265625" lon="9.4882696308195590972900390625">
        <ele>771.5999755859375</ele>
        <time>2026-09-15T08:35:45.000Z</time>
      </trkpt>
      <trkpt lat="40.273463912308216094970703125" lon="9.48823987506330013275146484375">
        <ele>772.4000244140625</ele>
        <time>2026-09-15T08:35:51.000Z</time>
      </trkpt>
      <trkpt lat="40.2734339050948619842529296875" lon="9.488247670233249664306640625">
        <ele>772.20001220703125</ele>
        <time>2026-09-15T08:35:56.000Z</time>
      </trkpt>
      <trkpt lat="40.27339710853993892669677734375" lon="9.4882310740649700164794921875">
        <ele>772.5999755859375</ele>
        <time>2026-09-15T08:36:03.000Z</time>
      </trkpt>
      <trkpt lat="40.27339325286448001861572265625" lon="9.48822646401822566986083984375">
        <ele>772.79998779296875</ele>
        <time>2026-09-15T08:36:04.000Z</time>
      </trkpt>
      <trkpt lat="40.27339057065546512603759765625" lon="9.48821506462991237640380859375">
        <ele>773.20001220703125</ele>
        <time>2026-09-15T08:36:06.000Z</time>
      </trkpt>
      <trkpt lat="40.27337305247783660888671875" lon="9.48818623088300228118896484375">
        <ele>774</ele>
        <time>2026-09-15T08:36:10.000Z</time>
      </trkpt>
      <trkpt lat="40.27337112464010715484619140625" lon="9.488181956112384796142578125">
        <ele>774.20001220703125</ele>
        <time>2026-09-15T08:36:11.000Z</time>
      </trkpt>
      <trkpt lat="40.2733510918915271759033203125" lon="9.48816728778183460235595703125">
        <ele>774.5999755859375</ele>
        <time>2026-09-15T08:36:17.000Z</time>
      </trkpt>
      <trkpt lat="40.2733209170401096343994140625" lon="9.488177262246608734130859375">
        <ele>774.20001220703125</ele>
        <time>2026-09-15T08:36:22.000Z</time>
      </trkpt>
      <trkpt lat="40.27330842800438404083251953125" lon="9.48817198164761066436767578125">
        <ele>774.20001220703125</ele>
        <time>2026-09-15T08:36:24.000Z</time>
      </trkpt>
      <trkpt lat="40.2733034826815128326416015625" lon="9.48816494084894657135009765625">
        <ele>774.4000244140625</ele>
        <time>2026-09-15T08:36:25.000Z</time>
      </trkpt>
      <trkpt lat="40.27329929172992706298828125" lon="9.4881566427648067474365234375">
        <ele>774.79998779296875</ele>
        <time>2026-09-15T08:36:26.000Z</time>
      </trkpt>
      <trkpt lat="40.27329350821673870086669921875" lon="9.488137029111385345458984375">
        <ele>775.4000244140625</ele>
        <time>2026-09-15T08:36:28.000Z</time>
      </trkpt>
      <trkpt lat="40.2732605673372745513916015625" lon="9.48806134052574634552001953125">
        <ele>777.20001220703125</ele>
        <time>2026-09-15T08:36:35.000Z</time>
      </trkpt>
      <trkpt lat="40.2732471562922000885009765625" lon="9.4880278967320919036865234375">
        <ele>778.5999755859375</ele>
        <time>2026-09-15T08:36:38.000Z</time>
      </trkpt>
      <trkpt lat="40.273227877914905548095703125" lon="9.487996883690357208251953125">
        <ele>779</ele>
        <time>2026-09-15T08:36:42.000Z</time>
      </trkpt>
      <trkpt lat="40.273213125765323638916015625" lon="9.4879755936563014984130859375">
        <ele>779.4000244140625</ele>
        <time>2026-09-15T08:36:49.000Z</time>
      </trkpt>
      <trkpt lat="40.27317599393427371978759765625" lon="9.4879564829170703887939453125">
        <ele>780</ele>
        <time>2026-09-15T08:36:57.000Z</time>
      </trkpt>
      <trkpt lat="40.27316610328853130340576171875" lon="9.48792153038084506988525390625">
        <ele>780.4000244140625</ele>
        <time>2026-09-15T08:37:02.000Z</time>
      </trkpt>
      <trkpt lat="40.273162834346294403076171875" lon="9.48790644295513629913330078125">
        <ele>780.5999755859375</ele>
        <time>2026-09-15T08:37:04.000Z</time>
      </trkpt>
      <trkpt lat="40.2731412090361118316650390625" lon="9.48788984678685665130615234375">
        <ele>781</ele>
        <time>2026-09-15T08:37:09.000Z</time>
      </trkpt>
      <trkpt lat="40.27313970029354095458984375" lon="9.487882219254970550537109375">
        <ele>781.20001220703125</ele>
        <time>2026-09-15T08:37:11.000Z</time>
      </trkpt>
      <trkpt lat="40.27313844300806522369384765625" lon="9.4878709875047206878662109375">
        <ele>781.20001220703125</ele>
        <time>2026-09-15T08:37:18.000Z</time>
      </trkpt>
      <trkpt lat="40.27311363257467746734619140625" lon="9.48785346932709217071533203125">
        <ele>781.5999755859375</ele>
        <time>2026-09-15T08:37:23.000Z</time>
      </trkpt>
      <trkpt lat="40.27310558594763278961181640625" lon="9.48784542270004749298095703125">
        <ele>781.79998779296875</ele>
        <time>2026-09-15T08:37:24.000Z</time>
      </trkpt>
      <trkpt lat="40.27310055680572986602783203125" lon="9.487818181514739990234375">
        <ele>782.20001220703125</ele>
        <time>2026-09-15T08:37:26.000Z</time>
      </trkpt>
      <trkpt lat="40.27309904806315898895263671875" lon="9.48779026977717876434326171875">
        <ele>782.4000244140625</ele>
        <time>2026-09-15T08:37:28.000Z</time>
      </trkpt>
      <trkpt lat="40.27309552766382694244384765625" lon="9.48776428587734699249267578125">
        <ele>782.5999755859375</ele>
        <time>2026-09-15T08:37:30.000Z</time>
      </trkpt>
      <trkpt lat="40.27307264506816864013671875" lon="9.48773193173110485076904296875">
        <ele>783</ele>
        <time>2026-09-15T08:37:34.000Z</time>
      </trkpt>
      <trkpt lat="40.2730661071836948394775390625" lon="9.48772505857050418853759765625">
        <ele>783.20001220703125</ele>
        <time>2026-09-15T08:37:35.000Z</time>
      </trkpt>
      <trkpt lat="40.27305881492793560028076171875" lon="9.48771717958152294158935546875">
        <ele>783.20001220703125</ele>
        <time>2026-09-15T08:37:36.000Z</time>
      </trkpt>
      <trkpt lat="40.273050181567668914794921875" lon="9.48769337497651576995849609375">
        <ele>783.4000244140625</ele>
        <time>2026-09-15T08:37:38.000Z</time>
      </trkpt>
      <trkpt lat="40.273046158254146575927734375" lon="9.48764945380389690399169921875">
        <ele>783.5999755859375</ele>
        <time>2026-09-15T08:37:45.000Z</time>
      </trkpt>
      <trkpt lat="40.2730298973619937896728515625" lon="9.48763134889304637908935546875">
        <ele>784</ele>
        <time>2026-09-15T08:37:48.000Z</time>
      </trkpt>
      <trkpt lat="40.2730355970561504364013671875" lon="9.48762011714279651641845703125">
        <ele>784</ele>
        <time>2026-09-15T08:37:52.000Z</time>
      </trkpt>
      <trkpt lat="40.273005925118923187255859375" lon="9.4875990785658359527587890625">
        <ele>784.4000244140625</ele>
        <time>2026-09-15T08:38:02.000Z</time>
      </trkpt>
      <trkpt lat="40.2729611657559871673583984375" lon="9.48754920624196529388427734375">
        <ele>784.20001220703125</ele>
        <time>2026-09-15T08:38:10.000Z</time>
      </trkpt>
      <trkpt lat="40.27292386628687381744384765625" lon="9.48751433752477169036865234375">
        <ele>783.79998779296875</ele>
        <time>2026-09-15T08:38:16.000Z</time>
      </trkpt>
      <trkpt lat="40.27291397564113140106201171875" lon="9.4874884374439716339111328125">
        <ele>783.79998779296875</ele>
        <time>2026-09-15T08:38:24.000Z</time>
      </trkpt>
      <trkpt lat="40.27291414327919483184814453125" lon="9.48748357594013214111328125">
        <ele>784</ele>
        <time>2026-09-15T08:38:28.000Z</time>
      </trkpt>
      <trkpt lat="40.2729313261806964874267578125" lon="9.48744962923228740692138671875">
        <ele>785.5999755859375</ele>
        <time>2026-09-15T08:38:36.000Z</time>
      </trkpt>
      <trkpt lat="40.272938869893550872802734375" lon="9.48741241358220577239990234375">
        <ele>786.79998779296875</ele>
        <time>2026-09-15T08:38:43.000Z</time>
      </trkpt>
      <trkpt lat="40.2729256264865398406982421875" lon="9.4873774610459804534912109375">
        <ele>787.79998779296875</ele>
        <time>2026-09-15T08:38:48.000Z</time>
      </trkpt>
      <trkpt lat="40.27292353101074695587158203125" lon="9.48737184517085552215576171875">
        <ele>787.79998779296875</ele>
        <time>2026-09-15T08:38:49.000Z</time>
      </trkpt>
      <trkpt lat="40.27290006168186664581298828125" lon="9.48737251572310924530029296875">
        <ele>787.5999755859375</ele>
        <time>2026-09-15T08:38:54.000Z</time>
      </trkpt>
      <trkpt lat="40.272889249026775360107421875" lon="9.48736664839088916778564453125">
        <ele>787.5999755859375</ele>
        <time>2026-09-15T08:38:56.000Z</time>
      </trkpt>
      <trkpt lat="40.27285664342343807220458984375" lon="9.4873342104256153106689453125">
        <ele>788.20001220703125</ele>
        <time>2026-09-15T08:39:03.000Z</time>
      </trkpt>
      <trkpt lat="40.27285798452794551849365234375" lon="9.487335048615932464599609375">
        <ele>788.20001220703125</ele>
        <time>2026-09-15T08:39:07.000Z</time>
      </trkpt>
      <trkpt lat="40.27285647578537464141845703125" lon="9.48733412660658359527587890625">
        <ele>788.20001220703125</ele>
        <time>2026-09-15T08:39:10.000Z</time>
      </trkpt>
      <trkpt lat="40.272842310369014739990234375" lon="9.4873144291341304779052734375">
        <ele>788.5999755859375</ele>
        <time>2026-09-15T08:39:20.000Z</time>
      </trkpt>
      <trkpt lat="40.27280651964247226715087890625" lon="9.48728433810174465179443359375">
        <ele>789.20001220703125</ele>
        <time>2026-09-15T08:39:27.000Z</time>
      </trkpt>
      <trkpt lat="40.272802412509918212890625" lon="9.48727612383663654327392578125">
        <ele>789.20001220703125</ele>
        <time>2026-09-15T08:39:31.000Z</time>
      </trkpt>
      <trkpt lat="40.27280308306217193603515625" lon="9.48726757429540157318115234375">
        <ele>789.5999755859375</ele>
        <time>2026-09-15T08:39:35.000Z</time>
      </trkpt>
      <trkpt lat="40.27278958819806575775146484375" lon="9.48720596730709075927734375">
        <ele>791.20001220703125</ele>
        <time>2026-09-15T08:39:44.000Z</time>
      </trkpt>
      <trkpt lat="40.27278858236968517303466796875" lon="9.4871457852423191070556640625">
        <ele>792.5999755859375</ele>
        <time>2026-09-15T08:39:53.000Z</time>
      </trkpt>
      <trkpt lat="40.2727797813713550567626953125" lon="9.48712374083697795867919921875">
        <ele>793</ele>
        <time>2026-09-15T08:39:55.000Z</time>
      </trkpt>
      <trkpt lat="40.2727720700204372406005859375" lon="9.4871082343161106109619140625">
        <ele>793.4000244140625</ele>
        <time>2026-09-15T08:39:57.000Z</time>
      </trkpt>
      <trkpt lat="40.27276075445115566253662109375" lon="9.48707814328372478485107421875">
        <ele>794</ele>
        <time>2026-09-15T08:40:00.000Z</time>
      </trkpt>
      <trkpt lat="40.27274533174932003021240234375" lon="9.4870566017925739288330078125">
        <ele>794.4000244140625</ele>
        <time>2026-09-15T08:40:06.000Z</time>
      </trkpt>
      <trkpt lat="40.2727251313626766204833984375" lon="9.4870269298553466796875">
        <ele>795</ele>
        <time>2026-09-15T08:40:11.000Z</time>
      </trkpt>
      <trkpt lat="40.27272253297269344329833984375" lon="9.48700320906937122344970703125">
        <ele>795.5999755859375</ele>
        <time>2026-09-15T08:40:14.000Z</time>
      </trkpt>
      <trkpt lat="40.2727291546761989593505859375" lon="9.48697353713214397430419921875">
        <ele>796.4000244140625</ele>
        <time>2026-09-15T08:40:17.000Z</time>
      </trkpt>
      <trkpt lat="40.27271532453596591949462890625" lon="9.48694713413715362548828125">
        <ele>796.79998779296875</ele>
        <time>2026-09-15T08:40:20.000Z</time>
      </trkpt>
      <trkpt lat="40.27271113358438014984130859375" lon="9.48692391626536846160888671875">
        <ele>797.4000244140625</ele>
        <time>2026-09-15T08:40:22.000Z</time>
      </trkpt>
      <trkpt lat="40.2726776897907257080078125" lon="9.48687530122697353363037109375">
        <ele>799</ele>
        <time>2026-09-15T08:40:28.000Z</time>
      </trkpt>
      <trkpt lat="40.272677354514598846435546875" lon="9.48687396012246608734130859375">
        <ele>799</ele>
        <time>2026-09-15T08:40:29.000Z</time>
      </trkpt>
      <trkpt lat="40.27266872115433216094970703125" lon="9.486878402531147003173828125">
        <ele>799.20001220703125</ele>
        <time>2026-09-15T08:40:38.000Z</time>
      </trkpt>
      <trkpt lat="40.272643826901912689208984375" lon="9.48687379248440265655517578125">
        <ele>799.5999755859375</ele>
        <time>2026-09-15T08:40:40.000Z</time>
      </trkpt>
      <trkpt lat="40.272593535482883453369140625" lon="9.48682886548340320587158203125">
        <ele>801.4000244140625</ele>
        <time>2026-09-15T08:40:46.000Z</time>
      </trkpt>
      <trkpt lat="40.27259378693997859954833984375" lon="9.4867759756743907928466796875">
        <ele>802.5999755859375</ele>
        <time>2026-09-15T08:40:53.000Z</time>
      </trkpt>
      <trkpt lat="40.27259496040642261505126953125" lon="9.48677756823599338531494140625">
        <ele>802.5999755859375</ele>
        <time>2026-09-15T08:40:59.000Z</time>
      </trkpt>
      <trkpt lat="40.2725851535797119140625" lon="9.4867511652410030364990234375">
        <ele>803.20001220703125</ele>
        <time>2026-09-15T08:41:06.000Z</time>
      </trkpt>
      <trkpt lat="40.27257333509624004364013671875" lon="9.4867119379341602325439453125">
        <ele>804.20001220703125</ele>
        <time>2026-09-15T08:41:12.000Z</time>
      </trkpt>
      <trkpt lat="40.272555649280548095703125" lon="9.4866401888430118560791015625">
        <ele>806</ele>
        <time>2026-09-15T08:41:20.000Z</time>
      </trkpt>
      <trkpt lat="40.27256076224148273468017578125" lon="9.48658637702465057373046875">
        <ele>807.20001220703125</ele>
        <time>2026-09-15T08:41:27.000Z</time>
      </trkpt>
      <trkpt lat="40.27255556546151638031005859375" lon="9.4865727983415126800537109375">
        <ele>807.79998779296875</ele>
        <time>2026-09-15T08:41:33.000Z</time>
      </trkpt>
      <trkpt lat="40.27256998233497142791748046875" lon="9.48655192740261554718017578125">
        <ele>808</ele>
        <time>2026-09-15T08:41:37.000Z</time>
      </trkpt>
      <trkpt lat="40.2725685574114322662353515625" lon="9.48653943836688995361328125">
        <ele>808.20001220703125</ele>
        <time>2026-09-15T08:41:40.000Z</time>
      </trkpt>
      <trkpt lat="40.27255657128989696502685546875" lon="9.4865000434219837188720703125">
        <ele>809.4000244140625</ele>
        <time>2026-09-15T08:41:44.000Z</time>
      </trkpt>
      <trkpt lat="40.2725462615489959716796875" lon="9.48646961711347103118896484375">
        <ele>809.5999755859375</ele>
        <time>2026-09-15T08:41:47.000Z</time>
      </trkpt>
      <trkpt lat="40.27252723462879657745361328125" lon="9.48642946779727935791015625">
        <ele>810.4000244140625</ele>
        <time>2026-09-15T08:41:52.000Z</time>
      </trkpt>
      <trkpt lat="40.272525139153003692626953125" lon="9.4864059984683990478515625">
        <ele>810.4000244140625</ele>
        <time>2026-09-15T08:41:55.000Z</time>
      </trkpt>
      <trkpt lat="40.272500999271869659423828125" lon="9.48632393963634967803955078125">
        <ele>811.79998779296875</ele>
        <time>2026-09-15T08:42:04.000Z</time>
      </trkpt>
      <trkpt lat="40.27247526682913303375244140625" lon="9.48630549944937229156494140625">
        <ele>813.20001220703125</ele>
        <time>2026-09-15T08:42:08.000Z</time>
      </trkpt>
      <trkpt lat="40.27247426100075244903564453125" lon="9.48630734346807003021240234375">
        <ele>813.20001220703125</ele>
        <time>2026-09-15T08:42:10.000Z</time>
      </trkpt>
      <trkpt lat="40.2724733389914035797119140625" lon="9.4863159768283367156982421875">
        <ele>813.20001220703125</ele>
        <time>2026-09-15T08:42:13.000Z</time>
      </trkpt>
      <trkpt lat="40.272470153868198394775390625" lon="9.48630617000162601470947265625">
        <ele>813.4000244140625</ele>
        <time>2026-09-15T08:42:17.000Z</time>
      </trkpt>
      <trkpt lat="40.2724468521773815155029296875" lon="9.4862589798867702484130859375">
        <ele>815</ele>
        <time>2026-09-15T08:42:23.000Z</time>
      </trkpt>
      <trkpt lat="40.2724062837660312652587890625" lon="9.48624146170914173126220703125">
        <ele>816.5999755859375</ele>
        <time>2026-09-15T08:42:32.000Z</time>
      </trkpt>
      <trkpt lat="40.2723704092204570770263671875" lon="9.48619603179395198822021484375">
        <ele>818</ele>
        <time>2026-09-15T08:42:38.000Z</time>
      </trkpt>
      <trkpt lat="40.272331349551677703857421875" lon="9.48614305816590785980224609375">
        <ele>819.5999755859375</ele>
        <time>2026-09-15T08:42:45.000Z</time>
      </trkpt>
      <trkpt lat="40.2722825668752193450927734375" lon="9.4861055910587310791015625">
        <ele>821.5999755859375</ele>
        <time>2026-09-15T08:42:53.000Z</time>
      </trkpt>
      <trkpt lat="40.272245518863201141357421875" lon="9.48607516475021839141845703125">
        <ele>823.20001220703125</ele>
        <time>2026-09-15T08:42:58.000Z</time>
      </trkpt>
      <trkpt lat="40.27223252691328525543212890625" lon="9.48605420999228954315185546875">
        <ele>823.79998779296875</ele>
        <time>2026-09-15T08:43:04.000Z</time>
      </trkpt>
      <trkpt lat="40.27221073396503925323486328125" lon="9.485999308526515960693359375">
        <ele>825</ele>
        <time>2026-09-15T08:43:10.000Z</time>
      </trkpt>
      <trkpt lat="40.27217268012464046478271484375" lon="9.48597424663603305816650390625">
        <ele>826.4000244140625</ele>
        <time>2026-09-15T08:43:17.000Z</time>
      </trkpt>
      <trkpt lat="40.2721653878688812255859375" lon="9.4859679602086544036865234375">
        <ele>826.79998779296875</ele>
        <time>2026-09-15T08:43:18.000Z</time>
      </trkpt>
      <trkpt lat="40.272161029279232025146484375" lon="9.48596117086708545684814453125">
        <ele>827</ele>
        <time>2026-09-15T08:43:19.000Z</time>
      </trkpt>
      <trkpt lat="40.27214032597839832305908203125" lon="9.485936276614665985107421875">
        <ele>827.5999755859375</ele>
        <time>2026-09-15T08:43:22.000Z</time>
      </trkpt>
      <trkpt lat="40.272120125591754913330078125" lon="9.48591523803770542144775390625">
        <ele>828.4000244140625</ele>
        <time>2026-09-15T08:43:25.000Z</time>
      </trkpt>
      <trkpt lat="40.2721011824905872344970703125" lon="9.4859002344310283660888671875">
        <ele>829</ele>
        <time>2026-09-15T08:43:27.000Z</time>
      </trkpt>
      <trkpt lat="40.272046029567718505859375" lon="9.4858828000724315643310546875">
        <ele>830.4000244140625</ele>
        <time>2026-09-15T08:43:34.000Z</time>
      </trkpt>
      <trkpt lat="40.272021554410457611083984375" lon="9.4858670420944690704345703125">
        <ele>831.20001220703125</ele>
        <time>2026-09-15T08:43:42.000Z</time>
      </trkpt>
      <trkpt lat="40.27201409451663494110107421875" lon="9.48586796410381793975830078125">
        <ele>831.4000244140625</ele>
        <time>2026-09-15T08:43:43.000Z</time>
      </trkpt>
      <trkpt lat="40.27197520248591899871826171875" lon="9.4858355261385440826416015625">
        <ele>832.5999755859375</ele>
        <time>2026-09-15T08:43:50.000Z</time>
      </trkpt>
      <trkpt lat="40.27192859910428524017333984375" lon="9.48584348894655704498291015625">
        <ele>833.79998779296875</ele>
        <time>2026-09-15T08:43:56.000Z</time>
      </trkpt>
      <trkpt lat="40.27189943008124828338623046875" lon="9.4858507812023162841796875">
        <ele>834.4000244140625</ele>
        <time>2026-09-15T08:44:00.000Z</time>
      </trkpt>
      <trkpt lat="40.2718845941126346588134765625" lon="9.4858439080417156219482421875">
        <ele>834.5999755859375</ele>
        <time>2026-09-15T08:44:02.000Z</time>
      </trkpt>
      <trkpt lat="40.27187562547624111175537109375" lon="9.48584608733654022216796875">
        <ele>834.5999755859375</ele>
        <time>2026-09-15T08:44:03.000Z</time>
      </trkpt>
      <trkpt lat="40.27186707593500614166259765625" lon="9.48584608733654022216796875">
        <ele>834.5999755859375</ele>
        <time>2026-09-15T08:44:04.000Z</time>
      </trkpt>
      <trkpt lat="40.2718487195670604705810546875" lon="9.48583460412919521331787109375">
        <ele>834.79998779296875</ele>
        <time>2026-09-15T08:44:06.000Z</time>
      </trkpt>
      <trkpt lat="40.27184410952031612396240234375" lon="9.48582957498729228973388671875">
        <ele>835</ele>
        <time>2026-09-15T08:44:07.000Z</time>
      </trkpt>
      <trkpt lat="40.27182633988559246063232421875" lon="9.48582437820732593536376953125">
        <ele>835.20001220703125</ele>
        <time>2026-09-15T08:44:10.000Z</time>
      </trkpt>
      <trkpt lat="40.27178811840713024139404296875" lon="9.48578280396759510040283203125">
        <ele>836.5999755859375</ele>
        <time>2026-09-15T08:44:16.000Z</time>
      </trkpt>
      <trkpt lat="40.27178409509360790252685546875" lon="9.485771320760250091552734375">
        <ele>837</ele>
        <time>2026-09-15T08:44:17.000Z</time>
      </trkpt>
      <trkpt lat="40.2717871963977813720703125" lon="9.485729075968265533447265625">
        <ele>838.4000244140625</ele>
        <time>2026-09-15T08:44:24.000Z</time>
      </trkpt>
      <trkpt lat="40.2717766351997852325439453125" lon="9.48571055196225643157958984375">
        <ele>839</ele>
        <time>2026-09-15T08:44:31.000Z</time>
      </trkpt>
      <trkpt lat="40.27176506817340850830078125" lon="9.48570585809648036956787109375">
        <ele>839.4000244140625</ele>
        <time>2026-09-15T08:44:33.000Z</time>
      </trkpt>
      <trkpt lat="40.271759368479251861572265625" lon="9.4857034273445606231689453125">
        <ele>839.4000244140625</ele>
        <time>2026-09-15T08:44:36.000Z</time>
      </trkpt>
      <trkpt lat="40.271759368479251861572265625" lon="9.4857034273445606231689453125">
        <ele>839.4000244140625</ele>
        <time>2026-09-15T08:44:42.000Z</time>
      </trkpt>
      <trkpt lat="40.27175995521247386932373046875" lon="9.4857034273445606231689453125">
        <ele>839.4000244140625</ele>
        <time>2026-09-15T08:44:51.000Z</time>
      </trkpt>
      <trkpt lat="40.27175995521247386932373046875" lon="9.4857034273445606231689453125">
        <ele>839.4000244140625</ele>
        <time>2026-09-15T08:44:55.000Z</time>
      </trkpt>
      <trkpt lat="40.2717535011470317840576171875" lon="9.4857020862400531768798828125">
        <ele>839.5999755859375</ele>
        <time>2026-09-15T08:45:00.000Z</time>
      </trkpt>
      <trkpt lat="40.271768756210803985595703125" lon="9.4857084564864635467529296875">
        <ele>839.20001220703125</ele>
        <time>2026-09-15T08:45:15.000Z</time>
      </trkpt>
      <trkpt lat="40.27179482392966747283935546875" lon="9.48573033325374126434326171875">
        <ele>838.4000244140625</ele>
        <time>2026-09-15T08:45:20.000Z</time>
      </trkpt>
      <trkpt lat="40.27179214172065258026123046875" lon="9.485729746520519256591796875">
        <ele>838.4000244140625</ele>
        <time>2026-09-15T08:45:25.000Z</time>
      </trkpt>
      <trkpt lat="40.27178627438843250274658203125" lon="9.48571826331317424774169921875">
        <ele>838.79998779296875</ele>
        <time>2026-09-15T08:45:28.000Z</time>
      </trkpt>
      <trkpt lat="40.27177101932466030120849609375" lon="9.4856943748891353607177734375">
        <ele>839.4000244140625</ele>
        <time>2026-09-15T08:45:31.000Z</time>
      </trkpt>
      <trkpt lat="40.271767415106296539306640625" lon="9.485681466758251190185546875">
        <ele>839.79998779296875</ele>
        <time>2026-09-15T08:45:34.000Z</time>
      </trkpt>
      <trkpt lat="40.271768756210803985595703125" lon="9.4856722466647624969482421875">
        <ele>839.79998779296875</ele>
        <time>2026-09-15T08:45:36.000Z</time>
      </trkpt>
      <trkpt lat="40.2717830054461956024169921875" lon="9.4856415688991546630859375">
        <ele>840.20001220703125</ele>
        <time>2026-09-15T08:45:43.000Z</time>
      </trkpt>
      <trkpt lat="40.27176112867891788482666015625" lon="9.48560644872486591339111328125">
        <ele>841.20001220703125</ele>
        <time>2026-09-15T08:45:52.000Z</time>
      </trkpt>
      <trkpt lat="40.2717308700084686279296875" lon="9.48557711206376552581787109375">
        <ele>842.20001220703125</ele>
        <time>2026-09-15T08:45:58.000Z</time>
      </trkpt>
      <trkpt lat="40.27170614339411258697509765625" lon="9.48557627387344837188720703125">
        <ele>842.79998779296875</ele>
        <time>2026-09-15T08:46:04.000Z</time>
      </trkpt>
      <trkpt lat="40.2716552652418613433837890625" lon="9.4855414889752864837646484375">
        <ele>844.20001220703125</ele>
        <time>2026-09-15T08:46:12.000Z</time>
      </trkpt>
      <trkpt lat="40.271616540849208831787109375" lon="9.48550838045775890350341796875">
        <ele>845.4000244140625</ele>
        <time>2026-09-15T08:46:18.000Z</time>
      </trkpt>
      <trkpt lat="40.271613858640193939208984375" lon="9.48550553061068058013916015625">
        <ele>845.4000244140625</ele>
        <time>2026-09-15T08:46:30.000Z</time>
      </trkpt>
      <trkpt lat="40.271614529192447662353515625" lon="9.4855056144297122955322265625">
        <ele>845.4000244140625</ele>
        <time>2026-09-15T08:46:39.000Z</time>
      </trkpt>
      <trkpt lat="40.27156817726790904998779296875" lon="9.4854932092130184173583984375">
        <ele>846.20001220703125</ele>
        <time>2026-09-15T08:46:56.000Z</time>
      </trkpt>
      <trkpt lat="40.27150078676640987396240234375" lon="9.4854404032230377197265625">
        <ele>847.79998779296875</ele>
        <time>2026-09-15T08:47:02.000Z</time>
      </trkpt>
      <trkpt lat="40.27146457694470882415771484375" lon="9.485431015491485595703125">
        <ele>847.79998779296875</ele>
        <time>2026-09-15T08:47:07.000Z</time>
      </trkpt>
      <trkpt lat="40.27140875346958637237548828125" lon="9.485408551990985870361328125">
        <ele>848</ele>
        <time>2026-09-15T08:47:14.000Z</time>
      </trkpt>
      <trkpt lat="40.271386206150054931640625" lon="9.48537711985409259796142578125">
        <ele>849</ele>
        <time>2026-09-15T08:47:18.000Z</time>
      </trkpt>
      <trkpt lat="40.271354354918003082275390625" lon="9.4853641279041767120361328125">
        <ele>849</ele>
        <time>2026-09-15T08:47:22.000Z</time>
      </trkpt>
      <trkpt lat="40.2713300473988056182861328125" lon="9.48534141294658184051513671875">
        <ele>849.5999755859375</ele>
        <time>2026-09-15T08:47:30.000Z</time>
      </trkpt>
      <trkpt lat="40.27133063413202762603759765625" lon="9.4853426702320575714111328125">
        <ele>849.5999755859375</ele>
        <time>2026-09-15T08:47:31.000Z</time>
      </trkpt>
      <trkpt lat="40.27132786810398101806640625" lon="9.48534107767045497894287109375">
        <ele>849.5999755859375</ele>
        <time>2026-09-15T08:47:32.000Z</time>
      </trkpt>
      <trkpt lat="40.27133130468428134918212890625" lon="9.485303945839405059814453125">
        <ele>851</ele>
        <time>2026-09-15T08:47:35.000Z</time>
      </trkpt>
      <trkpt lat="40.27133650146424770355224609375" lon="9.485287852585315704345703125">
        <ele>851.5999755859375</ele>
        <time>2026-09-15T08:47:37.000Z</time>
      </trkpt>
      <trkpt lat="40.27133499272167682647705078125" lon="9.485248290002346038818359375">
        <ele>852</ele>
        <time>2026-09-15T08:47:41.000Z</time>
      </trkpt>
      <trkpt lat="40.271311439573764801025390625" lon="9.485212080180644989013671875">
        <ele>852.4000244140625</ele>
        <time>2026-09-15T08:47:46.000Z</time>
      </trkpt>
      <trkpt lat="40.271306745707988739013671875" lon="9.4852045364677906036376953125">
        <ele>852.5999755859375</ele>
        <time>2026-09-15T08:47:47.000Z</time>
      </trkpt>
      <trkpt lat="40.271311439573764801025390625" lon="9.48518366552889347076416015625">
        <ele>852.5999755859375</ele>
        <time>2026-09-15T08:47:53.000Z</time>
      </trkpt>
      <trkpt lat="40.27127380482852458953857421875" lon="9.485210068523883819580078125">
        <ele>853</ele>
        <time>2026-09-15T08:48:00.000Z</time>
      </trkpt>
      <trkpt lat="40.27124731801450252532958984375" lon="9.485165141522884368896484375">
        <ele>853.5999755859375</ele>
        <time>2026-09-15T08:48:06.000Z</time>
      </trkpt>
      <trkpt lat="40.2711748145520687103271484375" lon="9.4851103238761425018310546875">
        <ele>854.79998779296875</ele>
        <time>2026-09-15T08:48:16.000Z</time>
      </trkpt>
      <trkpt lat="40.27111974544823169708251953125" lon="9.48508643545210361480712890625">
        <ele>855.20001220703125</ele>
        <time>2026-09-15T08:48:23.000Z</time>
      </trkpt>
      <trkpt lat="40.271088145673274993896484375" lon="9.48506983928382396697998046875">
        <ele>855.4000244140625</ele>
        <time>2026-09-15T08:48:27.000Z</time>
      </trkpt>
      <trkpt lat="40.27106593362987041473388671875" lon="9.485014267265796661376953125">
        <ele>856.5999755859375</ele>
        <time>2026-09-15T08:48:32.000Z</time>
      </trkpt>
      <trkpt lat="40.2709825336933135986328125" lon="9.48496070690453052520751953125">
        <ele>857.79998779296875</ele>
        <time>2026-09-15T08:48:41.000Z</time>
      </trkpt>
      <trkpt lat="40.270946659147739410400390625" lon="9.48490999639034271240234375">
        <ele>858.5999755859375</ele>
        <time>2026-09-15T08:48:47.000Z</time>
      </trkpt>
      <trkpt lat="40.270931906998157501220703125" lon="9.4849012792110443115234375">
        <ele>858.79998779296875</ele>
        <time>2026-09-15T08:48:49.000Z</time>
      </trkpt>
      <trkpt lat="40.2708891592919826507568359375" lon="9.4848813302814960479736328125">
        <ele>859.20001220703125</ele>
        <time>2026-09-15T08:48:54.000Z</time>
      </trkpt>
      <trkpt lat="40.270862840116024017333984375" lon="9.4848719425499439239501953125">
        <ele>859.4000244140625</ele>
        <time>2026-09-15T08:48:58.000Z</time>
      </trkpt>
      <trkpt lat="40.270840041339397430419921875" lon="9.48485140688717365264892578125">
        <ele>859.79998779296875</ele>
        <time>2026-09-15T08:49:04.000Z</time>
      </trkpt>
      <trkpt lat="40.27081933803856372833251953125" lon="9.48480044491589069366455078125">
        <ele>860.5999755859375</ele>
        <time>2026-09-15T08:49:12.000Z</time>
      </trkpt>
      <trkpt lat="40.27079653926193714141845703125" lon="9.48478150181472301483154296875">
        <ele>861</ele>
        <time>2026-09-15T08:49:18.000Z</time>
      </trkpt>
      <trkpt lat="40.27079704217612743377685546875" lon="9.484731964766979217529296875">
        <ele>861.5999755859375</ele>
        <time>2026-09-15T08:49:23.000Z</time>
      </trkpt>
      <trkpt lat="40.27080374769866466522216796875" lon="9.4847214035689830780029296875">
        <ele>861.5999755859375</ele>
        <time>2026-09-15T08:49:24.000Z</time>
      </trkpt>
      <trkpt lat="40.27080391533672809600830078125" lon="9.48468728922307491302490234375">
        <ele>862.20001220703125</ele>
        <time>2026-09-15T08:49:29.000Z</time>
      </trkpt>
      <trkpt lat="40.2707788534462451934814453125" lon="9.4845970161259174346923828125">
        <ele>864.5999755859375</ele>
        <time>2026-09-15T08:49:38.000Z</time>
      </trkpt>
      <trkpt lat="40.27077407576143741607666015625" lon="9.4845235906541347503662109375">
        <ele>866.20001220703125</ele>
        <time>2026-09-15T08:49:45.000Z</time>
      </trkpt>
      <trkpt lat="40.2707734890282154083251953125" lon="9.48440833948552608489990234375">
        <ele>868</ele>
        <time>2026-09-15T08:49:55.000Z</time>
      </trkpt>
      <trkpt lat="40.2707795239984989166259765625" lon="9.48437950573861598968505859375">
        <ele>868</ele>
        <time>2026-09-15T08:50:02.000Z</time>
      </trkpt>
      <trkpt lat="40.270766951143741607666015625" lon="9.4843395240604877471923828125">
        <ele>868.4000244140625</ele>
        <time>2026-09-15T08:50:12.000Z</time>
      </trkpt>
      <trkpt lat="40.2707188390195369720458984375" lon="9.4843200780451297760009765625">
        <ele>869.4000244140625</ele>
        <time>2026-09-15T08:50:18.000Z</time>
      </trkpt>
      <trkpt lat="40.2706739120185375213623046875" lon="9.484239779412746429443359375">
        <ele>870.4000244140625</ele>
        <time>2026-09-15T08:50:27.000Z</time>
      </trkpt>
      <trkpt lat="40.2706440724432468414306640625" lon="9.48421237058937549591064453125">
        <ele>871</ele>
        <time>2026-09-15T08:50:35.000Z</time>
      </trkpt>
      <trkpt lat="40.270623452961444854736328125" lon="9.484163336455821990966796875">
        <ele>871.5999755859375</ele>
        <time>2026-09-15T08:50:41.000Z</time>
      </trkpt>
      <trkpt lat="40.27061481960117816925048828125" lon="9.48415973223745822906494140625">
        <ele>871.79998779296875</ele>
        <time>2026-09-15T08:50:42.000Z</time>
      </trkpt>
      <trkpt lat="40.270601324737071990966796875" lon="9.48414028622210025787353515625">
        <ele>872.4000244140625</ele>
        <time>2026-09-15T08:50:49.000Z</time>
      </trkpt>
      <trkpt lat="40.2705686353147029876708984375" lon="9.4841266237199306488037109375">
        <ele>873.20001220703125</ele>
        <time>2026-09-15T08:50:56.000Z</time>
      </trkpt>
      <trkpt lat="40.270522534847259521484375" lon="9.4840743206441402435302734375">
        <ele>874.79998779296875</ele>
        <time>2026-09-15T08:51:04.000Z</time>
      </trkpt>
      <trkpt lat="40.27050669305026531219482421875" lon="9.48405646719038486480712890625">
        <ele>875.20001220703125</ele>
        <time>2026-09-15T08:51:11.000Z</time>
      </trkpt>
      <trkpt lat="40.270490683615207672119140625" lon="9.484062083065509796142578125">
        <ele>875.4000244140625</ele>
        <time>2026-09-15T08:51:16.000Z</time>
      </trkpt>
      <trkpt lat="40.2704331837594509124755859375" lon="9.48409770615398883819580078125">
        <ele>875.5999755859375</ele>
        <time>2026-09-15T08:51:25.000Z</time>
      </trkpt>
      <trkpt lat="40.27039638720452785491943359375" lon="9.48407758958637714385986328125">
        <ele>876.20001220703125</ele>
        <time>2026-09-15T08:51:31.000Z</time>
      </trkpt>
      <trkpt lat="40.27036386542022228240966796875" lon="9.48407289572060108184814453125">
        <ele>876.20001220703125</ele>
        <time>2026-09-15T08:51:37.000Z</time>
      </trkpt>
      <trkpt lat="40.27033276855945587158203125" lon="9.48406820185482501983642578125">
        <ele>876.4000244140625</ele>
        <time>2026-09-15T08:51:42.000Z</time>
      </trkpt>
      <trkpt lat="40.27032748796045780181884765625" lon="9.48406183160841464996337890625">
        <ele>876.5999755859375</ele>
        <time>2026-09-15T08:51:43.000Z</time>
      </trkpt>
      <trkpt lat="40.27030787430703639984130859375" lon="9.4840293936431407928466796875">
        <ele>877.4000244140625</ele>
        <time>2026-09-15T08:51:49.000Z</time>
      </trkpt>
      <trkpt lat="40.2702839858829975128173828125" lon="9.48399268090724945068359375">
        <ele>878.20001220703125</ele>
        <time>2026-09-15T08:51:57.000Z</time>
      </trkpt>
      <trkpt lat="40.2702824771404266357421875" lon="9.48399092070758342742919921875">
        <ele>878.4000244140625</ele>
        <time>2026-09-15T08:51:58.000Z</time>
      </trkpt>
      <trkpt lat="40.27027920819818973541259765625" lon="9.483948089182376861572265625">
        <ele>879.4000244140625</ele>
        <time>2026-09-15T08:52:05.000Z</time>
      </trkpt>
      <trkpt lat="40.27028180658817291259765625" lon="9.4838952831923961639404296875">
        <ele>880.20001220703125</ele>
        <time>2026-09-15T08:52:15.000Z</time>
      </trkpt>
      <trkpt lat="40.270290859043598175048828125" lon="9.483846165239810943603515625">
        <ele>881.5999755859375</ele>
        <time>2026-09-15T08:52:22.000Z</time>
      </trkpt>
      <trkpt lat="40.27032027952373027801513671875" lon="9.48382277972996234893798828125">
        <ele>882</ele>
        <time>2026-09-15T08:52:31.000Z</time>
      </trkpt>
      <trkpt lat="40.2703366242349147796630859375" lon="9.483817331492900848388671875">
        <ele>882</ele>
        <time>2026-09-15T08:52:35.000Z</time>
      </trkpt>
      <trkpt lat="40.27035330422222614288330078125" lon="9.4838060997426509857177734375">
        <ele>882.4000244140625</ele>
        <time>2026-09-15T08:52:38.000Z</time>
      </trkpt>
      <trkpt lat="40.2703637816011905670166015625" lon="9.48378539644181728363037109375">
        <ele>883</ele>
        <time>2026-09-15T08:52:41.000Z</time>
      </trkpt>
      <trkpt lat="40.27037291787564754486083984375" lon="9.48377215303480625152587890625">
        <ele>883.4000244140625</ele>
        <time>2026-09-15T08:52:43.000Z</time>
      </trkpt>
      <trkpt lat="40.27038901112973690032958984375" lon="9.4837195985019207000732421875">
        <ele>884</ele>
        <time>2026-09-15T08:52:49.000Z</time>
      </trkpt>
      <trkpt lat="40.27039445936679840087890625" lon="9.48372035287320613861083984375">
        <ele>883.79998779296875</ele>
        <time>2026-09-15T08:52:57.000Z</time>
      </trkpt>
      <trkpt lat="40.27043678797781467437744140625" lon="9.48368313722312450408935546875">
        <ele>883.20001220703125</ele>
        <time>2026-09-15T08:53:04.000Z</time>
      </trkpt>
      <trkpt lat="40.27047031559050083160400390625" lon="9.483590684831142425537109375">
        <ele>884</ele>
        <time>2026-09-15T08:53:13.000Z</time>
      </trkpt>
      <trkpt lat="40.27046930976212024688720703125" lon="9.48353745974600315093994140625">
        <ele>885.4000244140625</ele>
        <time>2026-09-15T08:53:19.000Z</time>
      </trkpt>
      <trkpt lat="40.270449109375476837158203125" lon="9.4834758527576923370361328125">
        <ele>887.5999755859375</ele>
        <time>2026-09-15T08:53:27.000Z</time>
      </trkpt>
      <trkpt lat="40.27044785209000110626220703125" lon="9.48345431126654148101806640625">
        <ele>888.20001220703125</ele>
        <time>2026-09-15T08:53:33.000Z</time>
      </trkpt>
      <trkpt lat="40.27045883238315582275390625" lon="9.48338658548891544342041015625">
        <ele>890</ele>
        <time>2026-09-15T08:53:39.000Z</time>
      </trkpt>
      <trkpt lat="40.27046310715377330780029296875" lon="9.4833528064191341400146484375">
        <ele>890.79998779296875</ele>
        <time>2026-09-15T08:53:48.000Z</time>
      </trkpt>
      <trkpt lat="40.2704476006329059600830078125" lon="9.48328130878508090972900390625">
        <ele>892.4000244140625</ele>
        <time>2026-09-15T08:53:55.000Z</time>
      </trkpt>
      <trkpt lat="40.2704355306923389434814453125" lon="9.48327242396771907806396484375">
        <ele>892.79998779296875</ele>
        <time>2026-09-15T08:53:56.000Z</time>
      </trkpt>
      <trkpt lat="40.27041457593441009521484375" lon="9.48323235847055912017822265625">
        <ele>893.5999755859375</ele>
        <time>2026-09-15T08:54:01.000Z</time>
      </trkpt>
      <trkpt lat="40.270388089120388031005859375" lon="9.483162872493267059326171875">
        <ele>894.79998779296875</ele>
        <time>2026-09-15T08:54:09.000Z</time>
      </trkpt>
      <trkpt lat="40.27033553458750247955322265625" lon="9.48311450891196727752685546875">
        <ele>896.4000244140625</ele>
        <time>2026-09-15T08:54:16.000Z</time>
      </trkpt>
      <trkpt lat="40.27032631449401378631591796875" lon="9.4830812327563762664794921875">
        <ele>897</ele>
        <time>2026-09-15T08:54:23.000Z</time>
      </trkpt>
      <trkpt lat="40.27032363228499889373779296875" lon="9.4830839149653911590576171875">
        <ele>897</ele>
        <time>2026-09-15T08:54:26.000Z</time>
      </trkpt>
      <trkpt lat="40.27030485682189464569091796875" lon="9.48305751197040081024169921875">
        <ele>897.5999755859375</ele>
        <time>2026-09-15T08:54:30.000Z</time>
      </trkpt>
      <trkpt lat="40.27030234225094318389892578125" lon="9.4830483756959438323974609375">
        <ele>897.79998779296875</ele>
        <time>2026-09-15T08:54:35.000Z</time>
      </trkpt>
      <trkpt lat="40.270296894013881683349609375" lon="9.48304275982081890106201171875">
        <ele>897.79998779296875</ele>
        <time>2026-09-15T08:54:36.000Z</time>
      </trkpt>
      <trkpt lat="40.270269401371479034423828125" lon="9.48298593051731586456298828125">
        <ele>898</ele>
        <time>2026-09-15T08:54:42.000Z</time>
      </trkpt>
      <trkpt lat="40.2702273242175579071044921875" lon="9.48289372958242893218994140625">
        <ele>898</ele>
        <time>2026-09-15T08:54:51.000Z</time>
      </trkpt>
      <trkpt lat="40.2701939642429351806640625" lon="9.48290127329528331756591796875">
        <ele>898.5999755859375</ele>
        <time>2026-09-15T08:54:56.000Z</time>
      </trkpt>
      <trkpt lat="40.2701867558062076568603515625" lon="9.48289339430630207061767578125">
        <ele>898.5999755859375</ele>
        <time>2026-09-15T08:54:59.000Z</time>
      </trkpt>
      <trkpt lat="40.2701827324926853179931640625" lon="9.48288886807858943939208984375">
        <ele>898.79998779296875</ele>
        <time>2026-09-15T08:55:01.000Z</time>
      </trkpt>
      <trkpt lat="40.27016856707632541656494140625" lon="9.48289188556373119354248046875">
        <ele>899</ele>
        <time>2026-09-15T08:55:06.000Z</time>
      </trkpt>
      <trkpt lat="40.27015666477382183074951171875" lon="9.48288358747959136962890625">
        <ele>899</ele>
        <time>2026-09-15T08:55:08.000Z</time>
      </trkpt>
      <trkpt lat="40.27013755403459072113037109375" lon="9.48283924721181392669677734375">
        <ele>898.79998779296875</ele>
        <time>2026-09-15T08:55:14.000Z</time>
      </trkpt>
      <trkpt lat="40.2700801379978656768798828125" lon="9.4828314520418643951416015625">
        <ele>899.5999755859375</ele>
        <time>2026-09-15T08:55:21.000Z</time>
      </trkpt>
      <trkpt lat="40.2700707502663135528564453125" lon="9.482824243605136871337890625">
        <ele>899.5999755859375</ele>
        <time>2026-09-15T08:55:23.000Z</time>
      </trkpt>
      <trkpt lat="40.270064212381839752197265625" lon="9.48282415978610515594482421875">
        <ele>899.79998779296875</ele>
        <time>2026-09-15T08:55:24.000Z</time>
      </trkpt>
      <trkpt lat="40.27003227733075618743896484375" lon="9.4828146882355213165283203125">
        <ele>900</ele>
        <time>2026-09-15T08:55:28.000Z</time>
      </trkpt>
      <trkpt lat="40.269999839365482330322265625" lon="9.4828118383884429931640625">
        <ele>900.5999755859375</ele>
        <time>2026-09-15T08:55:31.000Z</time>
      </trkpt>
      <trkpt lat="40.26999237947165966033935546875" lon="9.48281594552099704742431640625">
        <ele>900.5999755859375</ele>
        <time>2026-09-15T08:55:32.000Z</time>
      </trkpt>
      <trkpt lat="40.26998617686331272125244140625" lon="9.4828180409967899322509765625">
        <ele>900.79998779296875</ele>
        <time>2026-09-15T08:55:33.000Z</time>
      </trkpt>
      <trkpt lat="40.26997603476047515869140625" lon="9.48281829245388507843017578125">
        <ele>900.79998779296875</ele>
        <time>2026-09-15T08:55:35.000Z</time>
      </trkpt>
      <trkpt lat="40.2699617855250835418701171875" lon="9.482812844216823577880859375">
        <ele>900.79998779296875</ele>
        <time>2026-09-15T08:55:39.000Z</time>
      </trkpt>
      <trkpt lat="40.2699487097561359405517578125" lon="9.48281041346490383148193359375">
        <ele>900.79998779296875</ele>
        <time>2026-09-15T08:55:41.000Z</time>
      </trkpt>
      <trkpt lat="40.26990537531673908233642578125" lon="9.48283505626022815704345703125">
        <ele>900.20001220703125</ele>
        <time>2026-09-15T08:55:49.000Z</time>
      </trkpt>
      <trkpt lat="40.2699041180312633514404296875" lon="9.4828359782695770263671875">
        <ele>900</ele>
        <time>2026-09-15T08:55:50.000Z</time>
      </trkpt>
      <trkpt lat="40.26989632286131381988525390625" lon="9.482834301888942718505859375">
        <ele>900</ele>
        <time>2026-09-15T08:55:57.000Z</time>
      </trkpt>
      <trkpt lat="40.26986011303961277008056640625" lon="9.4828341342508792877197265625">
        <ele>899.4000244140625</ele>
        <time>2026-09-15T08:56:05.000Z</time>
      </trkpt>
      <trkpt lat="40.26984435506165027618408203125" lon="9.4828257523477077484130859375">
        <ele>899.20001220703125</ele>
        <time>2026-09-15T08:56:11.000Z</time>
      </trkpt>
      <trkpt lat="40.269839577376842498779296875" lon="9.48280940763652324676513671875">
        <ele>899.4000244140625</ele>
        <time>2026-09-15T08:56:14.000Z</time>
      </trkpt>
      <trkpt lat="40.26982784271240234375" lon="9.48280504904687404632568359375">
        <ele>899.20001220703125</ele>
        <time>2026-09-15T08:56:17.000Z</time>
      </trkpt>
      <trkpt lat="40.26977889239788055419921875" lon="9.48279105126857757568359375">
        <ele>898.5999755859375</ele>
        <time>2026-09-15T08:56:22.000Z</time>
      </trkpt>
      <trkpt lat="40.26974310167133808135986328125" lon="9.48279230855405330657958984375">
        <ele>898</ele>
        <time>2026-09-15T08:56:28.000Z</time>
      </trkpt>
      <trkpt lat="40.26970873586833477020263671875" lon="9.48277923278510570526123046875">
        <ele>897.5999755859375</ele>
        <time>2026-09-15T08:56:34.000Z</time>
      </trkpt>
      <trkpt lat="40.26970638893544673919677734375" lon="9.482754170894622802734375">
        <ele>897.5999755859375</ele>
        <time>2026-09-15T08:56:41.000Z</time>
      </trkpt>
      <trkpt lat="40.26966716162860393524169921875" lon="9.4827365688979625701904296875">
        <ele>897</ele>
        <time>2026-09-15T08:56:47.000Z</time>
      </trkpt>
      <trkpt lat="40.26962223462760448455810546875" lon="9.4827449508011341094970703125">
        <ele>895.4000244140625</ele>
        <time>2026-09-15T08:56:53.000Z</time>
      </trkpt>
      <trkpt lat="40.26960295625030994415283203125" lon="9.48273715563118457794189453125">
        <ele>894.20001220703125</ele>
        <time>2026-09-15T08:57:00.000Z</time>
      </trkpt>
      <trkpt lat="40.26959893293678760528564453125" lon="9.482732713222503662109375">
        <ele>894</ele>
        <time>2026-09-15T08:57:07.000Z</time>
      </trkpt>
      <trkpt lat="40.26959591545164585113525390625" lon="9.48273128829896450042724609375">
        <ele>893.79998779296875</ele>
        <time>2026-09-15T08:57:10.000Z</time>
      </trkpt>
      <trkpt lat="40.26956507004797458648681640625" lon="9.48271167464554309844970703125">
        <ele>892.20001220703125</ele>
        <time>2026-09-15T08:57:13.000Z</time>
      </trkpt>
      <trkpt lat="40.26954512111842632293701171875" lon="9.48267638683319091796875">
        <ele>892.4000244140625</ele>
        <time>2026-09-15T08:57:18.000Z</time>
      </trkpt>
      <trkpt lat="40.26953472755849361419677734375" lon="9.48261494748294353485107421875">
        <ele>892.79998779296875</ele>
        <time>2026-09-15T08:57:25.000Z</time>
      </trkpt>
      <trkpt lat="40.26953187771141529083251953125" lon="9.4826001115143299102783203125">
        <ele>892.79998779296875</ele>
        <time>2026-09-15T08:57:33.000Z</time>
      </trkpt>
      <trkpt lat="40.2695333026349544525146484375" lon="9.48253565467894077301025390625">
        <ele>892.5999755859375</ele>
        <time>2026-09-15T08:57:43.000Z</time>
      </trkpt>
      <trkpt lat="40.269519723951816558837890625" lon="9.48251252062618732452392578125">
        <ele>892</ele>
        <time>2026-09-15T08:57:50.000Z</time>
      </trkpt>
      <trkpt lat="40.2694756351411342620849609375" lon="9.48245753534138202667236328125">
        <ele>892.4000244140625</ele>
        <time>2026-09-15T08:57:56.000Z</time>
      </trkpt>
      <trkpt lat="40.26945610530674457550048828125" lon="9.4824041426181793212890625">
        <ele>894.20001220703125</ele>
        <time>2026-09-15T08:58:04.000Z</time>
      </trkpt>
      <trkpt lat="40.2694509923458099365234375" lon="9.4823989458382129669189453125">
        <ele>894.20001220703125</ele>
        <time>2026-09-15T08:58:11.000Z</time>
      </trkpt>
      <trkpt lat="40.26944990269839763641357421875" lon="9.482393078505992889404296875">
        <ele>894.4000244140625</ele>
        <time>2026-09-15T08:58:13.000Z</time>
      </trkpt>
      <trkpt lat="40.26945627294480800628662109375" lon="9.48238679207861423492431640625">
        <ele>894.79998779296875</ele>
        <time>2026-09-15T08:58:22.000Z</time>
      </trkpt>
      <trkpt lat="40.26945434510707855224609375" lon="9.4823650829493999481201171875">
        <ele>895.79998779296875</ele>
        <time>2026-09-15T08:58:37.000Z</time>
      </trkpt>
      <trkpt lat="40.26942509226500988006591796875" lon="9.48226558975875377655029296875">
        <ele>899.20001220703125</ele>
        <time>2026-09-15T08:58:42.000Z</time>
      </trkpt>
      <trkpt lat="40.26942090131342411041259765625" lon="9.48219451121985912322998046875">
        <ele>899.79998779296875</ele>
        <time>2026-09-15T08:58:47.000Z</time>
      </trkpt>
      <trkpt lat="40.26940899901092052459716796875" lon="9.48216198943555355072021484375">
        <ele>899.20001220703125</ele>
        <time>2026-09-15T08:58:52.000Z</time>
      </trkpt>
      <trkpt lat="40.26937664486467838287353515625" lon="9.4821441359817981719970703125">
        <ele>898.5999755859375</ele>
        <time>2026-09-15T08:59:00.000Z</time>
      </trkpt>
      <trkpt lat="40.2693371661007404327392578125" lon="9.48208990506827831268310546875">
        <ele>895.79998779296875</ele>
        <time>2026-09-15T08:59:07.000Z</time>
      </trkpt>
      <trkpt lat="40.2692999504506587982177734375" lon="9.48202519677579402923583984375">
        <ele>893</ele>
        <time>2026-09-15T08:59:15.000Z</time>
      </trkpt>
      <trkpt lat="40.26928444392979145050048828125" lon="9.481963925063610076904296875">
        <ele>891.20001220703125</ele>
        <time>2026-09-15T08:59:22.000Z</time>
      </trkpt>
      <trkpt lat="40.26930824853479862213134765625" lon="9.48190717957913875579833984375">
        <ele>892</ele>
        <time>2026-09-15T08:59:29.000Z</time>
      </trkpt>
      <trkpt lat="40.26933104731142520904541015625" lon="9.48184498585760593414306640625">
        <ele>892.79998779296875</ele>
        <time>2026-09-15T08:59:39.000Z</time>
      </trkpt>
      <trkpt lat="40.2693311311304569244384765625" lon="9.4818222709000110626220703125">
        <ele>892.79998779296875</ele>
        <time>2026-09-15T08:59:48.000Z</time>
      </trkpt>
      <trkpt lat="40.269331969320774078369140625" lon="9.481803663074970245361328125">
        <ele>892.79998779296875</ele>
        <time>2026-09-15T08:59:54.000Z</time>
      </trkpt>
      <trkpt lat="40.26930489577353000640869140625" lon="9.48176183737814426422119140625">
        <ele>891.5999755859375</ele>
        <time>2026-09-15T09:00:02.000Z</time>
      </trkpt>
      <trkpt lat="40.26930925436317920684814453125" lon="9.48169746436178684234619140625">
        <ele>891.5999755859375</ele>
        <time>2026-09-15T09:00:08.000Z</time>
      </trkpt>
      <trkpt lat="40.26930808089673519134521484375" lon="9.481650106608867645263671875">
        <ele>891.5999755859375</ele>
        <time>2026-09-15T09:00:14.000Z</time>
      </trkpt>
      <trkpt lat="40.26930824853479862213134765625" lon="9.48165186680853366851806640625">
        <ele>891.5999755859375</ele>
        <time>2026-09-15T09:00:15.000Z</time>
      </trkpt>
      <trkpt lat="40.2693157084286212921142578125" lon="9.48165387846529483795166015625">
        <ele>891.79998779296875</ele>
        <time>2026-09-15T09:00:20.000Z</time>
      </trkpt>
      <trkpt lat="40.269320569932460784912109375" lon="9.481627978384494781494140625">
        <ele>892.20001220703125</ele>
        <time>2026-09-15T09:00:26.000Z</time>
      </trkpt>
      <trkpt lat="40.26932970620691776275634765625" lon="9.4815835542976856231689453125">
        <ele>893.20001220703125</ele>
        <time>2026-09-15T09:00:32.000Z</time>
      </trkpt>
      <trkpt lat="40.2693106792867183685302734375" lon="9.48155798949301242828369140625">
        <ele>892.79998779296875</ele>
        <time>2026-09-15T09:00:38.000Z</time>
      </trkpt>
      <trkpt lat="40.26929651387035846710205078125" lon="9.481493532657623291015625">
        <ele>893</ele>
        <time>2026-09-15T09:00:45.000Z</time>
      </trkpt>
      <trkpt lat="40.269276984035968780517578125" lon="9.4814427383244037628173828125">
        <ele>893</ele>
        <time>2026-09-15T09:00:51.000Z</time>
      </trkpt>
      <trkpt lat="40.269270278513431549072265625" lon="9.48139504529535770416259765625">
        <ele>893.4000244140625</ele>
        <time>2026-09-15T09:00:57.000Z</time>
      </trkpt>
      <trkpt lat="40.26928159408271312713623046875" lon="9.4813689775764942169189453125">
        <ele>894.20001220703125</ele>
        <time>2026-09-15T09:01:04.000Z</time>
      </trkpt>
      <trkpt lat="40.2692905627191066741943359375" lon="9.48136269114911556243896484375">
        <ele>894.5999755859375</ele>
        <time>2026-09-15T09:01:06.000Z</time>
      </trkpt>
      <trkpt lat="40.26929819025099277496337890625" lon="9.4813518784940242767333984375">
        <ele>895</ele>
        <time>2026-09-15T09:01:09.000Z</time>
      </trkpt>
      <trkpt lat="40.2692939154803752899169921875" lon="9.48132161982357501983642578125">
        <ele>895</ele>
        <time>2026-09-15T09:01:13.000Z</time>
      </trkpt>
      <trkpt lat="40.26929567568004131317138671875" lon="9.48130820877850055694580078125">
        <ele>895.20001220703125</ele>
        <time>2026-09-15T09:01:20.000Z</time>
      </trkpt>
      <trkpt lat="40.26927539147436618804931640625" lon="9.481251128017902374267578125">
        <ele>894.4000244140625</ele>
        <time>2026-09-15T09:01:37.000Z</time>
      </trkpt>
      <trkpt lat="40.26924571953713893890380859375" lon="9.48119455017149448394775390625">
        <ele>893</ele>
        <time>2026-09-15T09:01:43.000Z</time>
      </trkpt>
      <trkpt lat="40.26922258548438549041748046875" lon="9.4811366312205791473388671875">
        <ele>892</ele>
        <time>2026-09-15T09:01:50.000Z</time>
      </trkpt>
      <trkpt lat="40.26919458992779254913330078125" lon="9.48105608113110065460205078125">
        <ele>891.4000244140625</ele>
        <time>2026-09-15T09:01:58.000Z</time>
      </trkpt>
      <trkpt lat="40.26918872259557247161865234375" lon="9.4810313545167446136474609375">
        <ele>891.4000244140625</ele>
        <time>2026-09-15T09:02:00.000Z</time>
      </trkpt>
      <trkpt lat="40.26917807757854461669921875" lon="9.4810122437775135040283203125">
        <ele>891.4000244140625</ele>
        <time>2026-09-15T09:02:03.000Z</time>
      </trkpt>
      <trkpt lat="40.2691584639251232147216796875" lon="9.480994977056980133056640625">
        <ele>891</ele>
        <time>2026-09-15T09:02:06.000Z</time>
      </trkpt>
      <trkpt lat="40.269132815301418304443359375" lon="9.4809726811945438385009765625">
        <ele>890.5999755859375</ele>
        <time>2026-09-15T09:02:14.000Z</time>
      </trkpt>
      <trkpt lat="40.26911437511444091796875" lon="9.48094208724796772003173828125">
        <ele>890.4000244140625</ele>
        <time>2026-09-15T09:02:22.000Z</time>
      </trkpt>
      <trkpt lat="40.26907481253147125244140625" lon="9.4808643870055675506591796875">
        <ele>888</ele>
        <time>2026-09-15T09:02:30.000Z</time>
      </trkpt>
      <trkpt lat="40.26905293576419353485107421875" lon="9.4808389060199260711669921875">
        <ele>886.20001220703125</ele>
        <time>2026-09-15T09:02:34.000Z</time>
      </trkpt>
      <trkpt lat="40.2690334059298038482666015625" lon="9.48079976253211498260498046875">
        <ele>887.4000244140625</ele>
        <time>2026-09-15T09:02:39.000Z</time>
      </trkpt>
      <trkpt lat="40.2690270356833934783935546875" lon="9.48074184358119964599609375">
        <ele>892</ele>
        <time>2026-09-15T09:02:46.000Z</time>
      </trkpt>
      <trkpt lat="40.26903994381427764892578125" lon="9.48070907033979892730712890625">
        <ele>891</ele>
        <time>2026-09-15T09:02:55.000Z</time>
      </trkpt>
      <trkpt lat="40.2690384350717067718505859375" lon="9.48070487938821315765380859375">
        <ele>891</ele>
        <time>2026-09-15T09:03:07.000Z</time>
      </trkpt>
      <trkpt lat="40.2689918316900730133056640625" lon="9.48061821050941944122314453125">
        <ele>891.20001220703125</ele>
        <time>2026-09-15T09:03:28.000Z</time>
      </trkpt>
      <trkpt lat="40.26897565461695194244384765625" lon="9.48055685497820377349853515625">
        <ele>890.79998779296875</ele>
        <time>2026-09-15T09:03:34.000Z</time>
      </trkpt>
      <trkpt lat="40.268976576626300811767578125" lon="9.480522908270359039306640625">
        <ele>889.20001220703125</ele>
        <time>2026-09-15T09:03:41.000Z</time>
      </trkpt>
      <trkpt lat="40.2690082602202892303466796875" lon="9.48049868457019329071044921875">
        <ele>887.20001220703125</ele>
        <time>2026-09-15T09:03:47.000Z</time>
      </trkpt>
      <trkpt lat="40.269006751477718353271484375" lon="9.48048728518187999725341796875">
        <ele>886.5999755859375</ele>
        <time>2026-09-15T09:03:51.000Z</time>
      </trkpt>
      <trkpt lat="40.26900599710643291473388671875" lon="9.48045090772211551666259765625">
        <ele>885</ele>
        <time>2026-09-15T09:03:55.000Z</time>
      </trkpt>
      <trkpt lat="40.26901303790509700775146484375" lon="9.48044151999056339263916015625">
        <ele>885.4000244140625</ele>
        <time>2026-09-15T09:03:56.000Z</time>
      </trkpt>
      <trkpt lat="40.2690193243324756622314453125" lon="9.4804352335631847381591796875">
        <ele>885.79998779296875</ele>
        <time>2026-09-15T09:03:57.000Z</time>
      </trkpt>
      <trkpt lat="40.26902259327471256256103515625" lon="9.4804322160780429840087890625">
        <ele>886</ele>
        <time>2026-09-15T09:03:58.000Z</time>
      </trkpt>
      <trkpt lat="40.26902259327471256256103515625" lon="9.480431713163852691650390625">
        <ele>886</ele>
        <time>2026-09-15T09:04:00.000Z</time>
      </trkpt>
      <trkpt lat="40.26901085861027240753173828125" lon="9.48043012060225009918212890625">
        <ele>885.5999755859375</ele>
        <time>2026-09-15T09:04:03.000Z</time>
      </trkpt>
      <trkpt lat="40.26899241842329502105712890625" lon="9.480396173894405364990234375">
        <ele>885.4000244140625</ele>
        <time>2026-09-15T09:04:07.000Z</time>
      </trkpt>
      <trkpt lat="40.2689898200333118438720703125" lon="9.48037379421293735504150390625">
        <ele>885.79998779296875</ele>
        <time>2026-09-15T09:04:10.000Z</time>
      </trkpt>
      <trkpt lat="40.26897967793047428131103515625" lon="9.48029601015150547027587890625">
        <ele>886.79998779296875</ele>
        <time>2026-09-15T09:04:16.000Z</time>
      </trkpt>
      <trkpt lat="40.2689686976373195648193359375" lon="9.48023700155317783355712890625">
        <ele>887.79998779296875</ele>
        <time>2026-09-15T09:04:23.000Z</time>
      </trkpt>
      <trkpt lat="40.26896945200860500335693359375" lon="9.4802350737154483795166015625">
        <ele>888</ele>
        <time>2026-09-15T09:04:24.000Z</time>
      </trkpt>
      <trkpt lat="40.2689666859805583953857421875" lon="9.48023532517254352569580078125">
        <ele>887.79998779296875</ele>
        <time>2026-09-15T09:04:25.000Z</time>
      </trkpt>
      <trkpt lat="40.26896777562797069549560546875" lon="9.48020984418690204620361328125">
        <ele>888.5999755859375</ele>
        <time>2026-09-15T09:04:30.000Z</time>
      </trkpt>
      <trkpt lat="40.26897682808339595794677734375" lon="9.48018067516386508941650390625">
        <ele>890</ele>
        <time>2026-09-15T09:04:33.000Z</time>
      </trkpt>
      <trkpt lat="40.2689961902797222137451171875" lon="9.4801569543778896331787109375">
        <ele>891.20001220703125</ele>
        <time>2026-09-15T09:04:37.000Z</time>
      </trkpt>
      <trkpt lat="40.26900096796452999114990234375" lon="9.48015217669308185577392578125">
        <ele>891</ele>
        <time>2026-09-15T09:04:42.000Z</time>
      </trkpt>
      <trkpt lat="40.26902385056018829345703125" lon="9.480130970478057861328125">
        <ele>890.79998779296875</ele>
        <time>2026-09-15T09:04:48.000Z</time>
      </trkpt>
      <trkpt lat="40.2690199948847293853759765625" lon="9.48009668849408626556396484375">
        <ele>890.4000244140625</ele>
        <time>2026-09-15T09:04:54.000Z</time>
      </trkpt>
      <trkpt lat="40.2690256945788860321044921875" lon="9.48000767268240451812744140625">
        <ele>889.4000244140625</ele>
        <time>2026-09-15T09:05:01.000Z</time>
      </trkpt>
      <trkpt lat="40.26903650723397731781005859375" lon="9.47997900657355785369873046875">
        <ele>889.4000244140625</ele>
        <time>2026-09-15T09:05:08.000Z</time>
      </trkpt>
      <trkpt lat="40.26902443729341030120849609375" lon="9.47992586530745029449462890625">
        <ele>889.79998779296875</ele>
        <time>2026-09-15T09:05:13.000Z</time>
      </trkpt>
      <trkpt lat="40.26901588775217533111572265625" lon="9.479857049882411956787109375">
        <ele>890</ele>
        <time>2026-09-15T09:05:19.000Z</time>
      </trkpt>
      <trkpt lat="40.269016809761524200439453125" lon="9.47984271682798862457275390625">
        <ele>890</ele>
        <time>2026-09-15T09:05:25.000Z</time>
      </trkpt>
      <trkpt lat="40.26901706121861934661865234375" lon="9.47984724305570125579833984375">
        <ele>890</ele>
        <time>2026-09-15T09:05:29.000Z</time>
      </trkpt>
      <trkpt lat="40.2690199948847293853759765625" lon="9.479848332703113555908203125">
        <ele>889.79998779296875</ele>
        <time>2026-09-15T09:05:32.000Z</time>
      </trkpt>
      <trkpt lat="40.2690199948847293853759765625" lon="9.479848332703113555908203125">
        <ele>889.79998779296875</ele>
        <time>2026-09-15T09:05:41.000Z</time>
      </trkpt>
      <trkpt lat="40.26899979449808597564697265625" lon="9.4797995500266551971435546875">
        <ele>890.20001220703125</ele>
        <time>2026-09-15T09:05:50.000Z</time>
      </trkpt>
      <trkpt lat="40.26898085139691829681396484375" lon="9.479726962745189666748046875">
        <ele>890.4000244140625</ele>
        <time>2026-09-15T09:05:55.000Z</time>
      </trkpt>
      <trkpt lat="40.2689851261675357818603515625" lon="9.47969377040863037109375">
        <ele>890.20001220703125</ele>
        <time>2026-09-15T09:05:58.000Z</time>
      </trkpt>
      <trkpt lat="40.26897490024566650390625" lon="9.47961925528943538665771484375">
        <ele>890</ele>
        <time>2026-09-15T09:06:05.000Z</time>
      </trkpt>
      <trkpt lat="40.2689318172633647918701171875" lon="9.4795752502977848052978515625">
        <ele>890.4000244140625</ele>
        <time>2026-09-15T09:06:14.000Z</time>
      </trkpt>
      <trkpt lat="40.26891849003732204437255859375" lon="9.47952420450747013092041015625">
        <ele>890.20001220703125</ele>
        <time>2026-09-15T09:06:20.000Z</time>
      </trkpt>
      <trkpt lat="40.26888697408139705657958984375" lon="9.47950090281665325164794921875">
        <ele>890.5999755859375</ele>
        <time>2026-09-15T09:06:28.000Z</time>
      </trkpt>
      <trkpt lat="40.26884942315518856048583984375" lon="9.47941591031849384307861328125">
        <ele>890.4000244140625</ele>
        <time>2026-09-15T09:06:36.000Z</time>
      </trkpt>
      <trkpt lat="40.26884372346103191375732421875" lon="9.4794079475104808807373046875">
        <ele>890.5999755859375</ele>
        <time>2026-09-15T09:06:37.000Z</time>
      </trkpt>
      <trkpt lat="40.268812961876392364501953125" lon="9.47933946736156940460205078125">
        <ele>890.20001220703125</ele>
        <time>2026-09-15T09:06:44.000Z</time>
      </trkpt>
      <trkpt lat="40.26877172291278839111328125" lon="9.479278028011322021484375">
        <ele>889.20001220703125</ele>
        <time>2026-09-15T09:06:52.000Z</time>
      </trkpt>
      <trkpt lat="40.26877105236053466796875" lon="9.47926067747175693511962890625">
        <ele>889.20001220703125</ele>
        <time>2026-09-15T09:06:57.000Z</time>
      </trkpt>
      <trkpt lat="40.2687906660139560699462890625" lon="9.47925481013953685760498046875">
        <ele>889.4000244140625</ele>
        <time>2026-09-15T09:06:59.000Z</time>
      </trkpt>
      <trkpt lat="40.2688148058950901031494140625" lon="9.47921507991850376129150390625">
        <ele>889.20001220703125</ele>
        <time>2026-09-15T09:07:03.000Z</time>
      </trkpt>
      <trkpt lat="40.268812291324138641357421875" lon="9.4791665486991405487060546875">
        <ele>889</ele>
        <time>2026-09-15T09:07:08.000Z</time>
      </trkpt>
      <trkpt lat="40.268799550831317901611328125" lon="9.479114748537540435791015625">
        <ele>888.79998779296875</ele>
        <time>2026-09-15T09:07:12.000Z</time>
      </trkpt>
      <trkpt lat="40.2687604911625385284423828125" lon="9.4790324382483959197998046875">
        <ele>888.5999755859375</ele>
        <time>2026-09-15T09:07:20.000Z</time>
      </trkpt>
      <trkpt lat="40.2687105350196361541748046875" lon="9.4789684005081653594970703125">
        <ele>888.4000244140625</ele>
        <time>2026-09-15T09:07:28.000Z</time>
      </trkpt>
      <trkpt lat="40.268688909709453582763671875" lon="9.4789459370076656341552734375">
        <ele>888.20001220703125</ele>
        <time>2026-09-15T09:07:31.000Z</time>
      </trkpt>
      <trkpt lat="40.26863384060561656951904296875" lon="9.47888910770416259765625">
        <ele>888</ele>
        <time>2026-09-15T09:07:38.000Z</time>
      </trkpt>
      <trkpt lat="40.26862126775085926055908203125" lon="9.47888550348579883575439453125">
        <ele>888</ele>
        <time>2026-09-15T09:07:39.000Z</time>
      </trkpt>
      <trkpt lat="40.268564186990261077880859375" lon="9.47885901667177677154541015625">
        <ele>888</ele>
        <time>2026-09-15T09:07:45.000Z</time>
      </trkpt>
      <trkpt lat="40.26850241236388683319091796875" lon="9.47879497893154621124267578125">
        <ele>887.79998779296875</ele>
        <time>2026-09-15T09:07:53.000Z</time>
      </trkpt>
      <trkpt lat="40.26848883368074893951416015625" lon="9.47878408245742321014404296875">
        <ele>887.79998779296875</ele>
        <time>2026-09-15T09:07:55.000Z</time>
      </trkpt>
      <trkpt lat="40.268457233905792236328125" lon="9.4787474535405635833740234375">
        <ele>887.5999755859375</ele>
        <time>2026-09-15T09:08:00.000Z</time>
      </trkpt>
      <trkpt lat="40.26843703351914882659912109375" lon="9.478694982826709747314453125">
        <ele>887.5999755859375</ele>
        <time>2026-09-15T09:08:09.000Z</time>
      </trkpt>
      <trkpt lat="40.26839981786906719207763671875" lon="9.47870671749114990234375">
        <ele>887.4000244140625</ele>
        <time>2026-09-15T09:08:15.000Z</time>
      </trkpt>
      <trkpt lat="40.268340893089771270751953125" lon="9.47866983711719512939453125">
        <ele>887.20001220703125</ele>
        <time>2026-09-15T09:08:22.000Z</time>
      </trkpt>
      <trkpt lat="40.26830862276256084442138671875" lon="9.4786034524440765380859375">
        <ele>887.20001220703125</ele>
        <time>2026-09-15T09:08:27.000Z</time>
      </trkpt>
      <trkpt lat="40.2683028392493724822998046875" lon="9.4785793125629425048828125">
        <ele>887.4000244140625</ele>
        <time>2026-09-15T09:08:29.000Z</time>
      </trkpt>
      <trkpt lat="40.26830560527741909027099609375" lon="9.478569924831390380859375">
        <ele>887.5999755859375</ele>
        <time>2026-09-15T09:08:30.000Z</time>
      </trkpt>
      <trkpt lat="40.26829286478459835052490234375" lon="9.47851820848882198333740234375">
        <ele>888</ele>
        <time>2026-09-15T09:08:36.000Z</time>
      </trkpt>
      <trkpt lat="40.26828079484403133392333984375" lon="9.47850664146244525909423828125">
        <ele>888.20001220703125</ele>
        <time>2026-09-15T09:08:42.000Z</time>
      </trkpt>
      <trkpt lat="40.26827417314052581787109375" lon="9.47845333255827426910400390625">
        <ele>888.5999755859375</ele>
        <time>2026-09-15T09:08:50.000Z</time>
      </trkpt>
      <trkpt lat="40.26825564913451671600341796875" lon="9.47837202809751033782958984375">
        <ele>889.5999755859375</ele>
        <time>2026-09-15T09:08:57.000Z</time>
      </trkpt>
      <trkpt lat="40.2682324312627315521240234375" lon="9.47831268422305583953857421875">
        <ele>890.20001220703125</ele>
        <time>2026-09-15T09:09:04.000Z</time>
      </trkpt>
      <trkpt lat="40.268212147057056427001953125" lon="9.47827664203941822052001953125">
        <ele>890.79998779296875</ele>
        <time>2026-09-15T09:09:11.000Z</time>
      </trkpt>
      <trkpt lat="40.26820041239261627197265625" lon="9.47825753130018711090087890625">
        <ele>891</ele>
        <time>2026-09-15T09:09:18.000Z</time>
      </trkpt>
      <trkpt lat="40.26817484758794307708740234375" lon="9.478248395025730133056640625">
        <ele>891.20001220703125</ele>
        <time>2026-09-15T09:09:24.000Z</time>
      </trkpt>
      <trkpt lat="40.26814668439328670501708984375" lon="9.47823934257030487060546875">
        <ele>891.20001220703125</ele>
        <time>2026-09-15T09:09:30.000Z</time>
      </trkpt>
      <trkpt lat="40.26812707073986530303955078125" lon="9.4782145321369171142578125">
        <ele>891.5999755859375</ele>
        <time>2026-09-15T09:09:39.000Z</time>
      </trkpt>
      <trkpt lat="40.26812405325472354888916015625" lon="9.4782106764614582061767578125">
        <ele>891.5999755859375</ele>
        <time>2026-09-15T09:09:52.000Z</time>
      </trkpt>
      <trkpt lat="40.26807677932083606719970703125" lon="9.4781711138784885406494140625">
        <ele>892.20001220703125</ele>
        <time>2026-09-15T09:10:13.000Z</time>
      </trkpt>
      <trkpt lat="40.2680374681949615478515625" lon="9.47810045443475246429443359375">
        <ele>893.20001220703125</ele>
        <time>2026-09-15T09:10:22.000Z</time>
      </trkpt>
      <trkpt lat="40.26804224587976932525634765625" lon="9.47809961624443531036376953125">
        <ele>893.20001220703125</ele>
        <time>2026-09-15T09:10:28.000Z</time>
      </trkpt>
      <trkpt lat="40.268039144575595855712890625" lon="9.47809928096830844879150390625">
        <ele>893.20001220703125</ele>
        <time>2026-09-15T09:10:42.000Z</time>
      </trkpt>
      <trkpt lat="40.268038474023342132568359375" lon="9.478098191320896148681640625">
        <ele>893.20001220703125</ele>
        <time>2026-09-15T09:10:44.000Z</time>
      </trkpt>
      <trkpt lat="40.26803788729012012481689453125" lon="9.47809358127415180206298828125">
        <ele>893.4000244140625</ele>
        <time>2026-09-15T09:10:47.000Z</time>
      </trkpt>
      <trkpt lat="40.26803788729012012481689453125" lon="9.478092491626739501953125">
        <ele>893.4000244140625</ele>
        <time>2026-09-15T09:10:50.000Z</time>
      </trkpt>
      <trkpt lat="40.26804610155522823333740234375" lon="9.47808989323675632476806640625">
        <ele>893.20001220703125</ele>
        <time>2026-09-15T09:11:19.000Z</time>
      </trkpt>
      <trkpt lat="40.26804626919329166412353515625" lon="9.478089809417724609375">
        <ele>893.20001220703125</ele>
        <time>2026-09-15T09:11:21.000Z</time>
      </trkpt>
      <trkpt lat="40.2680490352213382720947265625" lon="9.4780899770557880401611328125">
        <ele>893.20001220703125</ele>
        <time>2026-09-15T09:11:33.000Z</time>
      </trkpt>
      <trkpt lat="40.26805213652551174163818359375" lon="9.478092491626739501953125">
        <ele>893.20001220703125</ele>
        <time>2026-09-15T09:11:42.000Z</time>
      </trkpt>
      <trkpt lat="40.26805347763001918792724609375" lon="9.478094838559627532958984375">
        <ele>893.20001220703125</ele>
        <time>2026-09-15T09:11:48.000Z</time>
      </trkpt>
      <trkpt lat="40.2680262364447116851806640625" lon="9.477742128074169158935546875">
        <ele>896.4000244140625</ele>
        <time>2026-09-15T09:19:28.000Z</time>
      </trkpt>
      <trkpt lat="40.26802598498761653900146484375" lon="9.47774053551256656646728515625">
        <ele>896.4000244140625</ele>
        <time>2026-09-15T09:19:29.000Z</time>
      </trkpt>
      <trkpt lat="40.2680242247879505157470703125" lon="9.4777399487793445587158203125">
        <ele>896.4000244140625</ele>
        <time>2026-09-15T09:19:32.000Z</time>
      </trkpt>
      <trkpt lat="40.26802296750247478485107421875" lon="9.4776812754571437835693359375">
        <ele>896.79998779296875</ele>
        <time>2026-09-15T09:19:39.000Z</time>
      </trkpt>
      <trkpt lat="40.268011651933193206787109375" lon="9.4776588119566440582275390625">
        <ele>896.79998779296875</ele>
        <time>2026-09-15T09:19:46.000Z</time>
      </trkpt>
      <trkpt lat="40.26798717677593231201171875" lon="9.47761438786983489990234375">
        <ele>897</ele>
        <time>2026-09-15T09:19:52.000Z</time>
      </trkpt>
      <trkpt lat="40.2679625339806079864501953125" lon="9.47758446447551250457763671875">
        <ele>897</ele>
        <time>2026-09-15T09:19:59.000Z</time>
      </trkpt>
      <trkpt lat="40.2679129131138324737548828125" lon="9.4775412976741790771484375">
        <ele>896.79998779296875</ele>
        <time>2026-09-15T09:20:07.000Z</time>
      </trkpt>
      <trkpt lat="40.2678471989929676055908203125" lon="9.47747851721942424774169921875">
        <ele>896.20001220703125</ele>
        <time>2026-09-15T09:20:17.000Z</time>
      </trkpt>
      <trkpt lat="40.26781710796058177947998046875" lon="9.47743174619972705841064453125">
        <ele>895.20001220703125</ele>
        <time>2026-09-15T09:20:24.000Z</time>
      </trkpt>
      <trkpt lat="40.26779162697494029998779296875" lon="9.47739385999739170074462890625">
        <ele>894.4000244140625</ele>
        <time>2026-09-15T09:20:33.000Z</time>
      </trkpt>
      <trkpt lat="40.2677526511251926422119140625" lon="9.477399475872516632080078125">
        <ele>894</ele>
        <time>2026-09-15T09:20:40.000Z</time>
      </trkpt>
      <trkpt lat="40.26767662726342678070068359375" lon="9.477368630468845367431640625">
        <ele>892.4000244140625</ele>
        <time>2026-09-15T09:20:48.000Z</time>
      </trkpt>
      <trkpt lat="40.26766103692352771759033203125" lon="9.4773718155920505523681640625">
        <ele>892.20001220703125</ele>
        <time>2026-09-15T09:20:54.000Z</time>
      </trkpt>
      <trkpt lat="40.26763371191918849945068359375" lon="9.4773734919726848602294921875">
        <ele>891.5999755859375</ele>
        <time>2026-09-15T09:20:59.000Z</time>
      </trkpt>
      <trkpt lat="40.26762482710182666778564453125" lon="9.47736670263111591339111328125">
        <ele>891.20001220703125</ele>
        <time>2026-09-15T09:21:00.000Z</time>
      </trkpt>
      <trkpt lat="40.26761577464640140533447265625" lon="9.4773600809276103973388671875">
        <ele>891</ele>
        <time>2026-09-15T09:21:01.000Z</time>
      </trkpt>
      <trkpt lat="40.2675907127559185028076171875" lon="9.47734960354864597320556640625">
        <ele>890.20001220703125</ele>
        <time>2026-09-15T09:21:06.000Z</time>
      </trkpt>
      <trkpt lat="40.26757285930216312408447265625" lon="9.4773141480982303619384765625">
        <ele>889.4000244140625</ele>
        <time>2026-09-15T09:21:11.000Z</time>
      </trkpt>
      <trkpt lat="40.267562381923198699951171875" lon="9.47726377286016941070556640625">
        <ele>888.4000244140625</ele>
        <time>2026-09-15T09:21:16.000Z</time>
      </trkpt>
      <trkpt lat="40.26756095699965953826904296875" lon="9.47725522331893444061279296875">
        <ele>888.20001220703125</ele>
        <time>2026-09-15T09:21:17.000Z</time>
      </trkpt>
      <trkpt lat="40.26756045408546924591064453125" lon="9.477225802838802337646484375">
        <ele>887.79998779296875</ele>
        <time>2026-09-15T09:21:20.000Z</time>
      </trkpt>
      <trkpt lat="40.26756481267511844635009765625" lon="9.47720937430858612060546875">
        <ele>887.79998779296875</ele>
        <time>2026-09-15T09:21:22.000Z</time>
      </trkpt>
      <trkpt lat="40.2675709314644336700439453125" lon="9.4771282374858856201171875">
        <ele>887</ele>
        <time>2026-09-15T09:21:29.000Z</time>
      </trkpt>
      <trkpt lat="40.267595909535884857177734375" lon="9.477093033492565155029296875">
        <ele>886.79998779296875</ele>
        <time>2026-09-15T09:21:34.000Z</time>
      </trkpt>
      <trkpt lat="40.2675947360694408416748046875" lon="9.47705070488154888153076171875">
        <ele>884.4000244140625</ele>
        <time>2026-09-15T09:21:37.000Z</time>
      </trkpt>
      <trkpt lat="40.2675876952707767486572265625" lon="9.4770207814872264862060546875">
        <ele>883</ele>
        <time>2026-09-15T09:21:40.000Z</time>
      </trkpt>
      <trkpt lat="40.26758744381368160247802734375" lon="9.47701013647019863128662109375">
        <ele>882.4000244140625</ele>
        <time>2026-09-15T09:21:42.000Z</time>
      </trkpt>
      <trkpt lat="40.267589204013347625732421875" lon="9.477008879184722900390625">
        <ele>882.20001220703125</ele>
        <time>2026-09-15T09:21:47.000Z</time>
      </trkpt>
      <trkpt lat="40.2675917185842990875244140625" lon="9.47700628079473972320556640625">
        <ele>882</ele>
        <time>2026-09-15T09:21:50.000Z</time>
      </trkpt>
      <trkpt lat="40.2675920538604259490966796875" lon="9.4770063646137714385986328125">
        <ele>882</ele>
        <time>2026-09-15T09:21:58.000Z</time>
      </trkpt>
      <trkpt lat="40.26759113185107707977294921875" lon="9.4770075380802154541015625">
        <ele>882</ele>
        <time>2026-09-15T09:22:09.000Z</time>
      </trkpt>
      <trkpt lat="40.267589204013347625732421875" lon="9.4770080409944057464599609375">
        <ele>882.20001220703125</ele>
        <time>2026-09-15T09:22:13.000Z</time>
      </trkpt>
      <trkpt lat="40.267587862908840179443359375" lon="9.47700778953731060028076171875">
        <ele>882.20001220703125</ele>
        <time>2026-09-15T09:22:21.000Z</time>
      </trkpt>
      <trkpt lat="40.2675876952707767486572265625" lon="9.4770077057182788848876953125">
        <ele>882.20001220703125</ele>
        <time>2026-09-15T09:22:24.000Z</time>
      </trkpt>
      <trkpt lat="40.26758761145174503326416015625" lon="9.4770077057182788848876953125">
        <ele>882.20001220703125</ele>
        <time>2026-09-15T09:22:26.000Z</time>
      </trkpt>
      <trkpt lat="40.26758761145174503326416015625" lon="9.4770077057182788848876953125">
        <ele>882.20001220703125</ele>
        <time>2026-09-15T09:22:27.000Z</time>
      </trkpt>
      <trkpt lat="40.26758761145174503326416015625" lon="9.4770077057182788848876953125">
        <ele>882.20001220703125</ele>
        <time>2026-09-15T09:22:28.000Z</time>
      </trkpt>
      <trkpt lat="40.26758744381368160247802734375" lon="9.47700745426118373870849609375">
        <ele>882.20001220703125</ele>
        <time>2026-09-15T09:22:31.000Z</time>
      </trkpt>
      <trkpt lat="40.2675873599946498870849609375" lon="9.47700686752796173095703125">
        <ele>882.20001220703125</ele>
        <time>2026-09-15T09:22:34.000Z</time>
      </trkpt>
      <trkpt lat="40.2675866894423961639404296875" lon="9.4770048558712005615234375">
        <ele>882</ele>
        <time>2026-09-15T09:22:50.000Z</time>
      </trkpt>
      <trkpt lat="40.26758618652820587158203125" lon="9.47700309567153453826904296875">
        <ele>882</ele>
        <time>2026-09-15T09:23:02.000Z</time>
      </trkpt>
      <trkpt lat="40.26758543215692043304443359375" lon="9.47700091637670993804931640625">
        <ele>881.79998779296875</ele>
        <time>2026-09-15T09:23:22.000Z</time>
      </trkpt>
      <trkpt lat="40.2675900422036647796630859375" lon="9.476995803415775299072265625">
        <ele>881.4000244140625</ele>
        <time>2026-09-15T09:23:42.000Z</time>
      </trkpt>
      <trkpt lat="40.267590545117855072021484375" lon="9.4769942946732044219970703125">
        <ele>881.4000244140625</ele>
        <time>2026-09-15T09:23:46.000Z</time>
      </trkpt>
      <trkpt lat="40.2675900422036647796630859375" lon="9.47699186392128467559814453125">
        <ele>881.20001220703125</ele>
        <time>2026-09-15T09:23:59.000Z</time>
      </trkpt>
      <trkpt lat="40.26758677326142787933349609375" lon="9.4769912771880626678466796875">
        <ele>881.20001220703125</ele>
        <time>2026-09-15T09:24:07.000Z</time>
      </trkpt>
      <trkpt lat="40.26758484542369842529296875" lon="9.47698800824582576751708984375">
        <ele>881.20001220703125</ele>
        <time>2026-09-15T09:24:19.000Z</time>
      </trkpt>
      <trkpt lat="40.2675803191959857940673828125" lon="9.47698331438004970550537109375">
        <ele>881</ele>
        <time>2026-09-15T09:24:52.000Z</time>
      </trkpt>
      <trkpt lat="40.26757956482470035552978515625" lon="9.47697979398071765899658203125">
        <ele>880.79998779296875</ele>
        <time>2026-09-15T09:25:09.000Z</time>
      </trkpt>
      <trkpt lat="40.2676051296293735504150390625" lon="9.47699152864515781402587890625">
        <ele>880.79998779296875</ele>
        <time>2026-09-15T09:25:35.000Z</time>
      </trkpt>
      <trkpt lat="40.26757520623505115509033203125" lon="9.47706428356468677520751953125">
        <ele>885.79998779296875</ele>
        <time>2026-09-15T09:25:49.000Z</time>
      </trkpt>
      <trkpt lat="40.2675139345228672027587890625" lon="9.47708423249423503875732421875">
        <ele>885.20001220703125</ele>
        <time>2026-09-15T09:25:55.000Z</time>
      </trkpt>
      <trkpt lat="40.2674924768507480621337890625" lon="9.47707132436335086822509765625">
        <ele>884.5999755859375</ele>
        <time>2026-09-15T09:25:58.000Z</time>
      </trkpt>
      <trkpt lat="40.26747613213956356048583984375" lon="9.47705154307186603546142578125">
        <ele>884.20001220703125</ele>
        <time>2026-09-15T09:26:02.000Z</time>
      </trkpt>
      <trkpt lat="40.26745685376226902008056640625" lon="9.47701231576502323150634765625">
        <ele>883.20001220703125</ele>
        <time>2026-09-15T09:26:10.000Z</time>
      </trkpt>
      <trkpt lat="40.26742835529148578643798828125" lon="9.4769822247326374053955078125">
        <ele>882.5999755859375</ele>
        <time>2026-09-15T09:26:18.000Z</time>
      </trkpt>
      <trkpt lat="40.2674232423305511474609375" lon="9.47699404321610927581787109375">
        <ele>882.79998779296875</ele>
        <time>2026-09-15T09:26:21.000Z</time>
      </trkpt>
      <trkpt lat="40.26741209439933300018310546875" lon="9.4769953005015850067138671875">
        <ele>883.20001220703125</ele>
        <time>2026-09-15T09:26:24.000Z</time>
      </trkpt>
      <trkpt lat="40.26740136556327342987060546875" lon="9.47697937488555908203125">
        <ele>883.20001220703125</ele>
        <time>2026-09-15T09:26:32.000Z</time>
      </trkpt>
      <trkpt lat="40.267395079135894775390625" lon="9.4769768603146076202392578125">
        <ele>883.20001220703125</ele>
        <time>2026-09-15T09:26:52.000Z</time>
      </trkpt>
      <trkpt lat="40.267300195991992950439453125" lon="9.47697962634265422821044921875">
        <ele>885.4000244140625</ele>
        <time>2026-09-15T09:26:58.000Z</time>
      </trkpt>
      <trkpt lat="40.26728536002337932586669921875" lon="9.47698180563747882843017578125">
        <ele>885.79998779296875</ele>
        <time>2026-09-15T09:26:59.000Z</time>
      </trkpt>
      <trkpt lat="40.26720858179032802581787109375" lon="9.47698230855166912078857421875">
        <ele>887.4000244140625</ele>
        <time>2026-09-15T09:27:04.000Z</time>
      </trkpt>
      <trkpt lat="40.267206318676471710205078125" lon="9.476972334086894989013671875">
        <ele>887.4000244140625</ele>
        <time>2026-09-15T09:27:05.000Z</time>
      </trkpt>
      <trkpt lat="40.26720170862972736358642578125" lon="9.47691391222178936004638671875">
        <ele>887</ele>
        <time>2026-09-15T09:27:09.000Z</time>
      </trkpt>
      <trkpt lat="40.26718276552855968475341796875" lon="9.476769156754016876220703125">
        <ele>887.4000244140625</ele>
        <time>2026-09-15T09:27:20.000Z</time>
      </trkpt>
      <trkpt lat="40.26715912856161594390869140625" lon="9.476728253066539764404296875">
        <ele>888</ele>
        <time>2026-09-15T09:27:26.000Z</time>
      </trkpt>
      <trkpt lat="40.26713691651821136474609375" lon="9.4767044484615325927734375">
        <ele>888.20001220703125</ele>
        <time>2026-09-15T09:27:29.000Z</time>
      </trkpt>
      <trkpt lat="40.26712979190051555633544921875" lon="9.47668944485485553741455078125">
        <ele>888.4000244140625</ele>
        <time>2026-09-15T09:27:30.000Z</time>
      </trkpt>
      <trkpt lat="40.26712845079600811004638671875" lon="9.47667427361011505126953125">
        <ele>888.4000244140625</ele>
        <time>2026-09-15T09:27:31.000Z</time>
      </trkpt>
      <trkpt lat="40.267127193510532379150390625" lon="9.4766590185463428497314453125">
        <ele>888.4000244140625</ele>
        <time>2026-09-15T09:27:32.000Z</time>
      </trkpt>
      <trkpt lat="40.26709659956395626068115234375" lon="9.47660042904317378997802734375">
        <ele>888.5999755859375</ele>
        <time>2026-09-15T09:27:38.000Z</time>
      </trkpt>
      <trkpt lat="40.267087630927562713623046875" lon="9.4765944778919219970703125">
        <ele>888.79998779296875</ele>
        <time>2026-09-15T09:27:39.000Z</time>
      </trkpt>
      <trkpt lat="40.26705301366746425628662109375" lon="9.476545192301273345947265625">
        <ele>888.79998779296875</ele>
        <time>2026-09-15T09:27:45.000Z</time>
      </trkpt>
      <trkpt lat="40.26704169809818267822265625" lon="9.47653588838875293731689453125">
        <ele>889</ele>
        <time>2026-09-15T09:27:46.000Z</time>
      </trkpt>
      <trkpt lat="40.267031975090503692626953125" lon="9.47652616538107395172119140625">
        <ele>889.20001220703125</ele>
        <time>2026-09-15T09:27:47.000Z</time>
      </trkpt>
      <trkpt lat="40.26702350936830043792724609375" lon="9.4765166938304901123046875">
        <ele>889.20001220703125</ele>
        <time>2026-09-15T09:27:48.000Z</time>
      </trkpt>
      <trkpt lat="40.26700406335294246673583984375" lon="9.4764783047139644622802734375">
        <ele>889</ele>
        <time>2026-09-15T09:27:52.000Z</time>
      </trkpt>
      <trkpt lat="40.26694689877331256866455078125" lon="9.47638182900846004486083984375">
        <ele>888.5999755859375</ele>
        <time>2026-09-15T09:28:00.000Z</time>
      </trkpt>
      <trkpt lat="40.26694404892623424530029296875" lon="9.4763743691146373748779296875">
        <ele>888.4000244140625</ele>
        <time>2026-09-15T09:28:05.000Z</time>
      </trkpt>
      <trkpt lat="40.26692007668316364288330078125" lon="9.4763220660388469696044921875">
        <ele>888</ele>
        <time>2026-09-15T09:28:13.000Z</time>
      </trkpt>
      <trkpt lat="40.2669055759906768798828125" lon="9.4762734510004520416259765625">
        <ele>887.4000244140625</ele>
        <time>2026-09-15T09:28:19.000Z</time>
      </trkpt>
      <trkpt lat="40.2669040672481060028076171875" lon="9.47626783512532711029052734375">
        <ele>887.20001220703125</ele>
        <time>2026-09-15T09:28:24.000Z</time>
      </trkpt>
      <trkpt lat="40.26690423488616943359375" lon="9.47625073604285717010498046875">
        <ele>886.79998779296875</ele>
        <time>2026-09-15T09:28:26.000Z</time>
      </trkpt>
      <trkpt lat="40.26689685881137847900390625" lon="9.476179741322994232177734375">
        <ele>885.20001220703125</ele>
        <time>2026-09-15T09:28:35.000Z</time>
      </trkpt>
      <trkpt lat="40.26690012775361537933349609375" lon="9.476089887320995330810546875">
        <ele>883.20001220703125</ele>
        <time>2026-09-15T09:28:42.000Z</time>
      </trkpt>
      <trkpt lat="40.2669117785990238189697265625" lon="9.4760607182979583740234375">
        <ele>883.20001220703125</ele>
        <time>2026-09-15T09:28:47.000Z</time>
      </trkpt>
      <trkpt lat="40.26691739447414875030517578125" lon="9.47601713240146636962890625">
        <ele>883.4000244140625</ele>
        <time>2026-09-15T09:28:55.000Z</time>
      </trkpt>
      <trkpt lat="40.26690029539167881011962890625" lon="9.47600095532834529876708984375">
        <ele>884.5999755859375</ele>
        <time>2026-09-15T09:29:03.000Z</time>
      </trkpt>
      <trkpt lat="40.26687271893024444580078125" lon="9.47599793784320354461669921875">
        <ele>885.5999755859375</ele>
        <time>2026-09-15T09:29:07.000Z</time>
      </trkpt>
      <trkpt lat="40.2668666839599609375" lon="9.47600196115672588348388671875">
        <ele>885.5999755859375</ele>
        <time>2026-09-15T09:29:09.000Z</time>
      </trkpt>
      <trkpt lat="40.2668329887092113494873046875" lon="9.4760189764201641082763671875">
        <ele>885.4000244140625</ele>
        <time>2026-09-15T09:29:14.000Z</time>
      </trkpt>
      <trkpt lat="40.2668224275112152099609375" lon="9.47601788677275180816650390625">
        <ele>885.4000244140625</ele>
        <time>2026-09-15T09:29:17.000Z</time>
      </trkpt>
      <trkpt lat="40.26679895818233489990234375" lon="9.47602258063852787017822265625">
        <ele>885.4000244140625</ele>
        <time>2026-09-15T09:29:28.000Z</time>
      </trkpt>
      <trkpt lat="40.26675528846681118011474609375" lon="9.4760191440582275390625">
        <ele>886.20001220703125</ele>
        <time>2026-09-15T09:29:35.000Z</time>
      </trkpt>
      <trkpt lat="40.2667451463639736175537109375" lon="9.475995004177093505859375">
        <ele>886.4000244140625</ele>
        <time>2026-09-15T09:29:41.000Z</time>
      </trkpt>
      <trkpt lat="40.26670667342841625213623046875" lon="9.47600984014570713043212890625">
        <ele>887.20001220703125</ele>
        <time>2026-09-15T09:29:47.000Z</time>
      </trkpt>
      <trkpt lat="40.266704075038433074951171875" lon="9.47601486928761005401611328125">
        <ele>887.20001220703125</ele>
        <time>2026-09-15T09:29:53.000Z</time>
      </trkpt>
      <trkpt lat="40.26669795624911785125732421875" lon="9.47599860839545726776123046875">
        <ele>887.20001220703125</ele>
        <time>2026-09-15T09:29:59.000Z</time>
      </trkpt>
      <trkpt lat="40.26669141836464405059814453125" lon="9.4759844429790973663330078125">
        <ele>887.4000244140625</ele>
        <time>2026-09-15T09:30:01.000Z</time>
      </trkpt>
      <trkpt lat="40.2666737325489521026611328125" lon="9.475941024720668792724609375">
        <ele>887.79998779296875</ele>
        <time>2026-09-15T09:30:09.000Z</time>
      </trkpt>
      <trkpt lat="40.266647078096866607666015625" lon="9.475930631160736083984375">
        <ele>888.20001220703125</ele>
        <time>2026-09-15T09:30:15.000Z</time>
      </trkpt>
      <trkpt lat="40.266627967357635498046875" lon="9.47589685209095478057861328125">
        <ele>888.5999755859375</ele>
        <time>2026-09-15T09:30:19.000Z</time>
      </trkpt>
      <trkpt lat="40.26662503369152545928955078125" lon="9.4758711196482181549072265625">
        <ele>888.5999755859375</ele>
        <time>2026-09-15T09:30:22.000Z</time>
      </trkpt>
      <trkpt lat="40.26662419550120830535888671875" lon="9.4758707843720912933349609375">
        <ele>888.5999755859375</ele>
        <time>2026-09-15T09:30:28.000Z</time>
      </trkpt>
      <trkpt lat="40.26661145500838756561279296875" lon="9.47588997893035411834716796875">
        <ele>888.79998779296875</ele>
        <time>2026-09-15T09:30:33.000Z</time>
      </trkpt>
      <trkpt lat="40.26660583913326263427734375" lon="9.47589416988193988800048828125">
        <ele>889</ele>
        <time>2026-09-15T09:30:35.000Z</time>
      </trkpt>
      <trkpt lat="40.26656585745513439178466796875" lon="9.47587556205689907073974609375">
        <ele>888.4000244140625</ele>
        <time>2026-09-15T09:30:44.000Z</time>
      </trkpt>
      <trkpt lat="40.2665412984788417816162109375" lon="9.47588981129229068756103515625">
        <ele>888</ele>
        <time>2026-09-15T09:30:52.000Z</time>
      </trkpt>
      <trkpt lat="40.26654289104044437408447265625" lon="9.475839100778102874755859375">
        <ele>888</ele>
        <time>2026-09-15T09:30:59.000Z</time>
      </trkpt>
      <trkpt lat="40.2665178291499614715576171875" lon="9.47580800391733646392822265625">
        <ele>887.4000244140625</ele>
        <time>2026-09-15T09:31:05.000Z</time>
      </trkpt>
      <trkpt lat="40.26650818996131420135498046875" lon="9.47582401335239410400390625">
        <ele>887.4000244140625</ele>
        <time>2026-09-15T09:31:10.000Z</time>
      </trkpt>
      <trkpt lat="40.2664638496935367584228515625" lon="9.4758273661136627197265625">
        <ele>886.5999755859375</ele>
        <time>2026-09-15T09:31:16.000Z</time>
      </trkpt>
      <trkpt lat="40.2664128877222537994384765625" lon="9.475745894014835357666015625">
        <ele>885.5999755859375</ele>
        <time>2026-09-15T09:31:23.000Z</time>
      </trkpt>
      <trkpt lat="40.26634457521140575408935546875" lon="9.475683532655239105224609375">
        <ele>884.4000244140625</ele>
        <time>2026-09-15T09:31:31.000Z</time>
      </trkpt>
      <trkpt lat="40.26633418165147304534912109375" lon="9.4756837002933025360107421875">
        <ele>884.20001220703125</ele>
        <time>2026-09-15T09:31:32.000Z</time>
      </trkpt>
      <trkpt lat="40.26632412336766719818115234375" lon="9.47568663395941257476806640625">
        <ele>884</ele>
        <time>2026-09-15T09:31:33.000Z</time>
      </trkpt>
      <trkpt lat="40.2663143165409564971923828125" lon="9.47568428702652454376220703125">
        <ele>883.79998779296875</ele>
        <time>2026-09-15T09:31:34.000Z</time>
      </trkpt>
      <trkpt lat="40.26628925465047359466552734375" lon="9.4756531901657581329345703125">
        <ele>883.4000244140625</ele>
        <time>2026-09-15T09:31:37.000Z</time>
      </trkpt>
      <trkpt lat="40.26626796461641788482666015625" lon="9.47562326677143573760986328125">
        <ele>883</ele>
        <time>2026-09-15T09:31:40.000Z</time>
      </trkpt>
      <trkpt lat="40.266257822513580322265625" lon="9.47559577412903308868408203125">
        <ele>882.79998779296875</ele>
        <time>2026-09-15T09:31:42.000Z</time>
      </trkpt>
      <trkpt lat="40.26624105870723724365234375" lon="9.47557884268462657928466796875">
        <ele>882.5999755859375</ele>
        <time>2026-09-15T09:31:44.000Z</time>
      </trkpt>
      <trkpt lat="40.2662201039493083953857421875" lon="9.4755744002759456634521484375">
        <ele>882.20001220703125</ele>
        <time>2026-09-15T09:31:46.000Z</time>
      </trkpt>
      <trkpt lat="40.2661815471947193145751953125" lon="9.47556316852569580078125">
        <ele>881.4000244140625</ele>
        <time>2026-09-15T09:31:50.000Z</time>
      </trkpt>
      <trkpt lat="40.26611608453094959259033203125" lon="9.475522935390472412109375">
        <ele>880.4000244140625</ele>
        <time>2026-09-15T09:31:57.000Z</time>
      </trkpt>
      <trkpt lat="40.2660682238638401031494140625" lon="9.47549946606159210205078125">
        <ele>879.5999755859375</ele>
        <time>2026-09-15T09:32:02.000Z</time>
      </trkpt>
      <trkpt lat="40.26605640538036823272705078125" lon="9.47549485601484775543212890625">
        <ele>879.4000244140625</ele>
        <time>2026-09-15T09:32:03.000Z</time>
      </trkpt>
      <trkpt lat="40.26602874509990215301513671875" lon="9.47547658346593379974365234375">
        <ele>878.79998779296875</ele>
        <time>2026-09-15T09:32:06.000Z</time>
      </trkpt>
      <trkpt lat="40.26598985306918621063232421875" lon="9.47543920017778873443603515625">
        <ele>878</ele>
        <time>2026-09-15T09:32:11.000Z</time>
      </trkpt>
      <trkpt lat="40.2659468539059162139892578125" lon="9.4753608293831348419189453125">
        <ele>877.20001220703125</ele>
        <time>2026-09-15T09:32:17.000Z</time>
      </trkpt>
      <trkpt lat="40.2659378014504909515380859375" lon="9.4753531180322170257568359375">
        <ele>877</ele>
        <time>2026-09-15T09:32:18.000Z</time>
      </trkpt>
      <trkpt lat="40.26589111424982547760009765625" lon="9.47529335506260395050048828125">
        <ele>876</ele>
        <time>2026-09-15T09:32:24.000Z</time>
      </trkpt>
      <trkpt lat="40.2658804692327976226806640625" lon="9.4752639345824718475341796875">
        <ele>875.79998779296875</ele>
        <time>2026-09-15T09:32:26.000Z</time>
      </trkpt>
      <trkpt lat="40.26586680673062801361083984375" lon="9.47524356655776500701904296875">
        <ele>875.4000244140625</ele>
        <time>2026-09-15T09:32:28.000Z</time>
      </trkpt>
      <trkpt lat="40.26581685058772563934326171875" lon="9.47522713802754878997802734375">
        <ele>874.20001220703125</ele>
        <time>2026-09-15T09:32:32.000Z</time>
      </trkpt>
      <trkpt lat="40.26580997742712497711181640625" lon="9.4752220250666141510009765625">
        <ele>874</ele>
        <time>2026-09-15T09:32:34.000Z</time>
      </trkpt>
      <trkpt lat="40.2658053673803806304931640625" lon="9.4752119667828083038330078125">
        <ele>874</ele>
        <time>2026-09-15T09:32:36.000Z</time>
      </trkpt>
      <trkpt lat="40.26582062244415283203125" lon="9.47514264844357967376708984375">
        <ele>874.4000244140625</ele>
        <time>2026-09-15T09:32:41.000Z</time>
      </trkpt>
      <trkpt lat="40.2658326923847198486328125" lon="9.47512856684625148773193359375">
        <ele>874.5999755859375</ele>
        <time>2026-09-15T09:32:42.000Z</time>
      </trkpt>
      <trkpt lat="40.265860855579376220703125" lon="9.4750763475894927978515625">
        <ele>875.4000244140625</ele>
        <time>2026-09-15T09:32:46.000Z</time>
      </trkpt>
      <trkpt lat="40.265862531960010528564453125" lon="9.47503552772104740142822265625">
        <ele>875.4000244140625</ele>
        <time>2026-09-15T09:32:49.000Z</time>
      </trkpt>
      <trkpt lat="40.26582959108054637908935546875" lon="9.4748805463314056396484375">
        <ele>875.4000244140625</ele>
        <time>2026-09-15T09:32:58.000Z</time>
      </trkpt>
      <trkpt lat="40.26579354889690876007080078125" lon="9.47478557936847209930419921875">
        <ele>875.20001220703125</ele>
        <time>2026-09-15T09:33:05.000Z</time>
      </trkpt>
      <trkpt lat="40.265776030719280242919921875" lon="9.47476076893508434295654296875">
        <ele>874.79998779296875</ele>
        <time>2026-09-15T09:33:07.000Z</time>
      </trkpt>
      <trkpt lat="40.2657487057149410247802734375" lon="9.4747124053537845611572265625">
        <ele>874.5999755859375</ele>
        <time>2026-09-15T09:33:10.000Z</time>
      </trkpt>
      <trkpt lat="40.26573521085083484649658203125" lon="9.47468273341655731201171875">
        <ele>874.5999755859375</ele>
        <time>2026-09-15T09:33:12.000Z</time>
      </trkpt>
      <trkpt lat="40.26571576483547687530517578125" lon="9.47465683333575725555419921875">
        <ele>874.4000244140625</ele>
        <time>2026-09-15T09:33:14.000Z</time>
      </trkpt>
      <trkpt lat="40.26568860746920108795166015625" lon="9.4746311008930206298828125">
        <ele>874.20001220703125</ele>
        <time>2026-09-15T09:33:16.000Z</time>
      </trkpt>
      <trkpt lat="40.26566530577838420867919921875" lon="9.47453211061656475067138671875">
        <ele>874.4000244140625</ele>
        <time>2026-09-15T09:33:22.000Z</time>
      </trkpt>
      <trkpt lat="40.26563622057437896728515625" lon="9.47436329908668994903564453125">
        <ele>875.5999755859375</ele>
        <time>2026-09-15T09:33:32.000Z</time>
      </trkpt>
      <trkpt lat="40.26561073958873748779296875" lon="9.474278055131435394287109375">
        <ele>876.4000244140625</ele>
        <time>2026-09-15T09:33:40.000Z</time>
      </trkpt>
      <trkpt lat="40.26555751450359821319580078125" lon="9.4742024503648281097412109375">
        <ele>876.5999755859375</ele>
        <time>2026-09-15T09:33:47.000Z</time>
      </trkpt>
      <trkpt lat="40.2655384875833988189697265625" lon="9.4741434417665004730224609375">
        <ele>876.79998779296875</ele>
        <time>2026-09-15T09:33:52.000Z</time>
      </trkpt>
      <trkpt lat="40.265505798161029815673828125" lon="9.4740834273397922515869140625">
        <ele>876.79998779296875</ele>
        <time>2026-09-15T09:33:56.000Z</time>
      </trkpt>
      <trkpt lat="40.26542508043348789215087890625" lon="9.47394655086100101470947265625">
        <ele>876.5999755859375</ele>
        <time>2026-09-15T09:34:06.000Z</time>
      </trkpt>
      <trkpt lat="40.26537730358541011810302734375" lon="9.4737873785197734832763671875">
        <ele>878</ele>
        <time>2026-09-15T09:34:17.000Z</time>
      </trkpt>
      <trkpt lat="40.26537001132965087890625" lon="9.4737642444670200347900390625">
        <ele>878.4000244140625</ele>
        <time>2026-09-15T09:34:19.000Z</time>
      </trkpt>
      <trkpt lat="40.26534176431596279144287109375" lon="9.47369341738522052764892578125">
        <ele>879.20001220703125</ele>
        <time>2026-09-15T09:34:24.000Z</time>
      </trkpt>
      <trkpt lat="40.26532642543315887451171875" lon="9.47357523255050182342529296875">
        <ele>880.79998779296875</ele>
        <time>2026-09-15T09:34:33.000Z</time>
      </trkpt>
      <trkpt lat="40.2653165347874164581298828125" lon="9.47353131137788295745849609375">
        <ele>881.4000244140625</ele>
        <time>2026-09-15T09:34:36.000Z</time>
      </trkpt>
      <trkpt lat="40.26527990587055683135986328125" lon="9.47346844710409641265869140625">
        <ele>882.20001220703125</ele>
        <time>2026-09-15T09:34:40.000Z</time>
      </trkpt>
      <trkpt lat="40.26525476016104221343994140625" lon="9.473359398543834686279296875">
        <ele>883.79998779296875</ele>
        <time>2026-09-15T09:34:48.000Z</time>
      </trkpt>
      <trkpt lat="40.265202037990093231201171875" lon="9.4732712209224700927734375">
        <ele>884.5999755859375</ele>
        <time>2026-09-15T09:34:56.000Z</time>
      </trkpt>
      <trkpt lat="40.26518083177506923675537109375" lon="9.4732398726046085357666015625">
        <ele>884.5999755859375</ele>
        <time>2026-09-15T09:34:59.000Z</time>
      </trkpt>
      <trkpt lat="40.2651743777096271514892578125" lon="9.47322637774050235748291015625">
        <ele>884.5999755859375</ele>
        <time>2026-09-15T09:35:00.000Z</time>
      </trkpt>
      <trkpt lat="40.2651462145149707794189453125" lon="9.47316384874284267425537109375">
        <ele>885</ele>
        <time>2026-09-15T09:35:04.000Z</time>
      </trkpt>
      <trkpt lat="40.26512450538575649261474609375" lon="9.47313920594751834869384765625">
        <ele>884.79998779296875</ele>
        <time>2026-09-15T09:35:06.000Z</time>
      </trkpt>
      <trkpt lat="40.26507874019443988800048828125" lon="9.47309142909944057464599609375">
        <ele>884.4000244140625</ele>
        <time>2026-09-15T09:35:11.000Z</time>
      </trkpt>
      <trkpt lat="40.26504881680011749267578125" lon="9.47307717986404895782470703125">
        <ele>884</ele>
        <time>2026-09-15T09:35:14.000Z</time>
      </trkpt>
      <trkpt lat="40.26502610184252262115478515625" lon="9.473067708313465118408203125">
        <ele>883.5999755859375</ele>
        <time>2026-09-15T09:35:16.000Z</time>
      </trkpt>
      <trkpt lat="40.264973379671573638916015625" lon="9.47304113768041133880615234375">
        <ele>882.79998779296875</ele>
        <time>2026-09-15T09:35:21.000Z</time>
      </trkpt>
      <trkpt lat="40.2649636566638946533203125" lon="9.47302454151213169097900390625">
        <ele>882.79998779296875</ele>
        <time>2026-09-15T09:35:23.000Z</time>
      </trkpt>
      <trkpt lat="40.26495686732232570648193359375" lon="9.473017416894435882568359375">
        <ele>882.5999755859375</ele>
        <time>2026-09-15T09:35:24.000Z</time>
      </trkpt>
      <trkpt lat="40.26490934193134307861328125" lon="9.47299989871680736541748046875">
        <ele>881.79998779296875</ele>
        <time>2026-09-15T09:35:28.000Z</time>
      </trkpt>
      <trkpt lat="40.26489861309528350830078125" lon="9.47299671359360218048095703125">
        <ele>881.5999755859375</ele>
        <time>2026-09-15T09:35:29.000Z</time>
      </trkpt>
      <trkpt lat="40.26485393755137920379638671875" lon="9.47293435223400592803955078125">
        <ele>881</ele>
        <time>2026-09-15T09:35:35.000Z</time>
      </trkpt>
      <trkpt lat="40.26484019123017787933349609375" lon="9.472847096621990203857421875">
        <ele>881.4000244140625</ele>
        <time>2026-09-15T09:35:41.000Z</time>
      </trkpt>
      <trkpt lat="40.26483180932700634002685546875" lon="9.47277962230145931243896484375">
        <ele>881.79998779296875</ele>
        <time>2026-09-15T09:35:45.000Z</time>
      </trkpt>
      <trkpt lat="40.26480699889361858367919921875" lon="9.4727374613285064697265625">
        <ele>881.4000244140625</ele>
        <time>2026-09-15T09:35:48.000Z</time>
      </trkpt>
      <trkpt lat="40.26474111713469028472900390625" lon="9.47264651767909526824951171875">
        <ele>880.20001220703125</ele>
        <time>2026-09-15T09:35:57.000Z</time>
      </trkpt>
      <trkpt lat="40.2646741457283496856689453125" lon="9.47254844941198825836181640625">
        <ele>879.20001220703125</ele>
        <time>2026-09-15T09:36:04.000Z</time>
      </trkpt>
      <trkpt lat="40.26465453207492828369140625" lon="9.472531937062740325927734375">
        <ele>878.79998779296875</ele>
        <time>2026-09-15T09:36:06.000Z</time>
      </trkpt>
      <trkpt lat="40.264594517648220062255859375" lon="9.472484998404979705810546875">
        <ele>877.4000244140625</ele>
        <time>2026-09-15T09:36:13.000Z</time>
      </trkpt>
      <trkpt lat="40.264569036662578582763671875" lon="9.47245373390614986419677734375">
        <ele>877</ele>
        <time>2026-09-15T09:36:16.000Z</time>
      </trkpt>
      <trkpt lat="40.26454196311533451080322265625" lon="9.4724217988550662994384765625">
        <ele>876.4000244140625</ele>
        <time>2026-09-15T09:36:19.000Z</time>
      </trkpt>
      <trkpt lat="40.2644873969256877899169921875" lon="9.47240461595356464385986328125">
        <ele>875</ele>
        <time>2026-09-15T09:36:23.000Z</time>
      </trkpt>
      <trkpt lat="40.2644433081150054931640625" lon="9.472383074462413787841796875">
        <ele>874</ele>
        <time>2026-09-15T09:36:27.000Z</time>
      </trkpt>
      <trkpt lat="40.26442646048963069915771484375" lon="9.4723762013018131256103515625">
        <ele>873.5999755859375</ele>
        <time>2026-09-15T09:36:29.000Z</time>
      </trkpt>
      <trkpt lat="40.264414809644222259521484375" lon="9.4723780453205108642578125">
        <ele>873.4000244140625</ele>
        <time>2026-09-15T09:36:30.000Z</time>
      </trkpt>
      <trkpt lat="40.26437616907060146331787109375" lon="9.47238349355757236480712890625">
        <ele>872.4000244140625</ele>
        <time>2026-09-15T09:36:33.000Z</time>
      </trkpt>
      <trkpt lat="40.26435471139848232269287109375" lon="9.47238801978528499603271484375">
        <ele>872</ele>
        <time>2026-09-15T09:36:37.000Z</time>
      </trkpt>
      <trkpt lat="40.26434800587594509124755859375" lon="9.47236798703670501708984375">
        <ele>871.79998779296875</ele>
        <time>2026-09-15T09:36:40.000Z</time>
      </trkpt>
      <trkpt lat="40.26433777995407581329345703125" lon="9.47234326042234897613525390625">
        <ele>871.79998779296875</ele>
        <time>2026-09-15T09:36:43.000Z</time>
      </trkpt>
      <trkpt lat="40.2643140591681003570556640625" lon="9.47232238948345184326171875">
        <ele>871.4000244140625</ele>
        <time>2026-09-15T09:36:47.000Z</time>
      </trkpt>
      <trkpt lat="40.26428933255374431610107421875" lon="9.4723131693899631500244140625">
        <ele>871</ele>
        <time>2026-09-15T09:36:50.000Z</time>
      </trkpt>
      <trkpt lat="40.26426385156810283660888671875" lon="9.47230537422001361846923828125">
        <ele>870.5999755859375</ele>
        <time>2026-09-15T09:36:52.000Z</time>
      </trkpt>
      <trkpt lat="40.26424054987728595733642578125" lon="9.47230336256325244903564453125">
        <ele>870.20001220703125</ele>
        <time>2026-09-15T09:36:54.000Z</time>
      </trkpt>
      <trkpt lat="40.26418254710733890533447265625" lon="9.47228257544338703155517578125">
        <ele>869.20001220703125</ele>
        <time>2026-09-15T09:37:00.000Z</time>
      </trkpt>
      <trkpt lat="40.2641289867460727691650390625" lon="9.47225558571517467498779296875">
        <ele>868.20001220703125</ele>
        <time>2026-09-15T09:37:06.000Z</time>
      </trkpt>
      <trkpt lat="40.26411884464323520660400390625" lon="9.47223228402435779571533203125">
        <ele>868.20001220703125</ele>
        <time>2026-09-15T09:37:08.000Z</time>
      </trkpt>
      <trkpt lat="40.26408992707729339599609375" lon="9.4721787236630916595458984375">
        <ele>867.79998779296875</ele>
        <time>2026-09-15T09:37:12.000Z</time>
      </trkpt>
      <trkpt lat="40.26407341472804546356201171875" lon="9.47211812250316143035888671875">
        <ele>867.4000244140625</ele>
        <time>2026-09-15T09:37:16.000Z</time>
      </trkpt>
      <trkpt lat="40.2640679664909839630126953125" lon="9.472100771963596343994140625">
        <ele>867.4000244140625</ele>
        <time>2026-09-15T09:37:17.000Z</time>
      </trkpt>
      <trkpt lat="40.26400786824524402618408203125" lon="9.4719141907989978790283203125">
        <ele>866</ele>
        <time>2026-09-15T09:37:27.000Z</time>
      </trkpt>
      <trkpt lat="40.26395137421786785125732421875" lon="9.471805058419704437255859375">
        <ele>864.20001220703125</ele>
        <time>2026-09-15T09:37:35.000Z</time>
      </trkpt>
      <trkpt lat="40.26389286853373050689697265625" lon="9.47168896906077861785888671875">
        <ele>862.20001220703125</ele>
        <time>2026-09-15T09:37:44.000Z</time>
      </trkpt>
      <trkpt lat="40.2638611011207103729248046875" lon="9.471585787832736968994140625">
        <ele>861.4000244140625</ele>
        <time>2026-09-15T09:37:52.000Z</time>
      </trkpt>
      <trkpt lat="40.2638554014265537261962890625" lon="9.471571035683155059814453125">
        <ele>861.4000244140625</ele>
        <time>2026-09-15T09:37:53.000Z</time>
      </trkpt>
      <trkpt lat="40.26382950134575366973876953125" lon="9.47150339372456073760986328125">
        <ele>860.79998779296875</ele>
        <time>2026-09-15T09:37:58.000Z</time>
      </trkpt>
      <trkpt lat="40.2637970633804798126220703125" lon="9.4714796729385852813720703125">
        <ele>859.79998779296875</ele>
        <time>2026-09-15T09:38:01.000Z</time>
      </trkpt>
      <trkpt lat="40.2637585066258907318115234375" lon="9.47146249003708362579345703125">
        <ele>858.4000244140625</ele>
        <time>2026-09-15T09:38:04.000Z</time>
      </trkpt>
      <trkpt lat="40.2637347020208835601806640625" lon="9.47143298573791980743408203125">
        <ele>857.5999755859375</ele>
        <time>2026-09-15T09:38:07.000Z</time>
      </trkpt>
      <trkpt lat="40.2637003362178802490234375" lon="9.47141043841838836669921875">
        <ele>856.4000244140625</ele>
        <time>2026-09-15T09:38:10.000Z</time>
      </trkpt>
      <trkpt lat="40.2636750228703022003173828125" lon="9.4713831134140491485595703125">
        <ele>855.5999755859375</ele>
        <time>2026-09-15T09:38:13.000Z</time>
      </trkpt>
      <trkpt lat="40.26363135315477848052978515625" lon="9.47136207483708858489990234375">
        <ele>854.4000244140625</ele>
        <time>2026-09-15T09:38:18.000Z</time>
      </trkpt>
      <trkpt lat="40.26362045668065547943115234375" lon="9.47135545313358306884765625">
        <ele>854.20001220703125</ele>
        <time>2026-09-15T09:38:19.000Z</time>
      </trkpt>
      <trkpt lat="40.26361056603491306304931640625" lon="9.4713552854955196380615234375">
        <ele>853.79998779296875</ele>
        <time>2026-09-15T09:38:20.000Z</time>
      </trkpt>
      <trkpt lat="40.26359975337982177734375" lon="9.47135679423809051513671875">
        <ele>853.4000244140625</ele>
        <time>2026-09-15T09:38:21.000Z</time>
      </trkpt>
      <trkpt lat="40.26357150636613368988037109375" lon="9.47135369293391704559326171875">
        <ele>852.4000244140625</ele>
        <time>2026-09-15T09:38:24.000Z</time>
      </trkpt>
      <trkpt lat="40.2635271660983562469482421875" lon="9.47133860550820827484130859375">
        <ele>851.20001220703125</ele>
        <time>2026-09-15T09:38:30.000Z</time>
      </trkpt>
      <trkpt lat="40.26346555911004543304443359375" lon="9.47131521999835968017578125">
        <ele>849.79998779296875</ele>
        <time>2026-09-15T09:38:37.000Z</time>
      </trkpt>
      <trkpt lat="40.26344460435211658477783203125" lon="9.47130071930587291717529296875">
        <ele>849.4000244140625</ele>
        <time>2026-09-15T09:38:39.000Z</time>
      </trkpt>
      <trkpt lat="40.263436473906040191650390625" lon="9.47129066102206707000732421875">
        <ele>849.4000244140625</ele>
        <time>2026-09-15T09:38:40.000Z</time>
      </trkpt>
      <trkpt lat="40.26338945142924785614013671875" lon="9.4712456502020359039306640625">
        <ele>848.79998779296875</ele>
        <time>2026-09-15T09:38:44.000Z</time>
      </trkpt>
      <trkpt lat="40.26337536983191967010498046875" lon="9.471237771213054656982421875">
        <ele>848.5999755859375</ele>
        <time>2026-09-15T09:38:45.000Z</time>
      </trkpt>
      <trkpt lat="40.263346619904041290283203125" lon="9.47122343815863132476806640625">
        <ele>848</ele>
        <time>2026-09-15T09:38:47.000Z</time>
      </trkpt>
      <trkpt lat="40.2632867731153964996337890625" lon="9.47117767296731472015380859375">
        <ele>847</ele>
        <time>2026-09-15T09:38:52.000Z</time>
      </trkpt>
      <trkpt lat="40.26323170401155948638916015625" lon="9.471151269972324371337890625">
        <ele>845.5999755859375</ele>
        <time>2026-09-15T09:38:57.000Z</time>
      </trkpt>
      <trkpt lat="40.26318141259253025054931640625" lon="9.471097290515899658203125">
        <ele>844.5999755859375</ele>
        <time>2026-09-15T09:39:03.000Z</time>
      </trkpt>
      <trkpt lat="40.2631747908890247344970703125" lon="9.471085555851459503173828125">
        <ele>844.5999755859375</ele>
        <time>2026-09-15T09:39:04.000Z</time>
      </trkpt>
      <trkpt lat="40.2630832605063915252685546875" lon="9.4709834642708301544189453125">
        <ele>842.79998779296875</ele>
        <time>2026-09-15T09:39:13.000Z</time>
      </trkpt>
      <trkpt lat="40.26307202875614166259765625" lon="9.47096921503543853759765625">
        <ele>842.5999755859375</ele>
        <time>2026-09-15T09:39:14.000Z</time>
      </trkpt>
      <trkpt lat="40.26302416808903217315673828125" lon="9.470898471772670745849609375">
        <ele>842</ele>
        <time>2026-09-15T09:39:19.000Z</time>
      </trkpt>
      <trkpt lat="40.26299600489437580108642578125" lon="9.4708478450775146484375">
        <ele>841.79998779296875</ele>
        <time>2026-09-15T09:39:22.000Z</time>
      </trkpt>
      <trkpt lat="40.26296499185264110565185546875" lon="9.4708017446100711822509765625">
        <ele>841</ele>
        <time>2026-09-15T09:39:26.000Z</time>
      </trkpt>
      <trkpt lat="40.26295342482626438140869140625" lon="9.47076092474162578582763671875">
        <ele>841</ele>
        <time>2026-09-15T09:39:30.000Z</time>
      </trkpt>
      <trkpt lat="40.2629380859434604644775390625" lon="9.47075656615197658538818359375">
        <ele>840.4000244140625</ele>
        <time>2026-09-15T09:39:32.000Z</time>
      </trkpt>
      <trkpt lat="40.26292375288903713226318359375" lon="9.47072404436767101287841796875">
        <ele>840.20001220703125</ele>
        <time>2026-09-15T09:39:36.000Z</time>
      </trkpt>
      <trkpt lat="40.26289994828402996063232421875" lon="9.4706547260284423828125">
        <ele>840</ele>
        <time>2026-09-15T09:39:43.000Z</time>
      </trkpt>
      <trkpt lat="40.26286541484296321868896484375" lon="9.4706056080758571624755859375">
        <ele>838.79998779296875</ele>
        <time>2026-09-15T09:39:49.000Z</time>
      </trkpt>
      <trkpt lat="40.2628157101571559906005859375" lon="9.47054048068821430206298828125">
        <ele>837.4000244140625</ele>
        <time>2026-09-15T09:39:57.000Z</time>
      </trkpt>
      <trkpt lat="40.2627607248723506927490234375" lon="9.47051650844514369964599609375">
        <ele>835</ele>
        <time>2026-09-15T09:40:04.000Z</time>
      </trkpt>
      <trkpt lat="40.2627593837678432464599609375" lon="9.47050209157168865203857421875">
        <ele>835</ele>
        <time>2026-09-15T09:40:05.000Z</time>
      </trkpt>
      <trkpt lat="40.2627597190439701080322265625" lon="9.470464289188385009765625">
        <ele>835.5999755859375</ele>
        <time>2026-09-15T09:40:08.000Z</time>
      </trkpt>
      <trkpt lat="40.262754522264003753662109375" lon="9.47044693864881992340087890625">
        <ele>835.5999755859375</ele>
        <time>2026-09-15T09:40:10.000Z</time>
      </trkpt>
      <trkpt lat="40.262745134532451629638671875" lon="9.47038155980408191680908203125">
        <ele>836</ele>
        <time>2026-09-15T09:40:15.000Z</time>
      </trkpt>
      <trkpt lat="40.26272912509739398956298828125" lon="9.4703846611082553863525390625">
        <ele>835.20001220703125</ele>
        <time>2026-09-15T09:40:21.000Z</time>
      </trkpt>
      <trkpt lat="40.26268285699188709259033203125" lon="9.47043201886117458343505859375">
        <ele>832.20001220703125</ele>
        <time>2026-09-15T09:40:28.000Z</time>
      </trkpt>
      <trkpt lat="40.26265083812177181243896484375" lon="9.470401592552661895751953125">
        <ele>831</ele>
        <time>2026-09-15T09:40:34.000Z</time>
      </trkpt>
      <trkpt lat="40.2626430429518222808837890625" lon="9.47039647959172725677490234375">
        <ele>830.79998779296875</ele>
        <time>2026-09-15T09:40:35.000Z</time>
      </trkpt>
      <trkpt lat="40.26261798106133937835693359375" lon="9.47037108242511749267578125">
        <ele>829.79998779296875</ele>
        <time>2026-09-15T09:40:38.000Z</time>
      </trkpt>
      <trkpt lat="40.2626061625778675079345703125" lon="9.47034819982945919036865234375">
        <ele>829.5999755859375</ele>
        <time>2026-09-15T09:40:40.000Z</time>
      </trkpt>
      <trkpt lat="40.26258797384798526763916015625" lon="9.47033621370792388916015625">
        <ele>828.79998779296875</ele>
        <time>2026-09-15T09:40:45.000Z</time>
      </trkpt>
      <trkpt lat="40.2625297196209430694580078125" lon="9.47034291923046112060546875">
        <ele>825.79998779296875</ele>
        <time>2026-09-15T09:40:52.000Z</time>
      </trkpt>
      <trkpt lat="40.262503065168857574462890625" lon="9.4703502953052520751953125">
        <ele>824.20001220703125</ele>
        <time>2026-09-15T09:40:55.000Z</time>
      </trkpt>
      <trkpt lat="40.26249007321894168853759765625" lon="9.47033462114632129669189453125">
        <ele>823.79998779296875</ele>
        <time>2026-09-15T09:40:57.000Z</time>
      </trkpt>
      <trkpt lat="40.26244179345667362213134765625" lon="9.47028516791760921478271484375">
        <ele>822.20001220703125</ele>
        <time>2026-09-15T09:41:05.000Z</time>
      </trkpt>
      <trkpt lat="40.2624209225177764892578125" lon="9.47026354260742664337158203125">
        <ele>821.4000244140625</ele>
        <time>2026-09-15T09:41:10.000Z</time>
      </trkpt>
      <trkpt lat="40.2624143846333026885986328125" lon="9.47024174965918064117431640625">
        <ele>821.4000244140625</ele>
        <time>2026-09-15T09:41:16.000Z</time>
      </trkpt>
      <trkpt lat="40.26239653117954730987548828125" lon="9.47024761699140071868896484375">
        <ele>820.20001220703125</ele>
        <time>2026-09-15T09:41:24.000Z</time>
      </trkpt>
      <trkpt lat="40.26238529942929744720458984375" lon="9.47022213600575923919677734375">
        <ele>820</ele>
        <time>2026-09-15T09:41:30.000Z</time>
      </trkpt>
      <trkpt lat="40.26236384175717830657958984375" lon="9.47016648016870021820068359375">
        <ele>820</ele>
        <time>2026-09-15T09:41:37.000Z</time>
      </trkpt>
      <trkpt lat="40.2623466588556766510009765625" lon="9.47010244242846965789794921875">
        <ele>820.20001220703125</ele>
        <time>2026-09-15T09:41:43.000Z</time>
      </trkpt>
      <trkpt lat="40.2623221836984157562255859375" lon="9.47008752264082431793212890625">
        <ele>819</ele>
        <time>2026-09-15T09:41:48.000Z</time>
      </trkpt>
      <trkpt lat="40.26229494251310825347900390625" lon="9.47007997892796993255615234375">
        <ele>817.5999755859375</ele>
        <time>2026-09-15T09:41:53.000Z</time>
      </trkpt>
      <trkpt lat="40.262292511761188507080078125" lon="9.4700767099857330322265625">
        <ele>817.5999755859375</ele>
        <time>2026-09-15T09:41:54.000Z</time>
      </trkpt>
      <trkpt lat="40.26227231137454509735107421875" lon="9.47007075883448123931884765625">
        <ele>816.4000244140625</ele>
        <time>2026-09-15T09:41:58.000Z</time>
      </trkpt>
      <trkpt lat="40.26226208545267581939697265625" lon="9.470070339739322662353515625">
        <ele>815.79998779296875</ele>
        <time>2026-09-15T09:42:03.000Z</time>
      </trkpt>
      <trkpt lat="40.2622574754059314727783203125" lon="9.4700735248625278472900390625">
        <ele>815.4000244140625</ele>
        <time>2026-09-15T09:42:04.000Z</time>
      </trkpt>
      <trkpt lat="40.26224867440760135650634765625" lon="9.47007981128990650177001953125">
        <ele>814.79998779296875</ele>
        <time>2026-09-15T09:42:06.000Z</time>
      </trkpt>
      <trkpt lat="40.26223115622997283935546875" lon="9.47006396949291229248046875">
        <ele>814</ele>
        <time>2026-09-15T09:42:11.000Z</time>
      </trkpt>
      <trkpt lat="40.26222805492579936981201171875" lon="9.47007461450994014739990234375">
        <ele>813.5999755859375</ele>
        <time>2026-09-15T09:42:15.000Z</time>
      </trkpt>
      <trkpt lat="40.262220092117786407470703125" lon="9.4700748659670352935791015625">
        <ele>813.20001220703125</ele>
        <time>2026-09-15T09:42:17.000Z</time>
      </trkpt>
      <trkpt lat="40.26216871105134487152099609375" lon="9.47007209993898868560791015625">
        <ele>810.5999755859375</ele>
        <time>2026-09-15T09:42:27.000Z</time>
      </trkpt>
      <trkpt lat="40.26214138604700565338134765625" lon="9.47008685208857059478759765625">
        <ele>808.79998779296875</ele>
        <time>2026-09-15T09:42:34.000Z</time>
      </trkpt>
      <trkpt lat="40.26213568635284900665283203125" lon="9.47008433751761913299560546875">
        <ele>808.4000244140625</ele>
        <time>2026-09-15T09:42:36.000Z</time>
      </trkpt>
      <trkpt lat="40.26213283650577068328857421875" lon="9.470087103545665740966796875">
        <ele>808.20001220703125</ele>
        <time>2026-09-15T09:42:38.000Z</time>
      </trkpt>
      <trkpt lat="40.26212965138256549835205078125" lon="9.47008316405117511749267578125">
        <ele>808.20001220703125</ele>
        <time>2026-09-15T09:42:41.000Z</time>
      </trkpt>
      <trkpt lat="40.26210266165435314178466796875" lon="9.47010462172329425811767578125">
        <ele>806.20001220703125</ele>
        <time>2026-09-15T09:42:48.000Z</time>
      </trkpt>
      <trkpt lat="40.26205237023532390594482421875" lon="9.47010529227554798126220703125">
        <ele>803.4000244140625</ele>
        <time>2026-09-15T09:42:56.000Z</time>
      </trkpt>
      <trkpt lat="40.26200543157756328582763671875" lon="9.47010797448456287384033203125">
        <ele>800.5999755859375</ele>
        <time>2026-09-15T09:43:03.000Z</time>
      </trkpt>
      <trkpt lat="40.26196117512881755828857421875" lon="9.470071680843830108642578125">
        <ele>798.5999755859375</ele>
        <time>2026-09-15T09:43:10.000Z</time>
      </trkpt>
      <trkpt lat="40.2619091235101222991943359375" lon="9.470041505992412567138671875">
        <ele>796</ele>
        <time>2026-09-15T09:43:16.000Z</time>
      </trkpt>
      <trkpt lat="40.26183846406638622283935546875" lon="9.46995693258941173553466796875">
        <ele>793.79998779296875</ele>
        <time>2026-09-15T09:43:24.000Z</time>
      </trkpt>
      <trkpt lat="40.26175548322498798370361328125" lon="9.469873867928981781005859375">
        <ele>791.79998779296875</ele>
        <time>2026-09-15T09:43:31.000Z</time>
      </trkpt>
      <trkpt lat="40.26166780851781368255615234375" lon="9.46979398839175701141357421875">
        <ele>789.20001220703125</ele>
        <time>2026-09-15T09:43:39.000Z</time>
      </trkpt>
      <trkpt lat="40.261647440493106842041015625" lon="9.46976800449192523956298828125">
        <ele>789</ele>
        <time>2026-09-15T09:43:42.000Z</time>
      </trkpt>
      <trkpt lat="40.2616093866527080535888671875" lon="9.4697226583957672119140625">
        <ele>788.20001220703125</ele>
        <time>2026-09-15T09:43:47.000Z</time>
      </trkpt>
      <trkpt lat="40.2615983225405216217041015625" lon="9.46971419267356395721435546875">
        <ele>787.79998779296875</ele>
        <time>2026-09-15T09:43:48.000Z</time>
      </trkpt>
      <trkpt lat="40.26150268502533435821533203125" lon="9.46962006390094757080078125">
        <ele>787.20001220703125</ele>
        <time>2026-09-15T09:43:56.000Z</time>
      </trkpt>
      <trkpt lat="40.26148323900997638702392578125" lon="9.469598941504955291748046875">
        <ele>787</ele>
        <time>2026-09-15T09:43:58.000Z</time>
      </trkpt>
      <trkpt lat="40.2614125795662403106689453125" lon="9.46950430981814861297607421875">
        <ele>787.4000244140625</ele>
        <time>2026-09-15T09:44:06.000Z</time>
      </trkpt>
      <trkpt lat="40.26135415770113468170166015625" lon="9.46944412775337696075439453125">
        <ele>787</ele>
        <time>2026-09-15T09:44:12.000Z</time>
      </trkpt>
      <trkpt lat="40.2613270841538906097412109375" lon="9.46942216716706752777099609375">
        <ele>786.5999755859375</ele>
        <time>2026-09-15T09:44:14.000Z</time>
      </trkpt>
      <trkpt lat="40.2612731046974658966064453125" lon="9.4693191535770893096923828125">
        <ele>787.20001220703125</ele>
        <time>2026-09-15T09:44:21.000Z</time>
      </trkpt>
      <trkpt lat="40.2612018585205078125" lon="9.4692748971283435821533203125">
        <ele>785.79998779296875</ele>
        <time>2026-09-15T09:44:28.000Z</time>
      </trkpt>
      <trkpt lat="40.26119104586541652679443359375" lon="9.46927003562450408935546875">
        <ele>785.4000244140625</ele>
        <time>2026-09-15T09:44:29.000Z</time>
      </trkpt>
      <trkpt lat="40.2611735276877880096435546875" lon="9.4692598097026348114013671875">
        <ele>785</ele>
        <time>2026-09-15T09:44:31.000Z</time>
      </trkpt>
      <trkpt lat="40.26111577637493610382080078125" lon="9.46921949274837970733642578125">
        <ele>784</ele>
        <time>2026-09-15T09:44:36.000Z</time>
      </trkpt>
      <trkpt lat="40.26102491654455661773681640625" lon="9.46912075392901897430419921875">
        <ele>782.79998779296875</ele>
        <time>2026-09-15T09:44:45.000Z</time>
      </trkpt>
      <trkpt lat="40.26093405671417713165283203125" lon="9.46898194961249828338623046875">
        <ele>781.79998779296875</ele>
        <time>2026-09-15T09:44:55.000Z</time>
      </trkpt>
      <trkpt lat="40.2608464658260345458984375" lon="9.46890064515173435211181640625">
        <ele>779.79998779296875</ele>
        <time>2026-09-15T09:45:04.000Z</time>
      </trkpt>
      <trkpt lat="40.2607611380517482757568359375" lon="9.4687625952064990997314453125">
        <ele>781</ele>
        <time>2026-09-15T09:45:14.000Z</time>
      </trkpt>
      <trkpt lat="40.26067371480166912078857421875" lon="9.4686016626656055450439453125">
        <ele>781.5999755859375</ele>
        <time>2026-09-15T09:45:23.000Z</time>
      </trkpt>
      <trkpt lat="40.260618142783641815185546875" lon="9.4685403071343898773193359375">
        <ele>780.4000244140625</ele>
        <time>2026-09-15T09:45:29.000Z</time>
      </trkpt>
      <trkpt lat="40.2606112696230411529541015625" lon="9.46852982975542545318603515625">
        <ele>780.4000244140625</ele>
        <time>2026-09-15T09:45:30.000Z</time>
      </trkpt>
      <trkpt lat="40.26058788411319255828857421875" lon="9.4684030115604400634765625">
        <ele>783.4000244140625</ele>
        <time>2026-09-15T09:45:38.000Z</time>
      </trkpt>
      <trkpt lat="40.2605452202260494232177734375" lon="9.4682848267257213592529296875">
        <ele>785.4000244140625</ele>
        <time>2026-09-15T09:45:46.000Z</time>
      </trkpt>
      <trkpt lat="40.260514877736568450927734375" lon="9.46819907985627651214599609375">
        <ele>786.79998779296875</ele>
        <time>2026-09-15T09:45:51.000Z</time>
      </trkpt>
      <trkpt lat="40.26049576699733734130859375" lon="9.46813286282122135162353515625">
        <ele>788</ele>
        <time>2026-09-15T09:45:55.000Z</time>
      </trkpt>
      <trkpt lat="40.26047187857329845428466796875" lon="9.46804963052272796630859375">
        <ele>789.5999755859375</ele>
        <time>2026-09-15T09:46:01.000Z</time>
      </trkpt>
      <trkpt lat="40.260445140302181243896484375" lon="9.467971511185169219970703125">
        <ele>790.4000244140625</ele>
        <time>2026-09-15T09:46:06.000Z</time>
      </trkpt>
      <trkpt lat="40.260410606861114501953125" lon="9.46779884397983551025390625">
        <ele>793.5999755859375</ele>
        <time>2026-09-15T09:46:18.000Z</time>
      </trkpt>
      <trkpt lat="40.260356962680816650390625" lon="9.46764050982892513275146484375">
        <ele>793.79998779296875</ele>
        <time>2026-09-15T09:46:28.000Z</time>
      </trkpt>
      <trkpt lat="40.26033726520836353302001953125" lon="9.46760010905563831329345703125">
        <ele>793.4000244140625</ele>
        <time>2026-09-15T09:46:32.000Z</time>
      </trkpt>
      <trkpt lat="40.26031848974525928497314453125" lon="9.46754545904695987701416015625">
        <ele>793.4000244140625</ele>
        <time>2026-09-15T09:46:37.000Z</time>
      </trkpt>
      <trkpt lat="40.26031765155494213104248046875" lon="9.46753171272575855255126953125">
        <ele>793.5999755859375</ele>
        <time>2026-09-15T09:46:38.000Z</time>
      </trkpt>
      <trkpt lat="40.2603145502507686614990234375" lon="9.46746331639587879180908203125">
        <ele>795.20001220703125</ele>
        <time>2026-09-15T09:46:44.000Z</time>
      </trkpt>
      <trkpt lat="40.2603088505566120147705078125" lon="9.467441774904727935791015625">
        <ele>795.4000244140625</ele>
        <time>2026-09-15T09:46:46.000Z</time>
      </trkpt>
      <trkpt lat="40.2603068388998508453369140625" lon="9.46742878295481204986572265625">
        <ele>795.5999755859375</ele>
        <time>2026-09-15T09:46:47.000Z</time>
      </trkpt>
      <trkpt lat="40.2603001333773136138916015625" lon="9.467408247292041778564453125">
        <ele>795.79998779296875</ele>
        <time>2026-09-15T09:46:49.000Z</time>
      </trkpt>
      <trkpt lat="40.2602860517799854278564453125" lon="9.4673473946750164031982421875">
        <ele>796.5999755859375</ele>
        <time>2026-09-15T09:46:53.000Z</time>
      </trkpt>
      <trkpt lat="40.26028110645711421966552734375" lon="9.4673309661448001861572265625">
        <ele>796.5999755859375</ele>
        <time>2026-09-15T09:46:54.000Z</time>
      </trkpt>
      <trkpt lat="40.260233581066131591796875" lon="9.4672246836125850677490234375">
        <ele>796.20001220703125</ele>
        <time>2026-09-15T09:47:02.000Z</time>
      </trkpt>
      <trkpt lat="40.26019628159701824188232421875" lon="9.46709208190441131591796875">
        <ele>797.20001220703125</ele>
        <time>2026-09-15T09:47:11.000Z</time>
      </trkpt>
      <trkpt lat="40.2601941861212253570556640625" lon="9.467065595090389251708984375">
        <ele>797.79998779296875</ele>
        <time>2026-09-15T09:47:13.000Z</time>
      </trkpt>
      <trkpt lat="40.26019125245511531829833984375" lon="9.46705260314047336578369140625">
        <ele>797.79998779296875</ele>
        <time>2026-09-15T09:47:14.000Z</time>
      </trkpt>
      <trkpt lat="40.2601814456284046173095703125" lon="9.46697331033647060394287109375">
        <ele>799.4000244140625</ele>
        <time>2026-09-15T09:47:20.000Z</time>
      </trkpt>
      <trkpt lat="40.260176248848438262939453125" lon="9.46696610189974308013916015625">
        <ele>799.20001220703125</ele>
        <time>2026-09-15T09:47:21.000Z</time>
      </trkpt>
      <trkpt lat="40.26014548726379871368408203125" lon="9.466934166848659515380859375">
        <ele>798.20001220703125</ele>
        <time>2026-09-15T09:47:25.000Z</time>
      </trkpt>
      <trkpt lat="40.26013727299869060516357421875" lon="9.46692016907036304473876953125">
        <ele>798</ele>
        <time>2026-09-15T09:47:26.000Z</time>
      </trkpt>
      <trkpt lat="40.26011380366981029510498046875" lon="9.466853700578212738037109375">
        <ele>797.79998779296875</ele>
        <time>2026-09-15T09:47:31.000Z</time>
      </trkpt>
      <trkpt lat="40.2601090259850025177001953125" lon="9.46682360954582691192626953125">
        <ele>798</ele>
        <time>2026-09-15T09:47:33.000Z</time>
      </trkpt>
      <trkpt lat="40.26010609231889247894287109375" lon="9.4667962007224559783935546875">
        <ele>798.20001220703125</ele>
        <time>2026-09-15T09:47:35.000Z</time>
      </trkpt>
      <trkpt lat="40.26004490442574024200439453125" lon="9.46665546856820583343505859375">
        <ele>796.5999755859375</ele>
        <time>2026-09-15T09:47:45.000Z</time>
      </trkpt>
      <trkpt lat="40.26002998463809490203857421875" lon="9.46662110276520252227783203125">
        <ele>796.4000244140625</ele>
        <time>2026-09-15T09:47:47.000Z</time>
      </trkpt>
      <trkpt lat="40.2600000612437725067138671875" lon="9.4665491022169589996337890625">
        <ele>796</ele>
        <time>2026-09-15T09:47:52.000Z</time>
      </trkpt>
      <trkpt lat="40.2599923498928546905517578125" lon="9.46650375612080097198486328125">
        <ele>796.20001220703125</ele>
        <time>2026-09-15T09:47:55.000Z</time>
      </trkpt>
      <trkpt lat="40.25998748838901519775390625" lon="9.46647559292614459991455078125">
        <ele>796.4000244140625</ele>
        <time>2026-09-15T09:47:57.000Z</time>
      </trkpt>
      <trkpt lat="40.25995756499469280242919921875" lon="9.46643091738224029541015625">
        <ele>795.4000244140625</ele>
        <time>2026-09-15T09:48:02.000Z</time>
      </trkpt>
      <trkpt lat="40.2598810382187366485595703125" lon="9.46628783829510211944580078125">
        <ele>794.5999755859375</ele>
        <time>2026-09-15T09:48:12.000Z</time>
      </trkpt>
      <trkpt lat="40.2598245441913604736328125" lon="9.46614752523601055145263671875">
        <ele>794.79998779296875</ele>
        <time>2026-09-15T09:48:21.000Z</time>
      </trkpt>
      <trkpt lat="40.25978003628551959991455078125" lon="9.4659969024360179901123046875">
        <ele>795.5999755859375</ele>
        <time>2026-09-15T09:48:30.000Z</time>
      </trkpt>
      <trkpt lat="40.2597325108945369720458984375" lon="9.46592154912650585174560546875">
        <ele>795</ele>
        <time>2026-09-15T09:48:37.000Z</time>
      </trkpt>
      <trkpt lat="40.25971868075430393218994140625" lon="9.46589405648410320281982421875">
        <ele>795</ele>
        <time>2026-09-15T09:48:42.000Z</time>
      </trkpt>
      <trkpt lat="40.259713567793369293212890625" lon="9.465876705944538116455078125">
        <ele>795.20001220703125</ele>
        <time>2026-09-15T09:48:44.000Z</time>
      </trkpt>
      <trkpt lat="40.25970309041440486907958984375" lon="9.46578308008611202239990234375">
        <ele>797</ele>
        <time>2026-09-15T09:48:52.000Z</time>
      </trkpt>
      <trkpt lat="40.2597170881927013397216796875" lon="9.46584996767342090606689453125">
        <ele>796</ele>
        <time>2026-09-15T09:48:58.000Z</time>
      </trkpt>
      <trkpt lat="40.25970526970922946929931640625" lon="9.4658684916794300079345703125">
        <ele>795</ele>
        <time>2026-09-15T09:49:00.000Z</time>
      </trkpt>
      <trkpt lat="40.259684063494205474853515625" lon="9.4658946432173252105712890625">
        <ele>794</ele>
        <time>2026-09-15T09:49:04.000Z</time>
      </trkpt>
      <trkpt lat="40.259661935269832611083984375" lon="9.46589372120797634124755859375">
        <ele>793.20001220703125</ele>
        <time>2026-09-15T09:49:11.000Z</time>
      </trkpt>
      <trkpt lat="40.25964575819671154022216796875" lon="9.46588517166674137115478515625">
        <ele>792.79998779296875</ele>
        <time>2026-09-15T09:49:20.000Z</time>
      </trkpt>
      <trkpt lat="40.25964374653995037078857421875" lon="9.46587997488677501678466796875">
        <ele>792.79998779296875</ele>
        <time>2026-09-15T09:49:49.000Z</time>
      </trkpt>
      <trkpt lat="40.25964341126382350921630859375" lon="9.46587813086807727813720703125">
        <ele>792.79998779296875</ele>
        <time>2026-09-15T09:49:54.000Z</time>
      </trkpt>
      <trkpt lat="40.25964341126382350921630859375" lon="9.465877376496791839599609375">
        <ele>792.79998779296875</ele>
        <time>2026-09-15T09:50:02.000Z</time>
      </trkpt>
      <trkpt lat="40.25964357890188694000244140625" lon="9.46587712503969669342041015625">
        <ele>792.79998779296875</ele>
        <time>2026-09-15T09:50:06.000Z</time>
      </trkpt>
      <trkpt lat="40.25964341126382350921630859375" lon="9.46587645448744297027587890625">
        <ele>792.79998779296875</ele>
        <time>2026-09-15T09:50:09.000Z</time>
      </trkpt>
      <trkpt lat="40.25958909653127193450927734375" lon="9.46586254052817821502685546875">
        <ele>791</ele>
        <time>2026-09-15T09:50:30.000Z</time>
      </trkpt>
      <trkpt lat="40.25956311263144016265869140625" lon="9.46586170233786106109619140625">
        <ele>790.20001220703125</ele>
        <time>2026-09-15T09:50:32.000Z</time>
      </trkpt>
      <trkpt lat="40.25953863747417926788330078125" lon="9.46587109006941318511962890625">
        <ele>789.20001220703125</ele>
        <time>2026-09-15T09:50:34.000Z</time>
      </trkpt>
      <trkpt lat="40.2595192752778530120849609375" lon="9.465866982936859130859375">
        <ele>788.4000244140625</ele>
        <time>2026-09-15T09:50:36.000Z</time>
      </trkpt>
      <trkpt lat="40.25944643653929233551025390625" lon="9.46583806537091732025146484375">
        <ele>786.20001220703125</ele>
        <time>2026-09-15T09:50:45.000Z</time>
      </trkpt>
      <trkpt lat="40.259412825107574462890625" lon="9.46584057994186878204345703125">
        <ele>785</ele>
        <time>2026-09-15T09:50:51.000Z</time>
      </trkpt>
      <trkpt lat="40.25939949788153171539306640625" lon="9.46586539037525653839111328125">
        <ele>784.20001220703125</ele>
        <time>2026-09-15T09:50:55.000Z</time>
      </trkpt>
      <trkpt lat="40.25938189588487148284912109375" lon="9.46588651277124881744384765625">
        <ele>783.20001220703125</ele>
        <time>2026-09-15T09:50:58.000Z</time>
      </trkpt>
      <trkpt lat="40.259330682456493377685546875" lon="9.46587435901165008544921875">
        <ele>781.5999755859375</ele>
        <time>2026-09-15T09:51:05.000Z</time>
      </trkpt>
      <trkpt lat="40.259284079074859619140625" lon="9.46585080586373805999755859375">
        <ele>780.20001220703125</ele>
        <time>2026-09-15T09:51:15.000Z</time>
      </trkpt>
      <trkpt lat="40.2592627890408039093017578125" lon="9.46585424244403839111328125">
        <ele>779.4000244140625</ele>
        <time>2026-09-15T09:51:21.000Z</time>
      </trkpt>
      <trkpt lat="40.25919766165316104888916015625" lon="9.4658269174396991729736328125">
        <ele>777.4000244140625</ele>
        <time>2026-09-15T09:51:29.000Z</time>
      </trkpt>
      <trkpt lat="40.259128175675868988037109375" lon="9.46578676812350749969482421875">
        <ele>775.79998779296875</ele>
        <time>2026-09-15T09:51:36.000Z</time>
      </trkpt>
      <trkpt lat="40.25907377712428569793701171875" lon="9.46576748974621295928955078125">
        <ele>774</ele>
        <time>2026-09-15T09:51:42.000Z</time>
      </trkpt>
      <trkpt lat="40.2590448595583438873291015625" lon="9.46577201597392559051513671875">
        <ele>772.5999755859375</ele>
        <time>2026-09-15T09:51:45.000Z</time>
      </trkpt>
      <trkpt lat="40.25897562503814697265625" lon="9.4657583534717559814453125">
        <ele>769.20001220703125</ele>
        <time>2026-09-15T09:51:53.000Z</time>
      </trkpt>
      <trkpt lat="40.25896632112562656402587890625" lon="9.46575910784304141998291015625">
        <ele>768.5999755859375</ele>
        <time>2026-09-15T09:51:54.000Z</time>
      </trkpt>
      <trkpt lat="40.2588906325399875640869140625" lon="9.46574217639863491058349609375">
        <ele>765</ele>
        <time>2026-09-15T09:52:02.000Z</time>
      </trkpt>
      <trkpt lat="40.25887705385684967041015625" lon="9.46573748253285884857177734375">
        <ele>764.4000244140625</ele>
        <time>2026-09-15T09:52:03.000Z</time>
      </trkpt>
      <trkpt lat="40.2588509023189544677734375" lon="9.46573446504771709442138671875">
        <ele>763.20001220703125</ele>
        <time>2026-09-15T09:52:05.000Z</time>
      </trkpt>
      <trkpt lat="40.25880689732730388641357421875" lon="9.46572147309780120849609375">
        <ele>761.20001220703125</ele>
        <time>2026-09-15T09:52:09.000Z</time>
      </trkpt>
      <trkpt lat="40.258755348622798919677734375" lon="9.46569557301700115203857421875">
        <ele>759.5999755859375</ele>
        <time>2026-09-15T09:52:16.000Z</time>
      </trkpt>
      <trkpt lat="40.25868737138807773590087890625" lon="9.465660117566585540771484375">
        <ele>757.4000244140625</ele>
        <time>2026-09-15T09:52:25.000Z</time>
      </trkpt>
      <trkpt lat="40.2586351521313190460205078125" lon="9.46567076258361339569091796875">
        <ele>755</ele>
        <time>2026-09-15T09:52:31.000Z</time>
      </trkpt>
      <trkpt lat="40.25862635113298892974853515625" lon="9.46567378006875514984130859375">
        <ele>754.4000244140625</ele>
        <time>2026-09-15T09:52:32.000Z</time>
      </trkpt>
      <trkpt lat="40.25859751738607883453369140625" lon="9.46566740982234477996826171875">
        <ele>753.4000244140625</ele>
        <time>2026-09-15T09:52:35.000Z</time>
      </trkpt>
      <trkpt lat="40.25857555679976940155029296875" lon="9.46565173566341400146484375">
        <ele>753</ele>
        <time>2026-09-15T09:52:38.000Z</time>
      </trkpt>
      <trkpt lat="40.2585439570248126983642578125" lon="9.46565148420631885528564453125">
        <ele>751.79998779296875</ele>
        <time>2026-09-15T09:52:43.000Z</time>
      </trkpt>
      <trkpt lat="40.25849760510027408599853515625" lon="9.46564461104571819305419921875">
        <ele>750.20001220703125</ele>
        <time>2026-09-15T09:52:48.000Z</time>
      </trkpt>
      <trkpt lat="40.25849157012999057769775390625" lon="9.46564477868378162384033203125">
        <ele>750</ele>
        <time>2026-09-15T09:52:49.000Z</time>
      </trkpt>
      <trkpt lat="40.25841512717306613922119140625" lon="9.46563698351383209228515625">
        <ele>747.4000244140625</ele>
        <time>2026-09-15T09:52:57.000Z</time>
      </trkpt>
      <trkpt lat="40.25839098729193210601806640625" lon="9.46562114171683788299560546875">
        <ele>746.79998779296875</ele>
        <time>2026-09-15T09:53:00.000Z</time>
      </trkpt>
      <trkpt lat="40.258361734449863433837890625" lon="9.46560680866241455078125">
        <ele>746.20001220703125</ele>
        <time>2026-09-15T09:53:03.000Z</time>
      </trkpt>
      <trkpt lat="40.2583360858261585235595703125" lon="9.46559834294021129608154296875">
        <ele>745.4000244140625</ele>
        <time>2026-09-15T09:53:06.000Z</time>
      </trkpt>
      <trkpt lat="40.25829241611063480377197265625" lon="9.4656073115766048431396484375">
        <ele>743.5999755859375</ele>
        <time>2026-09-15T09:53:11.000Z</time>
      </trkpt>
      <trkpt lat="40.2582650072872638702392578125" lon="9.4656669907271862030029296875">
        <ele>741.4000244140625</ele>
        <time>2026-09-15T09:53:17.000Z</time>
      </trkpt>
      <trkpt lat="40.2582562901079654693603515625" lon="9.46569523774087429046630859375">
        <ele>740.4000244140625</ele>
        <time>2026-09-15T09:53:19.000Z</time>
      </trkpt>
      <trkpt lat="40.258251763880252838134765625" lon="9.46572122164070606231689453125">
        <ele>739.5999755859375</ele>
        <time>2026-09-15T09:53:21.000Z</time>
      </trkpt>
      <trkpt lat="40.25824178941547870635986328125" lon="9.46574033237993717193603515625">
        <ele>739</ele>
        <time>2026-09-15T09:53:23.000Z</time>
      </trkpt>
      <trkpt lat="40.2582257799804210662841796875" lon="9.4657373987138271331787109375">
        <ele>738.4000244140625</ele>
        <time>2026-09-15T09:53:25.000Z</time>
      </trkpt>
      <trkpt lat="40.25821588933467864990234375" lon="9.46572541259229183197021484375">
        <ele>738.4000244140625</ele>
        <time>2026-09-15T09:53:27.000Z</time>
      </trkpt>
      <trkpt lat="40.258187390863895416259765625" lon="9.4657015241682529449462890625">
        <ele>737.79998779296875</ele>
        <time>2026-09-15T09:53:31.000Z</time>
      </trkpt>
      <trkpt lat="40.25816283188760280609130859375" lon="9.46570998989045619964599609375">
        <ele>736.79998779296875</ele>
        <time>2026-09-15T09:53:34.000Z</time>
      </trkpt>
      <trkpt lat="40.25814690627157688140869140625" lon="9.46572608314454555511474609375">
        <ele>736</ele>
        <time>2026-09-15T09:53:37.000Z</time>
      </trkpt>
      <trkpt lat="40.2581439726054668426513671875" lon="9.4657498039305210113525390625">
        <ele>735.79998779296875</ele>
        <time>2026-09-15T09:53:39.000Z</time>
      </trkpt>
      <trkpt lat="40.25814221240580081939697265625" lon="9.4657943956553936004638671875">
        <ele>735.20001220703125</ele>
        <time>2026-09-15T09:53:43.000Z</time>
      </trkpt>
      <trkpt lat="40.2581064216792583465576171875" lon="9.46579397656023502349853515625">
        <ele>734.20001220703125</ele>
        <time>2026-09-15T09:53:47.000Z</time>
      </trkpt>
      <trkpt lat="40.258088149130344390869140625" lon="9.4657786376774311065673828125">
        <ele>734</ele>
        <time>2026-09-15T09:53:49.000Z</time>
      </trkpt>
      <trkpt lat="40.25802503339946269989013671875" lon="9.46575164794921875">
        <ele>732.79998779296875</ele>
        <time>2026-09-15T09:53:55.000Z</time>
      </trkpt>
      <trkpt lat="40.25801732204854488372802734375" lon="9.46574536152184009552001953125">
        <ele>732.5999755859375</ele>
        <time>2026-09-15T09:53:56.000Z</time>
      </trkpt>
      <trkpt lat="40.25800877250730991363525390625" lon="9.465740583837032318115234375">
        <ele>732.4000244140625</ele>
        <time>2026-09-15T09:53:57.000Z</time>
      </trkpt>
      <trkpt lat="40.25796786881983280181884765625" lon="9.46575005538761615753173828125">
        <ele>731</ele>
        <time>2026-09-15T09:54:02.000Z</time>
      </trkpt>
      <trkpt lat="40.25793828070163726806640625" lon="9.4657903723418712615966796875">
        <ele>729.4000244140625</ele>
        <time>2026-09-15T09:54:06.000Z</time>
      </trkpt>
      <trkpt lat="40.2579210139811038970947265625" lon="9.4658034481108188629150390625">
        <ele>728.4000244140625</ele>
        <time>2026-09-15T09:54:08.000Z</time>
      </trkpt>
      <trkpt lat="40.2579067647457122802734375" lon="9.46580336429178714752197265625">
        <ele>727.79998779296875</ele>
        <time>2026-09-15T09:54:10.000Z</time>
      </trkpt>
      <trkpt lat="40.2578692138195037841796875" lon="9.46581241674721240997314453125">
        <ele>726</ele>
        <time>2026-09-15T09:54:14.000Z</time>
      </trkpt>
      <trkpt lat="40.25784063152968883514404296875" lon="9.4658034481108188629150390625">
        <ele>725</ele>
        <time>2026-09-15T09:54:17.000Z</time>
      </trkpt>
      <trkpt lat="40.25778363458812236785888671875" lon="9.46574234403669834136962890625">
        <ele>723.4000244140625</ele>
        <time>2026-09-15T09:54:24.000Z</time>
      </trkpt>
      <trkpt lat="40.25772772729396820068359375" lon="9.465658776462078094482421875">
        <ele>722.20001220703125</ele>
        <time>2026-09-15T09:54:34.000Z</time>
      </trkpt>
      <trkpt lat="40.25772345252335071563720703125" lon="9.4656539149582386016845703125">
        <ele>722</ele>
        <time>2026-09-15T09:54:35.000Z</time>
      </trkpt>
      <trkpt lat="40.25771590881049633026123046875" lon="9.4656586088240146636962890625">
        <ele>721.5999755859375</ele>
        <time>2026-09-15T09:54:39.000Z</time>
      </trkpt>
      <trkpt lat="40.25768372230231761932373046875" lon="9.46571049280464649200439453125">
        <ele>719.79998779296875</ele>
        <time>2026-09-15T09:54:45.000Z</time>
      </trkpt>
      <trkpt lat="40.25765891186892986297607421875" lon="9.4656951539218425750732421875">
        <ele>719.4000244140625</ele>
        <time>2026-09-15T09:54:50.000Z</time>
      </trkpt>
      <trkpt lat="40.257647596299648284912109375" lon="9.46568568237125873565673828125">
        <ele>719.20001220703125</ele>
        <time>2026-09-15T09:54:52.000Z</time>
      </trkpt>
      <trkpt lat="40.25760811753571033477783203125" lon="9.465666823089122772216796875">
        <ele>718.4000244140625</ele>
        <time>2026-09-15T09:54:55.000Z</time>
      </trkpt>
      <trkpt lat="40.25753234513103961944580078125" lon="9.46559934876859188079833984375">
        <ele>717.20001220703125</ele>
        <time>2026-09-15T09:55:02.000Z</time>
      </trkpt>
      <trkpt lat="40.257513821125030517578125" lon="9.46559046395123004913330078125">
        <ele>716.5999755859375</ele>
        <time>2026-09-15T09:55:05.000Z</time>
      </trkpt>
      <trkpt lat="40.2574905194342136383056640625" lon="9.4656079821288585662841796875">
        <ele>715.79998779296875</ele>
        <time>2026-09-15T09:55:08.000Z</time>
      </trkpt>
      <trkpt lat="40.2574308402836322784423828125" lon="9.4656591117382049560546875">
        <ele>713.79998779296875</ele>
        <time>2026-09-15T09:55:15.000Z</time>
      </trkpt>
      <trkpt lat="40.257416926324367523193359375" lon="9.4656679965555667877197265625">
        <ele>713.4000244140625</ele>
        <time>2026-09-15T09:55:16.000Z</time>
      </trkpt>
      <trkpt lat="40.2573299221694469451904296875" lon="9.465707726776599884033203125">
        <ele>711</ele>
        <time>2026-09-15T09:55:22.000Z</time>
      </trkpt>
      <trkpt lat="40.25724358856678009033203125" lon="9.46578324772417545318603515625">
        <ele>707.20001220703125</ele>
        <time>2026-09-15T09:55:29.000Z</time>
      </trkpt>
      <trkpt lat="40.2571854181587696075439453125" lon="9.46583840064704418182373046875">
        <ele>704.5999755859375</ele>
        <time>2026-09-15T09:55:34.000Z</time>
      </trkpt>
      <trkpt lat="40.25717251002788543701171875" lon="9.46584074757993221282958984375">
        <ele>704.20001220703125</ele>
        <time>2026-09-15T09:55:35.000Z</time>
      </trkpt>
      <trkpt lat="40.2571478672325611114501953125" lon="9.46584711782634258270263671875">
        <ele>703.79998779296875</ele>
        <time>2026-09-15T09:55:37.000Z</time>
      </trkpt>
      <trkpt lat="40.2571394853293895721435546875" lon="9.46585013531148433685302734375">
        <ele>703.5999755859375</ele>
        <time>2026-09-15T09:55:38.000Z</time>
      </trkpt>
      <trkpt lat="40.2570828236639499664306640625" lon="9.4658916257321834564208984375">
        <ele>702.4000244140625</ele>
        <time>2026-09-15T09:55:43.000Z</time>
      </trkpt>
      <trkpt lat="40.25706999935209751129150390625" lon="9.46590092964470386505126953125">
        <ele>702.20001220703125</ele>
        <time>2026-09-15T09:55:44.000Z</time>
      </trkpt>
      <trkpt lat="40.2570462785661220550537109375" lon="9.4659127481281757354736328125">
        <ele>701.79998779296875</ele>
        <time>2026-09-15T09:55:46.000Z</time>
      </trkpt>
      <trkpt lat="40.2570053748786449432373046875" lon="9.46593311615288257598876953125">
        <ele>701</ele>
        <time>2026-09-15T09:55:50.000Z</time>
      </trkpt>
      <trkpt lat="40.2569725178182125091552734375" lon="9.46593797765672206878662109375">
        <ele>700.4000244140625</ele>
        <time>2026-09-15T09:55:53.000Z</time>
      </trkpt>
      <trkpt lat="40.25689146481454372406005859375" lon="9.46591853164136409759521484375">
        <ele>699</ele>
        <time>2026-09-15T09:56:01.000Z</time>
      </trkpt>
      <trkpt lat="40.25688073597848415374755859375" lon="9.465915597975254058837890625">
        <ele>698.79998779296875</ele>
        <time>2026-09-15T09:56:02.000Z</time>
      </trkpt>
      <trkpt lat="40.25687277317047119140625" lon="9.465907551348209381103515625">
        <ele>698.79998779296875</ele>
        <time>2026-09-15T09:56:03.000Z</time>
      </trkpt>
      <trkpt lat="40.2568548358976840972900390625" lon="9.4659030251204967498779296875">
        <ele>698.4000244140625</ele>
        <time>2026-09-15T09:56:07.000Z</time>
      </trkpt>
      <trkpt lat="40.2568360604345798492431640625" lon="9.4659050367772579193115234375">
        <ele>698</ele>
        <time>2026-09-15T09:56:14.000Z</time>
      </trkpt>
      <trkpt lat="40.25683513842523097991943359375" lon="9.46590109728276729583740234375">
        <ele>698</ele>
        <time>2026-09-15T09:56:15.000Z</time>
      </trkpt>
      <trkpt lat="40.256826840341091156005859375" lon="9.4658963195979595184326171875">
        <ele>697.79998779296875</ele>
        <time>2026-09-15T09:56:21.000Z</time>
      </trkpt>
      <trkpt lat="40.25682038627564907073974609375" lon="9.46589003317058086395263671875">
        <ele>697.79998779296875</ele>
        <time>2026-09-15T09:56:28.000Z</time>
      </trkpt>
      <trkpt lat="40.25680513121187686920166015625" lon="9.4658785499632358551025390625">
        <ele>697.5999755859375</ele>
        <time>2026-09-15T09:56:37.000Z</time>
      </trkpt>
      <trkpt lat="40.25683647952973842620849609375" lon="9.46590143255889415740966796875">
        <ele>698</ele>
        <time>2026-09-15T09:56:44.000Z</time>
      </trkpt>
      <trkpt lat="40.25684016756713390350341796875" lon="9.46589824743568897247314453125">
        <ele>698.20001220703125</ele>
        <time>2026-09-15T09:56:49.000Z</time>
      </trkpt>
      <trkpt lat="40.256853662431240081787109375" lon="9.465861953794956207275390625">
        <ele>699</ele>
        <time>2026-09-15T09:56:53.000Z</time>
      </trkpt>
      <trkpt lat="40.25685626082122325897216796875" lon="9.46586572565138339996337890625">
        <ele>699</ele>
        <time>2026-09-15T09:57:04.000Z</time>
      </trkpt>
      <trkpt lat="40.25685626082122325897216796875" lon="9.46586572565138339996337890625">
        <ele>699</ele>
        <time>2026-09-15T09:57:16.000Z</time>
      </trkpt>
      <trkpt lat="40.256856344640254974365234375" lon="9.4658656418323516845703125">
        <ele>699</ele>
        <time>2026-09-15T09:57:21.000Z</time>
      </trkpt>
      <trkpt lat="40.25685659609735012054443359375" lon="9.4658656418323516845703125">
        <ele>699</ele>
        <time>2026-09-15T09:57:23.000Z</time>
      </trkpt>
      <trkpt lat="40.25655820034444332122802734375" lon="9.465824067592620849609375">
        <ele>692.79998779296875</ele>
        <time>2026-09-15T10:06:50.000Z</time>
      </trkpt>
      <trkpt lat="40.25686346925795078277587890625" lon="9.4658919610083103179931640625">
        <ele>698.79998779296875</ele>
        <time>2026-09-15T10:06:51.000Z</time>
      </trkpt>
      <trkpt lat="40.25682290084660053253173828125" lon="9.46593160741031169891357421875">
        <ele>697.20001220703125</ele>
        <time>2026-09-15T10:06:55.000Z</time>
      </trkpt>
      <trkpt lat="40.2568146027624607086181640625" lon="9.46592397987842559814453125">
        <ele>697.20001220703125</ele>
        <time>2026-09-15T10:06:56.000Z</time>
      </trkpt>
      <trkpt lat="40.25679104961454868316650390625" lon="9.46592775173485279083251953125">
        <ele>696.5999755859375</ele>
        <time>2026-09-15T10:06:58.000Z</time>
      </trkpt>
      <trkpt lat="40.2567534148693084716796875" lon="9.46594820357859134674072265625">
        <ele>695.5999755859375</ele>
        <time>2026-09-15T10:07:00.000Z</time>
      </trkpt>
      <trkpt lat="40.25669373571872711181640625" lon="9.46599514223635196685791015625">
        <ele>693.4000244140625</ele>
        <time>2026-09-15T10:07:05.000Z</time>
      </trkpt>
      <trkpt lat="40.2566836774349212646484375" lon="9.46598726324737071990966796875">
        <ele>693.20001220703125</ele>
        <time>2026-09-15T10:07:07.000Z</time>
      </trkpt>
      <trkpt lat="40.2565966732800006866455078125" lon="9.4659918732941150665283203125">
        <ele>691</ele>
        <time>2026-09-15T10:07:16.000Z</time>
      </trkpt>
      <trkpt lat="40.25653892196714878082275390625" lon="9.4660005904734134674072265625">
        <ele>689</ele>
        <time>2026-09-15T10:07:21.000Z</time>
      </trkpt>
      <trkpt lat="40.25649852119386196136474609375" lon="9.466013498604297637939453125">
        <ele>687.79998779296875</ele>
        <time>2026-09-15T10:07:24.000Z</time>
      </trkpt>
      <trkpt lat="40.2564635686576366424560546875" lon="9.46603386662900447845458984375">
        <ele>686.5999755859375</ele>
        <time>2026-09-15T10:07:27.000Z</time>
      </trkpt>
      <trkpt lat="40.25644303299486637115478515625" lon="9.46604467928409576416015625">
        <ele>685.79998779296875</ele>
        <time>2026-09-15T10:07:29.000Z</time>
      </trkpt>
      <trkpt lat="40.25640732608735561370849609375" lon="9.46608097292482852935791015625">
        <ele>684.4000244140625</ele>
        <time>2026-09-15T10:07:33.000Z</time>
      </trkpt>
      <trkpt lat="40.25635552592575550079345703125" lon="9.46615121327340602874755859375">
        <ele>682</ele>
        <time>2026-09-15T10:07:40.000Z</time>
      </trkpt>
      <trkpt lat="40.25630724616348743438720703125" lon="9.46621944196522235870361328125">
        <ele>680.5999755859375</ele>
        <time>2026-09-15T10:07:46.000Z</time>
      </trkpt>
      <trkpt lat="40.2562741376459598541259765625" lon="9.46625330485403537750244140625">
        <ele>679.79998779296875</ele>
        <time>2026-09-15T10:07:51.000Z</time>
      </trkpt>
      <trkpt lat="40.25625511072576045989990234375" lon="9.466265626251697540283203125">
        <ele>679.5999755859375</ele>
        <time>2026-09-15T10:07:53.000Z</time>
      </trkpt>
      <trkpt lat="40.2561748959124088287353515625" lon="9.46630351245403289794921875">
        <ele>678.20001220703125</ele>
        <time>2026-09-15T10:08:00.000Z</time>
      </trkpt>
      <trkpt lat="40.25616207160055637359619140625" lon="9.4663028419017791748046875">
        <ele>678.20001220703125</ele>
        <time>2026-09-15T10:08:01.000Z</time>
      </trkpt>
      <trkpt lat="40.256134159862995147705078125" lon="9.46630242280662059783935546875">
        <ele>677.79998779296875</ele>
        <time>2026-09-15T10:08:03.000Z</time>
      </trkpt>
      <trkpt lat="40.256060399115085601806640625" lon="9.4663056917488574981689453125">
        <ele>677</ele>
        <time>2026-09-15T10:08:08.000Z</time>
      </trkpt>
      <trkpt lat="40.25603734888136386871337890625" lon="9.4662889279425144195556640625">
        <ele>676.79998779296875</ele>
        <time>2026-09-15T10:08:10.000Z</time>
      </trkpt>
      <trkpt lat="40.25599929504096508026123046875" lon="9.466290436685085296630859375">
        <ele>676.20001220703125</ele>
        <time>2026-09-15T10:08:13.000Z</time>
      </trkpt>
      <trkpt lat="40.25592603720724582672119140625" lon="9.46629085578024387359619140625">
        <ele>674.79998779296875</ele>
        <time>2026-09-15T10:08:18.000Z</time>
      </trkpt>
      <trkpt lat="40.2559138834476470947265625" lon="9.4662855751812458038330078125">
        <ele>674.5999755859375</ele>
        <time>2026-09-15T10:08:19.000Z</time>
      </trkpt>
      <trkpt lat="40.25580550543963909149169921875" lon="9.46624576114118099212646484375">
        <ele>673.20001220703125</ele>
        <time>2026-09-15T10:08:29.000Z</time>
      </trkpt>
      <trkpt lat="40.255700312554836273193359375" lon="9.4662299193441867828369140625">
        <ele>671.20001220703125</ele>
        <time>2026-09-15T10:08:38.000Z</time>
      </trkpt>
      <trkpt lat="40.2556805312633514404296875" lon="9.4662376306951045989990234375">
        <ele>670.5999755859375</ele>
        <time>2026-09-15T10:08:40.000Z</time>
      </trkpt>
      <trkpt lat="40.2556692995131015777587890625" lon="9.46624190546572208404541015625">
        <ele>670.4000244140625</ele>
        <time>2026-09-15T10:08:41.000Z</time>
      </trkpt>
      <trkpt lat="40.25560685433447360992431640625" lon="9.466271661221981048583984375">
        <ele>669.20001220703125</ele>
        <time>2026-09-15T10:08:44.000Z</time>
      </trkpt>
      <trkpt lat="40.2555023320019245147705078125" lon="9.46631080470979213714599609375">
        <ele>667.4000244140625</ele>
        <time>2026-09-15T10:08:51.000Z</time>
      </trkpt>
      <trkpt lat="40.2554238773882389068603515625" lon="9.46630074642598628997802734375">
        <ele>666.20001220703125</ele>
        <time>2026-09-15T10:08:57.000Z</time>
      </trkpt>
      <trkpt lat="40.25541172362864017486572265625" lon="9.46630309335887432098388671875">
        <ele>666</ele>
        <time>2026-09-15T10:08:58.000Z</time>
      </trkpt>
      <trkpt lat="40.2553994022309780120849609375" lon="9.46630493737757205963134765625">
        <ele>665.79998779296875</ele>
        <time>2026-09-15T10:08:59.000Z</time>
      </trkpt>
      <trkpt lat="40.2553883381187915802001953125" lon="9.46631097234785556793212890625">
        <ele>665.5999755859375</ele>
        <time>2026-09-15T10:09:00.000Z</time>
      </trkpt>
      <trkpt lat="40.25530342943966388702392578125" lon="9.46634064428508281707763671875">
        <ele>664.79998779296875</ele>
        <time>2026-09-15T10:09:06.000Z</time>
      </trkpt>
      <trkpt lat="40.25521810166537761688232421875" lon="9.46633930318057537078857421875">
        <ele>664</ele>
        <time>2026-09-15T10:09:12.000Z</time>
      </trkpt>
      <trkpt lat="40.25520469062030315399169921875" lon="9.466337375342845916748046875">
        <ele>663.79998779296875</ele>
        <time>2026-09-15T10:09:13.000Z</time>
      </trkpt>
      <trkpt lat="40.25517216883599758148193359375" lon="9.46633310057222843170166015625">
        <ele>663.5999755859375</ele>
        <time>2026-09-15T10:09:15.000Z</time>
      </trkpt>
      <trkpt lat="40.2551345340907573699951171875" lon="9.46633628569543361663818359375">
        <ele>663.4000244140625</ele>
        <time>2026-09-15T10:09:17.000Z</time>
      </trkpt>
      <trkpt lat="40.25506756268441677093505859375" lon="9.46632388047873973846435546875">
        <ele>663</ele>
        <time>2026-09-15T10:09:21.000Z</time>
      </trkpt>
      <trkpt lat="40.2550366334617137908935546875" lon="9.4663350284099578857421875">
        <ele>663</ele>
        <time>2026-09-15T10:09:23.000Z</time>
      </trkpt>
      <trkpt lat="40.25499447248876094818115234375" lon="9.46633192710578441619873046875">
        <ele>662.79998779296875</ele>
        <time>2026-09-15T10:09:26.000Z</time>
      </trkpt>
      <trkpt lat="40.25492305867373943328857421875" lon="9.4663197733461856842041015625">
        <ele>662.5999755859375</ele>
        <time>2026-09-15T10:09:31.000Z</time>
      </trkpt>
      <trkpt lat="40.25485835038125514984130859375" lon="9.4663113914430141448974609375">
        <ele>662.4000244140625</ele>
        <time>2026-09-15T10:09:37.000Z</time>
      </trkpt>
      <trkpt lat="40.2547241561114788055419921875" lon="9.466325975954532623291015625">
        <ele>662</ele>
        <time>2026-09-15T10:09:47.000Z</time>
      </trkpt>
      <trkpt lat="40.25467797182500362396240234375" lon="9.4663224555552005767822265625">
        <ele>661.79998779296875</ele>
        <time>2026-09-15T10:09:51.000Z</time>
      </trkpt>
      <trkpt lat="40.25463572703301906585693359375" lon="9.46632228791713714599609375">
        <ele>661.79998779296875</ele>
        <time>2026-09-15T10:09:54.000Z</time>
      </trkpt>
      <trkpt lat="40.25461292825639247894287109375" lon="9.46631583385169506072998046875">
        <ele>661.5999755859375</ele>
        <time>2026-09-15T10:09:56.000Z</time>
      </trkpt>
      <trkpt lat="40.2545887045562267303466796875" lon="9.466301165521144866943359375">
        <ele>661.4000244140625</ele>
        <time>2026-09-15T10:09:58.000Z</time>
      </trkpt>
      <trkpt lat="40.2545387484133243560791015625" lon="9.46622815914452075958251953125">
        <ele>661</ele>
        <time>2026-09-15T10:10:04.000Z</time>
      </trkpt>
      <trkpt lat="40.2545280195772647857666015625" lon="9.4662165082991123199462890625">
        <ele>661</ele>
        <time>2026-09-15T10:10:05.000Z</time>
      </trkpt>
      <trkpt lat="40.25449591688811779022216796875" lon="9.46617853827774524688720703125">
        <ele>660.79998779296875</ele>
        <time>2026-09-15T10:10:08.000Z</time>
      </trkpt>
      <trkpt lat="40.25443456135690212249755859375" lon="9.46609555743634700775146484375">
        <ele>660.20001220703125</ele>
        <time>2026-09-15T10:10:14.000Z</time>
      </trkpt>
      <trkpt lat="40.254352502524852752685546875" lon="9.46605163626372814178466796875">
        <ele>660</ele>
        <time>2026-09-15T10:10:21.000Z</time>
      </trkpt>
      <trkpt lat="40.25433531962335109710693359375" lon="9.46604870259761810302734375">
        <ele>660</ele>
        <time>2026-09-15T10:10:23.000Z</time>
      </trkpt>
      <trkpt lat="40.254329033195972442626953125" lon="9.46604593656957149505615234375">
        <ele>660</ele>
        <time>2026-09-15T10:10:25.000Z</time>
      </trkpt>
      <trkpt lat="40.2543224953114986419677734375" lon="9.46604358963668346405029296875">
        <ele>660</ele>
        <time>2026-09-15T10:10:26.000Z</time>
      </trkpt>
      <trkpt lat="40.25424445979297161102294921875" lon="9.466070495545864105224609375">
        <ele>660</ele>
        <time>2026-09-15T10:10:32.000Z</time>
      </trkpt>
      <trkpt lat="40.2541974373161792755126953125" lon="9.4661484472453594207763671875">
        <ele>660.20001220703125</ele>
        <time>2026-09-15T10:10:39.000Z</time>
      </trkpt>
      <trkpt lat="40.25411940179765224456787109375" lon="9.46623285301029682159423828125">
        <ele>660.4000244140625</ele>
        <time>2026-09-15T10:10:47.000Z</time>
      </trkpt>
      <trkpt lat="40.2540874667465686798095703125" lon="9.46631616912782192230224609375">
        <ele>660.79998779296875</ele>
        <time>2026-09-15T10:10:52.000Z</time>
      </trkpt>
      <trkpt lat="40.2540757320821285247802734375" lon="9.4663234613835811614990234375">
        <ele>660.79998779296875</ele>
        <time>2026-09-15T10:10:53.000Z</time>
      </trkpt>
      <trkpt lat="40.25406274013221263885498046875" lon="9.46632455103099346160888671875">
        <ele>660.79998779296875</ele>
        <time>2026-09-15T10:10:54.000Z</time>
      </trkpt>
      <trkpt lat="40.254036672413349151611328125" lon="9.466323964297771453857421875">
        <ele>660.79998779296875</ele>
        <time>2026-09-15T10:10:56.000Z</time>
      </trkpt>
      <trkpt lat="40.254009850323200225830078125" lon="9.46631952188909053802490234375">
        <ele>661</ele>
        <time>2026-09-15T10:10:58.000Z</time>
      </trkpt>
      <trkpt lat="40.25396450422704219818115234375" lon="9.4663016684353351593017578125">
        <ele>661.20001220703125</ele>
        <time>2026-09-15T10:11:01.000Z</time>
      </trkpt>
      <trkpt lat="40.2539456449449062347412109375" lon="9.4662983156740665435791015625">
        <ele>661.20001220703125</ele>
        <time>2026-09-15T10:11:02.000Z</time>
      </trkpt>
      <trkpt lat="40.2538430504500865936279296875" lon="9.4663080386817455291748046875">
        <ele>662</ele>
        <time>2026-09-15T10:11:09.000Z</time>
      </trkpt>
      <trkpt lat="40.253736265003681182861328125" lon="9.46631398983299732208251953125">
        <ele>661.5999755859375</ele>
        <time>2026-09-15T10:11:17.000Z</time>
      </trkpt>
      <trkpt lat="40.2536643482744693756103515625" lon="9.4663227908313274383544921875">
        <ele>661.79998779296875</ele>
        <time>2026-09-15T10:11:23.000Z</time>
      </trkpt>
      <trkpt lat="40.253559909760951995849609375" lon="9.46633025072515010833740234375">
        <ele>662</ele>
        <time>2026-09-15T10:11:30.000Z</time>
      </trkpt>
      <trkpt lat="40.25352965109050273895263671875" lon="9.4663395546376705169677734375">
        <ele>662.20001220703125</ele>
        <time>2026-09-15T10:11:32.000Z</time>
      </trkpt>
      <trkpt lat="40.25340266525745391845703125" lon="9.46635992266237735748291015625">
        <ele>663.5999755859375</ele>
        <time>2026-09-15T10:11:41.000Z</time>
      </trkpt>
      <trkpt lat="40.25336109101772308349609375" lon="9.4663606770336627960205078125">
        <ele>663.79998779296875</ele>
        <time>2026-09-15T10:11:45.000Z</time>
      </trkpt>
      <trkpt lat="40.25335011072456836700439453125" lon="9.46637501008808612823486328125">
        <ele>664.20001220703125</ele>
        <time>2026-09-15T10:11:47.000Z</time>
      </trkpt>
      <trkpt lat="40.25334843434393405914306640625" lon="9.46638272143900394439697265625">
        <ele>664.4000244140625</ele>
        <time>2026-09-15T10:11:48.000Z</time>
      </trkpt>
      <trkpt lat="40.25334876962006092071533203125" lon="9.4663955457508563995361328125">
        <ele>664.79998779296875</ele>
        <time>2026-09-15T10:11:49.000Z</time>
      </trkpt>
      <trkpt lat="40.25337793864309787750244140625" lon="9.46645639836788177490234375">
        <ele>666.20001220703125</ele>
        <time>2026-09-15T10:11:54.000Z</time>
      </trkpt>
      <trkpt lat="40.25342571549117565155029296875" lon="9.46650174446403980255126953125">
        <ele>667</ele>
        <time>2026-09-15T10:12:02.000Z</time>
      </trkpt>
      <trkpt lat="40.2534185908734798431396484375" lon="9.46654088795185089111328125">
        <ele>668</ele>
        <time>2026-09-15T10:12:08.000Z</time>
      </trkpt>
      <trkpt lat="40.25338917039334774017333984375" lon="9.466576091945171356201171875">
        <ele>669</ele>
        <time>2026-09-15T10:12:16.000Z</time>
      </trkpt>
      <trkpt lat="40.25340576656162738800048828125" lon="9.46660215966403484344482421875">
        <ele>669.5999755859375</ele>
        <time>2026-09-15T10:12:22.000Z</time>
      </trkpt>
      <trkpt lat="40.25342940352857112884521484375" lon="9.4666392914950847625732421875">
        <ele>670.4000244140625</ele>
        <time>2026-09-15T10:12:26.000Z</time>
      </trkpt>
      <trkpt lat="40.25343225337564945220947265625" lon="9.46666435338556766510009765625">
        <ele>670.79998779296875</ele>
        <time>2026-09-15T10:12:28.000Z</time>
      </trkpt>
      <trkpt lat="40.2534328401088714599609375" lon="9.46668731980025768280029296875">
        <ele>671.20001220703125</ele>
        <time>2026-09-15T10:12:30.000Z</time>
      </trkpt>
      <trkpt lat="40.25342152453958988189697265625" lon="9.4667050056159496307373046875">
        <ele>671.4000244140625</ele>
        <time>2026-09-15T10:12:32.000Z</time>
      </trkpt>
      <trkpt lat="40.2533988095819950103759765625" lon="9.4667204283177852630615234375">
        <ele>671.79998779296875</ele>
        <time>2026-09-15T10:12:34.000Z</time>
      </trkpt>
      <trkpt lat="40.2533636055886745452880859375" lon="9.466735012829303741455078125">
        <ele>672.20001220703125</ele>
        <time>2026-09-15T10:12:37.000Z</time>
      </trkpt>
      <trkpt lat="40.25335245765745639801025390625" lon="9.46674741804599761962890625">
        <ele>672.4000244140625</ele>
        <time>2026-09-15T10:12:39.000Z</time>
      </trkpt>
      <trkpt lat="40.25336201302707195281982421875" lon="9.4667656905949115753173828125">
        <ele>672.4000244140625</ele>
        <time>2026-09-15T10:12:45.000Z</time>
      </trkpt>
      <trkpt lat="40.25335916317999362945556640625" lon="9.46677432395517826080322265625">
        <ele>672.5999755859375</ele>
        <time>2026-09-15T10:12:50.000Z</time>
      </trkpt>
      <trkpt lat="40.25335916317999362945556640625" lon="9.46677432395517826080322265625">
        <ele>672.5999755859375</ele>
        <time>2026-09-15T10:12:52.000Z</time>
      </trkpt>
      <trkpt lat="40.2533565647900104522705078125" lon="9.46677692234516143798828125">
        <ele>672.5999755859375</ele>
        <time>2026-09-15T10:12:55.000Z</time>
      </trkpt>
      <trkpt lat="40.25334038771688938140869140625" lon="9.4667841307818889617919921875">
        <ele>672.79998779296875</ele>
        <time>2026-09-15T10:12:57.000Z</time>
      </trkpt>
      <trkpt lat="40.2533324249088764190673828125" lon="9.46678823791444301605224609375">
        <ele>673</ele>
        <time>2026-09-15T10:13:00.000Z</time>
      </trkpt>
      <trkpt lat="40.2533324249088764190673828125" lon="9.46678823791444301605224609375">
        <ele>673</ele>
        <time>2026-09-15T10:13:02.000Z</time>
      </trkpt>
      <trkpt lat="40.2533324249088764190673828125" lon="9.46679326705634593963623046875">
        <ele>673</ele>
        <time>2026-09-15T10:13:09.000Z</time>
      </trkpt>
      <trkpt lat="40.25331473909318447113037109375" lon="9.46687473915517330169677734375">
        <ele>674</ele>
        <time>2026-09-15T10:13:16.000Z</time>
      </trkpt>
      <trkpt lat="40.253293029963970184326171875" lon="9.4669671915471553802490234375">
        <ele>675</ele>
        <time>2026-09-15T10:13:22.000Z</time>
      </trkpt>
      <trkpt lat="40.25325304828584194183349609375" lon="9.46701304055750370025634765625">
        <ele>675.5999755859375</ele>
        <time>2026-09-15T10:13:27.000Z</time>
      </trkpt>
      <trkpt lat="40.253252126276493072509765625" lon="9.4670241884887218475341796875">
        <ele>675.79998779296875</ele>
        <time>2026-09-15T10:13:28.000Z</time>
      </trkpt>
      <trkpt lat="40.25323779322206974029541015625" lon="9.46706794202327728271484375">
        <ele>676.20001220703125</ele>
        <time>2026-09-15T10:13:32.000Z</time>
      </trkpt>
      <trkpt lat="40.253224633634090423583984375" lon="9.46708671748638153076171875">
        <ele>676.4000244140625</ele>
        <time>2026-09-15T10:13:34.000Z</time>
      </trkpt>
      <trkpt lat="40.25321222841739654541015625" lon="9.46710457094013690948486328125">
        <ele>676.5999755859375</ele>
        <time>2026-09-15T10:13:36.000Z</time>
      </trkpt>
      <trkpt lat="40.253170989453792572021484375" lon="9.46711890399456024169921875">
        <ele>677</ele>
        <time>2026-09-15T10:13:40.000Z</time>
      </trkpt>
      <trkpt lat="40.25316319428384304046630859375" lon="9.467127285897731781005859375">
        <ele>677</ele>
        <time>2026-09-15T10:13:41.000Z</time>
      </trkpt>
      <trkpt lat="40.253138802945613861083984375" lon="9.46715184487402439117431640625">
        <ele>677.20001220703125</ele>
        <time>2026-09-15T10:13:44.000Z</time>
      </trkpt>
      <trkpt lat="40.253103934228420257568359375" lon="9.4671549461781978607177734375">
        <ele>677.4000244140625</ele>
        <time>2026-09-15T10:13:49.000Z</time>
      </trkpt>
      <trkpt lat="40.253103263676166534423828125" lon="9.46715402416884899139404296875">
        <ele>677.4000244140625</ele>
        <time>2026-09-15T10:13:55.000Z</time>
      </trkpt>
      <trkpt lat="40.25306596420705318450927734375" lon="9.46714648045599460601806640625">
        <ele>677.4000244140625</ele>
        <time>2026-09-15T10:14:03.000Z</time>
      </trkpt>
      <trkpt lat="40.25300594978034496307373046875" lon="9.4671338237822055816650390625">
        <ele>677.5999755859375</ele>
        <time>2026-09-15T10:14:10.000Z</time>
      </trkpt>
      <trkpt lat="40.25295180268585681915283203125" lon="9.46708847768604755401611328125">
        <ele>677.79998779296875</ele>
        <time>2026-09-15T10:14:16.000Z</time>
      </trkpt>
      <trkpt lat="40.2529354579746723175048828125" lon="9.467076994478702545166015625">
        <ele>677.79998779296875</ele>
        <time>2026-09-15T10:14:20.000Z</time>
      </trkpt>
      <trkpt lat="40.25294727645814418792724609375" lon="9.46710549294948577880859375">
        <ele>677.79998779296875</ele>
        <time>2026-09-15T10:14:23.000Z</time>
      </trkpt>
      <trkpt lat="40.25294794701039791107177734375" lon="9.4671391882002353668212890625">
        <ele>678</ele>
        <time>2026-09-15T10:14:25.000Z</time>
      </trkpt>
      <trkpt lat="40.2529475279152393341064453125" lon="9.46717179380357265472412109375">
        <ele>678.20001220703125</ele>
        <time>2026-09-15T10:14:27.000Z</time>
      </trkpt>
      <trkpt lat="40.25293671526014804840087890625" lon="9.46719761006534099578857421875">
        <ele>678.4000244140625</ele>
        <time>2026-09-15T10:14:29.000Z</time>
      </trkpt>
      <trkpt lat="40.25292414240539073944091796875" lon="9.467232227325439453125">
        <ele>678.79998779296875</ele>
        <time>2026-09-15T10:14:32.000Z</time>
      </trkpt>
      <trkpt lat="40.252922885119915008544921875" lon="9.46726047433912754058837890625">
        <ele>678.79998779296875</ele>
        <time>2026-09-15T10:14:37.000Z</time>
      </trkpt>
      <trkpt lat="40.2529069595038890838623046875" lon="9.467296265065670013427734375">
        <ele>679.20001220703125</ele>
        <time>2026-09-15T10:14:44.000Z</time>
      </trkpt>
      <trkpt lat="40.25290184654295444488525390625" lon="9.46731898002326488494873046875">
        <ele>679.20001220703125</ele>
        <time>2026-09-15T10:14:49.000Z</time>
      </trkpt>
      <trkpt lat="40.25289061479270458221435546875" lon="9.46734949015080928802490234375">
        <ele>679.5999755859375</ele>
        <time>2026-09-15T10:14:54.000Z</time>
      </trkpt>
      <trkpt lat="40.252893380820751190185546875" lon="9.46734513156116008758544921875">
        <ele>679.4000244140625</ele>
        <time>2026-09-15T10:14:59.000Z</time>
      </trkpt>
      <trkpt lat="40.25286211632192134857177734375" lon="9.4673370011150836944580078125">
        <ele>679.79998779296875</ele>
        <time>2026-09-15T10:15:05.000Z</time>
      </trkpt>
      <trkpt lat="40.25279908441007137298583984375" lon="9.46733825840055942535400390625">
        <ele>680.4000244140625</ele>
        <time>2026-09-15T10:15:13.000Z</time>
      </trkpt>
      <trkpt lat="40.2527413330972194671630859375" lon="9.4673815928399562835693359375">
        <ele>680.79998779296875</ele>
        <time>2026-09-15T10:15:20.000Z</time>
      </trkpt>
      <trkpt lat="40.25271208025515079498291015625" lon="9.4674654118716716766357421875">
        <ele>681</ele>
        <time>2026-09-15T10:15:27.000Z</time>
      </trkpt>
      <trkpt lat="40.25271828286349773406982421875" lon="9.467543698847293853759765625">
        <ele>681</ele>
        <time>2026-09-15T10:15:34.000Z</time>
      </trkpt>
      <trkpt lat="40.25272934697568416595458984375" lon="9.46755937300622463226318359375">
        <ele>680.79998779296875</ele>
        <time>2026-09-15T10:15:36.000Z</time>
      </trkpt>
      <trkpt lat="40.252734124660491943359375" lon="9.46757462806999683380126953125">
        <ele>680.79998779296875</ele>
        <time>2026-09-15T10:15:39.000Z</time>
      </trkpt>
      <trkpt lat="40.2527443505823612213134765625" lon="9.4676132686436176300048828125">
        <ele>680.79998779296875</ele>
        <time>2026-09-15T10:15:43.000Z</time>
      </trkpt>
      <trkpt lat="40.25275080464780330657958984375" lon="9.467605389654636383056640625">
        <ele>680.5999755859375</ele>
        <time>2026-09-15T10:15:45.000Z</time>
      </trkpt>
      <trkpt lat="40.252753905951976776123046875" lon="9.46759591810405254364013671875">
        <ele>680.5999755859375</ele>
        <time>2026-09-15T10:15:46.000Z</time>
      </trkpt>
      <trkpt lat="40.25277947075664997100830078125" lon="9.4675814174115657806396484375">
        <ele>680.4000244140625</ele>
        <time>2026-09-15T10:15:49.000Z</time>
      </trkpt>
      <trkpt lat="40.252802856266498565673828125" lon="9.46760463528335094451904296875">
        <ele>680.4000244140625</ele>
        <time>2026-09-15T10:15:52.000Z</time>
      </trkpt>
      <trkpt lat="40.2528078854084014892578125" lon="9.4676665775477886199951171875">
        <ele>680.20001220703125</ele>
        <time>2026-09-15T10:15:59.000Z</time>
      </trkpt>
      <trkpt lat="40.2528130821883678436279296875" lon="9.46774394251406192779541015625">
        <ele>680.20001220703125</ele>
        <time>2026-09-15T10:16:06.000Z</time>
      </trkpt>
      <trkpt lat="40.25281936861574649810791015625" lon="9.46777244098484516143798828125">
        <ele>680.20001220703125</ele>
        <time>2026-09-15T10:16:09.000Z</time>
      </trkpt>
      <trkpt lat="40.25282875634729862213134765625" lon="9.46779188700020313262939453125">
        <ele>680</ele>
        <time>2026-09-15T10:16:13.000Z</time>
      </trkpt>
      <trkpt lat="40.25284300558269023895263671875" lon="9.467801190912723541259765625">
        <ele>680</ele>
        <time>2026-09-15T10:16:20.000Z</time>
      </trkpt>
      <trkpt lat="40.2528342045843601226806640625" lon="9.46785843931138515472412109375">
        <ele>679.79998779296875</ele>
        <time>2026-09-15T10:16:26.000Z</time>
      </trkpt>
      <trkpt lat="40.2527998387813568115234375" lon="9.4678992591798305511474609375">
        <ele>679.79998779296875</ele>
        <time>2026-09-15T10:16:34.000Z</time>
      </trkpt>
      <trkpt lat="40.25277259759604930877685546875" lon="9.46796941570937633514404296875">
        <ele>679.79998779296875</ele>
        <time>2026-09-15T10:16:42.000Z</time>
      </trkpt>
      <trkpt lat="40.25275717489421367645263671875" lon="9.46798919700086116790771484375">
        <ele>679.79998779296875</ele>
        <time>2026-09-15T10:16:47.000Z</time>
      </trkpt>
      <trkpt lat="40.25270302779972553253173828125" lon="9.46803848259150981903076171875">
        <ele>680</ele>
        <time>2026-09-15T10:16:53.000Z</time>
      </trkpt>
      <trkpt lat="40.25264351628720760345458984375" lon="9.46810059249401092529296875">
        <ele>679.5999755859375</ele>
        <time>2026-09-15T10:17:02.000Z</time>
      </trkpt>
      <trkpt lat="40.25264091789722442626953125" lon="9.4681728444993495941162109375">
        <ele>678.79998779296875</ele>
        <time>2026-09-15T10:17:08.000Z</time>
      </trkpt>
      <trkpt lat="40.2526689134538173675537109375" lon="9.46826697327196598052978515625">
        <ele>677.79998779296875</ele>
        <time>2026-09-15T10:17:16.000Z</time>
      </trkpt>
      <trkpt lat="40.2526749484241008758544921875" lon="9.46828943677246570587158203125">
        <ele>677.5999755859375</ele>
        <time>2026-09-15T10:17:18.000Z</time>
      </trkpt>
      <trkpt lat="40.25269581936299800872802734375" lon="9.46832397021353244781494140625">
        <ele>677</ele>
        <time>2026-09-15T10:17:22.000Z</time>
      </trkpt>
      <trkpt lat="40.25275616906583309173583984375" lon="9.46834676899015903472900390625">
        <ele>676.5999755859375</ele>
        <time>2026-09-15T10:17:29.000Z</time>
      </trkpt>
      <trkpt lat="40.2527765370905399322509765625" lon="9.4683616049587726593017578125">
        <ele>676.4000244140625</ele>
        <time>2026-09-15T10:17:31.000Z</time>
      </trkpt>
      <trkpt lat="40.252801515161991119384765625" lon="9.46839027106761932373046875">
        <ele>676.20001220703125</ele>
        <time>2026-09-15T10:17:34.000Z</time>
      </trkpt>
      <trkpt lat="40.25283562950789928436279296875" lon="9.46843226440250873565673828125">
        <ele>675.79998779296875</ele>
        <time>2026-09-15T10:17:37.000Z</time>
      </trkpt>
      <trkpt lat="40.25289095006883144378662109375" lon="9.46852505207061767578125">
        <ele>674.79998779296875</ele>
        <time>2026-09-15T10:17:46.000Z</time>
      </trkpt>
      <trkpt lat="40.2529361285269260406494140625" lon="9.46856729686260223388671875">
        <ele>674.4000244140625</ele>
        <time>2026-09-15T10:17:51.000Z</time>
      </trkpt>
      <trkpt lat="40.2529528923332691192626953125" lon="9.46858414448797702789306640625">
        <ele>674.20001220703125</ele>
        <time>2026-09-15T10:17:53.000Z</time>
      </trkpt>
      <trkpt lat="40.25300829671323299407958984375" lon="9.46863259188830852508544921875">
        <ele>673.79998779296875</ele>
        <time>2026-09-15T10:17:58.000Z</time>
      </trkpt>
      <trkpt lat="40.25302640162408351898193359375" lon="9.4686486013233661651611328125">
        <ele>673.5999755859375</ele>
        <time>2026-09-15T10:18:00.000Z</time>
      </trkpt>
      <trkpt lat="40.2530725859105587005615234375" lon="9.46867458522319793701171875">
        <ele>673.4000244140625</ele>
        <time>2026-09-15T10:18:04.000Z</time>
      </trkpt>
      <trkpt lat="40.25309982709586620330810546875" lon="9.46868321858346462249755859375">
        <ele>673.4000244140625</ele>
        <time>2026-09-15T10:18:07.000Z</time>
      </trkpt>
      <trkpt lat="40.25315481238067150115966796875" lon="9.468686990439891815185546875">
        <ele>673.4000244140625</ele>
        <time>2026-09-15T10:18:11.000Z</time>
      </trkpt>
      <trkpt lat="40.25316570885479450225830078125" lon="9.46868992410600185394287109375">
        <ele>673.4000244140625</ele>
        <time>2026-09-15T10:18:12.000Z</time>
      </trkpt>
      <trkpt lat="40.25317559950053691864013671875" lon="9.468694031238555908203125">
        <ele>673.4000244140625</ele>
        <time>2026-09-15T10:18:13.000Z</time>
      </trkpt>
      <trkpt lat="40.25322421453893184661865234375" lon="9.4687579013407230377197265625">
        <ele>672.79998779296875</ele>
        <time>2026-09-15T10:18:19.000Z</time>
      </trkpt>
      <trkpt lat="40.25326847098767757415771484375" lon="9.46888606064021587371826171875">
        <ele>672</ele>
        <time>2026-09-15T10:18:27.000Z</time>
      </trkpt>
      <trkpt lat="40.253280960023403167724609375" lon="9.4689349271357059478759765625">
        <ele>671.5999755859375</ele>
        <time>2026-09-15T10:18:30.000Z</time>
      </trkpt>
      <trkpt lat="40.2532734163105487823486328125" lon="9.46895948611199855804443359375">
        <ele>671.20001220703125</ele>
        <time>2026-09-15T10:18:32.000Z</time>
      </trkpt>
      <trkpt lat="40.25326712988317012786865234375" lon="9.46896803565323352813720703125">
        <ele>671</ele>
        <time>2026-09-15T10:18:33.000Z</time>
      </trkpt>
      <trkpt lat="40.25325824506580829620361328125" lon="9.46897231042385101318359375">
        <ele>671</ele>
        <time>2026-09-15T10:18:34.000Z</time>
      </trkpt>
      <trkpt lat="40.25319336913526058197021484375" lon="9.46902503259479999542236328125">
        <ele>670.20001220703125</ele>
        <time>2026-09-15T10:18:40.000Z</time>
      </trkpt>
      <trkpt lat="40.25316252373158931732177734375" lon="9.46905068121850490570068359375">
        <ele>669.79998779296875</ele>
        <time>2026-09-15T10:18:43.000Z</time>
      </trkpt>
      <trkpt lat="40.2531324326992034912109375" lon="9.46906593628227710723876953125">
        <ele>669.5999755859375</ele>
        <time>2026-09-15T10:18:46.000Z</time>
      </trkpt>
      <trkpt lat="40.25312413461506366729736328125" lon="9.469075240194797515869140625">
        <ele>669.4000244140625</ele>
        <time>2026-09-15T10:18:47.000Z</time>
      </trkpt>
      <trkpt lat="40.2531044371426105499267578125" lon="9.46908722631633281707763671875">
        <ele>669.20001220703125</ele>
        <time>2026-09-15T10:18:49.000Z</time>
      </trkpt>
      <trkpt lat="40.2530605159699916839599609375" lon="9.46913550607860088348388671875">
        <ele>668.5999755859375</ele>
        <time>2026-09-15T10:18:54.000Z</time>
      </trkpt>
      <trkpt lat="40.2530430816113948822021484375" lon="9.4691593945026397705078125">
        <ele>668.20001220703125</ele>
        <time>2026-09-15T10:18:56.000Z</time>
      </trkpt>
      <trkpt lat="40.25303763337433338165283203125" lon="9.4691823609173297882080078125">
        <ele>668</ele>
        <time>2026-09-15T10:18:58.000Z</time>
      </trkpt>
      <trkpt lat="40.25302405469119548797607421875" lon="9.4692004658281803131103515625">
        <ele>667.5999755859375</ele>
        <time>2026-09-15T10:19:00.000Z</time>
      </trkpt>
      <trkpt lat="40.2529525570571422576904296875" lon="9.46921597234904766082763671875">
        <ele>668</ele>
        <time>2026-09-15T10:19:07.000Z</time>
      </trkpt>
      <trkpt lat="40.25291182100772857666015625" lon="9.4692376814782619476318359375">
        <ele>668.20001220703125</ele>
        <time>2026-09-15T10:19:11.000Z</time>
      </trkpt>
      <trkpt lat="40.25291726924479007720947265625" lon="9.4692655093967914581298828125">
        <ele>668</ele>
        <time>2026-09-15T10:19:13.000Z</time>
      </trkpt>
      <trkpt lat="40.252965129911899566650390625" lon="9.4693590514361858367919921875">
        <ele>666.79998779296875</ele>
        <time>2026-09-15T10:19:20.000Z</time>
      </trkpt>
      <trkpt lat="40.2529730089008808135986328125" lon="9.4693976081907749176025390625">
        <ele>666.4000244140625</ele>
        <time>2026-09-15T10:19:23.000Z</time>
      </trkpt>
      <trkpt lat="40.25296135805547237396240234375" lon="9.469441361725330352783203125">
        <ele>666.4000244140625</ele>
        <time>2026-09-15T10:19:26.000Z</time>
      </trkpt>
      <trkpt lat="40.25295800529420375823974609375" lon="9.4694569520652294158935546875">
        <ele>666.20001220703125</ele>
        <time>2026-09-15T10:19:27.000Z</time>
      </trkpt>
      <trkpt lat="40.25298901833593845367431640625" lon="9.4695313833653926849365234375">
        <ele>665</ele>
        <time>2026-09-15T10:19:32.000Z</time>
      </trkpt>
      <trkpt lat="40.25302589870989322662353515625" lon="9.46958544664084911346435546875">
        <ele>664.20001220703125</ele>
        <time>2026-09-15T10:19:36.000Z</time>
      </trkpt>
      <trkpt lat="40.25304433889687061309814453125" lon="9.469628445804119110107421875">
        <ele>663.79998779296875</ele>
        <time>2026-09-15T10:19:40.000Z</time>
      </trkpt>
      <trkpt lat="40.25307476520538330078125" lon="9.4696661643683910369873046875">
        <ele>663.20001220703125</ele>
        <time>2026-09-15T10:19:45.000Z</time>
      </trkpt>
      <trkpt lat="40.2530792914330959320068359375" lon="9.46968049742281436920166015625">
        <ele>663</ele>
        <time>2026-09-15T10:19:46.000Z</time>
      </trkpt>
      <trkpt lat="40.25310904718935489654541015625" lon="9.46978828869760036468505859375">
        <ele>660.5999755859375</ele>
        <time>2026-09-15T10:19:53.000Z</time>
      </trkpt>
      <trkpt lat="40.2531619369983673095703125" lon="9.46992374025285243988037109375">
        <ele>657.20001220703125</ele>
        <time>2026-09-15T10:20:02.000Z</time>
      </trkpt>
      <trkpt lat="40.25316436775028705596923828125" lon="9.4699558429419994354248046875">
        <ele>656.4000244140625</ele>
        <time>2026-09-15T10:20:04.000Z</time>
      </trkpt>
      <trkpt lat="40.25316453538835048675537109375" lon="9.46998811326920986175537109375">
        <ele>655.79998779296875</ele>
        <time>2026-09-15T10:20:06.000Z</time>
      </trkpt>
      <trkpt lat="40.253174342215061187744140625" lon="9.4700109958648681640625">
        <ele>655.4000244140625</ele>
        <time>2026-09-15T10:20:08.000Z</time>
      </trkpt>
      <trkpt lat="40.25318029336631298065185546875" lon="9.47004443965852260589599609375">
        <ele>654.5999755859375</ele>
        <time>2026-09-15T10:20:11.000Z</time>
      </trkpt>
      <trkpt lat="40.2532100491225719451904296875" lon="9.4700713455677032470703125">
        <ele>654</ele>
        <time>2026-09-15T10:20:14.000Z</time>
      </trkpt>
      <trkpt lat="40.253218598663806915283203125" lon="9.47008685208857059478759765625">
        <ele>653.5999755859375</ele>
        <time>2026-09-15T10:20:15.000Z</time>
      </trkpt>
      <trkpt lat="40.2532355301082134246826171875" lon="9.470141418278217315673828125">
        <ele>652.5999755859375</ele>
        <time>2026-09-15T10:20:19.000Z</time>
      </trkpt>
      <trkpt lat="40.253256149590015411376953125" lon="9.4701732695102691650390625">
        <ele>651.79998779296875</ele>
        <time>2026-09-15T10:20:22.000Z</time>
      </trkpt>
      <trkpt lat="40.25325221009552478790283203125" lon="9.4702468626201152801513671875">
        <ele>650.4000244140625</ele>
        <time>2026-09-15T10:20:26.000Z</time>
      </trkpt>
      <trkpt lat="40.25326319038867950439453125" lon="9.47030008770525455474853515625">
        <ele>649.5999755859375</ele>
        <time>2026-09-15T10:20:30.000Z</time>
      </trkpt>
      <trkpt lat="40.25327199138700962066650390625" lon="9.47032020427286624908447265625">
        <ele>649.5999755859375</ele>
        <time>2026-09-15T10:20:32.000Z</time>
      </trkpt>
      <trkpt lat="40.25328640826046466827392578125" lon="9.470355994999408721923828125">
        <ele>649.20001220703125</ele>
        <time>2026-09-15T10:20:37.000Z</time>
      </trkpt>
      <trkpt lat="40.25330702774226665496826171875" lon="9.470464289188385009765625">
        <ele>648.4000244140625</ele>
        <time>2026-09-15T10:20:46.000Z</time>
      </trkpt>
      <trkpt lat="40.2533495239913463592529296875" lon="9.4705338589847087860107421875">
        <ele>648</ele>
        <time>2026-09-15T10:20:53.000Z</time>
      </trkpt>
      <trkpt lat="40.25335027836263179779052734375" lon="9.470547102391719818115234375">
        <ele>648</ele>
        <time>2026-09-15T10:20:54.000Z</time>
      </trkpt>
      <trkpt lat="40.25333820842206478118896484375" lon="9.47056822478771209716796875">
        <ele>647.4000244140625</ele>
        <time>2026-09-15T10:20:56.000Z</time>
      </trkpt>
      <trkpt lat="40.2533347718417644500732421875" lon="9.47061390615999698638916015625">
        <ele>646.4000244140625</ele>
        <time>2026-09-15T10:21:00.000Z</time>
      </trkpt>
      <trkpt lat="40.25333837606012821197509765625" lon="9.4706267304718494415283203125">
        <ele>646</ele>
        <time>2026-09-15T10:21:01.000Z</time>
      </trkpt>
      <trkpt lat="40.2533320896327495574951171875" lon="9.47065011598169803619384765625">
        <ele>645.5999755859375</ele>
        <time>2026-09-15T10:21:03.000Z</time>
      </trkpt>
      <trkpt lat="40.25332949124276638031005859375" lon="9.470673501491546630859375">
        <ele>645</ele>
        <time>2026-09-15T10:21:05.000Z</time>
      </trkpt>
      <trkpt lat="40.25333586148917675018310546875" lon="9.47068867273628711700439453125">
        <ele>644.79998779296875</ele>
        <time>2026-09-15T10:21:07.000Z</time>
      </trkpt>
      <trkpt lat="40.25332613848149776458740234375" lon="9.47073611430823802947998046875">
        <ele>643.5999755859375</ele>
        <time>2026-09-15T10:21:13.000Z</time>
      </trkpt>
      <trkpt lat="40.253322534263134002685546875" lon="9.47075329720973968505859375">
        <ele>643.20001220703125</ele>
        <time>2026-09-15T10:21:14.000Z</time>
      </trkpt>
      <trkpt lat="40.2533240430057048797607421875" lon="9.470810629427433013916015625">
        <ele>642</ele>
        <time>2026-09-15T10:21:18.000Z</time>
      </trkpt>
      <trkpt lat="40.253294371068477630615234375" lon="9.47085832245647907257080078125">
        <ele>640.5999755859375</ele>
        <time>2026-09-15T10:21:23.000Z</time>
      </trkpt>
      <trkpt lat="40.25328523479402065277099609375" lon="9.47086393833160400390625">
        <ele>640.4000244140625</ele>
        <time>2026-09-15T10:21:24.000Z</time>
      </trkpt>
      <trkpt lat="40.25321315042674541473388671875" lon="9.47093543596565723419189453125">
        <ele>638.20001220703125</ele>
        <time>2026-09-15T10:21:33.000Z</time>
      </trkpt>
      <trkpt lat="40.253168307244777679443359375" lon="9.47098539210855960845947265625">
        <ele>636.79998779296875</ele>
        <time>2026-09-15T10:21:39.000Z</time>
      </trkpt>
      <trkpt lat="40.25315498001873493194580078125" lon="9.471006095409393310546875">
        <ele>636.20001220703125</ele>
        <time>2026-09-15T10:21:41.000Z</time>
      </trkpt>
      <trkpt lat="40.25310033001005649566650390625" lon="9.47108320891857147216796875">
        <ele>633.20001220703125</ele>
        <time>2026-09-15T10:21:49.000Z</time>
      </trkpt>
      <trkpt lat="40.25309848599135875701904296875" lon="9.4710932672023773193359375">
        <ele>632.79998779296875</ele>
        <time>2026-09-15T10:21:50.000Z</time>
      </trkpt>
      <trkpt lat="40.2530957199633121490478515625" lon="9.471105001866817474365234375">
        <ele>632.5999755859375</ele>
        <time>2026-09-15T10:21:51.000Z</time>
      </trkpt>
      <trkpt lat="40.253090523183345794677734375" lon="9.47114381007850170135498046875">
        <ele>631.4000244140625</ele>
        <time>2026-09-15T10:21:54.000Z</time>
      </trkpt>
      <trkpt lat="40.25309278629720211029052734375" lon="9.47115185670554637908935546875">
        <ele>631.20001220703125</ele>
        <time>2026-09-15T10:21:55.000Z</time>
      </trkpt>
      <trkpt lat="40.25308943353593349456787109375" lon="9.47121388278901576995849609375">
        <ele>629.20001220703125</ele>
        <time>2026-09-15T10:22:01.000Z</time>
      </trkpt>
      <trkpt lat="40.253024809062480926513671875" lon="9.4712971150875091552734375">
        <ele>625.4000244140625</ele>
        <time>2026-09-15T10:22:08.000Z</time>
      </trkpt>
      <trkpt lat="40.25304048322141170501708984375" lon="9.471391998231410980224609375">
        <ele>622.5999755859375</ele>
        <time>2026-09-15T10:22:15.000Z</time>
      </trkpt>
      <trkpt lat="40.2530380524694919586181640625" lon="9.47140314616262912750244140625">
        <ele>622.20001220703125</ele>
        <time>2026-09-15T10:22:16.000Z</time>
      </trkpt>
      <trkpt lat="40.25302606634795665740966796875" lon="9.471443630754947662353515625">
        <ele>620.5999755859375</ele>
        <time>2026-09-15T10:22:20.000Z</time>
      </trkpt>
      <trkpt lat="40.25300947017967700958251953125" lon="9.4714848697185516357421875">
        <ele>619</ele>
        <time>2026-09-15T10:22:25.000Z</time>
      </trkpt>
      <trkpt lat="40.25299890898168087005615234375" lon="9.47151881642639636993408203125">
        <ele>617.79998779296875</ele>
        <time>2026-09-15T10:22:28.000Z</time>
      </trkpt>
      <trkpt lat="40.25299102999269962310791015625" lon="9.471590816974639892578125">
        <ele>615.20001220703125</ele>
        <time>2026-09-15T10:22:37.000Z</time>
      </trkpt>
      <trkpt lat="40.252980887889862060546875" lon="9.4716285355389118194580078125">
        <ele>614</ele>
        <time>2026-09-15T10:22:43.000Z</time>
      </trkpt>
      <trkpt lat="40.25296253152191638946533203125" lon="9.4716992788016796112060546875">
        <ele>611.79998779296875</ele>
        <time>2026-09-15T10:22:51.000Z</time>
      </trkpt>
      <trkpt lat="40.25294677354395389556884765625" lon="9.4717596285045146942138671875">
        <ele>610.4000244140625</ele>
        <time>2026-09-15T10:22:57.000Z</time>
      </trkpt>
      <trkpt lat="40.25292414240539073944091796875" lon="9.47180195711553096771240234375">
        <ele>609.20001220703125</ele>
        <time>2026-09-15T10:23:03.000Z</time>
      </trkpt>
      <trkpt lat="40.25290402583777904510498046875" lon="9.47181411087512969970703125">
        <ele>608.79998779296875</ele>
        <time>2026-09-15T10:23:05.000Z</time>
      </trkpt>
      <trkpt lat="40.2528439275920391082763671875" lon="9.4718281924724578857421875">
        <ele>608</ele>
        <time>2026-09-15T10:23:09.000Z</time>
      </trkpt>
      <trkpt lat="40.25282808579504489898681640625" lon="9.471843950450420379638671875">
        <ele>607.5999755859375</ele>
        <time>2026-09-15T10:23:12.000Z</time>
      </trkpt>
      <trkpt lat="40.25284451432526111602783203125" lon="9.4718635641038417816162109375">
        <ele>607</ele>
        <time>2026-09-15T10:23:15.000Z</time>
      </trkpt>
      <trkpt lat="40.252843759953975677490234375" lon="9.47190337814390659332275390625">
        <ele>606</ele>
        <time>2026-09-15T10:23:22.000Z</time>
      </trkpt>
      <trkpt lat="40.2528442628681659698486328125" lon="9.47190136648714542388916015625">
        <ele>606</ele>
        <time>2026-09-15T10:23:48.000Z</time>
      </trkpt>
      <trkpt lat="40.2528442628681659698486328125" lon="9.47190069593489170074462890625">
        <ele>606</ele>
        <time>2026-09-15T10:23:52.000Z</time>
      </trkpt>
      <trkpt lat="40.2528583444654941558837890625" lon="9.4719983451068401336669921875">
        <ele>603.5999755859375</ele>
        <time>2026-09-15T10:24:10.000Z</time>
      </trkpt>
      <trkpt lat="40.25284702889621257781982421875" lon="9.47205626405775547027587890625">
        <ele>602</ele>
        <time>2026-09-15T10:24:13.000Z</time>
      </trkpt>
      <trkpt lat="40.25285390205681324005126953125" lon="9.47210404090583324432373046875">
        <ele>600.5999755859375</ele>
        <time>2026-09-15T10:24:17.000Z</time>
      </trkpt>
      <trkpt lat="40.25286915712058544158935546875" lon="9.47214762680232524871826171875">
        <ele>599.4000244140625</ele>
        <time>2026-09-15T10:24:21.000Z</time>
      </trkpt>
      <trkpt lat="40.2528747729957103729248046875" lon="9.472185261547565460205078125">
        <ele>598.4000244140625</ele>
        <time>2026-09-15T10:24:24.000Z</time>
      </trkpt>
      <trkpt lat="40.2528811432421207427978515625" lon="9.472200013697147369384765625">
        <ele>598</ele>
        <time>2026-09-15T10:24:25.000Z</time>
      </trkpt>
      <trkpt lat="40.2529126591980457305908203125" lon="9.47224418632686138153076171875">
        <ele>597</ele>
        <time>2026-09-15T10:24:29.000Z</time>
      </trkpt>
      <trkpt lat="40.25291844271123409271240234375" lon="9.4722627103328704833984375">
        <ele>596.5999755859375</ele>
        <time>2026-09-15T10:24:31.000Z</time>
      </trkpt>
      <trkpt lat="40.25291852653026580810546875" lon="9.4722761213779449462890625">
        <ele>596.20001220703125</ele>
        <time>2026-09-15T10:24:32.000Z</time>
      </trkpt>
      <trkpt lat="40.25291508994996547698974609375" lon="9.4723098166286945343017578125">
        <ele>595.20001220703125</ele>
        <time>2026-09-15T10:24:35.000Z</time>
      </trkpt>
      <trkpt lat="40.25290821678936481475830078125" lon="9.47238014079630374908447265625">
        <ele>593</ele>
        <time>2026-09-15T10:24:42.000Z</time>
      </trkpt>
      <trkpt lat="40.252904780209064483642578125" lon="9.4723902828991413116455078125">
        <ele>592.79998779296875</ele>
        <time>2026-09-15T10:24:43.000Z</time>
      </trkpt>
      <trkpt lat="40.25289840996265411376953125" lon="9.47243864648044109344482421875">
        <ele>591.20001220703125</ele>
        <time>2026-09-15T10:24:47.000Z</time>
      </trkpt>
      <trkpt lat="40.25289949961006641387939453125" lon="9.472454488277435302734375">
        <ele>590.79998779296875</ele>
        <time>2026-09-15T10:24:48.000Z</time>
      </trkpt>
      <trkpt lat="40.25289882905781269073486328125" lon="9.47247049771249294281005859375">
        <ele>590.4000244140625</ele>
        <time>2026-09-15T10:24:49.000Z</time>
      </trkpt>
      <trkpt lat="40.2529156766831874847412109375" lon="9.47251995094120502471923828125">
        <ele>589</ele>
        <time>2026-09-15T10:24:54.000Z</time>
      </trkpt>
      <trkpt lat="40.25292933918535709381103515625" lon="9.47253964841365814208984375">
        <ele>588.5999755859375</ele>
        <time>2026-09-15T10:24:56.000Z</time>
      </trkpt>
      <trkpt lat="40.2529337815940380096435546875" lon="9.47262103669345378875732421875">
        <ele>586</ele>
        <time>2026-09-15T10:25:03.000Z</time>
      </trkpt>
      <trkpt lat="40.252931602299213409423828125" lon="9.47265573777258396148681640625">
        <ele>585</ele>
        <time>2026-09-15T10:25:08.000Z</time>
      </trkpt>
      <trkpt lat="40.25297208689153194427490234375" lon="9.4727292470633983612060546875">
        <ele>583.20001220703125</ele>
        <time>2026-09-15T10:25:16.000Z</time>
      </trkpt>
      <trkpt lat="40.252990610897541046142578125" lon="9.47279839776456356048583984375">
        <ele>581</ele>
        <time>2026-09-15T10:25:23.000Z</time>
      </trkpt>
      <trkpt lat="40.2529770322144031524658203125" lon="9.47283427231013774871826171875">
        <ele>579.20001220703125</ele>
        <time>2026-09-15T10:25:27.000Z</time>
      </trkpt>
      <trkpt lat="40.2529595978558063507080078125" lon="9.472836367785930633544921875">
        <ele>578.79998779296875</ele>
        <time>2026-09-15T10:25:29.000Z</time>
      </trkpt>
      <trkpt lat="40.25295197032392024993896484375" lon="9.472831003367900848388671875">
        <ele>579</ele>
        <time>2026-09-15T10:25:30.000Z</time>
      </trkpt>
      <trkpt lat="40.25294811464846134185791015625" lon="9.4728554785251617431640625">
        <ele>578</ele>
        <time>2026-09-15T10:25:34.000Z</time>
      </trkpt>
      <trkpt lat="40.25295096449553966522216796875" lon="9.4729025848209857940673828125">
        <ele>576.20001220703125</ele>
        <time>2026-09-15T10:25:38.000Z</time>
      </trkpt>
      <trkpt lat="40.25295532308518886566162109375" lon="9.47294457815587520599365234375">
        <ele>574.5999755859375</ele>
        <time>2026-09-15T10:25:41.000Z</time>
      </trkpt>
      <trkpt lat="40.2529579214751720428466796875" lon="9.4729579053819179534912109375">
        <ele>574</ele>
        <time>2026-09-15T10:25:42.000Z</time>
      </trkpt>
      <trkpt lat="40.252967812120914459228515625" lon="9.4730149023234844207763671875">
        <ele>572</ele>
        <time>2026-09-15T10:25:48.000Z</time>
      </trkpt>
      <trkpt lat="40.2529822289943695068359375" lon="9.47306913323700428009033203125">
        <ele>570.20001220703125</ele>
        <time>2026-09-15T10:25:53.000Z</time>
      </trkpt>
      <trkpt lat="40.25298683904111385345458984375" lon="9.473076760768890380859375">
        <ele>570</ele>
        <time>2026-09-15T10:25:54.000Z</time>
      </trkpt>
      <trkpt lat="40.2530157566070556640625" lon="9.47316594421863555908203125">
        <ele>567.20001220703125</ele>
        <time>2026-09-15T10:26:01.000Z</time>
      </trkpt>
      <trkpt lat="40.2530144155025482177734375" lon="9.473177678883075714111328125">
        <ele>566.79998779296875</ele>
        <time>2026-09-15T10:26:02.000Z</time>
      </trkpt>
      <trkpt lat="40.2530169300734996795654296875" lon="9.47324381209909915924072265625">
        <ele>564.4000244140625</ele>
        <time>2026-09-15T10:26:07.000Z</time>
      </trkpt>
      <trkpt lat="40.25301634334027767181396484375" lon="9.473258815705776214599609375">
        <ele>563.79998779296875</ele>
        <time>2026-09-15T10:26:09.000Z</time>
      </trkpt>
      <trkpt lat="40.25304014794528484344482421875" lon="9.47331069968640804290771484375">
        <ele>562.4000244140625</ele>
        <time>2026-09-15T10:26:15.000Z</time>
      </trkpt>
      <trkpt lat="40.25303243659436702728271484375" lon="9.4733863882720470428466796875">
        <ele>559.5999755859375</ele>
        <time>2026-09-15T10:26:21.000Z</time>
      </trkpt>
      <trkpt lat="40.253026150166988372802734375" lon="9.47345855645835399627685546875">
        <ele>557.4000244140625</ele>
        <time>2026-09-15T10:26:26.000Z</time>
      </trkpt>
      <trkpt lat="40.25303780101239681243896484375" lon="9.47347263805568218231201171875">
        <ele>557.20001220703125</ele>
        <time>2026-09-15T10:26:28.000Z</time>
      </trkpt>
      <trkpt lat="40.25306797586381435394287109375" lon="9.47349987924098968505859375">
        <ele>556.5999755859375</ele>
        <time>2026-09-15T10:26:32.000Z</time>
      </trkpt>
      <trkpt lat="40.253084488213062286376953125" lon="9.4735168106853961944580078125">
        <ele>556.20001220703125</ele>
        <time>2026-09-15T10:26:34.000Z</time>
      </trkpt>
      <trkpt lat="40.25310100056231021881103515625" lon="9.4735399447381496429443359375">
        <ele>555.5999755859375</ele>
        <time>2026-09-15T10:26:36.000Z</time>
      </trkpt>
      <trkpt lat="40.2531302534043788909912109375" lon="9.47359451092779636383056640625">
        <ele>554.20001220703125</ele>
        <time>2026-09-15T10:26:40.000Z</time>
      </trkpt>
      <trkpt lat="40.2531728334724903106689453125" lon="9.47362217120826244354248046875">
        <ele>553.79998779296875</ele>
        <time>2026-09-15T10:26:44.000Z</time>
      </trkpt>
      <trkpt lat="40.25321625173091888427734375" lon="9.4736817665398120880126953125">
        <ele>552.4000244140625</ele>
        <time>2026-09-15T10:26:49.000Z</time>
      </trkpt>
      <trkpt lat="40.2532184310257434844970703125" lon="9.47369643487036228179931640625">
        <ele>552</ele>
        <time>2026-09-15T10:26:50.000Z</time>
      </trkpt>
      <trkpt lat="40.25321700610220432281494140625" lon="9.47371034882962703704833984375">
        <ele>551.5999755859375</ele>
        <time>2026-09-15T10:26:51.000Z</time>
      </trkpt>
      <trkpt lat="40.2532102167606353759765625" lon="9.4737444631755352020263671875">
        <ele>550.5999755859375</ele>
        <time>2026-09-15T10:26:54.000Z</time>
      </trkpt>
      <trkpt lat="40.25321398861706256866455078125" lon="9.473755359649658203125">
        <ele>550.20001220703125</ele>
        <time>2026-09-15T10:26:55.000Z</time>
      </trkpt>
      <trkpt lat="40.2532244659960269927978515625" lon="9.4737639091908931732177734375">
        <ele>550</ele>
        <time>2026-09-15T10:26:56.000Z</time>
      </trkpt>
      <trkpt lat="40.25325874797999858856201171875" lon="9.473810680210590362548828125">
        <ele>549</ele>
        <time>2026-09-15T10:27:02.000Z</time>
      </trkpt>
      <trkpt lat="40.25327928364276885986328125" lon="9.473854936659336090087890625">
        <ele>547.79998779296875</ele>
        <time>2026-09-15T10:27:08.000Z</time>
      </trkpt>
      <trkpt lat="40.253284983336925506591796875" lon="9.47390330024063587188720703125">
        <ele>546.4000244140625</ele>
        <time>2026-09-15T10:27:13.000Z</time>
      </trkpt>
      <trkpt lat="40.25326662696897983551025390625" lon="9.4739473052322864532470703125">
        <ele>545.20001220703125</ele>
        <time>2026-09-15T10:27:17.000Z</time>
      </trkpt>
      <trkpt lat="40.25326729752123355865478515625" lon="9.474001787602901458740234375">
        <ele>543.5999755859375</ele>
        <time>2026-09-15T10:27:20.000Z</time>
      </trkpt>
      <trkpt lat="40.25326763279736042022705078125" lon="9.47403372265398502349853515625">
        <ele>542.5999755859375</ele>
        <time>2026-09-15T10:27:22.000Z</time>
      </trkpt>
      <trkpt lat="40.25324282236397266387939453125" lon="9.47409239597618579864501953125">
        <ele>541</ele>
        <time>2026-09-15T10:27:27.000Z</time>
      </trkpt>
      <trkpt lat="40.2532397210597991943359375" lon="9.47410128079354763031005859375">
        <ele>540.5999755859375</ele>
        <time>2026-09-15T10:27:28.000Z</time>
      </trkpt>
      <trkpt lat="40.25326360948383808135986328125" lon="9.47413019835948944091796875">
        <ele>539.79998779296875</ele>
        <time>2026-09-15T10:27:32.000Z</time>
      </trkpt>
      <trkpt lat="40.25325925089418888092041015625" lon="9.474240504205226898193359375">
        <ele>535.79998779296875</ele>
        <time>2026-09-15T10:27:39.000Z</time>
      </trkpt>
      <trkpt lat="40.25324583984911441802978515625" lon="9.47429205290973186492919921875">
        <ele>533.79998779296875</ele>
        <time>2026-09-15T10:27:46.000Z</time>
      </trkpt>
      <trkpt lat="40.25321432389318943023681640625" lon="9.47433446533977985382080078125">
        <ele>532.20001220703125</ele>
        <time>2026-09-15T10:27:52.000Z</time>
      </trkpt>
      <trkpt lat="40.253186412155628204345703125" lon="9.47434745728969573974609375">
        <ele>531.79998779296875</ele>
        <time>2026-09-15T10:27:55.000Z</time>
      </trkpt>
      <trkpt lat="40.25318901054561138153076171875" lon="9.47436732240021228790283203125">
        <ele>531</ele>
        <time>2026-09-15T10:27:57.000Z</time>
      </trkpt>
      <trkpt lat="40.25321080349385738372802734375" lon="9.474406130611896514892578125">
        <ele>529.5999755859375</ele>
        <time>2026-09-15T10:28:01.000Z</time>
      </trkpt>
      <trkpt lat="40.25320527143776416778564453125" lon="9.4744277559220790863037109375">
        <ele>528.79998779296875</ele>
        <time>2026-09-15T10:28:03.000Z</time>
      </trkpt>
      <trkpt lat="40.2531758509576320648193359375" lon="9.47448919527232646942138671875">
        <ele>527</ele>
        <time>2026-09-15T10:28:10.000Z</time>
      </trkpt>
      <trkpt lat="40.25317610241472721099853515625" lon="9.4744991697371006011962890625">
        <ele>526.5999755859375</ele>
        <time>2026-09-15T10:28:11.000Z</time>
      </trkpt>
      <trkpt lat="40.25313368998467922210693359375" lon="9.4745424203574657440185546875">
        <ele>525.5999755859375</ele>
        <time>2026-09-15T10:28:17.000Z</time>
      </trkpt>
      <trkpt lat="40.25314307771623134613037109375" lon="9.4745935499668121337890625">
        <ele>523.79998779296875</ele>
        <time>2026-09-15T10:28:22.000Z</time>
      </trkpt>
      <trkpt lat="40.25314810685813426971435546875" lon="9.4746171869337558746337890625">
        <ele>523</ele>
        <time>2026-09-15T10:28:24.000Z</time>
      </trkpt>
      <trkpt lat="40.25314156897366046905517578125" lon="9.47466102428734302520751953125">
        <ele>521.5999755859375</ele>
        <time>2026-09-15T10:28:28.000Z</time>
      </trkpt>
      <trkpt lat="40.253091864287853240966796875" lon="9.47471600957214832305908203125">
        <ele>520.20001220703125</ele>
        <time>2026-09-15T10:28:35.000Z</time>
      </trkpt>
      <trkpt lat="40.2530420757830142974853515625" lon="9.47480401955544948577880859375">
        <ele>518.79998779296875</ele>
        <time>2026-09-15T10:28:42.000Z</time>
      </trkpt>
      <trkpt lat="40.25303922593593597412109375" lon="9.47482354938983917236328125">
        <ele>518.4000244140625</ele>
        <time>2026-09-15T10:28:44.000Z</time>
      </trkpt>
      <trkpt lat="40.25304953567683696746826171875" lon="9.47484291158616542816162109375">
        <ele>518</ele>
        <time>2026-09-15T10:28:46.000Z</time>
      </trkpt>
      <trkpt lat="40.2530504576861858367919921875" lon="9.47485045529901981353759765625">
        <ele>517.79998779296875</ele>
        <time>2026-09-15T10:28:47.000Z</time>
      </trkpt>
      <trkpt lat="40.25303645990788936614990234375" lon="9.4749018363654613494873046875">
        <ele>516.79998779296875</ele>
        <time>2026-09-15T10:28:54.000Z</time>
      </trkpt>
      <trkpt lat="40.25302673690021038055419921875" lon="9.4749068655073642730712890625">
        <ele>516.79998779296875</ele>
        <time>2026-09-15T10:29:02.000Z</time>
      </trkpt>
      <trkpt lat="40.25302673690021038055419921875" lon="9.4749068655073642730712890625">
        <ele>516.79998779296875</ele>
        <time>2026-09-15T10:29:04.000Z</time>
      </trkpt>
      <trkpt lat="40.2530159242451190948486328125" lon="9.47491399012506008148193359375">
        <ele>516.5999755859375</ele>
        <time>2026-09-15T10:29:46.000Z</time>
      </trkpt>
      <trkpt lat="40.2530063688755035400390625" lon="9.47496511973440647125244140625">
        <ele>515.5999755859375</ele>
        <time>2026-09-15T10:30:01.000Z</time>
      </trkpt>
      <trkpt lat="40.2530001662671566009521484375" lon="9.47500853799283504486083984375">
        <ele>514.5999755859375</ele>
        <time>2026-09-15T10:30:03.000Z</time>
      </trkpt>
      <trkpt lat="40.25299421511590480804443359375" lon="9.47502681054174900054931640625">
        <ele>514.20001220703125</ele>
        <time>2026-09-15T10:30:04.000Z</time>
      </trkpt>
      <trkpt lat="40.25296957232058048248291015625" lon="9.47506226599216461181640625">
        <ele>513.20001220703125</ele>
        <time>2026-09-15T10:30:07.000Z</time>
      </trkpt>
      <trkpt lat="40.2529715001583099365234375" lon="9.47512253187596797943115234375">
        <ele>511.79998779296875</ele>
        <time>2026-09-15T10:30:12.000Z</time>
      </trkpt>
      <trkpt lat="40.2529713325202465057373046875" lon="9.47513460181653499603271484375">
        <ele>511.399993896484375</ele>
        <time>2026-09-15T10:30:13.000Z</time>
      </trkpt>
      <trkpt lat="40.25296471081674098968505859375" lon="9.47515924461185932159423828125">
        <ele>510.79998779296875</ele>
        <time>2026-09-15T10:30:15.000Z</time>
      </trkpt>
      <trkpt lat="40.25293839164078235626220703125" lon="9.47517718188464641571044921875">
        <ele>510.399993896484375</ele>
        <time>2026-09-15T10:30:18.000Z</time>
      </trkpt>
      <trkpt lat="40.25292950682342052459716796875" lon="9.4751836359500885009765625">
        <ele>510.20001220703125</ele>
        <time>2026-09-15T10:30:19.000Z</time>
      </trkpt>
      <trkpt lat="40.2528801374137401580810546875" lon="9.4752169959247112274169921875">
        <ele>509.20001220703125</ele>
        <time>2026-09-15T10:30:25.000Z</time>
      </trkpt>
      <trkpt lat="40.25287427008152008056640625" lon="9.47521791793406009674072265625">
        <ele>509.20001220703125</ele>
        <time>2026-09-15T10:30:26.000Z</time>
      </trkpt>
      <trkpt lat="40.25287083350121974945068359375" lon="9.4752411358058452606201171875">
        <ele>508.399993896484375</ele>
        <time>2026-09-15T10:30:30.000Z</time>
      </trkpt>
      <trkpt lat="40.25291827507317066192626953125" lon="9.47526611387729644775390625">
        <ele>507.79998779296875</ele>
        <time>2026-09-15T10:30:35.000Z</time>
      </trkpt>
      <trkpt lat="40.25296404026448726654052734375" lon="9.47529117576777935028076171875">
        <ele>507.399993896484375</ele>
        <time>2026-09-15T10:30:39.000Z</time>
      </trkpt>
      <trkpt lat="40.2530266530811786651611328125" lon="9.475340209901332855224609375">
        <ele>506.20001220703125</ele>
        <time>2026-09-15T10:30:44.000Z</time>
      </trkpt>
      <trkpt lat="40.25309882126748561859130859375" lon="9.47545696981251239776611328125">
        <ele>503</ele>
        <time>2026-09-15T10:30:52.000Z</time>
      </trkpt>
      <trkpt lat="40.2531131543219089508056640625" lon="9.4755036570131778717041015625">
        <ele>501.79998779296875</ele>
        <time>2026-09-15T10:30:56.000Z</time>
      </trkpt>
      <trkpt lat="40.253107286989688873291015625" lon="9.4755301438271999359130859375">
        <ele>501</ele>
        <time>2026-09-15T10:30:58.000Z</time>
      </trkpt>
      <trkpt lat="40.2530921995639801025390625" lon="9.475585632026195526123046875">
        <ele>499</ele>
        <time>2026-09-15T10:31:03.000Z</time>
      </trkpt>
      <trkpt lat="40.25309580378234386444091796875" lon="9.47561890818178653717041015625">
        <ele>497.79998779296875</ele>
        <time>2026-09-15T10:31:06.000Z</time>
      </trkpt>
      <trkpt lat="40.25310502387583255767822265625" lon="9.47565109468996524810791015625">
        <ele>496.79998779296875</ele>
        <time>2026-09-15T10:31:08.000Z</time>
      </trkpt>
      <trkpt lat="40.25311290286481380462646484375" lon="9.47573642246425151824951171875">
        <ele>494.20001220703125</ele>
        <time>2026-09-15T10:31:14.000Z</time>
      </trkpt>
      <trkpt lat="40.2531356178224086761474609375" lon="9.4758191518485546112060546875">
        <ele>491.600006103515625</ele>
        <time>2026-09-15T10:31:22.000Z</time>
      </trkpt>
      <trkpt lat="40.253141820430755615234375" lon="9.47583382017910480499267578125">
        <ele>491.20001220703125</ele>
        <time>2026-09-15T10:31:23.000Z</time>
      </trkpt>
      <trkpt lat="40.25314575992524623870849609375" lon="9.47588578797876834869384765625">
        <ele>489.600006103515625</ele>
        <time>2026-09-15T10:31:27.000Z</time>
      </trkpt>
      <trkpt lat="40.25314039550721645355224609375" lon="9.4758959300816059112548828125">
        <ele>489.20001220703125</ele>
        <time>2026-09-15T10:31:28.000Z</time>
      </trkpt>
      <trkpt lat="40.25311960838735103607177734375" lon="9.47592250071465969085693359375">
        <ele>488.399993896484375</ele>
        <time>2026-09-15T10:31:30.000Z</time>
      </trkpt>
      <trkpt lat="40.25310217402875423431396484375" lon="9.47593188844621181488037109375">
        <ele>488.20001220703125</ele>
        <time>2026-09-15T10:31:31.000Z</time>
      </trkpt>
      <trkpt lat="40.2530910260975360870361328125" lon="9.47593809105455875396728515625">
        <ele>488</ele>
        <time>2026-09-15T10:31:32.000Z</time>
      </trkpt>
      <trkpt lat="40.25304081849753856658935546875" lon="9.47595234028995037078857421875">
        <ele>487.79998779296875</ele>
        <time>2026-09-15T10:31:35.000Z</time>
      </trkpt>
      <trkpt lat="40.25301684625446796417236328125" lon="9.47597078047692775726318359375">
        <ele>487.20001220703125</ele>
        <time>2026-09-15T10:31:37.000Z</time>
      </trkpt>
      <trkpt lat="40.253002680838108062744140625" lon="9.4759951718151569366455078125">
        <ele>486.399993896484375</ele>
        <time>2026-09-15T10:31:39.000Z</time>
      </trkpt>
      <trkpt lat="40.252985917031764984130859375" lon="9.4760283641517162322998046875">
        <ele>485.399993896484375</ele>
        <time>2026-09-15T10:31:41.000Z</time>
      </trkpt>
      <trkpt lat="40.25290922261774539947509765625" lon="9.47612333111464977264404296875">
        <ele>482.79998779296875</ele>
        <time>2026-09-15T10:31:49.000Z</time>
      </trkpt>
      <trkpt lat="40.25289245881140232086181640625" lon="9.4761815853416919708251953125">
        <ele>481.600006103515625</ele>
        <time>2026-09-15T10:31:53.000Z</time>
      </trkpt>
      <trkpt lat="40.2528667263686656951904296875" lon="9.47620513848960399627685546875">
        <ele>481.20001220703125</ele>
        <time>2026-09-15T10:31:55.000Z</time>
      </trkpt>
      <trkpt lat="40.2528362162411212921142578125" lon="9.4762278534471988677978515625">
        <ele>480.79998779296875</ele>
        <time>2026-09-15T10:31:59.000Z</time>
      </trkpt>
      <trkpt lat="40.252818949520587921142578125" lon="9.47624101303517818450927734375">
        <ele>480.600006103515625</ele>
        <time>2026-09-15T10:32:01.000Z</time>
      </trkpt>
      <trkpt lat="40.2528033591806888580322265625" lon="9.476254843175411224365234375">
        <ele>480.399993896484375</ele>
        <time>2026-09-15T10:32:04.000Z</time>
      </trkpt>
      <trkpt lat="40.25279958732426166534423828125" lon="9.47626582346856594085693359375">
        <ele>480.20001220703125</ele>
        <time>2026-09-15T10:32:05.000Z</time>
      </trkpt>
      <trkpt lat="40.25279204361140727996826171875" lon="9.47628594003617763519287109375">
        <ele>479.79998779296875</ele>
        <time>2026-09-15T10:32:07.000Z</time>
      </trkpt>
      <trkpt lat="40.2527624554932117462158203125" lon="9.4763167016208171844482421875">
        <ele>479.20001220703125</ele>
        <time>2026-09-15T10:32:10.000Z</time>
      </trkpt>
      <trkpt lat="40.2527366392314434051513671875" lon="9.47635106742382049560546875">
        <ele>478.600006103515625</ele>
        <time>2026-09-15T10:32:13.000Z</time>
      </trkpt>
      <trkpt lat="40.2527252398431301116943359375" lon="9.4764223136007785797119140625">
        <ele>477.399993896484375</ele>
        <time>2026-09-15T10:32:18.000Z</time>
      </trkpt>
      <trkpt lat="40.25273303501307964324951171875" lon="9.4764317013323307037353515625">
        <ele>477.20001220703125</ele>
        <time>2026-09-15T10:32:19.000Z</time>
      </trkpt>
      <trkpt lat="40.252738483250141143798828125" lon="9.47644368745386600494384765625">
        <ele>477</ele>
        <time>2026-09-15T10:32:20.000Z</time>
      </trkpt>
      <trkpt lat="40.25277377106249332427978515625" lon="9.47649858891963958740234375">
        <ele>476</ele>
        <time>2026-09-15T10:32:24.000Z</time>
      </trkpt>
      <trkpt lat="40.25279003195464611053466796875" lon="9.476513005793094635009765625">
        <ele>475.79998779296875</ele>
        <time>2026-09-15T10:32:26.000Z</time>
      </trkpt>
      <trkpt lat="40.2527902834117412567138671875" lon="9.47653873823583126068115234375">
        <ele>475.399993896484375</ele>
        <time>2026-09-15T10:32:28.000Z</time>
      </trkpt>
      <trkpt lat="40.25278181768953800201416015625" lon="9.476561285555362701416015625">
        <ele>475.20001220703125</ele>
        <time>2026-09-15T10:32:30.000Z</time>
      </trkpt>
      <trkpt lat="40.2527768723666667938232421875" lon="9.4766050390899181365966796875">
        <ele>474.600006103515625</ele>
        <time>2026-09-15T10:32:33.000Z</time>
      </trkpt>
      <trkpt lat="40.2527909539639949798583984375" lon="9.476619623601436614990234375">
        <ele>474.20001220703125</ele>
        <time>2026-09-15T10:32:35.000Z</time>
      </trkpt>
      <trkpt lat="40.2528025209903717041015625" lon="9.4766241498291492462158203125">
        <ele>474.20001220703125</ele>
        <time>2026-09-15T10:32:36.000Z</time>
      </trkpt>
      <trkpt lat="40.2528653852641582489013671875" lon="9.476682655513286590576171875">
        <ele>473.20001220703125</ele>
        <time>2026-09-15T10:32:42.000Z</time>
      </trkpt>
      <trkpt lat="40.2528774552047252655029296875" lon="9.47670620866119861602783203125">
        <ele>472.79998779296875</ele>
        <time>2026-09-15T10:32:44.000Z</time>
      </trkpt>
      <trkpt lat="40.25291525758802890777587890625" lon="9.4767508842051029205322265625">
        <ele>472.20001220703125</ele>
        <time>2026-09-15T10:32:49.000Z</time>
      </trkpt>
      <trkpt lat="40.25292464531958103179931640625" lon="9.47676119394600391387939453125">
        <ele>472.20001220703125</ele>
        <time>2026-09-15T10:32:50.000Z</time>
      </trkpt>
      <trkpt lat="40.2529381401836872100830078125" lon="9.476781226694583892822265625">
        <ele>471.79998779296875</ele>
        <time>2026-09-15T10:32:52.000Z</time>
      </trkpt>
      <trkpt lat="40.2529528923332691192626953125" lon="9.47679790668189525604248046875">
        <ele>471.600006103515625</ele>
        <time>2026-09-15T10:32:54.000Z</time>
      </trkpt>
      <trkpt lat="40.25297896005213260650634765625" lon="9.4768197834491729736328125">
        <ele>471.399993896484375</ele>
        <time>2026-09-15T10:32:56.000Z</time>
      </trkpt>
      <trkpt lat="40.2530531398952007293701171875" lon="9.476892538368701934814453125">
        <ele>469</ele>
        <time>2026-09-15T10:33:04.000Z</time>
      </trkpt>
      <trkpt lat="40.2531081251800060272216796875" lon="9.4769470207393169403076171875">
        <ele>467.20001220703125</ele>
        <time>2026-09-15T10:33:11.000Z</time>
      </trkpt>
      <trkpt lat="40.2531175129115581512451171875" lon="9.47694157250225543975830078125">
        <ele>467</ele>
        <time>2026-09-15T10:33:12.000Z</time>
      </trkpt>
      <trkpt lat="40.25315917097032070159912109375" lon="9.47692397050559520721435546875">
        <ele>466.399993896484375</ele>
        <time>2026-09-15T10:33:16.000Z</time>
      </trkpt>
      <trkpt lat="40.25319571606814861297607421875" lon="9.47694827802479267120361328125">
        <ele>465.20001220703125</ele>
        <time>2026-09-15T10:33:19.000Z</time>
      </trkpt>
      <trkpt lat="40.2532623521983623504638671875" lon="9.476969651877880096435546875">
        <ele>463.20001220703125</ele>
        <time>2026-09-15T10:33:24.000Z</time>
      </trkpt>
      <trkpt lat="40.25327500887215137481689453125" lon="9.47697870433330535888671875">
        <ele>462.600006103515625</ele>
        <time>2026-09-15T10:33:26.000Z</time>
      </trkpt>
      <trkpt lat="40.25334374047815799713134765625" lon="9.47700091637670993804931640625">
        <ele>460.20001220703125</ele>
        <time>2026-09-15T10:33:33.000Z</time>
      </trkpt>
      <trkpt lat="40.2534234523773193359375" lon="9.47698406875133514404296875">
        <ele>458.20001220703125</ele>
        <time>2026-09-15T10:33:41.000Z</time>
      </trkpt>
      <trkpt lat="40.2534350194036960601806640625" lon="9.4769842363893985748291015625">
        <ele>458</ele>
        <time>2026-09-15T10:33:42.000Z</time>
      </trkpt>
      <trkpt lat="40.2534695528447628021240234375" lon="9.47700611315667629241943359375">
        <ele>456.399993896484375</ele>
        <time>2026-09-15T10:33:45.000Z</time>
      </trkpt>
      <trkpt lat="40.253492854535579681396484375" lon="9.47704198770225048065185546875">
        <ele>454.79998779296875</ele>
        <time>2026-09-15T10:33:48.000Z</time>
      </trkpt>
      <trkpt lat="40.25356669910252094268798828125" lon="9.4771309196949005126953125">
        <ele>450.79998779296875</ele>
        <time>2026-09-15T10:33:56.000Z</time>
      </trkpt>
      <trkpt lat="40.25363123975694179534912109375" lon="9.47713938541710376739501953125">
        <ele>449.399993896484375</ele>
        <time>2026-09-15T10:34:02.000Z</time>
      </trkpt>
      <trkpt lat="40.25364138185977935791015625" lon="9.47714366018772125244140625">
        <ele>449</ele>
        <time>2026-09-15T10:34:03.000Z</time>
      </trkpt>
      <trkpt lat="40.2537198364734649658203125" lon="9.47717073373496532440185546875">
        <ele>447</ele>
        <time>2026-09-15T10:34:10.000Z</time>
      </trkpt>
      <trkpt lat="40.25375529192388057708740234375" lon="9.4771827198565006256103515625">
        <ele>446</ele>
        <time>2026-09-15T10:34:13.000Z</time>
      </trkpt>
      <trkpt lat="40.25376216508448123931884765625" lon="9.4771904312074184417724609375">
        <ele>445.600006103515625</ele>
        <time>2026-09-15T10:34:14.000Z</time>
      </trkpt>
      <trkpt lat="40.25380189530551433563232421875" lon="9.4771994836628437042236328125">
        <ele>444.79998779296875</ele>
        <time>2026-09-15T10:34:17.000Z</time>
      </trkpt>
      <trkpt lat="40.25387196801602840423583984375" lon="9.47720509953796863555908203125">
        <ele>444.600006103515625</ele>
        <time>2026-09-15T10:34:23.000Z</time>
      </trkpt>
      <trkpt lat="40.2538960240781307220458984375" lon="9.47721968404948711395263671875">
        <ele>444.20001220703125</ele>
        <time>2026-09-15T10:34:25.000Z</time>
      </trkpt>
      <trkpt lat="40.2539188228547573089599609375" lon="9.47722789831459522247314453125">
        <ele>444</ele>
        <time>2026-09-15T10:34:27.000Z</time>
      </trkpt>
      <trkpt lat="40.2539587207138538360595703125" lon="9.4772247970104217529296875">
        <ele>444.20001220703125</ele>
        <time>2026-09-15T10:34:32.000Z</time>
      </trkpt>
      <trkpt lat="40.25400674901902675628662109375" lon="9.47721532545983791351318359375">
        <ele>444.600006103515625</ele>
        <time>2026-09-15T10:34:39.000Z</time>
      </trkpt>
      <trkpt lat="40.2540247701108455657958984375" lon="9.47719973511993885040283203125">
        <ele>445.399993896484375</ele>
        <time>2026-09-15T10:34:42.000Z</time>
      </trkpt>
      <trkpt lat="40.25405989028513431549072265625" lon="9.4771619327366352081298828125">
        <ele>446.79998779296875</ele>
        <time>2026-09-15T10:34:45.000Z</time>
      </trkpt>
      <trkpt lat="40.25409174151718616485595703125" lon="9.4771139882504940032958984375">
        <ele>448.600006103515625</ele>
        <time>2026-09-15T10:34:49.000Z</time>
      </trkpt>
      <trkpt lat="40.2541033923625946044921875" lon="9.4771009124815464019775390625">
        <ele>449.20001220703125</ele>
        <time>2026-09-15T10:34:50.000Z</time>
      </trkpt>
      <trkpt lat="40.2541461400687694549560546875" lon="9.47706813924014568328857421875">
        <ele>450.79998779296875</ele>
        <time>2026-09-15T10:34:54.000Z</time>
      </trkpt>
      <trkpt lat="40.25420674122869968414306640625" lon="9.47709613479673862457275390625">
        <ele>450.399993896484375</ele>
        <time>2026-09-15T10:35:00.000Z</time>
      </trkpt>
      <trkpt lat="40.2542447112500667572021484375" lon="9.4771175086498260498046875">
        <ele>450.20001220703125</ele>
        <time>2026-09-15T10:35:03.000Z</time>
      </trkpt>
      <trkpt lat="40.2543080784380435943603515625" lon="9.47715564630925655364990234375">
        <ele>449.399993896484375</ele>
        <time>2026-09-15T10:35:08.000Z</time>
      </trkpt>
      <trkpt lat="40.25438242591917514801025390625" lon="9.4772025011479854583740234375">
        <ele>448.399993896484375</ele>
        <time>2026-09-15T10:35:15.000Z</time>
      </trkpt>
      <trkpt lat="40.25440857745707035064697265625" lon="9.47721951641142368316650390625">
        <ele>448.20001220703125</ele>
        <time>2026-09-15T10:35:18.000Z</time>
      </trkpt>
      <trkpt lat="40.2544552646577358245849609375" lon="9.4772491045296192169189453125">
        <ele>447.79998779296875</ele>
        <time>2026-09-15T10:35:22.000Z</time>
      </trkpt>
      <trkpt lat="40.25456632487475872039794921875" lon="9.47734675370156764984130859375">
        <ele>445.79998779296875</ele>
        <time>2026-09-15T10:35:31.000Z</time>
      </trkpt>
      <trkpt lat="40.254629440605640411376953125" lon="9.47741984389722347259521484375">
        <ele>444.20001220703125</ele>
        <time>2026-09-15T10:35:37.000Z</time>
      </trkpt>
      <trkpt lat="40.25463891215622425079345703125" lon="9.47745806537568569183349609375">
        <ele>443</ele>
        <time>2026-09-15T10:35:39.000Z</time>
      </trkpt>
      <trkpt lat="40.254687108099460601806640625" lon="9.47753014974296092987060546875">
        <ele>441.20001220703125</ele>
        <time>2026-09-15T10:35:44.000Z</time>
      </trkpt>
      <trkpt lat="40.25469540618360042572021484375" lon="9.47754037566483020782470703125">
        <ele>441</ele>
        <time>2026-09-15T10:35:45.000Z</time>
      </trkpt>
      <trkpt lat="40.25470479391515254974365234375" lon="9.4775478355586528778076171875">
        <ele>440.79998779296875</ele>
        <time>2026-09-15T10:35:47.000Z</time>
      </trkpt>
      <trkpt lat="40.2547308616340160369873046875" lon="9.47756669484078884124755859375">
        <ele>440.399993896484375</ele>
        <time>2026-09-15T10:35:48.000Z</time>
      </trkpt>
      <trkpt lat="40.254754163324832916259765625" lon="9.477593936026096343994140625">
        <ele>439.79998779296875</ele>
        <time>2026-09-15T10:35:51.000Z</time>
      </trkpt>
      <trkpt lat="40.25476790964603424072265625" lon="9.47759603150188922882080078125">
        <ele>439.79998779296875</ele>
        <time>2026-09-15T10:35:52.000Z</time>
      </trkpt>
      <trkpt lat="40.2548260800540447235107421875" lon="9.47760240174829959869384765625">
        <ele>440.20001220703125</ele>
        <time>2026-09-15T10:35:57.000Z</time>
      </trkpt>
      <trkpt lat="40.2548436820507049560546875" lon="9.4776205904781818389892578125">
        <ele>439.79998779296875</ele>
        <time>2026-09-15T10:35:59.000Z</time>
      </trkpt>
      <trkpt lat="40.25495566427707672119140625" lon="9.4776834547519683837890625">
        <ele>438.79998779296875</ele>
        <time>2026-09-15T10:36:08.000Z</time>
      </trkpt>
      <trkpt lat="40.2550113201141357421875" lon="9.4777158088982105255126953125">
        <ele>438.20001220703125</ele>
        <time>2026-09-15T10:36:13.000Z</time>
      </trkpt>
      <trkpt lat="40.2550443448126316070556640625" lon="9.4777409546077251434326171875">
        <ele>437.600006103515625</ele>
        <time>2026-09-15T10:36:16.000Z</time>
      </trkpt>
      <trkpt lat="40.2551415748894214630126953125" lon="9.47776014916598796844482421875">
        <ele>437.79998779296875</ele>
        <time>2026-09-15T10:36:24.000Z</time>
      </trkpt>
      <trkpt lat="40.25518122129142284393310546875" lon="9.47781513445079326629638671875">
        <ele>436.399993896484375</ele>
        <time>2026-09-15T10:36:31.000Z</time>
      </trkpt>
      <trkpt lat="40.25520385242998600006103515625" lon="9.47787028737366199493408203125">
        <ele>434.79998779296875</ele>
        <time>2026-09-15T10:36:37.000Z</time>
      </trkpt>
      <trkpt lat="40.2552193589508533477783203125" lon="9.477883279323577880859375">
        <ele>434.600006103515625</ele>
        <time>2026-09-15T10:36:39.000Z</time>
      </trkpt>
      <trkpt lat="40.25525146164000034332275390625" lon="9.4779008813202381134033203125">
        <ele>434.399993896484375</ele>
        <time>2026-09-15T10:36:42.000Z</time>
      </trkpt>
      <trkpt lat="40.2552575804293155670166015625" lon="9.4779099337756633758544921875">
        <ele>434.20001220703125</ele>
        <time>2026-09-15T10:36:43.000Z</time>
      </trkpt>
      <trkpt lat="40.25527677498757839202880859375" lon="9.47796148248016834259033203125">
        <ele>432.79998779296875</ele>
        <time>2026-09-15T10:36:48.000Z</time>
      </trkpt>
      <trkpt lat="40.25528423488140106201171875" lon="9.47797103784978389739990234375">
        <ele>432.600006103515625</ele>
        <time>2026-09-15T10:36:49.000Z</time>
      </trkpt>
      <trkpt lat="40.25531298480927944183349609375" lon="9.47805267758667469024658203125">
        <ele>430.399993896484375</ele>
        <time>2026-09-15T10:36:55.000Z</time>
      </trkpt>
      <trkpt lat="40.25532312691211700439453125" lon="9.47806675918400287628173828125">
        <ele>430</ele>
        <time>2026-09-15T10:36:57.000Z</time>
      </trkpt>
      <trkpt lat="40.2553484402596950531005859375" lon="9.47806122712790966033935546875">
        <ele>430.600006103515625</ele>
        <time>2026-09-15T10:37:00.000Z</time>
      </trkpt>
      <trkpt lat="40.2553876675665378570556640625" lon="9.47806860320270061492919921875">
        <ele>430.79998779296875</ele>
        <time>2026-09-15T10:37:04.000Z</time>
      </trkpt>
      <trkpt lat="40.25541038252413272857666015625" lon="9.47807379998266696929931640625">
        <ele>431</ele>
        <time>2026-09-15T10:37:07.000Z</time>
      </trkpt>
      <trkpt lat="40.25544382631778717041015625" lon="9.47810431011021137237548828125">
        <ele>430.399993896484375</ele>
        <time>2026-09-15T10:37:13.000Z</time>
      </trkpt>
      <trkpt lat="40.25547207333147525787353515625" lon="9.47813146747648715972900390625">
        <ele>429.79998779296875</ele>
        <time>2026-09-15T10:37:18.000Z</time>
      </trkpt>
      <trkpt lat="40.25547307915985584259033203125" lon="9.4781613908708095550537109375">
        <ele>428.79998779296875</ele>
        <time>2026-09-15T10:37:24.000Z</time>
      </trkpt>
      <trkpt lat="40.25547727011144161224365234375" lon="9.478181339800357818603515625">
        <ele>428.20001220703125</ele>
        <time>2026-09-15T10:37:31.000Z</time>
      </trkpt>
      <trkpt lat="40.25547333061695098876953125" lon="9.478190727531909942626953125">
        <ele>427.79998779296875</ele>
        <time>2026-09-15T10:37:38.000Z</time>
      </trkpt>
      <trkpt lat="40.25547333061695098876953125" lon="9.47818100452423095703125">
        <ele>428</ele>
        <time>2026-09-15T10:37:54.000Z</time>
      </trkpt>
      <trkpt lat="40.255468301475048065185546875" lon="9.47817899286746978759765625">
        <ele>428</ele>
        <time>2026-09-15T10:38:34.000Z</time>
      </trkpt>
      <trkpt lat="40.25549319572746753692626953125" lon="9.47824110276997089385986328125">
        <ele>426.20001220703125</ele>
        <time>2026-09-15T10:38:41.000Z</time>
      </trkpt>
      <trkpt lat="40.25557315908372402191162109375" lon="9.4783246703445911407470703125">
        <ele>423.79998779296875</ele>
        <time>2026-09-15T10:38:48.000Z</time>
      </trkpt>
      <trkpt lat="40.25561942718923091888427734375" lon="9.4783451221883296966552734375">
        <ele>423.399993896484375</ele>
        <time>2026-09-15T10:38:52.000Z</time>
      </trkpt>
      <trkpt lat="40.25562697090208530426025390625" lon="9.47836884297430515289306640625">
        <ele>422.600006103515625</ele>
        <time>2026-09-15T10:38:54.000Z</time>
      </trkpt>
      <trkpt lat="40.25564038194715976715087890625" lon="9.478391222655773162841796875">
        <ele>421.79998779296875</ele>
        <time>2026-09-15T10:38:56.000Z</time>
      </trkpt>
      <trkpt lat="40.25568245910108089447021484375" lon="9.4784061424434185028076171875">
        <ele>421.600006103515625</ele>
        <time>2026-09-15T10:39:00.000Z</time>
      </trkpt>
      <trkpt lat="40.25569151155650615692138671875" lon="9.47841058485209941864013671875">
        <ele>421.399993896484375</ele>
        <time>2026-09-15T10:39:01.000Z</time>
      </trkpt>
      <trkpt lat="40.255696959793567657470703125" lon="9.4784306176006793975830078125">
        <ele>420.79998779296875</ele>
        <time>2026-09-15T10:39:03.000Z</time>
      </trkpt>
      <trkpt lat="40.255692936480045318603515625" lon="9.4784752093255519866943359375">
        <ele>419.20001220703125</ele>
        <time>2026-09-15T10:39:06.000Z</time>
      </trkpt>
      <trkpt lat="40.2556937746703624725341796875" lon="9.47849038057029247283935546875">
        <ele>418.600006103515625</ele>
        <time>2026-09-15T10:39:07.000Z</time>
      </trkpt>
      <trkpt lat="40.2557100355625152587890625" lon="9.4785057194530963897705078125">
        <ele>418.20001220703125</ele>
        <time>2026-09-15T10:39:09.000Z</time>
      </trkpt>
      <trkpt lat="40.255725122988224029541015625" lon="9.47852223180234432220458984375">
        <ele>417.600006103515625</ele>
        <time>2026-09-15T10:39:11.000Z</time>
      </trkpt>
      <trkpt lat="40.25574364699423313140869140625" lon="9.4785315357148647308349609375">
        <ele>417.399993896484375</ele>
        <time>2026-09-15T10:39:13.000Z</time>
      </trkpt>
      <trkpt lat="40.25579980574548244476318359375" lon="9.4785486347973346710205078125">
        <ele>416.79998779296875</ele>
        <time>2026-09-15T10:39:18.000Z</time>
      </trkpt>
      <trkpt lat="40.255809612572193145751953125" lon="9.47855492122471332550048828125">
        <ele>416.399993896484375</ele>
        <time>2026-09-15T10:39:19.000Z</time>
      </trkpt>
      <trkpt lat="40.25583936832845211029052734375" lon="9.47858124040067195892333984375">
        <ele>415.399993896484375</ele>
        <time>2026-09-15T10:39:22.000Z</time>
      </trkpt>
      <trkpt lat="40.2558510191738605499267578125" lon="9.47858559899032115936279296875">
        <ele>415</ele>
        <time>2026-09-15T10:39:23.000Z</time>
      </trkpt>
      <trkpt lat="40.25588764809072017669677734375" lon="9.47858073748648166656494140625">
        <ele>415</ele>
        <time>2026-09-15T10:39:26.000Z</time>
      </trkpt>
      <trkpt lat="40.25591715238988399505615234375" lon="9.478595741093158721923828125">
        <ele>414.20001220703125</ele>
        <time>2026-09-15T10:39:29.000Z</time>
      </trkpt>
      <trkpt lat="40.25592687539756298065185546875" lon="9.4785959087312221527099609375">
        <ele>414.20001220703125</ele>
        <time>2026-09-15T10:39:31.000Z</time>
      </trkpt>
      <trkpt lat="40.255934335291385650634765625" lon="9.47859247215092182159423828125">
        <ele>414.20001220703125</ele>
        <time>2026-09-15T10:39:32.000Z</time>
      </trkpt>
      <trkpt lat="40.25594246573746204376220703125" lon="9.4785871915519237518310546875">
        <ele>414.399993896484375</ele>
        <time>2026-09-15T10:39:33.000Z</time>
      </trkpt>
      <trkpt lat="40.25597699917852878570556640625" lon="9.47857889346778392791748046875">
        <ele>414.399993896484375</ele>
        <time>2026-09-15T10:39:36.000Z</time>
      </trkpt>
      <trkpt lat="40.2560179866850376129150390625" lon="9.47858610190451145172119140625">
        <ele>413.79998779296875</ele>
        <time>2026-09-15T10:39:39.000Z</time>
      </trkpt>
      <trkpt lat="40.2560246922075748443603515625" lon="9.47858392260968685150146484375">
        <ele>414</ele>
        <time>2026-09-15T10:39:40.000Z</time>
      </trkpt>
      <trkpt lat="40.25610825978219509124755859375" lon="9.4785747863352298736572265625">
        <ele>413.79998779296875</ele>
        <time>2026-09-15T10:39:47.000Z</time>
      </trkpt>
      <trkpt lat="40.25615603663027286529541015625" lon="9.4785633869469165802001953125">
        <ele>413.79998779296875</ele>
        <time>2026-09-15T10:39:51.000Z</time>
      </trkpt>
      <trkpt lat="40.25617414154112339019775390625" lon="9.47858274914324283599853515625">
        <ele>413</ele>
        <time>2026-09-15T10:39:53.000Z</time>
      </trkpt>
      <trkpt lat="40.2562134526669979095458984375" lon="9.47861460037529468536376953125">
        <ele>411.600006103515625</ele>
        <time>2026-09-15T10:39:57.000Z</time>
      </trkpt>
      <trkpt lat="40.25624446570873260498046875" lon="9.47861392982304096221923828125">
        <ele>411.399993896484375</ele>
        <time>2026-09-15T10:39:59.000Z</time>
      </trkpt>
      <trkpt lat="40.25628696195781230926513671875" lon="9.47860923595726490020751953125">
        <ele>411.20001220703125</ele>
        <time>2026-09-15T10:40:03.000Z</time>
      </trkpt>
      <trkpt lat="40.25630992837250232696533203125" lon="9.47859766893088817596435546875">
        <ele>411.399993896484375</ele>
        <time>2026-09-15T10:40:05.000Z</time>
      </trkpt>
      <trkpt lat="40.25633968412876129150390625" lon="9.4786007702350616455078125">
        <ele>411</ele>
        <time>2026-09-15T10:40:07.000Z</time>
      </trkpt>
      <trkpt lat="40.25638419203460216522216796875" lon="9.4786106608808040618896484375">
        <ele>410.399993896484375</ele>
        <time>2026-09-15T10:40:11.000Z</time>
      </trkpt>
      <trkpt lat="40.2564840205013751983642578125" lon="9.478628933429718017578125">
        <ele>409.20001220703125</ele>
        <time>2026-09-15T10:40:19.000Z</time>
      </trkpt>
      <trkpt lat="40.2565436996519565582275390625" lon="9.478664137423038482666015625">
        <ele>408</ele>
        <time>2026-09-15T10:40:24.000Z</time>
      </trkpt>
      <trkpt lat="40.25659373961389064788818359375" lon="9.478679560124874114990234375">
        <ele>407.20001220703125</ele>
        <time>2026-09-15T10:40:28.000Z</time>
      </trkpt>
      <trkpt lat="40.256666243076324462890625" lon="9.47869154624640941619873046875">
        <ele>406.600006103515625</ele>
        <time>2026-09-15T10:40:32.000Z</time>
      </trkpt>
      <trkpt lat="40.25670957751572132110595703125" lon="9.47870126925408840179443359375">
        <ele>406.20001220703125</ele>
        <time>2026-09-15T10:40:36.000Z</time>
      </trkpt>
      <trkpt lat="40.25672231800854206085205078125" lon="9.47871384210884571075439453125">
        <ele>405.79998779296875</ele>
        <time>2026-09-15T10:40:37.000Z</time>
      </trkpt>
      <trkpt lat="40.25678367353975772857666015625" lon="9.47873043827712535858154296875">
        <ele>405.20001220703125</ele>
        <time>2026-09-15T10:40:42.000Z</time>
      </trkpt>
      <trkpt lat="40.2567968331277370452880859375" lon="9.4787397421896457672119140625">
        <ele>404.79998779296875</ele>
        <time>2026-09-15T10:40:43.000Z</time>
      </trkpt>
      <trkpt lat="40.2568995952606201171875" lon="9.47879187762737274169921875">
        <ele>403.20001220703125</ele>
        <time>2026-09-15T10:40:49.000Z</time>
      </trkpt>
      <trkpt lat="40.256983749568462371826171875" lon="9.47886857204139232635498046875">
        <ele>401.399993896484375</ele>
        <time>2026-09-15T10:40:55.000Z</time>
      </trkpt>
      <trkpt lat="40.256995819509029388427734375" lon="9.4788755290210247039794921875">
        <ele>401.20001220703125</ele>
        <time>2026-09-15T10:40:56.000Z</time>
      </trkpt>
      <trkpt lat="40.2570699155330657958984375" lon="9.47889153845608234405517578125">
        <ele>400.79998779296875</ele>
        <time>2026-09-15T10:41:02.000Z</time>
      </trkpt>
      <trkpt lat="40.2571599371731281280517578125" lon="9.478907547891139984130859375">
        <ele>400.20001220703125</ele>
        <time>2026-09-15T10:41:08.000Z</time>
      </trkpt>
      <trkpt lat="40.2572015114128589630126953125" lon="9.47891383431851863861083984375">
        <ele>399.79998779296875</ele>
        <time>2026-09-15T10:41:11.000Z</time>
      </trkpt>
      <trkpt lat="40.2572880126535892486572265625" lon="9.4788912869989871978759765625">
        <ele>399.399993896484375</ele>
        <time>2026-09-15T10:41:18.000Z</time>
      </trkpt>
      <trkpt lat="40.257300250232219696044921875" lon="9.47888785041868686676025390625">
        <ele>399.399993896484375</ele>
        <time>2026-09-15T10:41:19.000Z</time>
      </trkpt>
      <trkpt lat="40.2574117295444011688232421875" lon="9.4788877665996551513671875">
        <ele>398.20001220703125</ele>
        <time>2026-09-15T10:41:27.000Z</time>
      </trkpt>
      <trkpt lat="40.25742463767528533935546875" lon="9.47888709604740142822265625">
        <ele>398</ele>
        <time>2026-09-15T10:41:28.000Z</time>
      </trkpt>
      <trkpt lat="40.2574479393661022186279296875" lon="9.47888977825641632080078125">
        <ele>397.600006103515625</ele>
        <time>2026-09-15T10:41:30.000Z</time>
      </trkpt>
      <trkpt lat="40.257493369281291961669921875" lon="9.47891433723270893096923828125">
        <ele>396</ele>
        <time>2026-09-15T10:41:34.000Z</time>
      </trkpt>
      <trkpt lat="40.25756486691534519195556640625" lon="9.478913247585296630859375">
        <ele>394.79998779296875</ele>
        <time>2026-09-15T10:41:40.000Z</time>
      </trkpt>
      <trkpt lat="40.257615745067596435546875" lon="9.47893193922936916351318359375">
        <ele>393.20001220703125</ele>
        <time>2026-09-15T10:41:44.000Z</time>
      </trkpt>
      <trkpt lat="40.25763577781617641448974609375" lon="9.478947781026363372802734375">
        <ele>392.399993896484375</ele>
        <time>2026-09-15T10:41:46.000Z</time>
      </trkpt>
      <trkpt lat="40.25765170343220233917236328125" lon="9.4789690710604190826416015625">
        <ele>391.600006103515625</ele>
        <time>2026-09-15T10:41:48.000Z</time>
      </trkpt>
      <trkpt lat="40.257661342620849609375" lon="9.478997401893138885498046875">
        <ele>390.600006103515625</ele>
        <time>2026-09-15T10:41:50.000Z</time>
      </trkpt>
      <trkpt lat="40.2576698921620845794677734375" lon="9.47901139967143535614013671875">
        <ele>390</ele>
        <time>2026-09-15T10:41:51.000Z</time>
      </trkpt>
      <trkpt lat="40.2577064372599124908447265625" lon="9.47906806133687496185302734375">
        <ele>387.79998779296875</ele>
        <time>2026-09-15T10:41:55.000Z</time>
      </trkpt>
      <trkpt lat="40.25771431624889373779296875" lon="9.47909169830381870269775390625">
        <ele>387</ele>
        <time>2026-09-15T10:41:57.000Z</time>
      </trkpt>
      <trkpt lat="40.2577272243797779083251953125" lon="9.479106701910495758056640625">
        <ele>386.399993896484375</ele>
        <time>2026-09-15T10:42:02.000Z</time>
      </trkpt>
      <trkpt lat="40.25771071203052997589111328125" lon="9.47908381931483745574951171875">
        <ele>387.20001220703125</ele>
        <time>2026-09-15T10:42:06.000Z</time>
      </trkpt>
      <trkpt lat="40.25770165957510471343994140625" lon="9.47905532084405422210693359375">
        <ele>388.20001220703125</ele>
        <time>2026-09-15T10:42:08.000Z</time>
      </trkpt>
      <trkpt lat="40.25767366401851177215576171875" lon="9.47899698279798030853271484375">
        <ele>390.399993896484375</ele>
        <time>2026-09-15T10:42:14.000Z</time>
      </trkpt>
      <trkpt lat="40.25766075588762760162353515625" lon="9.47895708493888378143310546875">
        <ele>391.79998779296875</ele>
        <time>2026-09-15T10:42:18.000Z</time>
      </trkpt>
      <trkpt lat="40.2576816268265247344970703125" lon="9.47894266806542873382568359375">
        <ele>391.79998779296875</ele>
        <time>2026-09-15T10:42:20.000Z</time>
      </trkpt>
      <trkpt lat="40.25779034011065959930419921875" lon="9.47894820012152194976806640625">
        <ele>390.20001220703125</ele>
        <time>2026-09-15T10:42:30.000Z</time>
      </trkpt>
      <trkpt lat="40.25783124379813671112060546875" lon="9.47895817458629608154296875">
        <ele>389.20001220703125</ele>
        <time>2026-09-15T10:42:34.000Z</time>
      </trkpt>
      <trkpt lat="40.25786410085856914520263671875" lon="9.478958509862422943115234375">
        <ele>388.600006103515625</ele>
        <time>2026-09-15T10:42:36.000Z</time>
      </trkpt>
      <trkpt lat="40.2578888274729251861572265625" lon="9.47896211408078670501708984375">
        <ele>388</ele>
        <time>2026-09-15T10:42:38.000Z</time>
      </trkpt>
      <trkpt lat="40.25790248997509479522705078125" lon="9.47896479628980159759521484375">
        <ele>387.79998779296875</ele>
        <time>2026-09-15T10:42:39.000Z</time>
      </trkpt>
      <trkpt lat="40.25796887464821338653564453125" lon="9.4789735972881317138671875">
        <ele>386.399993896484375</ele>
        <time>2026-09-15T10:42:44.000Z</time>
      </trkpt>
      <trkpt lat="40.25801061652600765228271484375" lon="9.4789818115532398223876953125">
        <ele>386</ele>
        <time>2026-09-15T10:42:48.000Z</time>
      </trkpt>
      <trkpt lat="40.25803609751164913177490234375" lon="9.47895356453955173492431640625">
        <ele>386.600006103515625</ele>
        <time>2026-09-15T10:42:52.000Z</time>
      </trkpt>
      <trkpt lat="40.25804263539612293243408203125" lon="9.478955157101154327392578125">
        <ele>386.600006103515625</ele>
        <time>2026-09-15T10:42:53.000Z</time>
      </trkpt>
      <trkpt lat="40.25806903839111328125" lon="9.47894484736025333404541015625">
        <ele>387</ele>
        <time>2026-09-15T10:42:56.000Z</time>
      </trkpt>
      <trkpt lat="40.2580839581787586212158203125" lon="9.47893260978162288665771484375">
        <ele>387.20001220703125</ele>
        <time>2026-09-15T10:42:58.000Z</time>
      </trkpt>
      <trkpt lat="40.25809158571064472198486328125" lon="9.47892305441200733184814453125">
        <ele>387.600006103515625</ele>
        <time>2026-09-15T10:42:59.000Z</time>
      </trkpt>
      <trkpt lat="40.2581349201500415802001953125" lon="9.4788555800914764404296875">
        <ele>389.20001220703125</ele>
        <time>2026-09-15T10:43:06.000Z</time>
      </trkpt>
      <trkpt lat="40.25817004032433032989501953125" lon="9.47884082794189453125">
        <ele>389.79998779296875</ele>
        <time>2026-09-15T10:43:11.000Z</time>
      </trkpt>
      <trkpt lat="40.2581741474568843841552734375" lon="9.478833787143230438232421875">
        <ele>390</ele>
        <time>2026-09-15T10:43:15.000Z</time>
      </trkpt>
      <trkpt lat="40.2581748180091381072998046875" lon="9.47883479297161102294921875">
        <ele>389.79998779296875</ele>
        <time>2026-09-15T10:43:17.000Z</time>
      </trkpt>
      <trkpt lat="40.2581932581961154937744140625" lon="9.478886760771274566650390625">
        <ele>388.600006103515625</ele>
        <time>2026-09-15T10:43:23.000Z</time>
      </trkpt>
      <trkpt lat="40.2582274563610553741455078125" lon="9.47895658202469348907470703125">
        <ele>387.20001220703125</ele>
        <time>2026-09-15T10:43:29.000Z</time>
      </trkpt>
      <trkpt lat="40.258284620940685272216796875" lon="9.47903101332485675811767578125">
        <ele>386</ele>
        <time>2026-09-15T10:43:35.000Z</time>
      </trkpt>
      <trkpt lat="40.25830280967056751251220703125" lon="9.47909832000732421875">
        <ele>384.79998779296875</ele>
        <time>2026-09-15T10:43:40.000Z</time>
      </trkpt>
      <trkpt lat="40.2583240158855915069580078125" lon="9.47911215014755725860595703125">
        <ele>384.79998779296875</ele>
        <time>2026-09-15T10:43:42.000Z</time>
      </trkpt>
      <trkpt lat="40.25837539695203304290771484375" lon="9.47916311211884021759033203125">
        <ele>384.600006103515625</ele>
        <time>2026-09-15T10:43:49.000Z</time>
      </trkpt>
      <trkpt lat="40.25843289680778980255126953125" lon="9.4792439974844455718994140625">
        <ele>383</ele>
        <time>2026-09-15T10:43:57.000Z</time>
      </trkpt>
      <trkpt lat="40.25844463147222995758056640625" lon="9.4792391359806060791015625">
        <ele>383.399993896484375</ele>
        <time>2026-09-15T10:43:58.000Z</time>
      </trkpt>
      <trkpt lat="40.25848687626421451568603515625" lon="9.47926486842334270477294921875">
        <ele>383.20001220703125</ele>
        <time>2026-09-15T10:44:02.000Z</time>
      </trkpt>
      <trkpt lat="40.25850229896605014801025390625" lon="9.4792862422764301300048828125">
        <ele>382.79998779296875</ele>
        <time>2026-09-15T10:44:04.000Z</time>
      </trkpt>
      <trkpt lat="40.25854940526187419891357421875" lon="9.4793036766350269317626953125">
        <ele>383</ele>
        <time>2026-09-15T10:44:09.000Z</time>
      </trkpt>
      <trkpt lat="40.2585667558014392852783203125" lon="9.4793150760233402252197265625">
        <ele>382.600006103515625</ele>
        <time>2026-09-15T10:44:11.000Z</time>
      </trkpt>
      <trkpt lat="40.25858938694000244140625" lon="9.47935019619762897491455078125">
        <ele>381.79998779296875</ele>
        <time>2026-09-15T10:44:14.000Z</time>
      </trkpt>
      <trkpt lat="40.25863724760711193084716796875" lon="9.47942261584103107452392578125">
        <ele>379.79998779296875</ele>
        <time>2026-09-15T10:44:20.000Z</time>
      </trkpt>
      <trkpt lat="40.2586572803556919097900390625" lon="9.479436613619327545166015625">
        <ele>379.399993896484375</ele>
        <time>2026-09-15T10:44:22.000Z</time>
      </trkpt>
      <trkpt lat="40.25872006081044673919677734375" lon="9.4794947840273380279541015625">
        <ele>378.399993896484375</ele>
        <time>2026-09-15T10:44:29.000Z</time>
      </trkpt>
      <trkpt lat="40.258763395249843597412109375" lon="9.47951498441398143768310546875">
        <ele>378.20001220703125</ele>
        <time>2026-09-15T10:44:33.000Z</time>
      </trkpt>
      <trkpt lat="40.25878250598907470703125" lon="9.479534514248371124267578125">
        <ele>377.79998779296875</ele>
        <time>2026-09-15T10:44:35.000Z</time>
      </trkpt>
      <trkpt lat="40.25879113934934139251708984375" lon="9.4795407168567180633544921875">
        <ele>377.600006103515625</ele>
        <time>2026-09-15T10:44:36.000Z</time>
      </trkpt>
      <trkpt lat="40.2588540874421596527099609375" lon="9.4795863144099712371826171875">
        <ele>377.20001220703125</ele>
        <time>2026-09-15T10:44:41.000Z</time>
      </trkpt>
      <trkpt lat="40.2588830888271331787109375" lon="9.4796225242316722869873046875">
        <ele>376.600006103515625</ele>
        <time>2026-09-15T10:44:44.000Z</time>
      </trkpt>
      <trkpt lat="40.25889356620609760284423828125" lon="9.47963886894285678863525390625">
        <ele>376.399993896484375</ele>
        <time>2026-09-15T10:44:46.000Z</time>
      </trkpt>
      <trkpt lat="40.25895475409924983978271484375" lon="9.47966719977557659149169921875">
        <ele>376.600006103515625</ele>
        <time>2026-09-15T10:44:51.000Z</time>
      </trkpt>
      <trkpt lat="40.25896330364048480987548828125" lon="9.479667283594608306884765625">
        <ele>376.600006103515625</ele>
        <time>2026-09-15T10:44:52.000Z</time>
      </trkpt>
      <trkpt lat="40.2589798159897327423095703125" lon="9.47966602630913257598876953125">
        <ele>376.79998779296875</ele>
        <time>2026-09-15T10:44:57.000Z</time>
      </trkpt>
      <trkpt lat="40.258990041911602020263671875" lon="9.479708857834339141845703125">
        <ele>376</ele>
        <time>2026-09-15T10:45:02.000Z</time>
      </trkpt>
      <trkpt lat="40.25902331806719303131103515625" lon="9.4797541201114654541015625">
        <ele>375.399993896484375</ele>
        <time>2026-09-15T10:45:06.000Z</time>
      </trkpt>
      <trkpt lat="40.2590770460665225982666015625" lon="9.47978270240128040313720703125">
        <ele>375.399993896484375</ele>
        <time>2026-09-15T10:45:11.000Z</time>
      </trkpt>
      <trkpt lat="40.25910479016602039337158203125" lon="9.47979628108441829681396484375">
        <ele>375.399993896484375</ele>
        <time>2026-09-15T10:45:14.000Z</time>
      </trkpt>
      <trkpt lat="40.25912859477102756500244140625" lon="9.47980650700628757476806640625">
        <ele>375.399993896484375</ele>
        <time>2026-09-15T10:45:17.000Z</time>
      </trkpt>
      <trkpt lat="40.25917067192494869232177734375" lon="9.4798297248780727386474609375">
        <ele>375.600006103515625</ele>
        <time>2026-09-15T10:45:24.000Z</time>
      </trkpt>
      <trkpt lat="40.25917167775332927703857421875" lon="9.47983014397323131561279296875">
        <ele>375.600006103515625</ele>
        <time>2026-09-15T10:45:31.000Z</time>
      </trkpt>
      <trkpt lat="40.2591719292104244232177734375" lon="9.47982863523066043853759765625">
        <ele>375.600006103515625</ele>
        <time>2026-09-15T10:45:40.000Z</time>
      </trkpt>
      <trkpt lat="40.259171761572360992431640625" lon="9.47982947342097759246826171875">
        <ele>375.600006103515625</ele>
        <time>2026-09-15T10:45:47.000Z</time>
      </trkpt>
      <trkpt lat="40.25917117483913898468017578125" lon="9.47982989251613616943359375">
        <ele>375.600006103515625</ele>
        <time>2026-09-15T10:45:51.000Z</time>
      </trkpt>
      <trkpt lat="40.2592155151069164276123046875" lon="9.47985512204468250274658203125">
        <ele>375.600006103515625</ele>
        <time>2026-09-15T10:46:18.000Z</time>
      </trkpt>
      <trkpt lat="40.2593281678855419158935546875" lon="9.47987456806004047393798828125">
        <ele>377.20001220703125</ele>
        <time>2026-09-15T10:46:24.000Z</time>
      </trkpt>
      <trkpt lat="40.25938876904547214508056640625" lon="9.479891248047351837158203125">
        <ele>378</ele>
        <time>2026-09-15T10:46:30.000Z</time>
      </trkpt>
      <trkpt lat="40.259410478174686431884765625" lon="9.47990675456821918487548828125">
        <ele>378.20001220703125</ele>
        <time>2026-09-15T10:46:32.000Z</time>
      </trkpt>
      <trkpt lat="40.259513072669506072998046875" lon="9.47998940013349056243896484375">
        <ele>379</ele>
        <time>2026-09-15T10:46:42.000Z</time>
      </trkpt>
      <trkpt lat="40.25958742015063762664794921875" lon="9.48002971708774566650390625">
        <ele>380.20001220703125</ele>
        <time>2026-09-15T10:46:49.000Z</time>
      </trkpt>
      <trkpt lat="40.25961860083043575286865234375" lon="9.48004622943699359893798828125">
        <ele>380.79998779296875</ele>
        <time>2026-09-15T10:46:52.000Z</time>
      </trkpt>
      <trkpt lat="40.2596235461533069610595703125" lon="9.480058886110782623291015625">
        <ele>380.600006103515625</ele>
        <time>2026-09-15T10:46:53.000Z</time>
      </trkpt>
      <trkpt lat="40.25963746011257171630859375" lon="9.48008512146770954132080078125">
        <ele>380.600006103515625</ele>
        <time>2026-09-15T10:46:55.000Z</time>
      </trkpt>
      <trkpt lat="40.2596379630267620086669921875" lon="9.48010439984500408172607421875">
        <ele>380.20001220703125</ele>
        <time>2026-09-15T10:46:56.000Z</time>
      </trkpt>
      <trkpt lat="40.2596741728484630584716796875" lon="9.48017723858356475830078125">
        <ele>379.399993896484375</ele>
        <time>2026-09-15T10:47:01.000Z</time>
      </trkpt>
      <trkpt lat="40.2597199380397796630859375" lon="9.4802139513194561004638671875">
        <ele>379.399993896484375</ele>
        <time>2026-09-15T10:47:05.000Z</time>
      </trkpt>
      <trkpt lat="40.25975388474762439727783203125" lon="9.480240605771541595458984375">
        <ele>379.399993896484375</ele>
        <time>2026-09-15T10:47:09.000Z</time>
      </trkpt>
      <trkpt lat="40.259828232228755950927734375" lon="9.4802759774029254913330078125">
        <ele>380</ele>
        <time>2026-09-15T10:47:16.000Z</time>
      </trkpt>
      <trkpt lat="40.25986586697399616241455078125" lon="9.48030003346502780914306640625">
        <ele>380.20001220703125</ele>
        <time>2026-09-15T10:47:20.000Z</time>
      </trkpt>
      <trkpt lat="40.25989252142608165740966796875" lon="9.480323754251003265380859375">
        <ele>380.399993896484375</ele>
        <time>2026-09-15T10:47:23.000Z</time>
      </trkpt>
      <trkpt lat="40.25993811897933483123779296875" lon="9.48036692105233669281005859375">
        <ele>380.399993896484375</ele>
        <time>2026-09-15T10:47:28.000Z</time>
      </trkpt>
      <trkpt lat="40.26005261577665805816650390625" lon="9.480450153350830078125">
        <ele>380</ele>
        <time>2026-09-15T10:47:38.000Z</time>
      </trkpt>
      <trkpt lat="40.26013232767581939697265625" lon="9.480486027896404266357421875">
        <ele>380.399993896484375</ele>
        <time>2026-09-15T10:47:44.000Z</time>
      </trkpt>
      <trkpt lat="40.26016040705144405364990234375" lon="9.48047907091677188873291015625">
        <ele>380.79998779296875</ele>
        <time>2026-09-15T10:47:46.000Z</time>
      </trkpt>
      <trkpt lat="40.260233581066131591796875" lon="9.48050622828304767608642578125">
        <ele>381.20001220703125</ele>
        <time>2026-09-15T10:47:52.000Z</time>
      </trkpt>
      <trkpt lat="40.26024363934993743896484375" lon="9.48050446808338165283203125">
        <ele>381.20001220703125</ele>
        <time>2026-09-15T10:47:53.000Z</time>
      </trkpt>
      <trkpt lat="40.26031077839434146881103515625" lon="9.48054579086601734161376953125">
        <ele>380.79998779296875</ele>
        <time>2026-09-15T10:48:00.000Z</time>
      </trkpt>
      <trkpt lat="40.260312370955944061279296875" lon="9.48056607507169246673583984375">
        <ele>380.20001220703125</ele>
        <time>2026-09-15T10:48:01.000Z</time>
      </trkpt>
      <trkpt lat="40.26030608452856540679931640625" lon="9.480593986809253692626953125">
        <ele>379.20001220703125</ele>
        <time>2026-09-15T10:48:03.000Z</time>
      </trkpt>
      <trkpt lat="40.26033290661871433258056640625" lon="9.48063631542026996612548828125">
        <ele>377.79998779296875</ele>
        <time>2026-09-15T10:48:06.000Z</time>
      </trkpt>
      <trkpt lat="40.26036961935460567474365234375" lon="9.48066808283329010009765625">
        <ele>376.79998779296875</ele>
        <time>2026-09-15T10:48:09.000Z</time>
      </trkpt>
      <trkpt lat="40.26040054857730865478515625" lon="9.4806742854416370391845703125">
        <ele>376.79998779296875</ele>
        <time>2026-09-15T10:48:12.000Z</time>
      </trkpt>
      <trkpt lat="40.260555446147918701171875" lon="9.48068090714514255523681640625">
        <ele>377.79998779296875</ele>
        <time>2026-09-15T10:48:22.000Z</time>
      </trkpt>
      <trkpt lat="40.26062862016260623931884765625" lon="9.48072901926934719085693359375">
        <ele>376.600006103515625</ele>
        <time>2026-09-15T10:48:29.000Z</time>
      </trkpt>
      <trkpt lat="40.2607363276183605194091796875" lon="9.48075751774013042449951171875">
        <ele>376.399993896484375</ele>
        <time>2026-09-15T10:48:38.000Z</time>
      </trkpt>
      <trkpt lat="40.26089298538863658905029296875" lon="9.4807959906756877899169921875">
        <ele>376</ele>
        <time>2026-09-15T10:48:49.000Z</time>
      </trkpt>
      <trkpt lat="40.26096657849848270416259765625" lon="9.48078878223896026611328125">
        <ele>376.79998779296875</ele>
        <time>2026-09-15T10:48:56.000Z</time>
      </trkpt>
      <trkpt lat="40.26109130121767520904541015625" lon="9.48083932511508464813232421875">
        <ele>376.399993896484375</ele>
        <time>2026-09-15T10:49:07.000Z</time>
      </trkpt>
      <trkpt lat="40.2611651457846164703369140625" lon="9.480899088084697723388671875">
        <ele>376.20001220703125</ele>
        <time>2026-09-15T10:49:14.000Z</time>
      </trkpt>
      <trkpt lat="40.26119942776858806610107421875" lon="9.48091710917651653289794921875">
        <ele>376.399993896484375</ele>
        <time>2026-09-15T10:49:17.000Z</time>
      </trkpt>
      <trkpt lat="40.26131358928978443145751953125" lon="9.480988942086696624755859375">
        <ele>376.399993896484375</ele>
        <time>2026-09-15T10:49:26.000Z</time>
      </trkpt>
      <trkpt lat="40.2614397369325160980224609375" lon="9.48104853741824626922607421875">
        <ele>376.600006103515625</ele>
        <time>2026-09-15T10:49:35.000Z</time>
      </trkpt>
      <trkpt lat="40.261474438011646270751953125" lon="9.48108206503093242645263671875">
        <ele>376.20001220703125</ele>
        <time>2026-09-15T10:49:38.000Z</time>
      </trkpt>
      <trkpt lat="40.26153101585805416107177734375" lon="9.48111559264361858367919921875">
        <ele>376</ele>
        <time>2026-09-15T10:49:42.000Z</time>
      </trkpt>
      <trkpt lat="40.26155767031013965606689453125" lon="9.48113168589770793914794921875">
        <ele>375.79998779296875</ele>
        <time>2026-09-15T10:49:45.000Z</time>
      </trkpt>
      <trkpt lat="40.26156328618526458740234375" lon="9.48114476166665554046630859375">
        <ele>375.399993896484375</ele>
        <time>2026-09-15T10:49:46.000Z</time>
      </trkpt>
      <trkpt lat="40.26156873442232608795166015625" lon="9.48115666396915912628173828125">
        <ele>375.20001220703125</ele>
        <time>2026-09-15T10:49:47.000Z</time>
      </trkpt>
      <trkpt lat="40.261573679745197296142578125" lon="9.481168650090694427490234375">
        <ele>375</ele>
        <time>2026-09-15T10:49:48.000Z</time>
      </trkpt>
      <trkpt lat="40.26157937943935394287109375" lon="9.4811798818409442901611328125">
        <ele>374.600006103515625</ele>
        <time>2026-09-15T10:49:49.000Z</time>
      </trkpt>
      <trkpt lat="40.26167836971580982208251953125" lon="9.48129110969603061676025390625">
        <ele>372.79998779296875</ele>
        <time>2026-09-15T10:50:00.000Z</time>
      </trkpt>
      <trkpt lat="40.2617431618273258209228515625" lon="9.48137710802257061004638671875">
        <ele>371.20001220703125</ele>
        <time>2026-09-15T10:50:08.000Z</time>
      </trkpt>
      <trkpt lat="40.2617666311562061309814453125" lon="9.4814075343310832977294921875">
        <ele>370.79998779296875</ele>
        <time>2026-09-15T10:50:11.000Z</time>
      </trkpt>
      <trkpt lat="40.26179621927440166473388671875" lon="9.4814454205334186553955078125">
        <ele>370.20001220703125</ele>
        <time>2026-09-15T10:50:16.000Z</time>
      </trkpt>
      <trkpt lat="40.26183821260929107666015625" lon="9.48149613104760646820068359375">
        <ele>369.600006103515625</ele>
        <time>2026-09-15T10:50:22.000Z</time>
      </trkpt>
      <trkpt lat="40.26184399612247943878173828125" lon="9.48150820098817348480224609375">
        <ele>369.399993896484375</ele>
        <time>2026-09-15T10:50:23.000Z</time>
      </trkpt>
      <trkpt lat="40.2618584968149662017822265625" lon="9.48153443634510040283203125">
        <ele>369</ele>
        <time>2026-09-15T10:50:25.000Z</time>
      </trkpt>
      <trkpt lat="40.26187433861196041107177734375" lon="9.48154642246663570404052734375">
        <ele>368.79998779296875</ele>
        <time>2026-09-15T10:50:27.000Z</time>
      </trkpt>
      <trkpt lat="40.261886157095432281494140625" lon="9.48155991733074188232421875">
        <ele>368.600006103515625</ele>
        <time>2026-09-15T10:50:29.000Z</time>
      </trkpt>
      <trkpt lat="40.2619032561779022216796875" lon="9.48159554041922092437744140625">
        <ele>367.79998779296875</ele>
        <time>2026-09-15T10:50:32.000Z</time>
      </trkpt>
      <trkpt lat="40.2618997357785701751708984375" lon="9.4816546328365802764892578125">
        <ele>366.399993896484375</ele>
        <time>2026-09-15T10:50:36.000Z</time>
      </trkpt>
      <trkpt lat="40.26191825978457927703857421875" lon="9.48168606497347354888916015625">
        <ele>365.600006103515625</ele>
        <time>2026-09-15T10:50:39.000Z</time>
      </trkpt>
      <trkpt lat="40.26197500526905059814453125" lon="9.4817595742642879486083984375">
        <ele>363.79998779296875</ele>
        <time>2026-09-15T10:50:45.000Z</time>
      </trkpt>
      <trkpt lat="40.2620261348783969879150390625" lon="9.4818112067878246307373046875">
        <ele>362.79998779296875</ele>
        <time>2026-09-15T10:50:52.000Z</time>
      </trkpt>
      <trkpt lat="40.26206058450043201446533203125" lon="9.48183090426027774810791015625">
        <ele>362.399993896484375</ele>
        <time>2026-09-15T10:50:55.000Z</time>
      </trkpt>
      <trkpt lat="40.26211137883365154266357421875" lon="9.48187482543289661407470703125">
        <ele>361.600006103515625</ele>
        <time>2026-09-15T10:50:59.000Z</time>
      </trkpt>
      <trkpt lat="40.26217977516353130340576171875" lon="9.4819013960659503936767578125">
        <ele>361.600006103515625</ele>
        <time>2026-09-15T10:51:05.000Z</time>
      </trkpt>
      <trkpt lat="40.2622041665017604827880859375" lon="9.48195822536945343017578125">
        <ele>360.399993896484375</ele>
        <time>2026-09-15T10:51:11.000Z</time>
      </trkpt>
      <trkpt lat="40.262210369110107421875" lon="9.48198563419282436370849609375">
        <ele>359.600006103515625</ele>
        <time>2026-09-15T10:51:13.000Z</time>
      </trkpt>
      <trkpt lat="40.26222436688840389251708984375" lon="9.48204942047595977783203125">
        <ele>357.79998779296875</ele>
        <time>2026-09-15T10:51:18.000Z</time>
      </trkpt>
      <trkpt lat="40.2622393704950809478759765625" lon="9.4820616580545902252197265625">
        <ele>357.600006103515625</ele>
        <time>2026-09-15T10:51:20.000Z</time>
      </trkpt>
      <trkpt lat="40.262262336909770965576171875" lon="9.4820971973240375518798828125">
        <ele>357</ele>
        <time>2026-09-15T10:51:23.000Z</time>
      </trkpt>
      <trkpt lat="40.26227013207972049713134765625" lon="9.48210918344557285308837890625">
        <ele>356.79998779296875</ele>
        <time>2026-09-15T10:51:25.000Z</time>
      </trkpt>
      <trkpt lat="40.26228270493447780609130859375" lon="9.48214338161051273345947265625">
        <ele>355.79998779296875</ele>
        <time>2026-09-15T10:51:28.000Z</time>
      </trkpt>
      <trkpt lat="40.26230567134916782379150390625" lon="9.4821863807737827301025390625">
        <ele>354.79998779296875</ele>
        <time>2026-09-15T10:51:31.000Z</time>
      </trkpt>
      <trkpt lat="40.2623215131461620330810546875" lon="9.48219417594373226165771484375">
        <ele>355</ele>
        <time>2026-09-15T10:51:32.000Z</time>
      </trkpt>
      <trkpt lat="40.2623832039535045623779296875" lon="9.482219405472278594970703125">
        <ele>355.600006103515625</ele>
        <time>2026-09-15T10:51:39.000Z</time>
      </trkpt>
      <trkpt lat="40.262458808720111846923828125" lon="9.48229962028563022613525390625">
        <ele>354.600006103515625</ele>
        <time>2026-09-15T10:51:45.000Z</time>
      </trkpt>
      <trkpt lat="40.26256450451910495758056640625" lon="9.482389055192470550537109375">
        <ele>354.20001220703125</ele>
        <time>2026-09-15T10:51:54.000Z</time>
      </trkpt>
      <trkpt lat="40.262657962739467620849609375" lon="9.48247455060482025146484375">
        <ele>353.399993896484375</ele>
        <time>2026-09-15T10:52:03.000Z</time>
      </trkpt>
      <trkpt lat="40.2627134509384632110595703125" lon="9.4825675897300243377685546875">
        <ele>351.600006103515625</ele>
        <time>2026-09-15T10:52:10.000Z</time>
      </trkpt>
      <trkpt lat="40.26278930716216564178466796875" lon="9.48269155807793140411376953125">
        <ele>349</ele>
        <time>2026-09-15T10:52:19.000Z</time>
      </trkpt>
      <trkpt lat="40.26282685808837413787841796875" lon="9.48284067213535308837890625">
        <ele>344.79998779296875</ele>
        <time>2026-09-15T10:52:28.000Z</time>
      </trkpt>
      <trkpt lat="40.262875221669673919677734375" lon="9.482930861413478851318359375">
        <ele>342.79998779296875</ele>
        <time>2026-09-15T10:52:35.000Z</time>
      </trkpt>
      <trkpt lat="40.26291721500456333160400390625" lon="9.482979141175746917724609375">
        <ele>342</ele>
        <time>2026-09-15T10:52:40.000Z</time>
      </trkpt>
      <trkpt lat="40.2629305422306060791015625" lon="9.48298978619277477264404296875">
        <ele>342</ele>
        <time>2026-09-15T10:52:42.000Z</time>
      </trkpt>
      <trkpt lat="40.2629867009818553924560546875" lon="9.48306606151163578033447265625">
        <ele>340.399993896484375</ele>
        <time>2026-09-15T10:52:51.000Z</time>
      </trkpt>
      <trkpt lat="40.26304361410439014434814453125" lon="9.48313462547957897186279296875">
        <ele>339</ele>
        <time>2026-09-15T10:52:58.000Z</time>
      </trkpt>
      <trkpt lat="40.2631164528429508209228515625" lon="9.4832061231136322021484375">
        <ele>337.600006103515625</ele>
        <time>2026-09-15T10:53:05.000Z</time>
      </trkpt>
      <trkpt lat="40.26313715614378452301025390625" lon="9.4832522235810756683349609375">
        <ele>336.399993896484375</ele>
        <time>2026-09-15T10:53:08.000Z</time>
      </trkpt>
      <trkpt lat="40.263154171407222747802734375" lon="9.483303688466548919677734375">
        <ele>334.79998779296875</ele>
        <time>2026-09-15T10:53:11.000Z</time>
      </trkpt>
      <trkpt lat="40.263175629079341888427734375" lon="9.483376108109951019287109375">
        <ele>333.399993896484375</ele>
        <time>2026-09-15T10:53:16.000Z</time>
      </trkpt>
      <trkpt lat="40.2631915546953678131103515625" lon="9.4834072887897491455078125">
        <ele>333</ele>
        <time>2026-09-15T10:53:19.000Z</time>
      </trkpt>
      <trkpt lat="40.26323136873543262481689453125" lon="9.48349370621144771575927734375">
        <ele>331.79998779296875</ele>
        <time>2026-09-15T10:53:25.000Z</time>
      </trkpt>
      <trkpt lat="40.263236649334430694580078125" lon="9.48349890299141407012939453125">
        <ele>331.79998779296875</ele>
        <time>2026-09-15T10:53:26.000Z</time>
      </trkpt>
      <trkpt lat="40.26325332932174205780029296875" lon="9.483568556606769561767578125">
        <ele>330.600006103515625</ele>
        <time>2026-09-15T10:53:31.000Z</time>
      </trkpt>
      <trkpt lat="40.26326254941523075103759765625" lon="9.4835784472525119781494140625">
        <ele>330.600006103515625</ele>
        <time>2026-09-15T10:53:32.000Z</time>
      </trkpt>
      <trkpt lat="40.26333916001021862030029296875" lon="9.4836753420531749725341796875">
        <ele>330.399993896484375</ele>
        <time>2026-09-15T10:53:41.000Z</time>
      </trkpt>
      <trkpt lat="40.26336497627198696136474609375" lon="9.4837827980518341064453125">
        <ele>328.399993896484375</ele>
        <time>2026-09-15T10:53:48.000Z</time>
      </trkpt>
      <trkpt lat="40.26336849667131900787353515625" lon="9.4837943650782108306884765625">
        <ele>328.20001220703125</ele>
        <time>2026-09-15T10:53:49.000Z</time>
      </trkpt>
      <trkpt lat="40.26337377727031707763671875" lon="9.48389821685850620269775390625">
        <ele>325.600006103515625</ele>
        <time>2026-09-15T10:53:57.000Z</time>
      </trkpt>
      <trkpt lat="40.26340889744460582733154296875" lon="9.4840008951723575592041015625">
        <ele>323.79998779296875</ele>
        <time>2026-09-15T10:54:05.000Z</time>
      </trkpt>
      <trkpt lat="40.26346304453909397125244140625" lon="9.48412486352026462554931640625">
        <ele>321.79998779296875</ele>
        <time>2026-09-15T10:54:14.000Z</time>
      </trkpt>
      <trkpt lat="40.26346941478550434112548828125" lon="9.4841651804745197296142578125">
        <ele>320.79998779296875</ele>
        <time>2026-09-15T10:54:17.000Z</time>
      </trkpt>
      <trkpt lat="40.2634812332689762115478515625" lon="9.48417599312961101531982421875">
        <ele>320.79998779296875</ele>
        <time>2026-09-15T10:54:18.000Z</time>
      </trkpt>
      <trkpt lat="40.26354317553341388702392578125" lon="9.484275989234447479248046875">
        <ele>319.20001220703125</ele>
        <time>2026-09-15T10:54:24.000Z</time>
      </trkpt>
      <trkpt lat="40.26359279640018939971923828125" lon="9.48436944745481014251708984375">
        <ele>317.600006103515625</ele>
        <time>2026-09-15T10:54:31.000Z</time>
      </trkpt>
      <trkpt lat="40.26359413750469684600830078125" lon="9.48438428342342376708984375">
        <ele>317.20001220703125</ele>
        <time>2026-09-15T10:54:32.000Z</time>
      </trkpt>
      <trkpt lat="40.2636200375854969024658203125" lon="9.4844448007643222808837890625">
        <ele>316</ele>
        <time>2026-09-15T10:54:36.000Z</time>
      </trkpt>
      <trkpt lat="40.26364124380052089691162109375" lon="9.4844779931008815765380859375">
        <ele>315.399993896484375</ele>
        <time>2026-09-15T10:54:39.000Z</time>
      </trkpt>
      <trkpt lat="40.263738222420215606689453125" lon="9.4846147857606410980224609375">
        <ele>313.20001220703125</ele>
        <time>2026-09-15T10:54:49.000Z</time>
      </trkpt>
      <trkpt lat="40.26378683745861053466796875" lon="9.48469701223075389862060546875">
        <ele>311.79998779296875</ele>
        <time>2026-09-15T10:54:54.000Z</time>
      </trkpt>
      <trkpt lat="40.26383654214441776275634765625" lon="9.48473942466080188751220703125">
        <ele>311.79998779296875</ele>
        <time>2026-09-15T10:54:59.000Z</time>
      </trkpt>
      <trkpt lat="40.2639030106365680694580078125" lon="9.48481368832290172576904296875">
        <ele>311.79998779296875</ele>
        <time>2026-09-15T10:55:07.000Z</time>
      </trkpt>
      <trkpt lat="40.2639811299741268157958984375" lon="9.484876804053783416748046875">
        <ele>312.600006103515625</ele>
        <time>2026-09-15T10:55:15.000Z</time>
      </trkpt>
      <trkpt lat="40.264007784426212310791015625" lon="9.48491125367581844329833984375">
        <ele>312.399993896484375</ele>
        <time>2026-09-15T10:55:18.000Z</time>
      </trkpt>
      <trkpt lat="40.26402915827929973602294921875" lon="9.48493002913892269134521484375">
        <ele>312.600006103515625</ele>
        <time>2026-09-15T10:55:20.000Z</time>
      </trkpt>
      <trkpt lat="40.26407257653772830963134765625" lon="9.484969675540924072265625">
        <ele>312.79998779296875</ele>
        <time>2026-09-15T10:55:24.000Z</time>
      </trkpt>
      <trkpt lat="40.26408716104924678802490234375" lon="9.484989456832408905029296875">
        <ele>312.79998779296875</ele>
        <time>2026-09-15T10:55:26.000Z</time>
      </trkpt>
      <trkpt lat="40.26410124264657497406005859375" lon="9.48500789701938629150390625">
        <ele>312.79998779296875</ele>
        <time>2026-09-15T10:55:30.000Z</time>
      </trkpt>
      <trkpt lat="40.264102332293987274169921875" lon="9.4850094057619571685791015625">
        <ele>312.79998779296875</ele>
        <time>2026-09-15T10:55:31.000Z</time>
      </trkpt>
      <trkpt lat="40.2640999853610992431640625" lon="9.4850053824484348297119140625">
        <ele>312.79998779296875</ele>
        <time>2026-09-15T10:55:35.000Z</time>
      </trkpt>
      <trkpt lat="40.2641011588275432586669921875" lon="9.4850058853626251220703125">
        <ele>312.79998779296875</ele>
        <time>2026-09-15T10:55:37.000Z</time>
      </trkpt>
      <trkpt lat="40.26409931480884552001953125" lon="9.4850063882768154144287109375">
        <ele>312.79998779296875</ele>
        <time>2026-09-15T10:55:54.000Z</time>
      </trkpt>
      <trkpt lat="40.2640927769243717193603515625" lon="9.4850100763142108917236328125">
        <ele>312.399993896484375</ele>
        <time>2026-09-15T10:56:27.000Z</time>
      </trkpt>
      <trkpt lat="40.26409554295241832733154296875" lon="9.4850085675716400146484375">
        <ele>312.600006103515625</ele>
        <time>2026-09-15T10:56:49.000Z</time>
      </trkpt>
      <trkpt lat="40.2641028352081775665283203125" lon="9.4850301928818225860595703125">
        <ele>312.399993896484375</ele>
        <time>2026-09-15T10:56:59.000Z</time>
      </trkpt>
      <trkpt lat="40.2641145698726177215576171875" lon="9.48507654480636119842529296875">
        <ele>312.20001220703125</ele>
        <time>2026-09-15T10:57:02.000Z</time>
      </trkpt>
      <trkpt lat="40.2641360275447368621826171875" lon="9.4851700030267238616943359375">
        <ele>311.79998779296875</ele>
        <time>2026-09-15T10:57:07.000Z</time>
      </trkpt>
      <trkpt lat="40.26415505446493625640869140625" lon="9.4852082245051860809326171875">
        <ele>312.20001220703125</ele>
        <time>2026-09-15T10:57:10.000Z</time>
      </trkpt>
      <trkpt lat="40.26417039334774017333984375" lon="9.4852233119308948516845703125">
        <ele>313</ele>
        <time>2026-09-15T10:57:14.000Z</time>
      </trkpt>
      <trkpt lat="40.2641858160495758056640625" lon="9.485240243375301361083984375">
        <ele>313.79998779296875</ele>
        <time>2026-09-15T10:57:16.000Z</time>
      </trkpt>
      <trkpt lat="40.26419679634273052215576171875" lon="9.48530159890651702880859375">
        <ele>313.20001220703125</ele>
        <time>2026-09-15T10:57:19.000Z</time>
      </trkpt>
      <trkpt lat="40.26422713883221149444580078125" lon="9.48536572046577930450439453125">
        <ele>314</ele>
        <time>2026-09-15T10:57:23.000Z</time>
      </trkpt>
      <trkpt lat="40.26423417963087558746337890625" lon="9.4853946380317211151123046875">
        <ele>314</ele>
        <time>2026-09-15T10:57:25.000Z</time>
      </trkpt>
      <trkpt lat="40.2642667852342128753662109375" lon="9.48542288504540920257568359375">
        <ele>315.79998779296875</ele>
        <time>2026-09-15T10:57:28.000Z</time>
      </trkpt>
      <trkpt lat="40.2642810344696044921875" lon="9.48543026112020015716552734375">
        <ele>316.600006103515625</ele>
        <time>2026-09-15T10:57:29.000Z</time>
      </trkpt>
      <trkpt lat="40.26430676691234111785888671875" lon="9.4854452647268772125244140625">
        <ele>318</ele>
        <time>2026-09-15T10:57:32.000Z</time>
      </trkpt>
      <trkpt lat="40.2643321640789508819580078125" lon="9.48547116480767726898193359375">
        <ele>319.399993896484375</ele>
        <time>2026-09-15T10:57:35.000Z</time>
      </trkpt>
      <trkpt lat="40.2643546275794506072998046875" lon="9.48548641987144947052001953125">
        <ele>320.600006103515625</ele>
        <time>2026-09-15T10:57:37.000Z</time>
      </trkpt>
      <trkpt lat="40.26436611078679561614990234375" lon="9.48555280454456806182861328125">
        <ele>320</ele>
        <time>2026-09-15T10:57:41.000Z</time>
      </trkpt>
      <trkpt lat="40.264357812702655792236328125" lon="9.4856772758066654205322265625">
        <ele>315.79998779296875</ele>
        <time>2026-09-15T10:57:47.000Z</time>
      </trkpt>
      <trkpt lat="40.26436845771968364715576171875" lon="9.48569118976593017578125">
        <ele>316.20001220703125</ele>
        <time>2026-09-15T10:57:48.000Z</time>
      </trkpt>
      <trkpt lat="40.26442595757544040679931640625" lon="9.485754556953907012939453125">
        <ele>317.600006103515625</ele>
        <time>2026-09-15T10:57:53.000Z</time>
      </trkpt>
      <trkpt lat="40.26443165726959705352783203125" lon="9.485805518925189971923828125">
        <ele>316.600006103515625</ele>
        <time>2026-09-15T10:57:56.000Z</time>
      </trkpt>
      <trkpt lat="40.26444439776241779327392578125" lon="9.48587399907410144805908203125">
        <ele>314.79998779296875</ele>
        <time>2026-09-15T10:58:00.000Z</time>
      </trkpt>
      <trkpt lat="40.2644582279026508331298828125" lon="9.48590685613453388214111328125">
        <ele>314.20001220703125</ele>
        <time>2026-09-15T10:58:02.000Z</time>
      </trkpt>
      <trkpt lat="40.2645103633403778076171875" lon="9.48594172485172748565673828125">
        <ele>315.600006103515625</ele>
        <time>2026-09-15T10:58:06.000Z</time>
      </trkpt>
      <trkpt lat="40.26457549072802066802978515625" lon="9.48600492440164089202880859375">
        <ele>316.600006103515625</ele>
        <time>2026-09-15T10:58:13.000Z</time>
      </trkpt>
      <trkpt lat="40.2646221779286861419677734375" lon="9.48606242425739765167236328125">
        <ele>317</ele>
        <time>2026-09-15T10:58:18.000Z</time>
      </trkpt>
      <trkpt lat="40.264638103544712066650390625" lon="9.4860752485692501068115234375">
        <ele>317.20001220703125</ele>
        <time>2026-09-15T10:58:20.000Z</time>
      </trkpt>
      <trkpt lat="40.26465947739779949188232421875" lon="9.48611238040030002593994140625">
        <ele>317</ele>
        <time>2026-09-15T10:58:23.000Z</time>
      </trkpt>
      <trkpt lat="40.26468797586858272552490234375" lon="9.486162923276424407958984375">
        <ele>316.399993896484375</ele>
        <time>2026-09-15T10:58:26.000Z</time>
      </trkpt>
      <trkpt lat="40.2647061645984649658203125" lon="9.48621078394353389739990234375">
        <ele>315.600006103515625</ele>
        <time>2026-09-15T10:58:29.000Z</time>
      </trkpt>
      <trkpt lat="40.26471915654838085174560546875" lon="9.4862693734467029571533203125">
        <ele>314.20001220703125</ele>
        <time>2026-09-15T10:58:33.000Z</time>
      </trkpt>
      <trkpt lat="40.264727957546710968017578125" lon="9.4862801022827625274658203125">
        <ele>314.20001220703125</ele>
        <time>2026-09-15T10:58:34.000Z</time>
      </trkpt>
      <trkpt lat="40.264741368591785430908203125" lon="9.486358053982257843017578125">
        <ele>312.20001220703125</ele>
        <time>2026-09-15T10:58:39.000Z</time>
      </trkpt>
      <trkpt lat="40.264741368591785430908203125" lon="9.48637758381664752960205078125">
        <ele>311.600006103515625</ele>
        <time>2026-09-15T10:58:40.000Z</time>
      </trkpt>
      <trkpt lat="40.264750756323337554931640625" lon="9.48650322854518890380859375">
        <ele>308</ele>
        <time>2026-09-15T10:58:47.000Z</time>
      </trkpt>
      <trkpt lat="40.264727286994457244873046875" lon="9.48662987910211086273193359375">
        <ele>304.20001220703125</ele>
        <time>2026-09-15T10:58:55.000Z</time>
      </trkpt>
      <trkpt lat="40.2647502534091472625732421875" lon="9.48667899705469608306884765625">
        <ele>303.600006103515625</ele>
        <time>2026-09-15T10:58:59.000Z</time>
      </trkpt>
      <trkpt lat="40.2647559531033039093017578125" lon="9.48670707643032073974609375">
        <ele>303</ele>
        <time>2026-09-15T10:59:01.000Z</time>
      </trkpt>
      <trkpt lat="40.2647650055587291717529296875" lon="9.48674890212714672088623046875">
        <ele>302</ele>
        <time>2026-09-15T10:59:04.000Z</time>
      </trkpt>
      <trkpt lat="40.264801718294620513916015625" lon="9.48681972920894622802734375">
        <ele>301.20001220703125</ele>
        <time>2026-09-15T10:59:10.000Z</time>
      </trkpt>
      <trkpt lat="40.26484237052500247955322265625" lon="9.4869144447147846221923828125">
        <ele>300</ele>
        <time>2026-09-15T10:59:18.000Z</time>
      </trkpt>
      <trkpt lat="40.26487103663384914398193359375" lon="9.4869731180369853973388671875">
        <ele>299.20001220703125</ele>
        <time>2026-09-15T10:59:23.000Z</time>
      </trkpt>
      <trkpt lat="40.26487355120480060577392578125" lon="9.48700572364032268524169921875">
        <ele>298.399993896484375</ele>
        <time>2026-09-15T10:59:25.000Z</time>
      </trkpt>
      <trkpt lat="40.26489081792533397674560546875" lon="9.48702089488506317138671875">
        <ele>298.399993896484375</ele>
        <time>2026-09-15T10:59:27.000Z</time>
      </trkpt>
      <trkpt lat="40.264926441013813018798828125" lon="9.48705735616385936737060546875">
        <ele>298.399993896484375</ele>
        <time>2026-09-15T10:59:32.000Z</time>
      </trkpt>
      <trkpt lat="40.2649353258311748504638671875" lon="9.48706758208572864532470703125">
        <ele>298.399993896484375</ele>
        <time>2026-09-15T10:59:33.000Z</time>
      </trkpt>
      <trkpt lat="40.2649916522204875946044921875" lon="9.4871434383094310760498046875">
        <ele>298</ele>
        <time>2026-09-15T10:59:40.000Z</time>
      </trkpt>
      <trkpt lat="40.26500313542783260345458984375" lon="9.48716749437153339385986328125">
        <ele>297.600006103515625</ele>
        <time>2026-09-15T10:59:42.000Z</time>
      </trkpt>
      <trkpt lat="40.26501034386456012725830078125" lon="9.4871789775788784027099609375">
        <ele>297.600006103515625</ele>
        <time>2026-09-15T10:59:43.000Z</time>
      </trkpt>
      <trkpt lat="40.265058539807796478271484375" lon="9.4872795604169368743896484375">
        <ele>296</ele>
        <time>2026-09-15T10:59:50.000Z</time>
      </trkpt>
      <trkpt lat="40.26510757394134998321533203125" lon="9.48738961480557918548583984375">
        <ele>294</ele>
        <time>2026-09-15T10:59:57.000Z</time>
      </trkpt>
      <trkpt lat="40.2651666663587093353271484375" lon="9.48747192509472370147705078125">
        <ele>293.399993896484375</ele>
        <time>2026-09-15T11:00:05.000Z</time>
      </trkpt>
      <trkpt lat="40.26519290171563625335693359375" lon="9.48750897310674190521240234375">
        <ele>293.20001220703125</ele>
        <time>2026-09-15T11:00:09.000Z</time>
      </trkpt>
      <trkpt lat="40.26522307656705379486083984375" lon="9.4875383935868740081787109375">
        <ele>293</ele>
        <time>2026-09-15T11:00:12.000Z</time>
      </trkpt>
      <trkpt lat="40.26524554006755352020263671875" lon="9.4875501282513141632080078125">
        <ele>293</ele>
        <time>2026-09-15T11:00:14.000Z</time>
      </trkpt>
      <trkpt lat="40.26527202688157558441162109375" lon="9.48760427534580230712890625">
        <ele>292</ele>
        <time>2026-09-15T11:00:18.000Z</time>
      </trkpt>
      <trkpt lat="40.26530555449426174163818359375" lon="9.48772975243628025054931640625">
        <ele>288.79998779296875</ele>
        <time>2026-09-15T11:00:26.000Z</time>
      </trkpt>
      <trkpt lat="40.2653265930712223052978515625" lon="9.4878595881164073944091796875">
        <ele>286</ele>
        <time>2026-09-15T11:00:34.000Z</time>
      </trkpt>
      <trkpt lat="40.26537696830928325653076171875" lon="9.4879983924329280853271484375">
        <ele>283.600006103515625</ele>
        <time>2026-09-15T11:00:43.000Z</time>
      </trkpt>
      <trkpt lat="40.26542105711996555328369140625" lon="9.4881375320255756378173828125">
        <ele>281.399993896484375</ele>
        <time>2026-09-15T11:00:52.000Z</time>
      </trkpt>
      <trkpt lat="40.26546816341578960418701171875" lon="9.48827683925628662109375">
        <ele>279.600006103515625</ele>
        <time>2026-09-15T11:01:00.000Z</time>
      </trkpt>
      <trkpt lat="40.2655143477022647857666015625" lon="9.4883829541504383087158203125">
        <ele>278.600006103515625</ele>
        <time>2026-09-15T11:01:07.000Z</time>
      </trkpt>
      <trkpt lat="40.26552247814834117889404296875" lon="9.488416649401187896728515625">
        <ele>278</ele>
        <time>2026-09-15T11:01:09.000Z</time>
      </trkpt>
      <trkpt lat="40.26554896496236324310302734375" lon="9.4884996302425861358642578125">
        <ele>277</ele>
        <time>2026-09-15T11:01:15.000Z</time>
      </trkpt>
      <trkpt lat="40.26559288613498210906982421875" lon="9.48857733048498630523681640625">
        <ele>276.600006103515625</ele>
        <time>2026-09-15T11:01:21.000Z</time>
      </trkpt>
      <trkpt lat="40.26560931466519832611083984375" lon="9.48860130272805690765380859375">
        <ele>276.600006103515625</ele>
        <time>2026-09-15T11:01:23.000Z</time>
      </trkpt>
      <trkpt lat="40.265607722103595733642578125" lon="9.4886300526559352874755859375">
        <ele>275.600006103515625</ele>
        <time>2026-09-15T11:01:25.000Z</time>
      </trkpt>
      <trkpt lat="40.26559389196336269378662109375" lon="9.48866668157279491424560546875">
        <ele>274</ele>
        <time>2026-09-15T11:01:27.000Z</time>
      </trkpt>
      <trkpt lat="40.26557344011962413787841796875" lon="9.48870305903255939483642578125">
        <ele>272.399993896484375</ele>
        <time>2026-09-15T11:01:29.000Z</time>
      </trkpt>
      <trkpt lat="40.2655807323753833770751953125" lon="9.48875628411769866943359375">
        <ele>271.399993896484375</ele>
        <time>2026-09-15T11:01:33.000Z</time>
      </trkpt>
      <trkpt lat="40.265592634677886962890625" lon="9.48880649171769618988037109375">
        <ele>270.600006103515625</ele>
        <time>2026-09-15T11:01:36.000Z</time>
      </trkpt>
      <trkpt lat="40.26558483950793743133544921875" lon="9.48897714726626873016357421875">
        <ele>267.399993896484375</ele>
        <time>2026-09-15T11:01:45.000Z</time>
      </trkpt>
      <trkpt lat="40.26559858582913875579833984375" lon="9.4891239143908023834228515625">
        <ele>265.600006103515625</ele>
        <time>2026-09-15T11:01:55.000Z</time>
      </trkpt>
      <trkpt lat="40.265619121491909027099609375" lon="9.48924712836742401123046875">
        <ele>263.600006103515625</ele>
        <time>2026-09-15T11:02:04.000Z</time>
      </trkpt>
      <trkpt lat="40.2656813152134418487548828125" lon="9.48932885192334651947021484375">
        <ele>262.79998779296875</ele>
        <time>2026-09-15T11:02:11.000Z</time>
      </trkpt>
      <trkpt lat="40.2656964026391506195068359375" lon="9.4893384911119937896728515625">
        <ele>263</ele>
        <time>2026-09-15T11:02:12.000Z</time>
      </trkpt>
      <trkpt lat="40.2657698281109333038330078125" lon="9.48946363292634487152099609375">
        <ele>261.399993896484375</ele>
        <time>2026-09-15T11:02:21.000Z</time>
      </trkpt>
      <trkpt lat="40.26579455472528934478759765625" lon="9.489586092531681060791015625">
        <ele>258.20001220703125</ele>
        <time>2026-09-15T11:02:29.000Z</time>
      </trkpt>
      <trkpt lat="40.2658378891646862030029296875" lon="9.489723555743694305419921875">
        <ele>255</ele>
        <time>2026-09-15T11:02:40.000Z</time>
      </trkpt>
      <trkpt lat="40.265881307423114776611328125" lon="9.48985640890896320343017578125">
        <ele>252.8000030517578125</ele>
        <time>2026-09-15T11:02:49.000Z</time>
      </trkpt>
      <trkpt lat="40.2658942155539989471435546875" lon="9.48989463038742542266845703125">
        <ele>252.1999969482421875</ele>
        <time>2026-09-15T11:02:51.000Z</time>
      </trkpt>
      <trkpt lat="40.2659039385616779327392578125" lon="9.4899855740368366241455078125">
        <ele>250.600006103515625</ele>
        <time>2026-09-15T11:02:56.000Z</time>
      </trkpt>
      <trkpt lat="40.26589094661176204681396484375" lon="9.49001164175570011138916015625">
        <ele>250.1999969482421875</ele>
        <time>2026-09-15T11:02:58.000Z</time>
      </trkpt>
      <trkpt lat="40.26585456915199756622314453125" lon="9.4900167547166347503662109375">
        <ele>249.600006103515625</ele>
        <time>2026-09-15T11:03:01.000Z</time>
      </trkpt>
      <trkpt lat="40.26582070626318454742431640625" lon="9.490001499652862548828125">
        <ele>249.600006103515625</ele>
        <time>2026-09-15T11:03:04.000Z</time>
      </trkpt>
      <trkpt lat="40.26579371653497219085693359375" lon="9.48999202810227870941162109375">
        <ele>249.399993896484375</ele>
        <time>2026-09-15T11:03:06.000Z</time>
      </trkpt>
      <trkpt lat="40.2657768689095973968505859375" lon="9.48998951353132724761962890625">
        <ele>249.1999969482421875</ele>
        <time>2026-09-15T11:03:07.000Z</time>
      </trkpt>
      <trkpt lat="40.26575365103781223297119140625" lon="9.48997492901980876922607421875">
        <ele>249.1999969482421875</ele>
        <time>2026-09-15T11:03:09.000Z</time>
      </trkpt>
      <trkpt lat="40.26571023277938365936279296875" lon="9.48994542472064495086669921875">
        <ele>249.1999969482421875</ele>
        <time>2026-09-15T11:03:13.000Z</time>
      </trkpt>
      <trkpt lat="40.26568424887955188751220703125" lon="9.4899362884461879730224609375">
        <ele>249</ele>
        <time>2026-09-15T11:03:15.000Z</time>
      </trkpt>
      <trkpt lat="40.26561803184449672698974609375" lon="9.48994324542582035064697265625">
        <ele>247.600006103515625</ele>
        <time>2026-09-15T11:03:19.000Z</time>
      </trkpt>
      <trkpt lat="40.26559992693364620208740234375" lon="9.4899450056254863739013671875">
        <ele>247.1999969482421875</ele>
        <time>2026-09-15T11:03:20.000Z</time>
      </trkpt>
      <trkpt lat="40.26558031328022480010986328125" lon="9.48994207195937633514404296875">
        <ele>247</ele>
        <time>2026-09-15T11:03:22.000Z</time>
      </trkpt>
      <trkpt lat="40.26555382646620273590087890625" lon="9.489946849644184112548828125">
        <ele>246.399993896484375</ele>
        <time>2026-09-15T11:03:25.000Z</time>
      </trkpt>
      <trkpt lat="40.26554242707788944244384765625" lon="9.4899641163647174835205078125">
        <ele>245.8000030517578125</ele>
        <time>2026-09-15T11:03:27.000Z</time>
      </trkpt>
      <trkpt lat="40.26546849869191646575927734375" lon="9.4899885915219783782958984375">
        <ele>243.600006103515625</ele>
        <time>2026-09-15T11:03:33.000Z</time>
      </trkpt>
      <trkpt lat="40.26534545235335826873779296875" lon="9.4900110550224781036376953125">
        <ele>239.399993896484375</ele>
        <time>2026-09-15T11:03:43.000Z</time>
      </trkpt>
      <trkpt lat="40.26520974934101104736328125" lon="9.49004818685352802276611328125">
        <ele>234.8000030517578125</ele>
        <time>2026-09-15T11:03:54.000Z</time>
      </trkpt>
      <trkpt lat="40.2651500701904296875" lon="9.490052796900272369384765625">
        <ele>233.1999969482421875</ele>
        <time>2026-09-15T11:04:00.000Z</time>
      </trkpt>
      <trkpt lat="40.26513992808759212493896484375" lon="9.49004852212965488433837890625">
        <ele>233</ele>
        <time>2026-09-15T11:04:01.000Z</time>
      </trkpt>
      <trkpt lat="40.2651073224842548370361328125" lon="9.490022957324981689453125">
        <ele>232.8000030517578125</ele>
        <time>2026-09-15T11:04:08.000Z</time>
      </trkpt>
      <trkpt lat="40.265029370784759521484375" lon="9.49000929482281208038330078125">
        <ele>231.1999969482421875</ele>
        <time>2026-09-15T11:04:15.000Z</time>
      </trkpt>
      <trkpt lat="40.264975726604461669921875" lon="9.48998699896037578582763671875">
        <ele>230.1999969482421875</ele>
        <time>2026-09-15T11:04:20.000Z</time>
      </trkpt>
      <trkpt lat="40.26488645933568477630615234375" lon="9.48995850048959255218505859375">
        <ele>228</ele>
        <time>2026-09-15T11:04:26.000Z</time>
      </trkpt>
      <trkpt lat="40.26486097835004329681396484375" lon="9.4899409823119640350341796875">
        <ele>227.399993896484375</ele>
        <time>2026-09-15T11:04:28.000Z</time>
      </trkpt>
      <trkpt lat="40.26481521315872669219970703125" lon="9.48993033729493618011474609375">
        <ele>226.1999969482421875</ele>
        <time>2026-09-15T11:04:32.000Z</time>
      </trkpt>
      <trkpt lat="40.26467842049896717071533203125" lon="9.489971660077571868896484375">
        <ele>221.8000030517578125</ele>
        <time>2026-09-15T11:04:42.000Z</time>
      </trkpt>
      <trkpt lat="40.26459108106791973114013671875" lon="9.48999085463583469390869140625">
        <ele>219</ele>
        <time>2026-09-15T11:04:49.000Z</time>
      </trkpt>
      <trkpt lat="40.264570713043212890625" lon="9.489990435540676116943359375">
        <ele>218.399993896484375</ele>
        <time>2026-09-15T11:04:52.000Z</time>
      </trkpt>
      <trkpt lat="40.26451505720615386962890625" lon="9.4900001585483551025390625">
        <ele>216.399993896484375</ele>
        <time>2026-09-15T11:04:58.000Z</time>
      </trkpt>
      <trkpt lat="40.26451463811099529266357421875" lon="9.49001516215503215789794921875">
        <ele>216</ele>
        <time>2026-09-15T11:05:00.000Z</time>
      </trkpt>
      <trkpt lat="40.264496617019176483154296875" lon="9.49002807028591632843017578125">
        <ele>215.1999969482421875</ele>
        <time>2026-09-15T11:05:04.000Z</time>
      </trkpt>
      <trkpt lat="40.2644505165517330169677734375" lon="9.4900962151587009429931640625">
        <ele>212.8000030517578125</ele>
        <time>2026-09-15T11:05:09.000Z</time>
      </trkpt>
      <trkpt lat="40.264401733875274658203125" lon="9.49017894454300403594970703125">
        <ele>211.1999969482421875</ele>
        <time>2026-09-15T11:05:17.000Z</time>
      </trkpt>
      <trkpt lat="40.2643360197544097900390625" lon="9.4902227818965911865234375">
        <ele>209.600006103515625</ele>
        <time>2026-09-15T11:05:24.000Z</time>
      </trkpt>
      <trkpt lat="40.2642614208161830902099609375" lon="9.4902477599680423736572265625">
        <ele>208</ele>
        <time>2026-09-15T11:05:32.000Z</time>
      </trkpt>
      <trkpt lat="40.26423049159348011016845703125" lon="9.49026058427989482879638671875">
        <ele>207.399993896484375</ele>
        <time>2026-09-15T11:05:35.000Z</time>
      </trkpt>
      <trkpt lat="40.26419528760015964508056640625" lon="9.49029453098773956298828125">
        <ele>206.399993896484375</ele>
        <time>2026-09-15T11:05:39.000Z</time>
      </trkpt>
      <trkpt lat="40.2641346864402294158935546875" lon="9.4903882406651973724365234375">
        <ele>205</ele>
        <time>2026-09-15T11:05:45.000Z</time>
      </trkpt>
      <trkpt lat="40.26411716826260089874267578125" lon="9.49040760286152362823486328125">
        <ele>204.600006103515625</ele>
        <time>2026-09-15T11:05:46.000Z</time>
      </trkpt>
      <trkpt lat="40.26400803588330745697021484375" lon="9.49043425731360912322998046875">
        <ele>203</ele>
        <time>2026-09-15T11:05:54.000Z</time>
      </trkpt>
      <trkpt lat="40.26395288296043872833251953125" lon="9.49048899114131927490234375">
        <ele>201.1999969482421875</ele>
        <time>2026-09-15T11:06:00.000Z</time>
      </trkpt>
      <trkpt lat="40.26394969783723354339599609375" lon="9.49050231836736202239990234375">
        <ele>201</ele>
        <time>2026-09-15T11:06:01.000Z</time>
      </trkpt>
      <trkpt lat="40.26391818188130855560302734375" lon="9.4905951060354709625244140625">
        <ele>198.8000030517578125</ele>
        <time>2026-09-15T11:06:08.000Z</time>
      </trkpt>
      <trkpt lat="40.26391080580651760101318359375" lon="9.4906601496040821075439453125">
        <ele>197.8000030517578125</ele>
        <time>2026-09-15T11:06:12.000Z</time>
      </trkpt>
      <trkpt lat="40.2639305032789707183837890625" lon="9.49071287177503108978271484375">
        <ele>197.600006103515625</ele>
        <time>2026-09-15T11:06:16.000Z</time>
      </trkpt>
      <trkpt lat="40.263926647603511810302734375" lon="9.49073173105716705322265625">
        <ele>197.399993896484375</ele>
        <time>2026-09-15T11:06:17.000Z</time>
      </trkpt>
      <trkpt lat="40.2639419026672840118408203125" lon="9.49080758728086948394775390625">
        <ele>196.8000030517578125</ele>
        <time>2026-09-15T11:06:21.000Z</time>
      </trkpt>
      <trkpt lat="40.26393930427730083465576171875" lon="9.4908596388995647430419921875">
        <ele>196.1999969482421875</ele>
        <time>2026-09-15T11:06:24.000Z</time>
      </trkpt>
      <trkpt lat="40.26396361179649829864501953125" lon="9.4909300468862056732177734375">
        <ele>196.399993896484375</ele>
        <time>2026-09-15T11:06:30.000Z</time>
      </trkpt>
      <trkpt lat="40.26397048495709896087646484375" lon="9.491029120981693267822265625">
        <ele>195.8000030517578125</ele>
        <time>2026-09-15T11:06:37.000Z</time>
      </trkpt>
      <trkpt lat="40.26398020796477794647216796875" lon="9.4910564459860324859619140625">
        <ele>195.8000030517578125</ele>
        <time>2026-09-15T11:06:39.000Z</time>
      </trkpt>
      <trkpt lat="40.26397668756544589996337890625" lon="9.49109391309320926666259765625">
        <ele>195.399993896484375</ele>
        <time>2026-09-15T11:06:41.000Z</time>
      </trkpt>
      <trkpt lat="40.26397417299449443817138671875" lon="9.491148479282855987548828125">
        <ele>194.600006103515625</ele>
        <time>2026-09-15T11:06:44.000Z</time>
      </trkpt>
      <trkpt lat="40.2639657072722911834716796875" lon="9.49127278290688991546630859375">
        <ele>192.1999969482421875</ele>
        <time>2026-09-15T11:06:51.000Z</time>
      </trkpt>
      <trkpt lat="40.26395858265459537506103515625" lon="9.491288959980010986328125">
        <ele>191.8000030517578125</ele>
        <time>2026-09-15T11:06:52.000Z</time>
      </trkpt>
      <trkpt lat="40.26394349522888660430908203125" lon="9.4913035444915294647216796875">
        <ele>191.399993896484375</ele>
        <time>2026-09-15T11:06:54.000Z</time>
      </trkpt>
      <trkpt lat="40.2638854086399078369140625" lon="9.491374455392360687255859375">
        <ele>189.1999969482421875</ele>
        <time>2026-09-15T11:07:01.000Z</time>
      </trkpt>
      <trkpt lat="40.26382128708064556121826171875" lon="9.49147378094494342803955078125">
        <ele>185.8000030517578125</ele>
        <time>2026-09-15T11:07:11.000Z</time>
      </trkpt>
      <trkpt lat="40.26375791989266872406005859375" lon="9.491561539471149444580078125">
        <ele>182.600006103515625</ele>
        <time>2026-09-15T11:07:18.000Z</time>
      </trkpt>
      <trkpt lat="40.2637524716556072235107421875" lon="9.491590373218059539794921875">
        <ele>181.8000030517578125</ele>
        <time>2026-09-15T11:07:20.000Z</time>
      </trkpt>
      <trkpt lat="40.26375272311270236968994140625" lon="9.49163672514259815216064453125">
        <ele>181</ele>
        <time>2026-09-15T11:07:23.000Z</time>
      </trkpt>
      <trkpt lat="40.26374920271337032318115234375" lon="9.49166974984109401702880859375">
        <ele>180.399993896484375</ele>
        <time>2026-09-15T11:07:25.000Z</time>
      </trkpt>
      <trkpt lat="40.26378273032605648040771484375" lon="9.49169925414025783538818359375">
        <ele>180.1999969482421875</ele>
        <time>2026-09-15T11:07:28.000Z</time>
      </trkpt>
      <trkpt lat="40.2638104744255542755126953125" lon="9.49171283282339572906494140625">
        <ele>180.1999969482421875</ele>
        <time>2026-09-15T11:07:30.000Z</time>
      </trkpt>
      <trkpt lat="40.263850875198841094970703125" lon="9.491719789803028106689453125">
        <ele>180.399993896484375</ele>
        <time>2026-09-15T11:07:33.000Z</time>
      </trkpt>
      <trkpt lat="40.26387258432805538177490234375" lon="9.4917407445609569549560546875">
        <ele>180.399993896484375</ele>
        <time>2026-09-15T11:07:35.000Z</time>
      </trkpt>
      <trkpt lat="40.26388968341052532196044921875" lon="9.49174158275127410888671875">
        <ele>180.600006103515625</ele>
        <time>2026-09-15T11:07:36.000Z</time>
      </trkpt>
      <trkpt lat="40.26394349522888660430908203125" lon="9.49174024164676666259765625">
        <ele>181.600006103515625</ele>
        <time>2026-09-15T11:07:39.000Z</time>
      </trkpt>
      <trkpt lat="40.26400946080684661865234375" lon="9.4917702488601207733154296875">
        <ele>182</ele>
        <time>2026-09-15T11:07:44.000Z</time>
      </trkpt>
      <trkpt lat="40.264070816338062286376953125" lon="9.491823725402355194091796875">
        <ele>182</ele>
        <time>2026-09-15T11:07:51.000Z</time>
      </trkpt>
      <trkpt lat="40.26409537531435489654541015625" lon="9.491853900253772735595703125">
        <ele>181.8000030517578125</ele>
        <time>2026-09-15T11:07:54.000Z</time>
      </trkpt>
      <trkpt lat="40.2641380392014980316162109375" lon="9.4918664731085300445556640625">
        <ele>182.1999969482421875</ele>
        <time>2026-09-15T11:07:58.000Z</time>
      </trkpt>
      <trkpt lat="40.26416880078613758087158203125" lon="9.491889774799346923828125">
        <ele>182.1999969482421875</ele>
        <time>2026-09-15T11:08:01.000Z</time>
      </trkpt>
      <trkpt lat="40.2641957066953182220458984375" lon="9.491967223584651947021484375">
        <ele>181</ele>
        <time>2026-09-15T11:08:05.000Z</time>
      </trkpt>
      <trkpt lat="40.2642406336963176727294921875" lon="9.49206939898431301116943359375">
        <ele>179.8000030517578125</ele>
        <time>2026-09-15T11:08:10.000Z</time>
      </trkpt>
      <trkpt lat="40.26429151184856891632080078125" lon="9.49212656356394290924072265625">
        <ele>179.399993896484375</ele>
        <time>2026-09-15T11:08:15.000Z</time>
      </trkpt>
      <trkpt lat="40.264358483254909515380859375" lon="9.49225145392119884490966796875">
        <ele>178.399993896484375</ele>
        <time>2026-09-15T11:08:22.000Z</time>
      </trkpt>
      <trkpt lat="40.26436963118612766265869140625" lon="9.49226989410817623138427734375">
        <ele>178.1999969482421875</ele>
        <time>2026-09-15T11:08:23.000Z</time>
      </trkpt>
      <trkpt lat="40.26445227675139904022216796875" lon="9.49239478446543216705322265625">
        <ele>177.8000030517578125</ele>
        <time>2026-09-15T11:08:32.000Z</time>
      </trkpt>
      <trkpt lat="40.264534167945384979248046875" lon="9.4924615882337093353271484375">
        <ele>178.399993896484375</ele>
        <time>2026-09-15T11:08:41.000Z</time>
      </trkpt>
      <trkpt lat="40.2646429650485515594482421875" lon="9.492528140544891357421875">
        <ele>179.399993896484375</ele>
        <time>2026-09-15T11:08:50.000Z</time>
      </trkpt>
      <trkpt lat="40.26472452096641063690185546875" lon="9.49266132898628711700439453125">
        <ele>179.1999969482421875</ele>
        <time>2026-09-15T11:08:59.000Z</time>
      </trkpt>
      <trkpt lat="40.26481546461582183837890625" lon="9.4927717186510562896728515625">
        <ele>179.399993896484375</ele>
        <time>2026-09-15T11:09:09.000Z</time>
      </trkpt>
      <trkpt lat="40.2648692764341831207275390625" lon="9.49284874834120273590087890625">
        <ele>179</ele>
        <time>2026-09-15T11:09:15.000Z</time>
      </trkpt>
      <trkpt lat="40.26489936746656894683837890625" lon="9.49287573806941509246826171875">
        <ele>179</ele>
        <time>2026-09-15T11:09:17.000Z</time>
      </trkpt>
      <trkpt lat="40.2649738825857639312744140625" lon="9.49296106584370136260986328125">
        <ele>178.600006103515625</ele>
        <time>2026-09-15T11:09:24.000Z</time>
      </trkpt>
      <trkpt lat="40.2650657482445240020751953125" lon="9.4931160472333431243896484375">
        <ele>176.8000030517578125</ele>
        <time>2026-09-15T11:09:35.000Z</time>
      </trkpt>
      <trkpt lat="40.265105478465557098388671875" lon="9.49322291649878025054931640625">
        <ele>175.399993896484375</ele>
        <time>2026-09-15T11:09:42.000Z</time>
      </trkpt>
      <trkpt lat="40.2651183865964412689208984375" lon="9.4932578690350055694580078125">
        <ele>175</ele>
        <time>2026-09-15T11:09:44.000Z</time>
      </trkpt>
      <trkpt lat="40.26514512486755847930908203125" lon="9.4932940788567066192626953125">
        <ele>174.8000030517578125</ele>
        <time>2026-09-15T11:09:47.000Z</time>
      </trkpt>
      <trkpt lat="40.26521385647356510162353515625" lon="9.49332752265036106109619140625">
        <ele>175</ele>
        <time>2026-09-15T11:09:52.000Z</time>
      </trkpt>
      <trkpt lat="40.26522056199610233306884765625" lon="9.4933366589248180389404296875">
        <ele>175</ele>
        <time>2026-09-15T11:09:53.000Z</time>
      </trkpt>
      <trkpt lat="40.26527018286287784576416015625" lon="9.493339173495769500732421875">
        <ele>175.1999969482421875</ele>
        <time>2026-09-15T11:09:57.000Z</time>
      </trkpt>
      <trkpt lat="40.265321396291255950927734375" lon="9.4933420233428478240966796875">
        <ele>175.600006103515625</ele>
        <time>2026-09-15T11:10:00.000Z</time>
      </trkpt>
      <trkpt lat="40.26543614454567432403564453125" lon="9.4933896325528621673583984375">
        <ele>175.600006103515625</ele>
        <time>2026-09-15T11:10:08.000Z</time>
      </trkpt>
      <trkpt lat="40.26554259471595287322998046875" lon="9.4934335537254810333251953125">
        <ele>175.1999969482421875</ele>
        <time>2026-09-15T11:10:16.000Z</time>
      </trkpt>
      <trkpt lat="40.2656719274818897247314453125" lon="9.493481330573558807373046875">
        <ele>174.1999969482421875</ele>
        <time>2026-09-15T11:10:25.000Z</time>
      </trkpt>
      <trkpt lat="40.26577359996736049652099609375" lon="9.49350974522531032562255859375">
        <ele>173.399993896484375</ele>
        <time>2026-09-15T11:10:34.000Z</time>
      </trkpt>
      <trkpt lat="40.26590553112328052520751953125" lon="9.49346087872982025146484375">
        <ele>173.1999969482421875</ele>
        <time>2026-09-15T11:10:44.000Z</time>
      </trkpt>
      <trkpt lat="40.2659614384174346923828125" lon="9.4934352301061153411865234375">
        <ele>173.1999969482421875</ele>
        <time>2026-09-15T11:10:49.000Z</time>
      </trkpt>
      <trkpt lat="40.26598063297569751739501953125" lon="9.49346280656754970550537109375">
        <ele>172.600006103515625</ele>
        <time>2026-09-15T11:10:52.000Z</time>
      </trkpt>
      <trkpt lat="40.266020111739635467529296875" lon="9.49347755871713161468505859375">
        <ele>172</ele>
        <time>2026-09-15T11:10:55.000Z</time>
      </trkpt>
      <trkpt lat="40.26603586971759796142578125" lon="9.49347336776554584503173828125">
        <ele>172</ele>
        <time>2026-09-15T11:10:56.000Z</time>
      </trkpt>
      <trkpt lat="40.2660987339913845062255859375" lon="9.49348527006804943084716796875">
        <ele>172.399993896484375</ele>
        <time>2026-09-15T11:11:00.000Z</time>
      </trkpt>
      <trkpt lat="40.26615933515131473541259765625" lon="9.49360127560794353485107421875">
        <ele>171.399993896484375</ele>
        <time>2026-09-15T11:11:08.000Z</time>
      </trkpt>
      <trkpt lat="40.2661781944334506988525390625" lon="9.4936358928680419921875">
        <ele>171.1999969482421875</ele>
        <time>2026-09-15T11:11:10.000Z</time>
      </trkpt>
      <trkpt lat="40.2661909349262714385986328125" lon="9.493679814040660858154296875">
        <ele>171</ele>
        <time>2026-09-15T11:11:13.000Z</time>
      </trkpt>
      <trkpt lat="40.2662147395312786102294921875" lon="9.49377109296619892120361328125">
        <ele>170.600006103515625</ele>
        <time>2026-09-15T11:11:19.000Z</time>
      </trkpt>
      <trkpt lat="40.2662214450538158416748046875" lon="9.49378668330609798431396484375">
        <ele>170.600006103515625</ele>
        <time>2026-09-15T11:11:20.000Z</time>
      </trkpt>
      <trkpt lat="40.26625354774296283721923828125" lon="9.49391559697687625885009765625">
        <ele>169.8000030517578125</ele>
        <time>2026-09-15T11:11:27.000Z</time>
      </trkpt>
      <trkpt lat="40.26626243256032466888427734375" lon="9.4939703308045864105224609375">
        <ele>169.1999969482421875</ele>
        <time>2026-09-15T11:11:30.000Z</time>
      </trkpt>
      <trkpt lat="40.26630769483745098114013671875" lon="9.4940548203885555267333984375">
        <ele>168.399993896484375</ele>
        <time>2026-09-15T11:11:36.000Z</time>
      </trkpt>
      <trkpt lat="40.26636485941708087921142578125" lon="9.4942063651978969573974609375">
        <ele>166.8000030517578125</ele>
        <time>2026-09-15T11:11:45.000Z</time>
      </trkpt>
      <trkpt lat="40.26643107645213603973388671875" lon="9.49435933493077754974365234375">
        <ele>165.399993896484375</ele>
        <time>2026-09-15T11:11:55.000Z</time>
      </trkpt>
      <trkpt lat="40.26653048582375049591064453125" lon="9.49448338709771633148193359375">
        <ele>164.8000030517578125</ele>
        <time>2026-09-15T11:12:04.000Z</time>
      </trkpt>
      <trkpt lat="40.26660189963877201080322265625" lon="9.4945510290563106536865234375">
        <ele>164.8000030517578125</ele>
        <time>2026-09-15T11:12:10.000Z</time>
      </trkpt>
      <trkpt lat="40.26664447970688343048095703125" lon="9.49459603987634181976318359375">
        <ele>164.600006103515625</ele>
        <time>2026-09-15T11:12:14.000Z</time>
      </trkpt>
      <trkpt lat="40.2667092718183994293212890625" lon="9.49466544203460216522216796875">
        <ele>164.399993896484375</ele>
        <time>2026-09-15T11:12:21.000Z</time>
      </trkpt>
      <trkpt lat="40.26672041974961757659912109375" lon="9.49467432685196399688720703125">
        <ele>164.399993896484375</ele>
        <time>2026-09-15T11:12:22.000Z</time>
      </trkpt>
      <trkpt lat="40.26678931899368762969970703125" lon="9.49477507732808589935302734375">
        <ele>163.8000030517578125</ele>
        <time>2026-09-15T11:12:31.000Z</time>
      </trkpt>
      <trkpt lat="40.266816727817058563232421875" lon="9.49479259550571441650390625">
        <ele>163.8000030517578125</ele>
        <time>2026-09-15T11:12:33.000Z</time>
      </trkpt>
      <trkpt lat="40.26685930788516998291015625" lon="9.49481078423559665679931640625">
        <ele>163.8000030517578125</ele>
        <time>2026-09-15T11:12:36.000Z</time>
      </trkpt>
      <trkpt lat="40.26695720851421356201171875" lon="9.494901560246944427490234375">
        <ele>163.600006103515625</ele>
        <time>2026-09-15T11:12:44.000Z</time>
      </trkpt>
      <trkpt lat="40.267056114971637725830078125" lon="9.4950147159397602081298828125">
        <ele>163</ele>
        <time>2026-09-15T11:12:53.000Z</time>
      </trkpt>
      <trkpt lat="40.2671511657536029815673828125" lon="9.49515041895210742950439453125">
        <ele>162.399993896484375</ele>
        <time>2026-09-15T11:13:03.000Z</time>
      </trkpt>
      <trkpt lat="40.2672514133155345916748046875" lon="9.49521244503557682037353515625">
        <ele>163</ele>
        <time>2026-09-15T11:13:11.000Z</time>
      </trkpt>
      <trkpt lat="40.26730262674391269683837890625" lon="9.49523306451737880706787109375">
        <ele>163.600006103515625</ele>
        <time>2026-09-15T11:13:16.000Z</time>
      </trkpt>
      <trkpt lat="40.2673211507499217987060546875" lon="9.4952403567731380462646484375">
        <ele>163.8000030517578125</ele>
        <time>2026-09-15T11:13:19.000Z</time>
      </trkpt>
      <trkpt lat="40.26738778688013553619384765625" lon="9.495226778090000152587890625">
        <ele>164.8000030517578125</ele>
        <time>2026-09-15T11:13:23.000Z</time>
      </trkpt>
      <trkpt lat="40.267480574548244476318359375" lon="9.49523977003991603851318359375">
        <ele>166.1999969482421875</ele>
        <time>2026-09-15T11:13:29.000Z</time>
      </trkpt>
      <trkpt lat="40.26753011159598827362060546875" lon="9.495310597121715545654296875">
        <ele>167</ele>
        <time>2026-09-15T11:13:35.000Z</time>
      </trkpt>
      <trkpt lat="40.26752944104373455047607421875" lon="9.4953288696706295013427734375">
        <ele>166.8000030517578125</ele>
        <time>2026-09-15T11:13:36.000Z</time>
      </trkpt>
      <trkpt lat="40.2674849331378936767578125" lon="9.49550564400851726531982421875">
        <ele>165.1999969482421875</ele>
        <time>2026-09-15T11:13:46.000Z</time>
      </trkpt>
      <trkpt lat="40.26742265559732913970947265625" lon="9.495651908218860626220703125">
        <ele>163</ele>
        <time>2026-09-15T11:13:57.000Z</time>
      </trkpt>
      <trkpt lat="40.26733816601336002349853515625" lon="9.495869167149066925048828125">
        <ele>160.1999969482421875</ele>
        <time>2026-09-15T11:14:09.000Z</time>
      </trkpt>
      <trkpt lat="40.26738158427178859710693359375" lon="9.4960168562829494476318359375">
        <ele>159.1999969482421875</ele>
        <time>2026-09-15T11:14:19.000Z</time>
      </trkpt>
      <trkpt lat="40.26741360314190387725830078125" lon="9.49612489901483058929443359375">
        <ele>158.8000030517578125</ele>
        <time>2026-09-15T11:14:27.000Z</time>
      </trkpt>
      <trkpt lat="40.26743556372821331024169921875" lon="9.49624274857342243194580078125">
        <ele>158.600006103515625</ele>
        <time>2026-09-15T11:14:34.000Z</time>
      </trkpt>
      <trkpt lat="40.26747277937829494476318359375" lon="9.4963487796485424041748046875">
        <ele>158.8000030517578125</ele>
        <time>2026-09-15T11:14:41.000Z</time>
      </trkpt>
      <trkpt lat="40.26747412048280239105224609375" lon="9.49636512435972690582275390625">
        <ele>158.8000030517578125</ele>
        <time>2026-09-15T11:14:42.000Z</time>
      </trkpt>
      <trkpt lat="40.2674742043018341064453125" lon="9.496417343616485595703125">
        <ele>158.600006103515625</ele>
        <time>2026-09-15T11:14:45.000Z</time>
      </trkpt>
      <trkpt lat="40.26747764088213443756103515625" lon="9.4964294135570526123046875">
        <ele>158.600006103515625</ele>
        <time>2026-09-15T11:14:46.000Z</time>
      </trkpt>
      <trkpt lat="40.26748065836727619171142578125" lon="9.49644257314503192901611328125">
        <ele>158.600006103515625</ele>
        <time>2026-09-15T11:14:47.000Z</time>
      </trkpt>
      <trkpt lat="40.2674996852874755859375" lon="9.49657232500612735748291015625">
        <ele>159</ele>
        <time>2026-09-15T11:14:55.000Z</time>
      </trkpt>
      <trkpt lat="40.2675090730190277099609375" lon="9.496679194271564483642578125">
        <ele>159</ele>
        <time>2026-09-15T11:15:01.000Z</time>
      </trkpt>
      <trkpt lat="40.26753061451017856597900390625" lon="9.4967430643737316131591796875">
        <ele>159</ele>
        <time>2026-09-15T11:15:05.000Z</time>
      </trkpt>
      <trkpt lat="40.267577134072780609130859375" lon="9.49688094668090343475341796875">
        <ele>159.1999969482421875</ele>
        <time>2026-09-15T11:15:14.000Z</time>
      </trkpt>
      <trkpt lat="40.2676158584654331207275390625" lon="9.49702461250126361846923828125">
        <ele>158.8000030517578125</ele>
        <time>2026-09-15T11:15:23.000Z</time>
      </trkpt>
      <trkpt lat="40.2676513977348804473876953125" lon="9.4971259497106075286865234375">
        <ele>158.1999969482421875</ele>
        <time>2026-09-15T11:15:30.000Z</time>
      </trkpt>
      <trkpt lat="40.26765516959130764007568359375" lon="9.49713952839374542236328125">
        <ele>158</ele>
        <time>2026-09-15T11:15:31.000Z</time>
      </trkpt>
      <trkpt lat="40.26767260394990444183349609375" lon="9.497187137603759765625">
        <ele>157.8000030517578125</ele>
        <time>2026-09-15T11:15:34.000Z</time>
      </trkpt>
      <trkpt lat="40.2676968276500701904296875" lon="9.497229717671871185302734375">
        <ele>157.8000030517578125</ele>
        <time>2026-09-15T11:15:37.000Z</time>
      </trkpt>
      <trkpt lat="40.26773530058562755584716796875" lon="9.49730272404849529266357421875">
        <ele>157.8000030517578125</ele>
        <time>2026-09-15T11:15:42.000Z</time>
      </trkpt>
      <trkpt lat="40.2677902020514011383056640625" lon="9.497442282736301422119140625">
        <ele>157.600006103515625</ele>
        <time>2026-09-15T11:15:51.000Z</time>
      </trkpt>
      <trkpt lat="40.2678363025188446044921875" lon="9.49756197631359100341796875">
        <ele>157.399993896484375</ele>
        <time>2026-09-15T11:15:59.000Z</time>
      </trkpt>
      <trkpt lat="40.26787309907376766204833984375" lon="9.49767555110156536102294921875">
        <ele>157</ele>
        <time>2026-09-15T11:16:07.000Z</time>
      </trkpt>
      <trkpt lat="40.26790997944772243499755859375" lon="9.4977837614715099334716796875">
        <ele>156.8000030517578125</ele>
        <time>2026-09-15T11:16:14.000Z</time>
      </trkpt>
      <trkpt lat="40.26791769079864025115966796875" lon="9.49779457412660121917724609375">
        <ele>156.8000030517578125</ele>
        <time>2026-09-15T11:16:15.000Z</time>
      </trkpt>
      <trkpt lat="40.26797217316925525665283203125" lon="9.49790068902075290679931640625">
        <ele>156.399993896484375</ele>
        <time>2026-09-15T11:16:22.000Z</time>
      </trkpt>
      <trkpt lat="40.26801978237926959991455078125" lon="9.49801317416131496429443359375">
        <ele>155.8000030517578125</ele>
        <time>2026-09-15T11:16:30.000Z</time>
      </trkpt>
      <trkpt lat="40.26807912625372409820556640625" lon="9.4981371425092220306396484375">
        <ele>155.399993896484375</ele>
        <time>2026-09-15T11:16:38.000Z</time>
      </trkpt>
      <trkpt lat="40.26813427917659282684326171875" lon="9.498268067836761474609375">
        <ele>155</ele>
        <time>2026-09-15T11:16:47.000Z</time>
      </trkpt>
      <trkpt lat="40.26818708516657352447509765625" lon="9.49836705811321735382080078125">
        <ele>155</ele>
        <time>2026-09-15T11:16:54.000Z</time>
      </trkpt>
      <trkpt lat="40.2682627737522125244140625" lon="9.49847434647381305694580078125">
        <ele>155.399993896484375</ele>
        <time>2026-09-15T11:17:02.000Z</time>
      </trkpt>
      <trkpt lat="40.26835262775421142578125" lon="9.4985984824597835540771484375">
        <ele>155.600006103515625</ele>
        <time>2026-09-15T11:17:12.000Z</time>
      </trkpt>
      <trkpt lat="40.26839210651814937591552734375" lon="9.49868825264275074005126953125">
        <ele>155.399993896484375</ele>
        <time>2026-09-15T11:17:18.000Z</time>
      </trkpt>
      <trkpt lat="40.26847533881664276123046875" lon="9.498771317303180694580078125">
        <ele>155.399993896484375</ele>
        <time>2026-09-15T11:17:25.000Z</time>
      </trkpt>
      <trkpt lat="40.2685616724193096160888671875" lon="9.49888841249048709869384765625">
        <ele>155</ele>
        <time>2026-09-15T11:17:34.000Z</time>
      </trkpt>
      <trkpt lat="40.26861657388508319854736328125" lon="9.4989552162587642669677734375">
        <ele>154.600006103515625</ele>
        <time>2026-09-15T11:17:40.000Z</time>
      </trkpt>
      <trkpt lat="40.26869553141295909881591796875" lon="9.49904766865074634552001953125">
        <ele>153.8000030517578125</ele>
        <time>2026-09-15T11:17:48.000Z</time>
      </trkpt>
      <trkpt lat="40.2687437273561954498291015625" lon="9.49914825148880481719970703125">
        <ele>152.600006103515625</ele>
        <time>2026-09-15T11:17:55.000Z</time>
      </trkpt>
      <trkpt lat="40.268821008503437042236328125" lon="9.49924849905073642730712890625">
        <ele>151.8000030517578125</ele>
        <time>2026-09-15T11:18:03.000Z</time>
      </trkpt>
      <trkpt lat="40.26883735321462154388427734375" lon="9.499270878732204437255859375">
        <ele>151.600006103515625</ele>
        <time>2026-09-15T11:18:05.000Z</time>
      </trkpt>
      <trkpt lat="40.26888445951044559478759765625" lon="9.49934086762368679046630859375">
        <ele>151.1999969482421875</ele>
        <time>2026-09-15T11:18:10.000Z</time>
      </trkpt>
      <trkpt lat="40.2689847908914089202880859375" lon="9.4994457252323627471923828125">
        <ele>150.600006103515625</ele>
        <time>2026-09-15T11:18:20.000Z</time>
      </trkpt>
      <trkpt lat="40.26907171122729778289794921875" lon="9.49955561198294162750244140625">
        <ele>149.1999969482421875</ele>
        <time>2026-09-15T11:18:28.000Z</time>
      </trkpt>
      <trkpt lat="40.26908998377621173858642578125" lon="9.4995808415114879608154296875">
        <ele>149</ele>
        <time>2026-09-15T11:18:30.000Z</time>
      </trkpt>
      <trkpt lat="40.269162319600582122802734375" lon="9.49969877488911151885986328125">
        <ele>147.1999969482421875</ele>
        <time>2026-09-15T11:18:37.000Z</time>
      </trkpt>
      <trkpt lat="40.26926700957119464874267578125" lon="9.4997853599488735198974609375">
        <ele>147</ele>
        <time>2026-09-15T11:18:44.000Z</time>
      </trkpt>
      <trkpt lat="40.26935149915516376495361328125" lon="9.499903209507465362548828125">
        <ele>146.8000030517578125</ele>
        <time>2026-09-15T11:18:52.000Z</time>
      </trkpt>
      <trkpt lat="40.2693646587431430816650390625" lon="9.49991519562900066375732421875">
        <ele>146.8000030517578125</ele>
        <time>2026-09-15T11:18:53.000Z</time>
      </trkpt>
      <trkpt lat="40.26938368566334247589111328125" lon="9.4999533332884311676025390625">
        <ele>146.600006103515625</ele>
        <time>2026-09-15T11:18:56.000Z</time>
      </trkpt>
      <trkpt lat="40.26941142976284027099609375" lon="9.50000437907874584197998046875">
        <ele>146.399993896484375</ele>
        <time>2026-09-15T11:19:00.000Z</time>
      </trkpt>
      <trkpt lat="40.26949332095682621002197265625" lon="9.50012147426605224609375">
        <ele>145.8000030517578125</ele>
        <time>2026-09-15T11:19:09.000Z</time>
      </trkpt>
      <trkpt lat="40.26950757019221782684326171875" lon="9.50015407986938953399658203125">
        <ele>145.600006103515625</ele>
        <time>2026-09-15T11:19:11.000Z</time>
      </trkpt>
      <trkpt lat="40.26953673921525478363037109375" lon="9.50020395219326019287109375">
        <ele>145.399993896484375</ele>
        <time>2026-09-15T11:19:15.000Z</time>
      </trkpt>
      <trkpt lat="40.26959507726132869720458984375" lon="9.50029808096587657928466796875">
        <ele>144.8000030517578125</ele>
        <time>2026-09-15T11:19:23.000Z</time>
      </trkpt>
      <trkpt lat="40.269685685634613037109375" lon="9.50041308067739009857177734375">
        <ele>144.8000030517578125</ele>
        <time>2026-09-15T11:19:33.000Z</time>
      </trkpt>
      <trkpt lat="40.26969037950038909912109375" lon="9.50042632408440113067626953125">
        <ele>144.600006103515625</ele>
        <time>2026-09-15T11:19:34.000Z</time>
      </trkpt>
      <trkpt lat="40.26974310167133808135986328125" lon="9.5005125738680362701416015625">
        <ele>144</ele>
        <time>2026-09-15T11:19:40.000Z</time>
      </trkpt>
      <trkpt lat="40.26982591487467288970947265625" lon="9.5006148330867290496826171875">
        <ele>143.399993896484375</ele>
        <time>2026-09-15T11:19:48.000Z</time>
      </trkpt>
      <trkpt lat="40.2698705904185771942138671875" lon="9.50068297795951366424560546875">
        <ele>142.600006103515625</ele>
        <time>2026-09-15T11:19:53.000Z</time>
      </trkpt>
      <trkpt lat="40.269894897937774658203125" lon="9.500706531107425689697265625">
        <ele>142.600006103515625</ele>
        <time>2026-09-15T11:19:55.000Z</time>
      </trkpt>
      <trkpt lat="40.26998550631105899810791015625" lon="9.50079135596752166748046875">
        <ele>141.600006103515625</ele>
        <time>2026-09-15T11:20:02.000Z</time>
      </trkpt>
      <trkpt lat="40.270052812993526458740234375" lon="9.5008964650332927703857421875">
        <ele>140.399993896484375</ele>
        <time>2026-09-15T11:20:10.000Z</time>
      </trkpt>
      <trkpt lat="40.27012246660888195037841796875" lon="9.5009812898933887481689453125">
        <ele>139.399993896484375</ele>
        <time>2026-09-15T11:20:17.000Z</time>
      </trkpt>
      <trkpt lat="40.27013990096747875213623046875" lon="9.50102026574313640594482421875">
        <ele>139</ele>
        <time>2026-09-15T11:20:20.000Z</time>
      </trkpt>
      <trkpt lat="40.27017342858016490936279296875" lon="9.50106100179255008697509765625">
        <ele>138.600006103515625</ele>
        <time>2026-09-15T11:20:24.000Z</time>
      </trkpt>
      <trkpt lat="40.27022908441722393035888671875" lon="9.5011435635387897491455078125">
        <ele>137.8000030517578125</ele>
        <time>2026-09-15T11:20:30.000Z</time>
      </trkpt>
      <trkpt lat="40.2702628634870052337646484375" lon="9.501181282103061676025390625">
        <ele>137.399993896484375</ele>
        <time>2026-09-15T11:20:33.000Z</time>
      </trkpt>
      <trkpt lat="40.27035514824092388153076171875" lon="9.50131237506866455078125">
        <ele>136.399993896484375</ele>
        <time>2026-09-15T11:20:42.000Z</time>
      </trkpt>
      <trkpt lat="40.2704462595283985137939453125" lon="9.501450173556804656982421875">
        <ele>135.1999969482421875</ele>
        <time>2026-09-15T11:20:51.000Z</time>
      </trkpt>
      <trkpt lat="40.2705037593841552734375" lon="9.50151580385863780975341796875">
        <ele>134.8000030517578125</ele>
        <time>2026-09-15T11:20:56.000Z</time>
      </trkpt>
      <trkpt lat="40.27051390148699283599853515625" lon="9.5015579648315906524658203125">
        <ele>134.399993896484375</ele>
        <time>2026-09-15T11:20:58.000Z</time>
      </trkpt>
      <trkpt lat="40.27061465196311473846435546875" lon="9.50167992152273654937744140625">
        <ele>133.8000030517578125</ele>
        <time>2026-09-15T11:21:06.000Z</time>
      </trkpt>
      <trkpt lat="40.2706635184586048126220703125" lon="9.50173742137849330902099609375">
        <ele>134</ele>
        <time>2026-09-15T11:21:10.000Z</time>
      </trkpt>
      <trkpt lat="40.2707211859524250030517578125" lon="9.50180682353675365447998046875">
        <ele>134.1999969482421875</ele>
        <time>2026-09-15T11:21:15.000Z</time>
      </trkpt>
      <trkpt lat="40.27082419954240322113037109375" lon="9.5019334740936756134033203125">
        <ele>134.8000030517578125</ele>
        <time>2026-09-15T11:21:25.000Z</time>
      </trkpt>
      <trkpt lat="40.27089309878647327423095703125" lon="9.50205308385193347930908203125">
        <ele>134.600006103515625</ele>
        <time>2026-09-15T11:21:33.000Z</time>
      </trkpt>
      <trkpt lat="40.27095311321318149566650390625" lon="9.50218434445559978485107421875">
        <ele>134.1999969482421875</ele>
        <time>2026-09-15T11:21:41.000Z</time>
      </trkpt>
      <trkpt lat="40.2709867246448993682861328125" lon="9.50226514600217342376708984375">
        <ele>133.8000030517578125</ele>
        <time>2026-09-15T11:21:48.000Z</time>
      </trkpt>
      <trkpt lat="40.2709900774061679840087890625" lon="9.502255506813526153564453125">
        <ele>134</ele>
        <time>2026-09-15T11:21:53.000Z</time>
      </trkpt>
      <trkpt lat="40.27100843377411365509033203125" lon="9.50227268971502780914306640625">
        <ele>133.8000030517578125</ele>
        <time>2026-09-15T11:21:58.000Z</time>
      </trkpt>
      <trkpt lat="40.2710785903036594390869140625" lon="9.50229716487228870391845703125">
        <ele>134</ele>
        <time>2026-09-15T11:22:03.000Z</time>
      </trkpt>
      <trkpt lat="40.27119032107293605804443359375" lon="9.5023274235427379608154296875">
        <ele>134</ele>
        <time>2026-09-15T11:22:11.000Z</time>
      </trkpt>
      <trkpt lat="40.27131554670631885528564453125" lon="9.5023733563721179962158203125">
        <ele>133.8000030517578125</ele>
        <time>2026-09-15T11:22:20.000Z</time>
      </trkpt>
      <trkpt lat="40.27142710983753204345703125" lon="9.50245507992804050445556640625">
        <ele>133</ele>
        <time>2026-09-15T11:22:29.000Z</time>
      </trkpt>
      <trkpt lat="40.27150313369929790496826171875" lon="9.50249615125358104705810546875">
        <ele>132.8000030517578125</ele>
        <time>2026-09-15T11:22:38.000Z</time>
      </trkpt>
      <trkpt lat="40.27159784920513629913330078125" lon="9.5024823211133480072021484375">
        <ele>133.1999969482421875</ele>
        <time>2026-09-15T11:22:46.000Z</time>
      </trkpt>
      <trkpt lat="40.271711088716983795166015625" lon="9.502515681087970733642578125">
        <ele>133</ele>
        <time>2026-09-15T11:22:55.000Z</time>
      </trkpt>
      <trkpt lat="40.2718165330588817596435546875" lon="9.502550549805164337158203125">
        <ele>132.600006103515625</ele>
        <time>2026-09-15T11:23:03.000Z</time>
      </trkpt>
      <trkpt lat="40.27196028269827365875244140625" lon="9.50255918316543102264404296875">
        <ele>133.399993896484375</ele>
        <time>2026-09-15T11:23:12.000Z</time>
      </trkpt>
      <trkpt lat="40.272062122821807861328125" lon="9.50259673409163951873779296875">
        <ele>133.1999969482421875</ele>
        <time>2026-09-15T11:23:20.000Z</time>
      </trkpt>
      <trkpt lat="40.27216228656470775604248046875" lon="9.50265104882419109344482421875">
        <ele>132.8000030517578125</ele>
        <time>2026-09-15T11:23:27.000Z</time>
      </trkpt>
      <trkpt lat="40.27217720635235309600830078125" lon="9.50266244821250438690185546875">
        <ele>132.8000030517578125</ele>
        <time>2026-09-15T11:23:28.000Z</time>
      </trkpt>
      <trkpt lat="40.27221056632697582244873046875" lon="9.50267585925757884979248046875">
        <ele>132.8000030517578125</ele>
        <time>2026-09-15T11:23:31.000Z</time>
      </trkpt>
      <trkpt lat="40.2722711674869060516357421875" lon="9.50267988257110118865966796875">
        <ele>133.399993896484375</ele>
        <time>2026-09-15T11:23:34.000Z</time>
      </trkpt>
      <trkpt lat="40.27230226434767246246337890625" lon="9.502691365778446197509765625">
        <ele>133.399993896484375</ele>
        <time>2026-09-15T11:23:37.000Z</time>
      </trkpt>
      <trkpt lat="40.272368229925632476806640625" lon="9.50271877460181713104248046875">
        <ele>133.600006103515625</ele>
        <time>2026-09-15T11:23:42.000Z</time>
      </trkpt>
      <trkpt lat="40.2724803797900676727294921875" lon="9.5027773641049861907958984375">
        <ele>133.600006103515625</ele>
        <time>2026-09-15T11:23:51.000Z</time>
      </trkpt>
      <trkpt lat="40.2726205252110958099365234375" lon="9.5028745941817760467529296875">
        <ele>134</ele>
        <time>2026-09-15T11:24:02.000Z</time>
      </trkpt>
      <trkpt lat="40.2726986445486545562744140625" lon="9.50295648537576198577880859375">
        <ele>133.600006103515625</ele>
        <time>2026-09-15T11:24:10.000Z</time>
      </trkpt>
      <trkpt lat="40.27281909249722957611083984375" lon="9.5030678808689117431640625">
        <ele>132.8000030517578125</ele>
        <time>2026-09-15T11:24:20.000Z</time>
      </trkpt>
      <trkpt lat="40.27291439473628997802734375" lon="9.5031203515827655792236328125">
        <ele>132.8000030517578125</ele>
        <time>2026-09-15T11:24:26.000Z</time>
      </trkpt>
      <trkpt lat="40.27295638807117938995361328125" lon="9.50315681286156177520751953125">
        <ele>132.399993896484375</ele>
        <time>2026-09-15T11:24:29.000Z</time>
      </trkpt>
      <trkpt lat="40.27305345050990581512451171875" lon="9.50324029661715030670166015625">
        <ele>131.600006103515625</ele>
        <time>2026-09-15T11:24:37.000Z</time>
      </trkpt>
      <trkpt lat="40.273122601211071014404296875" lon="9.50330433435738086700439453125">
        <ele>131</ele>
        <time>2026-09-15T11:24:43.000Z</time>
      </trkpt>
      <trkpt lat="40.27315503917634487152099609375" lon="9.5033352635800838470458984375">
        <ele>130.8000030517578125</ele>
        <time>2026-09-15T11:24:46.000Z</time>
      </trkpt>
      <trkpt lat="40.27317515574395656585693359375" lon="9.50337742455303668975830078125">
        <ele>130.600006103515625</ele>
        <time>2026-09-15T11:24:49.000Z</time>
      </trkpt>
      <trkpt lat="40.27321488596498966217041015625" lon="9.503429643809795379638671875">
        <ele>130.8000030517578125</ele>
        <time>2026-09-15T11:24:53.000Z</time>
      </trkpt>
      <trkpt lat="40.2733443863689899444580078125" lon="9.5035464875400066375732421875">
        <ele>131.600006103515625</ele>
        <time>2026-09-15T11:25:02.000Z</time>
      </trkpt>
      <trkpt lat="40.273451842367649078369140625" lon="9.5036510936915874481201171875">
        <ele>132.399993896484375</ele>
        <time>2026-09-15T11:25:11.000Z</time>
      </trkpt>
      <trkpt lat="40.27355150319635868072509765625" lon="9.50372527353465557098388671875">
        <ele>133.1999969482421875</ele>
        <time>2026-09-15T11:25:19.000Z</time>
      </trkpt>
      <trkpt lat="40.2735985256731510162353515625" lon="9.50376919470727443695068359375">
        <ele>133.399993896484375</ele>
        <time>2026-09-15T11:25:23.000Z</time>
      </trkpt>
      <trkpt lat="40.2736136130988597869873046875" lon="9.5038019679486751556396484375">
        <ele>133.399993896484375</ele>
        <time>2026-09-15T11:25:25.000Z</time>
      </trkpt>
      <trkpt lat="40.2736325562000274658203125" lon="9.50381127186119556427001953125">
        <ele>133.399993896484375</ele>
        <time>2026-09-15T11:25:26.000Z</time>
      </trkpt>
      <trkpt lat="40.27368611656129360198974609375" lon="9.50386692769825458526611328125">
        <ele>133.600006103515625</ele>
        <time>2026-09-15T11:25:32.000Z</time>
      </trkpt>
      <trkpt lat="40.2737252600491046905517578125" lon="9.503884948790073394775390625">
        <ele>134</ele>
        <time>2026-09-15T11:25:35.000Z</time>
      </trkpt>
      <trkpt lat="40.2737333066761493682861328125" lon="9.50390003621578216552734375">
        <ele>133.8000030517578125</ele>
        <time>2026-09-15T11:25:37.000Z</time>
      </trkpt>
      <trkpt lat="40.2737554349005222320556640625" lon="9.5039226673543453216552734375">
        <ele>133.8000030517578125</ele>
        <time>2026-09-15T11:25:39.000Z</time>
      </trkpt>
      <trkpt lat="40.27377161197364330291748046875" lon="9.50398343615233898162841796875">
        <ele>133.399993896484375</ele>
        <time>2026-09-15T11:25:44.000Z</time>
      </trkpt>
      <trkpt lat="40.273875296115875244140625" lon="9.50406021438539028167724609375">
        <ele>134</ele>
        <time>2026-09-15T11:25:52.000Z</time>
      </trkpt>
      <trkpt lat="40.27390857227146625518798828125" lon="9.50410564430058002471923828125">
        <ele>134.1999969482421875</ele>
        <time>2026-09-15T11:25:56.000Z</time>
      </trkpt>
      <trkpt lat="40.2739452011883258819580078125" lon="9.50412626378238201141357421875">
        <ele>134.600006103515625</ele>
        <time>2026-09-15T11:25:59.000Z</time>
      </trkpt>
      <trkpt lat="40.27400814928114414215087890625" lon="9.50421293266117572784423828125">
        <ele>135</ele>
        <time>2026-09-15T11:26:06.000Z</time>
      </trkpt>
      <trkpt lat="40.27404368855059146881103515625" lon="9.50428090989589691162109375">
        <ele>135.1999969482421875</ele>
        <time>2026-09-15T11:26:11.000Z</time>
      </trkpt>
      <trkpt lat="40.27407872490584850311279296875" lon="9.50431535951793193817138671875">
        <ele>135.399993896484375</ele>
        <time>2026-09-15T11:26:15.000Z</time>
      </trkpt>
      <trkpt lat="40.27409599162638187408447265625" lon="9.50434553436934947967529296875">
        <ele>135.600006103515625</ele>
        <time>2026-09-15T11:26:17.000Z</time>
      </trkpt>
      <trkpt lat="40.27412516064941883087158203125" lon="9.50442977249622344970703125">
        <ele>135.399993896484375</ele>
        <time>2026-09-15T11:26:22.000Z</time>
      </trkpt>
      <trkpt lat="40.27415047399699687957763671875" lon="9.5044493861496448516845703125">
        <ele>135.600006103515625</ele>
        <time>2026-09-15T11:26:24.000Z</time>
      </trkpt>
      <trkpt lat="40.2742271684110164642333984375" lon="9.5045120827853679656982421875">
        <ele>135.8000030517578125</ele>
        <time>2026-09-15T11:26:30.000Z</time>
      </trkpt>
      <trkpt lat="40.27431584894657135009765625" lon="9.50460545718669891357421875">
        <ele>135.8000030517578125</ele>
        <time>2026-09-15T11:26:38.000Z</time>
      </trkpt>
      <trkpt lat="40.27438801713287830352783203125" lon="9.50472020544111728668212890625">
        <ele>135.1999969482421875</ele>
        <time>2026-09-15T11:26:46.000Z</time>
      </trkpt>
      <trkpt lat="40.274454653263092041015625" lon="9.5047782920300960540771484375">
        <ele>134.399993896484375</ele>
        <time>2026-09-15T11:26:51.000Z</time>
      </trkpt>
      <trkpt lat="40.27449128217995166778564453125" lon="9.5048542320728302001953125">
        <ele>133</ele>
        <time>2026-09-15T11:26:54.000Z</time>
      </trkpt>
      <trkpt lat="40.2745708264410495758056640625" lon="9.5049164257943630218505859375">
        <ele>132.1999969482421875</ele>
        <time>2026-09-15T11:27:03.000Z</time>
      </trkpt>
      <trkpt lat="40.2745852433145046234130859375" lon="9.504960514605045318603515625">
        <ele>131.399993896484375</ele>
        <time>2026-09-15T11:27:06.000Z</time>
      </trkpt>
      <trkpt lat="40.274617262184619903564453125" lon="9.50501256622374057769775390625">
        <ele>130.399993896484375</ele>
        <time>2026-09-15T11:27:10.000Z</time>
      </trkpt>
      <trkpt lat="40.2746553160250186920166015625" lon="9.5050553977489471435546875">
        <ele>129.8000030517578125</ele>
        <time>2026-09-15T11:27:14.000Z</time>
      </trkpt>
      <trkpt lat="40.27470015920698642730712890625" lon="9.505091607570648193359375">
        <ele>129</ele>
        <time>2026-09-15T11:27:18.000Z</time>
      </trkpt>
      <trkpt lat="40.27470745146274566650390625" lon="9.5051014982163906097412109375">
        <ele>128.8000030517578125</ele>
        <time>2026-09-15T11:27:19.000Z</time>
      </trkpt>
      <trkpt lat="40.27474374510347843170166015625" lon="9.5051145739853382110595703125">
        <ele>128.600006103515625</ele>
        <time>2026-09-15T11:27:21.000Z</time>
      </trkpt>
      <trkpt lat="40.2748011611402034759521484375" lon="9.50513611547648906707763671875">
        <ele>128.1999969482421875</ele>
        <time>2026-09-15T11:27:24.000Z</time>
      </trkpt>
      <trkpt lat="40.274830497801303863525390625" lon="9.505154304206371307373046875">
        <ele>127.8000030517578125</ele>
        <time>2026-09-15T11:27:26.000Z</time>
      </trkpt>
      <trkpt lat="40.27483544312417507171630859375" lon="9.50516947545111179351806640625">
        <ele>127.40000152587890625</ele>
        <time>2026-09-15T11:27:27.000Z</time>
      </trkpt>
      <trkpt lat="40.27487969957292079925537109375" lon="9.505224712193012237548828125">
        <ele>126.1999969482421875</ele>
        <time>2026-09-15T11:27:32.000Z</time>
      </trkpt>
      <trkpt lat="40.27488506399095058441162109375" lon="9.50524005107581615447998046875">
        <ele>125.8000030517578125</ele>
        <time>2026-09-15T11:27:33.000Z</time>
      </trkpt>
      <trkpt lat="40.274899899959564208984375" lon="9.5052513666450977325439453125">
        <ele>125.59999847412109375</ele>
        <time>2026-09-15T11:27:34.000Z</time>
      </trkpt>
      <trkpt lat="40.274978689849376678466796875" lon="9.5052778534591197967529296875">
        <ele>125.40000152587890625</ele>
        <time>2026-09-15T11:27:38.000Z</time>
      </trkpt>
      <trkpt lat="40.27510601095855236053466796875" lon="9.5053720660507678985595703125">
        <ele>125.8000030517578125</ele>
        <time>2026-09-15T11:27:47.000Z</time>
      </trkpt>
      <trkpt lat="40.27516468428075313568115234375" lon="9.50543694198131561279296875">
        <ele>125.8000030517578125</ele>
        <time>2026-09-15T11:27:53.000Z</time>
      </trkpt>
      <trkpt lat="40.2751957811415195465087890625" lon="9.505488909780979156494140625">
        <ele>125.59999847412109375</ele>
        <time>2026-09-15T11:27:57.000Z</time>
      </trkpt>
      <trkpt lat="40.27523450553417205810546875" lon="9.50551514513790607452392578125">
        <ele>125.59999847412109375</ele>
        <time>2026-09-15T11:27:59.000Z</time>
      </trkpt>
      <trkpt lat="40.27524112723767757415771484375" lon="9.5055283047258853912353515625">
        <ele>125.59999847412109375</ele>
        <time>2026-09-15T11:28:00.000Z</time>
      </trkpt>
      <trkpt lat="40.275293178856372833251953125" lon="9.5055811107158660888671875">
        <ele>125.8000030517578125</ele>
        <time>2026-09-15T11:28:04.000Z</time>
      </trkpt>
      <trkpt lat="40.27538336813449859619140625" lon="9.50565311126410961151123046875">
        <ele>126.40000152587890625</ele>
        <time>2026-09-15T11:28:12.000Z</time>
      </trkpt>
      <trkpt lat="40.2754405327141284942626953125" lon="9.50570507906377315521240234375">
        <ele>126.8000030517578125</ele>
        <time>2026-09-15T11:28:17.000Z</time>
      </trkpt>
      <trkpt lat="40.27544732205569744110107421875" lon="9.50572670437395572662353515625">
        <ele>126.8000030517578125</ele>
        <time>2026-09-15T11:28:19.000Z</time>
      </trkpt>
      <trkpt lat="40.2755230106413364410400390625" lon="9.505801387131214141845703125">
        <ele>127.40000152587890625</ele>
        <time>2026-09-15T11:28:26.000Z</time>
      </trkpt>
      <trkpt lat="40.27556844055652618408203125" lon="9.5058458112180233001708984375">
        <ele>127.40000152587890625</ele>
        <time>2026-09-15T11:28:30.000Z</time>
      </trkpt>
      <trkpt lat="40.275602973997592926025390625" lon="9.5058622397482395172119140625">
        <ele>127.40000152587890625</ele>
        <time>2026-09-15T11:28:32.000Z</time>
      </trkpt>
      <trkpt lat="40.27562233619391918182373046875" lon="9.50587682425975799560546875">
        <ele>127.40000152587890625</ele>
        <time>2026-09-15T11:28:34.000Z</time>
      </trkpt>
      <trkpt lat="40.27566826902329921722412109375" lon="9.505926109850406646728515625">
        <ele>127.1999969482421875</ele>
        <time>2026-09-15T11:28:39.000Z</time>
      </trkpt>
      <trkpt lat="40.27575041167438030242919921875" lon="9.5060211606323719024658203125">
        <ele>126.8000030517578125</ele>
        <time>2026-09-15T11:28:47.000Z</time>
      </trkpt>
      <trkpt lat="40.2758217416703701019287109375" lon="9.50610347092151641845703125">
        <ele>126.59999847412109375</ele>
        <time>2026-09-15T11:28:54.000Z</time>
      </trkpt>
      <trkpt lat="40.275833643972873687744140625" lon="9.50615384615957736968994140625">
        <ele>126.1999969482421875</ele>
        <time>2026-09-15T11:28:57.000Z</time>
      </trkpt>
      <trkpt lat="40.27585904113948345184326171875" lon="9.5062033832073211669921875">
        <ele>126</ele>
        <time>2026-09-15T11:29:00.000Z</time>
      </trkpt>
      <trkpt lat="40.27586557902395725250244140625" lon="9.50622148811817169189453125">
        <ele>125.8000030517578125</ele>
        <time>2026-09-15T11:29:01.000Z</time>
      </trkpt>
      <trkpt lat="40.27589038945734500885009765625" lon="9.50624604709446430206298828125">
        <ele>125.8000030517578125</ele>
        <time>2026-09-15T11:29:03.000Z</time>
      </trkpt>
      <trkpt lat="40.27595191262662410736083984375" lon="9.50632332824170589447021484375">
        <ele>125.59999847412109375</ele>
        <time>2026-09-15T11:29:08.000Z</time>
      </trkpt>
      <trkpt lat="40.27598829008638858795166015625" lon="9.50642801821231842041015625">
        <ele>125</ele>
        <time>2026-09-15T11:29:14.000Z</time>
      </trkpt>
      <trkpt lat="40.2760084904730319976806640625" lon="9.506449140608310699462890625">
        <ele>125</ele>
        <time>2026-09-15T11:29:16.000Z</time>
      </trkpt>
      <trkpt lat="40.27604914270341396331787109375" lon="9.50651443563401699066162109375">
        <ele>124.59999847412109375</ele>
        <time>2026-09-15T11:29:21.000Z</time>
      </trkpt>
      <trkpt lat="40.27606858871877193450927734375" lon="9.50655567459762096405029296875">
        <ele>124.59999847412109375</ele>
        <time>2026-09-15T11:29:24.000Z</time>
      </trkpt>
      <trkpt lat="40.2760856039822101593017578125" lon="9.50660378672182559967041015625">
        <ele>124.1999969482421875</ele>
        <time>2026-09-15T11:29:27.000Z</time>
      </trkpt>
      <trkpt lat="40.276134721934795379638671875" lon="9.5066669024527072906494140625">
        <ele>124.1999969482421875</ele>
        <time>2026-09-15T11:29:32.000Z</time>
      </trkpt>
      <trkpt lat="40.27616950683295726776123046875" lon="9.506775029003620147705078125">
        <ele>123.59999847412109375</ele>
        <time>2026-09-15T11:29:39.000Z</time>
      </trkpt>
      <trkpt lat="40.27617998421192169189453125" lon="9.50678885914385318756103515625">
        <ele>123.59999847412109375</ele>
        <time>2026-09-15T11:29:40.000Z</time>
      </trkpt>
      <trkpt lat="40.27622315101325511932373046875" lon="9.506867565214633941650390625">
        <ele>123.40000152587890625</ele>
        <time>2026-09-15T11:29:45.000Z</time>
      </trkpt>
      <trkpt lat="40.276293642818927764892578125" lon="9.506958425045013427734375">
        <ele>123.40000152587890625</ele>
        <time>2026-09-15T11:29:52.000Z</time>
      </trkpt>
      <trkpt lat="40.2763072215020656585693359375" lon="9.50696982443332672119140625">
        <ele>123.59999847412109375</ele>
        <time>2026-09-15T11:29:53.000Z</time>
      </trkpt>
      <trkpt lat="40.27636983431875705718994140625" lon="9.5071017555892467498779296875">
        <ele>123.59999847412109375</ele>
        <time>2026-09-15T11:30:02.000Z</time>
      </trkpt>
      <trkpt lat="40.27639581821858882904052734375" lon="9.50716604478657245635986328125">
        <ele>123.59999847412109375</ele>
        <time>2026-09-15T11:30:06.000Z</time>
      </trkpt>
      <trkpt lat="40.27642280794680118560791015625" lon="9.50720317661762237548828125">
        <ele>123.8000030517578125</ele>
        <time>2026-09-15T11:30:09.000Z</time>
      </trkpt>
      <trkpt lat="40.27649581432342529296875" lon="9.50733653269708156585693359375">
        <ele>124.1999969482421875</ele>
        <time>2026-09-15T11:30:18.000Z</time>
      </trkpt>
      <trkpt lat="40.27652758173644542694091796875" lon="9.5073750056326389312744140625">
        <ele>124.59999847412109375</ele>
        <time>2026-09-15T11:30:21.000Z</time>
      </trkpt>
      <trkpt lat="40.27654954232275485992431640625" lon="9.50741666369140148162841796875">
        <ele>124.59999847412109375</ele>
        <time>2026-09-15T11:30:24.000Z</time>
      </trkpt>
      <trkpt lat="40.2766113169491291046142578125" lon="9.50751967728137969970703125">
        <ele>125</ele>
        <time>2026-09-15T11:30:31.000Z</time>
      </trkpt>
      <trkpt lat="40.27667040936648845672607421875" lon="9.50765906833112239837646484375">
        <ele>125.1999969482421875</ele>
        <time>2026-09-15T11:30:39.000Z</time>
      </trkpt>
      <trkpt lat="40.2767222933471202850341796875" lon="9.507737271487712860107421875">
        <ele>125.40000152587890625</ele>
        <time>2026-09-15T11:30:44.000Z</time>
      </trkpt>
      <trkpt lat="40.2767358720302581787109375" lon="9.5077697932720184326171875">
        <ele>125.40000152587890625</ele>
        <time>2026-09-15T11:30:46.000Z</time>
      </trkpt>
      <trkpt lat="40.27677635662257671356201171875" lon="9.507869370281696319580078125">
        <ele>124.8000030517578125</ele>
        <time>2026-09-15T11:30:52.000Z</time>
      </trkpt>
      <trkpt lat="40.2768000774085521697998046875" lon="9.50789728201925754547119140625">
        <ele>124.8000030517578125</ele>
        <time>2026-09-15T11:30:54.000Z</time>
      </trkpt>
      <trkpt lat="40.27683536522090435028076171875" lon="9.507958889007568359375">
        <ele>124.59999847412109375</ele>
        <time>2026-09-15T11:30:58.000Z</time>
      </trkpt>
      <trkpt lat="40.27686654590070247650146484375" lon="9.50802703388035297393798828125">
        <ele>124.1999969482421875</ele>
        <time>2026-09-15T11:31:02.000Z</time>
      </trkpt>
      <trkpt lat="40.27696059085428714752197265625" lon="9.50815712101757526397705078125">
        <ele>124.1999969482421875</ele>
        <time>2026-09-15T11:31:11.000Z</time>
      </trkpt>
      <trkpt lat="40.27704298496246337890625" lon="9.5082473941147327423095703125">
        <ele>124.40000152587890625</ele>
        <time>2026-09-15T11:31:19.000Z</time>
      </trkpt>
      <trkpt lat="40.27713929302990436553955078125" lon="9.50832559727132320404052734375">
        <ele>124.8000030517578125</ele>
        <time>2026-09-15T11:31:29.000Z</time>
      </trkpt>
      <trkpt lat="40.27718715369701385498046875" lon="9.50834956951439380645751953125">
        <ele>125</ele>
        <time>2026-09-15T11:31:33.000Z</time>
      </trkpt>
      <trkpt lat="40.27725865133106708526611328125" lon="9.50839064083993434906005859375">
        <ele>125.1999969482421875</ele>
        <time>2026-09-15T11:31:40.000Z</time>
      </trkpt>
      <trkpt lat="40.2773861400783061981201171875" lon="9.5084296166896820068359375">
        <ele>125.40000152587890625</ele>
        <time>2026-09-15T11:31:49.000Z</time>
      </trkpt>
      <trkpt lat="40.277514047920703887939453125" lon="9.50851117260754108428955078125">
        <ele>125.59999847412109375</ele>
        <time>2026-09-15T11:31:59.000Z</time>
      </trkpt>
      <trkpt lat="40.27764723636209964752197265625" lon="9.5085957460105419158935546875">
        <ele>125.8000030517578125</ele>
        <time>2026-09-15T11:32:08.000Z</time>
      </trkpt>
      <trkpt lat="40.2776560373604297637939453125" lon="9.50860672630369663238525390625">
        <ele>125.8000030517578125</ele>
        <time>2026-09-15T11:32:09.000Z</time>
      </trkpt>
      <trkpt lat="40.27775938622653484344482421875" lon="9.50867512263357639312744140625">
        <ele>126.1999969482421875</ele>
        <time>2026-09-15T11:32:17.000Z</time>
      </trkpt>
      <trkpt lat="40.27781034819781780242919921875" lon="9.50871594250202178955078125">
        <ele>126.59999847412109375</ele>
        <time>2026-09-15T11:32:22.000Z</time>
      </trkpt>
      <trkpt lat="40.2778287045657634735107421875" lon="9.50874410569667816162109375">
        <ele>126.8000030517578125</ele>
        <time>2026-09-15T11:32:24.000Z</time>
      </trkpt>
      <trkpt lat="40.27785225771367549896240234375" lon="9.50876288115978240966796875">
        <ele>127</ele>
        <time>2026-09-15T11:32:26.000Z</time>
      </trkpt>
      <trkpt lat="40.2779420278966426849365234375" lon="9.50881158001720905303955078125">
        <ele>127.8000030517578125</ele>
        <time>2026-09-15T11:32:34.000Z</time>
      </trkpt>
      <trkpt lat="40.2779507450759410858154296875" lon="9.5088160224258899688720703125">
        <ele>128</ele>
        <time>2026-09-15T11:32:35.000Z</time>
      </trkpt>
      <trkpt lat="40.27804001234471797943115234375" lon="9.508859105408191680908203125">
        <ele>128.399993896484375</ele>
        <time>2026-09-15T11:32:41.000Z</time>
      </trkpt>
      <trkpt lat="40.27808527462184429168701171875" lon="9.5088780485093593597412109375">
        <ele>128.399993896484375</ele>
        <time>2026-09-15T11:32:44.000Z</time>
      </trkpt>
      <trkpt lat="40.27824570424854755401611328125" lon="9.50896899215877056121826171875">
        <ele>128</ele>
        <time>2026-09-15T11:32:55.000Z</time>
      </trkpt>
      <trkpt lat="40.2783946506679058074951171875" lon="9.50905666686594486236572265625">
        <ele>127.1999969482421875</ele>
        <time>2026-09-15T11:33:06.000Z</time>
      </trkpt>
      <trkpt lat="40.27848936617374420166015625" lon="9.50907879509031772613525390625">
        <ele>127</ele>
        <time>2026-09-15T11:33:13.000Z</time>
      </trkpt>
      <trkpt lat="40.27858584187924861907958984375" lon="9.50912305153906345367431640625">
        <ele>127</ele>
        <time>2026-09-15T11:33:20.000Z</time>
      </trkpt>
      <trkpt lat="40.27861115522682666778564453125" lon="9.5091398991644382476806640625">
        <ele>127</ele>
        <time>2026-09-15T11:33:23.000Z</time>
      </trkpt>
      <trkpt lat="40.2786974050104618072509765625" lon="9.50921525247395038604736328125">
        <ele>127</ele>
        <time>2026-09-15T11:33:33.000Z</time>
      </trkpt>
      <trkpt lat="40.27884316630661487579345703125" lon="9.50929018668830394744873046875">
        <ele>128</ele>
        <time>2026-09-15T11:33:43.000Z</time>
      </trkpt>
      <trkpt lat="40.2788506262004375457763671875" lon="9.50930066406726837158203125">
        <ele>128.1999969482421875</ele>
        <time>2026-09-15T11:33:44.000Z</time>
      </trkpt>
      <trkpt lat="40.27886889874935150146484375" lon="9.5093105547130107879638671875">
        <ele>128.600006103515625</ele>
        <time>2026-09-15T11:33:46.000Z</time>
      </trkpt>
      <trkpt lat="40.2789072878658771514892578125" lon="9.509320445358753204345703125">
        <ele>129.399993896484375</ele>
        <time>2026-09-15T11:33:49.000Z</time>
      </trkpt>
      <trkpt lat="40.27899202890694141387939453125" lon="9.5093568228185176849365234375">
        <ele>131.1999969482421875</ele>
        <time>2026-09-15T11:33:57.000Z</time>
      </trkpt>
      <trkpt lat="40.27912647463381290435791015625" lon="9.50942949391901493072509765625">
        <ele>133.600006103515625</ele>
        <time>2026-09-15T11:34:08.000Z</time>
      </trkpt>
      <trkpt lat="40.2792472578585147857666015625" lon="9.5095190964639186859130859375">
        <ele>135</ele>
        <time>2026-09-15T11:34:18.000Z</time>
      </trkpt>
      <trkpt lat="40.2793537080287933349609375" lon="9.50958824716508388519287109375">
        <ele>136.399993896484375</ele>
        <time>2026-09-15T11:34:27.000Z</time>
      </trkpt>
      <trkpt lat="40.2793912589550018310546875" lon="9.5096009038388729095458984375">
        <ele>137</ele>
        <time>2026-09-15T11:34:30.000Z</time>
      </trkpt>
      <trkpt lat="40.27945764362812042236328125" lon="9.5096414722502231597900390625">
        <ele>137.8000030517578125</ele>
        <time>2026-09-15T11:34:35.000Z</time>
      </trkpt>
      <trkpt lat="40.279518328607082366943359375" lon="9.5096693001687526702880859375">
        <ele>138.8000030517578125</ele>
        <time>2026-09-15T11:34:40.000Z</time>
      </trkpt>
      <trkpt lat="40.27955478988587856292724609375" lon="9.50969620607793331146240234375">
        <ele>139.1999969482421875</ele>
        <time>2026-09-15T11:34:44.000Z</time>
      </trkpt>
      <trkpt lat="40.27968537993729114532470703125" lon="9.50974146835505962371826171875">
        <ele>141</ele>
        <time>2026-09-15T11:34:54.000Z</time>
      </trkpt>
      <trkpt lat="40.27973391115665435791015625" lon="9.5097541250288486480712890625">
        <ele>141.399993896484375</ele>
        <time>2026-09-15T11:34:58.000Z</time>
      </trkpt>
      <trkpt lat="40.2797763235867023468017578125" lon="9.5097618363797664642333984375">
        <ele>141.8000030517578125</ele>
        <time>2026-09-15T11:35:01.000Z</time>
      </trkpt>
      <trkpt lat="40.27985871769487857818603515625" lon="9.50976560823619365692138671875">
        <ele>142.600006103515625</ele>
        <time>2026-09-15T11:35:08.000Z</time>
      </trkpt>
      <trkpt lat="40.27990515343844890594482421875" lon="9.5097987167537212371826171875">
        <ele>142.600006103515625</ele>
        <time>2026-09-15T11:35:12.000Z</time>
      </trkpt>
      <trkpt lat="40.2799550257623195648193359375" lon="9.5097943581640720367431640625">
        <ele>143</ele>
        <time>2026-09-15T11:35:15.000Z</time>
      </trkpt>
      <trkpt lat="40.2799684368073940277099609375" lon="9.509793184697628021240234375">
        <ele>143</ele>
        <time>2026-09-15T11:35:16.000Z</time>
      </trkpt>
      <trkpt lat="40.28001830913126468658447265625" lon="9.50980818830430507659912109375">
        <ele>142.8000030517578125</ele>
        <time>2026-09-15T11:35:21.000Z</time>
      </trkpt>
      <trkpt lat="40.28004077263176441192626953125" lon="9.5098164863884449005126953125">
        <ele>143</ele>
        <time>2026-09-15T11:35:23.000Z</time>
      </trkpt>
      <trkpt lat="40.280127190053462982177734375" lon="9.5098312385380268096923828125">
        <ele>144.1999969482421875</ele>
        <time>2026-09-15T11:35:28.000Z</time>
      </trkpt>
      <trkpt lat="40.280196256935596466064453125" lon="9.50985764153301715850830078125">
        <ele>144.8000030517578125</ele>
        <time>2026-09-15T11:35:34.000Z</time>
      </trkpt>
      <trkpt lat="40.2803131006658077239990234375" lon="9.50988312251865863800048828125">
        <ele>147</ele>
        <time>2026-09-15T11:35:44.000Z</time>
      </trkpt>
      <trkpt lat="40.28040555305778980255126953125" lon="9.50990793295204639434814453125">
        <ele>148.8000030517578125</ele>
        <time>2026-09-15T11:35:52.000Z</time>
      </trkpt>
      <trkpt lat="40.28053413145244121551513671875" lon="9.50992905534803867340087890625">
        <ele>150.8000030517578125</ele>
        <time>2026-09-15T11:36:02.000Z</time>
      </trkpt>
      <trkpt lat="40.28064024634659290313720703125" lon="9.50997163541615009307861328125">
        <ele>151.600006103515625</ele>
        <time>2026-09-15T11:36:11.000Z</time>
      </trkpt>
      <trkpt lat="40.28074116446077823638916015625" lon="9.51000667177140712738037109375">
        <ele>152.399993896484375</ele>
        <time>2026-09-15T11:36:19.000Z</time>
      </trkpt>
      <trkpt lat="40.280844010412693023681640625" lon="9.51006735675036907196044921875">
        <ele>153.399993896484375</ele>
        <time>2026-09-15T11:36:28.000Z</time>
      </trkpt>
      <trkpt lat="40.28092405758798122406005859375" lon="9.510104656219482421875">
        <ele>154.600006103515625</ele>
        <time>2026-09-15T11:36:35.000Z</time>
      </trkpt>
      <trkpt lat="40.28102883137762546539306640625" lon="9.51018269173800945281982421875">
        <ele>155.600006103515625</ele>
        <time>2026-09-15T11:36:45.000Z</time>
      </trkpt>
      <trkpt lat="40.2811026759445667266845703125" lon="9.5102526806294918060302734375">
        <ele>156.600006103515625</ele>
        <time>2026-09-15T11:36:52.000Z</time>
      </trkpt>
      <trkpt lat="40.28112329542636871337890625" lon="9.5102803409099578857421875">
        <ele>156.8000030517578125</ele>
        <time>2026-09-15T11:36:54.000Z</time>
      </trkpt>
      <trkpt lat="40.28116629458963871002197265625" lon="9.5103086717426776885986328125">
        <ele>157.8000030517578125</ele>
        <time>2026-09-15T11:36:58.000Z</time>
      </trkpt>
      <trkpt lat="40.28121055103838443756103515625" lon="9.5103542692959308624267578125">
        <ele>158.399993896484375</ele>
        <time>2026-09-15T11:37:03.000Z</time>
      </trkpt>
      <trkpt lat="40.28135941363871097564697265625" lon="9.51044135726988315582275390625">
        <ele>162</ele>
        <time>2026-09-15T11:37:14.000Z</time>
      </trkpt>
      <trkpt lat="40.28148614801466464996337890625" lon="9.51053188182413578033447265625">
        <ele>164.399993896484375</ele>
        <time>2026-09-15T11:37:25.000Z</time>
      </trkpt>
      <trkpt lat="40.28161791153252124786376953125" lon="9.5106317102909088134765625">
        <ele>167</ele>
        <time>2026-09-15T11:37:35.000Z</time>
      </trkpt>
      <trkpt lat="40.28170801699161529541015625" lon="9.51072047464549541473388671875">
        <ele>168.399993896484375</ele>
        <time>2026-09-15T11:37:45.000Z</time>
      </trkpt>
      <trkpt lat="40.2818107791244983673095703125" lon="9.510892890393733978271484375">
        <ele>169.399993896484375</ele>
        <time>2026-09-15T11:37:55.000Z</time>
      </trkpt>
      <trkpt lat="40.2818711288273334503173828125" lon="9.51101652346551418304443359375">
        <ele>171</ele>
        <time>2026-09-15T11:38:03.000Z</time>
      </trkpt>
      <trkpt lat="40.281886719167232513427734375" lon="9.51111928559839725494384765625">
        <ele>171</ele>
        <time>2026-09-15T11:38:10.000Z</time>
      </trkpt>
      <trkpt lat="40.28189979493618011474609375" lon="9.5112678967416286468505859375">
        <ele>169.8000030517578125</ele>
        <time>2026-09-15T11:38:17.000Z</time>
      </trkpt>
      <trkpt lat="40.28193608857691287994384765625" lon="9.51135431416332721710205078125">
        <ele>170</ele>
        <time>2026-09-15T11:38:24.000Z</time>
      </trkpt>
      <trkpt lat="40.281983949244022369384765625" lon="9.51150476932525634765625">
        <ele>168</ele>
        <time>2026-09-15T11:38:33.000Z</time>
      </trkpt>
      <trkpt lat="40.2820555306971073150634765625" lon="9.51158062554895877838134765625">
        <ele>168.1999969482421875</ele>
        <time>2026-09-15T11:38:41.000Z</time>
      </trkpt>
      <trkpt lat="40.28213289566338062286376953125" lon="9.511668719351291656494140625">
        <ele>168.1999969482421875</ele>
        <time>2026-09-15T11:38:49.000Z</time>
      </trkpt>
      <trkpt lat="40.28226214461028575897216796875" lon="9.511751867830753326416015625">
        <ele>170.1999969482421875</ele>
        <time>2026-09-15T11:38:59.000Z</time>
      </trkpt>
      <trkpt lat="40.28238703496754169464111328125" lon="9.51179754920303821563720703125">
        <ele>173.399993896484375</ele>
        <time>2026-09-15T11:39:09.000Z</time>
      </trkpt>
      <trkpt lat="40.282399356365203857421875" lon="9.51180375181138515472412109375">
        <ele>173.600006103515625</ele>
        <time>2026-09-15T11:39:10.000Z</time>
      </trkpt>
      <trkpt lat="40.28250823728740215301513671875" lon="9.51182889752089977264404296875">
        <ele>176</ele>
        <time>2026-09-15T11:39:18.000Z</time>
      </trkpt>
      <trkpt lat="40.2826338820159435272216796875" lon="9.5118734054267406463623046875">
        <ele>177.399993896484375</ele>
        <time>2026-09-15T11:39:29.000Z</time>
      </trkpt>
      <trkpt lat="40.2827689982950687408447265625" lon="9.51198245398700237274169921875">
        <ele>178</ele>
        <time>2026-09-15T11:39:39.000Z</time>
      </trkpt>
      <trkpt lat="40.2828387357294559478759765625" lon="9.5120524428784847259521484375">
        <ele>179.399993896484375</ele>
        <time>2026-09-15T11:39:46.000Z</time>
      </trkpt>
      <trkpt lat="40.28298072516918182373046875" lon="9.51210918836295604705810546875">
        <ele>182.399993896484375</ele>
        <time>2026-09-15T11:39:55.000Z</time>
      </trkpt>
      <trkpt lat="40.28310268186032772064208984375" lon="9.51220876537263393402099609375">
        <ele>184</ele>
        <time>2026-09-15T11:40:04.000Z</time>
      </trkpt>
      <trkpt lat="40.2831887640058994293212890625" lon="9.51228302903473377227783203125">
        <ele>184.8000030517578125</ele>
        <time>2026-09-15T11:40:12.000Z</time>
      </trkpt>
      <trkpt lat="40.2832276560366153717041015625" lon="9.51230943202972412109375">
        <ele>185.1999969482421875</ele>
        <time>2026-09-15T11:40:16.000Z</time>
      </trkpt>
      <trkpt lat="40.2832799591124057769775390625" lon="9.512331895530223846435546875">
        <ele>185.8000030517578125</ele>
        <time>2026-09-15T11:40:20.000Z</time>
      </trkpt>
      <trkpt lat="40.28331206180155277252197265625" lon="9.51234689913690090179443359375">
        <ele>185.600006103515625</ele>
        <time>2026-09-15T11:40:23.000Z</time>
      </trkpt>
      <trkpt lat="40.28345053084194660186767578125" lon="9.51240800321102142333984375">
        <ele>185</ele>
        <time>2026-09-15T11:40:33.000Z</time>
      </trkpt>
      <trkpt lat="40.28359226882457733154296875" lon="9.51247631572186946868896484375">
        <ele>185</ele>
        <time>2026-09-15T11:40:43.000Z</time>
      </trkpt>
      <trkpt lat="40.28372813947498798370361328125" lon="9.5125412754714488983154296875">
        <ele>185.399993896484375</ele>
        <time>2026-09-15T11:40:54.000Z</time>
      </trkpt>
      <trkpt lat="40.283854119479656219482421875" lon="9.51254135929048061370849609375">
        <ele>186.8000030517578125</ele>
        <time>2026-09-15T11:41:04.000Z</time>
      </trkpt>
      <trkpt lat="40.283980853855609893798828125" lon="9.5125570334494113922119140625">
        <ele>188.399993896484375</ele>
        <time>2026-09-15T11:41:14.000Z</time>
      </trkpt>
      <trkpt lat="40.28401496820151805877685546875" lon="9.512561894953250885009765625">
        <ele>188.8000030517578125</ele>
        <time>2026-09-15T11:41:17.000Z</time>
      </trkpt>
      <trkpt lat="40.284095518290996551513671875" lon="9.51259265653789043426513671875">
        <ele>189.600006103515625</ele>
        <time>2026-09-15T11:41:23.000Z</time>
      </trkpt>
      <trkpt lat="40.28425150550901889801025390625" lon="9.51261512003839015960693359375">
        <ele>190.399993896484375</ele>
        <time>2026-09-15T11:41:33.000Z</time>
      </trkpt>
      <trkpt lat="40.284328199923038482666015625" lon="9.51262165792286396026611328125">
        <ele>190.600006103515625</ele>
        <time>2026-09-15T11:41:38.000Z</time>
      </trkpt>
      <trkpt lat="40.2844148688018321990966796875" lon="9.51265082694590091705322265625">
        <ele>190.600006103515625</ele>
        <time>2026-09-15T11:41:44.000Z</time>
      </trkpt>
      <trkpt lat="40.284515284001827239990234375" lon="9.51265811920166015625">
        <ele>191.1999969482421875</ele>
        <time>2026-09-15T11:41:51.000Z</time>
      </trkpt>
      <trkpt lat="40.28467454016208648681640625" lon="9.5126894675195217132568359375">
        <ele>193.1999969482421875</ele>
        <time>2026-09-15T11:42:01.000Z</time>
      </trkpt>
      <trkpt lat="40.28479951433837413787841796875" lon="9.5127023756504058837890625">
        <ele>194.600006103515625</ele>
        <time>2026-09-15T11:42:09.000Z</time>
      </trkpt>
      <trkpt lat="40.2849814854562282562255859375" lon="9.51273657381534576416015625">
        <ele>196.1999969482421875</ele>
        <time>2026-09-15T11:42:21.000Z</time>
      </trkpt>
      <trkpt lat="40.28503068722784519195556640625" lon="9.51273791491985321044921875">
        <ele>196</ele>
        <time>2026-09-15T11:42:25.000Z</time>
      </trkpt>
      <trkpt lat="40.285086594521999359130859375" lon="9.51273464597761631011962890625">
        <ele>196.1999969482421875</ele>
        <time>2026-09-15T11:42:29.000Z</time>
      </trkpt>
      <trkpt lat="40.285177789628505706787109375" lon="9.51274462044239044189453125">
        <ele>196</ele>
        <time>2026-09-15T11:42:37.000Z</time>
      </trkpt>
      <trkpt lat="40.285211987793445587158203125" lon="9.51275174506008625030517578125">
        <ele>195.600006103515625</ele>
        <time>2026-09-15T11:42:40.000Z</time>
      </trkpt>
      <trkpt lat="40.28527476824820041656494140625" lon="9.512757696211338043212890625">
        <ele>195.1999969482421875</ele>
        <time>2026-09-15T11:42:44.000Z</time>
      </trkpt>
      <trkpt lat="40.28530226089060306549072265625" lon="9.51275828294456005096435546875">
        <ele>195.1999969482421875</ele>
        <time>2026-09-15T11:42:46.000Z</time>
      </trkpt>
      <trkpt lat="40.2853650413453578948974609375" lon="9.51275828294456005096435546875">
        <ele>194.8000030517578125</ele>
        <time>2026-09-15T11:42:50.000Z</time>
      </trkpt>
      <trkpt lat="40.285424552857875823974609375" lon="9.51277286745607852935791015625">
        <ele>194.399993896484375</ele>
        <time>2026-09-15T11:42:54.000Z</time>
      </trkpt>
      <trkpt lat="40.28552136383950710296630859375" lon="9.5127709396183490753173828125">
        <ele>194</ele>
        <time>2026-09-15T11:43:00.000Z</time>
      </trkpt>
      <trkpt lat="40.2855735830962657928466796875" lon="9.5127870328724384307861328125">
        <ele>193.600006103515625</ele>
        <time>2026-09-15T11:43:04.000Z</time>
      </trkpt>
      <trkpt lat="40.28567039407789707183837890625" lon="9.51278544031083583831787109375">
        <ele>193.399993896484375</ele>
        <time>2026-09-15T11:43:11.000Z</time>
      </trkpt>
      <trkpt lat="40.28571951203048229217529296875" lon="9.51278309337794780731201171875">
        <ele>193.1999969482421875</ele>
        <time>2026-09-15T11:43:14.000Z</time>
      </trkpt>
      <trkpt lat="40.28582847677171230316162109375" lon="9.51277001760900020599365234375">
        <ele>192.8000030517578125</ele>
        <time>2026-09-15T11:43:21.000Z</time>
      </trkpt>
      <trkpt lat="40.2859299816191196441650390625" lon="9.5127719454467296600341796875">
        <ele>192.1999969482421875</ele>
        <time>2026-09-15T11:43:28.000Z</time>
      </trkpt>
      <trkpt lat="40.28602511622011661529541015625" lon="9.512746967375278472900390625">
        <ele>192</ele>
        <time>2026-09-15T11:43:37.000Z</time>
      </trkpt>
      <trkpt lat="40.28616157360374927520751953125" lon="9.5127095840871334075927734375">
        <ele>190.399993896484375</ele>
        <time>2026-09-15T11:43:47.000Z</time>
      </trkpt>
      <trkpt lat="40.2862887270748615264892578125" lon="9.51264848001301288604736328125">
        <ele>189</ele>
        <time>2026-09-15T11:43:56.000Z</time>
      </trkpt>
      <trkpt lat="40.28642065823078155517578125" lon="9.512610174715518951416015625">
        <ele>188</ele>
        <time>2026-09-15T11:44:04.000Z</time>
      </trkpt>
      <trkpt lat="40.28653205372393131256103515625" lon="9.51253666542470455169677734375">
        <ele>186.1999969482421875</ele>
        <time>2026-09-15T11:44:15.000Z</time>
      </trkpt>
      <trkpt lat="40.28656591661274433135986328125" lon="9.51247380115091800689697265625">
        <ele>185.600006103515625</ele>
        <time>2026-09-15T11:44:22.000Z</time>
      </trkpt>
      <trkpt lat="40.2866360731422901153564453125" lon="9.51235595159232616424560546875">
        <ele>184.600006103515625</ele>
        <time>2026-09-15T11:44:31.000Z</time>
      </trkpt>
      <trkpt lat="40.286658369004726409912109375" lon="9.5122998766601085662841796875">
        <ele>184.1999969482421875</ele>
        <time>2026-09-15T11:44:35.000Z</time>
      </trkpt>
      <trkpt lat="40.2866761386394500732421875" lon="9.51219300739467144012451171875">
        <ele>183.8000030517578125</ele>
        <time>2026-09-15T11:44:43.000Z</time>
      </trkpt>
      <trkpt lat="40.28669700957834720611572265625" lon="9.51207716949284076690673828125">
        <ele>184</ele>
        <time>2026-09-15T11:44:51.000Z</time>
      </trkpt>
      <trkpt lat="40.2867276035249233245849609375" lon="9.51194188557565212249755859375">
        <ele>184.1999969482421875</ele>
        <time>2026-09-15T11:44:59.000Z</time>
      </trkpt>
      <trkpt lat="40.2867403440177440643310546875" lon="9.51187851838767528533935546875">
        <ele>184.399993896484375</ele>
        <time>2026-09-15T11:45:02.000Z</time>
      </trkpt>
      <trkpt lat="40.286740176379680633544921875" lon="9.5118170790374279022216796875">
        <ele>184.600006103515625</ele>
        <time>2026-09-15T11:45:05.000Z</time>
      </trkpt>
      <trkpt lat="40.2867472171783447265625" lon="9.51171942986547946929931640625">
        <ele>184.399993896484375</ele>
        <time>2026-09-15T11:45:10.000Z</time>
      </trkpt>
      <trkpt lat="40.28679155744612216949462890625" lon="9.51161951757967472076416015625">
        <ele>183.8000030517578125</ele>
        <time>2026-09-15T11:45:16.000Z</time>
      </trkpt>
      <trkpt lat="40.28680027462542057037353515625" lon="9.5115917734801769256591796875">
        <ele>183.8000030517578125</ele>
        <time>2026-09-15T11:45:18.000Z</time>
      </trkpt>
      <trkpt lat="40.2868043817579746246337890625" lon="9.5115743391215801239013671875">
        <ele>183.8000030517578125</ele>
        <time>2026-09-15T11:45:19.000Z</time>
      </trkpt>
      <trkpt lat="40.2868288569152355194091796875" lon="9.51151541434228420257568359375">
        <ele>183.1999969482421875</ele>
        <time>2026-09-15T11:45:23.000Z</time>
      </trkpt>
      <trkpt lat="40.28684687800705432891845703125" lon="9.5114524662494659423828125">
        <ele>182.8000030517578125</ele>
        <time>2026-09-15T11:45:27.000Z</time>
      </trkpt>
      <trkpt lat="40.2868771366775035858154296875" lon="9.511324726045131683349609375">
        <ele>182.1999969482421875</ele>
        <time>2026-09-15T11:45:36.000Z</time>
      </trkpt>
      <trkpt lat="40.28688778169453144073486328125" lon="9.51128147542476654052734375">
        <ele>182</ele>
        <time>2026-09-15T11:45:39.000Z</time>
      </trkpt>
      <trkpt lat="40.28690555132925510406494140625" lon="9.5111998356878757476806640625">
        <ele>181.8000030517578125</ele>
        <time>2026-09-15T11:45:45.000Z</time>
      </trkpt>
      <trkpt lat="40.28690706007182598114013671875" lon="9.51118064112961292266845703125">
        <ele>181.600006103515625</ele>
        <time>2026-09-15T11:45:46.000Z</time>
      </trkpt>
      <trkpt lat="40.28691275976598262786865234375" lon="9.51116144657135009765625">
        <ele>181.600006103515625</ele>
        <time>2026-09-15T11:45:47.000Z</time>
      </trkpt>
      <trkpt lat="40.28692348860204219818115234375" lon="9.5111498795449733734130859375">
        <ele>181.399993896484375</ele>
        <time>2026-09-15T11:45:48.000Z</time>
      </trkpt>
      <trkpt lat="40.28695601038634777069091796875" lon="9.51106647960841655731201171875">
        <ele>181.1999969482421875</ele>
        <time>2026-09-15T11:45:53.000Z</time>
      </trkpt>
      <trkpt lat="40.28700135648250579833984375" lon="9.51087503693997859954833984375">
        <ele>180.600006103515625</ele>
        <time>2026-09-15T11:46:04.000Z</time>
      </trkpt>
      <trkpt lat="40.2870112471282482147216796875" lon="9.5108650624752044677734375">
        <ele>180.399993896484375</ele>
        <time>2026-09-15T11:46:05.000Z</time>
      </trkpt>
      <trkpt lat="40.28704469092190265655517578125" lon="9.5107998512685298919677734375">
        <ele>179.600006103515625</ele>
        <time>2026-09-15T11:46:10.000Z</time>
      </trkpt>
      <trkpt lat="40.28706430457532405853271484375" lon="9.5106303691864013671875">
        <ele>179.399993896484375</ele>
        <time>2026-09-15T11:46:20.000Z</time>
      </trkpt>
      <trkpt lat="40.28708727099001407623291015625" lon="9.51051897369325160980224609375">
        <ele>179</ele>
        <time>2026-09-15T11:46:27.000Z</time>
      </trkpt>
      <trkpt lat="40.28713010251522064208984375" lon="9.5103579573333263397216796875">
        <ele>178.600006103515625</ele>
        <time>2026-09-15T11:46:37.000Z</time>
      </trkpt>
      <trkpt lat="40.28713789768517017364501953125" lon="9.5102754794061183929443359375">
        <ele>178.600006103515625</ele>
        <time>2026-09-15T11:46:43.000Z</time>
      </trkpt>
      <trkpt lat="40.28713471256196498870849609375" lon="9.5102613978087902069091796875">
        <ele>178.8000030517578125</ele>
        <time>2026-09-15T11:46:44.000Z</time>
      </trkpt>
      <trkpt lat="40.287133790552616119384765625" lon="9.51019157655537128448486328125">
        <ele>178.399993896484375</ele>
        <time>2026-09-15T11:46:49.000Z</time>
      </trkpt>
      <trkpt lat="40.28713949024677276611328125" lon="9.5101762376725673675537109375">
        <ele>178</ele>
        <time>2026-09-15T11:46:50.000Z</time>
      </trkpt>
      <trkpt lat="40.2871909551322460174560546875" lon="9.51000030152499675750732421875">
        <ele>175.399993896484375</ele>
        <time>2026-09-15T11:47:00.000Z</time>
      </trkpt>
      <trkpt lat="40.28724049217998981475830078125" lon="9.5098684541881084442138671875">
        <ele>174.600006103515625</ele>
        <time>2026-09-15T11:47:08.000Z</time>
      </trkpt>
      <trkpt lat="40.2872445993125438690185546875" lon="9.50985127128660678863525390625">
        <ele>174.600006103515625</ele>
        <time>2026-09-15T11:47:09.000Z</time>
      </trkpt>
      <trkpt lat="40.287259519100189208984375" lon="9.50979712419211864471435546875">
        <ele>174</ele>
        <time>2026-09-15T11:47:13.000Z</time>
      </trkpt>
      <trkpt lat="40.287275277078151702880859375" lon="9.5096687972545623779296875">
        <ele>172.600006103515625</ele>
        <time>2026-09-15T11:47:21.000Z</time>
      </trkpt>
      <trkpt lat="40.2873072959482669830322265625" lon="9.50954918749630451202392578125">
        <ele>170.600006103515625</ele>
        <time>2026-09-15T11:47:28.000Z</time>
      </trkpt>
      <trkpt lat="40.28731659986078739166259765625" lon="9.509467296302318572998046875">
        <ele>169.8000030517578125</ele>
        <time>2026-09-15T11:47:33.000Z</time>
      </trkpt>
      <trkpt lat="40.2873284183442592620849609375" lon="9.50942781753838062286376953125">
        <ele>169.399993896484375</ele>
        <time>2026-09-15T11:47:36.000Z</time>
      </trkpt>
      <trkpt lat="40.28734912164509296417236328125" lon="9.50932689942419528961181640625">
        <ele>168.399993896484375</ele>
        <time>2026-09-15T11:47:43.000Z</time>
      </trkpt>
      <trkpt lat="40.287350714206695556640625" lon="9.50929890386760234832763671875">
        <ele>168.1999969482421875</ele>
        <time>2026-09-15T11:47:45.000Z</time>
      </trkpt>
      <trkpt lat="40.287353061139583587646484375" lon="9.5092696510255336761474609375">
        <ele>168</ele>
        <time>2026-09-15T11:47:47.000Z</time>
      </trkpt>
      <trkpt lat="40.2873411588370800018310546875" lon="9.5091724209487438201904296875">
        <ele>167.600006103515625</ele>
        <time>2026-09-15T11:47:53.000Z</time>
      </trkpt>
      <trkpt lat="40.28738482855260372161865234375" lon="9.509029425680637359619140625">
        <ele>166.399993896484375</ele>
        <time>2026-09-15T11:48:01.000Z</time>
      </trkpt>
      <trkpt lat="40.28739220462739467620849609375" lon="9.50900956057012081146240234375">
        <ele>166.1999969482421875</ele>
        <time>2026-09-15T11:48:02.000Z</time>
      </trkpt>
      <trkpt lat="40.28740511275827884674072265625" lon="9.508871845901012420654296875">
        <ele>166</ele>
        <time>2026-09-15T11:48:10.000Z</time>
      </trkpt>
      <trkpt lat="40.287424810230731964111328125" lon="9.50879582203924655914306640625">
        <ele>165.399993896484375</ele>
        <time>2026-09-15T11:48:15.000Z</time>
      </trkpt>
      <trkpt lat="40.2874298393726348876953125" lon="9.50877168215811252593994140625">
        <ele>165.399993896484375</ele>
        <time>2026-09-15T11:48:17.000Z</time>
      </trkpt>
      <trkpt lat="40.28745490126311779022216796875" lon="9.5086671598255634307861328125">
        <ele>164.8000030517578125</ele>
        <time>2026-09-15T11:48:25.000Z</time>
      </trkpt>
      <trkpt lat="40.2874754369258880615234375" lon="9.5085529983043670654296875">
        <ele>164.399993896484375</ele>
        <time>2026-09-15T11:48:32.000Z</time>
      </trkpt>
      <trkpt lat="40.28748013079166412353515625" lon="9.5083867013454437255859375">
        <ele>164.1999969482421875</ele>
        <time>2026-09-15T11:48:40.000Z</time>
      </trkpt>
      <trkpt lat="40.287475101649761199951171875" lon="9.508253596723079681396484375">
        <ele>163.600006103515625</ele>
        <time>2026-09-15T11:48:47.000Z</time>
      </trkpt>
      <trkpt lat="40.287471078336238861083984375" lon="9.50823658145964145660400390625">
        <ele>163.600006103515625</ele>
        <time>2026-09-15T11:48:48.000Z</time>
      </trkpt>
      <trkpt lat="40.2874695695936679840087890625" lon="9.508181177079677581787109375">
        <ele>163.1999969482421875</ele>
        <time>2026-09-15T11:48:53.000Z</time>
      </trkpt>
      <trkpt lat="40.28747904114425182342529296875" lon="9.50815360061824321746826171875">
        <ele>162.8000030517578125</ele>
        <time>2026-09-15T11:48:55.000Z</time>
      </trkpt>
      <trkpt lat="40.28747552074491977691650390625" lon="9.5080878026783466339111328125">
        <ele>162.399993896484375</ele>
        <time>2026-09-15T11:48:59.000Z</time>
      </trkpt>
      <trkpt lat="40.2874727547168731689453125" lon="9.5080707035958766937255859375">
        <ele>162.1999969482421875</ele>
        <time>2026-09-15T11:49:00.000Z</time>
      </trkpt>
      <trkpt lat="40.2874813042581081390380859375" lon="9.50799518264830112457275390625">
        <ele>161.1999969482421875</ele>
        <time>2026-09-15T11:49:05.000Z</time>
      </trkpt>
      <trkpt lat="40.2874625287950038909912109375" lon="9.50786945410072803497314453125">
        <ele>160.399993896484375</ele>
        <time>2026-09-15T11:49:12.000Z</time>
      </trkpt>
      <trkpt lat="40.28743981383740901947021484375" lon="9.50773601420223712921142578125">
        <ele>160</ele>
        <time>2026-09-15T11:49:21.000Z</time>
      </trkpt>
      <trkpt lat="40.28741818852722644805908203125" lon="9.5076754130423069000244140625">
        <ele>161.1999969482421875</ele>
        <time>2026-09-15T11:49:26.000Z</time>
      </trkpt>
      <trkpt lat="40.28739002533257007598876953125" lon="9.50763258151710033416748046875">
        <ele>162.600006103515625</ele>
        <time>2026-09-15T11:49:29.000Z</time>
      </trkpt>
      <trkpt lat="40.2873636223375797271728515625" lon="9.507594443857669830322265625">
        <ele>163.8000030517578125</ele>
        <time>2026-09-15T11:49:32.000Z</time>
      </trkpt>
      <trkpt lat="40.28731509111821651458740234375" lon="9.50749226845800876617431640625">
        <ele>166.399993896484375</ele>
        <time>2026-09-15T11:49:39.000Z</time>
      </trkpt>
      <trkpt lat="40.28729363344609737396240234375" lon="9.50740425847470760345458984375">
        <ele>167.8000030517578125</ele>
        <time>2026-09-15T11:49:45.000Z</time>
      </trkpt>
      <trkpt lat="40.2872717566788196563720703125" lon="9.50729646719992160797119140625">
        <ele>168.8000030517578125</ele>
        <time>2026-09-15T11:49:52.000Z</time>
      </trkpt>
      <trkpt lat="40.28726563788950443267822265625" lon="9.50724181719124317169189453125">
        <ele>168.8000030517578125</ele>
        <time>2026-09-15T11:49:56.000Z</time>
      </trkpt>
      <trkpt lat="40.28726966120302677154541015625" lon="9.50717459432780742645263671875">
        <ele>169</ele>
        <time>2026-09-15T11:50:00.000Z</time>
      </trkpt>
      <trkpt lat="40.28726245276629924774169921875" lon="9.50713352300226688385009765625">
        <ele>170</ele>
        <time>2026-09-15T11:50:02.000Z</time>
      </trkpt>
      <trkpt lat="40.28725708834826946258544921875" lon="9.50706948526203632354736328125">
        <ele>171</ele>
        <time>2026-09-15T11:50:05.000Z</time>
      </trkpt>
      <trkpt lat="40.287273265421390533447265625" lon="9.50702271424233913421630859375">
        <ele>170.1999969482421875</ele>
        <time>2026-09-15T11:50:08.000Z</time>
      </trkpt>
      <trkpt lat="40.28727133758366107940673828125" lon="9.50700812973082065582275390625">
        <ele>170.399993896484375</ele>
        <time>2026-09-15T11:50:09.000Z</time>
      </trkpt>
      <trkpt lat="40.28728676028549671173095703125" lon="9.50697711668908596038818359375">
        <ele>169.399993896484375</ele>
        <time>2026-09-15T11:50:11.000Z</time>
      </trkpt>
      <trkpt lat="40.2873106487095355987548828125" lon="9.506910145282745361328125">
        <ele>168.1999969482421875</ele>
        <time>2026-09-15T11:50:15.000Z</time>
      </trkpt>
      <trkpt lat="40.287311486899852752685546875" lon="9.5068036951124668121337890625">
        <ele>168.8000030517578125</ele>
        <time>2026-09-15T11:50:22.000Z</time>
      </trkpt>
      <trkpt lat="40.28729480691254138946533203125" lon="9.50678433291614055633544921875">
        <ele>170.1999969482421875</ele>
        <time>2026-09-15T11:50:23.000Z</time>
      </trkpt>
      <trkpt lat="40.28725625015795230865478515625" lon="9.50662625022232532501220703125">
        <ele>173.399993896484375</ele>
        <time>2026-09-15T11:50:32.000Z</time>
      </trkpt>
      <trkpt lat="40.2872375585138797760009765625" lon="9.50651795603334903717041015625">
        <ele>175.1999969482421875</ele>
        <time>2026-09-15T11:50:39.000Z</time>
      </trkpt>
      <trkpt lat="40.28723831288516521453857421875" lon="9.50650135986506938934326171875">
        <ele>175.1999969482421875</ele>
        <time>2026-09-15T11:50:40.000Z</time>
      </trkpt>
      <trkpt lat="40.28723009862005710601806640625" lon="9.50645442120730876922607421875">
        <ele>176</ele>
        <time>2026-09-15T11:50:43.000Z</time>
      </trkpt>
      <trkpt lat="40.28723294846713542938232421875" lon="9.50641267932951450347900390625">
        <ele>175.8000030517578125</ele>
        <time>2026-09-15T11:50:46.000Z</time>
      </trkpt>
      <trkpt lat="40.28724015690386295318603515625" lon="9.5063374936580657958984375">
        <ele>175</ele>
        <time>2026-09-15T11:50:51.000Z</time>
      </trkpt>
      <trkpt lat="40.2872456051409244537353515625" lon="9.50632366351783275604248046875">
        <ele>174.600006103515625</ele>
        <time>2026-09-15T11:50:52.000Z</time>
      </trkpt>
      <trkpt lat="40.2872653864324092864990234375" lon="9.5062229968607425689697265625">
        <ele>172.600006103515625</ele>
        <time>2026-09-15T11:50:59.000Z</time>
      </trkpt>
      <trkpt lat="40.28728567063808441162109375" lon="9.50611143372952938079833984375">
        <ele>171.1999969482421875</ele>
        <time>2026-09-15T11:51:07.000Z</time>
      </trkpt>
      <trkpt lat="40.28726798482239246368408203125" lon="9.50601336546242237091064453125">
        <ele>172</ele>
        <time>2026-09-15T11:51:13.000Z</time>
      </trkpt>
      <trkpt lat="40.2872677333652973175048828125" lon="9.5059675164520740509033203125">
        <ele>172</ele>
        <time>2026-09-15T11:51:16.000Z</time>
      </trkpt>
      <trkpt lat="40.28723965398967266082763671875" lon="9.505869783461093902587890625">
        <ele>174</ele>
        <time>2026-09-15T11:51:24.000Z</time>
      </trkpt>
      <trkpt lat="40.28721299953758716583251953125" lon="9.50583701021969318389892578125">
        <ele>176</ele>
        <time>2026-09-15T11:51:27.000Z</time>
      </trkpt>
      <trkpt lat="40.28715533204376697540283203125" lon="9.50580901466310024261474609375">
        <ele>179.600006103515625</ele>
        <time>2026-09-15T11:51:31.000Z</time>
      </trkpt>
      <trkpt lat="40.28709950856864452362060546875" lon="9.5057251118123531341552734375">
        <ele>184</ele>
        <time>2026-09-15T11:51:38.000Z</time>
      </trkpt>
      <trkpt lat="40.28707914054393768310546875" lon="9.505641795694828033447265625">
        <ele>185.600006103515625</ele>
        <time>2026-09-15T11:51:44.000Z</time>
      </trkpt>
      <trkpt lat="40.287102945148944854736328125" lon="9.50562930665910243988037109375">
        <ele>183.8000030517578125</ele>
        <time>2026-09-15T11:51:46.000Z</time>
      </trkpt>
      <trkpt lat="40.28712079860270023345947265625" lon="9.50562109239399433135986328125">
        <ele>182.399993896484375</ele>
        <time>2026-09-15T11:51:47.000Z</time>
      </trkpt>
      <trkpt lat="40.2871694974601268768310546875" lon="9.50552118010818958282470703125">
        <ele>178.1999969482421875</ele>
        <time>2026-09-15T11:51:52.000Z</time>
      </trkpt>
      <trkpt lat="40.28717209585011005401611328125" lon="9.50550341047346591949462890625">
        <ele>177.8000030517578125</ele>
        <time>2026-09-15T11:51:53.000Z</time>
      </trkpt>
      <trkpt lat="40.28719590045511722564697265625" lon="9.50546401552855968475341796875">
        <ele>175.8000030517578125</ele>
        <time>2026-09-15T11:51:56.000Z</time>
      </trkpt>
      <trkpt lat="40.28720260597765445709228515625" lon="9.50544373132288455963134765625">
        <ele>175.1999969482421875</ele>
        <time>2026-09-15T11:51:58.000Z</time>
      </trkpt>
      <trkpt lat="40.2872023545205593109130859375" lon="9.505433253943920135498046875">
        <ele>175.1999969482421875</ele>
        <time>2026-09-15T11:51:59.000Z</time>
      </trkpt>
      <trkpt lat="40.287206210196018218994140625" lon="9.50542495585978031158447265625">
        <ele>174.8000030517578125</ele>
        <time>2026-09-15T11:52:00.000Z</time>
      </trkpt>
      <trkpt lat="40.2871959842741489410400390625" lon="9.50535907410085201263427734375">
        <ele>174.8000030517578125</ele>
        <time>2026-09-15T11:52:04.000Z</time>
      </trkpt>
      <trkpt lat="40.28720646165311336517333984375" lon="9.5053016580641269683837890625">
        <ele>173.600006103515625</ele>
        <time>2026-09-15T11:52:07.000Z</time>
      </trkpt>
      <trkpt lat="40.28720797039568424224853515625" lon="9.50524910353124141693115234375">
        <ele>174</ele>
        <time>2026-09-15T11:52:10.000Z</time>
      </trkpt>
      <trkpt lat="40.28720746748149394989013671875" lon="9.50522915460169315338134765625">
        <ele>174.1999969482421875</ele>
        <time>2026-09-15T11:52:11.000Z</time>
      </trkpt>
      <trkpt lat="40.2872083894908428192138671875" lon="9.50517618097364902496337890625">
        <ele>174.600006103515625</ele>
        <time>2026-09-15T11:52:15.000Z</time>
      </trkpt>
      <trkpt lat="40.28721149079501628875732421875" lon="9.50513494201004505157470703125">
        <ele>175</ele>
        <time>2026-09-15T11:52:18.000Z</time>
      </trkpt>
      <trkpt lat="40.287205874919891357421875" lon="9.50500485487282276153564453125">
        <ele>176.8000030517578125</ele>
        <time>2026-09-15T11:52:26.000Z</time>
      </trkpt>
      <trkpt lat="40.28720176778733730316162109375" lon="9.5048832334578037261962890625">
        <ele>178</ele>
        <time>2026-09-15T11:52:34.000Z</time>
      </trkpt>
      <trkpt lat="40.2872275002300739288330078125" lon="9.5048084668815135955810546875">
        <ele>177.1999969482421875</ele>
        <time>2026-09-15T11:52:38.000Z</time>
      </trkpt>
      <trkpt lat="40.2872365526854991912841796875" lon="9.50478172861039638519287109375">
        <ele>177</ele>
        <time>2026-09-15T11:52:40.000Z</time>
      </trkpt>
      <trkpt lat="40.2872435934841632843017578125" lon="9.50476865284144878387451171875">
        <ele>177</ele>
        <time>2026-09-15T11:52:41.000Z</time>
      </trkpt>
      <trkpt lat="40.2872405759990215301513671875" lon="9.50470411218702793121337890625">
        <ele>178.1999969482421875</ele>
        <time>2026-09-15T11:52:46.000Z</time>
      </trkpt>
      <trkpt lat="40.28724418021738529205322265625" lon="9.5046891085803508758544921875">
        <ele>178.1999969482421875</ele>
        <time>2026-09-15T11:52:47.000Z</time>
      </trkpt>
      <trkpt lat="40.2872452698647975921630859375" lon="9.50465113855898380279541015625">
        <ele>178.8000030517578125</ele>
        <time>2026-09-15T11:52:49.000Z</time>
      </trkpt>
      <trkpt lat="40.28725348412990570068359375" lon="9.5045925490558147430419921875">
        <ele>179.399993896484375</ele>
        <time>2026-09-15T11:52:52.000Z</time>
      </trkpt>
      <trkpt lat="40.28725557960569858551025390625" lon="9.50455592013895511627197265625">
        <ele>179.8000030517578125</ele>
        <time>2026-09-15T11:52:54.000Z</time>
      </trkpt>
      <trkpt lat="40.28724283911287784576416015625" lon="9.5045037008821964263916015625">
        <ele>180.600006103515625</ele>
        <time>2026-09-15T11:52:58.000Z</time>
      </trkpt>
      <trkpt lat="40.28724283911287784576416015625" lon="9.50443916022777557373046875">
        <ele>180.8000030517578125</ele>
        <time>2026-09-15T11:53:03.000Z</time>
      </trkpt>
      <trkpt lat="40.28723998926579952239990234375" lon="9.50442465953528881072998046875">
        <ele>181</ele>
        <time>2026-09-15T11:53:04.000Z</time>
      </trkpt>
      <trkpt lat="40.28724216856062412261962890625" lon="9.50440856628119945526123046875">
        <ele>181.1999969482421875</ele>
        <time>2026-09-15T11:53:05.000Z</time>
      </trkpt>
      <trkpt lat="40.28726396150887012481689453125" lon="9.504359029233455657958984375">
        <ele>180.399993896484375</ele>
        <time>2026-09-15T11:53:09.000Z</time>
      </trkpt>
      <trkpt lat="40.28726194985210895538330078125" lon="9.504308402538299560546875">
        <ele>181.1999969482421875</ele>
        <time>2026-09-15T11:53:11.000Z</time>
      </trkpt>
      <trkpt lat="40.2872479520738124847412109375" lon="9.504235647618770599365234375">
        <ele>182.600006103515625</ele>
        <time>2026-09-15T11:53:15.000Z</time>
      </trkpt>
      <trkpt lat="40.28722624294459819793701171875" lon="9.50415342114865779876708984375">
        <ele>184.399993896484375</ele>
        <time>2026-09-15T11:53:21.000Z</time>
      </trkpt>
      <trkpt lat="40.28722406364977359771728515625" lon="9.50409047305583953857421875">
        <ele>185.399993896484375</ele>
        <time>2026-09-15T11:53:25.000Z</time>
      </trkpt>
      <trkpt lat="40.28723110444843769073486328125" lon="9.50405082665383815765380859375">
        <ele>185.600006103515625</ele>
        <time>2026-09-15T11:53:27.000Z</time>
      </trkpt>
      <trkpt lat="40.2872184477746486663818359375" lon="9.50401403009891510009765625">
        <ele>186.8000030517578125</ele>
        <time>2026-09-15T11:53:29.000Z</time>
      </trkpt>
      <trkpt lat="40.2872127480804920196533203125" lon="9.503943622112274169921875">
        <ele>188.1999969482421875</ele>
        <time>2026-09-15T11:53:33.000Z</time>
      </trkpt>
      <trkpt lat="40.2872184477746486663818359375" lon="9.5038670115172863006591796875">
        <ele>187.8000030517578125</ele>
        <time>2026-09-15T11:53:38.000Z</time>
      </trkpt>
      <trkpt lat="40.28722397983074188232421875" lon="9.5038515888154506683349609375">
        <ele>187.399993896484375</ele>
        <time>2026-09-15T11:53:39.000Z</time>
      </trkpt>
      <trkpt lat="40.2872271649539470672607421875" lon="9.50375729240477085113525390625">
        <ele>187.399993896484375</ele>
        <time>2026-09-15T11:53:46.000Z</time>
      </trkpt>
      <trkpt lat="40.2872020192444324493408203125" lon="9.503600634634494781494140625">
        <ele>190</ele>
        <time>2026-09-15T11:53:54.000Z</time>
      </trkpt>
      <trkpt lat="40.287166647613048553466796875" lon="9.503483287990093231201171875">
        <ele>192.8000030517578125</ele>
        <time>2026-09-15T11:54:00.000Z</time>
      </trkpt>
      <trkpt lat="40.2871614508330821990966796875" lon="9.50344766490161418914794921875">
        <ele>193.1999969482421875</ele>
        <time>2026-09-15T11:54:02.000Z</time>
      </trkpt>
      <trkpt lat="40.28717360459268093109130859375" lon="9.50342721305787563323974609375">
        <ele>192.1999969482421875</ele>
        <time>2026-09-15T11:54:04.000Z</time>
      </trkpt>
      <trkpt lat="40.28718240559101104736328125" lon="9.50341681949794292449951171875">
        <ele>191.600006103515625</ele>
        <time>2026-09-15T11:54:05.000Z</time>
      </trkpt>
      <trkpt lat="40.2871996723115444183349609375" lon="9.50337943620979785919189453125">
        <ele>190.1999969482421875</ele>
        <time>2026-09-15T11:54:08.000Z</time>
      </trkpt>
      <trkpt lat="40.2872114069759845733642578125" lon="9.50335060246288776397705078125">
        <ele>189.600006103515625</ele>
        <time>2026-09-15T11:54:10.000Z</time>
      </trkpt>
      <trkpt lat="40.28721199370920658111572265625" lon="9.5033382810652256011962890625">
        <ele>189.8000030517578125</ele>
        <time>2026-09-15T11:54:11.000Z</time>
      </trkpt>
      <trkpt lat="40.28723127208650112152099609375" lon="9.503305591642856597900390625">
        <ele>188.8000030517578125</ele>
        <time>2026-09-15T11:54:13.000Z</time>
      </trkpt>
      <trkpt lat="40.2872777916491031646728515625" lon="9.50324415229260921478271484375">
        <ele>186.1999969482421875</ele>
        <time>2026-09-15T11:54:17.000Z</time>
      </trkpt>
      <trkpt lat="40.2873414941132068634033203125" lon="9.50314239598810672760009765625">
        <ele>182.8000030517578125</ele>
        <time>2026-09-15T11:54:24.000Z</time>
      </trkpt>
      <trkpt lat="40.2873495407402515411376953125" lon="9.50313116423785686492919921875">
        <ele>182.399993896484375</ele>
        <time>2026-09-15T11:54:25.000Z</time>
      </trkpt>
      <trkpt lat="40.28739186935126781463623046875" lon="9.50304583646357059478759765625">
        <ele>180.1999969482421875</ele>
        <time>2026-09-15T11:54:33.000Z</time>
      </trkpt>
      <trkpt lat="40.28739689849317073822021484375" lon="9.50303343124687671661376953125">
        <ele>180</ele>
        <time>2026-09-15T11:54:34.000Z</time>
      </trkpt>
      <trkpt lat="40.2874038554728031158447265625" lon="9.50301599688827991485595703125">
        <ele>179.8000030517578125</ele>
        <time>2026-09-15T11:54:35.000Z</time>
      </trkpt>
      <trkpt lat="40.28740662150084972381591796875" lon="9.50299755670130252838134765625">
        <ele>179.8000030517578125</ele>
        <time>2026-09-15T11:54:36.000Z</time>
      </trkpt>
      <trkpt lat="40.28742891736328601837158203125" lon="9.5029215328395366668701171875">
        <ele>179.1999969482421875</ele>
        <time>2026-09-15T11:54:40.000Z</time>
      </trkpt>
      <trkpt lat="40.2874568291008472442626953125" lon="9.5027983188629150390625">
        <ele>179</ele>
        <time>2026-09-15T11:54:47.000Z</time>
      </trkpt>
      <trkpt lat="40.28744618408381938934326171875" lon="9.5027247257530689239501953125">
        <ele>180.399993896484375</ele>
        <time>2026-09-15T11:54:53.000Z</time>
      </trkpt>
      <trkpt lat="40.28747132979333400726318359375" lon="9.502697400748729705810546875">
        <ele>179.399993896484375</ele>
        <time>2026-09-15T11:54:55.000Z</time>
      </trkpt>
      <trkpt lat="40.28751525096595287322998046875" lon="9.50257209129631519317626953125">
        <ele>178.600006103515625</ele>
        <time>2026-09-15T11:55:02.000Z</time>
      </trkpt>
      <trkpt lat="40.28752505779266357421875" lon="9.502508975565433502197265625">
        <ele>179.1999969482421875</ele>
        <time>2026-09-15T11:55:06.000Z</time>
      </trkpt>
      <trkpt lat="40.2875372953712940216064453125" lon="9.50248190201818943023681640625">
        <ele>179.1999969482421875</ele>
        <time>2026-09-15T11:55:08.000Z</time>
      </trkpt>
      <trkpt lat="40.2875574119389057159423828125" lon="9.50247050262987613677978515625">
        <ele>178.399993896484375</ele>
        <time>2026-09-15T11:55:10.000Z</time>
      </trkpt>
      <trkpt lat="40.287575684487819671630859375" lon="9.502463378012180328369140625">
        <ele>177.8000030517578125</ele>
        <time>2026-09-15T11:55:11.000Z</time>
      </trkpt>
      <trkpt lat="40.2876221202313899993896484375" lon="9.50241451151669025421142578125">
        <ele>176.399993896484375</ele>
        <time>2026-09-15T11:55:14.000Z</time>
      </trkpt>
      <trkpt lat="40.28763578273355960845947265625" lon="9.50239439494907855987548828125">
        <ele>176</ele>
        <time>2026-09-15T11:55:15.000Z</time>
      </trkpt>
      <trkpt lat="40.28763762675225734710693359375" lon="9.50236581265926361083984375">
        <ele>176</ele>
        <time>2026-09-15T11:55:17.000Z</time>
      </trkpt>
      <trkpt lat="40.28764282353222370147705078125" lon="9.50230940245091915130615234375">
        <ele>176.1999969482421875</ele>
        <time>2026-09-15T11:55:21.000Z</time>
      </trkpt>
      <trkpt lat="40.2876687236130237579345703125" lon="9.502211920917034149169921875">
        <ele>175.8000030517578125</ele>
        <time>2026-09-15T11:55:29.000Z</time>
      </trkpt>
      <trkpt lat="40.28772496618330478668212890625" lon="9.502108991146087646484375">
        <ele>175.1999969482421875</ele>
        <time>2026-09-15T11:55:36.000Z</time>
      </trkpt>
      <trkpt lat="40.28776637278497219085693359375" lon="9.5020602084696292877197265625">
        <ele>175.1999969482421875</ele>
        <time>2026-09-15T11:55:40.000Z</time>
      </trkpt>
      <trkpt lat="40.287767462432384490966796875" lon="9.502048976719379425048828125">
        <ele>175.399993896484375</ele>
        <time>2026-09-15T11:55:41.000Z</time>
      </trkpt>
      <trkpt lat="40.28777592815458774566650390625" lon="9.50203347019851207733154296875">
        <ele>175.399993896484375</ele>
        <time>2026-09-15T11:55:42.000Z</time>
      </trkpt>
      <trkpt lat="40.28778481297194957733154296875" lon="9.50196205638349056243896484375">
        <ele>175.8000030517578125</ele>
        <time>2026-09-15T11:55:46.000Z</time>
      </trkpt>
      <trkpt lat="40.287838876247406005859375" lon="9.50184688903391361236572265625">
        <ele>174.8000030517578125</ele>
        <time>2026-09-15T11:55:54.000Z</time>
      </trkpt>
      <trkpt lat="40.2878393791615962982177734375" lon="9.50183314271271228790283203125">
        <ele>175</ele>
        <time>2026-09-15T11:55:55.000Z</time>
      </trkpt>
      <trkpt lat="40.28784566558897495269775390625" lon="9.50179777108132839202880859375">
        <ele>175.1999969482421875</ele>
        <time>2026-09-15T11:55:58.000Z</time>
      </trkpt>
      <trkpt lat="40.287835188210010528564453125" lon="9.50174781493842601776123046875">
        <ele>175.8000030517578125</ele>
        <time>2026-09-15T11:56:01.000Z</time>
      </trkpt>
      <trkpt lat="40.28788103722035884857177734375" lon="9.5016290433704853057861328125">
        <ele>172.600006103515625</ele>
        <time>2026-09-15T11:56:08.000Z</time>
      </trkpt>
      <trkpt lat="40.28787449933588504791259765625" lon="9.5015881396830081939697265625">
        <ele>172.600006103515625</ele>
        <time>2026-09-15T11:56:10.000Z</time>
      </trkpt>
      <trkpt lat="40.2878856472671031951904296875" lon="9.501570202410221099853515625">
        <ele>171.8000030517578125</ele>
        <time>2026-09-15T11:56:11.000Z</time>
      </trkpt>
      <trkpt lat="40.28787516988813877105712890625" lon="9.501513205468654632568359375">
        <ele>172</ele>
        <time>2026-09-15T11:56:15.000Z</time>
      </trkpt>
      <trkpt lat="40.2878722362220287322998046875" lon="9.5014238543808460235595703125">
        <ele>171.8000030517578125</ele>
        <time>2026-09-15T11:56:21.000Z</time>
      </trkpt>
      <trkpt lat="40.28788514435291290283203125" lon="9.50134850107133388519287109375">
        <ele>170.8000030517578125</ele>
        <time>2026-09-15T11:56:26.000Z</time>
      </trkpt>
      <trkpt lat="40.2878692187368869781494140625" lon="9.50130256824195384979248046875">
        <ele>171.600006103515625</ele>
        <time>2026-09-15T11:56:28.000Z</time>
      </trkpt>
      <trkpt lat="40.2878655306994915008544921875" lon="9.50121506117284297943115234375">
        <ele>171</ele>
        <time>2026-09-15T11:56:33.000Z</time>
      </trkpt>
      <trkpt lat="40.28794281184673309326171875" lon="9.5011516101658344268798828125">
        <ele>165</ele>
        <time>2026-09-15T11:56:36.000Z</time>
      </trkpt>
      <trkpt lat="40.2879273891448974609375" lon="9.50108706951141357421875">
        <ele>165.399993896484375</ele>
        <time>2026-09-15T11:56:40.000Z</time>
      </trkpt>
      <trkpt lat="40.28792009688913822174072265625" lon="9.50106150470674037933349609375">
        <ele>165.600006103515625</ele>
        <time>2026-09-15T11:56:42.000Z</time>
      </trkpt>
      <trkpt lat="40.28789981268346309661865234375" lon="9.50095991604030132293701171875">
        <ele>166.1999969482421875</ele>
        <time>2026-09-15T11:56:50.000Z</time>
      </trkpt>
      <trkpt lat="40.28790534473955631256103515625" lon="9.50094650499522686004638671875">
        <ele>165.8000030517578125</ele>
        <time>2026-09-15T11:56:51.000Z</time>
      </trkpt>
      <trkpt lat="40.28790936805307865142822265625" lon="9.50090208090841770172119140625">
        <ele>165.1999969482421875</ele>
        <time>2026-09-15T11:56:54.000Z</time>
      </trkpt>
      <trkpt lat="40.287901572883129119873046875" lon="9.50085095129907131195068359375">
        <ele>165.1999969482421875</ele>
        <time>2026-09-15T11:56:57.000Z</time>
      </trkpt>
      <trkpt lat="40.28787265531718730926513671875" lon="9.500733353197574615478515625">
        <ele>165.1999969482421875</ele>
        <time>2026-09-15T11:57:05.000Z</time>
      </trkpt>
      <trkpt lat="40.28786879964172840118408203125" lon="9.50068297795951366424560546875">
        <ele>164.600006103515625</ele>
        <time>2026-09-15T11:57:09.000Z</time>
      </trkpt>
      <trkpt lat="40.287878103554248809814453125" lon="9.500647522509098052978515625">
        <ele>163.600006103515625</ele>
        <time>2026-09-15T11:57:12.000Z</time>
      </trkpt>
      <trkpt lat="40.2878782711923122406005859375" lon="9.50063386000692844390869140625">
        <ele>163.399993896484375</ele>
        <time>2026-09-15T11:57:13.000Z</time>
      </trkpt>
      <trkpt lat="40.2878786064684391021728515625" lon="9.5006188564002513885498046875">
        <ele>163.1999969482421875</ele>
        <time>2026-09-15T11:57:14.000Z</time>
      </trkpt>
      <trkpt lat="40.28788422234356403350830078125" lon="9.5006041042506694793701171875">
        <ele>162.600006103515625</ele>
        <time>2026-09-15T11:57:15.000Z</time>
      </trkpt>
      <trkpt lat="40.28789453208446502685546875" lon="9.50057141482830047607421875">
        <ele>161.399993896484375</ele>
        <time>2026-09-15T11:57:17.000Z</time>
      </trkpt>
      <trkpt lat="40.28790056705474853515625" lon="9.50055507011711597442626953125">
        <ele>160.8000030517578125</ele>
        <time>2026-09-15T11:57:18.000Z</time>
      </trkpt>
      <trkpt lat="40.28790769167244434356689453125" lon="9.50052053667604923248291015625">
        <ele>159.600006103515625</ele>
        <time>2026-09-15T11:57:20.000Z</time>
      </trkpt>
      <trkpt lat="40.28789729811251163482666015625" lon="9.50048197992146015167236328125">
        <ele>159.1999969482421875</ele>
        <time>2026-09-15T11:57:22.000Z</time>
      </trkpt>
      <trkpt lat="40.28787181712687015533447265625" lon="9.5004140026867389678955078125">
        <ele>159.399993896484375</ele>
        <time>2026-09-15T11:57:27.000Z</time>
      </trkpt>
      <trkpt lat="40.28785564005374908447265625" lon="9.50038894079625606536865234375">
        <ele>159.8000030517578125</ele>
        <time>2026-09-15T11:57:29.000Z</time>
      </trkpt>
      <trkpt lat="40.28785840608179569244384765625" lon="9.50036354362964630126953125">
        <ele>159.399993896484375</ele>
        <time>2026-09-15T11:57:31.000Z</time>
      </trkpt>
      <trkpt lat="40.28783686459064483642578125" lon="9.50027511455118656158447265625">
        <ele>159.399993896484375</ele>
        <time>2026-09-15T11:57:38.000Z</time>
      </trkpt>
      <trkpt lat="40.2878045104444026947021484375" lon="9.50016732327640056610107421875">
        <ele>158.600006103515625</ele>
        <time>2026-09-15T11:57:46.000Z</time>
      </trkpt>
      <trkpt lat="40.28776620514690876007080078125" lon="9.50005768798291683197021484375">
        <ele>158</ele>
        <time>2026-09-15T11:57:52.000Z</time>
      </trkpt>
      <trkpt lat="40.28775614686310291290283203125" lon="9.5000401698052883148193359375">
        <ele>158.1999969482421875</ele>
        <time>2026-09-15T11:57:53.000Z</time>
      </trkpt>
      <trkpt lat="40.287746004760265350341796875" lon="9.50002499856054782867431640625">
        <ele>158.1999969482421875</ele>
        <time>2026-09-15T11:57:54.000Z</time>
      </trkpt>
      <trkpt lat="40.28766143135726451873779296875" lon="9.49993983842432498931884765625">
        <ele>161.399993896484375</ele>
        <time>2026-09-15T11:58:03.000Z</time>
      </trkpt>
      <trkpt lat="40.2875828929245471954345703125" lon="9.49981779791414737701416015625">
        <ele>164.1999969482421875</ele>
        <time>2026-09-15T11:58:13.000Z</time>
      </trkpt>
      <trkpt lat="40.2875158376991748809814453125" lon="9.499678574502468109130859375">
        <ele>166.1999969482421875</ele>
        <time>2026-09-15T11:58:18.000Z</time>
      </trkpt>
      <trkpt lat="40.287523381412029266357421875" lon="9.499655775725841522216796875">
        <ele>165.600006103515625</ele>
        <time>2026-09-15T11:58:19.000Z</time>
      </trkpt>
      <trkpt lat="40.28754123486578464508056640625" lon="9.49957489036023616790771484375">
        <ele>163.600006103515625</ele>
        <time>2026-09-15T11:58:23.000Z</time>
      </trkpt>
      <trkpt lat="40.28756327927112579345703125" lon="9.499551169574260711669921875">
        <ele>162.399993896484375</ele>
        <time>2026-09-15T11:58:24.000Z</time>
      </trkpt>
      <trkpt lat="40.287602841854095458984375" lon="9.499460645020008087158203125">
        <ele>162</ele>
        <time>2026-09-15T11:58:30.000Z</time>
      </trkpt>
      <trkpt lat="40.2877005748450756072998046875" lon="9.49936442077159881591796875">
        <ele>160</ele>
        <time>2026-09-15T11:58:38.000Z</time>
      </trkpt>
      <trkpt lat="40.2877377904951572418212890625" lon="9.49926559813320636749267578125">
        <ele>160.399993896484375</ele>
        <time>2026-09-15T11:58:46.000Z</time>
      </trkpt>
      <trkpt lat="40.2877651154994964599609375" lon="9.49913769029080867767333984375">
        <ele>161.8000030517578125</ele>
        <time>2026-09-15T11:58:53.000Z</time>
      </trkpt>
      <trkpt lat="40.28781448490917682647705078125" lon="9.49902151711285114288330078125">
        <ele>162.600006103515625</ele>
        <time>2026-09-15T11:59:01.000Z</time>
      </trkpt>
      <trkpt lat="40.28782856650650501251220703125" lon="9.498986899852752685546875">
        <ele>162.8000030517578125</ele>
        <time>2026-09-15T11:59:03.000Z</time>
      </trkpt>
      <trkpt lat="40.2878692187368869781494140625" lon="9.498864524066448211669921875">
        <ele>163.399993896484375</ele>
        <time>2026-09-15T11:59:09.000Z</time>
      </trkpt>
      <trkpt lat="40.2878638543188571929931640625" lon="9.49884432367980480194091796875">
        <ele>164.1999969482421875</ele>
        <time>2026-09-15T11:59:10.000Z</time>
      </trkpt>
      <trkpt lat="40.28785371221601963043212890625" lon="9.49880518019199371337890625">
        <ele>165.399993896484375</ele>
        <time>2026-09-15T11:59:12.000Z</time>
      </trkpt>
      <trkpt lat="40.28784063644707202911376953125" lon="9.49878648854792118072509765625">
        <ele>166.600006103515625</ele>
        <time>2026-09-15T11:59:13.000Z</time>
      </trkpt>
      <trkpt lat="40.28783208690583705902099609375" lon="9.49877165257930755615234375">
        <ele>167.1999969482421875</ele>
        <time>2026-09-15T11:59:14.000Z</time>
      </trkpt>
      <trkpt lat="40.28783745132386684417724609375" lon="9.49873016215860843658447265625">
        <ele>167.8000030517578125</ele>
        <time>2026-09-15T11:59:17.000Z</time>
      </trkpt>
      <trkpt lat="40.28783460147678852081298828125" lon="9.498655982315540313720703125">
        <ele>169.399993896484375</ele>
        <time>2026-09-15T11:59:23.000Z</time>
      </trkpt>
      <trkpt lat="40.28785706497728824615478515625" lon="9.49864030815660953521728515625">
        <ele>168.600006103515625</ele>
        <time>2026-09-15T11:59:25.000Z</time>
      </trkpt>
      <trkpt lat="40.28788908384740352630615234375" lon="9.4985773600637912750244140625">
        <ele>167.600006103515625</ele>
        <time>2026-09-15T11:59:29.000Z</time>
      </trkpt>
      <trkpt lat="40.28787282295525074005126953125" lon="9.49847635813057422637939453125">
        <ele>168.8000030517578125</ele>
        <time>2026-09-15T11:59:35.000Z</time>
      </trkpt>
      <trkpt lat="40.2878762595355510711669921875" lon="9.4984479434788227081298828125">
        <ele>168.600006103515625</ele>
        <time>2026-09-15T11:59:37.000Z</time>
      </trkpt>
      <trkpt lat="40.2878759242594242095947265625" lon="9.498434029519557952880859375">
        <ele>168.8000030517578125</ele>
        <time>2026-09-15T11:59:38.000Z</time>
      </trkpt>
      <trkpt lat="40.28786142356693744659423828125" lon="9.498390443623065948486328125">
        <ele>169.600006103515625</ele>
        <time>2026-09-15T11:59:41.000Z</time>
      </trkpt>
      <trkpt lat="40.28785622678697109222412109375" lon="9.49837602674961090087890625">
        <ele>170</ele>
        <time>2026-09-15T11:59:43.000Z</time>
      </trkpt>
      <trkpt lat="40.28784214518964290618896484375" lon="9.498348198831081390380859375">
        <ele>170.8000030517578125</ele>
        <time>2026-09-15T11:59:44.000Z</time>
      </trkpt>
      <trkpt lat="40.2878340147435665130615234375" lon="9.498332105576992034912109375">
        <ele>171.1999969482421875</ele>
        <time>2026-09-15T11:59:45.000Z</time>
      </trkpt>
      <trkpt lat="40.2878214418888092041015625" lon="9.49831156991422176361083984375">
        <ele>171.600006103515625</ele>
        <time>2026-09-15T11:59:46.000Z</time>
      </trkpt>
      <trkpt lat="40.287812389433383941650390625" lon="9.49829421937465667724609375">
        <ele>171.8000030517578125</ele>
        <time>2026-09-15T11:59:47.000Z</time>
      </trkpt>
      <trkpt lat="40.28780191205441951751708984375" lon="9.49825893156230449676513671875">
        <ele>172</ele>
        <time>2026-09-15T11:59:49.000Z</time>
      </trkpt>
      <trkpt lat="40.28779654763638973236083984375" lon="9.49822171591222286224365234375">
        <ele>171.8000030517578125</ele>
        <time>2026-09-15T11:59:51.000Z</time>
      </trkpt>
      <trkpt lat="40.2877991460263729095458984375" lon="9.49820394627749919891357421875">
        <ele>171.600006103515625</ele>
        <time>2026-09-15T11:59:52.000Z</time>
      </trkpt>
      <trkpt lat="40.287800990045070648193359375" lon="9.498131275177001953125">
        <ele>170.8000030517578125</ele>
        <time>2026-09-15T11:59:56.000Z</time>
      </trkpt>
      <trkpt lat="40.2877864055335521697998046875" lon="9.49807385914027690887451171875">
        <ele>171.399993896484375</ele>
        <time>2026-09-15T11:59:59.000Z</time>
      </trkpt>
      <trkpt lat="40.28776302002370357513427734375" lon="9.49800814501941204071044921875">
        <ele>172.1999969482421875</ele>
        <time>2026-09-15T12:00:03.000Z</time>
      </trkpt>
      <trkpt lat="40.287709124386310577392578125" lon="9.49789163656532764434814453125">
        <ele>174.600006103515625</ele>
        <time>2026-09-15T12:00:09.000Z</time>
      </trkpt>
      <trkpt lat="40.28770744800567626953125" lon="9.497876130044460296630859375">
        <ele>174.600006103515625</ele>
        <time>2026-09-15T12:00:10.000Z</time>
      </trkpt>
      <trkpt lat="40.28769361786544322967529296875" lon="9.497840590775012969970703125">
        <ele>175.600006103515625</ele>
        <time>2026-09-15T12:00:12.000Z</time>
      </trkpt>
      <trkpt lat="40.287664867937564849853515625" lon="9.49772827327251434326171875">
        <ele>177.1999969482421875</ele>
        <time>2026-09-15T12:00:19.000Z</time>
      </trkpt>
      <trkpt lat="40.2876261435449123382568359375" lon="9.49755803681910037994384765625">
        <ele>179.399993896484375</ele>
        <time>2026-09-15T12:00:28.000Z</time>
      </trkpt>
      <trkpt lat="40.2876294963061809539794921875" lon="9.49745879508554935455322265625">
        <ele>179</ele>
        <time>2026-09-15T12:00:34.000Z</time>
      </trkpt>
      <trkpt lat="40.28761181049048900604248046875" lon="9.49733993969857692718505859375">
        <ele>179.399993896484375</ele>
        <time>2026-09-15T12:00:41.000Z</time>
      </trkpt>
      <trkpt lat="40.28760611079633235931396484375" lon="9.49731596745550632476806640625">
        <ele>179.600006103515625</ele>
        <time>2026-09-15T12:00:42.000Z</time>
      </trkpt>
      <trkpt lat="40.28757727704942226409912109375" lon="9.49721873737871646881103515625">
        <ele>180.600006103515625</ele>
        <time>2026-09-15T12:00:48.000Z</time>
      </trkpt>
      <trkpt lat="40.28757861815392971038818359375" lon="9.49719828553497791290283203125">
        <ele>180.399993896484375</ele>
        <time>2026-09-15T12:00:49.000Z</time>
      </trkpt>
      <trkpt lat="40.28753905557096004486083984375" lon="9.497077167034149169921875">
        <ele>181.399993896484375</ele>
        <time>2026-09-15T12:00:56.000Z</time>
      </trkpt>
      <trkpt lat="40.2875411510467529296875" lon="9.49704221449792385101318359375">
        <ele>181</ele>
        <time>2026-09-15T12:00:59.000Z</time>
      </trkpt>
      <trkpt lat="40.28752296231687068939208984375" lon="9.49698664247989654541015625">
        <ele>181.600006103515625</ele>
        <time>2026-09-15T12:01:03.000Z</time>
      </trkpt>
      <trkpt lat="40.2874880097806453704833984375" lon="9.496878683567047119140625">
        <ele>182.1999969482421875</ele>
        <time>2026-09-15T12:01:10.000Z</time>
      </trkpt>
      <trkpt lat="40.2874839864671230316162109375" lon="9.49686300940811634063720703125">
        <ele>182</ele>
        <time>2026-09-15T12:01:11.000Z</time>
      </trkpt>
      <trkpt lat="40.28744450770318508148193359375" lon="9.49672839604318141937255859375">
        <ele>182</ele>
        <time>2026-09-15T12:01:19.000Z</time>
      </trkpt>
      <trkpt lat="40.28744299896061420440673828125" lon="9.49664021842181682586669921875">
        <ele>180.600006103515625</ele>
        <time>2026-09-15T12:01:23.000Z</time>
      </trkpt>
      <trkpt lat="40.287410728633403778076171875" lon="9.4965529628098011016845703125">
        <ele>180.600006103515625</ele>
        <time>2026-09-15T12:01:28.000Z</time>
      </trkpt>
      <trkpt lat="40.28739295899868011474609375" lon="9.49649722315371036529541015625">
        <ele>180.399993896484375</ele>
        <time>2026-09-15T12:01:31.000Z</time>
      </trkpt>
      <trkpt lat="40.2873884327709674835205078125" lon="9.496408291161060333251953125">
        <ele>179.399993896484375</ele>
        <time>2026-09-15T12:01:37.000Z</time>
      </trkpt>
      <trkpt lat="40.28738147579133510589599609375" lon="9.496393539011478424072265625">
        <ele>179.399993896484375</ele>
        <time>2026-09-15T12:01:38.000Z</time>
      </trkpt>
      <trkpt lat="40.28730000369250774383544921875" lon="9.49622984044253826141357421875">
        <ele>180.399993896484375</ele>
        <time>2026-09-15T12:01:48.000Z</time>
      </trkpt>
      <trkpt lat="40.287308134138584136962890625" lon="9.49618474580347537994384765625">
        <ele>179.399993896484375</ele>
        <time>2026-09-15T12:01:50.000Z</time>
      </trkpt>
      <trkpt lat="40.2873374707996845245361328125" lon="9.49616856873035430908203125">
        <ele>178</ele>
        <time>2026-09-15T12:01:53.000Z</time>
      </trkpt>
      <trkpt lat="40.287295393645763397216796875" lon="9.4961442612111568450927734375">
        <ele>179.1999969482421875</ele>
        <time>2026-09-15T12:01:58.000Z</time>
      </trkpt>
      <trkpt lat="40.28723177500069141387939453125" lon="9.496045522391796112060546875">
        <ele>180.600006103515625</ele>
        <time>2026-09-15T12:02:06.000Z</time>
      </trkpt>
      <trkpt lat="40.2872003428637981414794921875" lon="9.49591535143554210662841796875">
        <ele>180.399993896484375</ele>
        <time>2026-09-15T12:02:14.000Z</time>
      </trkpt>
      <trkpt lat="40.28718106448650360107421875" lon="9.4957355596125125885009765625">
        <ele>178.8000030517578125</ele>
        <time>2026-09-15T12:02:25.000Z</time>
      </trkpt>
      <trkpt lat="40.28714192099869251251220703125" lon="9.4955146126449108123779296875">
        <ele>177.1999969482421875</ele>
        <time>2026-09-15T12:02:38.000Z</time>
      </trkpt>
      <trkpt lat="40.28711895458400249481201171875" lon="9.49536968953907489776611328125">
        <ele>176</ele>
        <time>2026-09-15T12:02:46.000Z</time>
      </trkpt>
      <trkpt lat="40.287071764469146728515625" lon="9.49519853107631206512451171875">
        <ele>175.8000030517578125</ele>
        <time>2026-09-15T12:02:57.000Z</time>
      </trkpt>
      <trkpt lat="40.2870451100170612335205078125" lon="9.4951365888118743896484375">
        <ele>176.399993896484375</ele>
        <time>2026-09-15T12:03:01.000Z</time>
      </trkpt>
      <trkpt lat="40.2870477922260761260986328125" lon="9.49508788995444774627685546875">
        <ele>176</ele>
        <time>2026-09-15T12:03:04.000Z</time>
      </trkpt>
      <trkpt lat="40.2870162762701511383056640625" lon="9.4950029812753200531005859375">
        <ele>176.8000030517578125</ele>
        <time>2026-09-15T12:03:10.000Z</time>
      </trkpt>
      <trkpt lat="40.28699557296931743621826171875" lon="9.49493600986897945404052734375">
        <ele>177</ele>
        <time>2026-09-15T12:03:13.000Z</time>
      </trkpt>
      <trkpt lat="40.2869679965078830718994140625" lon="9.49487482197582721710205078125">
        <ele>177.399993896484375</ele>
        <time>2026-09-15T12:03:18.000Z</time>
      </trkpt>
      <trkpt lat="40.28692952357232570648193359375" lon="9.49471120722591876983642578125">
        <ele>177.399993896484375</ele>
        <time>2026-09-15T12:03:27.000Z</time>
      </trkpt>
      <trkpt lat="40.28691158629953861236572265625" lon="9.49456552974879741668701171875">
        <ele>177</ele>
        <time>2026-09-15T12:03:35.000Z</time>
      </trkpt>
      <trkpt lat="40.28690035454928874969482421875" lon="9.494397975504398345947265625">
        <ele>175.600006103515625</ele>
        <time>2026-09-15T12:03:45.000Z</time>
      </trkpt>
      <trkpt lat="40.28689918108284473419189453125" lon="9.4943387992680072784423828125">
        <ele>174.600006103515625</ele>
        <time>2026-09-15T12:03:48.000Z</time>
      </trkpt>
      <trkpt lat="40.2869079820811748504638671875" lon="9.4943029247224330902099609375">
        <ele>173.600006103515625</ele>
        <time>2026-09-15T12:03:50.000Z</time>
      </trkpt>
      <trkpt lat="40.28690571896731853485107421875" lon="9.49428498744964599609375">
        <ele>173.399993896484375</ele>
        <time>2026-09-15T12:03:51.000Z</time>
      </trkpt>
      <trkpt lat="40.28691426850855350494384765625" lon="9.49415632523596286773681640625">
        <ele>170.600006103515625</ele>
        <time>2026-09-15T12:03:58.000Z</time>
      </trkpt>
      <trkpt lat="40.28691628016531467437744140625" lon="9.494031853973865509033203125">
        <ele>168.399993896484375</ele>
        <time>2026-09-15T12:04:05.000Z</time>
      </trkpt>
      <trkpt lat="40.28689163736999034881591796875" lon="9.49388575740158557891845703125">
        <ele>166.8000030517578125</ele>
        <time>2026-09-15T12:04:14.000Z</time>
      </trkpt>
      <trkpt lat="40.28687302954494953155517578125" lon="9.49379221536219120025634765625">
        <ele>167.1999969482421875</ele>
        <time>2026-09-15T12:04:20.000Z</time>
      </trkpt>
      <trkpt lat="40.2868115901947021484375" lon="9.49365441687405109405517578125">
        <ele>169.600006103515625</ele>
        <time>2026-09-15T12:04:29.000Z</time>
      </trkpt>
      <trkpt lat="40.2868094108998775482177734375" lon="9.4935245811939239501953125">
        <ele>169.399993896484375</ele>
        <time>2026-09-15T12:04:37.000Z</time>
      </trkpt>
      <trkpt lat="40.28679616749286651611328125" lon="9.49338166974484920501708984375">
        <ele>167.600006103515625</ele>
        <time>2026-09-15T12:04:46.000Z</time>
      </trkpt>
      <trkpt lat="40.28678133152425289154052734375" lon="9.49326910078525543212890625">
        <ele>166.8000030517578125</ele>
        <time>2026-09-15T12:04:54.000Z</time>
      </trkpt>
      <trkpt lat="40.28677546419203281402587890625" lon="9.49325828813016414642333984375">
        <ele>167</ele>
        <time>2026-09-15T12:04:55.000Z</time>
      </trkpt>
      <trkpt lat="40.28675434179604053497314453125" lon="9.4931763969361782073974609375">
        <ele>167.1999969482421875</ele>
        <time>2026-09-15T12:05:00.000Z</time>
      </trkpt>
      <trkpt lat="40.28674277476966381072998046875" lon="9.49302074499428272247314453125">
        <ele>165.600006103515625</ele>
        <time>2026-09-15T12:05:09.000Z</time>
      </trkpt>
      <trkpt lat="40.28673238120973110198974609375" lon="9.4930003769695758819580078125">
        <ele>165.8000030517578125</ele>
        <time>2026-09-15T12:05:10.000Z</time>
      </trkpt>
      <trkpt lat="40.28670270927250385284423828125" lon="9.49291949160397052764892578125">
        <ele>166</ele>
        <time>2026-09-15T12:05:15.000Z</time>
      </trkpt>
      <trkpt lat="40.286689884960651397705078125" lon="9.49286031536757946014404296875">
        <ele>165.399993896484375</ele>
        <time>2026-09-15T12:05:19.000Z</time>
      </trkpt>
      <trkpt lat="40.286679156124591827392578125" lon="9.49283181689679622650146484375">
        <ele>165.600006103515625</ele>
        <time>2026-09-15T12:05:21.000Z</time>
      </trkpt>
      <trkpt lat="40.28668242506682872772216796875" lon="9.49280365370213985443115234375">
        <ele>165</ele>
        <time>2026-09-15T12:05:23.000Z</time>
      </trkpt>
      <trkpt lat="40.2867014519870281219482421875" lon="9.4927348382771015167236328125">
        <ele>162.1999969482421875</ele>
        <time>2026-09-15T12:05:28.000Z</time>
      </trkpt>
      <trkpt lat="40.2866957522928714752197265625" lon="9.4927271269261837005615234375">
        <ele>162.399993896484375</ele>
        <time>2026-09-15T12:05:29.000Z</time>
      </trkpt>
      <trkpt lat="40.28667471371591091156005859375" lon="9.492637105286121368408203125">
        <ele>160.600006103515625</ele>
        <time>2026-09-15T12:05:34.000Z</time>
      </trkpt>
      <trkpt lat="40.2866501547396183013916015625" lon="9.49252746999263763427734375">
        <ele>158.8000030517578125</ele>
        <time>2026-09-15T12:05:42.000Z</time>
      </trkpt>
      <trkpt lat="40.2866468019783496856689453125" lon="9.49251112528145313262939453125">
        <ele>158.600006103515625</ele>
        <time>2026-09-15T12:05:43.000Z</time>
      </trkpt>
      <trkpt lat="40.286626853048801422119140625" lon="9.49236377142369747161865234375">
        <ele>155.8000030517578125</ele>
        <time>2026-09-15T12:05:52.000Z</time>
      </trkpt>
      <trkpt lat="40.286622829735279083251953125" lon="9.4923390448093414306640625">
        <ele>155.399993896484375</ele>
        <time>2026-09-15T12:05:54.000Z</time>
      </trkpt>
      <trkpt lat="40.28661821968853473663330078125" lon="9.49231155216693878173828125">
        <ele>154.8000030517578125</ele>
        <time>2026-09-15T12:05:56.000Z</time>
      </trkpt>
      <trkpt lat="40.2866183035075664520263671875" lon="9.49229151941835880279541015625">
        <ele>154.399993896484375</ele>
        <time>2026-09-15T12:05:57.000Z</time>
      </trkpt>
      <trkpt lat="40.2866198122501373291015625" lon="9.4921890087425708770751953125">
        <ele>152.600006103515625</ele>
        <time>2026-09-15T12:06:03.000Z</time>
      </trkpt>
      <trkpt lat="40.2865941636264324188232421875" lon="9.49213427491486072540283203125">
        <ele>153</ele>
        <time>2026-09-15T12:06:07.000Z</time>
      </trkpt>
      <trkpt lat="40.28658083640038967132568359375" lon="9.49210678227245807647705078125">
        <ele>153.1999969482421875</ele>
        <time>2026-09-15T12:06:09.000Z</time>
      </trkpt>
      <trkpt lat="40.28657128103077411651611328125" lon="9.49209320358932018280029296875">
        <ele>153.600006103515625</ele>
        <time>2026-09-15T12:06:10.000Z</time>
      </trkpt>
      <trkpt lat="40.28654403984546661376953125" lon="9.4919824786484241485595703125">
        <ele>153.8000030517578125</ele>
        <time>2026-09-15T12:06:16.000Z</time>
      </trkpt>
      <trkpt lat="40.286553092300891876220703125" lon="9.4919026829302310943603515625">
        <ele>152.600006103515625</ele>
        <time>2026-09-15T12:06:21.000Z</time>
      </trkpt>
      <trkpt lat="40.2865861169993877410888671875" lon="9.49189589358866214752197265625">
        <ele>151.399993896484375</ele>
        <time>2026-09-15T12:06:23.000Z</time>
      </trkpt>
      <trkpt lat="40.2865931577980518341064453125" lon="9.49189983308315277099609375">
        <ele>151.1999969482421875</ele>
        <time>2026-09-15T12:06:24.000Z</time>
      </trkpt>
      <trkpt lat="40.2866136096417903900146484375" lon="9.49189572595059871673583984375">
        <ele>150.8000030517578125</ele>
        <time>2026-09-15T12:06:26.000Z</time>
      </trkpt>
      <trkpt lat="40.28662911616265773773193359375" lon="9.4918763637542724609375">
        <ele>150.399993896484375</ele>
        <time>2026-09-15T12:06:28.000Z</time>
      </trkpt>
      <trkpt lat="40.2866404317319393157958984375" lon="9.491867981851100921630859375">
        <ele>150.1999969482421875</ele>
        <time>2026-09-15T12:06:29.000Z</time>
      </trkpt>
      <trkpt lat="40.28664856217801570892333984375" lon="9.49187032878398895263671875">
        <ele>150</ele>
        <time>2026-09-15T12:06:30.000Z</time>
      </trkpt>
      <trkpt lat="40.2866722829639911651611328125" lon="9.49190041981637477874755859375">
        <ele>149.600006103515625</ele>
        <time>2026-09-15T12:06:33.000Z</time>
      </trkpt>
      <trkpt lat="40.286694578826427459716796875" lon="9.4919254817068576812744140625">
        <ele>149.399993896484375</ele>
        <time>2026-09-15T12:06:35.000Z</time>
      </trkpt>
      <trkpt lat="40.28670807369053363800048828125" lon="9.49193864129483699798583984375">
        <ele>149.1999969482421875</ele>
        <time>2026-09-15T12:06:36.000Z</time>
      </trkpt>
      <trkpt lat="40.28673221357166767120361328125" lon="9.49196127243340015411376953125">
        <ele>148.8000030517578125</ele>
        <time>2026-09-15T12:06:38.000Z</time>
      </trkpt>
      <trkpt lat="40.2867316268384456634521484375" lon="9.49192531406879425048828125">
        <ele>148.8000030517578125</ele>
        <time>2026-09-15T12:06:41.000Z</time>
      </trkpt>
      <trkpt lat="40.2867044694721698760986328125" lon="9.49185783974826335906982421875">
        <ele>149</ele>
        <time>2026-09-15T12:06:46.000Z</time>
      </trkpt>
      <trkpt lat="40.28670505620539188385009765625" lon="9.4918446801602840423583984375">
        <ele>148.8000030517578125</ele>
        <time>2026-09-15T12:06:47.000Z</time>
      </trkpt>
      <trkpt lat="40.28673657216131687164306640625" lon="9.4918026030063629150390625">
        <ele>148.1999969482421875</ele>
        <time>2026-09-15T12:06:50.000Z</time>
      </trkpt>
      <trkpt lat="40.28674914501607418060302734375" lon="9.49177888222038745880126953125">
        <ele>148.1999969482421875</ele>
        <time>2026-09-15T12:06:51.000Z</time>
      </trkpt>
      <trkpt lat="40.28679306618869304656982421875" lon="9.4916897825896739959716796875">
        <ele>148.399993896484375</ele>
        <time>2026-09-15T12:06:55.000Z</time>
      </trkpt>
      <trkpt lat="40.28681569732725620269775390625" lon="9.49167343787848949432373046875">
        <ele>148.399993896484375</ele>
        <time>2026-09-15T12:06:56.000Z</time>
      </trkpt>
      <trkpt lat="40.2868759632110595703125" lon="9.491573609411716461181640625">
        <ele>148.600006103515625</ele>
        <time>2026-09-15T12:07:00.000Z</time>
      </trkpt>
      <trkpt lat="40.2869094908237457275390625" lon="9.4915194623172283172607421875">
        <ele>149.1999969482421875</ele>
        <time>2026-09-15T12:07:02.000Z</time>
      </trkpt>
      <trkpt lat="40.2869519032537937164306640625" lon="9.49142483063042163848876953125">
        <ele>150</ele>
        <time>2026-09-15T12:07:05.000Z</time>
      </trkpt>
      <trkpt lat="40.28697009198367595672607421875" lon="9.49143103323876857757568359375">
        <ele>150.1999969482421875</ele>
        <time>2026-09-15T12:07:06.000Z</time>
      </trkpt>
      <trkpt lat="40.287007391452789306640625" lon="9.49143639765679836273193359375">
        <ele>150.399993896484375</ele>
        <time>2026-09-15T12:07:08.000Z</time>
      </trkpt>
      <trkpt lat="40.2870327048003673553466796875" lon="9.49144276790320873260498046875">
        <ele>150.399993896484375</ele>
        <time>2026-09-15T12:07:09.000Z</time>
      </trkpt>
      <trkpt lat="40.28705106116831302642822265625" lon="9.49145592749118804931640625">
        <ele>150.399993896484375</ele>
        <time>2026-09-15T12:07:10.000Z</time>
      </trkpt>
      <trkpt lat="40.28706480748951435089111328125" lon="9.49145684950053691864013671875">
        <ele>150.600006103515625</ele>
        <time>2026-09-15T12:07:11.000Z</time>
      </trkpt>
      <trkpt lat="40.2871185354888439178466796875" lon="9.49149054475128650665283203125">
        <ele>150.600006103515625</ele>
        <time>2026-09-15T12:07:14.000Z</time>
      </trkpt>
      <trkpt lat="40.28713052161037921905517578125" lon="9.4915016926825046539306640625">
        <ele>150.600006103515625</ele>
        <time>2026-09-15T12:07:16.000Z</time>
      </trkpt>
      <trkpt lat="40.28721383772790431976318359375" lon="9.49152792803943157196044921875">
        <ele>150.1999969482421875</ele>
        <time>2026-09-15T12:07:23.000Z</time>
      </trkpt>
      <trkpt lat="40.287230350077152252197265625" lon="9.4915305264294147491455078125">
        <ele>150.1999969482421875</ele>
        <time>2026-09-15T12:07:24.000Z</time>
      </trkpt>
      <trkpt lat="40.28734710998833179473876953125" lon="9.49156413786113262176513671875">
        <ele>149.399993896484375</ele>
        <time>2026-09-15T12:07:34.000Z</time>
      </trkpt>
      <trkpt lat="40.28738616965711116790771484375" lon="9.491595737636089324951171875">
        <ele>149</ele>
        <time>2026-09-15T12:07:37.000Z</time>
      </trkpt>
      <trkpt lat="40.28743646107614040374755859375" lon="9.49162918142974376678466796875">
        <ele>148.600006103515625</ele>
        <time>2026-09-15T12:07:40.000Z</time>
      </trkpt>
      <trkpt lat="40.28745305724442005157470703125" lon="9.49164728634059429168701171875">
        <ele>148.1999969482421875</ele>
        <time>2026-09-15T12:07:41.000Z</time>
      </trkpt>
      <trkpt lat="40.2874642051756381988525390625" lon="9.4916599430143833160400390625">
        <ele>147.8000030517578125</ele>
        <time>2026-09-15T12:07:42.000Z</time>
      </trkpt>
      <trkpt lat="40.28754542581737041473388671875" lon="9.4917543232440948486328125">
        <ele>145.399993896484375</ele>
        <time>2026-09-15T12:07:49.000Z</time>
      </trkpt>
      <trkpt lat="40.28756805695593357086181640625" lon="9.49179279617965221405029296875">
        <ele>144.399993896484375</ele>
        <time>2026-09-15T12:07:52.000Z</time>
      </trkpt>
      <trkpt lat="40.28764919377863407135009765625" lon="9.49190377257764339447021484375">
        <ele>141.399993896484375</ele>
        <time>2026-09-15T12:08:00.000Z</time>
      </trkpt>
      <trkpt lat="40.28766176663339138031005859375" lon="9.4919187761843204498291015625">
        <ele>141</ele>
        <time>2026-09-15T12:08:01.000Z</time>
      </trkpt>
      <trkpt lat="40.28780526481568813323974609375" lon="9.49200787581503391265869140625">
        <ele>139.1999969482421875</ele>
        <time>2026-09-15T12:08:11.000Z</time>
      </trkpt>
      <trkpt lat="40.28789830394089221954345703125" lon="9.49205850251019001007080078125">
        <ele>138.600006103515625</ele>
        <time>2026-09-15T12:08:20.000Z</time>
      </trkpt>
      <trkpt lat="40.28790970332920551300048828125" lon="9.49206210672855377197265625">
        <ele>138.600006103515625</ele>
        <time>2026-09-15T12:08:21.000Z</time>
      </trkpt>
      <trkpt lat="40.287930406630039215087890625" lon="9.49208113364875316619873046875">
        <ele>138.1999969482421875</ele>
        <time>2026-09-15T12:08:23.000Z</time>
      </trkpt>
      <trkpt lat="40.28794256038963794708251953125" lon="9.492095969617366790771484375">
        <ele>138</ele>
        <time>2026-09-15T12:08:24.000Z</time>
      </trkpt>
      <trkpt lat="40.2879547141492366790771484375" lon="9.4921095483005046844482421875">
        <ele>137.8000030517578125</ele>
        <time>2026-09-15T12:08:25.000Z</time>
      </trkpt>
      <trkpt lat="40.28806091286242008209228515625" lon="9.49221356771886348724365234375">
        <ele>136.1999969482421875</ele>
        <time>2026-09-15T12:08:34.000Z</time>
      </trkpt>
      <trkpt lat="40.28815126977860927581787109375" lon="9.49228364042937755584716796875">
        <ele>135</ele>
        <time>2026-09-15T12:08:43.000Z</time>
      </trkpt>
      <trkpt lat="40.28829359449446201324462890625" lon="9.49237684719264507293701171875">
        <ele>133.600006103515625</ele>
        <time>2026-09-15T12:08:54.000Z</time>
      </trkpt>
      <trkpt lat="40.288380347192287445068359375" lon="9.4924904219806194305419921875">
        <ele>131.8000030517578125</ele>
        <time>2026-09-15T12:09:03.000Z</time>
      </trkpt>
      <trkpt lat="40.28845000080764293670654296875" lon="9.492563344538211822509765625">
        <ele>130.399993896484375</ele>
        <time>2026-09-15T12:09:11.000Z</time>
      </trkpt>
      <trkpt lat="40.2885283716022968292236328125" lon="9.492611624300479888916015625">
        <ele>129.399993896484375</ele>
        <time>2026-09-15T12:09:18.000Z</time>
      </trkpt>
      <trkpt lat="40.28854086063802242279052734375" lon="9.492614977061748504638671875">
        <ele>129.399993896484375</ele>
        <time>2026-09-15T12:09:19.000Z</time>
      </trkpt>
      <trkpt lat="40.28863825835287570953369140625" lon="9.49261690489947795867919921875">
        <ele>129</ele>
        <time>2026-09-15T12:09:26.000Z</time>
      </trkpt>
      <trkpt lat="40.28874085284769535064697265625" lon="9.492528140544891357421875">
        <ele>130.399993896484375</ele>
        <time>2026-09-15T12:09:32.000Z</time>
      </trkpt>
      <trkpt lat="40.288832969963550567626953125" lon="9.4925266318023204803466796875">
        <ele>130.399993896484375</ele>
        <time>2026-09-15T12:09:37.000Z</time>
      </trkpt>
      <trkpt lat="40.28886674903333187103271484375" lon="9.492547251284122467041015625">
        <ele>130.1999969482421875</ele>
        <time>2026-09-15T12:09:38.000Z</time>
      </trkpt>
      <trkpt lat="40.2889598719775676727294921875" lon="9.4925678707659244537353515625">
        <ele>129.8000030517578125</ele>
        <time>2026-09-15T12:09:43.000Z</time>
      </trkpt>
      <trkpt lat="40.28899691998958587646484375" lon="9.4925876520574092864990234375">
        <ele>129.399993896484375</ele>
        <time>2026-09-15T12:09:45.000Z</time>
      </trkpt>
      <trkpt lat="40.28910160996019840240478515625" lon="9.4926614128053188323974609375">
        <ele>128.1999969482421875</ele>
        <time>2026-09-15T12:09:52.000Z</time>
      </trkpt>
      <trkpt lat="40.2891499735414981842041015625" lon="9.4927016459405422210693359375">
        <ele>127.40000152587890625</ele>
        <time>2026-09-15T12:09:57.000Z</time>
      </trkpt>
      <trkpt lat="40.2891764603555202484130859375" lon="9.492720253765583038330078125">
        <ele>127.1999969482421875</ele>
        <time>2026-09-15T12:09:59.000Z</time>
      </trkpt>
      <trkpt lat="40.28927964158356189727783203125" lon="9.49270776472985744476318359375">
        <ele>126.40000152587890625</ele>
        <time>2026-09-15T12:10:06.000Z</time>
      </trkpt>
      <trkpt lat="40.28934267349541187286376953125" lon="9.4925983808934688568115234375">
        <ele>127.1999969482421875</ele>
        <time>2026-09-15T12:10:13.000Z</time>
      </trkpt>
      <trkpt lat="40.2894205413758754730224609375" lon="9.49245236814022064208984375">
        <ele>126.59999847412109375</ele>
        <time>2026-09-15T12:10:21.000Z</time>
      </trkpt>
      <trkpt lat="40.28944996185600757598876953125" lon="9.4923660345375537872314453125">
        <ele>125</ele>
        <time>2026-09-15T12:10:27.000Z</time>
      </trkpt>
      <trkpt lat="40.2894507162272930145263671875" lon="9.49234851635992527008056640625">
        <ele>124.8000030517578125</ele>
        <time>2026-09-15T12:10:28.000Z</time>
      </trkpt>
      <trkpt lat="40.28945096768438816070556640625" lon="9.4923095405101776123046875">
        <ele>124.59999847412109375</ele>
        <time>2026-09-15T12:10:30.000Z</time>
      </trkpt>
      <trkpt lat="40.2894822321832180023193359375" lon="9.4922848977148532867431640625">
        <ele>123.40000152587890625</ele>
        <time>2026-09-15T12:10:32.000Z</time>
      </trkpt>
      <trkpt lat="40.289496146142482757568359375" lon="9.4922411441802978515625">
        <ele>123</ele>
        <time>2026-09-15T12:10:35.000Z</time>
      </trkpt>
      <trkpt lat="40.28949446976184844970703125" lon="9.4921588338911533355712890625">
        <ele>122.59999847412109375</ele>
        <time>2026-09-15T12:10:39.000Z</time>
      </trkpt>
      <trkpt lat="40.2895144186913967132568359375" lon="9.49214768595993518829345703125">
        <ele>122</ele>
        <time>2026-09-15T12:10:41.000Z</time>
      </trkpt>
      <trkpt lat="40.28953336179256439208984375" lon="9.49212245643138885498046875">
        <ele>121.40000152587890625</ele>
        <time>2026-09-15T12:10:43.000Z</time>
      </trkpt>
      <trkpt lat="40.28957300819456577301025390625" lon="9.49207560159265995025634765625">
        <ele>120</ele>
        <time>2026-09-15T12:10:47.000Z</time>
      </trkpt>
      <trkpt lat="40.28960234485566616058349609375" lon="9.492048360407352447509765625">
        <ele>119.1999969482421875</ele>
        <time>2026-09-15T12:10:50.000Z</time>
      </trkpt>
      <trkpt lat="40.2896176837384700775146484375" lon="9.4920354522764682769775390625">
        <ele>118.59999847412109375</ele>
        <time>2026-09-15T12:10:52.000Z</time>
      </trkpt>
      <trkpt lat="40.28966906480491161346435546875" lon="9.49205900542438030242919921875">
        <ele>117.40000152587890625</ele>
        <time>2026-09-15T12:10:56.000Z</time>
      </trkpt>
      <trkpt lat="40.2896733395755290985107421875" lon="9.49207409285008907318115234375">
        <ele>117.40000152587890625</ele>
        <time>2026-09-15T12:10:57.000Z</time>
      </trkpt>
      <trkpt lat="40.28967342339456081390380859375" lon="9.49209387414157390594482421875">
        <ele>117.40000152587890625</ele>
        <time>2026-09-15T12:10:58.000Z</time>
      </trkpt>
    </trkseg>
  </trk>
</gpx>
