<?xml version="1.0" encoding="UTF-8"?>
<gpx creator="sardegna-trek" version="1.1"
  xsi:schemaLocation="http://www.topografix.com/GPX/1/1 http://www.topografix.com/GPX/11.xsd"
  xmlns="http://www.topografix.com/GPX/1/1"
  xmlns:xsi="http://www.w3.org/2001/XMLSchema-instance">
  <metadata>
    <time>2026-09-22T06:42:47.000Z</time>
  </metadata>
  <trk>
    <name>Hiking to Punta de Su Guardianu</name>
    <trkseg>
      <trkpt lat="39.45677678100764751434326171875" lon="8.38415932841598987579345703125">
        <ele>14</ele>
        <time>2026-09-22T06:42:47.000Z</time>
      </trkpt>
      <trkpt lat="39.456768147647380828857421875" lon="8.3841711468994617462158203125">
        <ele>14</ele>
        <time>2026-09-22T06:42:48.000Z</time>
      </trkpt>
      <trkpt lat="39.45673654787242412567138671875" lon="8.38427449576556682586669921875">
        <ele>14</ele>
        <time>2026-09-22T06:42:55.000Z</time>
      </trkpt>
      <trkpt lat="39.45662925951182842254638671875" lon="8.3843833766877651214599609375">
        <ele>13.80000019073486328125</ele>
        <time>2026-09-22T06:43:06.000Z</time>
      </trkpt>
      <trkpt lat="39.45654787123203277587890625" lon="8.3843860588967800140380859375">
        <ele>13.6000003814697265625</ele>
        <time>2026-09-22T06:43:14.000Z</time>
      </trkpt>
      <trkpt lat="39.45645374245941638946533203125" lon="8.38444666005671024322509765625">
        <ele>13.19999980926513671875</ele>
        <time>2026-09-22T06:43:21.000Z</time>
      </trkpt>
      <trkpt lat="39.45643295533955097198486328125" lon="8.3844725601375102996826171875">
        <ele>13.19999980926513671875</ele>
        <time>2026-09-22T06:43:23.000Z</time>
      </trkpt>
      <trkpt lat="39.4564533233642578125" lon="8.38451857678592205047607421875">
        <ele>13.3999996185302734375</ele>
        <time>2026-09-22T06:43:26.000Z</time>
      </trkpt>
      <trkpt lat="39.45647620595991611480712890625" lon="8.3846418745815753936767578125">
        <ele>13.80000019073486328125</ele>
        <time>2026-09-22T06:43:33.000Z</time>
      </trkpt>
      <trkpt lat="39.4565312750637531280517578125" lon="8.38473885320127010345458984375">
        <ele>14.19999980926513671875</ele>
        <time>2026-09-22T06:43:40.000Z</time>
      </trkpt>
      <trkpt lat="39.456533454358577728271484375" lon="8.384753353893756866455078125">
        <ele>14.19999980926513671875</ele>
        <time>2026-09-22T06:43:41.000Z</time>
      </trkpt>
      <trkpt lat="39.456525407731533050537109375" lon="8.384822420775890350341796875">
        <ele>14.3999996185302734375</ele>
        <time>2026-09-22T06:43:45.000Z</time>
      </trkpt>
      <trkpt lat="39.45651627145707607269287109375" lon="8.3848537690937519073486328125">
        <ele>14.6000003814697265625</ele>
        <time>2026-09-22T06:43:47.000Z</time>
      </trkpt>
      <trkpt lat="39.4565135054290294647216796875" lon="8.384870029985904693603515625">
        <ele>14.6000003814697265625</ele>
        <time>2026-09-22T06:43:48.000Z</time>
      </trkpt>
      <trkpt lat="39.4565071351826190948486328125" lon="8.384918309748172760009765625">
        <ele>14.80000019073486328125</ele>
        <time>2026-09-22T06:43:51.000Z</time>
      </trkpt>
      <trkpt lat="39.4565054588019847869873046875" lon="8.38493473827838897705078125">
        <ele>14.80000019073486328125</ele>
        <time>2026-09-22T06:43:52.000Z</time>
      </trkpt>
      <trkpt lat="39.45651744492352008819580078125" lon="8.38503289036452770233154296875">
        <ele>15.19999980926513671875</ele>
        <time>2026-09-22T06:43:57.000Z</time>
      </trkpt>
      <trkpt lat="39.45658014155924320220947265625" lon="8.38522684760391712188720703125">
        <ele>15.80000019073486328125</ele>
        <time>2026-09-22T06:44:08.000Z</time>
      </trkpt>
      <trkpt lat="39.45663395337760448455810546875" lon="8.38531016372144222259521484375">
        <ele>16.200000762939453125</ele>
        <time>2026-09-22T06:44:15.000Z</time>
      </trkpt>
      <trkpt lat="39.45665138773620128631591796875" lon="8.38532902300357818603515625">
        <ele>16.200000762939453125</ele>
        <time>2026-09-22T06:44:17.000Z</time>
      </trkpt>
      <trkpt lat="39.45668709464371204376220703125" lon="8.38538124226033687591552734375">
        <ele>16.799999237060546875</ele>
        <time>2026-09-22T06:44:21.000Z</time>
      </trkpt>
      <trkpt lat="39.4567121565341949462890625" lon="8.38543404825031757354736328125">
        <ele>17</ele>
        <time>2026-09-22T06:44:24.000Z</time>
      </trkpt>
      <trkpt lat="39.4567096419632434844970703125" lon="8.38545852340757846832275390625">
        <ele>17.200000762939453125</ele>
        <time>2026-09-22T06:44:25.000Z</time>
      </trkpt>
      <trkpt lat="39.4567056186497211456298828125" lon="8.38547495193779468536376953125">
        <ele>17.200000762939453125</ele>
        <time>2026-09-22T06:44:26.000Z</time>
      </trkpt>
      <trkpt lat="39.4566546566784381866455078125" lon="8.385659269988536834716796875">
        <ele>17.3999996185302734375</ele>
        <time>2026-09-22T06:44:36.000Z</time>
      </trkpt>
      <trkpt lat="39.456629343330860137939453125" lon="8.38578675873577594757080078125">
        <ele>17.799999237060546875</ele>
        <time>2026-09-22T06:44:45.000Z</time>
      </trkpt>
      <trkpt lat="39.45662121288478374481201171875" lon="8.38586253114044666290283203125">
        <ele>17.6000003814697265625</ele>
        <time>2026-09-22T06:44:50.000Z</time>
      </trkpt>
      <trkpt lat="39.45662205107510089874267578125" lon="8.3858790434896945953369140625">
        <ele>17.3999996185302734375</ele>
        <time>2026-09-22T06:44:51.000Z</time>
      </trkpt>
      <trkpt lat="39.4566271640360355377197265625" lon="8.38594467379152774810791015625">
        <ele>17.200000762939453125</ele>
        <time>2026-09-22T06:44:55.000Z</time>
      </trkpt>
      <trkpt lat="39.45663797669112682342529296875" lon="8.38597384281456470489501953125">
        <ele>17.200000762939453125</ele>
        <time>2026-09-22T06:44:57.000Z</time>
      </trkpt>
      <trkpt lat="39.45667401887476444244384765625" lon="8.38608901016414165496826171875">
        <ele>17</ele>
        <time>2026-09-22T06:45:03.000Z</time>
      </trkpt>
      <trkpt lat="39.45671123452484607696533203125" lon="8.38615170679986476898193359375">
        <ele>17</ele>
        <time>2026-09-22T06:45:07.000Z</time>
      </trkpt>
      <trkpt lat="39.4567304290831089019775390625" lon="8.386181630194187164306640625">
        <ele>17</ele>
        <time>2026-09-22T06:45:09.000Z</time>
      </trkpt>
      <trkpt lat="39.45675264112651348114013671875" lon="8.38621188886463642120361328125">
        <ele>17</ele>
        <time>2026-09-22T06:45:11.000Z</time>
      </trkpt>
      <trkpt lat="39.456838555634021759033203125" lon="8.3863353542983531951904296875">
        <ele>17</ele>
        <time>2026-09-22T06:45:20.000Z</time>
      </trkpt>
      <trkpt lat="39.45686914958059787750244140625" lon="8.3864020742475986480712890625">
        <ele>17</ele>
        <time>2026-09-22T06:45:24.000Z</time>
      </trkpt>
      <trkpt lat="39.4568789564073085784912109375" lon="8.38641724549233913421630859375">
        <ele>17</ele>
        <time>2026-09-22T06:45:25.000Z</time>
      </trkpt>
      <trkpt lat="39.4569128192961215972900390625" lon="8.3865023218095302581787109375">
        <ele>17</ele>
        <time>2026-09-22T06:45:30.000Z</time>
      </trkpt>
      <trkpt lat="39.45691776461899280548095703125" lon="8.38652017526328563690185546875">
        <ele>17</ele>
        <time>2026-09-22T06:45:31.000Z</time>
      </trkpt>
      <trkpt lat="39.45693410933017730712890625" lon="8.38661639951169490814208984375">
        <ele>17</ele>
        <time>2026-09-22T06:45:38.000Z</time>
      </trkpt>
      <trkpt lat="39.45696738548576831817626953125" lon="8.38669703342020511627197265625">
        <ele>17.3999996185302734375</ele>
        <time>2026-09-22T06:45:44.000Z</time>
      </trkpt>
      <trkpt lat="39.4569859094917774200439453125" lon="8.38674950413405895233154296875">
        <ele>17.799999237060546875</ele>
        <time>2026-09-22T06:45:47.000Z</time>
      </trkpt>
      <trkpt lat="39.457008205354213714599609375" lon="8.38680029846727848052978515625">
        <ele>18.200000762939453125</ele>
        <time>2026-09-22T06:45:50.000Z</time>
      </trkpt>
      <trkpt lat="39.45701717399060726165771484375" lon="8.38681697845458984375">
        <ele>18.3999996185302734375</ele>
        <time>2026-09-22T06:45:51.000Z</time>
      </trkpt>
      <trkpt lat="39.45703092031180858612060546875" lon="8.38683198206126689910888671875">
        <ele>18.3999996185302734375</ele>
        <time>2026-09-22T06:45:52.000Z</time>
      </trkpt>
      <trkpt lat="39.45704885758459568023681640625" lon="8.38685930706560611724853515625">
        <ele>18.6000003814697265625</ele>
        <time>2026-09-22T06:45:54.000Z</time>
      </trkpt>
      <trkpt lat="39.457073248922824859619140625" lon="8.38689987547695636749267578125">
        <ele>19</ele>
        <time>2026-09-22T06:45:57.000Z</time>
      </trkpt>
      <trkpt lat="39.4571136496961116790771484375" lon="8.38697397150099277496337890625">
        <ele>19.3999996185302734375</ele>
        <time>2026-09-22T06:46:04.000Z</time>
      </trkpt>
      <trkpt lat="39.457121193408966064453125" lon="8.38698889128863811492919921875">
        <ele>19.6000003814697265625</ele>
        <time>2026-09-22T06:46:05.000Z</time>
      </trkpt>
      <trkpt lat="39.4571466743946075439453125" lon="8.3870367519557476043701171875">
        <ele>19.799999237060546875</ele>
        <time>2026-09-22T06:46:08.000Z</time>
      </trkpt>
      <trkpt lat="39.45718095637857913970947265625" lon="8.38712073862552642822265625">
        <ele>20.3999996185302734375</ele>
        <time>2026-09-22T06:46:15.000Z</time>
      </trkpt>
      <trkpt lat="39.457193948328495025634765625" lon="8.38715024292469024658203125">
        <ele>20.799999237060546875</ele>
        <time>2026-09-22T06:46:17.000Z</time>
      </trkpt>
      <trkpt lat="39.45721037685871124267578125" lon="8.38718536309897899627685546875">
        <ele>21</ele>
        <time>2026-09-22T06:46:20.000Z</time>
      </trkpt>
      <trkpt lat="39.45721699856221675872802734375" lon="8.3872084133327007293701171875">
        <ele>21.200000762939453125</ele>
        <time>2026-09-22T06:46:22.000Z</time>
      </trkpt>
      <trkpt lat="39.45722102187573909759521484375" lon="8.3872238360345363616943359375">
        <ele>21.200000762939453125</ele>
        <time>2026-09-22T06:46:23.000Z</time>
      </trkpt>
      <trkpt lat="39.457262344658374786376953125" lon="8.387331627309322357177734375">
        <ele>22.200000762939453125</ele>
        <time>2026-09-22T06:46:31.000Z</time>
      </trkpt>
      <trkpt lat="39.4572673738002777099609375" lon="8.38734076358377933502197265625">
        <ele>22.200000762939453125</ele>
        <time>2026-09-22T06:46:32.000Z</time>
      </trkpt>
      <trkpt lat="39.4573007337749004364013671875" lon="8.38738803751766681671142578125">
        <ele>22.799999237060546875</ele>
        <time>2026-09-22T06:46:36.000Z</time>
      </trkpt>
      <trkpt lat="39.45733116008341312408447265625" lon="8.38743296451866626739501953125">
        <ele>23.200000762939453125</ele>
        <time>2026-09-22T06:46:41.000Z</time>
      </trkpt>
      <trkpt lat="39.45741095580160617828369140625" lon="8.38756489567458629608154296875">
        <ele>25.200000762939453125</ele>
        <time>2026-09-22T06:46:51.000Z</time>
      </trkpt>
      <trkpt lat="39.4575122930109500885009765625" lon="8.38770546019077301025390625">
        <ele>27.3999996185302734375</ele>
        <time>2026-09-22T06:47:03.000Z</time>
      </trkpt>
      <trkpt lat="39.4575622491538524627685546875" lon="8.38783009909093379974365234375">
        <ele>29</ele>
        <time>2026-09-22T06:47:11.000Z</time>
      </trkpt>
      <trkpt lat="39.45757448673248291015625" lon="8.38786463253200054168701171875">
        <ele>29.3999996185302734375</ele>
        <time>2026-09-22T06:47:14.000Z</time>
      </trkpt>
      <trkpt lat="39.45760005153715610504150390625" lon="8.3879171870648860931396484375">
        <ele>30</ele>
        <time>2026-09-22T06:47:18.000Z</time>
      </trkpt>
      <trkpt lat="39.4576373510062694549560546875" lon="8.388012908399105072021484375">
        <ele>31.200000762939453125</ele>
        <time>2026-09-22T06:47:24.000Z</time>
      </trkpt>
      <trkpt lat="39.4576494209468364715576171875" lon="8.38804635219275951385498046875">
        <ele>31.799999237060546875</ele>
        <time>2026-09-22T06:47:27.000Z</time>
      </trkpt>
      <trkpt lat="39.45766861550509929656982421875" lon="8.38812883011996746063232421875">
        <ele>33.200000762939453125</ele>
        <time>2026-09-22T06:47:32.000Z</time>
      </trkpt>
      <trkpt lat="39.45769451558589935302734375" lon="8.3882008306682109832763671875">
        <ele>34.40000152587890625</ele>
        <time>2026-09-22T06:47:37.000Z</time>
      </trkpt>
      <trkpt lat="39.45774774067103862762451171875" lon="8.38832027278840541839599609375">
        <ele>36.200000762939453125</ele>
        <time>2026-09-22T06:47:46.000Z</time>
      </trkpt>
      <trkpt lat="39.4577624090015888214111328125" lon="8.38835329748690128326416015625">
        <ele>36.59999847412109375</ele>
        <time>2026-09-22T06:47:49.000Z</time>
      </trkpt>
      <trkpt lat="39.45780188776552677154541015625" lon="8.38846930302679538726806640625">
        <ele>38.200000762939453125</ele>
        <time>2026-09-22T06:47:57.000Z</time>
      </trkpt>
      <trkpt lat="39.45782250724732875823974609375" lon="8.38853350840508937835693359375">
        <ele>39.200000762939453125</ele>
        <time>2026-09-22T06:48:02.000Z</time>
      </trkpt>
      <trkpt lat="39.457843042910099029541015625" lon="8.3886618353426456451416015625">
        <ele>40.40000152587890625</ele>
        <time>2026-09-22T06:48:10.000Z</time>
      </trkpt>
      <trkpt lat="39.4578914903104305267333984375" lon="8.38873869739472866058349609375">
        <ele>41.40000152587890625</ele>
        <time>2026-09-22T06:48:17.000Z</time>
      </trkpt>
      <trkpt lat="39.45794069208204746246337890625" lon="8.38879385031759738922119140625">
        <ele>42.40000152587890625</ele>
        <time>2026-09-22T06:48:21.000Z</time>
      </trkpt>
      <trkpt lat="39.45801596157252788543701171875" lon="8.3888579718768596649169921875">
        <ele>43.59999847412109375</ele>
        <time>2026-09-22T06:48:29.000Z</time>
      </trkpt>
      <trkpt lat="39.4581241719424724578857421875" lon="8.38895511813461780548095703125">
        <ele>44.59999847412109375</ele>
        <time>2026-09-22T06:48:38.000Z</time>
      </trkpt>
      <trkpt lat="39.458141438663005828857421875" lon="8.38897322304546833038330078125">
        <ele>44.799999237060546875</ele>
        <time>2026-09-22T06:48:40.000Z</time>
      </trkpt>
      <trkpt lat="39.4581499882042407989501953125" lon="8.38898194022476673126220703125">
        <ele>44.799999237060546875</ele>
        <time>2026-09-22T06:48:41.000Z</time>
      </trkpt>
      <trkpt lat="39.45826255716383457183837890625" lon="8.38906542398035526275634765625">
        <ele>45.59999847412109375</ele>
        <time>2026-09-22T06:48:52.000Z</time>
      </trkpt>
      <trkpt lat="39.45840002037584781646728515625" lon="8.3892086707055568695068359375">
        <ele>45.40000152587890625</ele>
        <time>2026-09-22T06:49:03.000Z</time>
      </trkpt>
      <trkpt lat="39.45842851884663105010986328125" lon="8.38924412615597248077392578125">
        <ele>45.200000762939453125</ele>
        <time>2026-09-22T06:49:06.000Z</time>
      </trkpt>
      <trkpt lat="39.4584810733795166015625" lon="8.38932551443576812744140625">
        <ele>44.799999237060546875</ele>
        <time>2026-09-22T06:49:14.000Z</time>
      </trkpt>
      <trkpt lat="39.45852893404662609100341796875" lon="8.389431126415729522705078125">
        <ele>44.59999847412109375</ele>
        <time>2026-09-22T06:49:21.000Z</time>
      </trkpt>
      <trkpt lat="39.4585385732352733612060546875" lon="8.38944646529853343963623046875">
        <ele>44.59999847412109375</ele>
        <time>2026-09-22T06:49:22.000Z</time>
      </trkpt>
      <trkpt lat="39.458593390882015228271484375" lon="8.389585353434085845947265625">
        <ele>45.200000762939453125</ele>
        <time>2026-09-22T06:49:30.000Z</time>
      </trkpt>
      <trkpt lat="39.458598755300045013427734375" lon="8.38960320688784122467041015625">
        <ele>45.40000152587890625</ele>
        <time>2026-09-22T06:49:31.000Z</time>
      </trkpt>
      <trkpt lat="39.4586133398115634918212890625" lon="8.38964545167982578277587890625">
        <ele>45.59999847412109375</ele>
        <time>2026-09-22T06:49:34.000Z</time>
      </trkpt>
      <trkpt lat="39.4586378149688243865966796875" lon="8.3897075615823268890380859375">
        <ele>45.799999237060546875</ele>
        <time>2026-09-22T06:49:39.000Z</time>
      </trkpt>
      <trkpt lat="39.45868332870304584503173828125" lon="8.3898591063916683197021484375">
        <ele>47.200000762939453125</ele>
        <time>2026-09-22T06:49:48.000Z</time>
      </trkpt>
      <trkpt lat="39.45872448384761810302734375" lon="8.3899801410734653472900390625">
        <ele>48.200000762939453125</ele>
        <time>2026-09-22T06:49:55.000Z</time>
      </trkpt>
      <trkpt lat="39.4587373919785022735595703125" lon="8.3900646306574344635009765625">
        <ele>49</ele>
        <time>2026-09-22T06:50:01.000Z</time>
      </trkpt>
      <trkpt lat="39.45874300785362720489501953125" lon="8.39008189737796783447265625">
        <ele>49.200000762939453125</ele>
        <time>2026-09-22T06:50:02.000Z</time>
      </trkpt>
      <trkpt lat="39.458754323422908782958984375" lon="8.390111736953258514404296875">
        <ele>49.40000152587890625</ele>
        <time>2026-09-22T06:50:04.000Z</time>
      </trkpt>
      <trkpt lat="39.45878089405596256256103515625" lon="8.39021324180066585540771484375">
        <ele>50.59999847412109375</ele>
        <time>2026-09-22T06:50:11.000Z</time>
      </trkpt>
      <trkpt lat="39.4587890245020389556884765625" lon="8.390348441898822784423828125">
        <ele>52.40000152587890625</ele>
        <time>2026-09-22T06:50:19.000Z</time>
      </trkpt>
      <trkpt lat="39.458848536014556884765625" lon="8.39048129506409168243408203125">
        <ele>53.59999847412109375</ele>
        <time>2026-09-22T06:50:28.000Z</time>
      </trkpt>
      <trkpt lat="39.45891684852540493011474609375" lon="8.3905930258333683013916015625">
        <ele>54.200000762939453125</ele>
        <time>2026-09-22T06:50:37.000Z</time>
      </trkpt>
      <trkpt lat="39.45900837890803813934326171875" lon="8.3907070197165012359619140625">
        <ele>54</ele>
        <time>2026-09-22T06:50:45.000Z</time>
      </trkpt>
      <trkpt lat="39.45907476358115673065185546875" lon="8.39078287594020366668701171875">
        <ele>54</ele>
        <time>2026-09-22T06:50:52.000Z</time>
      </trkpt>
      <trkpt lat="39.45908498950302600860595703125" lon="8.390788994729518890380859375">
        <ele>53.799999237060546875</ele>
        <time>2026-09-22T06:50:53.000Z</time>
      </trkpt>
      <trkpt lat="39.459094963967800140380859375" lon="8.390793688595294952392578125">
        <ele>53.799999237060546875</ele>
        <time>2026-09-22T06:50:54.000Z</time>
      </trkpt>
      <trkpt lat="39.4591162540018558502197265625" lon="8.39081657119095325469970703125">
        <ele>53.799999237060546875</ele>
        <time>2026-09-22T06:50:57.000Z</time>
      </trkpt>
      <trkpt lat="39.45914089679718017578125" lon="8.39086233638226985931396484375">
        <ele>53.799999237060546875</ele>
        <time>2026-09-22T06:51:01.000Z</time>
      </trkpt>
      <trkpt lat="39.459170401096343994140625" lon="8.39092754758894443511962890625">
        <ele>54</ele>
        <time>2026-09-22T06:51:10.000Z</time>
      </trkpt>
      <trkpt lat="39.45917065255343914031982421875" lon="8.39092838577926158905029296875">
        <ele>54</ele>
        <time>2026-09-22T06:51:19.000Z</time>
      </trkpt>
      <trkpt lat="39.45917065255343914031982421875" lon="8.39092838577926158905029296875">
        <ele>54</ele>
        <time>2026-09-22T06:51:22.000Z</time>
      </trkpt>
      <trkpt lat="39.4591947086155414581298828125" lon="8.390992842614650726318359375">
        <ele>54</ele>
        <time>2026-09-22T06:51:29.000Z</time>
      </trkpt>
      <trkpt lat="39.45927877910435199737548828125" lon="8.391181267797946929931640625">
        <ele>52.799999237060546875</ele>
        <time>2026-09-22T06:51:39.000Z</time>
      </trkpt>
      <trkpt lat="39.45932555012404918670654296875" lon="8.39130439795553684234619140625">
        <ele>52</ele>
        <time>2026-09-22T06:51:46.000Z</time>
      </trkpt>
      <trkpt lat="39.45934046991169452667236328125" lon="8.39135737158358097076416015625">
        <ele>51.59999847412109375</ele>
        <time>2026-09-22T06:51:49.000Z</time>
      </trkpt>
      <trkpt lat="39.45934365503489971160888671875" lon="8.39151511900126934051513671875">
        <ele>52.799999237060546875</ele>
        <time>2026-09-22T06:51:58.000Z</time>
      </trkpt>
      <trkpt lat="39.4593150727450847625732421875" lon="8.391752578318119049072265625">
        <ele>55.200000762939453125</ele>
        <time>2026-09-22T06:52:13.000Z</time>
      </trkpt>
      <trkpt lat="39.45929856039583683013916015625" lon="8.39189515449106693267822265625">
        <ele>56.799999237060546875</ele>
        <time>2026-09-22T06:52:22.000Z</time>
      </trkpt>
      <trkpt lat="39.459266960620880126953125" lon="8.3921344578266143798828125">
        <ele>59</ele>
        <time>2026-09-22T06:52:34.000Z</time>
      </trkpt>
      <trkpt lat="39.45927073247730731964111328125" lon="8.39227368123829364776611328125">
        <ele>59.59999847412109375</ele>
        <time>2026-09-22T06:52:43.000Z</time>
      </trkpt>
      <trkpt lat="39.45931591093540191650390625" lon="8.3924377150833606719970703125">
        <ele>59.40000152587890625</ele>
        <time>2026-09-22T06:52:54.000Z</time>
      </trkpt>
      <trkpt lat="39.45935991592705249786376953125" lon="8.392557911574840545654296875">
        <ele>59.59999847412109375</ele>
        <time>2026-09-22T06:53:01.000Z</time>
      </trkpt>
      <trkpt lat="39.45937693119049072265625" lon="8.39259512722492218017578125">
        <ele>59.59999847412109375</ele>
        <time>2026-09-22T06:53:04.000Z</time>
      </trkpt>
      <trkpt lat="39.4594039209187030792236328125" lon="8.3927505277097225189208984375">
        <ele>60.59999847412109375</ele>
        <time>2026-09-22T06:53:14.000Z</time>
      </trkpt>
      <trkpt lat="39.45940685458481311798095703125" lon="8.39291095733642578125">
        <ele>62.799999237060546875</ele>
        <time>2026-09-22T06:53:24.000Z</time>
      </trkpt>
      <trkpt lat="39.45942462421953678131103515625" lon="8.39311606250703334808349609375">
        <ele>64.40000152587890625</ele>
        <time>2026-09-22T06:53:35.000Z</time>
      </trkpt>
      <trkpt lat="39.459438286721706390380859375" lon="8.39326442219316959381103515625">
        <ele>64.8000030517578125</ele>
        <time>2026-09-22T06:53:45.000Z</time>
      </trkpt>
      <trkpt lat="39.4594263844192028045654296875" lon="8.3934153802692890167236328125">
        <ele>66.40000152587890625</ele>
        <time>2026-09-22T06:53:53.000Z</time>
      </trkpt>
      <trkpt lat="39.459435604512691497802734375" lon="8.39349341578781604766845703125">
        <ele>67</ele>
        <time>2026-09-22T06:53:59.000Z</time>
      </trkpt>
      <trkpt lat="39.4594361074268817901611328125" lon="8.39366801083087921142578125">
        <ele>68.59999847412109375</ele>
        <time>2026-09-22T06:54:09.000Z</time>
      </trkpt>
      <trkpt lat="39.45945295505225658416748046875" lon="8.39380346238613128662109375">
        <ele>69</ele>
        <time>2026-09-22T06:54:17.000Z</time>
      </trkpt>
      <trkpt lat="39.45945404469966888427734375" lon="8.39381896890699863433837890625">
        <ele>69.1999969482421875</ele>
        <time>2026-09-22T06:54:18.000Z</time>
      </trkpt>
      <trkpt lat="39.45947055704891681671142578125" lon="8.39401929639279842376708984375">
        <ele>69.40000152587890625</ele>
        <time>2026-09-22T06:54:30.000Z</time>
      </trkpt>
      <trkpt lat="39.4594890810549259185791015625" lon="8.3940963260829448699951171875">
        <ele>69.1999969482421875</ele>
        <time>2026-09-22T06:54:34.000Z</time>
      </trkpt>
      <trkpt lat="39.45949100889265537261962890625" lon="8.39418626390397548675537109375">
        <ele>69.8000030517578125</ele>
        <time>2026-09-22T06:54:39.000Z</time>
      </trkpt>
      <trkpt lat="39.4595045037567615509033203125" lon="8.3943135850131511688232421875">
        <ele>70.40000152587890625</ele>
        <time>2026-09-22T06:54:48.000Z</time>
      </trkpt>
      <trkpt lat="39.45952621288597583770751953125" lon="8.39455624110996723175048828125">
        <ele>72.1999969482421875</ele>
        <time>2026-09-22T06:55:00.000Z</time>
      </trkpt>
      <trkpt lat="39.45954163558781147003173828125" lon="8.39471004903316497802734375">
        <ele>72.59999847412109375</ele>
        <time>2026-09-22T06:55:09.000Z</time>
      </trkpt>
      <trkpt lat="39.45955194532871246337890625" lon="8.39483837597072124481201171875">
        <ele>73.59999847412109375</ele>
        <time>2026-09-22T06:55:18.000Z</time>
      </trkpt>
      <trkpt lat="39.45956829003989696502685546875" lon="8.39501858688890933990478515625">
        <ele>74.59999847412109375</ele>
        <time>2026-09-22T06:55:27.000Z</time>
      </trkpt>
      <trkpt lat="39.45956661365926265716552734375" lon="8.39514498598873615264892578125">
        <ele>75.8000030517578125</ele>
        <time>2026-09-22T06:55:36.000Z</time>
      </trkpt>
      <trkpt lat="39.45956678129732608795166015625" lon="8.39534330181777477264404296875">
        <ele>77.1999969482421875</ele>
        <time>2026-09-22T06:55:48.000Z</time>
      </trkpt>
      <trkpt lat="39.45955865085124969482421875" lon="8.3954622410237789154052734375">
        <ele>77.8000030517578125</ele>
        <time>2026-09-22T06:55:56.000Z</time>
      </trkpt>
      <trkpt lat="39.45956041105091571807861328125" lon="8.39560230262577533721923828125">
        <ele>78.59999847412109375</ele>
        <time>2026-09-22T06:56:04.000Z</time>
      </trkpt>
      <trkpt lat="39.45957968942821025848388671875" lon="8.3956664241850376129150390625">
        <ele>79</ele>
        <time>2026-09-22T06:56:09.000Z</time>
      </trkpt>
      <trkpt lat="39.45959310047328472137451171875" lon="8.3956908993422985076904296875">
        <ele>79.1999969482421875</ele>
        <time>2026-09-22T06:56:11.000Z</time>
      </trkpt>
      <trkpt lat="39.45961288176476955413818359375" lon="8.39587689377367496490478515625">
        <ele>80.40000152587890625</ele>
        <time>2026-09-22T06:56:21.000Z</time>
      </trkpt>
      <trkpt lat="39.45961606688797473907470703125" lon="8.3960358984768390655517578125">
        <ele>82</ele>
        <time>2026-09-22T06:56:30.000Z</time>
      </trkpt>
      <trkpt lat="39.45960315875709056854248046875" lon="8.39620529673993587493896484375">
        <ele>83.59999847412109375</ele>
        <time>2026-09-22T06:56:41.000Z</time>
      </trkpt>
      <trkpt lat="39.45957013405859470367431640625" lon="8.39642087928950786590576171875">
        <ele>85.59999847412109375</ele>
        <time>2026-09-22T06:56:53.000Z</time>
      </trkpt>
      <trkpt lat="39.45955554954707622528076171875" lon="8.396482653915882110595703125">
        <ele>86.59999847412109375</ele>
        <time>2026-09-22T06:56:57.000Z</time>
      </trkpt>
      <trkpt lat="39.459546916186809539794921875" lon="8.39652414433658123016357421875">
        <ele>86.40000152587890625</ele>
        <time>2026-09-22T06:57:00.000Z</time>
      </trkpt>
      <trkpt lat="39.45953392423689365386962890625" lon="8.396565802395343780517578125">
        <ele>86.1999969482421875</ele>
        <time>2026-09-22T06:57:03.000Z</time>
      </trkpt>
      <trkpt lat="39.459528811275959014892578125" lon="8.3965944685041904449462890625">
        <ele>86.1999969482421875</ele>
        <time>2026-09-22T06:57:05.000Z</time>
      </trkpt>
      <trkpt lat="39.45951229892671108245849609375" lon="8.3966404013335704803466796875">
        <ele>86</ele>
        <time>2026-09-22T06:57:08.000Z</time>
      </trkpt>
      <trkpt lat="39.45944759063422679901123046875" lon="8.39679420925676822662353515625">
        <ele>87.1999969482421875</ele>
        <time>2026-09-22T06:57:18.000Z</time>
      </trkpt>
      <trkpt lat="39.45935773663222789764404296875" lon="8.396941982209682464599609375">
        <ele>86.8000030517578125</ele>
        <time>2026-09-22T06:57:28.000Z</time>
      </trkpt>
      <trkpt lat="39.45931565947830677032470703125" lon="8.39715127833187580108642578125">
        <ele>88</ele>
        <time>2026-09-22T06:57:40.000Z</time>
      </trkpt>
      <trkpt lat="39.459345750510692596435546875" lon="8.39724951423704624176025390625">
        <ele>89.8000030517578125</ele>
        <time>2026-09-22T06:57:46.000Z</time>
      </trkpt>
      <trkpt lat="39.459353797137737274169921875" lon="8.39726527221500873565673828125">
        <ele>90.1999969482421875</ele>
        <time>2026-09-22T06:57:47.000Z</time>
      </trkpt>
      <trkpt lat="39.45935538969933986663818359375" lon="8.39727683924138545989990234375">
        <ele>90.40000152587890625</ele>
        <time>2026-09-22T06:57:48.000Z</time>
      </trkpt>
      <trkpt lat="39.45938740856945514678955078125" lon="8.39733668603003025054931640625">
        <ele>91.8000030517578125</ele>
        <time>2026-09-22T06:57:53.000Z</time>
      </trkpt>
      <trkpt lat="39.4594297371804714202880859375" lon="8.3974433876574039459228515625">
        <ele>93.59999847412109375</ele>
        <time>2026-09-22T06:58:01.000Z</time>
      </trkpt>
      <trkpt lat="39.45947156287729740142822265625" lon="8.39752594940364360809326171875">
        <ele>94.40000152587890625</ele>
        <time>2026-09-22T06:58:06.000Z</time>
      </trkpt>
      <trkpt lat="39.45950073190033435821533203125" lon="8.39758529327809810638427734375">
        <ele>94.40000152587890625</ele>
        <time>2026-09-22T06:58:10.000Z</time>
      </trkpt>
      <trkpt lat="39.45957700721919536590576171875" lon="8.39776483364403247833251953125">
        <ele>94.40000152587890625</ele>
        <time>2026-09-22T06:58:21.000Z</time>
      </trkpt>
      <trkpt lat="39.45963509380817413330078125" lon="8.39798502624034881591796875">
        <ele>93.59999847412109375</ele>
        <time>2026-09-22T06:58:33.000Z</time>
      </trkpt>
      <trkpt lat="39.45969435386359691619873046875" lon="8.39813900180160999298095703125">
        <ele>94.1999969482421875</ele>
        <time>2026-09-22T06:58:42.000Z</time>
      </trkpt>
      <trkpt lat="39.4596986286342144012451171875" lon="8.3981551788747310638427734375">
        <ele>94.1999969482421875</ele>
        <time>2026-09-22T06:58:43.000Z</time>
      </trkpt>
      <trkpt lat="39.45974950678646564483642578125" lon="8.39834041893482208251953125">
        <ele>95</ele>
        <time>2026-09-22T06:58:53.000Z</time>
      </trkpt>
      <trkpt lat="39.4597445614635944366455078125" lon="8.3985006809234619140625">
        <ele>95</ele>
        <time>2026-09-22T06:59:01.000Z</time>
      </trkpt>
      <trkpt lat="39.4596694596111774444580078125" lon="8.3987171016633510589599609375">
        <ele>94.8000030517578125</ele>
        <time>2026-09-22T06:59:12.000Z</time>
      </trkpt>
      <trkpt lat="39.45966183207929134368896484375" lon="8.3987352065742015838623046875">
        <ele>94.8000030517578125</ele>
        <time>2026-09-22T06:59:13.000Z</time>
      </trkpt>
      <trkpt lat="39.45961807854473590850830078125" lon="8.39887241832911968231201171875">
        <ele>95.8000030517578125</ele>
        <time>2026-09-22T06:59:21.000Z</time>
      </trkpt>
      <trkpt lat="39.45960952900350093841552734375" lon="8.39901675470173358917236328125">
        <ele>96.59999847412109375</ele>
        <time>2026-09-22T06:59:29.000Z</time>
      </trkpt>
      <trkpt lat="39.45960617624223232269287109375" lon="8.39903645217418670654296875">
        <ele>96.8000030517578125</ele>
        <time>2026-09-22T06:59:30.000Z</time>
      </trkpt>
      <trkpt lat="39.45959360338747501373291015625" lon="8.3991251327097415924072265625">
        <ele>98</ele>
        <time>2026-09-22T06:59:35.000Z</time>
      </trkpt>
      <trkpt lat="39.45956694893538951873779296875" lon="8.399229906499385833740234375">
        <ele>98.1999969482421875</ele>
        <time>2026-09-22T06:59:41.000Z</time>
      </trkpt>
      <trkpt lat="39.45956829003989696502685546875" lon="8.3993484266102313995361328125">
        <ele>98.8000030517578125</ele>
        <time>2026-09-22T06:59:48.000Z</time>
      </trkpt>
      <trkpt lat="39.45956912823021411895751953125" lon="8.3993656933307647705078125">
        <ele>98.8000030517578125</ele>
        <time>2026-09-22T06:59:49.000Z</time>
      </trkpt>
      <trkpt lat="39.45956041105091571807861328125" lon="8.39939318597316741943359375">
        <ele>98.8000030517578125</ele>
        <time>2026-09-22T06:59:51.000Z</time>
      </trkpt>
      <trkpt lat="39.4595353491604328155517578125" lon="8.39941271580755710601806640625">
        <ele>98.8000030517578125</ele>
        <time>2026-09-22T06:59:54.000Z</time>
      </trkpt>
      <trkpt lat="39.459531493484973907470703125" lon="8.3994131349027156829833984375">
        <ele>98.59999847412109375</ele>
        <time>2026-09-22T06:59:55.000Z</time>
      </trkpt>
      <trkpt lat="39.4594801962375640869140625" lon="8.39937197975814342498779296875">
        <ele>98.1999969482421875</ele>
        <time>2026-09-22T07:00:07.000Z</time>
      </trkpt>
      <trkpt lat="39.45940174162387847900390625" lon="8.39927382767200469970703125">
        <ele>98</ele>
        <time>2026-09-22T07:00:16.000Z</time>
      </trkpt>
      <trkpt lat="39.4593331776559352874755859375" lon="8.39911557734012603759765625">
        <ele>98</ele>
        <time>2026-09-22T07:00:25.000Z</time>
      </trkpt>
      <trkpt lat="39.45928883738815784454345703125" lon="8.39894793927669525146484375">
        <ele>95.8000030517578125</ele>
        <time>2026-09-22T07:00:33.000Z</time>
      </trkpt>
      <trkpt lat="39.45925011299550533294677734375" lon="8.398850373923778533935546875">
        <ele>94.59999847412109375</ele>
        <time>2026-09-22T07:00:39.000Z</time>
      </trkpt>
      <trkpt lat="39.4592020846903324127197265625" lon="8.398758508265018463134765625">
        <ele>92.59999847412109375</ele>
        <time>2026-09-22T07:00:46.000Z</time>
      </trkpt>
      <trkpt lat="39.45919521152973175048828125" lon="8.3987509645521640777587890625">
        <ele>92.40000152587890625</ele>
        <time>2026-09-22T07:00:47.000Z</time>
      </trkpt>
      <trkpt lat="39.45909798145294189453125" lon="8.3986369706690311431884765625">
        <ele>91.1999969482421875</ele>
        <time>2026-09-22T07:00:58.000Z</time>
      </trkpt>
      <trkpt lat="39.45899270474910736083984375" lon="8.398559354245662689208984375">
        <ele>92</ele>
        <time>2026-09-22T07:01:06.000Z</time>
      </trkpt>
      <trkpt lat="39.4589667208492755889892578125" lon="8.39854384772479534149169921875">
        <ele>92.40000152587890625</ele>
        <time>2026-09-22T07:01:08.000Z</time>
      </trkpt>
      <trkpt lat="39.458926655352115631103515625" lon="8.3985290117561817169189453125">
        <ele>93</ele>
        <time>2026-09-22T07:01:11.000Z</time>
      </trkpt>
      <trkpt lat="39.45887393318116664886474609375" lon="8.3985404111444950103759765625">
        <ele>94.8000030517578125</ele>
        <time>2026-09-22T07:01:15.000Z</time>
      </trkpt>
      <trkpt lat="39.4587586820125579833984375" lon="8.398534543812274932861328125">
        <ele>97</ele>
        <time>2026-09-22T07:01:25.000Z</time>
      </trkpt>
      <trkpt lat="39.45864292792975902557373046875" lon="8.39853161014616489410400390625">
        <ele>99</ele>
        <time>2026-09-22T07:01:34.000Z</time>
      </trkpt>
      <trkpt lat="39.4584899581968784332275390625" lon="8.3985377289354801177978515625">
        <ele>101</ele>
        <time>2026-09-22T07:01:45.000Z</time>
      </trkpt>
      <trkpt lat="39.45840530097484588623046875" lon="8.39854803867638111114501953125">
        <ele>101.8000030517578125</ele>
        <time>2026-09-22T07:01:53.000Z</time>
      </trkpt>
      <trkpt lat="39.4582827575504779815673828125" lon="8.39855239726603031158447265625">
        <ele>103</ele>
        <time>2026-09-22T07:02:01.000Z</time>
      </trkpt>
      <trkpt lat="39.45816457271575927734375" lon="8.39852104894816875457763671875">
        <ele>103.8000030517578125</ele>
        <time>2026-09-22T07:02:11.000Z</time>
      </trkpt>
      <trkpt lat="39.4581261835992336273193359375" lon="8.39849003590643405914306640625">
        <ele>103.8000030517578125</ele>
        <time>2026-09-22T07:02:15.000Z</time>
      </trkpt>
      <trkpt lat="39.4580889679491519927978515625" lon="8.39848601259291172027587890625">
        <ele>104.1999969482421875</ele>
        <time>2026-09-22T07:02:18.000Z</time>
      </trkpt>
      <trkpt lat="39.45800623856484889984130859375" lon="8.39847763068974018096923828125">
        <ele>104.40000152587890625</ele>
        <time>2026-09-22T07:02:24.000Z</time>
      </trkpt>
      <trkpt lat="39.45799014531075954437255859375" lon="8.39848349802196025848388671875">
        <ele>104.59999847412109375</ele>
        <time>2026-09-22T07:02:26.000Z</time>
      </trkpt>
      <trkpt lat="39.45792074315249919891357421875" lon="8.39855105616152286529541015625">
        <ele>105.1999969482421875</ele>
        <time>2026-09-22T07:02:33.000Z</time>
      </trkpt>
      <trkpt lat="39.45785519666969776153564453125" lon="8.39864610694348812103271484375">
        <ele>106.59999847412109375</ele>
        <time>2026-09-22T07:02:41.000Z</time>
      </trkpt>
      <trkpt lat="39.4577811844646930694580078125" lon="8.39874409139156341552734375">
        <ele>107.40000152587890625</ele>
        <time>2026-09-22T07:02:49.000Z</time>
      </trkpt>
      <trkpt lat="39.4577729701995849609375" lon="8.3987989090383052825927734375">
        <ele>108.1999969482421875</ele>
        <time>2026-09-22T07:02:53.000Z</time>
      </trkpt>
      <trkpt lat="39.457773305475711822509765625" lon="8.39882791042327880859375">
        <ele>108.59999847412109375</ele>
        <time>2026-09-22T07:02:55.000Z</time>
      </trkpt>
      <trkpt lat="39.45774572901427745819091796875" lon="8.39889295399188995361328125">
        <ele>109.1999969482421875</ele>
        <time>2026-09-22T07:03:00.000Z</time>
      </trkpt>
      <trkpt lat="39.4577235169708728790283203125" lon="8.3989444188773632049560546875">
        <ele>109.59999847412109375</ele>
        <time>2026-09-22T07:03:04.000Z</time>
      </trkpt>
      <trkpt lat="39.4576886482536792755126953125" lon="8.39903754182159900665283203125">
        <ele>110.40000152587890625</ele>
        <time>2026-09-22T07:03:10.000Z</time>
      </trkpt>
      <trkpt lat="39.4576722197234630584716796875" lon="8.3991093747317790985107421875">
        <ele>111.40000152587890625</ele>
        <time>2026-09-22T07:03:14.000Z</time>
      </trkpt>
      <trkpt lat="39.4576423801481723785400390625" lon="8.399211466312408447265625">
        <ele>113</ele>
        <time>2026-09-22T07:03:21.000Z</time>
      </trkpt>
      <trkpt lat="39.4576386921107769012451171875" lon="8.399228565394878387451171875">
        <ele>113.1999969482421875</ele>
        <time>2026-09-22T07:03:22.000Z</time>
      </trkpt>
      <trkpt lat="39.4576081819832324981689453125" lon="8.399295620620250701904296875">
        <ele>114.1999969482421875</ele>
        <time>2026-09-22T07:03:27.000Z</time>
      </trkpt>
      <trkpt lat="39.45756283588707447052001953125" lon="8.39943048544228076934814453125">
        <ele>116.8000030517578125</ele>
        <time>2026-09-22T07:03:36.000Z</time>
      </trkpt>
      <trkpt lat="39.45749829523265361785888671875" lon="8.39951463975012302398681640625">
        <ele>118.8000030517578125</ele>
        <time>2026-09-22T07:03:43.000Z</time>
      </trkpt>
      <trkpt lat="39.457477591931819915771484375" lon="8.3995331637561321258544921875">
        <ele>119.40000152587890625</ele>
        <time>2026-09-22T07:03:45.000Z</time>
      </trkpt>
      <trkpt lat="39.457412548363208770751953125" lon="8.3995448984205722808837890625">
        <ele>120.1999969482421875</ele>
        <time>2026-09-22T07:03:50.000Z</time>
      </trkpt>
      <trkpt lat="39.45729511789977550506591796875" lon="8.39954950846731662750244140625">
        <ele>121</ele>
        <time>2026-09-22T07:04:00.000Z</time>
      </trkpt>
      <trkpt lat="39.45719570852816104888916015625" lon="8.3995324932038784027099609375">
        <ele>120.8000030517578125</ele>
        <time>2026-09-22T07:04:08.000Z</time>
      </trkpt>
      <trkpt lat="39.4570938684046268463134765625" lon="8.399579934775829315185546875">
        <ele>121.59999847412109375</ele>
        <time>2026-09-22T07:04:15.000Z</time>
      </trkpt>
      <trkpt lat="39.4570603407919406890869140625" lon="8.39958521537482738494873046875">
        <ele>121.8000030517578125</ele>
        <time>2026-09-22T07:04:17.000Z</time>
      </trkpt>
      <trkpt lat="39.45698046125471591949462890625" lon="8.3996231853961944580078125">
        <ele>122.40000152587890625</ele>
        <time>2026-09-22T07:04:23.000Z</time>
      </trkpt>
      <trkpt lat="39.456957913935184478759765625" lon="8.39963248930871486663818359375">
        <ele>122.59999847412109375</ele>
        <time>2026-09-22T07:04:25.000Z</time>
      </trkpt>
      <trkpt lat="39.456889517605304718017578125" lon="8.39971127919852733612060546875">
        <ele>123.8000030517578125</ele>
        <time>2026-09-22T07:04:33.000Z</time>
      </trkpt>
      <trkpt lat="39.456876106560230255126953125" lon="8.399715721607208251953125">
        <ele>123.8000030517578125</ele>
        <time>2026-09-22T07:04:34.000Z</time>
      </trkpt>
      <trkpt lat="39.4568021781742572784423828125" lon="8.39977129362523555755615234375">
        <ele>124.40000152587890625</ele>
        <time>2026-09-22T07:04:40.000Z</time>
      </trkpt>
      <trkpt lat="39.4567706622183322906494140625" lon="8.399811275303363800048828125">
        <ele>125</ele>
        <time>2026-09-22T07:04:44.000Z</time>
      </trkpt>
      <trkpt lat="39.4567314349114894866943359375" lon="8.3998251892626285552978515625">
        <ele>125</ele>
        <time>2026-09-22T07:04:48.000Z</time>
      </trkpt>
      <trkpt lat="39.45668960921466350555419921875" lon="8.39984941296279430389404296875">
        <ele>125.40000152587890625</ele>
        <time>2026-09-22T07:04:52.000Z</time>
      </trkpt>
      <trkpt lat="39.456665217876434326171875" lon="8.399866931140422821044921875">
        <ele>125.8000030517578125</ele>
        <time>2026-09-22T07:04:55.000Z</time>
      </trkpt>
      <trkpt lat="39.45659120567142963409423828125" lon="8.39991755783557891845703125">
        <ele>127.1999969482421875</ele>
        <time>2026-09-22T07:05:03.000Z</time>
      </trkpt>
      <trkpt lat="39.45655382238328456878662109375" lon="8.3999445475637912750244140625">
        <ele>127.59999847412109375</ele>
        <time>2026-09-22T07:05:09.000Z</time>
      </trkpt>
      <trkpt lat="39.4565141759812831878662109375" lon="8.39997388422489166259765625">
        <ele>128</ele>
        <time>2026-09-22T07:05:17.000Z</time>
      </trkpt>
      <trkpt lat="39.456479139626026153564453125" lon="8.39998318813741207122802734375">
        <ele>128</ele>
        <time>2026-09-22T07:05:24.000Z</time>
      </trkpt>
      <trkpt lat="39.4564367271959781646728515625" lon="8.39998922310769557952880859375">
        <ele>128</ele>
        <time>2026-09-22T07:05:31.000Z</time>
      </trkpt>
      <trkpt lat="39.45641920901834964752197265625" lon="8.39998201467096805572509765625">
        <ele>127.59999847412109375</ele>
        <time>2026-09-22T07:05:42.000Z</time>
      </trkpt>
      <trkpt lat="39.45638534612953662872314453125" lon="8.3999777399003505706787109375">
        <ele>127.1999969482421875</ele>
        <time>2026-09-22T07:05:47.000Z</time>
      </trkpt>
      <trkpt lat="39.4563339650630950927734375" lon="8.39996625669300556182861328125">
        <ele>126.8000030517578125</ele>
        <time>2026-09-22T07:05:53.000Z</time>
      </trkpt>
      <trkpt lat="39.45633002556860446929931640625" lon="8.39996474795043468475341796875">
        <ele>126.8000030517578125</ele>
        <time>2026-09-22T07:05:54.000Z</time>
      </trkpt>
      <trkpt lat="39.45633237250149250030517578125" lon="8.39993658475577831268310546875">
        <ele>126.1999969482421875</ele>
        <time>2026-09-22T07:05:59.000Z</time>
      </trkpt>
      <trkpt lat="39.4563582725822925567626953125" lon="8.39985041879117488861083984375">
        <ele>124</ele>
        <time>2026-09-22T07:06:08.000Z</time>
      </trkpt>
      <trkpt lat="39.4563223980367183685302734375" lon="8.39980917982757091522216796875">
        <ele>123</ele>
        <time>2026-09-22T07:06:13.000Z</time>
      </trkpt>
      <trkpt lat="39.4562204740941524505615234375" lon="8.39982778765261173248291015625">
        <ele>123.8000030517578125</ele>
        <time>2026-09-22T07:06:22.000Z</time>
      </trkpt>
      <trkpt lat="39.4561851024627685546875" lon="8.39980867691338062286376953125">
        <ele>123.40000152587890625</ele>
        <time>2026-09-22T07:06:28.000Z</time>
      </trkpt>
      <trkpt lat="39.4561408460140228271484375" lon="8.39977548457682132720947265625">
        <ele>122.8000030517578125</ele>
        <time>2026-09-22T07:06:36.000Z</time>
      </trkpt>
      <trkpt lat="39.456084854900836944580078125" lon="8.399747572839260101318359375">
        <ele>122.40000152587890625</ele>
        <time>2026-09-22T07:06:43.000Z</time>
      </trkpt>
      <trkpt lat="39.45605040527880191802978515625" lon="8.3997262828052043914794921875">
        <ele>122.59999847412109375</ele>
        <time>2026-09-22T07:06:51.000Z</time>
      </trkpt>
      <trkpt lat="39.4560488127171993255615234375" lon="8.39972301386296749114990234375">
        <ele>122.59999847412109375</ele>
        <time>2026-09-22T07:06:52.000Z</time>
      </trkpt>
      <trkpt lat="39.45599106140434741973876953125" lon="8.39971329085528850555419921875">
        <ele>123.40000152587890625</ele>
        <time>2026-09-22T07:06:59.000Z</time>
      </trkpt>
      <trkpt lat="39.4559150375425815582275390625" lon="8.3996810205280780792236328125">
        <ele>124.1999969482421875</ele>
        <time>2026-09-22T07:07:07.000Z</time>
      </trkpt>
      <trkpt lat="39.4558794982731342315673828125" lon="8.3996679447591304779052734375">
        <ele>124.59999847412109375</ele>
        <time>2026-09-22T07:07:12.000Z</time>
      </trkpt>
      <trkpt lat="39.45587874390184879302978515625" lon="8.39966551400721073150634765625">
        <ele>124.59999847412109375</ele>
        <time>2026-09-22T07:07:14.000Z</time>
      </trkpt>
      <trkpt lat="39.4558352418243885040283203125" lon="8.399659059941768646240234375">
        <ele>125.40000152587890625</ele>
        <time>2026-09-22T07:07:21.000Z</time>
      </trkpt>
      <trkpt lat="39.45578386075794696807861328125" lon="8.39963232167065143585205078125">
        <ele>125.8000030517578125</ele>
        <time>2026-09-22T07:07:27.000Z</time>
      </trkpt>
      <trkpt lat="39.455703310668468475341796875" lon="8.399598039686679840087890625">
        <ele>126.40000152587890625</ele>
        <time>2026-09-22T07:07:37.000Z</time>
      </trkpt>
      <trkpt lat="39.455659054219722747802734375" lon="8.39958018623292446136474609375">
        <ele>127</ele>
        <time>2026-09-22T07:07:44.000Z</time>
      </trkpt>
      <trkpt lat="39.4556419551372528076171875" lon="8.39957079850137233734130859375">
        <ele>127.1999969482421875</ele>
        <time>2026-09-22T07:07:47.000Z</time>
      </trkpt>
      <trkpt lat="39.45562477223575115203857421875" lon="8.39955889619886875152587890625">
        <ele>127.40000152587890625</ele>
        <time>2026-09-22T07:07:51.000Z</time>
      </trkpt>
      <trkpt lat="39.455570541322231292724609375" lon="8.39950491674244403839111328125">
        <ele>127.40000152587890625</ele>
        <time>2026-09-22T07:07:59.000Z</time>
      </trkpt>
      <trkpt lat="39.4555428810417652130126953125" lon="8.39948714710772037506103515625">
        <ele>127.59999847412109375</ele>
        <time>2026-09-22T07:08:05.000Z</time>
      </trkpt>
      <trkpt lat="39.45552787743508815765380859375" lon="8.39947356842458248138427734375">
        <ele>127.40000152587890625</ele>
        <time>2026-09-22T07:08:12.000Z</time>
      </trkpt>
      <trkpt lat="39.455512203276157379150390625" lon="8.399478010833263397216796875">
        <ele>127.8000030517578125</ele>
        <time>2026-09-22T07:08:20.000Z</time>
      </trkpt>
      <trkpt lat="39.45548362098634243011474609375" lon="8.3994858898222446441650390625">
        <ele>128.399993896484375</ele>
        <time>2026-09-22T07:08:26.000Z</time>
      </trkpt>
      <trkpt lat="39.4554909132421016693115234375" lon="8.39944540522992610931396484375">
        <ele>127.40000152587890625</ele>
        <time>2026-09-22T07:08:34.000Z</time>
      </trkpt>
      <trkpt lat="39.45546635426580905914306640625" lon="8.39942998252809047698974609375">
        <ele>127.40000152587890625</ele>
        <time>2026-09-22T07:08:51.000Z</time>
      </trkpt>
      <trkpt lat="39.455453865230083465576171875" lon="8.399416990578174591064453125">
        <ele>127.1999969482421875</ele>
        <time>2026-09-22T07:08:52.000Z</time>
      </trkpt>
      <trkpt lat="39.45544355548918247222900390625" lon="8.39940802194178104400634765625">
        <ele>127.1999969482421875</ele>
        <time>2026-09-22T07:08:53.000Z</time>
      </trkpt>
      <trkpt lat="39.4554340839385986328125" lon="8.39940123260021209716796875">
        <ele>127.1999969482421875</ele>
        <time>2026-09-22T07:08:54.000Z</time>
      </trkpt>
      <trkpt lat="39.455361664295196533203125" lon="8.39933057315647602081298828125">
        <ele>127</ele>
        <time>2026-09-22T07:09:04.000Z</time>
      </trkpt>
      <trkpt lat="39.45534414611756801605224609375" lon="8.3993148989975452423095703125">
        <ele>127</ele>
        <time>2026-09-22T07:09:11.000Z</time>
      </trkpt>
      <trkpt lat="39.45532050915062427520751953125" lon="8.39930240996181964874267578125">
        <ele>127.1999969482421875</ele>
        <time>2026-09-22T07:09:19.000Z</time>
      </trkpt>
      <trkpt lat="39.455281198024749755859375" lon="8.399285562336444854736328125">
        <ele>127.40000152587890625</ele>
        <time>2026-09-22T07:09:26.000Z</time>
      </trkpt>
      <trkpt lat="39.45523953996598720550537109375" lon="8.39927223511040210723876953125">
        <ele>127.40000152587890625</ele>
        <time>2026-09-22T07:09:33.000Z</time>
      </trkpt>
      <trkpt lat="39.45520685054361820220947265625" lon="8.3992476761341094970703125">
        <ele>127.1999969482421875</ele>
        <time>2026-09-22T07:09:40.000Z</time>
      </trkpt>
      <trkpt lat="39.4551913440227508544921875" lon="8.39924298226833343505859375">
        <ele>127.1999969482421875</ele>
        <time>2026-09-22T07:09:43.000Z</time>
      </trkpt>
      <trkpt lat="39.45515152998268604278564453125" lon="8.39920970611274242401123046875">
        <ele>126.59999847412109375</ele>
        <time>2026-09-22T07:09:51.000Z</time>
      </trkpt>
      <trkpt lat="39.45513510145246982574462890625" lon="8.39919713325798511505126953125">
        <ele>126.59999847412109375</ele>
        <time>2026-09-22T07:09:54.000Z</time>
      </trkpt>
      <trkpt lat="39.45512252859771251678466796875" lon="8.3991921879351139068603515625">
        <ele>126.40000152587890625</ele>
        <time>2026-09-22T07:09:57.000Z</time>
      </trkpt>
      <trkpt lat="39.45511498488485813140869140625" lon="8.399188332259654998779296875">
        <ele>126.40000152587890625</ele>
        <time>2026-09-22T07:09:58.000Z</time>
      </trkpt>
      <trkpt lat="39.4550560601055622100830078125" lon="8.399164862930774688720703125">
        <ele>126.1999969482421875</ele>
        <time>2026-09-22T07:10:05.000Z</time>
      </trkpt>
      <trkpt lat="39.454992525279521942138671875" lon="8.39917802251875400543212890625">
        <ele>126.8000030517578125</ele>
        <time>2026-09-22T07:10:11.000Z</time>
      </trkpt>
      <trkpt lat="39.4549487717449665069580078125" lon="8.39917701669037342071533203125">
        <ele>127</ele>
        <time>2026-09-22T07:10:16.000Z</time>
      </trkpt>
      <trkpt lat="39.4549306668341159820556640625" lon="8.39916461147367954254150390625">
        <ele>126.8000030517578125</ele>
        <time>2026-09-22T07:10:18.000Z</time>
      </trkpt>
      <trkpt lat="39.45488800294697284698486328125" lon="8.399138711392879486083984375">
        <ele>126.40000152587890625</ele>
        <time>2026-09-22T07:10:26.000Z</time>
      </trkpt>
      <trkpt lat="39.45488397963345050811767578125" lon="8.39910694397985935211181640625">
        <ele>125.59999847412109375</ele>
        <time>2026-09-22T07:10:33.000Z</time>
      </trkpt>
      <trkpt lat="39.4548827223479747772216796875" lon="8.39910610578954219818115234375">
        <ele>125.59999847412109375</ele>
        <time>2026-09-22T07:10:39.000Z</time>
      </trkpt>
      <trkpt lat="39.4548827223479747772216796875" lon="8.39910610578954219818115234375">
        <ele>125.59999847412109375</ele>
        <time>2026-09-22T07:10:41.000Z</time>
      </trkpt>
      <trkpt lat="39.45488314144313335418701171875" lon="8.39910610578954219818115234375">
        <ele>125.59999847412109375</ele>
        <time>2026-09-22T07:10:49.000Z</time>
      </trkpt>
      <trkpt lat="39.45488381199538707733154296875" lon="8.3991060219705104827880859375">
        <ele>125.59999847412109375</ele>
        <time>2026-09-22T07:10:58.000Z</time>
      </trkpt>
      <trkpt lat="39.45488414727151393890380859375" lon="8.39910610578954219818115234375">
        <ele>125.59999847412109375</ele>
        <time>2026-09-22T07:11:07.000Z</time>
      </trkpt>
      <trkpt lat="39.4548850692808628082275390625" lon="8.39910677634179592132568359375">
        <ele>125.59999847412109375</ele>
        <time>2026-09-22T07:11:15.000Z</time>
      </trkpt>
      <trkpt lat="39.454885907471179962158203125" lon="8.39910711161792278289794921875">
        <ele>125.59999847412109375</ele>
        <time>2026-09-22T07:11:21.000Z</time>
      </trkpt>
      <trkpt lat="39.4548346102237701416015625" lon="8.39909277856349945068359375">
        <ele>125.40000152587890625</ele>
        <time>2026-09-22T07:11:31.000Z</time>
      </trkpt>
      <trkpt lat="39.454733021557331085205078125" lon="8.39907291345298290252685546875">
        <ele>125.1999969482421875</ele>
        <time>2026-09-22T07:11:39.000Z</time>
      </trkpt>
      <trkpt lat="39.4546342827379703521728515625" lon="8.399040140211582183837890625">
        <ele>125</ele>
        <time>2026-09-22T07:11:47.000Z</time>
      </trkpt>
      <trkpt lat="39.45454560220241546630859375" lon="8.39908347465097904205322265625">
        <ele>126.8000030517578125</ele>
        <time>2026-09-22T07:11:55.000Z</time>
      </trkpt>
      <trkpt lat="39.454387687146663665771484375" lon="8.399190343916416168212890625">
        <ele>130</ele>
        <time>2026-09-22T07:12:07.000Z</time>
      </trkpt>
      <trkpt lat="39.454232119023799896240234375" lon="8.3992637693881988525390625">
        <ele>131.8000030517578125</ele>
        <time>2026-09-22T07:12:19.000Z</time>
      </trkpt>
      <trkpt lat="39.454165734350681304931640625" lon="8.3992986381053924560546875">
        <ele>133.399993896484375</ele>
        <time>2026-09-22T07:12:25.000Z</time>
      </trkpt>
      <trkpt lat="39.45415399968624114990234375" lon="8.3992994762957096099853515625">
        <ele>133.600006103515625</ele>
        <time>2026-09-22T07:12:26.000Z</time>
      </trkpt>
      <trkpt lat="39.45405584760010242462158203125" lon="8.3993159048259258270263671875">
        <ele>136.1999969482421875</ele>
        <time>2026-09-22T07:12:34.000Z</time>
      </trkpt>
      <trkpt lat="39.453985355794429779052734375" lon="8.39928296394646167755126953125">
        <ele>136.600006103515625</ele>
        <time>2026-09-22T07:12:41.000Z</time>
      </trkpt>
      <trkpt lat="39.45389592088758945465087890625" lon="8.3991958759725093841552734375">
        <ele>136</ele>
        <time>2026-09-22T07:12:50.000Z</time>
      </trkpt>
      <trkpt lat="39.45386356674134731292724609375" lon="8.39916050434112548828125">
        <ele>135.8000030517578125</ele>
        <time>2026-09-22T07:12:54.000Z</time>
      </trkpt>
      <trkpt lat="39.4538460485637187957763671875" lon="8.39914399199187755584716796875">
        <ele>136</ele>
        <time>2026-09-22T07:12:56.000Z</time>
      </trkpt>
      <trkpt lat="39.45383079349994659423828125" lon="8.3991377055644989013671875">
        <ele>136.1999969482421875</ele>
        <time>2026-09-22T07:12:57.000Z</time>
      </trkpt>
      <trkpt lat="39.4538021273910999298095703125" lon="8.39912890456616878509521484375">
        <ele>137</ele>
        <time>2026-09-22T07:12:59.000Z</time>
      </trkpt>
      <trkpt lat="39.4537856988608837127685546875" lon="8.39911884628236293792724609375">
        <ele>137.399993896484375</ele>
        <time>2026-09-22T07:13:01.000Z</time>
      </trkpt>
      <trkpt lat="39.45378511212766170501708984375" lon="8.3991117216646671295166015625">
        <ele>137.1999969482421875</ele>
        <time>2026-09-22T07:13:02.000Z</time>
      </trkpt>
      <trkpt lat="39.45378729142248630523681640625" lon="8.39909789152443408966064453125">
        <ele>137</ele>
        <time>2026-09-22T07:13:03.000Z</time>
      </trkpt>
      <trkpt lat="39.45377044379711151123046875" lon="8.3990848995745182037353515625">
        <ele>137.1999969482421875</ele>
        <time>2026-09-22T07:13:05.000Z</time>
      </trkpt>
      <trkpt lat="39.4536955095827579498291015625" lon="8.39904852211475372314453125">
        <ele>139</ele>
        <time>2026-09-22T07:13:11.000Z</time>
      </trkpt>
      <trkpt lat="39.45362971164286136627197265625" lon="8.3989928662776947021484375">
        <ele>140</ele>
        <time>2026-09-22T07:13:18.000Z</time>
      </trkpt>
      <trkpt lat="39.45360674522817134857177734375" lon="8.3989692293107509613037109375">
        <ele>140.399993896484375</ele>
        <time>2026-09-22T07:13:20.000Z</time>
      </trkpt>
      <trkpt lat="39.453576989471912384033203125" lon="8.39895707555115222930908203125">
        <ele>140.8000030517578125</ele>
        <time>2026-09-22T07:13:22.000Z</time>
      </trkpt>
      <trkpt lat="39.45353709161281585693359375" lon="8.39893042109906673431396484375">
        <ele>141.399993896484375</ele>
        <time>2026-09-22T07:13:26.000Z</time>
      </trkpt>
      <trkpt lat="39.45351563394069671630859375" lon="8.3989098854362964630126953125">
        <ele>141.399993896484375</ele>
        <time>2026-09-22T07:13:29.000Z</time>
      </trkpt>
      <trkpt lat="39.4534765742719173431396484375" lon="8.39889572001993656158447265625">
        <ele>142.1999969482421875</ele>
        <time>2026-09-22T07:13:32.000Z</time>
      </trkpt>
      <trkpt lat="39.4534651748836040496826171875" lon="8.39887149631977081298828125">
        <ele>142</ele>
        <time>2026-09-22T07:13:34.000Z</time>
      </trkpt>
      <trkpt lat="39.45343022234737873077392578125" lon="8.39885137975215911865234375">
        <ele>142.399993896484375</ele>
        <time>2026-09-22T07:13:37.000Z</time>
      </trkpt>
      <trkpt lat="39.453403316438198089599609375" lon="8.39883704669773578643798828125">
        <ele>142.8000030517578125</ele>
        <time>2026-09-22T07:13:40.000Z</time>
      </trkpt>
      <trkpt lat="39.4533786736428737640380859375" lon="8.39880703948438167572021484375">
        <ele>143</ele>
        <time>2026-09-22T07:13:43.000Z</time>
      </trkpt>
      <trkpt lat="39.45334187708795070648193359375" lon="8.398781977593898773193359375">
        <ele>143.399993896484375</ele>
        <time>2026-09-22T07:13:46.000Z</time>
      </trkpt>
      <trkpt lat="39.4533030688762664794921875" lon="8.3987512998282909393310546875">
        <ele>143.600006103515625</ele>
        <time>2026-09-22T07:13:50.000Z</time>
      </trkpt>
      <trkpt lat="39.45327616296708583831787109375" lon="8.39871550910174846649169921875">
        <ele>143.399993896484375</ele>
        <time>2026-09-22T07:13:54.000Z</time>
      </trkpt>
      <trkpt lat="39.45324447937309741973876953125" lon="8.39869203977286815643310546875">
        <ele>143.399993896484375</ele>
        <time>2026-09-22T07:13:57.000Z</time>
      </trkpt>
      <trkpt lat="39.4531423039734363555908203125" lon="8.39863286353647708892822265625">
        <ele>143.600006103515625</ele>
        <time>2026-09-22T07:14:06.000Z</time>
      </trkpt>
      <trkpt lat="39.45312327705323696136474609375" lon="8.398624397814273834228515625">
        <ele>143.8000030517578125</ele>
        <time>2026-09-22T07:14:08.000Z</time>
      </trkpt>
      <trkpt lat="39.45309729315340518951416015625" lon="8.39860453270375728607177734375">
        <ele>143.8000030517578125</ele>
        <time>2026-09-22T07:14:11.000Z</time>
      </trkpt>
      <trkpt lat="39.45308388210833072662353515625" lon="8.3985997550189495086669921875">
        <ele>143.8000030517578125</ele>
        <time>2026-09-22T07:14:12.000Z</time>
      </trkpt>
      <trkpt lat="39.4529434852302074432373046875" lon="8.3985789678990840911865234375">
        <ele>143.1999969482421875</ele>
        <time>2026-09-22T07:14:22.000Z</time>
      </trkpt>
      <trkpt lat="39.4529087841510772705078125" lon="8.3985829912126064300537109375">
        <ele>143</ele>
        <time>2026-09-22T07:14:25.000Z</time>
      </trkpt>
      <trkpt lat="39.45286762900650501251220703125" lon="8.39859849773347377777099609375">
        <ele>143</ele>
        <time>2026-09-22T07:14:28.000Z</time>
      </trkpt>
      <trkpt lat="39.45284239947795867919921875" lon="8.39860470034182071685791015625">
        <ele>143</ele>
        <time>2026-09-22T07:14:30.000Z</time>
      </trkpt>
      <trkpt lat="39.4526967220008373260498046875" lon="8.39866588823497295379638671875">
        <ele>141.8000030517578125</ele>
        <time>2026-09-22T07:14:42.000Z</time>
      </trkpt>
      <trkpt lat="39.45263930596411228179931640625" lon="8.398690111935138702392578125">
        <ele>140.8000030517578125</ele>
        <time>2026-09-22T07:14:47.000Z</time>
      </trkpt>
      <trkpt lat="39.45256437174975872039794921875" lon="8.39875624515116214752197265625">
        <ele>140.600006103515625</ele>
        <time>2026-09-22T07:14:54.000Z</time>
      </trkpt>
      <trkpt lat="39.45248943753540515899658203125" lon="8.39886135421693325042724609375">
        <ele>141</ele>
        <time>2026-09-22T07:15:04.000Z</time>
      </trkpt>
      <trkpt lat="39.45244140923023223876953125" lon="8.398979790508747100830078125">
        <ele>141.8000030517578125</ele>
        <time>2026-09-22T07:15:13.000Z</time>
      </trkpt>
      <trkpt lat="39.45238918997347354888916015625" lon="8.3990892581641674041748046875">
        <ele>142.399993896484375</ele>
        <time>2026-09-22T07:15:21.000Z</time>
      </trkpt>
      <trkpt lat="39.452365972101688385009765625" lon="8.39915974996984004974365234375">
        <ele>143.1999969482421875</ele>
        <time>2026-09-22T07:15:26.000Z</time>
      </trkpt>
      <trkpt lat="39.45236739702522754669189453125" lon="8.39917584322392940521240234375">
        <ele>143.399993896484375</ele>
        <time>2026-09-22T07:15:27.000Z</time>
      </trkpt>
      <trkpt lat="39.4523674808442592620849609375" lon="8.399186991155147552490234375">
        <ele>143.600006103515625</ele>
        <time>2026-09-22T07:15:28.000Z</time>
      </trkpt>
      <trkpt lat="39.4523121602833271026611328125" lon="8.3992689661681652069091796875">
        <ele>144</ele>
        <time>2026-09-22T07:15:37.000Z</time>
      </trkpt>
      <trkpt lat="39.452278800308704376220703125" lon="8.39934088289737701416015625">
        <ele>145.600006103515625</ele>
        <time>2026-09-22T07:15:43.000Z</time>
      </trkpt>
      <trkpt lat="39.45221669040620326995849609375" lon="8.3993769250810146331787109375">
        <ele>146</ele>
        <time>2026-09-22T07:15:50.000Z</time>
      </trkpt>
      <trkpt lat="39.4522052071988582611083984375" lon="8.39938924647867679595947265625">
        <ele>146.1999969482421875</ele>
        <time>2026-09-22T07:15:57.000Z</time>
      </trkpt>
      <trkpt lat="39.45220646448433399200439453125" lon="8.3993910066783428192138671875">
        <ele>146.399993896484375</ele>
        <time>2026-09-22T07:16:08.000Z</time>
      </trkpt>
      <trkpt lat="39.4522065483033657073974609375" lon="8.3993903361260890960693359375">
        <ele>146.1999969482421875</ele>
        <time>2026-09-22T07:16:11.000Z</time>
      </trkpt>
      <trkpt lat="39.452206380665302276611328125" lon="8.39939025230705738067626953125">
        <ele>146.1999969482421875</ele>
        <time>2026-09-22T07:16:24.000Z</time>
      </trkpt>
      <trkpt lat="39.452205710113048553466796875" lon="8.3993876539170742034912109375">
        <ele>146.1999969482421875</ele>
        <time>2026-09-22T07:16:34.000Z</time>
      </trkpt>
      <trkpt lat="39.4521991722285747528076171875" lon="8.39938757009804248809814453125">
        <ele>146</ele>
        <time>2026-09-22T07:16:45.000Z</time>
      </trkpt>
      <trkpt lat="39.45219942368566989898681640625" lon="8.399388492107391357421875">
        <ele>146</ele>
        <time>2026-09-22T07:16:53.000Z</time>
      </trkpt>
      <trkpt lat="39.45219942368566989898681640625" lon="8.3993883244693279266357421875">
        <ele>146</ele>
        <time>2026-09-22T07:17:08.000Z</time>
      </trkpt>
      <trkpt lat="39.45219372399151325225830078125" lon="8.399388492107391357421875">
        <ele>146</ele>
        <time>2026-09-22T07:17:21.000Z</time>
      </trkpt>
      <trkpt lat="39.4521148502826690673828125" lon="8.39941623620688915252685546875">
        <ele>145</ele>
        <time>2026-09-22T07:17:38.000Z</time>
      </trkpt>
      <trkpt lat="39.45203161798417568206787109375" lon="8.3994503505527973175048828125">
        <ele>144.1999969482421875</ele>
        <time>2026-09-22T07:17:43.000Z</time>
      </trkpt>
      <trkpt lat="39.452007226645946502685546875" lon="8.39945915155112743377685546875">
        <ele>143.8000030517578125</ele>
        <time>2026-09-22T07:17:45.000Z</time>
      </trkpt>
      <trkpt lat="39.4519983418285846710205078125" lon="8.39946585707366466522216796875">
        <ele>143.8000030517578125</ele>
        <time>2026-09-22T07:17:46.000Z</time>
      </trkpt>
      <trkpt lat="39.4519775547087192535400390625" lon="8.3994765020906925201416015625">
        <ele>143.8000030517578125</ele>
        <time>2026-09-22T07:17:48.000Z</time>
      </trkpt>
      <trkpt lat="39.45193178951740264892578125" lon="8.39949200861155986785888671875">
        <ele>143.399993896484375</ele>
        <time>2026-09-22T07:17:51.000Z</time>
      </trkpt>
      <trkpt lat="39.4518417678773403167724609375" lon="8.3995267935097217559814453125">
        <ele>142.399993896484375</ele>
        <time>2026-09-22T07:17:58.000Z</time>
      </trkpt>
      <trkpt lat="39.4518179632723331451416015625" lon="8.39953375048935413360595703125">
        <ele>142</ele>
        <time>2026-09-22T07:18:00.000Z</time>
      </trkpt>
      <trkpt lat="39.4517026282846927642822265625" lon="8.39956677518784999847412109375">
        <ele>139.8000030517578125</ele>
        <time>2026-09-22T07:18:09.000Z</time>
      </trkpt>
      <trkpt lat="39.451606571674346923828125" lon="8.3995643444359302520751953125">
        <ele>138.399993896484375</ele>
        <time>2026-09-22T07:18:16.000Z</time>
      </trkpt>
      <trkpt lat="39.451580084860324859619140625" lon="8.3995566330850124359130859375">
        <ele>138.1999969482421875</ele>
        <time>2026-09-22T07:18:18.000Z</time>
      </trkpt>
      <trkpt lat="39.4514702819287776947021484375" lon="8.39952084235846996307373046875">
        <ele>137.600006103515625</ele>
        <time>2026-09-22T07:18:25.000Z</time>
      </trkpt>
      <trkpt lat="39.451410435140132904052734375" lon="8.39950575493276119232177734375">
        <ele>136.8000030517578125</ele>
        <time>2026-09-22T07:18:29.000Z</time>
      </trkpt>
      <trkpt lat="39.45127976126968860626220703125" lon="8.399500809609889984130859375">
        <ele>135.8000030517578125</ele>
        <time>2026-09-22T07:18:37.000Z</time>
      </trkpt>
      <trkpt lat="39.45126702077686786651611328125" lon="8.39950089342892169952392578125">
        <ele>135.8000030517578125</ele>
        <time>2026-09-22T07:18:38.000Z</time>
      </trkpt>
      <trkpt lat="39.4512543641030788421630859375" lon="8.39950106106698513031005859375">
        <ele>135.600006103515625</ele>
        <time>2026-09-22T07:18:39.000Z</time>
      </trkpt>
      <trkpt lat="39.45119309239089488983154296875" lon="8.39950986206531524658203125">
        <ele>135.399993896484375</ele>
        <time>2026-09-22T07:18:45.000Z</time>
      </trkpt>
      <trkpt lat="39.4511839561164379119873046875" lon="8.39951346628367900848388671875">
        <ele>135.399993896484375</ele>
        <time>2026-09-22T07:18:46.000Z</time>
      </trkpt>
      <trkpt lat="39.451152272522449493408203125" lon="8.3995334990322589874267578125">
        <ele>135.399993896484375</ele>
        <time>2026-09-22T07:18:49.000Z</time>
      </trkpt>
      <trkpt lat="39.45105462335050106048583984375" lon="8.3996500074863433837890625">
        <ele>136.600006103515625</ele>
        <time>2026-09-22T07:19:01.000Z</time>
      </trkpt>
      <trkpt lat="39.45103735662996768951416015625" lon="8.39970306493341922760009765625">
        <ele>137</ele>
        <time>2026-09-22T07:19:05.000Z</time>
      </trkpt>
      <trkpt lat="39.45102428086102008819580078125" lon="8.3997510932385921478271484375">
        <ele>137.399993896484375</ele>
        <time>2026-09-22T07:19:08.000Z</time>
      </trkpt>
      <trkpt lat="39.45101656951010227203369140625" lon="8.399775736033916473388671875">
        <ele>137.8000030517578125</ele>
        <time>2026-09-22T07:19:10.000Z</time>
      </trkpt>
      <trkpt lat="39.4510102830827236175537109375" lon="8.399788476526737213134765625">
        <ele>137.8000030517578125</ele>
        <time>2026-09-22T07:19:11.000Z</time>
      </trkpt>
      <trkpt lat="39.450988657772541046142578125" lon="8.39982762001454830169677734375">
        <ele>138</ele>
        <time>2026-09-22T07:19:14.000Z</time>
      </trkpt>
      <trkpt lat="39.45096208713948726654052734375" lon="8.3998825214803218841552734375">
        <ele>138.399993896484375</ele>
        <time>2026-09-22T07:19:18.000Z</time>
      </trkpt>
      <trkpt lat="39.450941719114780426025390625" lon="8.39991143904626369476318359375">
        <ele>138.600006103515625</ele>
        <time>2026-09-22T07:19:20.000Z</time>
      </trkpt>
      <trkpt lat="39.45091615431010723114013671875" lon="8.399927951395511627197265625">
        <ele>138.600006103515625</ele>
        <time>2026-09-22T07:19:22.000Z</time>
      </trkpt>
      <trkpt lat="39.4508486799895763397216796875" lon="8.399929292500019073486328125">
        <ele>137.600006103515625</ele>
        <time>2026-09-22T07:19:27.000Z</time>
      </trkpt>
      <trkpt lat="39.45077902637422084808349609375" lon="8.39991160668432712554931640625">
        <ele>137</ele>
        <time>2026-09-22T07:19:32.000Z</time>
      </trkpt>
      <trkpt lat="39.45070392452180385589599609375" lon="8.3998768217861652374267578125">
        <ele>136.8000030517578125</ele>
        <time>2026-09-22T07:19:38.000Z</time>
      </trkpt>
      <trkpt lat="39.45053461007773876190185546875" lon="8.39975503273308277130126953125">
        <ele>135.600006103515625</ele>
        <time>2026-09-22T07:19:50.000Z</time>
      </trkpt>
      <trkpt lat="39.45051901973783969879150390625" lon="8.39974363334476947784423828125">
        <ele>135.600006103515625</ele>
        <time>2026-09-22T07:19:51.000Z</time>
      </trkpt>
      <trkpt lat="39.4504906050860881805419921875" lon="8.3997189067304134368896484375">
        <ele>135.399993896484375</ele>
        <time>2026-09-22T07:19:53.000Z</time>
      </trkpt>
      <trkpt lat="39.4504599273204803466796875" lon="8.39969552122056484222412109375">
        <ele>135.1999969482421875</ele>
        <time>2026-09-22T07:19:55.000Z</time>
      </trkpt>
      <trkpt lat="39.45042028091847896575927734375" lon="8.39967138133943080902099609375">
        <ele>135</ele>
        <time>2026-09-22T07:19:58.000Z</time>
      </trkpt>
      <trkpt lat="39.450381807982921600341796875" lon="8.39964657090604305267333984375">
        <ele>135</ele>
        <time>2026-09-22T07:20:01.000Z</time>
      </trkpt>
      <trkpt lat="39.450300671160221099853515625" lon="8.39961505495011806488037109375">
        <ele>135.1999969482421875</ele>
        <time>2026-09-22T07:20:09.000Z</time>
      </trkpt>
      <trkpt lat="39.4502673111855983734130859375" lon="8.3996124565601348876953125">
        <ele>135.600006103515625</ele>
        <time>2026-09-22T07:20:12.000Z</time>
      </trkpt>
      <trkpt lat="39.4501328654587268829345703125" lon="8.3996287174522876739501953125">
        <ele>138</ele>
        <time>2026-09-22T07:20:21.000Z</time>
      </trkpt>
      <trkpt lat="39.45011325180530548095703125" lon="8.39963450096547603607177734375">
        <ele>138.600006103515625</ele>
        <time>2026-09-22T07:20:23.000Z</time>
      </trkpt>
      <trkpt lat="39.45003353990614414215087890625" lon="8.3996357582509517669677734375">
        <ele>140</ele>
        <time>2026-09-22T07:20:30.000Z</time>
      </trkpt>
      <trkpt lat="39.44991133175790309906005859375" lon="8.39965679682791233062744140625">
        <ele>141.8000030517578125</ele>
        <time>2026-09-22T07:20:41.000Z</time>
      </trkpt>
      <trkpt lat="39.449846036732196807861328125" lon="8.39968009851872920989990234375">
        <ele>142.600006103515625</ele>
        <time>2026-09-22T07:20:48.000Z</time>
      </trkpt>
      <trkpt lat="39.44977873004972934722900390625" lon="8.3996982872486114501953125">
        <ele>143.1999969482421875</ele>
        <time>2026-09-22T07:20:53.000Z</time>
      </trkpt>
      <trkpt lat="39.44972843863070011138916015625" lon="8.3997090160846710205078125">
        <ele>143.399993896484375</ele>
        <time>2026-09-22T07:20:57.000Z</time>
      </trkpt>
      <trkpt lat="39.449659623205661773681640625" lon="8.3997269533574581146240234375">
        <ele>144.1999969482421875</ele>
        <time>2026-09-22T07:21:03.000Z</time>
      </trkpt>
      <trkpt lat="39.44962349720299243927001953125" lon="8.39973139576613903045654296875">
        <ele>144.399993896484375</ele>
        <time>2026-09-22T07:21:06.000Z</time>
      </trkpt>
      <trkpt lat="39.4495679251849651336669921875" lon="8.39975067414343357086181640625">
        <ele>145.1999969482421875</ele>
        <time>2026-09-22T07:21:11.000Z</time>
      </trkpt>
      <trkpt lat="39.449534900486469268798828125" lon="8.39976240880787372589111328125">
        <ele>145.600006103515625</ele>
        <time>2026-09-22T07:21:14.000Z</time>
      </trkpt>
      <trkpt lat="39.4495246745645999908447265625" lon="8.39976760558784008026123046875">
        <ele>145.8000030517578125</ele>
        <time>2026-09-22T07:21:15.000Z</time>
      </trkpt>
      <trkpt lat="39.4495176337659358978271484375" lon="8.3997718803584575653076171875">
        <ele>146</ele>
        <time>2026-09-22T07:21:16.000Z</time>
      </trkpt>
      <trkpt lat="39.4494827650487422943115234375" lon="8.39978202246129512786865234375">
        <ele>146.1999969482421875</ele>
        <time>2026-09-22T07:21:19.000Z</time>
      </trkpt>
      <trkpt lat="39.44941294379532337188720703125" lon="8.3997948467731475830078125">
        <ele>146.1999969482421875</ele>
        <time>2026-09-22T07:21:25.000Z</time>
      </trkpt>
      <trkpt lat="39.44924362935125827789306640625" lon="8.3998171426355838775634765625">
        <ele>146.8000030517578125</ele>
        <time>2026-09-22T07:21:36.000Z</time>
      </trkpt>
      <trkpt lat="39.44914975203573703765869140625" lon="8.39982225559651851654052734375">
        <ele>146.1999969482421875</ele>
        <time>2026-09-22T07:21:44.000Z</time>
      </trkpt>
      <trkpt lat="39.4490603171288967132568359375" lon="8.39990406297147274017333984375">
        <ele>147.1999969482421875</ele>
        <time>2026-09-22T07:21:52.000Z</time>
      </trkpt>
      <trkpt lat="39.44903441704809665679931640625" lon="8.39996776543557643890380859375">
        <ele>147.399993896484375</ele>
        <time>2026-09-22T07:21:56.000Z</time>
      </trkpt>
      <trkpt lat="39.449027962982654571533203125" lon="8.400003723800182342529296875">
        <ele>148.1999969482421875</ele>
        <time>2026-09-22T07:21:58.000Z</time>
      </trkpt>
      <trkpt lat="39.44902167655527591705322265625" lon="8.40002291835844516754150390625">
        <ele>148.399993896484375</ele>
        <time>2026-09-22T07:21:59.000Z</time>
      </trkpt>
      <trkpt lat="39.44900625385344028472900390625" lon="8.400174044072628021240234375">
        <ele>151.600006103515625</ele>
        <time>2026-09-22T07:22:07.000Z</time>
      </trkpt>
      <trkpt lat="39.44897071458399295806884765625" lon="8.40028946287930011749267578125">
        <ele>153</ele>
        <time>2026-09-22T07:22:14.000Z</time>
      </trkpt>
      <trkpt lat="39.44896350614726543426513671875" lon="8.40030119754374027252197265625">
        <ele>153</ele>
        <time>2026-09-22T07:22:15.000Z</time>
      </trkpt>
      <trkpt lat="39.44888438098132610321044921875" lon="8.40033489279448986053466796875">
        <ele>152</ele>
        <time>2026-09-22T07:22:22.000Z</time>
      </trkpt>
      <trkpt lat="39.4487599097192287445068359375" lon="8.4003321267664432525634765625">
        <ele>149.8000030517578125</ele>
        <time>2026-09-22T07:22:31.000Z</time>
      </trkpt>
      <trkpt lat="39.4486586563289165496826171875" lon="8.40033941902220249176025390625">
        <ele>148.1999969482421875</ele>
        <time>2026-09-22T07:22:40.000Z</time>
      </trkpt>
      <trkpt lat="39.44861448369920253753662109375" lon="8.400356769561767578125">
        <ele>148.1999969482421875</ele>
        <time>2026-09-22T07:22:45.000Z</time>
      </trkpt>
      <trkpt lat="39.44859780371189117431640625" lon="8.4003559313714504241943359375">
        <ele>148</ele>
        <time>2026-09-22T07:22:47.000Z</time>
      </trkpt>
      <trkpt lat="39.44856050424277782440185546875" lon="8.40039406903088092803955078125">
        <ele>149.399993896484375</ele>
        <time>2026-09-22T07:22:51.000Z</time>
      </trkpt>
      <trkpt lat="39.44852446205914020538330078125" lon="8.40042910538613796234130859375">
        <ele>150.600006103515625</ele>
        <time>2026-09-22T07:22:55.000Z</time>
      </trkpt>
      <trkpt lat="39.44847165606915950775146484375" lon="8.40047101490199565887451171875">
        <ele>152</ele>
        <time>2026-09-22T07:23:00.000Z</time>
      </trkpt>
      <trkpt lat="39.44839035160839557647705078125" lon="8.4005379863083362579345703125">
        <ele>154</ele>
        <time>2026-09-22T07:23:08.000Z</time>
      </trkpt>
      <trkpt lat="39.44834391586482524871826171875" lon="8.400561623275279998779296875">
        <ele>154.8000030517578125</ele>
        <time>2026-09-22T07:23:12.000Z</time>
      </trkpt>
      <trkpt lat="39.4482739269733428955078125" lon="8.40059456415474414825439453125">
        <ele>155.600006103515625</ele>
        <time>2026-09-22T07:23:19.000Z</time>
      </trkpt>
      <trkpt lat="39.44817510433495044708251953125" lon="8.400611244142055511474609375">
        <ele>155.600006103515625</ele>
        <time>2026-09-22T07:23:28.000Z</time>
      </trkpt>
      <trkpt lat="39.44807904772460460662841796875" lon="8.4006754495203495025634765625">
        <ele>156.399993896484375</ele>
        <time>2026-09-22T07:23:38.000Z</time>
      </trkpt>
      <trkpt lat="39.44807351566851139068603515625" lon="8.4006786346435546875">
        <ele>156.399993896484375</ele>
        <time>2026-09-22T07:23:39.000Z</time>
      </trkpt>
      <trkpt lat="39.44806697778403759002685546875" lon="8.400678969919681549072265625">
        <ele>156.399993896484375</ele>
        <time>2026-09-22T07:23:43.000Z</time>
      </trkpt>
      <trkpt lat="39.4480665586888790130615234375" lon="8.4006818197667598724365234375">
        <ele>156.600006103515625</ele>
        <time>2026-09-22T07:23:49.000Z</time>
      </trkpt>
      <trkpt lat="39.44806672632694244384765625" lon="8.400682322680950164794921875">
        <ele>156.600006103515625</ele>
        <time>2026-09-22T07:23:51.000Z</time>
      </trkpt>
      <trkpt lat="39.44806672632694244384765625" lon="8.400682322680950164794921875">
        <ele>156.600006103515625</ele>
        <time>2026-09-22T07:23:54.000Z</time>
      </trkpt>
      <trkpt lat="39.44806697778403759002685546875" lon="8.4006821550428867340087890625">
        <ele>156.600006103515625</ele>
        <time>2026-09-22T07:24:02.000Z</time>
      </trkpt>
      <trkpt lat="39.44807150401175022125244140625" lon="8.400678969919681549072265625">
        <ele>156.399993896484375</ele>
        <time>2026-09-22T07:24:07.000Z</time>
      </trkpt>
      <trkpt lat="39.448097236454486846923828125" lon="8.40066128410398960113525390625">
        <ele>156.1999969482421875</ele>
        <time>2026-09-22T07:24:09.000Z</time>
      </trkpt>
      <trkpt lat="39.4481758587062358856201171875" lon="8.40061501599848270416259765625">
        <ele>155.600006103515625</ele>
        <time>2026-09-22T07:24:14.000Z</time>
      </trkpt>
      <trkpt lat="39.44828943349421024322509765625" lon="8.40057226829230785369873046875">
        <ele>155</ele>
        <time>2026-09-22T07:24:23.000Z</time>
      </trkpt>
      <trkpt lat="39.44832748733460903167724609375" lon="8.40056925080716609954833984375">
        <ele>155</ele>
        <time>2026-09-22T07:24:26.000Z</time>
      </trkpt>
      <trkpt lat="39.44837995804846286773681640625" lon="8.40053773485124111175537109375">
        <ele>154</ele>
        <time>2026-09-22T07:24:31.000Z</time>
      </trkpt>
      <trkpt lat="39.44839890114963054656982421875" lon="8.40051971375942230224609375">
        <ele>153.600006103515625</ele>
        <time>2026-09-22T07:24:33.000Z</time>
      </trkpt>
      <trkpt lat="39.44841013289988040924072265625" lon="8.40050940401852130889892578125">
        <ele>153.1999969482421875</ele>
        <time>2026-09-22T07:24:34.000Z</time>
      </trkpt>
      <trkpt lat="39.44846369326114654541015625" lon="8.40046162717044353485107421875">
        <ele>151.8000030517578125</ele>
        <time>2026-09-22T07:24:39.000Z</time>
      </trkpt>
      <trkpt lat="39.4485409744083881378173828125" lon="8.4004001878201961517333984375">
        <ele>149.8000030517578125</ele>
        <time>2026-09-22T07:24:45.000Z</time>
      </trkpt>
      <trkpt lat="39.4485845603048801422119140625" lon="8.40035551227629184722900390625">
        <ele>148.1999969482421875</ele>
        <time>2026-09-22T07:24:49.000Z</time>
      </trkpt>
      <trkpt lat="39.44868941791355609893798828125" lon="8.4003207273781299591064453125">
        <ele>148.1999969482421875</ele>
        <time>2026-09-22T07:24:57.000Z</time>
      </trkpt>
      <trkpt lat="39.44870375096797943115234375" lon="8.4003203921020030975341796875">
        <ele>148.399993896484375</ele>
        <time>2026-09-22T07:24:58.000Z</time>
      </trkpt>
      <trkpt lat="39.44871875457465648651123046875" lon="8.40032148174941539764404296875">
        <ele>148.8000030517578125</ele>
        <time>2026-09-22T07:24:59.000Z</time>
      </trkpt>
      <trkpt lat="39.4487518630921840667724609375" lon="8.4003250859677791595458984375">
        <ele>149.399993896484375</ele>
        <time>2026-09-22T07:25:01.000Z</time>
      </trkpt>
      <trkpt lat="39.44878513924777507781982421875" lon="8.40032433159649372100830078125">
        <ele>150</ele>
        <time>2026-09-22T07:25:03.000Z</time>
      </trkpt>
      <trkpt lat="39.4487998075783252716064453125" lon="8.40032416395843029022216796875">
        <ele>150.1999969482421875</ele>
        <time>2026-09-22T07:25:04.000Z</time>
      </trkpt>
      <trkpt lat="39.4488440640270709991455078125" lon="8.400329612195491790771484375">
        <ele>151.1999969482421875</ele>
        <time>2026-09-22T07:25:07.000Z</time>
      </trkpt>
      <trkpt lat="39.448950849473476409912109375" lon="8.4003150276839733123779296875">
        <ele>152.8000030517578125</ele>
        <time>2026-09-22T07:25:15.000Z</time>
      </trkpt>
      <trkpt lat="39.44896736182272434234619140625" lon="8.400300778448581695556640625">
        <ele>153</ele>
        <time>2026-09-22T07:25:18.000Z</time>
      </trkpt>
      <trkpt lat="39.448970966041088104248046875" lon="8.4002935700118541717529296875">
        <ele>153</ele>
        <time>2026-09-22T07:25:20.000Z</time>
      </trkpt>
      <trkpt lat="39.44898915477097034454345703125" lon="8.40024570934474468231201171875">
        <ele>152.8000030517578125</ele>
        <time>2026-09-22T07:25:27.000Z</time>
      </trkpt>
      <trkpt lat="39.44901664741337299346923828125" lon="8.40012953616678714752197265625">
        <ele>151</ele>
        <time>2026-09-22T07:25:34.000Z</time>
      </trkpt>
      <trkpt lat="39.44904196076095104217529296875" lon="8.3999472297728061676025390625">
        <ele>147.399993896484375</ele>
        <time>2026-09-22T07:25:43.000Z</time>
      </trkpt>
      <trkpt lat="39.4490697048604488372802734375" lon="8.39986902661621570587158203125">
        <ele>146.8000030517578125</ele>
        <time>2026-09-22T07:25:49.000Z</time>
      </trkpt>
      <trkpt lat="39.44907926023006439208984375" lon="8.39987061917781829833984375">
        <ele>147</ele>
        <time>2026-09-22T07:25:50.000Z</time>
      </trkpt>
      <trkpt lat="39.44911119528114795684814453125" lon="8.3999046497046947479248046875">
        <ele>148</ele>
        <time>2026-09-22T07:25:54.000Z</time>
      </trkpt>
      <trkpt lat="39.449123181402683258056640625" lon="8.39992267079651355743408203125">
        <ele>148.600006103515625</ele>
        <time>2026-09-22T07:25:56.000Z</time>
      </trkpt>
      <trkpt lat="39.44913332350552082061767578125" lon="8.39994295500218868255615234375">
        <ele>149.1999969482421875</ele>
        <time>2026-09-22T07:25:58.000Z</time>
      </trkpt>
      <trkpt lat="39.449144639074802398681640625" lon="8.4000028856098651885986328125">
        <ele>150.600006103515625</ele>
        <time>2026-09-22T07:26:03.000Z</time>
      </trkpt>
      <trkpt lat="39.449160732328891754150390625" lon="8.4000276960432529449462890625">
        <ele>151.600006103515625</ele>
        <time>2026-09-22T07:26:07.000Z</time>
      </trkpt>
      <trkpt lat="39.4491793401539325714111328125" lon="8.40004630386829376220703125">
        <ele>152.399993896484375</ele>
        <time>2026-09-22T07:26:10.000Z</time>
      </trkpt>
      <trkpt lat="39.44919719360768795013427734375" lon="8.4000595472753047943115234375">
        <ele>153</ele>
        <time>2026-09-22T07:26:12.000Z</time>
      </trkpt>
      <trkpt lat="39.449204318225383758544921875" lon="8.4000845253467559814453125">
        <ele>153.8000030517578125</ele>
        <time>2026-09-22T07:26:15.000Z</time>
      </trkpt>
      <trkpt lat="39.44921068847179412841796875" lon="8.40009550563991069793701171875">
        <ele>154.1999969482421875</ele>
        <time>2026-09-22T07:26:16.000Z</time>
      </trkpt>
      <trkpt lat="39.44922016002237796783447265625" lon="8.40010799467563629150390625">
        <ele>154.600006103515625</ele>
        <time>2026-09-22T07:26:18.000Z</time>
      </trkpt>
      <trkpt lat="39.449224770069122314453125" lon="8.400111012160778045654296875">
        <ele>154.8000030517578125</ele>
        <time>2026-09-22T07:26:19.000Z</time>
      </trkpt>
      <trkpt lat="39.4492638297379016876220703125" lon="8.40012811124324798583984375">
        <ele>156</ele>
        <time>2026-09-22T07:26:24.000Z</time>
      </trkpt>
      <trkpt lat="39.4492691941559314727783203125" lon="8.40016700327396392822265625">
        <ele>157</ele>
        <time>2026-09-22T07:26:29.000Z</time>
      </trkpt>
      <trkpt lat="39.4492755644023418426513671875" lon="8.40019307099282741546630859375">
        <ele>157.8000030517578125</ele>
        <time>2026-09-22T07:26:33.000Z</time>
      </trkpt>
      <trkpt lat="39.4492832757532596588134765625" lon="8.4002057276666164398193359375">
        <ele>158.1999969482421875</ele>
        <time>2026-09-22T07:26:36.000Z</time>
      </trkpt>
      <trkpt lat="39.44932728074491024017333984375" lon="8.4002302028238773345947265625">
        <ele>159.600006103515625</ele>
        <time>2026-09-22T07:26:44.000Z</time>
      </trkpt>
      <trkpt lat="39.44936868734657764434814453125" lon="8.40026800520718097686767578125">
        <ele>161.1999969482421875</ele>
        <time>2026-09-22T07:26:52.000Z</time>
      </trkpt>
      <trkpt lat="39.44934957660734653472900390625" lon="8.4003566019237041473388671875">
        <ele>162.8000030517578125</ele>
        <time>2026-09-22T07:27:00.000Z</time>
      </trkpt>
      <trkpt lat="39.44936248473823070526123046875" lon="8.4003975056111812591552734375">
        <ele>164</ele>
        <time>2026-09-22T07:27:06.000Z</time>
      </trkpt>
      <trkpt lat="39.44937103427946567535400390625" lon="8.40039943344891071319580078125">
        <ele>164.1999969482421875</ele>
        <time>2026-09-22T07:27:07.000Z</time>
      </trkpt>
      <trkpt lat="39.44940556772053241729736328125" lon="8.40039767324924468994140625">
        <ele>164.8000030517578125</ele>
        <time>2026-09-22T07:27:13.000Z</time>
      </trkpt>
      <trkpt lat="39.44943708367645740509033203125" lon="8.40041133575141429901123046875">
        <ele>165.600006103515625</ele>
        <time>2026-09-22T07:27:19.000Z</time>
      </trkpt>
      <trkpt lat="39.449466168880462646484375" lon="8.40042122639715671539306640625">
        <ele>166.399993896484375</ele>
        <time>2026-09-22T07:27:26.000Z</time>
      </trkpt>
      <trkpt lat="39.4495240040123462677001953125" lon="8.40042650699615478515625">
        <ele>167.399993896484375</ele>
        <time>2026-09-22T07:27:35.000Z</time>
      </trkpt>
      <trkpt lat="39.44952987134456634521484375" lon="8.4004303626716136932373046875">
        <ele>167.600006103515625</ele>
        <time>2026-09-22T07:27:42.000Z</time>
      </trkpt>
      <trkpt lat="39.449567086994647979736328125" lon="8.4004729427397251129150390625">
        <ele>169.1999969482421875</ele>
        <time>2026-09-22T07:27:52.000Z</time>
      </trkpt>
      <trkpt lat="39.44960094988346099853515625" lon="8.40052817948162555694580078125">
        <ele>171</ele>
        <time>2026-09-22T07:27:59.000Z</time>
      </trkpt>
      <trkpt lat="39.44961796514689922332763671875" lon="8.40053790248930454254150390625">
        <ele>171.600006103515625</ele>
        <time>2026-09-22T07:28:01.000Z</time>
      </trkpt>
      <trkpt lat="39.44967211224138736724853515625" lon="8.4005601145327091217041015625">
        <ele>173.1999969482421875</ele>
        <time>2026-09-22T07:28:08.000Z</time>
      </trkpt>
      <trkpt lat="39.44968468509614467620849609375" lon="8.4005728550255298614501953125">
        <ele>173.8000030517578125</ele>
        <time>2026-09-22T07:28:10.000Z</time>
      </trkpt>
      <trkpt lat="39.449717961251735687255859375" lon="8.400599174201488494873046875">
        <ele>175.1999969482421875</ele>
        <time>2026-09-22T07:28:15.000Z</time>
      </trkpt>
      <trkpt lat="39.44971871562302112579345703125" lon="8.4006097353994846343994140625">
        <ele>175.399993896484375</ele>
        <time>2026-09-22T07:28:18.000Z</time>
      </trkpt>
      <trkpt lat="39.44971485994756221771240234375" lon="8.4006110765039920806884765625">
        <ele>175.399993896484375</ele>
        <time>2026-09-22T07:28:27.000Z</time>
      </trkpt>
      <trkpt lat="39.4497174583375453948974609375" lon="8.4006110765039920806884765625">
        <ele>175.399993896484375</ele>
        <time>2026-09-22T07:28:37.000Z</time>
      </trkpt>
      <trkpt lat="39.44973447360098361968994140625" lon="8.40067687444388866424560546875">
        <ele>177.399993896484375</ele>
        <time>2026-09-22T07:28:42.000Z</time>
      </trkpt>
      <trkpt lat="39.4497640617191791534423828125" lon="8.4008018486201763153076171875">
        <ele>181.1999969482421875</ele>
        <time>2026-09-22T07:28:49.000Z</time>
      </trkpt>
      <trkpt lat="39.4497972540557384490966796875" lon="8.4008424170315265655517578125">
        <ele>182.399993896484375</ele>
        <time>2026-09-22T07:28:53.000Z</time>
      </trkpt>
      <trkpt lat="39.44980882108211517333984375" lon="8.4008618630468845367431640625">
        <ele>183</ele>
        <time>2026-09-22T07:28:55.000Z</time>
      </trkpt>
      <trkpt lat="39.44982885383069515228271484375" lon="8.4008876793086528778076171875">
        <ele>183.600006103515625</ele>
        <time>2026-09-22T07:29:02.000Z</time>
      </trkpt>
      <trkpt lat="39.449827931821346282958984375" lon="8.40088784694671630859375">
        <ele>183.600006103515625</ele>
        <time>2026-09-22T07:29:10.000Z</time>
      </trkpt>
      <trkpt lat="39.449827931821346282958984375" lon="8.40088784694671630859375">
        <ele>183.600006103515625</ele>
        <time>2026-09-22T07:29:14.000Z</time>
      </trkpt>
      <trkpt lat="39.449827931821346282958984375" lon="8.40088784694671630859375">
        <ele>183.600006103515625</ele>
        <time>2026-09-22T07:29:18.000Z</time>
      </trkpt>
      <trkpt lat="39.449827931821346282958984375" lon="8.40088784694671630859375">
        <ele>183.600006103515625</ele>
        <time>2026-09-22T07:29:22.000Z</time>
      </trkpt>
      <trkpt lat="39.449827931821346282958984375" lon="8.40088784694671630859375">
        <ele>183.600006103515625</ele>
        <time>2026-09-22T07:29:26.000Z</time>
      </trkpt>
      <trkpt lat="39.449827931821346282958984375" lon="8.40088784694671630859375">
        <ele>183.600006103515625</ele>
        <time>2026-09-22T07:29:28.000Z</time>
      </trkpt>
      <trkpt lat="39.44982818327844142913818359375" lon="8.40088784694671630859375">
        <ele>183.600006103515625</ele>
        <time>2026-09-22T07:29:31.000Z</time>
      </trkpt>
      <trkpt lat="39.44982818327844142913818359375" lon="8.40088784694671630859375">
        <ele>183.600006103515625</ele>
        <time>2026-09-22T07:29:33.000Z</time>
      </trkpt>
      <trkpt lat="39.44982818327844142913818359375" lon="8.4008876793086528778076171875">
        <ele>183.600006103515625</ele>
        <time>2026-09-22T07:29:35.000Z</time>
      </trkpt>
      <trkpt lat="39.44982818327844142913818359375" lon="8.4008873440325260162353515625">
        <ele>183.600006103515625</ele>
        <time>2026-09-22T07:29:37.000Z</time>
      </trkpt>
      <trkpt lat="39.44982851855456829071044921875" lon="8.4008873440325260162353515625">
        <ele>183.600006103515625</ele>
        <time>2026-09-22T07:29:39.000Z</time>
      </trkpt>
      <trkpt lat="39.449828602373600006103515625" lon="8.40088742785155773162841796875">
        <ele>183.600006103515625</ele>
        <time>2026-09-22T07:29:41.000Z</time>
      </trkpt>
      <trkpt lat="39.44982893764972686767578125" lon="8.4008918702602386474609375">
        <ele>183.8000030517578125</ele>
        <time>2026-09-22T07:29:44.000Z</time>
      </trkpt>
      <trkpt lat="39.4498321227729320526123046875" lon="8.40097057633101940155029296875">
        <ele>185.399993896484375</ele>
        <time>2026-09-22T07:29:49.000Z</time>
      </trkpt>
      <trkpt lat="39.44983522407710552215576171875" lon="8.4010016731917858123779296875">
        <ele>185.8000030517578125</ele>
        <time>2026-09-22T07:29:51.000Z</time>
      </trkpt>
      <trkpt lat="39.4498555921018123626708984375" lon="8.40109345503151416778564453125">
        <ele>187.8000030517578125</ele>
        <time>2026-09-22T07:29:58.000Z</time>
      </trkpt>
      <trkpt lat="39.44986120797693729400634765625" lon="8.4011032618582248687744140625">
        <ele>188</ele>
        <time>2026-09-22T07:30:00.000Z</time>
      </trkpt>
      <trkpt lat="39.4498830847442150115966796875" lon="8.40116788633167743682861328125">
        <ele>189.1999969482421875</ele>
        <time>2026-09-22T07:30:05.000Z</time>
      </trkpt>
      <trkpt lat="39.44987981580197811126708984375" lon="8.4011994861066341400146484375">
        <ele>189.600006103515625</ele>
        <time>2026-09-22T07:30:07.000Z</time>
      </trkpt>
      <trkpt lat="39.44988165982067584991455078125" lon="8.40123980306088924407958984375">
        <ele>190.1999969482421875</ele>
        <time>2026-09-22T07:30:11.000Z</time>
      </trkpt>
      <trkpt lat="39.4498854316771030426025390625" lon="8.4012628532946109771728515625">
        <ele>190.600006103515625</ele>
        <time>2026-09-22T07:30:13.000Z</time>
      </trkpt>
      <trkpt lat="39.44991049356758594512939453125" lon="8.40131700038909912109375">
        <ele>191.600006103515625</ele>
        <time>2026-09-22T07:30:17.000Z</time>
      </trkpt>
      <trkpt lat="39.44992390461266040802001953125" lon="8.40134507976472377777099609375">
        <ele>192.1999969482421875</ele>
        <time>2026-09-22T07:30:20.000Z</time>
      </trkpt>
      <trkpt lat="39.44994695484638214111328125" lon="8.4014566428959369659423828125">
        <ele>195.1999969482421875</ele>
        <time>2026-09-22T07:30:27.000Z</time>
      </trkpt>
      <trkpt lat="39.4499796442687511444091796875" lon="8.40154406614601612091064453125">
        <ele>197.600006103515625</ele>
        <time>2026-09-22T07:30:34.000Z</time>
      </trkpt>
      <trkpt lat="39.44998911581933498382568359375" lon="8.40168689377605915069580078125">
        <ele>201.399993896484375</ele>
        <time>2026-09-22T07:30:42.000Z</time>
      </trkpt>
      <trkpt lat="39.4500121660530567169189453125" lon="8.401770628988742828369140625">
        <ele>204</ele>
        <time>2026-09-22T07:30:49.000Z</time>
      </trkpt>
      <trkpt lat="39.45002364926040172576904296875" lon="8.4017778374254703521728515625">
        <ele>204.1999969482421875</ele>
        <time>2026-09-22T07:30:50.000Z</time>
      </trkpt>
      <trkpt lat="39.45010126568377017974853515625" lon="8.401829302310943603515625">
        <ele>206.1999969482421875</ele>
        <time>2026-09-22T07:30:58.000Z</time>
      </trkpt>
      <trkpt lat="39.450114257633686065673828125" lon="8.401914797723293304443359375">
        <ele>208.8000030517578125</ele>
        <time>2026-09-22T07:31:05.000Z</time>
      </trkpt>
      <trkpt lat="39.45010998286306858062744140625" lon="8.40197171084582805633544921875">
        <ele>209.8000030517578125</ele>
        <time>2026-09-22T07:31:11.000Z</time>
      </trkpt>
      <trkpt lat="39.45012859068810939788818359375" lon="8.40204681269824504852294921875">
        <ele>211.399993896484375</ele>
        <time>2026-09-22T07:31:19.000Z</time>
      </trkpt>
      <trkpt lat="39.45015884935855865478515625" lon="8.4020720422267913818359375">
        <ele>212</ele>
        <time>2026-09-22T07:31:22.000Z</time>
      </trkpt>
      <trkpt lat="39.45017804391682147979736328125" lon="8.4020815975964069366455078125">
        <ele>212.399993896484375</ele>
        <time>2026-09-22T07:31:24.000Z</time>
      </trkpt>
      <trkpt lat="39.4501942209899425506591796875" lon="8.402097523212432861328125">
        <ele>212.8000030517578125</ele>
        <time>2026-09-22T07:31:26.000Z</time>
      </trkpt>
      <trkpt lat="39.45020503364503383636474609375" lon="8.40211353264749050140380859375">
        <ele>213.1999969482421875</ele>
        <time>2026-09-22T07:31:28.000Z</time>
      </trkpt>
      <trkpt lat="39.45020151324570178985595703125" lon="8.40213440358638763427734375">
        <ele>213.399993896484375</ele>
        <time>2026-09-22T07:31:30.000Z</time>
      </trkpt>
      <trkpt lat="39.45019531063735485076904296875" lon="8.4021416120231151580810546875">
        <ele>213.600006103515625</ele>
        <time>2026-09-22T07:31:31.000Z</time>
      </trkpt>
      <trkpt lat="39.45019103586673736572265625" lon="8.40214991010725498199462890625">
        <ele>213.8000030517578125</ele>
        <time>2026-09-22T07:31:32.000Z</time>
      </trkpt>
      <trkpt lat="39.45020335726439952850341796875" lon="8.4021875448524951934814453125">
        <ele>214.8000030517578125</ele>
        <time>2026-09-22T07:31:36.000Z</time>
      </trkpt>
      <trkpt lat="39.45022330619394779205322265625" lon="8.40224705636501312255859375">
        <ele>216.399993896484375</ele>
        <time>2026-09-22T07:31:44.000Z</time>
      </trkpt>
      <trkpt lat="39.45024493150413036346435546875" lon="8.4022784046828746795654296875">
        <ele>217</ele>
        <time>2026-09-22T07:31:48.000Z</time>
      </trkpt>
      <trkpt lat="39.45024778135120868682861328125" lon="8.40229374356567859649658203125">
        <ele>217.399993896484375</ele>
        <time>2026-09-22T07:31:50.000Z</time>
      </trkpt>
      <trkpt lat="39.4502458535134792327880859375" lon="8.40236515738070011138916015625">
        <ele>219.1999969482421875</ele>
        <time>2026-09-22T07:31:57.000Z</time>
      </trkpt>
      <trkpt lat="39.45024736225605010986328125" lon="8.4024135209619998931884765625">
        <ele>220.600006103515625</ele>
        <time>2026-09-22T07:32:04.000Z</time>
      </trkpt>
      <trkpt lat="39.450247026979923248291015625" lon="8.40246272273361682891845703125">
        <ele>221.8000030517578125</ele>
        <time>2026-09-22T07:32:10.000Z</time>
      </trkpt>
      <trkpt lat="39.45027259178459644317626953125" lon="8.40250496752560138702392578125">
        <ele>223</ele>
        <time>2026-09-22T07:32:17.000Z</time>
      </trkpt>
      <trkpt lat="39.450286589562892913818359375" lon="8.4025157801806926727294921875">
        <ele>223.399993896484375</ele>
        <time>2026-09-22T07:32:26.000Z</time>
      </trkpt>
      <trkpt lat="39.45028759539127349853515625" lon="8.40252089314162731170654296875">
        <ele>223.600006103515625</ele>
        <time>2026-09-22T07:32:37.000Z</time>
      </trkpt>
      <trkpt lat="39.45029027760028839111328125" lon="8.4025575220584869384765625">
        <ele>224.8000030517578125</ele>
        <time>2026-09-22T07:32:39.000Z</time>
      </trkpt>
      <trkpt lat="39.45031751878559589385986328125" lon="8.40264737606048583984375">
        <ele>227.600006103515625</ele>
        <time>2026-09-22T07:32:46.000Z</time>
      </trkpt>
      <trkpt lat="39.45034367032349109649658203125" lon="8.4026804007589817047119140625">
        <ele>228.8000030517578125</ele>
        <time>2026-09-22T07:32:52.000Z</time>
      </trkpt>
      <trkpt lat="39.45035465061664581298828125" lon="8.4027370624244213104248046875">
        <ele>230.600006103515625</ele>
        <time>2026-09-22T07:32:58.000Z</time>
      </trkpt>
      <trkpt lat="39.45036445744335651397705078125" lon="8.40280369855463504791259765625">
        <ele>233</ele>
        <time>2026-09-22T07:33:05.000Z</time>
      </trkpt>
      <trkpt lat="39.45035540498793125152587890625" lon="8.40280990116298198699951171875">
        <ele>233.399993896484375</ele>
        <time>2026-09-22T07:33:06.000Z</time>
      </trkpt>
      <trkpt lat="39.45035062730312347412109375" lon="8.4028554148972034454345703125">
        <ele>235</ele>
        <time>2026-09-22T07:33:11.000Z</time>
      </trkpt>
      <trkpt lat="39.450362026691436767578125" lon="8.402952142059803009033203125">
        <ele>237.8000030517578125</ele>
        <time>2026-09-22T07:33:21.000Z</time>
      </trkpt>
      <trkpt lat="39.4503367133438587188720703125" lon="8.40299664996564388275146484375">
        <ele>238.8000030517578125</ele>
        <time>2026-09-22T07:33:27.000Z</time>
      </trkpt>
      <trkpt lat="39.450340904295444488525390625" lon="8.40305599384009838104248046875">
        <ele>240.8000030517578125</ele>
        <time>2026-09-22T07:33:34.000Z</time>
      </trkpt>
      <trkpt lat="39.45034392178058624267578125" lon="8.40312690474092960357666015625">
        <ele>243</ele>
        <time>2026-09-22T07:33:42.000Z</time>
      </trkpt>
      <trkpt lat="39.4503204524517059326171875" lon="8.40319781564176082611083984375">
        <ele>244.1999969482421875</ele>
        <time>2026-09-22T07:33:49.000Z</time>
      </trkpt>
      <trkpt lat="39.4503025151789188385009765625" lon="8.4032590873539447784423828125">
        <ele>245.399993896484375</ele>
        <time>2026-09-22T07:33:56.000Z</time>
      </trkpt>
      <trkpt lat="39.450295977294445037841796875" lon="8.4032741747796535491943359375">
        <ele>245.8000030517578125</ele>
        <time>2026-09-22T07:34:01.000Z</time>
      </trkpt>
      <trkpt lat="39.45029958151280879974365234375" lon="8.4032671339809894561767578125">
        <ele>245.600006103515625</ele>
        <time>2026-09-22T07:34:09.000Z</time>
      </trkpt>
      <trkpt lat="39.45029958151280879974365234375" lon="8.4032671339809894561767578125">
        <ele>245.600006103515625</ele>
        <time>2026-09-22T07:34:16.000Z</time>
      </trkpt>
      <trkpt lat="39.45029958151280879974365234375" lon="8.4032671339809894561767578125">
        <ele>245.600006103515625</ele>
        <time>2026-09-22T07:34:18.000Z</time>
      </trkpt>
      <trkpt lat="39.45029941387474536895751953125" lon="8.4032671339809894561767578125">
        <ele>245.600006103515625</ele>
        <time>2026-09-22T07:34:21.000Z</time>
      </trkpt>
      <trkpt lat="39.45029924623668193817138671875" lon="8.403266966342926025390625">
        <ele>245.600006103515625</ele>
        <time>2026-09-22T07:34:24.000Z</time>
      </trkpt>
      <trkpt lat="39.45029891096055507659912109375" lon="8.4032664634287357330322265625">
        <ele>245.600006103515625</ele>
        <time>2026-09-22T07:34:29.000Z</time>
      </trkpt>
      <trkpt lat="39.4503085501492023468017578125" lon="8.4032855741679668426513671875">
        <ele>246.1999969482421875</ele>
        <time>2026-09-22T07:34:43.000Z</time>
      </trkpt>
      <trkpt lat="39.450322799384593963623046875" lon="8.40332404710352420806884765625">
        <ele>247.600006103515625</ele>
        <time>2026-09-22T07:34:46.000Z</time>
      </trkpt>
      <trkpt lat="39.450343586504459381103515625" lon="8.40339101850986480712890625">
        <ele>249.600006103515625</ele>
        <time>2026-09-22T07:34:50.000Z</time>
      </trkpt>
      <trkpt lat="39.450348280370235443115234375" lon="8.40340551920235157012939453125">
        <ele>249.8000030517578125</ele>
        <time>2026-09-22T07:34:51.000Z</time>
      </trkpt>
      <trkpt lat="39.45034987293183803558349609375" lon="8.4034131467342376708984375">
        <ele>250</ele>
        <time>2026-09-22T07:34:52.000Z</time>
      </trkpt>
      <trkpt lat="39.45035054348409175872802734375" lon="8.403430245816707611083984375">
        <ele>250.1999969482421875</ele>
        <time>2026-09-22T07:34:54.000Z</time>
      </trkpt>
      <trkpt lat="39.4503336958587169647216796875" lon="8.40352370403707027435302734375">
        <ele>251.1999969482421875</ele>
        <time>2026-09-22T07:35:01.000Z</time>
      </trkpt>
      <trkpt lat="39.45033143274486064910888671875" lon="8.4035591594874858856201171875">
        <ele>251.600006103515625</ele>
        <time>2026-09-22T07:35:04.000Z</time>
      </trkpt>
      <trkpt lat="39.45033109746873378753662109375" lon="8.40359696187078952789306640625">
        <ele>252.1999969482421875</ele>
        <time>2026-09-22T07:35:07.000Z</time>
      </trkpt>
      <trkpt lat="39.4503276608884334564208984375" lon="8.40363451279699802398681640625">
        <ele>253</ele>
        <time>2026-09-22T07:35:10.000Z</time>
      </trkpt>
      <trkpt lat="39.45031919516623020172119140625" lon="8.4036567248404026031494140625">
        <ele>253</ele>
        <time>2026-09-22T07:35:12.000Z</time>
      </trkpt>
      <trkpt lat="39.45031718350946903228759765625" lon="8.40368312783539295196533203125">
        <ele>253.600006103515625</ele>
        <time>2026-09-22T07:35:14.000Z</time>
      </trkpt>
      <trkpt lat="39.450326152145862579345703125" lon="8.40372025966644287109375">
        <ele>254.399993896484375</ele>
        <time>2026-09-22T07:35:17.000Z</time>
      </trkpt>
      <trkpt lat="39.45034886710345745086669921875" lon="8.4037495963275432586669921875">
        <ele>255.8000030517578125</ele>
        <time>2026-09-22T07:35:21.000Z</time>
      </trkpt>
      <trkpt lat="39.45036026649177074432373046875" lon="8.403766863048076629638671875">
        <ele>256.399993896484375</ele>
        <time>2026-09-22T07:35:23.000Z</time>
      </trkpt>
      <trkpt lat="39.4503819756209850311279296875" lon="8.4037911705672740936279296875">
        <ele>257.600006103515625</ele>
        <time>2026-09-22T07:35:27.000Z</time>
      </trkpt>
      <trkpt lat="39.4504089653491973876953125" lon="8.4038391150534152984619140625">
        <ele>259.20001220703125</ele>
        <time>2026-09-22T07:35:34.000Z</time>
      </trkpt>
      <trkpt lat="39.4504250586032867431640625" lon="8.4038833715021610260009765625">
        <ele>260.600006103515625</ele>
        <time>2026-09-22T07:35:40.000Z</time>
      </trkpt>
      <trkpt lat="39.450426064431667327880859375" lon="8.40389250777661800384521484375">
        <ele>261</ele>
        <time>2026-09-22T07:35:41.000Z</time>
      </trkpt>
      <trkpt lat="39.450431428849697113037109375" lon="8.403994180262088775634765625">
        <ele>263.20001220703125</ele>
        <time>2026-09-22T07:35:50.000Z</time>
      </trkpt>
      <trkpt lat="39.4504295848309993743896484375" lon="8.40401790104806423187255859375">
        <ele>263.79998779296875</ele>
        <time>2026-09-22T07:35:52.000Z</time>
      </trkpt>
      <trkpt lat="39.45045598782598972320556640625" lon="8.4040795080363750457763671875">
        <ele>266</ele>
        <time>2026-09-22T07:35:59.000Z</time>
      </trkpt>
      <trkpt lat="39.4504594244062900543212890625" lon="8.40408043004572391510009765625">
        <ele>266.20001220703125</ele>
        <time>2026-09-22T07:36:00.000Z</time>
      </trkpt>
      <trkpt lat="39.4505093805491924285888671875" lon="8.40405545197427272796630859375">
        <ele>267.20001220703125</ele>
        <time>2026-09-22T07:36:08.000Z</time>
      </trkpt>
      <trkpt lat="39.45055715739727020263671875" lon="8.4040339104831218719482421875">
        <ele>268</ele>
        <time>2026-09-22T07:36:15.000Z</time>
      </trkpt>
      <trkpt lat="39.450615830719470977783203125" lon="8.4040660969913005828857421875">
        <ele>269.399993896484375</ele>
        <time>2026-09-22T07:36:22.000Z</time>
      </trkpt>
      <trkpt lat="39.45064994506537914276123046875" lon="8.40412401594221591949462890625">
        <ele>271.20001220703125</ele>
        <time>2026-09-22T07:36:28.000Z</time>
      </trkpt>
      <trkpt lat="39.450656063854694366455078125" lon="8.40413290075957775115966796875">
        <ele>271.399993896484375</ele>
        <time>2026-09-22T07:36:29.000Z</time>
      </trkpt>
      <trkpt lat="39.45067207328975200653076171875" lon="8.404142372310161590576171875">
        <ele>272</ele>
        <time>2026-09-22T07:36:31.000Z</time>
      </trkpt>
      <trkpt lat="39.45069872774183750152587890625" lon="8.404162488877773284912109375">
        <ele>272.79998779296875</ele>
        <time>2026-09-22T07:36:34.000Z</time>
      </trkpt>
      <trkpt lat="39.45070543326437473297119140625" lon="8.40419165790081024169921875">
        <ele>273.600006103515625</ele>
        <time>2026-09-22T07:36:36.000Z</time>
      </trkpt>
      <trkpt lat="39.450707025825977325439453125" lon="8.404279835522174835205078125">
        <ele>275.79998779296875</ele>
        <time>2026-09-22T07:36:43.000Z</time>
      </trkpt>
      <trkpt lat="39.45069386623799800872802734375" lon="8.40435334481298923492431640625">
        <ele>277.600006103515625</ele>
        <time>2026-09-22T07:36:49.000Z</time>
      </trkpt>
      <trkpt lat="39.4506864063441753387451171875" lon="8.40435929596424102783203125">
        <ele>277.600006103515625</ele>
        <time>2026-09-22T07:36:50.000Z</time>
      </trkpt>
      <trkpt lat="39.4506609253585338592529296875" lon="8.404411263763904571533203125">
        <ele>278.600006103515625</ele>
        <time>2026-09-22T07:36:56.000Z</time>
      </trkpt>
      <trkpt lat="39.4506610929965972900390625" lon="8.4044191427528858184814453125">
        <ele>278.79998779296875</ele>
        <time>2026-09-22T07:36:57.000Z</time>
      </trkpt>
      <trkpt lat="39.45068866945803165435791015625" lon="8.4044885449111461639404296875">
        <ele>281.20001220703125</ele>
        <time>2026-09-22T07:37:06.000Z</time>
      </trkpt>
      <trkpt lat="39.450684897601604461669921875" lon="8.40450203977525234222412109375">
        <ele>281.399993896484375</ele>
        <time>2026-09-22T07:37:07.000Z</time>
      </trkpt>
      <trkpt lat="39.45065950043499469757080078125" lon="8.40454763732850551605224609375">
        <ele>282.399993896484375</ele>
        <time>2026-09-22T07:37:12.000Z</time>
      </trkpt>
      <trkpt lat="39.45066788233816623687744140625" lon="8.40460396371781826019287109375">
        <ele>283.79998779296875</ele>
        <time>2026-09-22T07:37:19.000Z</time>
      </trkpt>
      <trkpt lat="39.4507008232176303863525390625" lon="8.40464319102466106414794921875">
        <ele>285.20001220703125</ele>
        <time>2026-09-22T07:37:26.000Z</time>
      </trkpt>
      <trkpt lat="39.45071985013782978057861328125" lon="8.40472432784736156463623046875">
        <ele>287.600006103515625</ele>
        <time>2026-09-22T07:37:34.000Z</time>
      </trkpt>
      <trkpt lat="39.450745247304439544677734375" lon="8.40476472862064838409423828125">
        <ele>289.399993896484375</ele>
        <time>2026-09-22T07:37:42.000Z</time>
      </trkpt>
      <trkpt lat="39.45074625313282012939453125" lon="8.40476657263934612274169921875">
        <ele>289.399993896484375</ele>
        <time>2026-09-22T07:37:51.000Z</time>
      </trkpt>
      <trkpt lat="39.45074600167572498321533203125" lon="8.40476657263934612274169921875">
        <ele>289.399993896484375</ele>
        <time>2026-09-22T07:38:02.000Z</time>
      </trkpt>
      <trkpt lat="39.45074600167572498321533203125" lon="8.4047668240964412689208984375">
        <ele>289.399993896484375</ele>
        <time>2026-09-22T07:38:04.000Z</time>
      </trkpt>
      <trkpt lat="39.45074600167572498321533203125" lon="8.4047671593725681304931640625">
        <ele>289.399993896484375</ele>
        <time>2026-09-22T07:38:07.000Z</time>
      </trkpt>
      <trkpt lat="39.45074600167572498321533203125" lon="8.40476741082966327667236328125">
        <ele>289.399993896484375</ele>
        <time>2026-09-22T07:38:09.000Z</time>
      </trkpt>
      <trkpt lat="39.45074633695185184478759765625" lon="8.404767997562885284423828125">
        <ele>289.399993896484375</ele>
        <time>2026-09-22T07:38:13.000Z</time>
      </trkpt>
      <trkpt lat="39.450746588408946990966796875" lon="8.40476833283901214599609375">
        <ele>289.600006103515625</ele>
        <time>2026-09-22T07:38:16.000Z</time>
      </trkpt>
      <trkpt lat="39.450747258961200714111328125" lon="8.4047691710293292999267578125">
        <ele>289.600006103515625</ele>
        <time>2026-09-22T07:38:18.000Z</time>
      </trkpt>
      <trkpt lat="39.4507484324276447296142578125" lon="8.40477059595286846160888671875">
        <ele>289.600006103515625</ele>
        <time>2026-09-22T07:38:21.000Z</time>
      </trkpt>
      <trkpt lat="39.45074918679893016815185546875" lon="8.40477160178124904632568359375">
        <ele>289.600006103515625</ele>
        <time>2026-09-22T07:38:24.000Z</time>
      </trkpt>
      <trkpt lat="39.4507494382560253143310546875" lon="8.40477361343801021575927734375">
        <ele>289.79998779296875</ele>
        <time>2026-09-22T07:38:30.000Z</time>
      </trkpt>
      <trkpt lat="39.45074952207505702972412109375" lon="8.40477378107607364654541015625">
        <ele>289.79998779296875</ele>
        <time>2026-09-22T07:38:31.000Z</time>
      </trkpt>
      <trkpt lat="39.450749941170215606689453125" lon="8.4047742001712322235107421875">
        <ele>289.79998779296875</ele>
        <time>2026-09-22T07:38:34.000Z</time>
      </trkpt>
      <trkpt lat="39.45075019262731075286865234375" lon="8.404774367809295654296875">
        <ele>289.79998779296875</ele>
        <time>2026-09-22T07:38:36.000Z</time>
      </trkpt>
      <trkpt lat="39.45076377131044864654541015625" lon="8.40483270585536956787109375">
        <ele>291.79998779296875</ele>
        <time>2026-09-22T07:38:43.000Z</time>
      </trkpt>
      <trkpt lat="39.45082412101328372955322265625" lon="8.40489934198558330535888671875">
        <ele>295</ele>
        <time>2026-09-22T07:38:49.000Z</time>
      </trkpt>
      <trkpt lat="39.4508530385792255401611328125" lon="8.40491744689643383026123046875">
        <ele>296</ele>
        <time>2026-09-22T07:38:53.000Z</time>
      </trkpt>
      <trkpt lat="39.45086083374917507171630859375" lon="8.4049393236637115478515625">
        <ele>296.79998779296875</ele>
        <time>2026-09-22T07:38:55.000Z</time>
      </trkpt>
      <trkpt lat="39.4508649408817291259765625" lon="8.4049629606306552886962890625">
        <ele>297.600006103515625</ele>
        <time>2026-09-22T07:38:58.000Z</time>
      </trkpt>
      <trkpt lat="39.45089436136186122894287109375" lon="8.4049981646239757537841796875">
        <ele>299</ele>
        <time>2026-09-22T07:39:04.000Z</time>
      </trkpt>
      <trkpt lat="39.4509100355207920074462890625" lon="8.4050233103334903717041015625">
        <ele>300</ele>
        <time>2026-09-22T07:39:07.000Z</time>
      </trkpt>
      <trkpt lat="39.45092738606035709381103515625" lon="8.4050591848790645599365234375">
        <ele>301.399993896484375</ele>
        <time>2026-09-22T07:39:12.000Z</time>
      </trkpt>
      <trkpt lat="39.45092202164232730865478515625" lon="8.40506815351545810699462890625">
        <ele>301.600006103515625</ele>
        <time>2026-09-22T07:39:13.000Z</time>
      </trkpt>
      <trkpt lat="39.45092604495584964752197265625" lon="8.4050793014466762542724609375">
        <ele>302</ele>
        <time>2026-09-22T07:39:18.000Z</time>
      </trkpt>
      <trkpt lat="39.45092990063130855560302734375" lon="8.40513504110276699066162109375">
        <ele>303.399993896484375</ele>
        <time>2026-09-22T07:39:24.000Z</time>
      </trkpt>
      <trkpt lat="39.45092084817588329315185546875" lon="8.4051592648029327392578125">
        <ele>303.79998779296875</ele>
        <time>2026-09-22T07:39:29.000Z</time>
      </trkpt>
      <trkpt lat="39.4509200938045978546142578125" lon="8.4051592648029327392578125">
        <ele>303.79998779296875</ele>
        <time>2026-09-22T07:39:31.000Z</time>
      </trkpt>
      <trkpt lat="39.450916238129138946533203125" lon="8.40516236610710620880126953125">
        <ele>303.79998779296875</ele>
        <time>2026-09-22T07:39:42.000Z</time>
      </trkpt>
      <trkpt lat="39.45091632194817066192626953125" lon="8.40516236610710620880126953125">
        <ele>303.79998779296875</ele>
        <time>2026-09-22T07:39:47.000Z</time>
      </trkpt>
      <trkpt lat="39.4509378634393215179443359375" lon="8.4051993303000926971435546875">
        <ele>305.20001220703125</ele>
        <time>2026-09-22T07:39:50.000Z</time>
      </trkpt>
      <trkpt lat="39.450940378010272979736328125" lon="8.40521383099257946014404296875">
        <ele>305.600006103515625</ele>
        <time>2026-09-22T07:39:51.000Z</time>
      </trkpt>
      <trkpt lat="39.4509905017912387847900390625" lon="8.40531541965901851654052734375">
        <ele>308.79998779296875</ele>
        <time>2026-09-22T07:40:00.000Z</time>
      </trkpt>
      <trkpt lat="39.45101506076753139495849609375" lon="8.405365459620952606201171875">
        <ele>310.20001220703125</ele>
        <time>2026-09-22T07:40:06.000Z</time>
      </trkpt>
      <trkpt lat="39.45105864666402339935302734375" lon="8.40538113377988338470458984375">
        <ele>311.399993896484375</ele>
        <time>2026-09-22T07:40:11.000Z</time>
      </trkpt>
      <trkpt lat="39.4510661065578460693359375" lon="8.40538532473146915435791015625">
        <ele>311.79998779296875</ele>
        <time>2026-09-22T07:40:12.000Z</time>
      </trkpt>
      <trkpt lat="39.451118409633636474609375" lon="8.40541415847837924957275390625">
        <ele>313.600006103515625</ele>
        <time>2026-09-22T07:40:19.000Z</time>
      </trkpt>
      <trkpt lat="39.45112536661326885223388671875" lon="8.4054293297231197357177734375">
        <ele>314</ele>
        <time>2026-09-22T07:40:21.000Z</time>
      </trkpt>
      <trkpt lat="39.4511383585631847381591796875" lon="8.40545439161360263824462890625">
        <ele>314.79998779296875</ele>
        <time>2026-09-22T07:40:26.000Z</time>
      </trkpt>
      <trkpt lat="39.4511685334146022796630859375" lon="8.40550635941326618194580078125">
        <ele>316.600006103515625</ele>
        <time>2026-09-22T07:40:35.000Z</time>
      </trkpt>
      <trkpt lat="39.45118739269673824310302734375" lon="8.4055084548890590667724609375">
        <ele>317.20001220703125</ele>
        <time>2026-09-22T07:40:41.000Z</time>
      </trkpt>
      <trkpt lat="39.45122645236551761627197265625" lon="8.4055387973785400390625">
        <ele>318.79998779296875</ele>
        <time>2026-09-22T07:40:47.000Z</time>
      </trkpt>
      <trkpt lat="39.45127003826200962066650390625" lon="8.4055956266820430755615234375">
        <ele>320.399993896484375</ele>
        <time>2026-09-22T07:40:55.000Z</time>
      </trkpt>
      <trkpt lat="39.45133742876350879669189453125" lon="8.405594788491725921630859375">
        <ele>322.399993896484375</ele>
        <time>2026-09-22T07:41:03.000Z</time>
      </trkpt>
      <trkpt lat="39.451389312744140625" lon="8.40562135912477970123291015625">
        <ele>324</ele>
        <time>2026-09-22T07:41:11.000Z</time>
      </trkpt>
      <trkpt lat="39.45143960416316986083984375" lon="8.405649103224277496337890625">
        <ele>325</ele>
        <time>2026-09-22T07:41:17.000Z</time>
      </trkpt>
      <trkpt lat="39.45149299688637256622314453125" lon="8.405730910599231719970703125">
        <ele>326.600006103515625</ele>
        <time>2026-09-22T07:41:25.000Z</time>
      </trkpt>
      <trkpt lat="39.451538510620594024658203125" lon="8.4058125503361225128173828125">
        <ele>328</ele>
        <time>2026-09-22T07:41:34.000Z</time>
      </trkpt>
      <trkpt lat="39.4515675120055675506591796875" lon="8.40589595027267932891845703125">
        <ele>329.399993896484375</ele>
        <time>2026-09-22T07:41:41.000Z</time>
      </trkpt>
      <trkpt lat="39.4515983574092388153076171875" lon="8.405945487320423126220703125">
        <ele>330.600006103515625</ele>
        <time>2026-09-22T07:41:47.000Z</time>
      </trkpt>
      <trkpt lat="39.45160028524696826934814453125" lon="8.40595328249037265777587890625">
        <ele>330.600006103515625</ele>
        <time>2026-09-22T07:41:48.000Z</time>
      </trkpt>
      <trkpt lat="39.45162476040422916412353515625" lon="8.4060086868703365325927734375">
        <ele>331.600006103515625</ele>
        <time>2026-09-22T07:41:55.000Z</time>
      </trkpt>
      <trkpt lat="39.45164001546800136566162109375" lon="8.40608387254178524017333984375">
        <ele>332.399993896484375</ele>
        <time>2026-09-22T07:42:04.000Z</time>
      </trkpt>
      <trkpt lat="39.45168234407901763916015625" lon="8.406124524772167205810546875">
        <ele>334</ele>
        <time>2026-09-22T07:42:11.000Z</time>
      </trkpt>
      <trkpt lat="39.451741687953472137451171875" lon="8.40611890889704227447509765625">
        <ele>336.20001220703125</ele>
        <time>2026-09-22T07:42:21.000Z</time>
      </trkpt>
      <trkpt lat="39.4517743773758411407470703125" lon="8.4060938470065593719482421875">
        <ele>337</ele>
        <time>2026-09-22T07:42:27.000Z</time>
      </trkpt>
      <trkpt lat="39.45183145813643932342529296875" lon="8.40605805628001689910888671875">
        <ele>338.399993896484375</ele>
        <time>2026-09-22T07:42:35.000Z</time>
      </trkpt>
      <trkpt lat="39.45184319280087947845458984375" lon="8.406055457890033721923828125">
        <ele>338.79998779296875</ele>
        <time>2026-09-22T07:42:38.000Z</time>
      </trkpt>
      <trkpt lat="39.451846294105052947998046875" lon="8.40606576763093471527099609375">
        <ele>339</ele>
        <time>2026-09-22T07:42:42.000Z</time>
      </trkpt>
      <trkpt lat="39.45188242010772228240966796875" lon="8.406084291636943817138671875">
        <ele>340.399993896484375</ele>
        <time>2026-09-22T07:42:48.000Z</time>
      </trkpt>
      <trkpt lat="39.4519217312335968017578125" lon="8.40612477622926235198974609375">
        <ele>342</ele>
        <time>2026-09-22T07:42:54.000Z</time>
      </trkpt>
      <trkpt lat="39.4519269280135631561279296875" lon="8.40613164938986301422119140625">
        <ele>342.20001220703125</ele>
        <time>2026-09-22T07:42:55.000Z</time>
      </trkpt>
      <trkpt lat="39.45195048116147518157958984375" lon="8.40619384311139583587646484375">
        <ele>343.600006103515625</ele>
        <time>2026-09-22T07:43:02.000Z</time>
      </trkpt>
      <trkpt lat="39.45196355693042278289794921875" lon="8.40622653253376483917236328125">
        <ele>344.399993896484375</ele>
        <time>2026-09-22T07:43:10.000Z</time>
      </trkpt>
      <trkpt lat="39.45201183669269084930419921875" lon="8.406225778162479400634765625">
        <ele>346.600006103515625</ele>
        <time>2026-09-22T07:43:18.000Z</time>
      </trkpt>
      <trkpt lat="39.4520442746579647064208984375" lon="8.40629576705396175384521484375">
        <ele>348.399993896484375</ele>
        <time>2026-09-22T07:43:26.000Z</time>
      </trkpt>
      <trkpt lat="39.45206112228333950042724609375" lon="8.40634136460721492767333984375">
        <ele>349.399993896484375</ele>
        <time>2026-09-22T07:43:33.000Z</time>
      </trkpt>
      <trkpt lat="39.45209297351539134979248046875" lon="8.40631001628935337066650390625">
        <ele>350.600006103515625</ele>
        <time>2026-09-22T07:43:40.000Z</time>
      </trkpt>
      <trkpt lat="39.4521535746753215789794921875" lon="8.40629392303526401519775390625">
        <ele>353</ele>
        <time>2026-09-22T07:43:47.000Z</time>
      </trkpt>
      <trkpt lat="39.45218467153608798980712890625" lon="8.40631663799285888671875">
        <ele>354.399993896484375</ele>
        <time>2026-09-22T07:43:53.000Z</time>
      </trkpt>
      <trkpt lat="39.452207386493682861328125" lon="8.4063684381544589996337890625">
        <ele>356</ele>
        <time>2026-09-22T07:44:00.000Z</time>
      </trkpt>
      <trkpt lat="39.45220814086496829986572265625" lon="8.40645217336714267730712890625">
        <ele>355.600006103515625</ele>
        <time>2026-09-22T07:44:07.000Z</time>
      </trkpt>
      <trkpt lat="39.4522082246840000152587890625" lon="8.4064653329551219940185546875">
        <ele>355.600006103515625</ele>
        <time>2026-09-22T07:44:08.000Z</time>
      </trkpt>
      <trkpt lat="39.4522323645651340484619140625" lon="8.40650699101388454437255859375">
        <ele>357</ele>
        <time>2026-09-22T07:44:13.000Z</time>
      </trkpt>
      <trkpt lat="39.45224200375378131866455078125" lon="8.406520821154117584228515625">
        <ele>357.399993896484375</ele>
        <time>2026-09-22T07:44:15.000Z</time>
      </trkpt>
      <trkpt lat="39.45226480253040790557861328125" lon="8.40657639317214488983154296875">
        <ele>358.600006103515625</ele>
        <time>2026-09-22T07:44:21.000Z</time>
      </trkpt>
      <trkpt lat="39.45229531265795230865478515625" lon="8.406556360423564910888671875">
        <ele>360.600006103515625</ele>
        <time>2026-09-22T07:44:28.000Z</time>
      </trkpt>
      <trkpt lat="39.4523245655000209808349609375" lon="8.40651537291705608367919921875">
        <ele>362.600006103515625</ele>
        <time>2026-09-22T07:44:37.000Z</time>
      </trkpt>
      <trkpt lat="39.452354572713375091552734375" lon="8.4065370820462703704833984375">
        <ele>364.20001220703125</ele>
        <time>2026-09-22T07:44:45.000Z</time>
      </trkpt>
      <trkpt lat="39.45235566236078739166259765625" lon="8.406539596617221832275390625">
        <ele>364.399993896484375</ele>
        <time>2026-09-22T07:45:03.000Z</time>
      </trkpt>
      <trkpt lat="39.45235163904726505279541015625" lon="8.40654437430202960968017578125">
        <ele>364</ele>
        <time>2026-09-22T07:45:11.000Z</time>
      </trkpt>
      <trkpt lat="39.4523513875901699066162109375" lon="8.40654437430202960968017578125">
        <ele>364</ele>
        <time>2026-09-22T07:45:14.000Z</time>
      </trkpt>
      <trkpt lat="39.45235013030469417572021484375" lon="8.40654437430202960968017578125">
        <ele>364</ele>
        <time>2026-09-22T07:45:16.000Z</time>
      </trkpt>
      <trkpt lat="39.45234887301921844482421875" lon="8.40654437430202960968017578125">
        <ele>364</ele>
        <time>2026-09-22T07:45:19.000Z</time>
      </trkpt>
      <trkpt lat="39.4523455202579498291015625" lon="8.40654001571238040924072265625">
        <ele>363.79998779296875</ele>
        <time>2026-09-22T07:45:35.000Z</time>
      </trkpt>
      <trkpt lat="39.45234543643891811370849609375" lon="8.4065397642552852630615234375">
        <ele>363.79998779296875</ele>
        <time>2026-09-22T07:45:36.000Z</time>
      </trkpt>
      <trkpt lat="39.45234091021120548248291015625" lon="8.40653900988399982452392578125">
        <ele>363.399993896484375</ele>
        <time>2026-09-22T07:45:39.000Z</time>
      </trkpt>
      <trkpt lat="39.4523396529257297515869140625" lon="8.40653724968433380126953125">
        <ele>363.399993896484375</ele>
        <time>2026-09-22T07:45:41.000Z</time>
      </trkpt>
      <trkpt lat="39.45233956910669803619384765625" lon="8.40653716586530208587646484375">
        <ele>363.399993896484375</ele>
        <time>2026-09-22T07:45:44.000Z</time>
      </trkpt>
      <trkpt lat="39.45233956910669803619384765625" lon="8.40653716586530208587646484375">
        <ele>363.399993896484375</ele>
        <time>2026-09-22T07:45:45.000Z</time>
      </trkpt>
      <trkpt lat="39.45233956910669803619384765625" lon="8.40653716586530208587646484375">
        <ele>363.399993896484375</ele>
        <time>2026-09-22T07:45:49.000Z</time>
      </trkpt>
      <trkpt lat="39.4523441791534423828125" lon="8.406539261341094970703125">
        <ele>363.600006103515625</ele>
        <time>2026-09-22T07:46:01.000Z</time>
      </trkpt>
      <trkpt lat="39.4523450173437595367431640625" lon="8.4065394289791584014892578125">
        <ele>363.600006103515625</ele>
        <time>2026-09-22T07:46:02.000Z</time>
      </trkpt>
      <trkpt lat="39.45234610699117183685302734375" lon="8.4065406024456024169921875">
        <ele>363.79998779296875</ele>
        <time>2026-09-22T07:46:04.000Z</time>
      </trkpt>
      <trkpt lat="39.45234744809567928314208984375" lon="8.40654269792139530181884765625">
        <ele>363.79998779296875</ele>
        <time>2026-09-22T07:46:13.000Z</time>
      </trkpt>
      <trkpt lat="39.45234878920018672943115234375" lon="8.406544625759124755859375">
        <ele>364</ele>
        <time>2026-09-22T07:46:27.000Z</time>
      </trkpt>
      <trkpt lat="39.4523503817617893218994140625" lon="8.406542278826236724853515625">
        <ele>364</ele>
        <time>2026-09-22T07:46:35.000Z</time>
      </trkpt>
      <trkpt lat="39.452351219952106475830078125" lon="8.40654185973107814788818359375">
        <ele>364</ele>
        <time>2026-09-22T07:46:40.000Z</time>
      </trkpt>
      <trkpt lat="39.45235147140920162200927734375" lon="8.4065407700836658477783203125">
        <ele>364</ele>
        <time>2026-09-22T07:46:48.000Z</time>
      </trkpt>
      <trkpt lat="39.4523533992469310760498046875" lon="8.4065320529043674468994140625">
        <ele>364.20001220703125</ele>
        <time>2026-09-22T07:47:09.000Z</time>
      </trkpt>
      <trkpt lat="39.45235448889434337615966796875" lon="8.40652861632406711578369140625">
        <ele>364.399993896484375</ele>
        <time>2026-09-22T07:47:19.000Z</time>
      </trkpt>
      <trkpt lat="39.45235289633274078369140625" lon="8.406526856124401092529296875">
        <ele>364.20001220703125</ele>
        <time>2026-09-22T07:47:33.000Z</time>
      </trkpt>
      <trkpt lat="39.4523523934185504913330078125" lon="8.40652652084827423095703125">
        <ele>364.20001220703125</ele>
        <time>2026-09-22T07:47:36.000Z</time>
      </trkpt>
      <trkpt lat="39.452350549399852752685546875" lon="8.4065245091915130615234375">
        <ele>364</ele>
        <time>2026-09-22T07:47:57.000Z</time>
      </trkpt>
      <trkpt lat="39.452352225780487060546875" lon="8.4065266884863376617431640625">
        <ele>364.20001220703125</ele>
        <time>2026-09-22T07:48:20.000Z</time>
      </trkpt>
      <trkpt lat="39.45235230959951877593994140625" lon="8.40652677230536937713623046875">
        <ele>364.20001220703125</ele>
        <time>2026-09-22T07:48:22.000Z</time>
      </trkpt>
      <trkpt lat="39.4523527286946773529052734375" lon="8.4065271914005279541015625">
        <ele>364.20001220703125</ele>
        <time>2026-09-22T07:48:30.000Z</time>
      </trkpt>
      <trkpt lat="39.45235298015177249908447265625" lon="8.40652794577181339263916015625">
        <ele>364.20001220703125</ele>
        <time>2026-09-22T07:48:53.000Z</time>
      </trkpt>
      <trkpt lat="39.45235298015177249908447265625" lon="8.4065283648669719696044921875">
        <ele>364.20001220703125</ele>
        <time>2026-09-22T07:49:02.000Z</time>
      </trkpt>
      <trkpt lat="39.4523530639708042144775390625" lon="8.40652844868600368499755859375">
        <ele>364.20001220703125</ele>
        <time>2026-09-22T07:49:07.000Z</time>
      </trkpt>
      <trkpt lat="39.45235298015177249908447265625" lon="8.40652861632406711578369140625">
        <ele>364.20001220703125</ele>
        <time>2026-09-22T07:49:09.000Z</time>
      </trkpt>
      <trkpt lat="39.4523530639708042144775390625" lon="8.4065287001430988311767578125">
        <ele>364.20001220703125</ele>
        <time>2026-09-22T07:49:13.000Z</time>
      </trkpt>
      <trkpt lat="39.45235298015177249908447265625" lon="8.406530208885669708251953125">
        <ele>364.20001220703125</ele>
        <time>2026-09-22T07:49:47.000Z</time>
      </trkpt>
      <trkpt lat="39.4523530639708042144775390625" lon="8.40653062798082828521728515625">
        <ele>364.20001220703125</ele>
        <time>2026-09-22T07:50:00.000Z</time>
      </trkpt>
      <trkpt lat="39.45235314778983592987060546875" lon="8.406530879437923431396484375">
        <ele>364.20001220703125</ele>
        <time>2026-09-22T07:50:06.000Z</time>
      </trkpt>
      <trkpt lat="39.45235314778983592987060546875" lon="8.40653096325695514678955078125">
        <ele>364.20001220703125</ele>
        <time>2026-09-22T07:50:08.000Z</time>
      </trkpt>
      <trkpt lat="39.45235298015177249908447265625" lon="8.4065320529043674468994140625">
        <ele>364.20001220703125</ele>
        <time>2026-09-22T07:50:35.000Z</time>
      </trkpt>
      <trkpt lat="39.4523530639708042144775390625" lon="8.40653213672339916229248046875">
        <ele>364.20001220703125</ele>
        <time>2026-09-22T07:50:38.000Z</time>
      </trkpt>
      <trkpt lat="39.4523530639708042144775390625" lon="8.406532220542430877685546875">
        <ele>364.20001220703125</ele>
        <time>2026-09-22T07:50:44.000Z</time>
      </trkpt>
      <trkpt lat="39.4523530639708042144775390625" lon="8.4065323881804943084716796875">
        <ele>364.20001220703125</ele>
        <time>2026-09-22T07:50:48.000Z</time>
      </trkpt>
      <trkpt lat="39.45235331542789936065673828125" lon="8.40653347782790660858154296875">
        <ele>364.20001220703125</ele>
        <time>2026-09-22T07:51:29.000Z</time>
      </trkpt>
      <trkpt lat="39.45235331542789936065673828125" lon="8.4065337292850017547607421875">
        <ele>364.20001220703125</ele>
        <time>2026-09-22T07:51:35.000Z</time>
      </trkpt>
      <trkpt lat="39.45235331542789936065673828125" lon="8.40653381310403347015380859375">
        <ele>364.20001220703125</ele>
        <time>2026-09-22T07:51:37.000Z</time>
      </trkpt>
      <trkpt lat="39.45244987495243549346923828125" lon="8.40656851418316364288330078125">
        <ele>369.20001220703125</ele>
        <time>2026-09-22T07:52:17.000Z</time>
      </trkpt>
      <trkpt lat="39.4525133259594440460205078125" lon="8.40665149502456188201904296875">
        <ele>373.600006103515625</ele>
        <time>2026-09-22T07:52:23.000Z</time>
      </trkpt>
      <trkpt lat="39.45250905118882656097412109375" lon="8.4066641516983509063720703125">
        <ele>373.600006103515625</ele>
        <time>2026-09-22T07:52:24.000Z</time>
      </trkpt>
      <trkpt lat="39.4525002501904964447021484375" lon="8.40675677172839641571044921875">
        <ele>373.20001220703125</ele>
        <time>2026-09-22T07:52:31.000Z</time>
      </trkpt>
      <trkpt lat="39.4524984061717987060546875" lon="8.4067640639841556549072265625">
        <ele>373.20001220703125</ele>
        <time>2026-09-22T07:52:33.000Z</time>
      </trkpt>
      <trkpt lat="39.45249647833406925201416015625" lon="8.4067637287080287933349609375">
        <ele>373</ele>
        <time>2026-09-22T07:52:36.000Z</time>
      </trkpt>
      <trkpt lat="39.4524932093918323516845703125" lon="8.40677252970635890960693359375">
        <ele>372.79998779296875</ele>
        <time>2026-09-22T07:52:51.000Z</time>
      </trkpt>
      <trkpt lat="39.4524932093918323516845703125" lon="8.40677252970635890960693359375">
        <ele>372.79998779296875</ele>
        <time>2026-09-22T07:52:52.000Z</time>
      </trkpt>
      <trkpt lat="39.4524932093918323516845703125" lon="8.40676926076412200927734375">
        <ele>372.79998779296875</ele>
        <time>2026-09-22T07:52:55.000Z</time>
      </trkpt>
      <trkpt lat="39.45249279029667377471923828125" lon="8.4067690931260585784912109375">
        <ele>372.79998779296875</ele>
        <time>2026-09-22T07:52:57.000Z</time>
      </trkpt>
      <trkpt lat="39.45249279029667377471923828125" lon="8.40676884166896343231201171875">
        <ele>372.79998779296875</ele>
        <time>2026-09-22T07:52:58.000Z</time>
      </trkpt>
      <trkpt lat="39.452492706477642059326171875" lon="8.40676833875477313995361328125">
        <ele>372.79998779296875</ele>
        <time>2026-09-22T07:53:00.000Z</time>
      </trkpt>
      <trkpt lat="39.45249262265861034393310546875" lon="8.406768254935741424560546875">
        <ele>372.79998779296875</ele>
        <time>2026-09-22T07:53:01.000Z</time>
      </trkpt>
      <trkpt lat="39.45248725824058055877685546875" lon="8.4067670814692974090576171875">
        <ele>372.399993896484375</ele>
        <time>2026-09-22T07:53:14.000Z</time>
      </trkpt>
      <trkpt lat="39.45248725824058055877685546875" lon="8.406766243278980255126953125">
        <ele>372.399993896484375</ele>
        <time>2026-09-22T07:53:16.000Z</time>
      </trkpt>
      <trkpt lat="39.4524979032576084136962890625" lon="8.40669591911137104034423828125">
        <ele>373</ele>
        <time>2026-09-22T07:53:25.000Z</time>
      </trkpt>
      <trkpt lat="39.452563114464282989501953125" lon="8.406547643244266510009765625">
        <ele>374.20001220703125</ele>
        <time>2026-09-22T07:53:36.000Z</time>
      </trkpt>
      <trkpt lat="39.45260326378047466278076171875" lon="8.40653733350336551666259765625">
        <ele>376</ele>
        <time>2026-09-22T07:53:42.000Z</time>
      </trkpt>
      <trkpt lat="39.4526460953056812286376953125" lon="8.40654018335044384002685546875">
        <ele>378.20001220703125</ele>
        <time>2026-09-22T07:53:49.000Z</time>
      </trkpt>
      <trkpt lat="39.452654309570789337158203125" lon="8.406585864722728729248046875">
        <ele>379.399993896484375</ele>
        <time>2026-09-22T07:53:54.000Z</time>
      </trkpt>
      <trkpt lat="39.45265925489366054534912109375" lon="8.4065924026072025299072265625">
        <ele>379.79998779296875</ele>
        <time>2026-09-22T07:53:55.000Z</time>
      </trkpt>
      <trkpt lat="39.452695213258266448974609375" lon="8.40663875453174114227294921875">
        <ele>382.399993896484375</ele>
        <time>2026-09-22T07:54:02.000Z</time>
      </trkpt>
      <trkpt lat="39.45270502008497714996337890625" lon="8.40666172094643115997314453125">
        <ele>383.399993896484375</ele>
        <time>2026-09-22T07:54:06.000Z</time>
      </trkpt>
      <trkpt lat="39.4527191855013370513916015625" lon="8.4066755510866641998291015625">
        <ele>384.399993896484375</ele>
        <time>2026-09-22T07:54:09.000Z</time>
      </trkpt>
      <trkpt lat="39.4527237117290496826171875" lon="8.4066876210272312164306640625">
        <ele>384.79998779296875</ele>
        <time>2026-09-22T07:54:11.000Z</time>
      </trkpt>
      <trkpt lat="39.4527245499193668365478515625" lon="8.4066961705684661865234375">
        <ele>385</ele>
        <time>2026-09-22T07:54:13.000Z</time>
      </trkpt>
      <trkpt lat="39.45273133926093578338623046875" lon="8.4066961705684661865234375">
        <ele>385.399993896484375</ele>
        <time>2026-09-22T07:54:16.000Z</time>
      </trkpt>
      <trkpt lat="39.4527429901063442230224609375" lon="8.40670287609100341796875">
        <ele>386</ele>
        <time>2026-09-22T07:54:19.000Z</time>
      </trkpt>
      <trkpt lat="39.45276335813105106353759765625" lon="8.40670698322355747222900390625">
        <ele>387.20001220703125</ele>
        <time>2026-09-22T07:54:23.000Z</time>
      </trkpt>
      <trkpt lat="39.45277593098580837249755859375" lon="8.40671402402222156524658203125">
        <ele>388</ele>
        <time>2026-09-22T07:54:25.000Z</time>
      </trkpt>
      <trkpt lat="39.45278875529766082763671875" lon="8.40671234764158725738525390625">
        <ele>388.79998779296875</ele>
        <time>2026-09-22T07:54:28.000Z</time>
      </trkpt>
      <trkpt lat="39.4528093747794628143310546875" lon="8.4067097492516040802001953125">
        <ele>390</ele>
        <time>2026-09-22T07:54:31.000Z</time>
      </trkpt>
      <trkpt lat="39.4528224505484104156494140625" lon="8.4067070670425891876220703125">
        <ele>390.79998779296875</ele>
        <time>2026-09-22T07:54:33.000Z</time>
      </trkpt>
      <trkpt lat="39.45283158682286739349365234375" lon="8.40675660409033298492431640625">
        <ele>392.20001220703125</ele>
        <time>2026-09-22T07:54:39.000Z</time>
      </trkpt>
      <trkpt lat="39.45282764732837677001953125" lon="8.40678669512271881103515625">
        <ele>392.399993896484375</ele>
        <time>2026-09-22T07:54:44.000Z</time>
      </trkpt>
      <trkpt lat="39.4528291560709476470947265625" lon="8.40679013170301914215087890625">
        <ele>392.600006103515625</ele>
        <time>2026-09-22T07:54:46.000Z</time>
      </trkpt>
      <trkpt lat="39.45281214080750942230224609375" lon="8.4068532474339008331298828125">
        <ele>392.79998779296875</ele>
        <time>2026-09-22T07:54:52.000Z</time>
      </trkpt>
      <trkpt lat="39.45281700231134891510009765625" lon="8.40685919858515262603759765625">
        <ele>393.20001220703125</ele>
        <time>2026-09-22T07:54:54.000Z</time>
      </trkpt>
      <trkpt lat="39.45283678360283374786376953125" lon="8.40685400180518627166748046875">
        <ele>394.20001220703125</ele>
        <time>2026-09-22T07:54:57.000Z</time>
      </trkpt>
      <trkpt lat="39.4528489373624324798583984375" lon="8.40686758048832416534423828125">
        <ele>395.20001220703125</ele>
        <time>2026-09-22T07:55:00.000Z</time>
      </trkpt>
      <trkpt lat="39.45286452770233154296875" lon="8.4068931452929973602294921875">
        <ele>396.600006103515625</ele>
        <time>2026-09-22T07:55:03.000Z</time>
      </trkpt>
      <trkpt lat="39.4528703950345516204833984375" lon="8.40689054690301418304443359375">
        <ele>397</ele>
        <time>2026-09-22T07:55:05.000Z</time>
      </trkpt>
      <trkpt lat="39.45291054435074329376220703125" lon="8.40690898708999156951904296875">
        <ele>399.79998779296875</ele>
        <time>2026-09-22T07:55:13.000Z</time>
      </trkpt>
      <trkpt lat="39.45292261429131031036376953125" lon="8.40694167651236057281494140625">
        <ele>400.79998779296875</ele>
        <time>2026-09-22T07:55:19.000Z</time>
      </trkpt>
      <trkpt lat="39.45294206030666828155517578125" lon="8.40698056854307651519775390625">
        <ele>402.20001220703125</ele>
        <time>2026-09-22T07:55:30.000Z</time>
      </trkpt>
      <trkpt lat="39.45298179052770137786865234375" lon="8.40701141394674777984619140625">
        <ele>405</ele>
        <time>2026-09-22T07:55:38.000Z</time>
      </trkpt>
      <trkpt lat="39.45299034006893634796142578125" lon="8.407019041478633880615234375">
        <ele>405.600006103515625</ele>
        <time>2026-09-22T07:55:40.000Z</time>
      </trkpt>
      <trkpt lat="39.4530133903026580810546875" lon="8.40704326517879962921142578125">
        <ele>407.20001220703125</ele>
        <time>2026-09-22T07:55:46.000Z</time>
      </trkpt>
      <trkpt lat="39.453025795519351959228515625" lon="8.40704980306327342987060546875">
        <ele>408</ele>
        <time>2026-09-22T07:55:50.000Z</time>
      </trkpt>
      <trkpt lat="39.4530276395380496978759765625" lon="8.40705357491970062255859375">
        <ele>408</ele>
        <time>2026-09-22T07:55:55.000Z</time>
      </trkpt>
      <trkpt lat="39.45302923209965229034423828125" lon="8.4070524014532566070556640625">
        <ele>408.20001220703125</ele>
        <time>2026-09-22T07:55:56.000Z</time>
      </trkpt>
      <trkpt lat="39.45302722044289112091064453125" lon="8.4070510603487491607666015625">
        <ele>408</ele>
        <time>2026-09-22T07:56:00.000Z</time>
      </trkpt>
      <trkpt lat="39.45302722044289112091064453125" lon="8.4070510603487491607666015625">
        <ele>408</ele>
        <time>2026-09-22T07:56:05.000Z</time>
      </trkpt>
      <trkpt lat="39.45302722044289112091064453125" lon="8.40705064125359058380126953125">
        <ele>408</ele>
        <time>2026-09-22T07:56:11.000Z</time>
      </trkpt>
      <trkpt lat="39.45304892957210540771484375" lon="8.4070287644863128662109375">
        <ele>409.399993896484375</ele>
        <time>2026-09-22T07:56:16.000Z</time>
      </trkpt>
      <trkpt lat="39.45309125818312168121337890625" lon="8.4069980867207050323486328125">
        <ele>412.600006103515625</ele>
        <time>2026-09-22T07:56:21.000Z</time>
      </trkpt>
      <trkpt lat="39.4531020708382129669189453125" lon="8.4069907106459140777587890625">
        <ele>413.399993896484375</ele>
        <time>2026-09-22T07:56:24.000Z</time>
      </trkpt>
      <trkpt lat="39.4531233608722686767578125" lon="8.40701744891703128814697265625">
        <ele>415.399993896484375</ele>
        <time>2026-09-22T07:56:30.000Z</time>
      </trkpt>
      <trkpt lat="39.4531305693089962005615234375" lon="8.40706254355609416961669921875">
        <ele>416.399993896484375</ele>
        <time>2026-09-22T07:56:37.000Z</time>
      </trkpt>
      <trkpt lat="39.453146159648895263671875" lon="8.40708903037011623382568359375">
        <ele>417.79998779296875</ele>
        <time>2026-09-22T07:56:43.000Z</time>
      </trkpt>
      <trkpt lat="39.453164599835872650146484375" lon="8.407106883823871612548828125">
        <ele>419.399993896484375</ele>
        <time>2026-09-22T07:56:51.000Z</time>
      </trkpt>
      <trkpt lat="39.45316501893103122711181640625" lon="8.40710881166160106658935546875">
        <ele>419.600006103515625</ele>
        <time>2026-09-22T07:57:04.000Z</time>
      </trkpt>
      <trkpt lat="39.453210197389125823974609375" lon="8.4071771241724491119384765625">
        <ele>423.79998779296875</ele>
        <time>2026-09-22T07:57:17.000Z</time>
      </trkpt>
      <trkpt lat="39.45326216518878936767578125" lon="8.407240323722362518310546875">
        <ele>428.399993896484375</ele>
        <time>2026-09-22T07:57:23.000Z</time>
      </trkpt>
      <trkpt lat="39.45327364839613437652587890625" lon="8.40724577195942401885986328125">
        <ele>429.399993896484375</ele>
        <time>2026-09-22T07:57:32.000Z</time>
      </trkpt>
      <trkpt lat="39.4532851316034793853759765625" lon="8.40722397901117801666259765625">
        <ele>430.20001220703125</ele>
        <time>2026-09-22T07:57:39.000Z</time>
      </trkpt>
      <trkpt lat="39.45328806526958942413330078125" lon="8.40722297318279743194580078125">
        <ele>430.399993896484375</ele>
        <time>2026-09-22T07:57:47.000Z</time>
      </trkpt>
      <trkpt lat="39.45328806526958942413330078125" lon="8.40722389519214630126953125">
        <ele>430.399993896484375</ele>
        <time>2026-09-22T07:57:59.000Z</time>
      </trkpt>
      <trkpt lat="39.45334858261048793792724609375" lon="8.407207466661930084228515625">
        <ele>434.79998779296875</ele>
        <time>2026-09-22T07:58:27.000Z</time>
      </trkpt>
      <trkpt lat="39.453364424407482147216796875" lon="8.40720185078680515289306640625">
        <ele>435.600006103515625</ele>
        <time>2026-09-22T07:58:33.000Z</time>
      </trkpt>
      <trkpt lat="39.45338680408895015716552734375" lon="8.40719975531101226806640625">
        <ele>436.79998779296875</ele>
        <time>2026-09-22T07:58:41.000Z</time>
      </trkpt>
      <trkpt lat="39.45338747464120388031005859375" lon="8.40719975531101226806640625">
        <ele>436.79998779296875</ele>
        <time>2026-09-22T07:58:43.000Z</time>
      </trkpt>
      <trkpt lat="39.453387558460235595703125" lon="8.40719975531101226806640625">
        <ele>436.79998779296875</ele>
        <time>2026-09-22T07:58:45.000Z</time>
      </trkpt>
      <trkpt lat="39.453387558460235595703125" lon="8.407200090587139129638671875">
        <ele>436.79998779296875</ele>
        <time>2026-09-22T07:58:48.000Z</time>
      </trkpt>
      <trkpt lat="39.453409351408481597900390625" lon="8.4071798063814640045166015625">
        <ele>437.79998779296875</ele>
        <time>2026-09-22T07:59:01.000Z</time>
      </trkpt>
      <trkpt lat="39.4534225948154926300048828125" lon="8.40714971534907817840576171875">
        <ele>438</ele>
        <time>2026-09-22T07:59:04.000Z</time>
      </trkpt>
      <trkpt lat="39.45344815962016582489013671875" lon="8.40710445307195186614990234375">
        <ele>438.79998779296875</ele>
        <time>2026-09-22T07:59:08.000Z</time>
      </trkpt>
      <trkpt lat="39.4534532725811004638671875" lon="8.40707846917212009429931640625">
        <ele>438.600006103515625</ele>
        <time>2026-09-22T07:59:14.000Z</time>
      </trkpt>
      <trkpt lat="39.4534544460475444793701171875" lon="8.40707997791469097137451171875">
        <ele>438.600006103515625</ele>
        <time>2026-09-22T07:59:19.000Z</time>
      </trkpt>
      <trkpt lat="39.4534665159881114959716796875" lon="8.4070651419460773468017578125">
        <ele>439</ele>
        <time>2026-09-22T07:59:27.000Z</time>
      </trkpt>
      <trkpt lat="39.45346995256841182708740234375" lon="8.40706539340317249298095703125">
        <ele>439.20001220703125</ele>
        <time>2026-09-22T07:59:28.000Z</time>
      </trkpt>
      <trkpt lat="39.453485123813152313232421875" lon="8.4070426784455776214599609375">
        <ele>438.600006103515625</ele>
        <time>2026-09-22T07:59:36.000Z</time>
      </trkpt>
      <trkpt lat="39.4535265304148197174072265625" lon="8.40706069953739643096923828125">
        <ele>440.600006103515625</ele>
        <time>2026-09-22T07:59:45.000Z</time>
      </trkpt>
      <trkpt lat="39.45354505442082881927490234375" lon="8.4070581011474132537841796875">
        <ele>441</ele>
        <time>2026-09-22T07:59:51.000Z</time>
      </trkpt>
      <trkpt lat="39.45355980657041072845458984375" lon="8.40705768205225467681884765625">
        <ele>441.399993896484375</ele>
        <time>2026-09-22T07:59:59.000Z</time>
      </trkpt>
      <trkpt lat="39.45356014184653759002685546875" lon="8.40705759823322296142578125">
        <ele>441.399993896484375</ele>
        <time>2026-09-22T08:00:09.000Z</time>
      </trkpt>
      <trkpt lat="39.45356793701648712158203125" lon="8.4070483781397342681884765625">
        <ele>441.20001220703125</ele>
        <time>2026-09-22T08:00:23.000Z</time>
      </trkpt>
      <trkpt lat="39.453576989471912384033203125" lon="8.4069669060409069061279296875">
        <ele>437.600006103515625</ele>
        <time>2026-09-22T08:00:41.000Z</time>
      </trkpt>
      <trkpt lat="39.45359098725020885467529296875" lon="8.40695374645292758941650390625">
        <ele>437.399993896484375</ele>
        <time>2026-09-22T08:00:59.000Z</time>
      </trkpt>
      <trkpt lat="39.45360071025788784027099609375" lon="8.40696816332638263702392578125">
        <ele>438.399993896484375</ele>
        <time>2026-09-22T08:01:01.000Z</time>
      </trkpt>
      <trkpt lat="39.453612528741359710693359375" lon="8.4069722704589366912841796875">
        <ele>439</ele>
        <time>2026-09-22T08:01:03.000Z</time>
      </trkpt>
      <trkpt lat="39.4536361657083034515380859375" lon="8.40700554661452770233154296875">
        <ele>441.20001220703125</ele>
        <time>2026-09-22T08:01:11.000Z</time>
      </trkpt>
      <trkpt lat="39.45363390259444713592529296875" lon="8.40700931847095489501953125">
        <ele>441.20001220703125</ele>
        <time>2026-09-22T08:01:16.000Z</time>
      </trkpt>
      <trkpt lat="39.45363088510930538177490234375" lon="8.40700797736644744873046875">
        <ele>441.20001220703125</ele>
        <time>2026-09-22T08:01:18.000Z</time>
      </trkpt>
      <trkpt lat="39.45363138802349567413330078125" lon="8.40700822882354259490966796875">
        <ele>441.20001220703125</ele>
        <time>2026-09-22T08:01:19.000Z</time>
      </trkpt>
      <trkpt lat="39.45363105274736881256103515625" lon="8.406989537179470062255859375">
        <ele>440.20001220703125</ele>
        <time>2026-09-22T08:01:26.000Z</time>
      </trkpt>
      <trkpt lat="39.45362015627324581146240234375" lon="8.4069762937724590301513671875">
        <ele>439.399993896484375</ele>
        <time>2026-09-22T08:01:29.000Z</time>
      </trkpt>
      <trkpt lat="39.45361127145588397979736328125" lon="8.40696497820317745208740234375">
        <ele>438.600006103515625</ele>
        <time>2026-09-22T08:01:32.000Z</time>
      </trkpt>
      <trkpt lat="39.4536046497523784637451171875" lon="8.40695542283356189727783203125">
        <ele>438</ele>
        <time>2026-09-22T08:01:33.000Z</time>
      </trkpt>
      <trkpt lat="39.453599452972412109375" lon="8.4069306962192058563232421875">
        <ele>436.600006103515625</ele>
        <time>2026-09-22T08:01:38.000Z</time>
      </trkpt>
      <trkpt lat="39.4535982795059680938720703125" lon="8.40692776255309581756591796875">
        <ele>436.399993896484375</ele>
        <time>2026-09-22T08:01:39.000Z</time>
      </trkpt>
      <trkpt lat="39.45359149016439914703369140625" lon="8.4068773873150348663330078125">
        <ele>434</ele>
        <time>2026-09-22T08:01:48.000Z</time>
      </trkpt>
      <trkpt lat="39.453593753278255462646484375" lon="8.4068488888442516326904296875">
        <ele>432.79998779296875</ele>
        <time>2026-09-22T08:01:55.000Z</time>
      </trkpt>
      <trkpt lat="39.45359475910663604736328125" lon="8.40684914030134677886962890625">
        <ele>433</ele>
        <time>2026-09-22T08:01:57.000Z</time>
      </trkpt>
      <trkpt lat="39.45359610021114349365234375" lon="8.4068490564823150634765625">
        <ele>433</ele>
        <time>2026-09-22T08:02:12.000Z</time>
      </trkpt>
      <trkpt lat="39.453595764935016632080078125" lon="8.4068488888442516326904296875">
        <ele>433</ele>
        <time>2026-09-22T08:02:16.000Z</time>
      </trkpt>
      <trkpt lat="39.453595764935016632080078125" lon="8.40684846974909305572509765625">
        <ele>433</ele>
        <time>2026-09-22T08:02:18.000Z</time>
      </trkpt>
      <trkpt lat="39.453595764935016632080078125" lon="8.40684846974909305572509765625">
        <ele>433</ele>
        <time>2026-09-22T08:02:20.000Z</time>
      </trkpt>
      <trkpt lat="39.453595764935016632080078125" lon="8.40684846974909305572509765625">
        <ele>433</ele>
        <time>2026-09-22T08:02:22.000Z</time>
      </trkpt>
      <trkpt lat="39.4536069966852664947509765625" lon="8.40684763155877590179443359375">
        <ele>433.20001220703125</ele>
        <time>2026-09-22T08:02:38.000Z</time>
      </trkpt>
      <trkpt lat="39.45360758341848850250244140625" lon="8.40684763155877590179443359375">
        <ele>433.20001220703125</ele>
        <time>2026-09-22T08:02:46.000Z</time>
      </trkpt>
      <trkpt lat="39.45360842160880565643310546875" lon="8.40684629045426845550537109375">
        <ele>433.20001220703125</ele>
        <time>2026-09-22T08:03:02.000Z</time>
      </trkpt>
      <trkpt lat="39.4536116905510425567626953125" lon="8.40684629045426845550537109375">
        <ele>433.399993896484375</ele>
        <time>2026-09-22T08:03:07.000Z</time>
      </trkpt>
      <trkpt lat="39.453613869845867156982421875" lon="8.40684679336845874786376953125">
        <ele>433.399993896484375</ele>
        <time>2026-09-22T08:03:12.000Z</time>
      </trkpt>
      <trkpt lat="39.453613869845867156982421875" lon="8.406847380101680755615234375">
        <ele>433.399993896484375</ele>
        <time>2026-09-22T08:03:15.000Z</time>
      </trkpt>
      <trkpt lat="39.4536140374839305877685546875" lon="8.40684813447296619415283203125">
        <ele>433.399993896484375</ele>
        <time>2026-09-22T08:03:57.000Z</time>
      </trkpt>
      <trkpt lat="39.4536142051219940185546875" lon="8.40684662573039531707763671875">
        <ele>433.399993896484375</ele>
        <time>2026-09-22T08:04:05.000Z</time>
      </trkpt>
      <trkpt lat="39.4536143727600574493408203125" lon="8.40684612281620502471923828125">
        <ele>433.399993896484375</ele>
        <time>2026-09-22T08:04:07.000Z</time>
      </trkpt>
      <trkpt lat="39.45361479185521602630615234375" lon="8.40684578754007816314697265625">
        <ele>433.399993896484375</ele>
        <time>2026-09-22T08:04:12.000Z</time>
      </trkpt>
      <trkpt lat="39.4536143727600574493408203125" lon="8.40684528462588787078857421875">
        <ele>433.399993896484375</ele>
        <time>2026-09-22T08:04:24.000Z</time>
      </trkpt>
      <trkpt lat="39.4536101818084716796875" lon="8.406835980713367462158203125">
        <ele>432.79998779296875</ele>
        <time>2026-09-22T08:04:36.000Z</time>
      </trkpt>
      <trkpt lat="39.45360959507524967193603515625" lon="8.40683505870401859283447265625">
        <ele>432.79998779296875</ele>
        <time>2026-09-22T08:04:40.000Z</time>
      </trkpt>
      <trkpt lat="39.45360892452299594879150390625" lon="8.4068341366946697235107421875">
        <ele>432.600006103515625</ele>
        <time>2026-09-22T08:04:50.000Z</time>
      </trkpt>
      <trkpt lat="39.45360892452299594879150390625" lon="8.406833969056606292724609375">
        <ele>432.600006103515625</ele>
        <time>2026-09-22T08:04:53.000Z</time>
      </trkpt>
      <trkpt lat="39.45360892452299594879150390625" lon="8.40683388523757457733154296875">
        <ele>432.600006103515625</ele>
        <time>2026-09-22T08:04:55.000Z</time>
      </trkpt>
      <trkpt lat="39.45360951125621795654296875" lon="8.40683229267597198486328125">
        <ele>432.600006103515625</ele>
        <time>2026-09-22T08:05:06.000Z</time>
      </trkpt>
      <trkpt lat="39.4536096788942813873291015625" lon="8.40683204121887683868408203125">
        <ele>432.600006103515625</ele>
        <time>2026-09-22T08:05:07.000Z</time>
      </trkpt>
      <trkpt lat="39.45361009798943996429443359375" lon="8.4068314544856548309326171875">
        <ele>432.600006103515625</ele>
        <time>2026-09-22T08:05:10.000Z</time>
      </trkpt>
      <trkpt lat="39.45361043326556682586669921875" lon="8.406831286847591400146484375">
        <ele>432.600006103515625</ele>
        <time>2026-09-22T08:05:42.000Z</time>
      </trkpt>
      <trkpt lat="39.4536103494465351104736328125" lon="8.406831286847591400146484375">
        <ele>432.600006103515625</ele>
        <time>2026-09-22T08:05:46.000Z</time>
      </trkpt>
      <trkpt lat="39.45361009798943996429443359375" lon="8.40683153830468654632568359375">
        <ele>432.600006103515625</ele>
        <time>2026-09-22T08:05:58.000Z</time>
      </trkpt>
      <trkpt lat="39.45360976271331310272216796875" lon="8.40683237649500370025634765625">
        <ele>432.600006103515625</ele>
        <time>2026-09-22T08:06:23.000Z</time>
      </trkpt>
      <trkpt lat="39.45360942743718624114990234375" lon="8.4068327955901622772216796875">
        <ele>432.600006103515625</ele>
        <time>2026-09-22T08:06:39.000Z</time>
      </trkpt>
      <trkpt lat="39.4536120258271694183349609375" lon="8.40683639980852603912353515625">
        <ele>432.79998779296875</ele>
        <time>2026-09-22T08:07:15.000Z</time>
      </trkpt>
      <trkpt lat="39.4536599703133106231689453125" lon="8.406877554953098297119140625">
        <ele>436.20001220703125</ele>
        <time>2026-09-22T08:07:20.000Z</time>
      </trkpt>
      <trkpt lat="39.4537474773824214935302734375" lon="8.40693983249366283416748046875">
        <ele>441.79998779296875</ele>
        <time>2026-09-22T08:07:29.000Z</time>
      </trkpt>
      <trkpt lat="39.45376231335103511810302734375" lon="8.4069322049617767333984375">
        <ele>442</ele>
        <time>2026-09-22T08:07:36.000Z</time>
      </trkpt>
      <trkpt lat="39.45378511212766170501708984375" lon="8.406928516924381256103515625">
        <ele>442.399993896484375</ele>
        <time>2026-09-22T08:07:43.000Z</time>
      </trkpt>
      <trkpt lat="39.4538078270852565765380859375" lon="8.40695106424391269683837890625">
        <ele>444.20001220703125</ele>
        <time>2026-09-22T08:07:51.000Z</time>
      </trkpt>
      <trkpt lat="39.45381042547523975372314453125" lon="8.40696900151669979095458984375">
        <ele>445</ele>
        <time>2026-09-22T08:07:54.000Z</time>
      </trkpt>
      <trkpt lat="39.45382274687290191650390625" lon="8.40697436593472957611083984375">
        <ele>445.600006103515625</ele>
        <time>2026-09-22T08:07:58.000Z</time>
      </trkpt>
      <trkpt lat="39.45382350124418735504150390625" lon="8.4069974161684513092041015625">
        <ele>446.79998779296875</ele>
        <time>2026-09-22T08:08:03.000Z</time>
      </trkpt>
      <trkpt lat="39.45381981320679187774658203125" lon="8.40699967928230762481689453125">
        <ele>446.600006103515625</ele>
        <time>2026-09-22T08:08:04.000Z</time>
      </trkpt>
      <trkpt lat="39.45380556397140026092529296875" lon="8.40702046640217304229736328125">
        <ele>447.20001220703125</ele>
        <time>2026-09-22T08:08:11.000Z</time>
      </trkpt>
      <trkpt lat="39.45381646044552326202392578125" lon="8.4070260822772979736328125">
        <ele>447.79998779296875</ele>
        <time>2026-09-22T08:08:13.000Z</time>
      </trkpt>
      <trkpt lat="39.453843533992767333984375" lon="8.4070550836622714996337890625">
        <ele>449.79998779296875</ele>
        <time>2026-09-22T08:08:19.000Z</time>
      </trkpt>
      <trkpt lat="39.453847222030162811279296875" lon="8.40712063014507293701171875">
        <ele>452.79998779296875</ele>
        <time>2026-09-22T08:08:25.000Z</time>
      </trkpt>
      <trkpt lat="39.45387211628258228302001953125" lon="8.40716329403221607208251953125">
        <ele>455.399993896484375</ele>
        <time>2026-09-22T08:08:32.000Z</time>
      </trkpt>
      <trkpt lat="39.4538582861423492431640625" lon="8.40724132955074310302734375">
        <ele>456.79998779296875</ele>
        <time>2026-09-22T08:08:38.000Z</time>
      </trkpt>
      <trkpt lat="39.45388468913733959197998046875" lon="8.4072567522525787353515625">
        <ele>457.399993896484375</ele>
        <time>2026-09-22T08:08:44.000Z</time>
      </trkpt>
      <trkpt lat="39.45389441214501857757568359375" lon="8.40725314803421497344970703125">
        <ele>457.399993896484375</ele>
        <time>2026-09-22T08:08:45.000Z</time>
      </trkpt>
      <trkpt lat="39.45390723645687103271484375" lon="8.40722816996276378631591796875">
        <ele>457.399993896484375</ele>
        <time>2026-09-22T08:08:50.000Z</time>
      </trkpt>
      <trkpt lat="39.45390715263783931732177734375" lon="8.4072277508676052093505859375">
        <ele>457.399993896484375</ele>
        <time>2026-09-22T08:08:59.000Z</time>
      </trkpt>
      <trkpt lat="39.4538725353777408599853515625" lon="8.40727619826793670654296875">
        <ele>457.399993896484375</ele>
        <time>2026-09-22T08:09:06.000Z</time>
      </trkpt>
      <trkpt lat="39.45384152233600616455078125" lon="8.40732355602085590362548828125">
        <ele>457</ele>
        <time>2026-09-22T08:09:11.000Z</time>
      </trkpt>
      <trkpt lat="39.4538353197276592254638671875" lon="8.40732472948729991912841796875">
        <ele>456.79998779296875</ele>
        <time>2026-09-22T08:09:18.000Z</time>
      </trkpt>
      <trkpt lat="39.453837163746356964111328125" lon="8.4073273278772830963134765625">
        <ele>456.79998779296875</ele>
        <time>2026-09-22T08:09:20.000Z</time>
      </trkpt>
      <trkpt lat="39.453837163746356964111328125" lon="8.4073273278772830963134765625">
        <ele>456.79998779296875</ele>
        <time>2026-09-22T08:09:26.000Z</time>
      </trkpt>
      <trkpt lat="39.453837163746356964111328125" lon="8.4073273278772830963134765625">
        <ele>456.79998779296875</ele>
        <time>2026-09-22T08:09:27.000Z</time>
      </trkpt>
      <trkpt lat="39.453837163746356964111328125" lon="8.4073273278772830963134765625">
        <ele>456.79998779296875</ele>
        <time>2026-09-22T08:09:29.000Z</time>
      </trkpt>
      <trkpt lat="39.4538386724889278411865234375" lon="8.40735800564289093017578125">
        <ele>457</ele>
        <time>2026-09-22T08:09:40.000Z</time>
      </trkpt>
      <trkpt lat="39.45384093560278415679931640625" lon="8.40737233869731426239013671875">
        <ele>457.20001220703125</ele>
        <time>2026-09-22T08:09:45.000Z</time>
      </trkpt>
      <trkpt lat="39.45388519205152988433837890625" lon="8.40738088823854923248291015625">
        <ele>458.399993896484375</ele>
        <time>2026-09-22T08:10:05.000Z</time>
      </trkpt>
      <trkpt lat="39.45393732748925685882568359375" lon="8.4074426628649234771728515625">
        <ele>459</ele>
        <time>2026-09-22T08:10:12.000Z</time>
      </trkpt>
      <trkpt lat="39.45395291782915592193603515625" lon="8.40754617936909198760986328125">
        <ele>458</ele>
        <time>2026-09-22T08:10:19.000Z</time>
      </trkpt>
      <trkpt lat="39.4539655745029449462890625" lon="8.407554142177104949951171875">
        <ele>457.79998779296875</ele>
        <time>2026-09-22T08:10:24.000Z</time>
      </trkpt>
      <trkpt lat="39.45399600081145763397216796875" lon="8.407560847699642181396484375">
        <ele>457.79998779296875</ele>
        <time>2026-09-22T08:10:32.000Z</time>
      </trkpt>
      <trkpt lat="39.4540146924555301666259765625" lon="8.40761172585189342498779296875">
        <ele>457</ele>
        <time>2026-09-22T08:10:39.000Z</time>
      </trkpt>
      <trkpt lat="39.45402785204350948333740234375" lon="8.40764894150197505950927734375">
        <ele>456.20001220703125</ele>
        <time>2026-09-22T08:10:44.000Z</time>
      </trkpt>
      <trkpt lat="39.45405852980911731719970703125" lon="8.40770979411900043487548828125">
        <ele>455</ele>
        <time>2026-09-22T08:10:50.000Z</time>
      </trkpt>
      <trkpt lat="39.4540559314191341400146484375" lon="8.40772069059312343597412109375">
        <ele>454.79998779296875</ele>
        <time>2026-09-22T08:10:51.000Z</time>
      </trkpt>
      <trkpt lat="39.45404008962213993072509765625" lon="8.407788835465908050537109375">
        <ele>452.600006103515625</ele>
        <time>2026-09-22T08:10:59.000Z</time>
      </trkpt>
      <trkpt lat="39.45404830388724803924560546875" lon="8.40779897756874561309814453125">
        <ele>452.399993896484375</ele>
        <time>2026-09-22T08:11:00.000Z</time>
      </trkpt>
      <trkpt lat="39.45408635772764682769775390625" lon="8.40782613493502140045166015625">
        <ele>451.79998779296875</ele>
        <time>2026-09-22T08:11:04.000Z</time>
      </trkpt>
      <trkpt lat="39.45411167107522487640380859375" lon="8.40784373693168163299560546875">
        <ele>451.600006103515625</ele>
        <time>2026-09-22T08:11:09.000Z</time>
      </trkpt>
      <trkpt lat="39.454117119312286376953125" lon="8.40785446576774120330810546875">
        <ele>451.20001220703125</ele>
        <time>2026-09-22T08:11:10.000Z</time>
      </trkpt>
      <trkpt lat="39.454127512872219085693359375" lon="8.40789285488426685333251953125">
        <ele>450.20001220703125</ele>
        <time>2026-09-22T08:11:15.000Z</time>
      </trkpt>
      <trkpt lat="39.45414125919342041015625" lon="8.407891094684600830078125">
        <ele>450.399993896484375</ele>
        <time>2026-09-22T08:11:20.000Z</time>
      </trkpt>
      <trkpt lat="39.45416179485619068145751953125" lon="8.4078885801136493682861328125">
        <ele>450.600006103515625</ele>
        <time>2026-09-22T08:11:22.000Z</time>
      </trkpt>
      <trkpt lat="39.45422247983515262603759765625" lon="8.40787231922149658203125">
        <ele>451.399993896484375</ele>
        <time>2026-09-22T08:11:29.000Z</time>
      </trkpt>
      <trkpt lat="39.45424125529825687408447265625" lon="8.4078709781169891357421875">
        <ele>451.399993896484375</ele>
        <time>2026-09-22T08:11:32.000Z</time>
      </trkpt>
      <trkpt lat="39.45426757447421550750732421875" lon="8.4078892506659030914306640625">
        <ele>451</ele>
        <time>2026-09-22T08:11:36.000Z</time>
      </trkpt>
      <trkpt lat="39.45431702770292758941650390625" lon="8.40796192176640033721923828125">
        <ele>448.79998779296875</ele>
        <time>2026-09-22T08:11:45.000Z</time>
      </trkpt>
      <trkpt lat="39.4543328694999217987060546875" lon="8.40799712575972080230712890625">
        <ele>447.79998779296875</ele>
        <time>2026-09-22T08:11:51.000Z</time>
      </trkpt>
      <trkpt lat="39.4543397426605224609375" lon="8.40804272331297397613525390625">
        <ele>446.20001220703125</ele>
        <time>2026-09-22T08:11:57.000Z</time>
      </trkpt>
      <trkpt lat="39.45436866022646427154541015625" lon="8.40806074440479278564453125">
        <ele>445.600006103515625</ele>
        <time>2026-09-22T08:12:04.000Z</time>
      </trkpt>
      <trkpt lat="39.45436933077871799468994140625" lon="8.4080756641924381256103515625">
        <ele>445</ele>
        <time>2026-09-22T08:12:11.000Z</time>
      </trkpt>
      <trkpt lat="39.45436933077871799468994140625" lon="8.4080756641924381256103515625">
        <ele>445</ele>
        <time>2026-09-22T08:12:26.000Z</time>
      </trkpt>
      <trkpt lat="39.45437016896903514862060546875" lon="8.40808345936238765716552734375">
        <ele>444.600006103515625</ele>
        <time>2026-09-22T08:12:30.000Z</time>
      </trkpt>
      <trkpt lat="39.45441895164549350738525390625" lon="8.4081014804542064666748046875">
        <ele>444.20001220703125</ele>
        <time>2026-09-22T08:12:39.000Z</time>
      </trkpt>
      <trkpt lat="39.454437978565692901611328125" lon="8.408100642263889312744140625">
        <ele>444.20001220703125</ele>
        <time>2026-09-22T08:12:41.000Z</time>
      </trkpt>
      <trkpt lat="39.454457759857177734375" lon="8.408118747174739837646484375">
        <ele>443.399993896484375</ele>
        <time>2026-09-22T08:12:49.000Z</time>
      </trkpt>
      <trkpt lat="39.45442163385450839996337890625" lon="8.408127464354038238525390625">
        <ele>443.20001220703125</ele>
        <time>2026-09-22T08:12:54.000Z</time>
      </trkpt>
      <trkpt lat="39.4544109888374805450439453125" lon="8.40813777409493923187255859375">
        <ele>442.600006103515625</ele>
        <time>2026-09-22T08:12:56.000Z</time>
      </trkpt>
      <trkpt lat="39.45440612733364105224609375" lon="8.40814213268458843231201171875">
        <ele>442.399993896484375</ele>
        <time>2026-09-22T08:12:59.000Z</time>
      </trkpt>
      <trkpt lat="39.45441358722746372222900390625" lon="8.40815219096839427947998046875">
        <ele>442</ele>
        <time>2026-09-22T08:13:01.000Z</time>
      </trkpt>
      <trkpt lat="39.45445784367620944976806640625" lon="8.4081628359854221343994140625">
        <ele>441.600006103515625</ele>
        <time>2026-09-22T08:13:08.000Z</time>
      </trkpt>
      <trkpt lat="39.45446287281811237335205078125" lon="8.40816426090896129608154296875">
        <ele>441.399993896484375</ele>
        <time>2026-09-22T08:13:15.000Z</time>
      </trkpt>
      <trkpt lat="39.45446153171360492706298828125" lon="8.40816426090896129608154296875">
        <ele>441.399993896484375</ele>
        <time>2026-09-22T08:13:28.000Z</time>
      </trkpt>
      <trkpt lat="39.454461447894573211669921875" lon="8.40816426090896129608154296875">
        <ele>441.399993896484375</ele>
        <time>2026-09-22T08:13:30.000Z</time>
      </trkpt>
      <trkpt lat="39.454461447894573211669921875" lon="8.40816409327089786529541015625">
        <ele>441.399993896484375</ele>
        <time>2026-09-22T08:13:31.000Z</time>
      </trkpt>
      <trkpt lat="39.4544612802565097808837890625" lon="8.40816400945186614990234375">
        <ele>441.399993896484375</ele>
        <time>2026-09-22T08:13:33.000Z</time>
      </trkpt>
      <trkpt lat="39.45446119643747806549072265625" lon="8.4081638418138027191162109375">
        <ele>441.399993896484375</ele>
        <time>2026-09-22T08:13:34.000Z</time>
      </trkpt>
      <trkpt lat="39.45443554781377315521240234375" lon="8.4081316553056240081787109375">
        <ele>443</ele>
        <time>2026-09-22T08:13:42.000Z</time>
      </trkpt>
      <trkpt lat="39.4543767906725406646728515625" lon="8.4080936014652252197265625">
        <ele>444.20001220703125</ele>
        <time>2026-09-22T08:13:50.000Z</time>
      </trkpt>
      <trkpt lat="39.4543677382171154022216796875" lon="8.40807055123150348663330078125">
        <ele>445.20001220703125</ele>
        <time>2026-09-22T08:13:56.000Z</time>
      </trkpt>
      <trkpt lat="39.45433597080409526824951171875" lon="8.40804733335971832275390625">
        <ele>446</ele>
        <time>2026-09-22T08:14:03.000Z</time>
      </trkpt>
      <trkpt lat="39.4543073885142803192138671875" lon="8.4079948626458644866943359375">
        <ele>447.600006103515625</ele>
        <time>2026-09-22T08:14:10.000Z</time>
      </trkpt>
      <trkpt lat="39.4543043710291385650634765625" lon="8.407990001142024993896484375">
        <ele>447.79998779296875</ele>
        <time>2026-09-22T08:14:11.000Z</time>
      </trkpt>
      <trkpt lat="39.45430914871394634246826171875" lon="8.407981283962726593017578125">
        <ele>448.20001220703125</ele>
        <time>2026-09-22T08:14:14.000Z</time>
      </trkpt>
      <trkpt lat="39.45430898107588291168212890625" lon="8.40797960758209228515625">
        <ele>448.20001220703125</ele>
        <time>2026-09-22T08:14:28.000Z</time>
      </trkpt>
      <trkpt lat="39.45430898107588291168212890625" lon="8.40797985903918743133544921875">
        <ele>448.20001220703125</ele>
        <time>2026-09-22T08:14:31.000Z</time>
      </trkpt>
      <trkpt lat="39.45430898107588291168212890625" lon="8.40797985903918743133544921875">
        <ele>448.20001220703125</ele>
        <time>2026-09-22T08:14:32.000Z</time>
      </trkpt>
      <trkpt lat="39.454308561980724334716796875" lon="8.40797985903918743133544921875">
        <ele>448.20001220703125</ele>
        <time>2026-09-22T08:14:36.000Z</time>
      </trkpt>
      <trkpt lat="39.45430797524750232696533203125" lon="8.40797985903918743133544921875">
        <ele>448.20001220703125</ele>
        <time>2026-09-22T08:14:39.000Z</time>
      </trkpt>
      <trkpt lat="39.45429003797471523284912109375" lon="8.40796309523284435272216796875">
        <ele>448.600006103515625</ele>
        <time>2026-09-22T08:14:43.000Z</time>
      </trkpt>
      <trkpt lat="39.45426824502646923065185546875" lon="8.4079331718385219573974609375">
        <ele>449.600006103515625</ele>
        <time>2026-09-22T08:14:45.000Z</time>
      </trkpt>
      <trkpt lat="39.4542594440281391143798828125" lon="8.407863937318325042724609375">
        <ele>451.79998779296875</ele>
        <time>2026-09-22T08:14:49.000Z</time>
      </trkpt>
      <trkpt lat="39.45425449870526790618896484375" lon="8.40785019099712371826171875">
        <ele>452.20001220703125</ele>
        <time>2026-09-22T08:14:50.000Z</time>
      </trkpt>
      <trkpt lat="39.454253576695919036865234375" lon="8.40783585794270038604736328125">
        <ele>452.399993896484375</ele>
        <time>2026-09-22T08:14:51.000Z</time>
      </trkpt>
      <trkpt lat="39.4542825780808925628662109375" lon="8.40780601836740970611572265625">
        <ele>452.600006103515625</ele>
        <time>2026-09-22T08:14:55.000Z</time>
      </trkpt>
      <trkpt lat="39.45430562831461429595947265625" lon="8.40774432756006717681884765625">
        <ele>453.600006103515625</ele>
        <time>2026-09-22T08:15:03.000Z</time>
      </trkpt>
      <trkpt lat="39.4543261639773845672607421875" lon="8.40772320516407489776611328125">
        <ele>453.600006103515625</ele>
        <time>2026-09-22T08:15:11.000Z</time>
      </trkpt>
      <trkpt lat="39.4543214701116085052490234375" lon="8.40773913078010082244873046875">
        <ele>453.399993896484375</ele>
        <time>2026-09-22T08:15:16.000Z</time>
      </trkpt>
      <trkpt lat="39.4543182849884033203125" lon="8.4077480994164943695068359375">
        <ele>453.20001220703125</ele>
        <time>2026-09-22T08:15:17.000Z</time>
      </trkpt>
      <trkpt lat="39.45430663414299488067626953125" lon="8.40776846744120121002197265625">
        <ele>453</ele>
        <time>2026-09-22T08:15:20.000Z</time>
      </trkpt>
      <trkpt lat="39.45429154671728610992431640625" lon="8.4078020788729190826416015625">
        <ele>452.600006103515625</ele>
        <time>2026-09-22T08:15:23.000Z</time>
      </trkpt>
      <trkpt lat="39.45428014732897281646728515625" lon="8.4078067727386951446533203125">
        <ele>452.600006103515625</ele>
        <time>2026-09-22T08:15:24.000Z</time>
      </trkpt>
      <trkpt lat="39.454251229763031005859375" lon="8.407798893749713897705078125">
        <ele>453.20001220703125</ele>
        <time>2026-09-22T08:15:29.000Z</time>
      </trkpt>
      <trkpt lat="39.45423840545117855072021484375" lon="8.4077926911413669586181640625">
        <ele>453.399993896484375</ele>
        <time>2026-09-22T08:15:34.000Z</time>
      </trkpt>
      <trkpt lat="39.454223401844501495361328125" lon="8.4077876619994640350341796875">
        <ele>453.600006103515625</ele>
        <time>2026-09-22T08:15:40.000Z</time>
      </trkpt>
      <trkpt lat="39.4542138464748859405517578125" lon="8.40779545716941356658935546875">
        <ele>453.600006103515625</ele>
        <time>2026-09-22T08:15:42.000Z</time>
      </trkpt>
      <trkpt lat="39.45418928749859333038330078125" lon="8.4077725745737552642822265625">
        <ele>454.20001220703125</ele>
        <time>2026-09-22T08:15:49.000Z</time>
      </trkpt>
      <trkpt lat="39.45420563220977783203125" lon="8.40768967755138874053955078125">
        <ele>455.600006103515625</ele>
        <time>2026-09-22T08:15:57.000Z</time>
      </trkpt>
      <trkpt lat="39.45422147400677204132080078125" lon="8.40758741833269596099853515625">
        <ele>457.20001220703125</ele>
        <time>2026-09-22T08:16:05.000Z</time>
      </trkpt>
      <trkpt lat="39.45427947677671909332275390625" lon="8.4075070358812808990478515625">
        <ele>456</ele>
        <time>2026-09-22T08:16:13.000Z</time>
      </trkpt>
      <trkpt lat="39.45430428721010684967041015625" lon="8.40743453241884708404541015625">
        <ele>454.399993896484375</ele>
        <time>2026-09-22T08:16:20.000Z</time>
      </trkpt>
      <trkpt lat="39.45431199856102466583251953125" lon="8.4074285812675952911376953125">
        <ele>454</ele>
        <time>2026-09-22T08:16:21.000Z</time>
      </trkpt>
      <trkpt lat="39.45434535853564739227294921875" lon="8.40739731676876544952392578125">
        <ele>452.399993896484375</ele>
        <time>2026-09-22T08:16:28.000Z</time>
      </trkpt>
      <trkpt lat="39.454395733773708343505859375" lon="8.40742246247828006744384765625">
        <ele>451.399993896484375</ele>
        <time>2026-09-22T08:16:35.000Z</time>
      </trkpt>
      <trkpt lat="39.45441258139908313751220703125" lon="8.4074443392455577850341796875">
        <ele>451.20001220703125</ele>
        <time>2026-09-22T08:16:37.000Z</time>
      </trkpt>
      <trkpt lat="39.45445566438138484954833984375" lon="8.407506532967090606689453125">
        <ele>450</ele>
        <time>2026-09-22T08:16:42.000Z</time>
      </trkpt>
      <trkpt lat="39.4544666446745395660400390625" lon="8.40753997676074504852294921875">
        <ele>449.600006103515625</ele>
        <time>2026-09-22T08:16:45.000Z</time>
      </trkpt>
      <trkpt lat="39.45448365993797779083251953125" lon="8.40757300145924091339111328125">
        <ele>449</ele>
        <time>2026-09-22T08:16:48.000Z</time>
      </trkpt>
      <trkpt lat="39.45449992083013057708740234375" lon="8.4075898490846157073974609375">
        <ele>448.20001220703125</ele>
        <time>2026-09-22T08:16:50.000Z</time>
      </trkpt>
      <trkpt lat="39.454507045447826385498046875" lon="8.40759814716875553131103515625">
        <ele>448</ele>
        <time>2026-09-22T08:16:51.000Z</time>
      </trkpt>
      <trkpt lat="39.454514421522617340087890625" lon="8.40760384686291217803955078125">
        <ele>447.600006103515625</ele>
        <time>2026-09-22T08:16:52.000Z</time>
      </trkpt>
      <trkpt lat="39.45456798188388347625732421875" lon="8.407668136060237884521484375">
        <ele>445.399993896484375</ele>
        <time>2026-09-22T08:16:58.000Z</time>
      </trkpt>
      <trkpt lat="39.45460469461977481842041015625" lon="8.4077605046331882476806640625">
        <ele>444</ele>
        <time>2026-09-22T08:17:06.000Z</time>
      </trkpt>
      <trkpt lat="39.4546520523726940155029296875" lon="8.407861255109310150146484375">
        <ele>441.600006103515625</ele>
        <time>2026-09-22T08:17:16.000Z</time>
      </trkpt>
      <trkpt lat="39.45465448312461376190185546875" lon="8.4078855626285076141357421875">
        <ele>441.600006103515625</ele>
        <time>2026-09-22T08:17:18.000Z</time>
      </trkpt>
      <trkpt lat="39.45465314202010631561279296875" lon="8.4079460799694061279296875">
        <ele>441.600006103515625</ele>
        <time>2026-09-22T08:17:23.000Z</time>
      </trkpt>
      <trkpt lat="39.45467770099639892578125" lon="8.40798220597207546234130859375">
        <ele>440.399993896484375</ele>
        <time>2026-09-22T08:17:29.000Z</time>
      </trkpt>
      <trkpt lat="39.45467879064381122589111328125" lon="8.40806610882282257080078125">
        <ele>439.20001220703125</ele>
        <time>2026-09-22T08:17:37.000Z</time>
      </trkpt>
      <trkpt lat="39.45466051809489727020263671875" lon="8.40811832807958126068115234375">
        <ele>438.79998779296875</ele>
        <time>2026-09-22T08:17:44.000Z</time>
      </trkpt>
      <trkpt lat="39.45465900935232639312744140625" lon="8.408137857913970947265625">
        <ele>438.600006103515625</ele>
        <time>2026-09-22T08:17:48.000Z</time>
      </trkpt>
      <trkpt lat="39.45466839708387851715087890625" lon="8.40816861949861049652099609375">
        <ele>437.600006103515625</ele>
        <time>2026-09-22T08:17:52.000Z</time>
      </trkpt>
      <trkpt lat="39.45469421334564685821533203125" lon="8.408207930624485015869140625">
        <ele>436.20001220703125</ele>
        <time>2026-09-22T08:17:59.000Z</time>
      </trkpt>
      <trkpt lat="39.454700835049152374267578125" lon="8.40822243131697177886962890625">
        <ele>435.79998779296875</ele>
        <time>2026-09-22T08:18:03.000Z</time>
      </trkpt>
      <trkpt lat="39.4547130726277828216552734375" lon="8.40822896920144557952880859375">
        <ele>435.399993896484375</ele>
        <time>2026-09-22T08:18:09.000Z</time>
      </trkpt>
      <trkpt lat="39.4547338597476482391357421875" lon="8.408271633088588714599609375">
        <ele>433.79998779296875</ele>
        <time>2026-09-22T08:18:16.000Z</time>
      </trkpt>
      <trkpt lat="39.4546959735453128814697265625" lon="8.4083323180675506591796875">
        <ele>433.399993896484375</ele>
        <time>2026-09-22T08:18:23.000Z</time>
      </trkpt>
      <trkpt lat="39.45465699769556522369384765625" lon="8.40837297029793262481689453125">
        <ele>432.20001220703125</ele>
        <time>2026-09-22T08:18:30.000Z</time>
      </trkpt>
      <trkpt lat="39.45465649478137493133544921875" lon="8.4084042347967624664306640625">
        <ele>431.20001220703125</ele>
        <time>2026-09-22T08:18:39.000Z</time>
      </trkpt>
      <trkpt lat="39.4546366296708583831787109375" lon="8.40844321064651012420654296875">
        <ele>430.20001220703125</ele>
        <time>2026-09-22T08:18:46.000Z</time>
      </trkpt>
      <trkpt lat="39.45463051088154315948486328125" lon="8.4084904007613658905029296875">
        <ele>428.600006103515625</ele>
        <time>2026-09-22T08:18:54.000Z</time>
      </trkpt>
      <trkpt lat="39.45463436655700206756591796875" lon="8.40850875712931156158447265625">
        <ele>428</ele>
        <time>2026-09-22T08:18:57.000Z</time>
      </trkpt>
      <trkpt lat="39.45470460690557956695556640625" lon="8.40857648290693759918212890625">
        <ele>425.399993896484375</ele>
        <time>2026-09-22T08:19:16.000Z</time>
      </trkpt>
      <trkpt lat="39.4546782039105892181396484375" lon="8.408559970557689666748046875">
        <ele>426</ele>
        <time>2026-09-22T08:19:18.000Z</time>
      </trkpt>
      <trkpt lat="39.45473025552928447723388671875" lon="8.408653177320957183837890625">
        <ele>422.600006103515625</ele>
        <time>2026-09-22T08:19:28.000Z</time>
      </trkpt>
      <trkpt lat="39.45475992746651172637939453125" lon="8.4086798317730426788330078125">
        <ele>421.79998779296875</ele>
        <time>2026-09-22T08:19:35.000Z</time>
      </trkpt>
      <trkpt lat="39.454771243035793304443359375" lon="8.40868771076202392578125">
        <ele>421.600006103515625</ele>
        <time>2026-09-22T08:19:37.000Z</time>
      </trkpt>
      <trkpt lat="39.4547905214130878448486328125" lon="8.4087049774825572967529296875">
        <ele>421.20001220703125</ele>
        <time>2026-09-22T08:19:40.000Z</time>
      </trkpt>
      <trkpt lat="39.45479848422110080718994140625" lon="8.40872056782245635986328125">
        <ele>420.600006103515625</ele>
        <time>2026-09-22T08:19:42.000Z</time>
      </trkpt>
      <trkpt lat="39.45481977425515651702880859375" lon="8.4087529219686985015869140625">
        <ele>419.600006103515625</ele>
        <time>2026-09-22T08:19:48.000Z</time>
      </trkpt>
      <trkpt lat="39.4548327662050724029541015625" lon="8.40877396054565906524658203125">
        <ele>418.79998779296875</ele>
        <time>2026-09-22T08:19:54.000Z</time>
      </trkpt>
      <trkpt lat="39.45483134128153324127197265625" lon="8.4087767265737056732177734375">
        <ele>418.79998779296875</ele>
        <time>2026-09-22T08:19:55.000Z</time>
      </trkpt>
      <trkpt lat="39.45485011674463748931884765625" lon="8.40881654061377048492431640625">
        <ele>417.399993896484375</ele>
        <time>2026-09-22T08:20:01.000Z</time>
      </trkpt>
      <trkpt lat="39.45485916920006275177001953125" lon="8.40882710181176662445068359375">
        <ele>417</ele>
        <time>2026-09-22T08:20:02.000Z</time>
      </trkpt>
      <trkpt lat="39.454873502254486083984375" lon="8.408894576132297515869140625">
        <ele>414.79998779296875</ele>
        <time>2026-09-22T08:20:09.000Z</time>
      </trkpt>
      <trkpt lat="39.45493460632860660552978515625" lon="8.40899943374097347259521484375">
        <ele>412.600006103515625</ele>
        <time>2026-09-22T08:20:20.000Z</time>
      </trkpt>
      <trkpt lat="39.45496159605681896209716796875" lon="8.40908844955265522003173828125">
        <ele>410.20001220703125</ele>
        <time>2026-09-22T08:20:28.000Z</time>
      </trkpt>
      <trkpt lat="39.45500032044947147369384765625" lon="8.40910286642611026763916015625">
        <ele>410</ele>
        <time>2026-09-22T08:20:36.000Z</time>
      </trkpt>
      <trkpt lat="39.45500291883945465087890625" lon="8.409113846719264984130859375">
        <ele>409.600006103515625</ele>
        <time>2026-09-22T08:20:37.000Z</time>
      </trkpt>
      <trkpt lat="39.4550000689923763275146484375" lon="8.40914796106517314910888671875">
        <ele>408.79998779296875</ele>
        <time>2026-09-22T08:20:40.000Z</time>
      </trkpt>
      <trkpt lat="39.4550124742090702056884765625" lon="8.4092313610017299652099609375">
        <ele>406.600006103515625</ele>
        <time>2026-09-22T08:20:48.000Z</time>
      </trkpt>
      <trkpt lat="39.455059580504894256591796875" lon="8.409317694604396820068359375">
        <ele>404.399993896484375</ele>
        <time>2026-09-22T08:20:55.000Z</time>
      </trkpt>
      <trkpt lat="39.4550661183893680572509765625" lon="8.40935868211090564727783203125">
        <ele>403.20001220703125</ele>
        <time>2026-09-22T08:20:58.000Z</time>
      </trkpt>
      <trkpt lat="39.455075003206729888916015625" lon="8.409391455352306365966796875">
        <ele>402.399993896484375</ele>
        <time>2026-09-22T08:21:01.000Z</time>
      </trkpt>
      <trkpt lat="39.45509151555597782135009765625" lon="8.40941391885280609130859375">
        <ele>401.79998779296875</ele>
        <time>2026-09-22T08:21:03.000Z</time>
      </trkpt>
      <trkpt lat="39.45512873120605945587158203125" lon="8.40952682308852672576904296875">
        <ele>401.399993896484375</ele>
        <time>2026-09-22T08:21:12.000Z</time>
      </trkpt>
      <trkpt lat="39.4551832973957061767578125" lon="8.40965540148317813873291015625">
        <ele>400.79998779296875</ele>
        <time>2026-09-22T08:21:21.000Z</time>
      </trkpt>
      <trkpt lat="39.4552340917289257049560546875" lon="8.4097758494317531585693359375">
        <ele>401.79998779296875</ele>
        <time>2026-09-22T08:21:29.000Z</time>
      </trkpt>
      <trkpt lat="39.45525513030588626861572265625" lon="8.4098048508167266845703125">
        <ele>402.399993896484375</ele>
        <time>2026-09-22T08:21:36.000Z</time>
      </trkpt>
      <trkpt lat="39.45525563322007656097412109375" lon="8.40980644337832927703857421875">
        <ele>402.399993896484375</ele>
        <time>2026-09-22T08:21:45.000Z</time>
      </trkpt>
      <trkpt lat="39.45525563322007656097412109375" lon="8.40980644337832927703857421875">
        <ele>402.399993896484375</ele>
        <time>2026-09-22T08:21:49.000Z</time>
      </trkpt>
      <trkpt lat="39.45525563322007656097412109375" lon="8.40980644337832927703857421875">
        <ele>402.399993896484375</ele>
        <time>2026-09-22T08:21:51.000Z</time>
      </trkpt>
      <trkpt lat="39.45525513030588626861572265625" lon="8.40980577282607555389404296875">
        <ele>402.399993896484375</ele>
        <time>2026-09-22T08:22:08.000Z</time>
      </trkpt>
      <trkpt lat="39.455254711210727691650390625" lon="8.40980392880737781524658203125">
        <ele>402.399993896484375</ele>
        <time>2026-09-22T08:22:15.000Z</time>
      </trkpt>
      <trkpt lat="39.455254711210727691650390625" lon="8.40980283915996551513671875">
        <ele>402.399993896484375</ele>
        <time>2026-09-22T08:22:17.000Z</time>
      </trkpt>
      <trkpt lat="39.45525462739169597625732421875" lon="8.40980191715061664581298828125">
        <ele>402.399993896484375</ele>
        <time>2026-09-22T08:22:19.000Z</time>
      </trkpt>
      <trkpt lat="39.4553078524768352508544921875" lon="8.40979353524744510650634765625">
        <ele>402.600006103515625</ele>
        <time>2026-09-22T08:22:32.000Z</time>
      </trkpt>
      <trkpt lat="39.4553923420608043670654296875" lon="8.40981616638600826263427734375">
        <ele>403.20001220703125</ele>
        <time>2026-09-22T08:22:39.000Z</time>
      </trkpt>
      <trkpt lat="39.45540231652557849884033203125" lon="8.4098361991345882415771484375">
        <ele>403.399993896484375</ele>
        <time>2026-09-22T08:22:41.000Z</time>
      </trkpt>
      <trkpt lat="39.45541589520871639251708984375" lon="8.409852124750614166259765625">
        <ele>403.79998779296875</ele>
        <time>2026-09-22T08:22:44.000Z</time>
      </trkpt>
      <trkpt lat="39.45546283386647701263427734375" lon="8.40987391769886016845703125">
        <ele>404.20001220703125</ele>
        <time>2026-09-22T08:22:50.000Z</time>
      </trkpt>
      <trkpt lat="39.45548093877732753753662109375" lon="8.409883975982666015625">
        <ele>404.20001220703125</ele>
        <time>2026-09-22T08:22:52.000Z</time>
      </trkpt>
      <trkpt lat="39.4555619917809963226318359375" lon="8.4099408052861690521240234375">
        <ele>405.399993896484375</ele>
        <time>2026-09-22T08:23:00.000Z</time>
      </trkpt>
      <trkpt lat="39.45565947331488132476806640625" lon="8.41000425629317760467529296875">
        <ele>407.79998779296875</ele>
        <time>2026-09-22T08:23:10.000Z</time>
      </trkpt>
      <trkpt lat="39.45569182746112346649169921875" lon="8.40999671258032321929931640625">
        <ele>408</ele>
        <time>2026-09-22T08:23:13.000Z</time>
      </trkpt>
      <trkpt lat="39.45578277111053466796875" lon="8.40997475199401378631591796875">
        <ele>408.600006103515625</ele>
        <time>2026-09-22T08:23:20.000Z</time>
      </trkpt>
      <trkpt lat="39.45580632425844669342041015625" lon="8.4099750034511089324951171875">
        <ele>408.79998779296875</ele>
        <time>2026-09-22T08:23:22.000Z</time>
      </trkpt>
      <trkpt lat="39.4558162987232208251953125" lon="8.40997961349785327911376953125">
        <ele>409</ele>
        <time>2026-09-22T08:23:23.000Z</time>
      </trkpt>
      <trkpt lat="39.45582878775894641876220703125" lon="8.4099954552948474884033203125">
        <ele>409.399993896484375</ele>
        <time>2026-09-22T08:23:26.000Z</time>
      </trkpt>
      <trkpt lat="39.45585695095360279083251953125" lon="8.409998975694179534912109375">
        <ele>409.600006103515625</ele>
        <time>2026-09-22T08:23:32.000Z</time>
      </trkpt>
      <trkpt lat="39.4558580406010150909423828125" lon="8.409997634589672088623046875">
        <ele>409.600006103515625</ele>
        <time>2026-09-22T08:23:38.000Z</time>
      </trkpt>
      <trkpt lat="39.455856196582317352294921875" lon="8.40999755077064037322998046875">
        <ele>409.600006103515625</ele>
        <time>2026-09-22T08:23:51.000Z</time>
      </trkpt>
      <trkpt lat="39.455858208239078521728515625" lon="8.40999755077064037322998046875">
        <ele>409.600006103515625</ele>
        <time>2026-09-22T08:23:56.000Z</time>
      </trkpt>
      <trkpt lat="39.4558587111532688140869140625" lon="8.409997634589672088623046875">
        <ele>409.600006103515625</ele>
        <time>2026-09-22T08:23:58.000Z</time>
      </trkpt>
      <trkpt lat="39.4558607228100299835205078125" lon="8.4099979698657989501953125">
        <ele>409.600006103515625</ele>
        <time>2026-09-22T08:24:01.000Z</time>
      </trkpt>
      <trkpt lat="39.45589986629784107208251953125" lon="8.41004692018032073974609375">
        <ele>410.79998779296875</ele>
        <time>2026-09-22T08:24:18.000Z</time>
      </trkpt>
      <trkpt lat="39.45590707473456859588623046875" lon="8.41014892794191837310791015625">
        <ele>413</ele>
        <time>2026-09-22T08:24:27.000Z</time>
      </trkpt>
      <trkpt lat="39.45598469115793704986572265625" lon="8.41015714220702648162841796875">
        <ele>413.600006103515625</ele>
        <time>2026-09-22T08:24:36.000Z</time>
      </trkpt>
      <trkpt lat="39.45603129453957080841064453125" lon="8.41012327931821346282958984375">
        <ele>413</ele>
        <time>2026-09-22T08:24:43.000Z</time>
      </trkpt>
      <trkpt lat="39.4560411013662815093994140625" lon="8.410114310681819915771484375">
        <ele>412.79998779296875</ele>
        <time>2026-09-22T08:24:44.000Z</time>
      </trkpt>
      <trkpt lat="39.456106983125209808349609375" lon="8.4100380353629589080810546875">
        <ele>411.399993896484375</ele>
        <time>2026-09-22T08:24:50.000Z</time>
      </trkpt>
      <trkpt lat="39.45620312355458736419677734375" lon="8.4099776856601238250732421875">
        <ele>410.399993896484375</ele>
        <time>2026-09-22T08:24:59.000Z</time>
      </trkpt>
      <trkpt lat="39.4562362320721149444580078125" lon="8.40999662876129150390625">
        <ele>410.79998779296875</ele>
        <time>2026-09-22T08:25:06.000Z</time>
      </trkpt>
      <trkpt lat="39.45626489818096160888671875" lon="8.4099926054477691650390625">
        <ele>410.79998779296875</ele>
        <time>2026-09-22T08:25:09.000Z</time>
      </trkpt>
      <trkpt lat="39.45628459565341472625732421875" lon="8.4099853970110416412353515625">
        <ele>410.79998779296875</ele>
        <time>2026-09-22T08:25:12.000Z</time>
      </trkpt>
      <trkpt lat="39.45629113353788852691650390625" lon="8.40998388826847076416015625">
        <ele>410.79998779296875</ele>
        <time>2026-09-22T08:25:13.000Z</time>
      </trkpt>
      <trkpt lat="39.4563331268727779388427734375" lon="8.40997726656496524810791015625">
        <ele>410.79998779296875</ele>
        <time>2026-09-22T08:25:20.000Z</time>
      </trkpt>
      <trkpt lat="39.45640395395457744598388671875" lon="8.40999864041805267333984375">
        <ele>411.20001220703125</ele>
        <time>2026-09-22T08:25:27.000Z</time>
      </trkpt>
      <trkpt lat="39.4564585201442241668701171875" lon="8.41001532040536403656005859375">
        <ele>410.600006103515625</ele>
        <time>2026-09-22T08:25:32.000Z</time>
      </trkpt>
      <trkpt lat="39.45647687651216983795166015625" lon="8.4100413881242275238037109375">
        <ele>411</ele>
        <time>2026-09-22T08:25:35.000Z</time>
      </trkpt>
      <trkpt lat="39.45650721900165081024169921875" lon="8.41007508337497711181640625">
        <ele>411.20001220703125</ele>
        <time>2026-09-22T08:25:40.000Z</time>
      </trkpt>
      <trkpt lat="39.4565185345709323883056640625" lon="8.4100816212594509124755859375">
        <ele>411.20001220703125</ele>
        <time>2026-09-22T08:25:41.000Z</time>
      </trkpt>
      <trkpt lat="39.4565289281308650970458984375" lon="8.41008690185844898223876953125">
        <ele>411.20001220703125</ele>
        <time>2026-09-22T08:25:42.000Z</time>
      </trkpt>
      <trkpt lat="39.4566155970096588134765625" lon="8.4101376123726367950439453125">
        <ele>411</ele>
        <time>2026-09-22T08:25:50.000Z</time>
      </trkpt>
      <trkpt lat="39.45668357424437999725341796875" lon="8.41017189435660839080810546875">
        <ele>411.20001220703125</ele>
        <time>2026-09-22T08:25:58.000Z</time>
      </trkpt>
      <trkpt lat="39.45674233138561248779296875" lon="8.41024942696094512939453125">
        <ele>412.600006103515625</ele>
        <time>2026-09-22T08:26:06.000Z</time>
      </trkpt>
      <trkpt lat="39.4567497074604034423828125" lon="8.41025806032121181488037109375">
        <ele>412.79998779296875</ele>
        <time>2026-09-22T08:26:07.000Z</time>
      </trkpt>
      <trkpt lat="39.4567840732634067535400390625" lon="8.41030784882605075836181640625">
        <ele>413.20001220703125</ele>
        <time>2026-09-22T08:26:13.000Z</time>
      </trkpt>
      <trkpt lat="39.4568409025669097900390625" lon="8.410342969000339508056640625">
        <ele>413.399993896484375</ele>
        <time>2026-09-22T08:26:21.000Z</time>
      </trkpt>
      <trkpt lat="39.45689446292817592620849609375" lon="8.41041572391986846923828125">
        <ele>413.79998779296875</ele>
        <time>2026-09-22T08:26:28.000Z</time>
      </trkpt>
      <trkpt lat="39.45692069828510284423828125" lon="8.410479091107845306396484375">
        <ele>414.399993896484375</ele>
        <time>2026-09-22T08:26:32.000Z</time>
      </trkpt>
      <trkpt lat="39.4569453410804271697998046875" lon="8.41053935699164867401123046875">
        <ele>415</ele>
        <time>2026-09-22T08:26:36.000Z</time>
      </trkpt>
      <trkpt lat="39.45701985619962215423583984375" lon="8.41059417463839054107666015625">
        <ele>414.399993896484375</ele>
        <time>2026-09-22T08:26:45.000Z</time>
      </trkpt>
      <trkpt lat="39.45712856948375701904296875" lon="8.41060213744640350341796875">
        <ele>415.20001220703125</ele>
        <time>2026-09-22T08:26:56.000Z</time>
      </trkpt>
      <trkpt lat="39.4572249613702297210693359375" lon="8.41060641221702098846435546875">
        <ele>415.79998779296875</ele>
        <time>2026-09-22T08:27:05.000Z</time>
      </trkpt>
      <trkpt lat="39.45727667771279811859130859375" lon="8.4106157161295413970947265625">
        <ele>416.20001220703125</ele>
        <time>2026-09-22T08:27:10.000Z</time>
      </trkpt>
      <trkpt lat="39.4572834670543670654296875" lon="8.4105992875993251800537109375">
        <ele>416.600006103515625</ele>
        <time>2026-09-22T08:27:12.000Z</time>
      </trkpt>
      <trkpt lat="39.457286484539508819580078125" lon="8.41058872640132904052734375">
        <ele>416.600006103515625</ele>
        <time>2026-09-22T08:27:13.000Z</time>
      </trkpt>
      <trkpt lat="39.45729260332882404327392578125" lon="8.4105778299272060394287109375">
        <ele>416.79998779296875</ele>
        <time>2026-09-22T08:27:14.000Z</time>
      </trkpt>
      <trkpt lat="39.4573456607758998870849609375" lon="8.41054002754390239715576171875">
        <ele>417.399993896484375</ele>
        <time>2026-09-22T08:27:19.000Z</time>
      </trkpt>
      <trkpt lat="39.45735429413616657257080078125" lon="8.41054103337228298187255859375">
        <ele>417.399993896484375</ele>
        <time>2026-09-22T08:27:20.000Z</time>
      </trkpt>
      <trkpt lat="39.45738849230110645294189453125" lon="8.41052309609949588775634765625">
        <ele>417.600006103515625</ele>
        <time>2026-09-22T08:27:27.000Z</time>
      </trkpt>
      <trkpt lat="39.4574110396206378936767578125" lon="8.4105483256280422210693359375">
        <ele>417.600006103515625</ele>
        <time>2026-09-22T08:27:31.000Z</time>
      </trkpt>
      <trkpt lat="39.45744163356721401214599609375" lon="8.410558886826038360595703125">
        <ele>417.600006103515625</ele>
        <time>2026-09-22T08:27:35.000Z</time>
      </trkpt>
      <trkpt lat="39.4575096108019351959228515625" lon="8.410532064735889434814453125">
        <ele>418</ele>
        <time>2026-09-22T08:27:44.000Z</time>
      </trkpt>
      <trkpt lat="39.4575531966984272003173828125" lon="8.41052577830851078033447265625">
        <ele>418.20001220703125</ele>
        <time>2026-09-22T08:27:50.000Z</time>
      </trkpt>
      <trkpt lat="39.45760357193648815155029296875" lon="8.41051362454891204833984375">
        <ele>418.20001220703125</ele>
        <time>2026-09-22T08:27:58.000Z</time>
      </trkpt>
      <trkpt lat="39.4576675258576869964599609375" lon="8.41048403643071651458740234375">
        <ele>417.79998779296875</ele>
        <time>2026-09-22T08:28:06.000Z</time>
      </trkpt>
      <trkpt lat="39.45774556137621402740478515625" lon="8.41043659485876560211181640625">
        <ele>417</ele>
        <time>2026-09-22T08:28:15.000Z</time>
      </trkpt>
      <trkpt lat="39.4577650912106037139892578125" lon="8.41043022461235523223876953125">
        <ele>416.79998779296875</ele>
        <time>2026-09-22T08:28:17.000Z</time>
      </trkpt>
      <trkpt lat="39.45777322165668010711669921875" lon="8.41043458320200443267822265625">
        <ele>417</ele>
        <time>2026-09-22T08:28:18.000Z</time>
      </trkpt>
      <trkpt lat="39.45779501460492610931396484375" lon="8.41046526096761226654052734375">
        <ele>418</ele>
        <time>2026-09-22T08:28:22.000Z</time>
      </trkpt>
      <trkpt lat="39.45783273316919803619384765625" lon="8.41048236005008220672607421875">
        <ele>419</ele>
        <time>2026-09-22T08:28:26.000Z</time>
      </trkpt>
      <trkpt lat="39.45786860771477222442626953125" lon="8.41045989654958248138427734375">
        <ele>419</ele>
        <time>2026-09-22T08:28:29.000Z</time>
      </trkpt>
      <trkpt lat="39.4579377584159374237060546875" lon="8.4104893170297145843505859375">
        <ele>420.600006103515625</ele>
        <time>2026-09-22T08:28:35.000Z</time>
      </trkpt>
      <trkpt lat="39.45796818472445011138916015625" lon="8.410516642034053802490234375">
        <ele>421.600006103515625</ele>
        <time>2026-09-22T08:28:39.000Z</time>
      </trkpt>
      <trkpt lat="39.45798343978822231292724609375" lon="8.4105064161121845245361328125">
        <ele>421.600006103515625</ele>
        <time>2026-09-22T08:28:41.000Z</time>
      </trkpt>
      <trkpt lat="39.4580500759184360504150390625" lon="8.410491161048412322998046875">
        <ele>421.600006103515625</ele>
        <time>2026-09-22T08:28:48.000Z</time>
      </trkpt>
      <trkpt lat="39.45805904455482959747314453125" lon="8.4104995429515838623046875">
        <ele>421.79998779296875</ele>
        <time>2026-09-22T08:28:49.000Z</time>
      </trkpt>
      <trkpt lat="39.45812174119055271148681640625" lon="8.41054270975291728973388671875">
        <ele>422.79998779296875</ele>
        <time>2026-09-22T08:28:55.000Z</time>
      </trkpt>
      <trkpt lat="39.45812769234180450439453125" lon="8.4105563722550868988037109375">
        <ele>423</ele>
        <time>2026-09-22T08:28:56.000Z</time>
      </trkpt>
      <trkpt lat="39.4581337273120880126953125" lon="8.4105902351438999176025390625">
        <ele>423.79998779296875</ele>
        <time>2026-09-22T08:28:58.000Z</time>
      </trkpt>
      <trkpt lat="39.4581409357488155364990234375" lon="8.41061948798596858978271484375">
        <ele>424.600006103515625</ele>
        <time>2026-09-22T08:29:01.000Z</time>
      </trkpt>
      <trkpt lat="39.45814512670040130615234375" lon="8.4106256067752838134765625">
        <ele>424.600006103515625</ele>
        <time>2026-09-22T08:29:03.000Z</time>
      </trkpt>
      <trkpt lat="39.45814286358654499053955078125" lon="8.4106267802417278289794921875">
        <ele>424.79998779296875</ele>
        <time>2026-09-22T08:29:06.000Z</time>
      </trkpt>
      <trkpt lat="39.45814638398587703704833984375" lon="8.4106247685849666595458984375">
        <ele>424.600006103515625</ele>
        <time>2026-09-22T08:29:10.000Z</time>
      </trkpt>
      <trkpt lat="39.4581466354429721832275390625" lon="8.4106244333088397979736328125">
        <ele>424.600006103515625</ele>
        <time>2026-09-22T08:29:11.000Z</time>
      </trkpt>
      <trkpt lat="39.45817002095282077789306640625" lon="8.41064446605741977691650390625">
        <ele>425</ele>
        <time>2026-09-22T08:29:25.000Z</time>
      </trkpt>
      <trkpt lat="39.45822768844664096832275390625" lon="8.4106559492647647857666015625">
        <ele>424.79998779296875</ele>
        <time>2026-09-22T08:29:30.000Z</time>
      </trkpt>
      <trkpt lat="39.45826448500156402587890625" lon="8.41065988875925540924072265625">
        <ele>424.600006103515625</ele>
        <time>2026-09-22T08:29:37.000Z</time>
      </trkpt>
      <trkpt lat="39.458312429487705230712890625" lon="8.41062887571752071380615234375">
        <ele>423.600006103515625</ele>
        <time>2026-09-22T08:29:45.000Z</time>
      </trkpt>
      <trkpt lat="39.45834117941558361053466796875" lon="8.41063725762069225311279296875">
        <ele>423.399993896484375</ele>
        <time>2026-09-22T08:29:48.000Z</time>
      </trkpt>
      <trkpt lat="39.4583504833281040191650390625" lon="8.4106509201228618621826171875">
        <ele>423.600006103515625</ele>
        <time>2026-09-22T08:29:51.000Z</time>
      </trkpt>
      <trkpt lat="39.458362720906734466552734375" lon="8.4106953442096710205078125">
        <ele>424.600006103515625</ele>
        <time>2026-09-22T08:29:57.000Z</time>
      </trkpt>
      <trkpt lat="39.4584242440760135650634765625" lon="8.41074027121067047119140625">
        <ele>424.79998779296875</ele>
        <time>2026-09-22T08:30:03.000Z</time>
      </trkpt>
      <trkpt lat="39.45845399983227252960205078125" lon="8.41077857650816440582275390625">
        <ele>425.399993896484375</ele>
        <time>2026-09-22T08:30:08.000Z</time>
      </trkpt>
      <trkpt lat="39.45847897790372371673583984375" lon="8.4107789956033229827880859375">
        <ele>425</ele>
        <time>2026-09-22T08:30:11.000Z</time>
      </trkpt>
      <trkpt lat="39.45848937146365642547607421875" lon="8.4107800014317035675048828125">
        <ele>424.79998779296875</ele>
        <time>2026-09-22T08:30:12.000Z</time>
      </trkpt>
      <trkpt lat="39.458500184118747711181640625" lon="8.41078695841133594512939453125">
        <ele>424.79998779296875</ele>
        <time>2026-09-22T08:30:13.000Z</time>
      </trkpt>
      <trkpt lat="39.4585467875003814697265625" lon="8.41081579215824604034423828125">
        <ele>424.79998779296875</ele>
        <time>2026-09-22T08:30:18.000Z</time>
      </trkpt>
      <trkpt lat="39.45854955352842807769775390625" lon="8.41081545688211917877197265625">
        <ele>424.79998779296875</ele>
        <time>2026-09-22T08:30:23.000Z</time>
      </trkpt>
      <trkpt lat="39.45857352577149868011474609375" lon="8.41082970611751079559326171875">
        <ele>424.399993896484375</ele>
        <time>2026-09-22T08:30:29.000Z</time>
      </trkpt>
      <trkpt lat="39.45860520936548709869384765625" lon="8.41084915213286876678466796875">
        <ele>424</ele>
        <time>2026-09-22T08:30:36.000Z</time>
      </trkpt>
      <trkpt lat="39.45862348191440105438232421875" lon="8.41085501946508884429931640625">
        <ele>424.399993896484375</ele>
        <time>2026-09-22T08:30:38.000Z</time>
      </trkpt>
      <trkpt lat="39.45865072309970855712890625" lon="8.41086524538695812225341796875">
        <ele>424.79998779296875</ele>
        <time>2026-09-22T08:30:42.000Z</time>
      </trkpt>
      <trkpt lat="39.458671510219573974609375" lon="8.410882763564586639404296875">
        <ele>425</ele>
        <time>2026-09-22T08:30:45.000Z</time>
      </trkpt>
      <trkpt lat="39.45868081413209438323974609375" lon="8.41089843772351741790771484375">
        <ele>425.20001220703125</ele>
        <time>2026-09-22T08:30:47.000Z</time>
      </trkpt>
      <trkpt lat="39.4586974941194057464599609375" lon="8.4109265170991420745849609375">
        <ele>425.399993896484375</ele>
        <time>2026-09-22T08:30:51.000Z</time>
      </trkpt>
      <trkpt lat="39.4587296806275844573974609375" lon="8.4109573625028133392333984375">
        <ele>425.79998779296875</ele>
        <time>2026-09-22T08:30:58.000Z</time>
      </trkpt>
      <trkpt lat="39.45873496122658252716064453125" lon="8.41095962561666965484619140625">
        <ele>426</ele>
        <time>2026-09-22T08:31:00.000Z</time>
      </trkpt>
      <trkpt lat="39.45875742472708225250244140625" lon="8.4109690971672534942626953125">
        <ele>426.20001220703125</ele>
        <time>2026-09-22T08:31:05.000Z</time>
      </trkpt>
      <trkpt lat="39.45877687074244022369384765625" lon="8.41097119264304637908935546875">
        <ele>426.20001220703125</ele>
        <time>2026-09-22T08:31:13.000Z</time>
      </trkpt>
      <trkpt lat="39.45878927595913410186767578125" lon="8.41097806580364704132080078125">
        <ele>426.20001220703125</ele>
        <time>2026-09-22T08:31:17.000Z</time>
      </trkpt>
      <trkpt lat="39.4587913714349269866943359375" lon="8.41098192147910594940185546875">
        <ele>426.20001220703125</ele>
        <time>2026-09-22T08:31:20.000Z</time>
      </trkpt>
      <trkpt lat="39.45880671031773090362548828125" lon="8.41099281795322895050048828125">
        <ele>426.399993896484375</ele>
        <time>2026-09-22T08:31:28.000Z</time>
      </trkpt>
      <trkpt lat="39.45882582105696201324462890625" lon="8.4110036306083202362060546875">
        <ele>426.399993896484375</ele>
        <time>2026-09-22T08:31:33.000Z</time>
      </trkpt>
      <trkpt lat="39.45884191431105136871337890625" lon="8.411021567881107330322265625">
        <ele>426.79998779296875</ele>
        <time>2026-09-22T08:31:35.000Z</time>
      </trkpt>
      <trkpt lat="39.4588902778923511505126953125" lon="8.411052413284778594970703125">
        <ele>427.20001220703125</ele>
        <time>2026-09-22T08:31:41.000Z</time>
      </trkpt>
      <trkpt lat="39.45891533978283405303955078125" lon="8.41114955954253673553466796875">
        <ele>428.399993896484375</ele>
        <time>2026-09-22T08:31:48.000Z</time>
      </trkpt>
      <trkpt lat="39.45894383825361728668212890625" lon="8.41118794865906238555908203125">
        <ele>428.600006103515625</ele>
        <time>2026-09-22T08:31:52.000Z</time>
      </trkpt>
      <trkpt lat="39.45894367061555385589599609375" lon="8.41118845157325267791748046875">
        <ele>428.600006103515625</ele>
        <time>2026-09-22T08:31:55.000Z</time>
      </trkpt>
      <trkpt lat="39.45894886739552021026611328125" lon="8.41118593700230121612548828125">
        <ele>428.79998779296875</ele>
        <time>2026-09-22T08:32:00.000Z</time>
      </trkpt>
      <trkpt lat="39.458952136337757110595703125" lon="8.4111863560974597930908203125">
        <ele>429</ele>
        <time>2026-09-22T08:32:02.000Z</time>
      </trkpt>
      <trkpt lat="39.458954818546772003173828125" lon="8.41118761338293552398681640625">
        <ele>429</ele>
        <time>2026-09-22T08:32:06.000Z</time>
      </trkpt>
      <trkpt lat="39.458954818546772003173828125" lon="8.41118761338293552398681640625">
        <ele>429</ele>
        <time>2026-09-22T08:32:12.000Z</time>
      </trkpt>
      <trkpt lat="39.45896722376346588134765625" lon="8.41120152734220027923583984375">
        <ele>429.20001220703125</ele>
        <time>2026-09-22T08:32:46.000Z</time>
      </trkpt>
      <trkpt lat="39.45896722376346588134765625" lon="8.41120152734220027923583984375">
        <ele>429.20001220703125</ele>
        <time>2026-09-22T08:32:47.000Z</time>
      </trkpt>
      <trkpt lat="39.4589680619537830352783203125" lon="8.41119817458093166351318359375">
        <ele>429.399993896484375</ele>
        <time>2026-09-22T08:32:53.000Z</time>
      </trkpt>
      <trkpt lat="39.4589861668646335601806640625" lon="8.41118593700230121612548828125">
        <ele>429.79998779296875</ele>
        <time>2026-09-22T08:32:58.000Z</time>
      </trkpt>
      <trkpt lat="39.4590109772980213165283203125" lon="8.41117906384170055389404296875">
        <ele>429.600006103515625</ele>
        <time>2026-09-22T08:33:02.000Z</time>
      </trkpt>
      <trkpt lat="39.45904676802456378936767578125" lon="8.4111887030303478240966796875">
        <ele>429.79998779296875</ele>
        <time>2026-09-22T08:33:11.000Z</time>
      </trkpt>
      <trkpt lat="39.45904559455811977386474609375" lon="8.4111883677542209625244140625">
        <ele>429.79998779296875</ele>
        <time>2026-09-22T08:33:17.000Z</time>
      </trkpt>
      <trkpt lat="39.45904559455811977386474609375" lon="8.4111883677542209625244140625">
        <ele>429.79998779296875</ele>
        <time>2026-09-22T08:33:27.000Z</time>
      </trkpt>
      <trkpt lat="39.4590388052165508270263671875" lon="8.4111883677542209625244140625">
        <ele>429.79998779296875</ele>
        <time>2026-09-22T08:33:32.000Z</time>
      </trkpt>
      <trkpt lat="39.4590357877314090728759765625" lon="8.411188535392284393310546875">
        <ele>429.79998779296875</ele>
        <time>2026-09-22T08:33:34.000Z</time>
      </trkpt>
      <trkpt lat="39.45903084240853786468505859375" lon="8.4111887030303478240966796875">
        <ele>429.79998779296875</ele>
        <time>2026-09-22T08:33:35.000Z</time>
      </trkpt>
      <trkpt lat="39.45901793427765369415283203125" lon="8.41120823286473751068115234375">
        <ele>430.20001220703125</ele>
        <time>2026-09-22T08:33:42.000Z</time>
      </trkpt>
      <trkpt lat="39.45901793427765369415283203125" lon="8.41123111546039581298828125">
        <ele>430.399993896484375</ele>
        <time>2026-09-22T08:33:46.000Z</time>
      </trkpt>
      <trkpt lat="39.45906286127865314483642578125" lon="8.411301858723163604736328125">
        <ele>431</ele>
        <time>2026-09-22T08:34:04.000Z</time>
      </trkpt>
      <trkpt lat="39.45907660759985446929931640625" lon="8.41130496002733707427978515625">
        <ele>431.399993896484375</ele>
        <time>2026-09-22T08:34:08.000Z</time>
      </trkpt>
      <trkpt lat="39.4591172598302364349365234375" lon="8.41130378656089305877685546875">
        <ele>432</ele>
        <time>2026-09-22T08:34:25.000Z</time>
      </trkpt>
      <trkpt lat="39.45917249657213687896728515625" lon="8.411309905350208282470703125">
        <ele>432.20001220703125</ele>
        <time>2026-09-22T08:34:49.000Z</time>
      </trkpt>
      <trkpt lat="39.45924642495810985565185546875" lon="8.4113593585789203643798828125">
        <ele>433.600006103515625</ele>
        <time>2026-09-22T08:35:11.000Z</time>
      </trkpt>
      <trkpt lat="39.45925958454608917236328125" lon="8.41135173104703426361083984375">
        <ele>433.600006103515625</ele>
        <time>2026-09-22T08:35:33.000Z</time>
      </trkpt>
      <trkpt lat="39.45926302112638950347900390625" lon="8.411351144313812255859375">
        <ele>433.600006103515625</ele>
        <time>2026-09-22T08:35:42.000Z</time>
      </trkpt>
      <trkpt lat="39.45931884460151195526123046875" lon="8.41134242713451385498046875">
        <ele>433.79998779296875</ele>
        <time>2026-09-22T08:35:48.000Z</time>
      </trkpt>
      <trkpt lat="39.45938162505626678466796875" lon="8.41134603135287761688232421875">
        <ele>434.399993896484375</ele>
        <time>2026-09-22T08:35:55.000Z</time>
      </trkpt>
      <trkpt lat="39.459413476288318634033203125" lon="8.41136463917791843414306640625">
        <ele>434.79998779296875</ele>
        <time>2026-09-22T08:36:01.000Z</time>
      </trkpt>
      <trkpt lat="39.45943602360785007476806640625" lon="8.41140738688409328460693359375">
        <ele>435.399993896484375</ele>
        <time>2026-09-22T08:36:07.000Z</time>
      </trkpt>
      <trkpt lat="39.45943971164524555206298828125" lon="8.4114126674830913543701171875">
        <ele>435.600006103515625</ele>
        <time>2026-09-22T08:36:08.000Z</time>
      </trkpt>
      <trkpt lat="39.45947592146694660186767578125" lon="8.4114468656480312347412109375">
        <ele>436.600006103515625</ele>
        <time>2026-09-22T08:36:16.000Z</time>
      </trkpt>
      <trkpt lat="39.4594936072826385498046875" lon="8.411474861204624176025390625">
        <ele>437.399993896484375</ele>
        <time>2026-09-22T08:36:21.000Z</time>
      </trkpt>
      <trkpt lat="39.4594991393387317657470703125" lon="8.4115005098283290863037109375">
        <ele>437.600006103515625</ele>
        <time>2026-09-22T08:36:24.000Z</time>
      </trkpt>
      <trkpt lat="39.45951171219348907470703125" lon="8.41151987202465534210205078125">
        <ele>438</ele>
        <time>2026-09-22T08:36:31.000Z</time>
      </trkpt>
      <trkpt lat="39.45953316986560821533203125" lon="8.41148332692682743072509765625">
        <ele>438.399993896484375</ele>
        <time>2026-09-22T08:36:36.000Z</time>
      </trkpt>
      <trkpt lat="39.45958069525659084320068359375" lon="8.411521799862384796142578125">
        <ele>439.79998779296875</ele>
        <time>2026-09-22T08:36:43.000Z</time>
      </trkpt>
      <trkpt lat="39.45959108881652355194091796875" lon="8.41153286397457122802734375">
        <ele>440.20001220703125</ele>
        <time>2026-09-22T08:36:49.000Z</time>
      </trkpt>
      <trkpt lat="39.45959108881652355194091796875" lon="8.4115321934223175048828125">
        <ele>440.20001220703125</ele>
        <time>2026-09-22T08:36:50.000Z</time>
      </trkpt>
      <trkpt lat="39.459599889814853668212890625" lon="8.41154417954385280609130859375">
        <ele>440.399993896484375</ele>
        <time>2026-09-22T08:36:53.000Z</time>
      </trkpt>
      <trkpt lat="39.459628053009510040283203125" lon="8.4115672297775745391845703125">
        <ele>441.399993896484375</ele>
        <time>2026-09-22T08:36:57.000Z</time>
      </trkpt>
      <trkpt lat="39.45965898223221302032470703125" lon="8.41160528361797332763671875">
        <ele>442.399993896484375</ele>
        <time>2026-09-22T08:37:04.000Z</time>
      </trkpt>
      <trkpt lat="39.459666274487972259521484375" lon="8.41161458753049373626708984375">
        <ele>442.600006103515625</ele>
        <time>2026-09-22T08:37:10.000Z</time>
      </trkpt>
      <trkpt lat="39.459685720503330230712890625" lon="8.4116138331592082977294921875">
        <ele>443.20001220703125</ele>
        <time>2026-09-22T08:37:13.000Z</time>
      </trkpt>
      <trkpt lat="39.45970424450933933258056640625" lon="8.41162431053817272186279296875">
        <ele>443.600006103515625</ele>
        <time>2026-09-22T08:37:16.000Z</time>
      </trkpt>
      <trkpt lat="39.459709189832210540771484375" lon="8.41162632219493389129638671875">
        <ele>443.600006103515625</ele>
        <time>2026-09-22T08:37:17.000Z</time>
      </trkpt>
      <trkpt lat="39.459746070206165313720703125" lon="8.4116936288774013519287109375">
        <ele>445.399993896484375</ele>
        <time>2026-09-22T08:37:24.000Z</time>
      </trkpt>
      <trkpt lat="39.45975403301417827606201171875" lon="8.4117231331765651702880859375">
        <ele>446</ele>
        <time>2026-09-22T08:37:30.000Z</time>
      </trkpt>
      <trkpt lat="39.45975604467093944549560546875" lon="8.41172774322330951690673828125">
        <ele>446</ele>
        <time>2026-09-22T08:37:38.000Z</time>
      </trkpt>
      <trkpt lat="39.45976844988763332366943359375" lon="8.41174475848674774169921875">
        <ele>446.600006103515625</ele>
        <time>2026-09-22T08:37:41.000Z</time>
      </trkpt>
      <trkpt lat="39.459763504564762115478515625" lon="8.41173780150711536407470703125">
        <ele>446.399993896484375</ele>
        <time>2026-09-22T08:37:46.000Z</time>
      </trkpt>
      <trkpt lat="39.45976677350699901580810546875" lon="8.4117130748927593231201171875">
        <ele>446.20001220703125</ele>
        <time>2026-09-22T08:37:52.000Z</time>
      </trkpt>
      <trkpt lat="39.45981555618345737457275390625" lon="8.411693461239337921142578125">
        <ele>446.79998779296875</ele>
        <time>2026-09-22T08:38:01.000Z</time>
      </trkpt>
      <trkpt lat="39.459820501506328582763671875" lon="8.41172338463366031646728515625">
        <ele>447.399993896484375</ele>
        <time>2026-09-22T08:38:06.000Z</time>
      </trkpt>
      <trkpt lat="39.45982343517243862152099609375" lon="8.41172740794718265533447265625">
        <ele>447.600006103515625</ele>
        <time>2026-09-22T08:38:07.000Z</time>
      </trkpt>
      <trkpt lat="39.459879510104656219482421875" lon="8.411741741001605987548828125">
        <ele>448.79998779296875</ele>
        <time>2026-09-22T08:38:14.000Z</time>
      </trkpt>
      <trkpt lat="39.4599031470715999603271484375" lon="8.41176982037723064422607421875">
        <ele>449.79998779296875</ele>
        <time>2026-09-22T08:38:18.000Z</time>
      </trkpt>
      <trkpt lat="39.4599326513707637786865234375" lon="8.41178239323198795318603515625">
        <ele>450.600006103515625</ele>
        <time>2026-09-22T08:38:22.000Z</time>
      </trkpt>
      <trkpt lat="39.45997162722051143646240234375" lon="8.41181583702564239501953125">
        <ele>451.79998779296875</ele>
        <time>2026-09-22T08:38:28.000Z</time>
      </trkpt>
      <trkpt lat="39.46000968106091022491455078125" lon="8.411814831197261810302734375">
        <ele>452.20001220703125</ele>
        <time>2026-09-22T08:38:33.000Z</time>
      </trkpt>
      <trkpt lat="39.46002669632434844970703125" lon="8.411812148988246917724609375">
        <ele>452.399993896484375</ele>
        <time>2026-09-22T08:38:35.000Z</time>
      </trkpt>
      <trkpt lat="39.460052512586116790771484375" lon="8.41180535964667797088623046875">
        <ele>452.399993896484375</ele>
        <time>2026-09-22T08:38:38.000Z</time>
      </trkpt>
      <trkpt lat="39.46009299717843532562255859375" lon="8.4118165075778961181640625">
        <ele>452.79998779296875</ele>
        <time>2026-09-22T08:38:43.000Z</time>
      </trkpt>
      <trkpt lat="39.46011562831699848175048828125" lon="8.4118414856493473052978515625">
        <ele>453.399993896484375</ele>
        <time>2026-09-22T08:38:49.000Z</time>
      </trkpt>
      <trkpt lat="39.460122920572757720947265625" lon="8.41184156946837902069091796875">
        <ele>453.600006103515625</ele>
        <time>2026-09-22T08:38:50.000Z</time>
      </trkpt>
      <trkpt lat="39.46014815010130405426025390625" lon="8.41182363219559192657470703125">
        <ele>453.399993896484375</ele>
        <time>2026-09-22T08:38:57.000Z</time>
      </trkpt>
      <trkpt lat="39.460192658007144927978515625" lon="8.4118059463798999786376953125">
        <ele>453</ele>
        <time>2026-09-22T08:39:05.000Z</time>
      </trkpt>
      <trkpt lat="39.4602042250335216522216796875" lon="8.41180468909442424774169921875">
        <ele>453</ele>
        <time>2026-09-22T08:39:06.000Z</time>
      </trkpt>
      <trkpt lat="39.4602364115417003631591796875" lon="8.4118139930069446563720703125">
        <ele>453</ele>
        <time>2026-09-22T08:39:09.000Z</time>
      </trkpt>
      <trkpt lat="39.46025862358510494232177734375" lon="8.41181240044534206390380859375">
        <ele>453</ele>
        <time>2026-09-22T08:39:12.000Z</time>
      </trkpt>
      <trkpt lat="39.46033372543752193450927734375" lon="8.411822877824306488037109375">
        <ele>452.399993896484375</ele>
        <time>2026-09-22T08:39:20.000Z</time>
      </trkpt>
      <trkpt lat="39.46034713648259639739990234375" lon="8.4118253923952579498291015625">
        <ele>452.399993896484375</ele>
        <time>2026-09-22T08:39:23.000Z</time>
      </trkpt>
      <trkpt lat="39.460350908339023590087890625" lon="8.41182530857622623443603515625">
        <ele>452.399993896484375</ele>
        <time>2026-09-22T08:39:26.000Z</time>
      </trkpt>
      <trkpt lat="39.46037010289728641510009765625" lon="8.41183067299425601959228515625">
        <ele>452.399993896484375</ele>
        <time>2026-09-22T08:39:30.000Z</time>
      </trkpt>
      <trkpt lat="39.4603846035897731781005859375" lon="8.411845006048679351806640625">
        <ele>452.600006103515625</ele>
        <time>2026-09-22T08:39:33.000Z</time>
      </trkpt>
      <trkpt lat="39.46043598465621471405029296875" lon="8.41189739294350147247314453125">
        <ele>453.600006103515625</ele>
        <time>2026-09-22T08:39:42.000Z</time>
      </trkpt>
      <trkpt lat="39.4604949094355106353759765625" lon="8.41192672960460186004638671875">
        <ele>453.79998779296875</ele>
        <time>2026-09-22T08:39:50.000Z</time>
      </trkpt>
      <trkpt lat="39.4605254195630550384521484375" lon="8.4119427390396595001220703125">
        <ele>454</ele>
        <time>2026-09-22T08:39:54.000Z</time>
      </trkpt>
      <trkpt lat="39.46056523360311985015869140625" lon="8.4119497798383235931396484375">
        <ele>453.600006103515625</ele>
        <time>2026-09-22T08:39:58.000Z</time>
      </trkpt>
      <trkpt lat="39.46058987639844417572021484375" lon="8.41195656917989253997802734375">
        <ele>453.399993896484375</ele>
        <time>2026-09-22T08:40:00.000Z</time>
      </trkpt>
      <trkpt lat="39.4606630504131317138671875" lon="8.41199965216219425201416015625">
        <ele>453.20001220703125</ele>
        <time>2026-09-22T08:40:09.000Z</time>
      </trkpt>
      <trkpt lat="39.46068610064685344696044921875" lon="8.41201809234917163848876953125">
        <ele>453.399993896484375</ele>
        <time>2026-09-22T08:40:13.000Z</time>
      </trkpt>
      <trkpt lat="39.46074561215937137603759765625" lon="8.41203653253614902496337890625">
        <ele>452.399993896484375</ele>
        <time>2026-09-22T08:40:20.000Z</time>
      </trkpt>
      <trkpt lat="39.4607963226735591888427734375" lon="8.412026055157184600830078125">
        <ele>450.20001220703125</ele>
        <time>2026-09-22T08:40:27.000Z</time>
      </trkpt>
      <trkpt lat="39.46081568486988544464111328125" lon="8.41203837655484676361083984375">
        <ele>450.20001220703125</ele>
        <time>2026-09-22T08:40:30.000Z</time>
      </trkpt>
      <trkpt lat="39.46083496324717998504638671875" lon="8.41204650700092315673828125">
        <ele>450</ele>
        <time>2026-09-22T08:40:34.000Z</time>
      </trkpt>
      <trkpt lat="39.46086966432631015777587890625" lon="8.41207894496619701385498046875">
        <ele>450.79998779296875</ele>
        <time>2026-09-22T08:40:41.000Z</time>
      </trkpt>
      <trkpt lat="39.460906125605106353759765625" lon="8.4121301583945751190185546875">
        <ele>452.399993896484375</ele>
        <time>2026-09-22T08:40:47.000Z</time>
      </trkpt>
      <trkpt lat="39.46091107092797756195068359375" lon="8.4121348522603511810302734375">
        <ele>452.600006103515625</ele>
        <time>2026-09-22T08:40:48.000Z</time>
      </trkpt>
      <trkpt lat="39.460929930210113525390625" lon="8.41216762550175189971923828125">
        <ele>453.79998779296875</ele>
        <time>2026-09-22T08:40:54.000Z</time>
      </trkpt>
      <trkpt lat="39.460938312113285064697265625" lon="8.412248678505420684814453125">
        <ele>456.20001220703125</ele>
        <time>2026-09-22T08:41:02.000Z</time>
      </trkpt>
      <trkpt lat="39.46093923412263393402099609375" lon="8.41232352890074253082275390625">
        <ele>457.600006103515625</ele>
        <time>2026-09-22T08:41:09.000Z</time>
      </trkpt>
      <trkpt lat="39.4609290920197963714599609375" lon="8.412354625761508941650390625">
        <ele>458.20001220703125</ele>
        <time>2026-09-22T08:41:12.000Z</time>
      </trkpt>
      <trkpt lat="39.460918866097927093505859375" lon="8.4123779274523258209228515625">
        <ele>458.600006103515625</ele>
        <time>2026-09-22T08:41:16.000Z</time>
      </trkpt>
      <trkpt lat="39.46091174148023128509521484375" lon="8.41241740621626377105712890625">
        <ele>459</ele>
        <time>2026-09-22T08:41:23.000Z</time>
      </trkpt>
      <trkpt lat="39.46089363656938076019287109375" lon="8.41242930851876735687255859375">
        <ele>459.399993896484375</ele>
        <time>2026-09-22T08:41:30.000Z</time>
      </trkpt>
      <trkpt lat="39.4608534872531890869140625" lon="8.41246090829372406005859375">
        <ele>460.399993896484375</ele>
        <time>2026-09-22T08:41:38.000Z</time>
      </trkpt>
      <trkpt lat="39.46083345450460910797119140625" lon="8.4124862216413021087646484375">
        <ele>460.79998779296875</ele>
        <time>2026-09-22T08:41:44.000Z</time>
      </trkpt>
      <trkpt lat="39.46079112589359283447265625" lon="8.41254078783094882965087890625">
        <ele>460.79998779296875</ele>
        <time>2026-09-22T08:41:52.000Z</time>
      </trkpt>
      <trkpt lat="39.4607922993600368499755859375" lon="8.41259594075381755828857421875">
        <ele>460.399993896484375</ele>
        <time>2026-09-22T08:41:59.000Z</time>
      </trkpt>
      <trkpt lat="39.4608271680772304534912109375" lon="8.41261605732142925262451171875">
        <ele>460</ele>
        <time>2026-09-22T08:42:03.000Z</time>
      </trkpt>
      <trkpt lat="39.46085323579609394073486328125" lon="8.4126270376145839691162109375">
        <ele>459.79998779296875</ele>
        <time>2026-09-22T08:42:06.000Z</time>
      </trkpt>
      <trkpt lat="39.46090587414801120758056640625" lon="8.4126847051084041595458984375">
        <ele>459.20001220703125</ele>
        <time>2026-09-22T08:42:13.000Z</time>
      </trkpt>
      <trkpt lat="39.46091308258473873138427734375" lon="8.4127128683030605316162109375">
        <ele>459</ele>
        <time>2026-09-22T08:42:15.000Z</time>
      </trkpt>
      <trkpt lat="39.4609351269900798797607421875" lon="8.41273860074579715728759765625">
        <ele>458.79998779296875</ele>
        <time>2026-09-22T08:42:17.000Z</time>
      </trkpt>
      <trkpt lat="39.4609455205500125885009765625" lon="8.4127520956099033355712890625">
        <ele>458.600006103515625</ele>
        <time>2026-09-22T08:42:18.000Z</time>
      </trkpt>
      <trkpt lat="39.4609720073640346527099609375" lon="8.41278143227100372314453125">
        <ele>458.20001220703125</ele>
        <time>2026-09-22T08:42:21.000Z</time>
      </trkpt>
      <trkpt lat="39.4609810598194599151611328125" lon="8.41278470121324062347412109375">
        <ele>458</ele>
        <time>2026-09-22T08:42:22.000Z</time>
      </trkpt>
      <trkpt lat="39.46099698543548583984375" lon="8.412787802517414093017578125">
        <ele>458</ele>
        <time>2026-09-22T08:42:24.000Z</time>
      </trkpt>
      <trkpt lat="39.46100947447121143341064453125" lon="8.412820994853973388671875">
        <ele>457.600006103515625</ele>
        <time>2026-09-22T08:42:27.000Z</time>
      </trkpt>
      <trkpt lat="39.46101550944149494171142578125" lon="8.41282904148101806640625">
        <ele>457.399993896484375</ele>
        <time>2026-09-22T08:42:28.000Z</time>
      </trkpt>
      <trkpt lat="39.46105289272964000701904296875" lon="8.412860892713069915771484375">
        <ele>457</ele>
        <time>2026-09-22T08:42:32.000Z</time>
      </trkpt>
      <trkpt lat="39.46107250638306140899658203125" lon="8.41287572868168354034423828125">
        <ele>456.79998779296875</ele>
        <time>2026-09-22T08:42:34.000Z</time>
      </trkpt>
      <trkpt lat="39.46113218553364276885986328125" lon="8.41285946778953075408935546875">
        <ele>457.20001220703125</ele>
        <time>2026-09-22T08:42:42.000Z</time>
      </trkpt>
      <trkpt lat="39.46115724742412567138671875" lon="8.4128811769187450408935546875">
        <ele>457.20001220703125</ele>
        <time>2026-09-22T08:42:45.000Z</time>
      </trkpt>
      <trkpt lat="39.46118138730525970458984375" lon="8.41292115859687328338623046875">
        <ele>457</ele>
        <time>2026-09-22T08:42:48.000Z</time>
      </trkpt>
      <trkpt lat="39.4612013362348079681396484375" lon="8.41295250691473484039306640625">
        <ele>457</ele>
        <time>2026-09-22T08:42:51.000Z</time>
      </trkpt>
      <trkpt lat="39.46120846085250377655029296875" lon="8.41295803897082805633544921875">
        <ele>457</ele>
        <time>2026-09-22T08:42:52.000Z</time>
      </trkpt>
      <trkpt lat="39.4612263143062591552734375" lon="8.41297195293009281158447265625">
        <ele>457</ele>
        <time>2026-09-22T08:42:55.000Z</time>
      </trkpt>
      <trkpt lat="39.46124249137938022613525390625" lon="8.41296792961657047271728515625">
        <ele>457.20001220703125</ele>
        <time>2026-09-22T08:42:57.000Z</time>
      </trkpt>
      <trkpt lat="39.4612942077219486236572265625" lon="8.41293473728001117706298828125">
        <ele>458</ele>
        <time>2026-09-22T08:43:04.000Z</time>
      </trkpt>
      <trkpt lat="39.46133100427687168121337890625" lon="8.41292467899620532989501953125">
        <ele>457.600006103515625</ele>
        <time>2026-09-22T08:43:07.000Z</time>
      </trkpt>
      <trkpt lat="39.4613523781299591064453125" lon="8.4129391796886920928955078125">
        <ele>457.600006103515625</ele>
        <time>2026-09-22T08:43:10.000Z</time>
      </trkpt>
      <trkpt lat="39.4614060223102569580078125" lon="8.4130235016345977783203125">
        <ele>458.20001220703125</ele>
        <time>2026-09-22T08:43:19.000Z</time>
      </trkpt>
      <trkpt lat="39.46148925460875034332275390625" lon="8.41312115080654621124267578125">
        <ele>458.79998779296875</ele>
        <time>2026-09-22T08:43:31.000Z</time>
      </trkpt>
      <trkpt lat="39.461543150246143341064453125" lon="8.41311360709369182586669921875">
        <ele>459.399993896484375</ele>
        <time>2026-09-22T08:43:37.000Z</time>
      </trkpt>
      <trkpt lat="39.46157298982143402099609375" lon="8.41311813332140445709228515625">
        <ele>459.79998779296875</ele>
        <time>2026-09-22T08:43:40.000Z</time>
      </trkpt>
      <trkpt lat="39.4615993089973926544189453125" lon="8.413137160241603851318359375">
        <ele>460</ele>
        <time>2026-09-22T08:43:44.000Z</time>
      </trkpt>
      <trkpt lat="39.4616154022514820098876953125" lon="8.413158617913722991943359375">
        <ele>460.20001220703125</ele>
        <time>2026-09-22T08:43:47.000Z</time>
      </trkpt>
      <trkpt lat="39.461647756397724151611328125" lon="8.41317580081522464752197265625">
        <ele>460.399993896484375</ele>
        <time>2026-09-22T08:43:52.000Z</time>
      </trkpt>
      <trkpt lat="39.46169368922710418701171875" lon="8.41320748440921306610107421875">
        <ele>460.600006103515625</ele>
        <time>2026-09-22T08:43:58.000Z</time>
      </trkpt>
      <trkpt lat="39.46173526346683502197265625" lon="8.41323648579418659210205078125">
        <ele>460.79998779296875</ele>
        <time>2026-09-22T08:44:03.000Z</time>
      </trkpt>
      <trkpt lat="39.46179083548486232757568359375" lon="8.41325727291405200958251953125">
        <ele>461.20001220703125</ele>
        <time>2026-09-22T08:44:10.000Z</time>
      </trkpt>
      <trkpt lat="39.46183584630489349365234375" lon="8.413253165781497955322265625">
        <ele>461.399993896484375</ele>
        <time>2026-09-22T08:44:18.000Z</time>
      </trkpt>
      <trkpt lat="39.46188773028552532196044921875" lon="8.41323883272707462310791015625">
        <ele>461.79998779296875</ele>
        <time>2026-09-22T08:44:24.000Z</time>
      </trkpt>
      <trkpt lat="39.4619013927876949310302734375" lon="8.413222990930080413818359375">
        <ele>461.600006103515625</ele>
        <time>2026-09-22T08:44:26.000Z</time>
      </trkpt>
      <trkpt lat="39.4619396142661571502685546875" lon="8.41316901147365570068359375">
        <ele>461.399993896484375</ele>
        <time>2026-09-22T08:44:32.000Z</time>
      </trkpt>
      <trkpt lat="39.4619436375796794891357421875" lon="8.41316490434110164642333984375">
        <ele>461.399993896484375</ele>
        <time>2026-09-22T08:44:34.000Z</time>
      </trkpt>
      <trkpt lat="39.46194975636899471282958984375" lon="8.41314897872507572174072265625">
        <ele>461.399993896484375</ele>
        <time>2026-09-22T08:44:43.000Z</time>
      </trkpt>
      <trkpt lat="39.46185202337801456451416015625" lon="8.4129700250923633575439453125">
        <ele>460.20001220703125</ele>
        <time>2026-09-22T08:56:43.000Z</time>
      </trkpt>
      <trkpt lat="39.46195646189153194427490234375" lon="8.41306172311305999755859375">
        <ele>461</ele>
        <time>2026-09-22T08:56:46.000Z</time>
      </trkpt>
      <trkpt lat="39.46198177523910999298095703125" lon="8.41310841031372547149658203125">
        <ele>461.20001220703125</ele>
        <time>2026-09-22T08:56:50.000Z</time>
      </trkpt>
      <trkpt lat="39.46197976358234882354736328125" lon="8.4131121821701526641845703125">
        <ele>461.20001220703125</ele>
        <time>2026-09-22T08:56:54.000Z</time>
      </trkpt>
      <trkpt lat="39.46200608275830745697021484375" lon="8.41313573531806468963623046875">
        <ele>461.20001220703125</ele>
        <time>2026-09-22T08:57:01.000Z</time>
      </trkpt>
      <trkpt lat="39.46202284656465053558349609375" lon="8.41314478777348995208740234375">
        <ele>461</ele>
        <time>2026-09-22T08:57:07.000Z</time>
      </trkpt>
      <trkpt lat="39.46204396896064281463623046875" lon="8.4131924808025360107421875">
        <ele>461.20001220703125</ele>
        <time>2026-09-22T08:57:15.000Z</time>
      </trkpt>
      <trkpt lat="39.46204916574060916900634765625" lon="8.41319792903959751129150390625">
        <ele>461.20001220703125</ele>
        <time>2026-09-22T08:57:18.000Z</time>
      </trkpt>
      <trkpt lat="39.46206006221473217010498046875" lon="8.41321863234043121337890625">
        <ele>461.20001220703125</ele>
        <time>2026-09-22T08:57:22.000Z</time>
      </trkpt>
      <trkpt lat="39.46210918016731739044189453125" lon="8.41322793625295162200927734375">
        <ele>461</ele>
        <time>2026-09-22T08:57:29.000Z</time>
      </trkpt>
      <trkpt lat="39.4621444679796695709228515625" lon="8.41322022490203380584716796875">
        <ele>461</ele>
        <time>2026-09-22T08:57:35.000Z</time>
      </trkpt>
      <trkpt lat="39.46218126453459262847900390625" lon="8.413284011185169219970703125">
        <ele>461</ele>
        <time>2026-09-22T08:57:42.000Z</time>
      </trkpt>
      <trkpt lat="39.46219651959836483001708984375" lon="8.41328543610870838165283203125">
        <ele>461</ele>
        <time>2026-09-22T08:57:44.000Z</time>
      </trkpt>
      <trkpt lat="39.4622292928397655487060546875" lon="8.41328895650804042816162109375">
        <ele>460.79998779296875</ele>
        <time>2026-09-22T08:57:47.000Z</time>
      </trkpt>
      <trkpt lat="39.46224178187549114227294921875" lon="8.41329784132540225982666015625">
        <ele>460.79998779296875</ele>
        <time>2026-09-22T08:57:48.000Z</time>
      </trkpt>
      <trkpt lat="39.4622691906988620758056640625" lon="8.41336858458817005157470703125">
        <ele>460</ele>
        <time>2026-09-22T08:57:52.000Z</time>
      </trkpt>
      <trkpt lat="39.462277404963970184326171875" lon="8.41340839862823486328125">
        <ele>459.399993896484375</ele>
        <time>2026-09-22T08:57:55.000Z</time>
      </trkpt>
      <trkpt lat="39.462280087172985076904296875" lon="8.4134199656546115875244140625">
        <ele>459.399993896484375</ele>
        <time>2026-09-22T08:57:56.000Z</time>
      </trkpt>
      <trkpt lat="39.462282769381999969482421875" lon="8.41342960484325885772705078125">
        <ele>459.20001220703125</ele>
        <time>2026-09-22T08:57:57.000Z</time>
      </trkpt>
      <trkpt lat="39.46228704415261745452880859375" lon="8.41344787739217281341552734375">
        <ele>459</ele>
        <time>2026-09-22T08:57:59.000Z</time>
      </trkpt>
      <trkpt lat="39.46230263449251651763916015625" lon="8.4134566783905029296875">
        <ele>458.79998779296875</ele>
        <time>2026-09-22T08:58:02.000Z</time>
      </trkpt>
      <trkpt lat="39.462361894547939300537109375" lon="8.41342893429100513458251953125">
        <ele>458.600006103515625</ele>
        <time>2026-09-22T08:58:09.000Z</time>
      </trkpt>
      <trkpt lat="39.46238092146813869476318359375" lon="8.4134303592145442962646484375">
        <ele>458.399993896484375</ele>
        <time>2026-09-22T08:58:11.000Z</time>
      </trkpt>
      <trkpt lat="39.46244227699935436248779296875" lon="8.41339305974543094635009765625">
        <ele>458.399993896484375</ele>
        <time>2026-09-22T08:58:19.000Z</time>
      </trkpt>
      <trkpt lat="39.4624515809118747711181640625" lon="8.41339339502155780792236328125">
        <ele>458.399993896484375</ele>
        <time>2026-09-22T08:58:21.000Z</time>
      </trkpt>
      <trkpt lat="39.46248653344810009002685546875" lon="8.41337998397648334503173828125">
        <ele>458.20001220703125</ele>
        <time>2026-09-22T08:58:26.000Z</time>
      </trkpt>
      <trkpt lat="39.46249642409384250640869140625" lon="8.41337478719651699066162109375">
        <ele>458.20001220703125</ele>
        <time>2026-09-22T08:58:27.000Z</time>
      </trkpt>
      <trkpt lat="39.46253531612455844879150390625" lon="8.4133649803698062896728515625">
        <ele>458</ele>
        <time>2026-09-22T08:58:30.000Z</time>
      </trkpt>
      <trkpt lat="39.46255761198699474334716796875" lon="8.413372524082660675048828125">
        <ele>457.79998779296875</ele>
        <time>2026-09-22T08:58:32.000Z</time>
      </trkpt>
      <trkpt lat="39.4625809974968433380126953125" lon="8.41337411664426326751708984375">
        <ele>457.79998779296875</ele>
        <time>2026-09-22T08:58:34.000Z</time>
      </trkpt>
      <trkpt lat="39.46261829696595668792724609375" lon="8.4133522398769855499267578125">
        <ele>458</ele>
        <time>2026-09-22T08:58:38.000Z</time>
      </trkpt>
      <trkpt lat="39.46264319121837615966796875" lon="8.4133250825107097625732421875">
        <ele>458.20001220703125</ele>
        <time>2026-09-22T08:58:41.000Z</time>
      </trkpt>
      <trkpt lat="39.46273933164775371551513671875" lon="8.41327772475779056549072265625">
        <ele>458</ele>
        <time>2026-09-22T08:58:49.000Z</time>
      </trkpt>
      <trkpt lat="39.462770931422710418701171875" lon="8.41326615773141384124755859375">
        <ele>457.600006103515625</ele>
        <time>2026-09-22T08:58:52.000Z</time>
      </trkpt>
      <trkpt lat="39.4628223963081836700439453125" lon="8.413241766393184661865234375">
        <ele>457.399993896484375</ele>
        <time>2026-09-22T08:58:57.000Z</time>
      </trkpt>
      <trkpt lat="39.4629021920263767242431640625" lon="8.4131604619324207305908203125">
        <ele>456.399993896484375</ele>
        <time>2026-09-22T08:59:06.000Z</time>
      </trkpt>
      <trkpt lat="39.46292105130851268768310546875" lon="8.4131433628499507904052734375">
        <ele>456.600006103515625</ele>
        <time>2026-09-22T08:59:08.000Z</time>
      </trkpt>
      <trkpt lat="39.46295944042503833770751953125" lon="8.41312567703425884246826171875">
        <ele>456.600006103515625</ele>
        <time>2026-09-22T08:59:13.000Z</time>
      </trkpt>
      <trkpt lat="39.462994895875453948974609375" lon="8.41308812610805034637451171875">
        <ele>456.79998779296875</ele>
        <time>2026-09-22T08:59:20.000Z</time>
      </trkpt>
      <trkpt lat="39.4630349613726139068603515625" lon="8.41302325017750263214111328125">
        <ele>456.79998779296875</ele>
        <time>2026-09-22T08:59:28.000Z</time>
      </trkpt>
      <trkpt lat="39.46304284036159515380859375" lon="8.4130112640559673309326171875">
        <ele>456.79998779296875</ele>
        <time>2026-09-22T08:59:29.000Z</time>
      </trkpt>
      <trkpt lat="39.46307125501334667205810546875" lon="8.41299257241189479827880859375">
        <ele>456.399993896484375</ele>
        <time>2026-09-22T08:59:32.000Z</time>
      </trkpt>
      <trkpt lat="39.463083744049072265625" lon="8.4129831008613109588623046875">
        <ele>456.20001220703125</ele>
        <time>2026-09-22T08:59:34.000Z</time>
      </trkpt>
      <trkpt lat="39.46308986283838748931884765625" lon="8.41297698207199573516845703125">
        <ele>456</ele>
        <time>2026-09-22T08:59:35.000Z</time>
      </trkpt>
      <trkpt lat="39.46309782564640045166015625" lon="8.41297832317650318145751953125">
        <ele>456</ele>
        <time>2026-09-22T08:59:36.000Z</time>
      </trkpt>
      <trkpt lat="39.46312506683170795440673828125" lon="8.412958793342113494873046875">
        <ele>455.600006103515625</ele>
        <time>2026-09-22T08:59:41.000Z</time>
      </trkpt>
      <trkpt lat="39.46317552588880062103271484375" lon="8.412974216043949127197265625">
        <ele>455.399993896484375</ele>
        <time>2026-09-22T08:59:46.000Z</time>
      </trkpt>
      <trkpt lat="39.46320670656859874725341796875" lon="8.41298150829970836639404296875">
        <ele>455.20001220703125</ele>
        <time>2026-09-22T08:59:49.000Z</time>
      </trkpt>
      <trkpt lat="39.46322682313621044158935546875" lon="8.4129760600626468658447265625">
        <ele>455</ele>
        <time>2026-09-22T08:59:51.000Z</time>
      </trkpt>
      <trkpt lat="39.46325448341667652130126953125" lon="8.4129800833761692047119140625">
        <ele>455</ele>
        <time>2026-09-22T08:59:54.000Z</time>
      </trkpt>
      <trkpt lat="39.46327459998428821563720703125" lon="8.41298553161323070526123046875">
        <ele>454.79998779296875</ele>
        <time>2026-09-22T08:59:56.000Z</time>
      </trkpt>
      <trkpt lat="39.4632834009826183319091796875" lon="8.41298804618418216705322265625">
        <ele>454.79998779296875</ele>
        <time>2026-09-22T08:59:57.000Z</time>
      </trkpt>
      <trkpt lat="39.4632954709231853485107421875" lon="8.41299332678318023681640625">
        <ele>455</ele>
        <time>2026-09-22T08:59:58.000Z</time>
      </trkpt>
      <trkpt lat="39.46341030299663543701171875" lon="8.41299793682992458343505859375">
        <ele>454.399993896484375</ele>
        <time>2026-09-22T09:00:07.000Z</time>
      </trkpt>
      <trkpt lat="39.46343536488711833953857421875" lon="8.41298955492675304412841796875">
        <ele>454.20001220703125</ele>
        <time>2026-09-22T09:00:09.000Z</time>
      </trkpt>
      <trkpt lat="39.46353510953485965728759765625" lon="8.41299005784094333648681640625">
        <ele>453.399993896484375</ele>
        <time>2026-09-22T09:00:17.000Z</time>
      </trkpt>
      <trkpt lat="39.463652037084102630615234375" lon="8.412971533834934234619140625">
        <ele>454</ele>
        <time>2026-09-22T09:00:26.000Z</time>
      </trkpt>
      <trkpt lat="39.46366687305271625518798828125" lon="8.412968851625919342041015625">
        <ele>454.20001220703125</ele>
        <time>2026-09-22T09:00:27.000Z</time>
      </trkpt>
      <trkpt lat="39.46382948197424411773681640625" lon="8.41295150108635425567626953125">
        <ele>456</ele>
        <time>2026-09-22T09:00:40.000Z</time>
      </trkpt>
      <trkpt lat="39.46393894962966442108154296875" lon="8.41291110031306743621826171875">
        <ele>457.20001220703125</ele>
        <time>2026-09-22T09:00:49.000Z</time>
      </trkpt>
      <trkpt lat="39.46400198154151439666748046875" lon="8.41287807561457157135009765625">
        <ele>458.399993896484375</ele>
        <time>2026-09-22T09:00:55.000Z</time>
      </trkpt>
      <trkpt lat="39.46404992602765560150146484375" lon="8.41283063404262065887451171875">
        <ele>458.79998779296875</ele>
        <time>2026-09-22T09:01:00.000Z</time>
      </trkpt>
      <trkpt lat="39.46406610310077667236328125" lon="8.4128134511411190032958984375">
        <ele>459</ele>
        <time>2026-09-22T09:01:02.000Z</time>
      </trkpt>
      <trkpt lat="39.464120082557201385498046875" lon="8.4127722121775150299072265625">
        <ele>459.600006103515625</ele>
        <time>2026-09-22T09:01:07.000Z</time>
      </trkpt>
      <trkpt lat="39.464136175811290740966796875" lon="8.41276039369404315948486328125">
        <ele>459.79998779296875</ele>
        <time>2026-09-22T09:01:08.000Z</time>
      </trkpt>
      <trkpt lat="39.464220665395259857177734375" lon="8.41275603510439395904541015625">
        <ele>461</ele>
        <time>2026-09-22T09:01:15.000Z</time>
      </trkpt>
      <trkpt lat="39.4642345793545246124267578125" lon="8.4127608127892017364501953125">
        <ele>461</ele>
        <time>2026-09-22T09:01:16.000Z</time>
      </trkpt>
      <trkpt lat="39.464270956814289093017578125" lon="8.4127725474536418914794921875">
        <ele>461.600006103515625</ele>
        <time>2026-09-22T09:01:19.000Z</time>
      </trkpt>
      <trkpt lat="39.46431244723498821258544921875" lon="8.41278034262359142303466796875">
        <ele>462.20001220703125</ele>
        <time>2026-09-22T09:01:23.000Z</time>
      </trkpt>
      <trkpt lat="39.46434346027672290802001953125" lon="8.41277766041457653045654296875">
        <ele>462.600006103515625</ele>
        <time>2026-09-22T09:01:26.000Z</time>
      </trkpt>
      <trkpt lat="39.4644022174179553985595703125" lon="8.4127700328826904296875">
        <ele>463.399993896484375</ele>
        <time>2026-09-22T09:01:31.000Z</time>
      </trkpt>
      <trkpt lat="39.46442023850977420806884765625" lon="8.41276802122592926025390625">
        <ele>463.79998779296875</ele>
        <time>2026-09-22T09:01:33.000Z</time>
      </trkpt>
      <trkpt lat="39.464423172175884246826171875" lon="8.41276793740689754486083984375">
        <ele>463.79998779296875</ele>
        <time>2026-09-22T09:01:34.000Z</time>
      </trkpt>
      <trkpt lat="39.4644235074520111083984375" lon="8.4127594716846942901611328125">
        <ele>463.79998779296875</ele>
        <time>2026-09-22T09:01:35.000Z</time>
      </trkpt>
      <trkpt lat="39.46444035507738590240478515625" lon="8.41274212114512920379638671875">
        <ele>464.20001220703125</ele>
        <time>2026-09-22T09:01:38.000Z</time>
      </trkpt>
      <trkpt lat="39.4644649140536785125732421875" lon="8.4126495011150836944580078125">
        <ele>464.79998779296875</ele>
        <time>2026-09-22T09:01:45.000Z</time>
      </trkpt>
      <trkpt lat="39.46455569006502628326416015625" lon="8.4125703759491443634033203125">
        <ele>466.399993896484375</ele>
        <time>2026-09-22T09:01:54.000Z</time>
      </trkpt>
      <trkpt lat="39.46457144804298877716064453125" lon="8.4125492535531520843505859375">
        <ele>466.79998779296875</ele>
        <time>2026-09-22T09:01:57.000Z</time>
      </trkpt>
      <trkpt lat="39.464589469134807586669921875" lon="8.41249133460223674774169921875">
        <ele>467.20001220703125</ele>
        <time>2026-09-22T09:02:01.000Z</time>
      </trkpt>
      <trkpt lat="39.464624337852001190185546875" lon="8.4123769216239452362060546875">
        <ele>467.399993896484375</ele>
        <time>2026-09-22T09:02:10.000Z</time>
      </trkpt>
      <trkpt lat="39.46467672474682331085205078125" lon="8.41226108372211456298828125">
        <ele>467.79998779296875</ele>
        <time>2026-09-22T09:02:19.000Z</time>
      </trkpt>
      <trkpt lat="39.4647214002907276153564453125" lon="8.41216913424432277679443359375">
        <ele>467.79998779296875</ele>
        <time>2026-09-22T09:02:28.000Z</time>
      </trkpt>
      <trkpt lat="39.4647519104182720184326171875" lon="8.4121195971965789794921875">
        <ele>467.600006103515625</ele>
        <time>2026-09-22T09:02:33.000Z</time>
      </trkpt>
      <trkpt lat="39.4647693447768688201904296875" lon="8.41209872625768184661865234375">
        <ele>467.600006103515625</ele>
        <time>2026-09-22T09:02:35.000Z</time>
      </trkpt>
      <trkpt lat="39.4647747091948986053466796875" lon="8.412090428173542022705078125">
        <ele>467.600006103515625</ele>
        <time>2026-09-22T09:02:36.000Z</time>
      </trkpt>
      <trkpt lat="39.464803040027618408203125" lon="8.41207022778689861297607421875">
        <ele>467.600006103515625</ele>
        <time>2026-09-22T09:02:39.000Z</time>
      </trkpt>
      <trkpt lat="39.46482894010841846466064453125" lon="8.412069641053676605224609375">
        <ele>467.79998779296875</ele>
        <time>2026-09-22T09:02:42.000Z</time>
      </trkpt>
      <trkpt lat="39.4649242423474788665771484375" lon="8.4120775200426578521728515625">
        <ele>469.20001220703125</ele>
        <time>2026-09-22T09:02:51.000Z</time>
      </trkpt>
      <trkpt lat="39.46499423123896121978759765625" lon="8.41207693330943584442138671875">
        <ele>470.20001220703125</ele>
        <time>2026-09-22T09:02:58.000Z</time>
      </trkpt>
      <trkpt lat="39.46503580547869205474853515625" lon="8.41206268407404422760009765625">
        <ele>470</ele>
        <time>2026-09-22T09:03:06.000Z</time>
      </trkpt>
      <trkpt lat="39.46501904167234897613525390625" lon="8.41209101490676403045654296875">
        <ele>470.20001220703125</ele>
        <time>2026-09-22T09:03:13.000Z</time>
      </trkpt>
      <trkpt lat="39.46500646881759166717529296875" lon="8.4121035039424896240234375">
        <ele>470.399993896484375</ele>
        <time>2026-09-22T09:03:15.000Z</time>
      </trkpt>
      <trkpt lat="39.464973695576190948486328125" lon="8.412139713764190673828125">
        <ele>470.399993896484375</ele>
        <time>2026-09-22T09:03:20.000Z</time>
      </trkpt>
      <trkpt lat="39.4649453647434711456298828125" lon="8.41221070848405361175537109375">
        <ele>470.600006103515625</ele>
        <time>2026-09-22T09:03:27.000Z</time>
      </trkpt>
      <trkpt lat="39.46495550684630870819091796875" lon="8.4122857265174388885498046875">
        <ele>471</ele>
        <time>2026-09-22T09:03:34.000Z</time>
      </trkpt>
      <trkpt lat="39.46498341858386993408203125" lon="8.4123068489134311676025390625">
        <ele>471.399993896484375</ele>
        <time>2026-09-22T09:03:38.000Z</time>
      </trkpt>
      <trkpt lat="39.46499573998153209686279296875" lon="8.41231095604598522186279296875">
        <ele>471.399993896484375</ele>
        <time>2026-09-22T09:03:39.000Z</time>
      </trkpt>
      <trkpt lat="39.465005211532115936279296875" lon="8.412313722074031829833984375">
        <ele>471.399993896484375</ele>
        <time>2026-09-22T09:03:40.000Z</time>
      </trkpt>
      <trkpt lat="39.465053491294384002685546875" lon="8.41233006678521633148193359375">
        <ele>471.79998779296875</ele>
        <time>2026-09-22T09:03:44.000Z</time>
      </trkpt>
      <trkpt lat="39.4651155173778533935546875" lon="8.4123309887945652008056640625">
        <ele>472</ele>
        <time>2026-09-22T09:03:50.000Z</time>
      </trkpt>
      <trkpt lat="39.4651978276669979095458984375" lon="8.41236862353980541229248046875">
        <ele>472.20001220703125</ele>
        <time>2026-09-22T09:03:57.000Z</time>
      </trkpt>
      <trkpt lat="39.465241916477680206298828125" lon="8.4123856388032436370849609375">
        <ele>472.399993896484375</ele>
        <time>2026-09-22T09:04:01.000Z</time>
      </trkpt>
      <trkpt lat="39.4652799703180789947509765625" lon="8.41238236986100673675537109375">
        <ele>472.399993896484375</ele>
        <time>2026-09-22T09:04:05.000Z</time>
      </trkpt>
      <trkpt lat="39.46530855260789394378662109375" lon="8.412440456449985504150390625">
        <ele>472.79998779296875</ele>
        <time>2026-09-22T09:04:10.000Z</time>
      </trkpt>
      <trkpt lat="39.46531106717884540557861328125" lon="8.41245462186634540557861328125">
        <ele>472.79998779296875</ele>
        <time>2026-09-22T09:04:11.000Z</time>
      </trkpt>
      <trkpt lat="39.46534710936248302459716796875" lon="8.412543050944805145263671875">
        <ele>474.20001220703125</ele>
        <time>2026-09-22T09:04:18.000Z</time>
      </trkpt>
      <trkpt lat="39.4653507135808467864990234375" lon="8.4125559590756893157958984375">
        <ele>474.399993896484375</ele>
        <time>2026-09-22T09:04:19.000Z</time>
      </trkpt>
      <trkpt lat="39.4653912819921970367431640625" lon="8.4126260317862033843994140625">
        <ele>475.399993896484375</ele>
        <time>2026-09-22T09:04:25.000Z</time>
      </trkpt>
      <trkpt lat="39.46549463085830211639404296875" lon="8.4126833640038967132568359375">
        <ele>476.79998779296875</ele>
        <time>2026-09-22T09:04:33.000Z</time>
      </trkpt>
      <trkpt lat="39.46557895280420780181884765625" lon="8.4127366729080677032470703125">
        <ele>478</ele>
        <time>2026-09-22T09:04:42.000Z</time>
      </trkpt>
      <trkpt lat="39.46567500941455364227294921875" lon="8.4127467311918735504150390625">
        <ele>478.79998779296875</ele>
        <time>2026-09-22T09:04:51.000Z</time>
      </trkpt>
      <trkpt lat="39.4657631032168865203857421875" lon="8.4126830287277698516845703125">
        <ele>478.20001220703125</ele>
        <time>2026-09-22T09:05:00.000Z</time>
      </trkpt>
      <trkpt lat="39.465846754610538482666015625" lon="8.41266316361725330352783203125">
        <ele>478.600006103515625</ele>
        <time>2026-09-22T09:05:08.000Z</time>
      </trkpt>
      <trkpt lat="39.465853460133075714111328125" lon="8.4126649238169193267822265625">
        <ele>478.600006103515625</ele>
        <time>2026-09-22T09:05:09.000Z</time>
      </trkpt>
      <trkpt lat="39.46589595638215541839599609375" lon="8.4126816876232624053955078125">
        <ele>479.20001220703125</ele>
        <time>2026-09-22T09:05:15.000Z</time>
      </trkpt>
      <trkpt lat="39.4659377820789813995361328125" lon="8.4126609005033969879150390625">
        <ele>479.20001220703125</ele>
        <time>2026-09-22T09:05:20.000Z</time>
      </trkpt>
      <trkpt lat="39.46595546789467334747314453125" lon="8.412655703723430633544921875">
        <ele>479.20001220703125</ele>
        <time>2026-09-22T09:05:22.000Z</time>
      </trkpt>
      <trkpt lat="39.46598379872739315032958984375" lon="8.41266031377017498016357421875">
        <ele>479.399993896484375</ele>
        <time>2026-09-22T09:05:25.000Z</time>
      </trkpt>
      <trkpt lat="39.46601145900785923004150390625" lon="8.41266366653144359588623046875">
        <ele>479.79998779296875</ele>
        <time>2026-09-22T09:05:28.000Z</time>
      </trkpt>
      <trkpt lat="39.46605093777179718017578125" lon="8.4126729704439640045166015625">
        <ele>480</ele>
        <time>2026-09-22T09:05:32.000Z</time>
      </trkpt>
      <trkpt lat="39.46615613065659999847412109375" lon="8.41260499320924282073974609375">
        <ele>478.79998779296875</ele>
        <time>2026-09-22T09:05:42.000Z</time>
      </trkpt>
      <trkpt lat="39.4662237726151943206787109375" lon="8.4125556237995624542236328125">
        <ele>477.79998779296875</ele>
        <time>2026-09-22T09:05:49.000Z</time>
      </trkpt>
      <trkpt lat="39.46629367768764495849609375" lon="8.4125690348446369171142578125">
        <ele>478</ele>
        <time>2026-09-22T09:05:55.000Z</time>
      </trkpt>
      <trkpt lat="39.4663059152662754058837890625" lon="8.41258320026099681854248046875">
        <ele>478.399993896484375</ele>
        <time>2026-09-22T09:05:57.000Z</time>
      </trkpt>
      <trkpt lat="39.46632452309131622314453125" lon="8.41264120303094387054443359375">
        <ele>479.600006103515625</ele>
        <time>2026-09-22T09:06:02.000Z</time>
      </trkpt>
      <trkpt lat="39.46632980369031429290771484375" lon="8.4126882255077362060546875">
        <ele>480.600006103515625</ele>
        <time>2026-09-22T09:06:05.000Z</time>
      </trkpt>
      <trkpt lat="39.4663890637457370758056640625" lon="8.41285116970539093017578125">
        <ele>482.79998779296875</ele>
        <time>2026-09-22T09:06:14.000Z</time>
      </trkpt>
      <trkpt lat="39.466410689055919647216796875" lon="8.41292685829102993011474609375">
        <ele>483.20001220703125</ele>
        <time>2026-09-22T09:06:18.000Z</time>
      </trkpt>
      <trkpt lat="39.4664292968809604644775390625" lon="8.41296792961657047271728515625">
        <ele>483.20001220703125</ele>
        <time>2026-09-22T09:06:21.000Z</time>
      </trkpt>
      <trkpt lat="39.466436840593814849853515625" lon="8.41299978084862232208251953125">
        <ele>483.399993896484375</ele>
        <time>2026-09-22T09:06:24.000Z</time>
      </trkpt>
      <trkpt lat="39.4664383493363857269287109375" lon="8.4130273573100566864013671875">
        <ele>483.600006103515625</ele>
        <time>2026-09-22T09:06:27.000Z</time>
      </trkpt>
      <trkpt lat="39.466430805623531341552734375" lon="8.413077481091022491455078125">
        <ele>484.399993896484375</ele>
        <time>2026-09-22T09:06:31.000Z</time>
      </trkpt>
      <trkpt lat="39.46643440984189510345458984375" lon="8.41314009390771389007568359375">
        <ele>485.20001220703125</ele>
        <time>2026-09-22T09:06:36.000Z</time>
      </trkpt>
      <trkpt lat="39.46644094772636890411376953125" lon="8.4131504036486148834228515625">
        <ele>485.20001220703125</ele>
        <time>2026-09-22T09:06:37.000Z</time>
      </trkpt>
      <trkpt lat="39.46646776981651782989501953125" lon="8.41319717466831207275390625">
        <ele>485.20001220703125</ele>
        <time>2026-09-22T09:06:41.000Z</time>
      </trkpt>
      <trkpt lat="39.466482438147068023681640625" lon="8.41322173364460468292236328125">
        <ele>485.20001220703125</ele>
        <time>2026-09-22T09:06:43.000Z</time>
      </trkpt>
      <trkpt lat="39.4664899818599224090576171875" lon="8.4132358990609645843505859375">
        <ele>485.20001220703125</ele>
        <time>2026-09-22T09:06:44.000Z</time>
      </trkpt>
      <trkpt lat="39.46649878285825252532958984375" lon="8.41325819492340087890625">
        <ele>485.20001220703125</ele>
        <time>2026-09-22T09:06:47.000Z</time>
      </trkpt>
      <trkpt lat="39.4664946757256984710693359375" lon="8.413275294005870819091796875">
        <ele>485.600006103515625</ele>
        <time>2026-09-22T09:06:51.000Z</time>
      </trkpt>
      <trkpt lat="39.4664494134485721588134765625" lon="8.41332818381488323211669921875">
        <ele>487.399993896484375</ele>
        <time>2026-09-22T09:06:58.000Z</time>
      </trkpt>
      <trkpt lat="39.4664051569998264312744140625" lon="8.41343681327998638153076171875">
        <ele>489.79998779296875</ele>
        <time>2026-09-22T09:07:06.000Z</time>
      </trkpt>
      <trkpt lat="39.466404654085636138916015625" lon="8.41344787739217281341552734375">
        <ele>489.79998779296875</ele>
        <time>2026-09-22T09:07:07.000Z</time>
      </trkpt>
      <trkpt lat="39.46639903821051120758056640625" lon="8.41353337280452251434326171875">
        <ele>491</ele>
        <time>2026-09-22T09:07:12.000Z</time>
      </trkpt>
      <trkpt lat="39.4663830287754535675048828125" lon="8.41363999061286449432373046875">
        <ele>491.79998779296875</ele>
        <time>2026-09-22T09:07:21.000Z</time>
      </trkpt>
      <trkpt lat="39.46638914756476879119873046875" lon="8.41365759260952472686767578125">
        <ele>491.600006103515625</ele>
        <time>2026-09-22T09:07:22.000Z</time>
      </trkpt>
      <trkpt lat="39.46641412563621997833251953125" lon="8.41369514353573322296142578125">
        <ele>491.20001220703125</ele>
        <time>2026-09-22T09:07:25.000Z</time>
      </trkpt>
      <trkpt lat="39.46642586030066013336181640625" lon="8.413697071373462677001953125">
        <ele>491</ele>
        <time>2026-09-22T09:07:26.000Z</time>
      </trkpt>
      <trkpt lat="39.4664732180535793304443359375" lon="8.413688354194164276123046875">
        <ele>490.20001220703125</ele>
        <time>2026-09-22T09:07:30.000Z</time>
      </trkpt>
      <trkpt lat="39.46650632657110691070556640625" lon="8.41370939277112483978271484375">
        <ele>489.600006103515625</ele>
        <time>2026-09-22T09:07:33.000Z</time>
      </trkpt>
      <trkpt lat="39.466522671282291412353515625" lon="8.41376286931335926055908203125">
        <ele>489.399993896484375</ele>
        <time>2026-09-22T09:07:36.000Z</time>
      </trkpt>
      <trkpt lat="39.46652292273938655853271484375" lon="8.41381399892270565032958984375">
        <ele>489.20001220703125</ele>
        <time>2026-09-22T09:07:39.000Z</time>
      </trkpt>
      <trkpt lat="39.4665442965924739837646484375" lon="8.413858674466609954833984375">
        <ele>488.600006103515625</ele>
        <time>2026-09-22T09:07:42.000Z</time>
      </trkpt>
      <trkpt lat="39.46658075787127017974853515625" lon="8.41390938498079776763916015625">
        <ele>487.399993896484375</ele>
        <time>2026-09-22T09:07:46.000Z</time>
      </trkpt>
      <trkpt lat="39.4666096754372119903564453125" lon="8.4139453433454036712646484375">
        <ele>486.600006103515625</ele>
        <time>2026-09-22T09:07:49.000Z</time>
      </trkpt>
      <trkpt lat="39.46664504706859588623046875" lon="8.41396906413137912750244140625">
        <ele>485.600006103515625</ele>
        <time>2026-09-22T09:07:53.000Z</time>
      </trkpt>
      <trkpt lat="39.46666575036942958831787109375" lon="8.41397442854940891265869140625">
        <ele>485.20001220703125</ele>
        <time>2026-09-22T09:07:55.000Z</time>
      </trkpt>
      <trkpt lat="39.46676440536975860595703125" lon="8.4139969758689403533935546875">
        <ele>482.399993896484375</ele>
        <time>2026-09-22T09:08:05.000Z</time>
      </trkpt>
      <trkpt lat="39.4667883776128292083740234375" lon="8.41400024481117725372314453125">
        <ele>481.79998779296875</ele>
        <time>2026-09-22T09:08:08.000Z</time>
      </trkpt>
      <trkpt lat="39.46684143505990505218505859375" lon="8.41398415155708789825439453125">
        <ele>479.79998779296875</ele>
        <time>2026-09-22T09:08:12.000Z</time>
      </trkpt>
      <trkpt lat="39.46697898209095001220703125" lon="8.41395892202854156494140625">
        <ele>474.600006103515625</ele>
        <time>2026-09-22T09:08:23.000Z</time>
      </trkpt>
      <trkpt lat="39.4670116715133190155029296875" lon="8.41395649127662181854248046875">
        <ele>473.600006103515625</ele>
        <time>2026-09-22T09:08:26.000Z</time>
      </trkpt>
      <trkpt lat="39.46702516637742519378662109375" lon="8.41396068222820758819580078125">
        <ele>473</ele>
        <time>2026-09-22T09:08:30.000Z</time>
      </trkpt>
      <trkpt lat="39.4670190475881099700927734375" lon="8.41395598836243152618408203125">
        <ele>473.20001220703125</ele>
        <time>2026-09-22T09:08:37.000Z</time>
      </trkpt>
      <trkpt lat="39.4669871963560581207275390625" lon="8.41390972025692462921142578125">
        <ele>474.399993896484375</ele>
        <time>2026-09-22T09:08:41.000Z</time>
      </trkpt>
      <trkpt lat="39.4669308699667453765869140625" lon="8.413819782435894012451171875">
        <ele>476</ele>
        <time>2026-09-22T09:08:47.000Z</time>
      </trkpt>
      <trkpt lat="39.46691318415105342864990234375" lon="8.41376856900751590728759765625">
        <ele>476.399993896484375</ele>
        <time>2026-09-22T09:08:50.000Z</time>
      </trkpt>
      <trkpt lat="39.46686373092234134674072265625" lon="8.41367729008197784423828125">
        <ele>477.79998779296875</ele>
        <time>2026-09-22T09:08:57.000Z</time>
      </trkpt>
      <trkpt lat="39.4668507389724254608154296875" lon="8.41359615325927734375">
        <ele>478</ele>
        <time>2026-09-22T09:09:03.000Z</time>
      </trkpt>
      <trkpt lat="39.46685400791466236114501953125" lon="8.4135862626135349273681640625">
        <ele>478</ele>
        <time>2026-09-22T09:09:04.000Z</time>
      </trkpt>
      <trkpt lat="39.46689910255372524261474609375" lon="8.41357142664492130279541015625">
        <ele>476.20001220703125</ele>
        <time>2026-09-22T09:09:11.000Z</time>
      </trkpt>
      <trkpt lat="39.4669179618358612060546875" lon="8.4135679900646209716796875">
        <ele>475.399993896484375</ele>
        <time>2026-09-22T09:09:18.000Z</time>
      </trkpt>
      <trkpt lat="39.4669462926685810089111328125" lon="8.41356539167463779449462890625">
        <ele>474.399993896484375</ele>
        <time>2026-09-22T09:09:21.000Z</time>
      </trkpt>
      <trkpt lat="39.4669570215046405792236328125" lon="8.41355659067630767822265625">
        <ele>473.79998779296875</ele>
        <time>2026-09-22T09:09:23.000Z</time>
      </trkpt>
      <trkpt lat="39.46698007173836231231689453125" lon="8.4135269187390804290771484375">
        <ele>472.79998779296875</ele>
        <time>2026-09-22T09:09:30.000Z</time>
      </trkpt>
      <trkpt lat="39.46700488217175006866455078125" lon="8.4135121665894985198974609375">
        <ele>471.600006103515625</ele>
        <time>2026-09-22T09:09:34.000Z</time>
      </trkpt>
      <trkpt lat="39.4670441932976245880126953125" lon="8.41352901421487331390380859375">
        <ele>470.399993896484375</ele>
        <time>2026-09-22T09:09:38.000Z</time>
      </trkpt>
      <trkpt lat="39.467108063399791717529296875" lon="8.41354980133473873138427734375">
        <ele>468.399993896484375</ele>
        <time>2026-09-22T09:09:46.000Z</time>
      </trkpt>
      <trkpt lat="39.46712977252900600433349609375" lon="8.41358668170869350433349609375">
        <ele>468</ele>
        <time>2026-09-22T09:09:50.000Z</time>
      </trkpt>
      <trkpt lat="39.467161707580089569091796875" lon="8.41361568309366703033447265625">
        <ele>467.20001220703125</ele>
        <time>2026-09-22T09:09:53.000Z</time>
      </trkpt>
      <trkpt lat="39.46718282997608184814453125" lon="8.41367837972939014434814453125">
        <ele>467</ele>
        <time>2026-09-22T09:09:58.000Z</time>
      </trkpt>
      <trkpt lat="39.4672021083533763885498046875" lon="8.413711152970790863037109375">
        <ele>466.79998779296875</ele>
        <time>2026-09-22T09:10:01.000Z</time>
      </trkpt>
      <trkpt lat="39.46724644862115383148193359375" lon="8.41375918127596378326416015625">
        <ele>466.399993896484375</ele>
        <time>2026-09-22T09:10:08.000Z</time>
      </trkpt>
      <trkpt lat="39.467268995940685272216796875" lon="8.41377309523522853851318359375">
        <ele>466.399993896484375</ele>
        <time>2026-09-22T09:10:13.000Z</time>
      </trkpt>
      <trkpt lat="39.4672872684895992279052734375" lon="8.41378030367195606231689453125">
        <ele>466.20001220703125</ele>
        <time>2026-09-22T09:10:14.000Z</time>
      </trkpt>
      <trkpt lat="39.467356503009796142578125" lon="8.41383176855742931365966796875">
        <ele>466</ele>
        <time>2026-09-22T09:10:21.000Z</time>
      </trkpt>
      <trkpt lat="39.46736530400812625885009765625" lon="8.4138407371938228607177734375">
        <ele>466</ele>
        <time>2026-09-22T09:10:22.000Z</time>
      </trkpt>
      <trkpt lat="39.467461444437503814697265625" lon="8.413917683064937591552734375">
        <ele>465.600006103515625</ele>
        <time>2026-09-22T09:10:31.000Z</time>
      </trkpt>
      <trkpt lat="39.46756546385586261749267578125" lon="8.4139748476445674896240234375">
        <ele>465.399993896484375</ele>
        <time>2026-09-22T09:10:40.000Z</time>
      </trkpt>
      <trkpt lat="39.46764106862246990203857421875" lon="8.413982056081295013427734375">
        <ele>465.600006103515625</ele>
        <time>2026-09-22T09:10:47.000Z</time>
      </trkpt>
      <trkpt lat="39.46771751157939434051513671875" lon="8.4139423258602619171142578125">
        <ele>465.79998779296875</ele>
        <time>2026-09-22T09:10:54.000Z</time>
      </trkpt>
      <trkpt lat="39.4677724130451679229736328125" lon="8.41391609050333499908447265625">
        <ele>466</ele>
        <time>2026-09-22T09:10:58.000Z</time>
      </trkpt>
      <trkpt lat="39.46783863008022308349609375" lon="8.4138568304479122161865234375">
        <ele>466.20001220703125</ele>
        <time>2026-09-22T09:11:05.000Z</time>
      </trkpt>
      <trkpt lat="39.46794399060308933258056640625" lon="8.41380997560918331146240234375">
        <ele>465.600006103515625</ele>
        <time>2026-09-22T09:11:15.000Z</time>
      </trkpt>
      <trkpt lat="39.46802227757871150970458984375" lon="8.41375641524791717529296875">
        <ele>465.600006103515625</ele>
        <time>2026-09-22T09:11:23.000Z</time>
      </trkpt>
      <trkpt lat="39.46806720457971096038818359375" lon="8.41374141164124011993408203125">
        <ele>465.600006103515625</ele>
        <time>2026-09-22T09:11:27.000Z</time>
      </trkpt>
      <trkpt lat="39.46809746325016021728515625" lon="8.41375566087663173675537109375">
        <ele>465.79998779296875</ele>
        <time>2026-09-22T09:11:30.000Z</time>
      </trkpt>
      <trkpt lat="39.46815236471593379974365234375" lon="8.4137720055878162384033203125">
        <ele>466</ele>
        <time>2026-09-22T09:11:35.000Z</time>
      </trkpt>
      <trkpt lat="39.4681687094271183013916015625" lon="8.4137733466923236846923828125">
        <ele>466</ele>
        <time>2026-09-22T09:11:37.000Z</time>
      </trkpt>
      <trkpt lat="39.4681894965469837188720703125" lon="8.41377862729132175445556640625">
        <ele>466</ele>
        <time>2026-09-22T09:11:39.000Z</time>
      </trkpt>
      <trkpt lat="39.46821673773229122161865234375" lon="8.4137787111103534698486328125">
        <ele>466</ele>
        <time>2026-09-22T09:11:42.000Z</time>
      </trkpt>
      <trkpt lat="39.46823920123279094696044921875" lon="8.41375934891402721405029296875">
        <ele>465.79998779296875</ele>
        <time>2026-09-22T09:11:45.000Z</time>
      </trkpt>
      <trkpt lat="39.46824339218437671661376953125" lon="8.41375918127596378326416015625">
        <ele>465.79998779296875</ele>
        <time>2026-09-22T09:11:46.000Z</time>
      </trkpt>
      <trkpt lat="39.4682478345930576324462890625" lon="8.41377996839582920074462890625">
        <ele>466</ele>
        <time>2026-09-22T09:11:53.000Z</time>
      </trkpt>
      <trkpt lat="39.4682491756975650787353515625" lon="8.4137798845767974853515625">
        <ele>466</ele>
        <time>2026-09-22T09:12:05.000Z</time>
      </trkpt>
      <trkpt lat="39.4682491756975650787353515625" lon="8.4137798845767974853515625">
        <ele>466</ele>
        <time>2026-09-22T09:12:08.000Z</time>
      </trkpt>
      <trkpt lat="39.46825177408754825592041015625" lon="8.41377762146294116973876953125">
        <ele>466</ele>
        <time>2026-09-22T09:12:15.000Z</time>
      </trkpt>
      <trkpt lat="39.46831564418971538543701171875" lon="8.4137160144746303558349609375">
        <ele>464.79998779296875</ele>
        <time>2026-09-22T09:12:29.000Z</time>
      </trkpt>
      <trkpt lat="39.46837197057902812957763671875" lon="8.4136603586375713348388671875">
        <ele>462.399993896484375</ele>
        <time>2026-09-22T09:12:35.000Z</time>
      </trkpt>
      <trkpt lat="39.4683822803199291229248046875" lon="8.41365516185760498046875">
        <ele>462</ele>
        <time>2026-09-22T09:12:36.000Z</time>
      </trkpt>
      <trkpt lat="39.46841790340840816497802734375" lon="8.4136201255023479461669921875">
        <ele>461.20001220703125</ele>
        <time>2026-09-22T09:12:41.000Z</time>
      </trkpt>
      <trkpt lat="39.46847297251224517822265625" lon="8.41356941498816013336181640625">
        <ele>459.79998779296875</ele>
        <time>2026-09-22T09:12:48.000Z</time>
      </trkpt>
      <trkpt lat="39.46853608824312686920166015625" lon="8.41353069059550762176513671875">
        <ele>457.79998779296875</ele>
        <time>2026-09-22T09:12:56.000Z</time>
      </trkpt>
      <trkpt lat="39.468581266701221466064453125" lon="8.4135250747203826904296875">
        <ele>457.20001220703125</ele>
        <time>2026-09-22T09:13:02.000Z</time>
      </trkpt>
      <trkpt lat="39.468591324985027313232421875" lon="8.413526751101016998291015625">
        <ele>457.20001220703125</ele>
        <time>2026-09-22T09:13:03.000Z</time>
      </trkpt>
      <trkpt lat="39.4686766527593135833740234375" lon="8.4135202132165431976318359375">
        <ele>455.20001220703125</ele>
        <time>2026-09-22T09:13:10.000Z</time>
      </trkpt>
      <trkpt lat="39.46872350759804248809814453125" lon="8.41351040638983249664306640625">
        <ele>453.79998779296875</ele>
        <time>2026-09-22T09:13:14.000Z</time>
      </trkpt>
      <trkpt lat="39.46875183843076229095458984375" lon="8.4134796448051929473876953125">
        <ele>452.600006103515625</ele>
        <time>2026-09-22T09:13:17.000Z</time>
      </trkpt>
      <trkpt lat="39.46883431635797023773193359375" lon="8.4134239889681339263916015625">
        <ele>451.399993896484375</ele>
        <time>2026-09-22T09:13:25.000Z</time>
      </trkpt>
      <trkpt lat="39.468890391290187835693359375" lon="8.41337160207331180572509765625">
        <ele>450.79998779296875</ele>
        <time>2026-09-22T09:13:32.000Z</time>
      </trkpt>
      <trkpt lat="39.46892517618834972381591796875" lon="8.41337688267230987548828125">
        <ele>449.79998779296875</ele>
        <time>2026-09-22T09:13:35.000Z</time>
      </trkpt>
      <trkpt lat="39.4689354859292507171630859375" lon="8.4133829176425933837890625">
        <ele>449.600006103515625</ele>
        <time>2026-09-22T09:13:37.000Z</time>
      </trkpt>
      <trkpt lat="39.4689408503472805023193359375" lon="8.4133921377360820770263671875">
        <ele>449.399993896484375</ele>
        <time>2026-09-22T09:13:38.000Z</time>
      </trkpt>
      <trkpt lat="39.4689559377729892730712890625" lon="8.4134142659604549407958984375">
        <ele>449</ele>
        <time>2026-09-22T09:13:40.000Z</time>
      </trkpt>
      <trkpt lat="39.46898804046213626861572265625" lon="8.413421809673309326171875">
        <ele>448.20001220703125</ele>
        <time>2026-09-22T09:13:43.000Z</time>
      </trkpt>
      <trkpt lat="39.469011090695858001708984375" lon="8.413405716419219970703125">
        <ele>448</ele>
        <time>2026-09-22T09:13:45.000Z</time>
      </trkpt>
      <trkpt lat="39.4690474681556224822998046875" lon="8.413372524082660675048828125">
        <ele>448</ele>
        <time>2026-09-22T09:13:49.000Z</time>
      </trkpt>
      <trkpt lat="39.46906666271388530731201171875" lon="8.413351736962795257568359375">
        <ele>447.79998779296875</ele>
        <time>2026-09-22T09:13:52.000Z</time>
      </trkpt>
      <trkpt lat="39.46914997883141040802001953125" lon="8.4133565984666347503662109375">
        <ele>446.600006103515625</ele>
        <time>2026-09-22T09:13:59.000Z</time>
      </trkpt>
      <trkpt lat="39.469157941639423370361328125" lon="8.41335047967731952667236328125">
        <ele>446.600006103515625</ele>
        <time>2026-09-22T09:14:00.000Z</time>
      </trkpt>
      <trkpt lat="39.4691856019198894500732421875" lon="8.41331628151237964630126953125">
        <ele>445.600006103515625</ele>
        <time>2026-09-22T09:14:05.000Z</time>
      </trkpt>
      <trkpt lat="39.46920680813491344451904296875" lon="8.413320221006870269775390625">
        <ele>444.600006103515625</ele>
        <time>2026-09-22T09:14:07.000Z</time>
      </trkpt>
      <trkpt lat="39.46925240568816661834716796875" lon="8.41331846080720424652099609375">
        <ele>442.399993896484375</ele>
        <time>2026-09-22T09:14:14.000Z</time>
      </trkpt>
      <trkpt lat="39.46926690638065338134765625" lon="8.41330471448600292205810546875">
        <ele>441.79998779296875</ele>
        <time>2026-09-22T09:14:18.000Z</time>
      </trkpt>
      <trkpt lat="39.46927520446479320526123046875" lon="8.413292728364467620849609375">
        <ele>441</ele>
        <time>2026-09-22T09:14:20.000Z</time>
      </trkpt>
      <trkpt lat="39.46928844787180423736572265625" lon="8.41326934285461902618408203125">
        <ele>439.79998779296875</ele>
        <time>2026-09-22T09:14:23.000Z</time>
      </trkpt>
      <trkpt lat="39.46929062716662883758544921875" lon="8.4132657386362552642822265625">
        <ele>439.600006103515625</ele>
        <time>2026-09-22T09:14:26.000Z</time>
      </trkpt>
      <trkpt lat="39.46929129771888256072998046875" lon="8.41325752437114715576171875">
        <ele>439.20001220703125</ele>
        <time>2026-09-22T09:14:30.000Z</time>
      </trkpt>
      <trkpt lat="39.46933404542505741119384765625" lon="8.41324352659285068511962890625">
        <ele>436.79998779296875</ele>
        <time>2026-09-22T09:14:37.000Z</time>
      </trkpt>
      <trkpt lat="39.4693602807819843292236328125" lon="8.41322894208133220672607421875">
        <ele>435.399993896484375</ele>
        <time>2026-09-22T09:14:44.000Z</time>
      </trkpt>
      <trkpt lat="39.4693606160581111907958984375" lon="8.4132104180753231048583984375">
        <ele>435.20001220703125</ele>
        <time>2026-09-22T09:14:50.000Z</time>
      </trkpt>
      <trkpt lat="39.46935500018298625946044921875" lon="8.41320413164794445037841796875">
        <ele>435.20001220703125</ele>
        <time>2026-09-22T09:14:51.000Z</time>
      </trkpt>
      <trkpt lat="39.46934259496629238128662109375" lon="8.41318384744226932525634765625">
        <ele>435.399993896484375</ele>
        <time>2026-09-22T09:14:56.000Z</time>
      </trkpt>
      <trkpt lat="39.46935349144041538238525390625" lon="8.4131587855517864227294921875">
        <ele>435</ele>
        <time>2026-09-22T09:15:01.000Z</time>
      </trkpt>
      <trkpt lat="39.4693844206631183624267578125" lon="8.413149230182170867919921875">
        <ele>434.20001220703125</ele>
        <time>2026-09-22T09:15:07.000Z</time>
      </trkpt>
      <trkpt lat="39.4693783856928348541259765625" lon="8.4130959212779998779296875">
        <ele>434</ele>
        <time>2026-09-22T09:15:14.000Z</time>
      </trkpt>
      <trkpt lat="39.46938685141503810882568359375" lon="8.4130863659083843231201171875">
        <ele>433.600006103515625</ele>
        <time>2026-09-22T09:15:16.000Z</time>
      </trkpt>
      <trkpt lat="39.4694243185222148895263671875" lon="8.4130967594683170318603515625">
        <ele>432.79998779296875</ele>
        <time>2026-09-22T09:15:21.000Z</time>
      </trkpt>
      <trkpt lat="39.46947184391319751739501953125" lon="8.41309382580220699310302734375">
        <ele>430.79998779296875</ele>
        <time>2026-09-22T09:15:28.000Z</time>
      </trkpt>
      <trkpt lat="39.4695188663899898529052734375" lon="8.41307555325329303741455078125">
        <ele>429.20001220703125</ele>
        <time>2026-09-22T09:15:36.000Z</time>
      </trkpt>
      <trkpt lat="39.469547532498836517333984375" lon="8.41304923407733440399169921875">
        <ele>428.399993896484375</ele>
        <time>2026-09-22T09:15:42.000Z</time>
      </trkpt>
      <trkpt lat="39.4696000032126903533935546875" lon="8.413036577403545379638671875">
        <ele>426.600006103515625</ele>
        <time>2026-09-22T09:15:50.000Z</time>
      </trkpt>
      <trkpt lat="39.469617269933223724365234375" lon="8.41301268897950649261474609375">
        <ele>425.399993896484375</ele>
        <time>2026-09-22T09:15:56.000Z</time>
      </trkpt>
      <trkpt lat="39.46965121664106845855712890625" lon="8.41297245584428310394287109375">
        <ele>423</ele>
        <time>2026-09-22T09:16:03.000Z</time>
      </trkpt>
      <trkpt lat="39.46970469318330287933349609375" lon="8.41294731013476848602294921875">
        <ele>421.399993896484375</ele>
        <time>2026-09-22T09:16:10.000Z</time>
      </trkpt>
      <trkpt lat="39.4697584211826324462890625" lon="8.41296851634979248046875">
        <ele>421</ele>
        <time>2026-09-22T09:16:14.000Z</time>
      </trkpt>
      <trkpt lat="39.46976873092353343963623046875" lon="8.4129757247865200042724609375">
        <ele>421</ele>
        <time>2026-09-22T09:16:15.000Z</time>
      </trkpt>
      <trkpt lat="39.4698387198150157928466796875" lon="8.413067422807216644287109375">
        <ele>420.600006103515625</ele>
        <time>2026-09-22T09:16:24.000Z</time>
      </trkpt>
      <trkpt lat="39.46985824964940547943115234375" lon="8.4130806662142276763916015625">
        <ele>420.20001220703125</ele>
        <time>2026-09-22T09:16:31.000Z</time>
      </trkpt>
      <trkpt lat="39.46981944143772125244140625" lon="8.4130478091537952423095703125">
        <ele>421.20001220703125</ele>
        <time>2026-09-22T09:16:43.000Z</time>
      </trkpt>
      <trkpt lat="39.4697488658130168914794921875" lon="8.4129696898162364959716796875">
        <ele>421.20001220703125</ele>
        <time>2026-09-22T09:16:51.000Z</time>
      </trkpt>
      <trkpt lat="39.46968792937695980072021484375" lon="8.41295502148568630218505859375">
        <ele>421.79998779296875</ele>
        <time>2026-09-22T09:16:57.000Z</time>
      </trkpt>
      <trkpt lat="39.46965239010751247406005859375" lon="8.412927277386188507080078125">
        <ele>421.79998779296875</ele>
        <time>2026-09-22T09:17:03.000Z</time>
      </trkpt>
      <trkpt lat="39.46963629685342311859130859375" lon="8.41290749609470367431640625">
        <ele>421.79998779296875</ele>
        <time>2026-09-22T09:17:06.000Z</time>
      </trkpt>
      <trkpt lat="39.4696350395679473876953125" lon="8.4129043109714984893798828125">
        <ele>421.600006103515625</ele>
        <time>2026-09-22T09:17:10.000Z</time>
      </trkpt>
      <trkpt lat="39.4696687348186969757080078125" lon="8.4129079990088939666748046875">
        <ele>421.20001220703125</ele>
        <time>2026-09-22T09:17:15.000Z</time>
      </trkpt>
      <trkpt lat="39.4696806371212005615234375" lon="8.41290925629436969757080078125">
        <ele>421</ele>
        <time>2026-09-22T09:17:16.000Z</time>
      </trkpt>
      <trkpt lat="39.469715841114521026611328125" lon="8.4128630720078945159912109375">
        <ele>419.399993896484375</ele>
        <time>2026-09-22T09:17:21.000Z</time>
      </trkpt>
      <trkpt lat="39.469746686518192291259765625" lon="8.41280213557183742523193359375">
        <ele>417.600006103515625</ele>
        <time>2026-09-22T09:17:28.000Z</time>
      </trkpt>
      <trkpt lat="39.46976579725742340087890625" lon="8.412716388702392578125">
        <ele>416.399993896484375</ele>
        <time>2026-09-22T09:17:36.000Z</time>
      </trkpt>
      <trkpt lat="39.46976956911385059356689453125" lon="8.41270373202860355377197265625">
        <ele>416</ele>
        <time>2026-09-22T09:17:41.000Z</time>
      </trkpt>
      <trkpt lat="39.46973201818764209747314453125" lon="8.4126629121601581573486328125">
        <ele>414.600006103515625</ele>
        <time>2026-09-22T09:17:47.000Z</time>
      </trkpt>
      <trkpt lat="39.46974140591919422149658203125" lon="8.41262645088136196136474609375">
        <ele>413.600006103515625</ele>
        <time>2026-09-22T09:17:50.000Z</time>
      </trkpt>
      <trkpt lat="39.469735957682132720947265625" lon="8.412598706781864166259765625">
        <ele>412.79998779296875</ele>
        <time>2026-09-22T09:17:54.000Z</time>
      </trkpt>
      <trkpt lat="39.46969312615692615509033203125" lon="8.41259426437318325042724609375">
        <ele>412.399993896484375</ele>
        <time>2026-09-22T09:18:00.000Z</time>
      </trkpt>
      <trkpt lat="39.4696922041475772857666015625" lon="8.4125831164419651031494140625">
        <ele>412.20001220703125</ele>
        <time>2026-09-22T09:18:01.000Z</time>
      </trkpt>
      <trkpt lat="39.4696714170277118682861328125" lon="8.41256492771208286285400390625">
        <ele>411.79998779296875</ele>
        <time>2026-09-22T09:18:06.000Z</time>
      </trkpt>
      <trkpt lat="39.46961701847612857818603515625" lon="8.41251513920724391937255859375">
        <ele>410.399993896484375</ele>
        <time>2026-09-22T09:18:14.000Z</time>
      </trkpt>
      <trkpt lat="39.4696378894150257110595703125" lon="8.41246937401592731475830078125">
        <ele>409</ele>
        <time>2026-09-22T09:18:20.000Z</time>
      </trkpt>
      <trkpt lat="39.46968373842537403106689453125" lon="8.41244204901158809661865234375">
        <ele>407.600006103515625</ele>
        <time>2026-09-22T09:18:27.000Z</time>
      </trkpt>
      <trkpt lat="39.46970452554523944854736328125" lon="8.412424027919769287109375">
        <ele>407.20001220703125</ele>
        <time>2026-09-22T09:18:29.000Z</time>
      </trkpt>
      <trkpt lat="39.4697515480220317840576171875" lon="8.41239125467836856842041015625">
        <ele>406.399993896484375</ele>
        <time>2026-09-22T09:18:34.000Z</time>
      </trkpt>
      <trkpt lat="39.469789601862430572509765625" lon="8.41234750114381313323974609375">
        <ele>405.20001220703125</ele>
        <time>2026-09-22T09:18:43.000Z</time>
      </trkpt>
      <trkpt lat="39.46980795823037624359130859375" lon="8.41231229715049266815185546875">
        <ele>404.20001220703125</ele>
        <time>2026-09-22T09:18:49.000Z</time>
      </trkpt>
      <trkpt lat="39.4698424078524112701416015625" lon="8.41225580312311649322509765625">
        <ele>402.399993896484375</ele>
        <time>2026-09-22T09:18:57.000Z</time>
      </trkpt>
      <trkpt lat="39.469854645431041717529296875" lon="8.4122528694570064544677734375">
        <ele>402.600006103515625</ele>
        <time>2026-09-22T09:19:03.000Z</time>
      </trkpt>
      <trkpt lat="39.4698430784046649932861328125" lon="8.412252701818943023681640625">
        <ele>402.399993896484375</ele>
        <time>2026-09-22T09:19:08.000Z</time>
      </trkpt>
      <trkpt lat="39.46983746252954006195068359375" lon="8.41224943287670612335205078125">
        <ele>402.20001220703125</ele>
        <time>2026-09-22T09:19:10.000Z</time>
      </trkpt>
      <trkpt lat="39.469834864139556884765625" lon="8.41224499046802520751953125">
        <ele>402</ele>
        <time>2026-09-22T09:19:14.000Z</time>
      </trkpt>
      <trkpt lat="39.469834864139556884765625" lon="8.41224499046802520751953125">
        <ele>402</ele>
        <time>2026-09-22T09:19:16.000Z</time>
      </trkpt>
      <trkpt lat="39.46983955800533294677734375" lon="8.4122253768146038055419921875">
        <ele>401.399993896484375</ele>
        <time>2026-09-22T09:19:19.000Z</time>
      </trkpt>
      <trkpt lat="39.4698836468160152435302734375" lon="8.4120936132967472076416015625">
        <ele>397.79998779296875</ele>
        <time>2026-09-22T09:19:27.000Z</time>
      </trkpt>
      <trkpt lat="39.46993670426309108734130859375" lon="8.41203418560326099395751953125">
        <ele>397</ele>
        <time>2026-09-22T09:19:36.000Z</time>
      </trkpt>
      <trkpt lat="39.4699647836387157440185546875" lon="8.41204055584967136383056640625">
        <ele>397.600006103515625</ele>
        <time>2026-09-22T09:19:39.000Z</time>
      </trkpt>
      <trkpt lat="39.47000778280198574066162109375" lon="8.4120312519371509552001953125">
        <ele>397.79998779296875</ele>
        <time>2026-09-22T09:19:45.000Z</time>
      </trkpt>
      <trkpt lat="39.47000987827777862548828125" lon="8.41202211566269397735595703125">
        <ele>397.600006103515625</ele>
        <time>2026-09-22T09:19:51.000Z</time>
      </trkpt>
      <trkpt lat="39.47005857713520526885986328125" lon="8.41202236711978912353515625">
        <ele>397.600006103515625</ele>
        <time>2026-09-22T09:19:58.000Z</time>
      </trkpt>
      <trkpt lat="39.4701183401048183441162109375" lon="8.41202094219624996185302734375">
        <ele>397.399993896484375</ele>
        <time>2026-09-22T09:20:06.000Z</time>
      </trkpt>
      <trkpt lat="39.47016519494354724884033203125" lon="8.41201976872980594635009765625">
        <ele>397</ele>
        <time>2026-09-22T09:20:11.000Z</time>
      </trkpt>
      <trkpt lat="39.4702232815325260162353515625" lon="8.41198959387838840484619140625">
        <ele>395.600006103515625</ele>
        <time>2026-09-22T09:20:17.000Z</time>
      </trkpt>
      <trkpt lat="39.47026862762868404388427734375" lon="8.41198909096419811248779296875">
        <ele>395.20001220703125</ele>
        <time>2026-09-22T09:20:23.000Z</time>
      </trkpt>
      <trkpt lat="39.47028882801532745361328125" lon="8.41200032271444797515869140625">
        <ele>395.600006103515625</ele>
        <time>2026-09-22T09:20:28.000Z</time>
      </trkpt>
      <trkpt lat="39.47031833231449127197265625" lon="8.4120426513254642486572265625">
        <ele>397.20001220703125</ele>
        <time>2026-09-22T09:20:34.000Z</time>
      </trkpt>
      <trkpt lat="39.470365941524505615234375" lon="8.41204759664833545684814453125">
        <ele>397.399993896484375</ele>
        <time>2026-09-22T09:20:40.000Z</time>
      </trkpt>
      <trkpt lat="39.47039167396724224090576171875" lon="8.4120463393628597259521484375">
        <ele>397.600006103515625</ele>
        <time>2026-09-22T09:20:44.000Z</time>
      </trkpt>
      <trkpt lat="39.470409192144870758056640625" lon="8.4120619297027587890625">
        <ele>398.20001220703125</ele>
        <time>2026-09-22T09:20:47.000Z</time>
      </trkpt>
      <trkpt lat="39.47044934146106243133544921875" lon="8.41205698437988758087158203125">
        <ele>397.79998779296875</ele>
        <time>2026-09-22T09:20:54.000Z</time>
      </trkpt>
      <trkpt lat="39.470462165772914886474609375" lon="8.4120560623705387115478515625">
        <ele>397.600006103515625</ele>
        <time>2026-09-22T09:20:55.000Z</time>
      </trkpt>
      <trkpt lat="39.470508098602294921875" lon="8.41206134296953678131103515625">
        <ele>397.79998779296875</ele>
        <time>2026-09-22T09:21:00.000Z</time>
      </trkpt>
      <trkpt lat="39.47054355405271053314208984375" lon="8.41205832548439502716064453125">
        <ele>397.399993896484375</ele>
        <time>2026-09-22T09:21:04.000Z</time>
      </trkpt>
      <trkpt lat="39.4705971144139766693115234375" lon="8.41203100048005580902099609375">
        <ele>396.20001220703125</ele>
        <time>2026-09-22T09:21:12.000Z</time>
      </trkpt>
      <trkpt lat="39.47061915881931781768798828125" lon="8.4120096266269683837890625">
        <ele>395.20001220703125</ele>
        <time>2026-09-22T09:21:18.000Z</time>
      </trkpt>
      <trkpt lat="39.47062536142766475677490234375" lon="8.4120010770857334136962890625">
        <ele>395</ele>
        <time>2026-09-22T09:21:19.000Z</time>
      </trkpt>
      <trkpt lat="39.47067632339894771575927734375" lon="8.4119719080626964569091796875">
        <ele>395</ele>
        <time>2026-09-22T09:21:25.000Z</time>
      </trkpt>
      <trkpt lat="39.47069585323333740234375" lon="8.411967717111110687255859375">
        <ele>395.20001220703125</ele>
        <time>2026-09-22T09:21:27.000Z</time>
      </trkpt>
      <trkpt lat="39.47076600976288318634033203125" lon="8.41191348619759082794189453125">
        <ele>395</ele>
        <time>2026-09-22T09:21:36.000Z</time>
      </trkpt>
      <trkpt lat="39.4707912392914295196533203125" lon="8.41190795414149761199951171875">
        <ele>395.20001220703125</ele>
        <time>2026-09-22T09:21:40.000Z</time>
      </trkpt>
      <trkpt lat="39.4707925803959369659423828125" lon="8.4119061939418315887451171875">
        <ele>395</ele>
        <time>2026-09-22T09:21:43.000Z</time>
      </trkpt>
      <trkpt lat="39.47080305777490139007568359375" lon="8.4118981473147869110107421875">
        <ele>395</ele>
        <time>2026-09-22T09:21:47.000Z</time>
      </trkpt>
      <trkpt lat="39.47081387042999267578125" lon="8.41190208680927753448486328125">
        <ele>395.20001220703125</ele>
        <time>2026-09-22T09:21:50.000Z</time>
      </trkpt>
      <trkpt lat="39.4708693586289882659912109375" lon="8.41190879233181476593017578125">
        <ele>395</ele>
        <time>2026-09-22T09:21:59.000Z</time>
      </trkpt>
      <trkpt lat="39.470904730260372161865234375" lon="8.4118850715458393096923828125">
        <ele>393.600006103515625</ele>
        <time>2026-09-22T09:22:05.000Z</time>
      </trkpt>
      <trkpt lat="39.47093951515853404998779296875" lon="8.411855734884738922119140625">
        <ele>392</ele>
        <time>2026-09-22T09:22:11.000Z</time>
      </trkpt>
      <trkpt lat="39.4709558598697185516357421875" lon="8.41184425167739391326904296875">
        <ele>391.399993896484375</ele>
        <time>2026-09-22T09:22:15.000Z</time>
      </trkpt>
      <trkpt lat="39.47097136639058589935302734375" lon="8.4118267334997653961181640625">
        <ele>390.399993896484375</ele>
        <time>2026-09-22T09:22:18.000Z</time>
      </trkpt>
      <trkpt lat="39.471000619232654571533203125" lon="8.41180854476988315582275390625">
        <ele>389.399993896484375</ele>
        <time>2026-09-22T09:22:25.000Z</time>
      </trkpt>
      <trkpt lat="39.47100958786904811859130859375" lon="8.41180452145636081695556640625">
        <ele>389.399993896484375</ele>
        <time>2026-09-22T09:22:31.000Z</time>
      </trkpt>
      <trkpt lat="39.47100422345101833343505859375" lon="8.4118082933127880096435546875">
        <ele>389.399993896484375</ele>
        <time>2026-09-22T09:22:34.000Z</time>
      </trkpt>
      <trkpt lat="39.4710007868707180023193359375" lon="8.411804772913455963134765625">
        <ele>389.399993896484375</ele>
        <time>2026-09-22T09:22:39.000Z</time>
      </trkpt>
      <trkpt lat="39.47104630060493946075439453125" lon="8.41175682842731475830078125">
        <ele>388.399993896484375</ele>
        <time>2026-09-22T09:23:05.000Z</time>
      </trkpt>
      <trkpt lat="39.4711680896580219268798828125" lon="8.41171114705502986907958984375">
        <ele>386.20001220703125</ele>
        <time>2026-09-22T09:23:14.000Z</time>
      </trkpt>
      <trkpt lat="39.47118879295885562896728515625" lon="8.41170796193182468414306640625">
        <ele>385.79998779296875</ele>
        <time>2026-09-22T09:23:16.000Z</time>
      </trkpt>
      <trkpt lat="39.471231959760189056396484375" lon="8.41170008294284343719482421875">
        <ele>385.399993896484375</ele>
        <time>2026-09-22T09:23:22.000Z</time>
      </trkpt>
      <trkpt lat="39.47129071690142154693603515625" lon="8.4117130748927593231201171875">
        <ele>385.20001220703125</ele>
        <time>2026-09-22T09:23:28.000Z</time>
      </trkpt>
      <trkpt lat="39.4713176228106021881103515625" lon="8.41170578263700008392333984375">
        <ele>385</ele>
        <time>2026-09-22T09:23:31.000Z</time>
      </trkpt>
      <trkpt lat="39.47132726199924945831298828125" lon="8.4117065370082855224609375">
        <ele>384.79998779296875</ele>
        <time>2026-09-22T09:23:33.000Z</time>
      </trkpt>
      <trkpt lat="39.47137705050408840179443359375" lon="8.41172338463366031646728515625">
        <ele>384.600006103515625</ele>
        <time>2026-09-22T09:23:43.000Z</time>
      </trkpt>
      <trkpt lat="39.4714249111711978912353515625" lon="8.4117140807211399078369140625">
        <ele>383.79998779296875</ele>
        <time>2026-09-22T09:23:50.000Z</time>
      </trkpt>
      <trkpt lat="39.47145785205066204071044921875" lon="8.4116761945188045501708984375">
        <ele>382.79998779296875</ele>
        <time>2026-09-22T09:23:57.000Z</time>
      </trkpt>
      <trkpt lat="39.4715147651731967926025390625" lon="8.4116748534142971038818359375">
        <ele>381.79998779296875</ele>
        <time>2026-09-22T09:24:04.000Z</time>
      </trkpt>
      <trkpt lat="39.471556507050991058349609375" lon="8.41168046928942203521728515625">
        <ele>381.20001220703125</ele>
        <time>2026-09-22T09:24:08.000Z</time>
      </trkpt>
      <trkpt lat="39.4716274179518222808837890625" lon="8.41166722588241100311279296875">
        <ele>379.79998779296875</ele>
        <time>2026-09-22T09:24:13.000Z</time>
      </trkpt>
      <trkpt lat="39.47165717370808124542236328125" lon="8.4116839058697223663330078125">
        <ele>379.399993896484375</ele>
        <time>2026-09-22T09:24:17.000Z</time>
      </trkpt>
      <trkpt lat="39.47167863138020038604736328125" lon="8.41168197803199291229248046875">
        <ele>378.79998779296875</ele>
        <time>2026-09-22T09:24:19.000Z</time>
      </trkpt>
      <trkpt lat="39.4717940501868724822998046875" lon="8.411665968596935272216796875">
        <ele>376.20001220703125</ele>
        <time>2026-09-22T09:24:30.000Z</time>
      </trkpt>
      <trkpt lat="39.47185657918453216552734375" lon="8.41168700717389583587646484375">
        <ele>374.79998779296875</ele>
        <time>2026-09-22T09:24:37.000Z</time>
      </trkpt>
      <trkpt lat="39.4718805514276027679443359375" lon="8.41168566606938838958740234375">
        <ele>374.399993896484375</ele>
        <time>2026-09-22T09:24:39.000Z</time>
      </trkpt>
      <trkpt lat="39.47197166271507740020751953125" lon="8.4116574190557003021240234375">
        <ele>372</ele>
        <time>2026-09-22T09:24:47.000Z</time>
      </trkpt>
      <trkpt lat="39.47204207070171833038330078125" lon="8.4116228856146335601806640625">
        <ele>369.399993896484375</ele>
        <time>2026-09-22T09:24:54.000Z</time>
      </trkpt>
      <trkpt lat="39.47206201963126659393310546875" lon="8.411606289446353912353515625">
        <ele>368.399993896484375</ele>
        <time>2026-09-22T09:24:56.000Z</time>
      </trkpt>
      <trkpt lat="39.472115077078342437744140625" lon="8.411545939743518829345703125">
        <ele>365.399993896484375</ele>
        <time>2026-09-22T09:25:03.000Z</time>
      </trkpt>
      <trkpt lat="39.47220467962324619293212890625" lon="8.41152590699493885040283203125">
        <ele>362.79998779296875</ele>
        <time>2026-09-22T09:25:11.000Z</time>
      </trkpt>
      <trkpt lat="39.472214318811893463134765625" lon="8.41152205131947994232177734375">
        <ele>362.399993896484375</ele>
        <time>2026-09-22T09:25:12.000Z</time>
      </trkpt>
      <trkpt lat="39.47227290831506252288818359375" lon="8.41149774380028247833251953125">
        <ele>360.399993896484375</ele>
        <time>2026-09-22T09:25:17.000Z</time>
      </trkpt>
      <trkpt lat="39.4723063521087169647216796875" lon="8.4114731848239898681640625">
        <ele>359</ele>
        <time>2026-09-22T09:25:21.000Z</time>
      </trkpt>
      <trkpt lat="39.47233711369335651397705078125" lon="8.4114649705588817596435546875">
        <ele>358.20001220703125</ele>
        <time>2026-09-22T09:25:24.000Z</time>
      </trkpt>
      <trkpt lat="39.47234868071973323822021484375" lon="8.4114696644246578216552734375">
        <ele>358.20001220703125</ele>
        <time>2026-09-22T09:25:25.000Z</time>
      </trkpt>
      <trkpt lat="39.47240651585161685943603515625" lon="8.4114740230143070220947265625">
        <ele>357.20001220703125</ele>
        <time>2026-09-22T09:25:32.000Z</time>
      </trkpt>
      <trkpt lat="39.4724055938422679901123046875" lon="8.4114763699471950531005859375">
        <ele>357.20001220703125</ele>
        <time>2026-09-22T09:25:46.000Z</time>
      </trkpt>
      <trkpt lat="39.4724055938422679901123046875" lon="8.4114763699471950531005859375">
        <ele>357.20001220703125</ele>
        <time>2026-09-22T09:25:51.000Z</time>
      </trkpt>
      <trkpt lat="39.47243400849401950836181640625" lon="8.41147108934819698333740234375">
        <ele>356.600006103515625</ele>
        <time>2026-09-22T09:26:05.000Z</time>
      </trkpt>
      <trkpt lat="39.4724850542843341827392578125" lon="8.4115025214850902557373046875">
        <ele>356.20001220703125</ele>
        <time>2026-09-22T09:26:11.000Z</time>
      </trkpt>
      <trkpt lat="39.47250626049935817718505859375" lon="8.4115025214850902557373046875">
        <ele>355.600006103515625</ele>
        <time>2026-09-22T09:26:14.000Z</time>
      </trkpt>
      <trkpt lat="39.4725373573601245880126953125" lon="8.41151216067373752593994140625">
        <ele>354.600006103515625</ele>
        <time>2026-09-22T09:26:20.000Z</time>
      </trkpt>
      <trkpt lat="39.47255135513842105865478515625" lon="8.4115166030824184417724609375">
        <ele>354.20001220703125</ele>
        <time>2026-09-22T09:26:23.000Z</time>
      </trkpt>
      <trkpt lat="39.47258211672306060791015625" lon="8.4115189500153064727783203125">
        <ele>353.399993896484375</ele>
        <time>2026-09-22T09:26:27.000Z</time>
      </trkpt>
      <trkpt lat="39.472631402313709259033203125" lon="8.41155490837991237640380859375">
        <ele>352.20001220703125</ele>
        <time>2026-09-22T09:26:32.000Z</time>
      </trkpt>
      <trkpt lat="39.472641460597515106201171875" lon="8.41155700385570526123046875">
        <ele>352</ele>
        <time>2026-09-22T09:26:33.000Z</time>
      </trkpt>
      <trkpt lat="39.472669623792171478271484375" lon="8.41155189089477062225341796875">
        <ele>351</ele>
        <time>2026-09-22T09:26:36.000Z</time>
      </trkpt>
      <trkpt lat="39.47267876006662845611572265625" lon="8.4115536510944366455078125">
        <ele>350.600006103515625</ele>
        <time>2026-09-22T09:26:37.000Z</time>
      </trkpt>
      <trkpt lat="39.47269787080585956573486328125" lon="8.411564715206623077392578125">
        <ele>350.20001220703125</ele>
        <time>2026-09-22T09:26:39.000Z</time>
      </trkpt>
      <trkpt lat="39.47271765209734439849853515625" lon="8.41157309710979461669921875">
        <ele>349.79998779296875</ele>
        <time>2026-09-22T09:26:41.000Z</time>
      </trkpt>
      <trkpt lat="39.47272754274308681488037109375" lon="8.4115809760987758636474609375">
        <ele>349.600006103515625</ele>
        <time>2026-09-22T09:26:42.000Z</time>
      </trkpt>
      <trkpt lat="39.472733996808528900146484375" lon="8.411590866744518280029296875">
        <ele>349.399993896484375</ele>
        <time>2026-09-22T09:26:43.000Z</time>
      </trkpt>
      <trkpt lat="39.4727968610823154449462890625" lon="8.41160595417022705078125">
        <ele>348</ele>
        <time>2026-09-22T09:26:49.000Z</time>
      </trkpt>
      <trkpt lat="39.4728548638522624969482421875" lon="8.4116004221141338348388671875">
        <ele>346.79998779296875</ele>
        <time>2026-09-22T09:26:54.000Z</time>
      </trkpt>
      <trkpt lat="39.4729100167751312255859375" lon="8.41160955838859081268310546875">
        <ele>345.600006103515625</ele>
        <time>2026-09-22T09:26:58.000Z</time>
      </trkpt>
      <trkpt lat="39.472978413105010986328125" lon="8.41163034550845623016357421875">
        <ele>344.399993896484375</ele>
        <time>2026-09-22T09:27:04.000Z</time>
      </trkpt>
      <trkpt lat="39.47303834371268749237060546875" lon="8.4115873463451862335205078125">
        <ele>342.20001220703125</ele>
        <time>2026-09-22T09:27:11.000Z</time>
      </trkpt>
      <trkpt lat="39.4730456359684467315673828125" lon="8.4115856699645519256591796875">
        <ele>342</ele>
        <time>2026-09-22T09:27:12.000Z</time>
      </trkpt>
      <trkpt lat="39.47312534786760807037353515625" lon="8.411603607237339019775390625">
        <ele>341</ele>
        <time>2026-09-22T09:27:20.000Z</time>
      </trkpt>
      <trkpt lat="39.4731921516358852386474609375" lon="8.41160553507506847381591796875">
        <ele>339.79998779296875</ele>
        <time>2026-09-22T09:27:26.000Z</time>
      </trkpt>
      <trkpt lat="39.47320313192903995513916015625" lon="8.411614000797271728515625">
        <ele>339.79998779296875</ele>
        <time>2026-09-22T09:27:27.000Z</time>
      </trkpt>
      <trkpt lat="39.47321989573538303375244140625" lon="8.41164392419159412384033203125">
        <ele>339.79998779296875</ele>
        <time>2026-09-22T09:27:29.000Z</time>
      </trkpt>
      <trkpt lat="39.4732354022562503814697265625" lon="8.4116651304066181182861328125">
        <ele>339.399993896484375</ele>
        <time>2026-09-22T09:27:31.000Z</time>
      </trkpt>
      <trkpt lat="39.4732424430549144744873046875" lon="8.4116691537201404571533203125">
        <ele>339.20001220703125</ele>
        <time>2026-09-22T09:27:32.000Z</time>
      </trkpt>
      <trkpt lat="39.473255015909671783447265625" lon="8.41166873462498188018798828125">
        <ele>339</ele>
        <time>2026-09-22T09:27:34.000Z</time>
      </trkpt>
      <trkpt lat="39.47331570088863372802734375" lon="8.411688767373561859130859375">
        <ele>337.600006103515625</ele>
        <time>2026-09-22T09:27:40.000Z</time>
      </trkpt>
      <trkpt lat="39.4733269326388835906982421875" lon="8.4116929583251476287841796875">
        <ele>337.399993896484375</ele>
        <time>2026-09-22T09:27:41.000Z</time>
      </trkpt>
      <trkpt lat="39.47343103587627410888671875" lon="8.4116916172206401824951171875">
        <ele>336</ele>
        <time>2026-09-22T09:27:50.000Z</time>
      </trkpt>
      <trkpt lat="39.4734731130301952362060546875" lon="8.411684073507785797119140625">
        <ele>335.20001220703125</ele>
        <time>2026-09-22T09:27:57.000Z</time>
      </trkpt>
      <trkpt lat="39.47352114133536815643310546875" lon="8.41165314428508281707763671875">
        <ele>334.399993896484375</ele>
        <time>2026-09-22T09:28:04.000Z</time>
      </trkpt>
      <trkpt lat="39.47355173528194427490234375" lon="8.4115912020206451416015625">
        <ele>333.399993896484375</ele>
        <time>2026-09-22T09:28:10.000Z</time>
      </trkpt>
      <trkpt lat="39.47360194288194179534912109375" lon="8.411554656922817230224609375">
        <ele>332</ele>
        <time>2026-09-22T09:28:17.000Z</time>
      </trkpt>
      <trkpt lat="39.47367033921182155609130859375" lon="8.411507047712802886962890625">
        <ele>330.20001220703125</ele>
        <time>2026-09-22T09:28:26.000Z</time>
      </trkpt>
      <trkpt lat="39.4737570919096469879150390625" lon="8.4114592708647251129150390625">
        <ele>327.79998779296875</ele>
        <time>2026-09-22T09:28:36.000Z</time>
      </trkpt>
      <trkpt lat="39.473766982555389404296875" lon="8.41145038604736328125">
        <ele>327.399993896484375</ele>
        <time>2026-09-22T09:28:37.000Z</time>
      </trkpt>
      <trkpt lat="39.47381232865154743194580078125" lon="8.41144829057157039642333984375">
        <ele>326.399993896484375</ele>
        <time>2026-09-22T09:28:41.000Z</time>
      </trkpt>
      <trkpt lat="39.4738177768886089324951171875" lon="8.41144963167607784271240234375">
        <ele>326.399993896484375</ele>
        <time>2026-09-22T09:28:43.000Z</time>
      </trkpt>
      <trkpt lat="39.4738166034221649169921875" lon="8.41144711710512638092041015625">
        <ele>326.20001220703125</ele>
        <time>2026-09-22T09:28:45.000Z</time>
      </trkpt>
      <trkpt lat="39.47381484322249889373779296875" lon="8.4114458598196506500244140625">
        <ele>326.399993896484375</ele>
        <time>2026-09-22T09:28:46.000Z</time>
      </trkpt>
      <trkpt lat="39.4738492928445339202880859375" lon="8.4114141762256622314453125">
        <ele>325.20001220703125</ele>
        <time>2026-09-22T09:28:52.000Z</time>
      </trkpt>
      <trkpt lat="39.4738663919270038604736328125" lon="8.41139682568609714508056640625">
        <ele>324.600006103515625</ele>
        <time>2026-09-22T09:28:54.000Z</time>
      </trkpt>
      <trkpt lat="39.47389413602650165557861328125" lon="8.41140939854085445404052734375">
        <ele>324</ele>
        <time>2026-09-22T09:28:57.000Z</time>
      </trkpt>
      <trkpt lat="39.4739354588091373443603515625" lon="8.4114005975425243377685546875">
        <ele>322.399993896484375</ele>
        <time>2026-09-22T09:29:04.000Z</time>
      </trkpt>
      <trkpt lat="39.47397409938275814056396484375" lon="8.41135156340897083282470703125">
        <ele>321</ele>
        <time>2026-09-22T09:29:12.000Z</time>
      </trkpt>
      <trkpt lat="39.47402925230562686920166015625" lon="8.41132231056690216064453125">
        <ele>318.79998779296875</ele>
        <time>2026-09-22T09:29:21.000Z</time>
      </trkpt>
      <trkpt lat="39.47408088482916355133056640625" lon="8.4113167785108089447021484375">
        <ele>317.20001220703125</ele>
        <time>2026-09-22T09:29:28.000Z</time>
      </trkpt>
      <trkpt lat="39.47414794005453586578369140625" lon="8.411315269768238067626953125">
        <ele>316</ele>
        <time>2026-09-22T09:29:35.000Z</time>
      </trkpt>
      <trkpt lat="39.47418616153299808502197265625" lon="8.41128249652683734893798828125">
        <ele>314.399993896484375</ele>
        <time>2026-09-22T09:29:41.000Z</time>
      </trkpt>
      <trkpt lat="39.47421264834702014923095703125" lon="8.4112559258937835693359375">
        <ele>313</ele>
        <time>2026-09-22T09:29:47.000Z</time>
      </trkpt>
      <trkpt lat="39.47424617595970630645751953125" lon="8.41123824007809162139892578125">
        <ele>311.20001220703125</ele>
        <time>2026-09-22T09:29:54.000Z</time>
      </trkpt>
      <trkpt lat="39.47431239299476146697998046875" lon="8.41124528087675571441650390625">
        <ele>307.79998779296875</ele>
        <time>2026-09-22T09:30:02.000Z</time>
      </trkpt>
      <trkpt lat="39.47437341324985027313232421875" lon="8.4112614579498767852783203125">
        <ele>305</ele>
        <time>2026-09-22T09:30:09.000Z</time>
      </trkpt>
      <trkpt lat="39.47439537383615970611572265625" lon="8.41125450097024440765380859375">
        <ele>304</ele>
        <time>2026-09-22T09:30:16.000Z</time>
      </trkpt>
      <trkpt lat="39.4744571484625339508056640625" lon="8.4112617932260036468505859375">
        <ele>301</ele>
        <time>2026-09-22T09:30:23.000Z</time>
      </trkpt>
      <trkpt lat="39.4745024107396602630615234375" lon="8.41124276630580425262451171875">
        <ele>298.79998779296875</ele>
        <time>2026-09-22T09:30:30.000Z</time>
      </trkpt>
      <trkpt lat="39.4745407998561859130859375" lon="8.411244191229343414306640625">
        <ele>296.79998779296875</ele>
        <time>2026-09-22T09:30:36.000Z</time>
      </trkpt>
      <trkpt lat="39.47457424364984035491943359375" lon="8.4112383238971233367919921875">
        <ele>295.20001220703125</ele>
        <time>2026-09-22T09:30:42.000Z</time>
      </trkpt>
      <trkpt lat="39.4746321626007556915283203125" lon="8.4112349711358547210693359375">
        <ele>292.20001220703125</ele>
        <time>2026-09-22T09:30:49.000Z</time>
      </trkpt>
      <trkpt lat="39.47471992112696170806884765625" lon="8.41116137802600860595703125">
        <ele>287.79998779296875</ele>
        <time>2026-09-22T09:31:01.000Z</time>
      </trkpt>
      <trkpt lat="39.4748068414628505706787109375" lon="8.41111242771148681640625">
        <ele>284.399993896484375</ele>
        <time>2026-09-22T09:31:11.000Z</time>
      </trkpt>
      <trkpt lat="39.4748152233660221099853515625" lon="8.4111110866069793701171875">
        <ele>284</ele>
        <time>2026-09-22T09:31:12.000Z</time>
      </trkpt>
      <trkpt lat="39.47482301853597164154052734375" lon="8.41110949404537677764892578125">
        <ele>283.79998779296875</ele>
        <time>2026-09-22T09:31:13.000Z</time>
      </trkpt>
      <trkpt lat="39.4748494215309619903564453125" lon="8.41111100278794765472412109375">
        <ele>282.600006103515625</ele>
        <time>2026-09-22T09:31:16.000Z</time>
      </trkpt>
      <trkpt lat="39.4748799316585063934326171875" lon="8.4111239947378635406494140625">
        <ele>281.399993896484375</ele>
        <time>2026-09-22T09:31:20.000Z</time>
      </trkpt>
      <trkpt lat="39.47491069324314594268798828125" lon="8.4110931493341922760009765625">
        <ele>280.20001220703125</ele>
        <time>2026-09-22T09:31:26.000Z</time>
      </trkpt>
      <trkpt lat="39.4749406166374683380126953125" lon="8.41108451597392559051513671875">
        <ele>279</ele>
        <time>2026-09-22T09:31:31.000Z</time>
      </trkpt>
      <trkpt lat="39.47501219809055328369140625" lon="8.41110195033252239227294921875">
        <ele>276</ele>
        <time>2026-09-22T09:31:39.000Z</time>
      </trkpt>
      <trkpt lat="39.47506441734731197357177734375" lon="8.4111102484166622161865234375">
        <ele>273.399993896484375</ele>
        <time>2026-09-22T09:31:46.000Z</time>
      </trkpt>
      <trkpt lat="39.4750941731035709381103515625" lon="8.41107764281332492828369140625">
        <ele>271.399993896484375</ele>
        <time>2026-09-22T09:31:53.000Z</time>
      </trkpt>
      <trkpt lat="39.47513700462877750396728515625" lon="8.4110549278557300567626953125">
        <ele>268.79998779296875</ele>
        <time>2026-09-22T09:32:01.000Z</time>
      </trkpt>
      <trkpt lat="39.47518260218203067779541015625" lon="8.41106138192117214202880859375">
        <ele>266.399993896484375</ele>
        <time>2026-09-22T09:32:09.000Z</time>
      </trkpt>
      <trkpt lat="39.47521512396633625030517578125" lon="8.41100421734154224395751953125">
        <ele>263.79998779296875</ele>
        <time>2026-09-22T09:32:17.000Z</time>
      </trkpt>
      <trkpt lat="39.4752408564090728759765625" lon="8.41101787984371185302734375">
        <ele>262.600006103515625</ele>
        <time>2026-09-22T09:32:23.000Z</time>
      </trkpt>
      <trkpt lat="39.4752544350922107696533203125" lon="8.4110198915004730224609375">
        <ele>262</ele>
        <time>2026-09-22T09:32:29.000Z</time>
      </trkpt>
      <trkpt lat="39.47526055388152599334716796875" lon="8.4110234118998050689697265625">
        <ele>261.600006103515625</ele>
        <time>2026-09-22T09:32:31.000Z</time>
      </trkpt>
      <trkpt lat="39.47526591829955577850341796875" lon="8.4110270999372005462646484375">
        <ele>261.399993896484375</ele>
        <time>2026-09-22T09:32:32.000Z</time>
      </trkpt>
      <trkpt lat="39.47528184391558170318603515625" lon="8.41103263199329376220703125">
        <ele>260.79998779296875</ele>
        <time>2026-09-22T09:32:35.000Z</time>
      </trkpt>
      <trkpt lat="39.47530045174062252044677734375" lon="8.41100438497960567474365234375">
        <ele>259.600006103515625</ele>
        <time>2026-09-22T09:32:39.000Z</time>
      </trkpt>
      <trkpt lat="39.47531704790890216827392578125" lon="8.41098963283002376556396484375">
        <ele>258.600006103515625</ele>
        <time>2026-09-22T09:32:42.000Z</time>
      </trkpt>
      <trkpt lat="39.4753315486013889312744140625" lon="8.41098971664905548095703125">
        <ele>258</ele>
        <time>2026-09-22T09:32:45.000Z</time>
      </trkpt>
      <trkpt lat="39.47535661049187183380126953125" lon="8.410975970327854156494140625">
        <ele>256.79998779296875</ele>
        <time>2026-09-22T09:32:50.000Z</time>
      </trkpt>
      <trkpt lat="39.47538091801106929779052734375" lon="8.41096431948244571685791015625">
        <ele>255.399993896484375</ele>
        <time>2026-09-22T09:32:53.000Z</time>
      </trkpt>
      <trkpt lat="39.47542299516499042510986328125" lon="8.410992063581943511962890625">
        <ele>254</ele>
        <time>2026-09-22T09:33:00.000Z</time>
      </trkpt>
      <trkpt lat="39.4754760526120662689208984375" lon="8.41100455261766910552978515625">
        <ele>252</ele>
        <time>2026-09-22T09:33:08.000Z</time>
      </trkpt>
      <trkpt lat="39.4755010306835174560546875" lon="8.41100513935089111328125">
        <ele>251</ele>
        <time>2026-09-22T09:33:14.000Z</time>
      </trkpt>
      <trkpt lat="39.47556397877633571624755859375" lon="8.41092576272785663604736328125">
        <ele>247.8000030517578125</ele>
        <time>2026-09-22T09:33:27.000Z</time>
      </trkpt>
      <trkpt lat="39.4756121747195720672607421875" lon="8.41091469861567020416259765625">
        <ele>246</ele>
        <time>2026-09-22T09:33:37.000Z</time>
      </trkpt>
      <trkpt lat="39.47565500624477863311767578125" lon="8.41098167002201080322265625">
        <ele>245.399993896484375</ele>
        <time>2026-09-22T09:33:44.000Z</time>
      </trkpt>
      <trkpt lat="39.4756995141506195068359375" lon="8.41097203083336353302001953125">
        <ele>243.8000030517578125</ele>
        <time>2026-09-22T09:33:50.000Z</time>
      </trkpt>
      <trkpt lat="39.4757328741252422332763671875" lon="8.410909585654735565185546875">
        <ele>243</ele>
        <time>2026-09-22T09:33:56.000Z</time>
      </trkpt>
      <trkpt lat="39.47574016638100147247314453125" lon="8.41090396977961063385009765625">
        <ele>242.8000030517578125</ele>
        <time>2026-09-22T09:33:57.000Z</time>
      </trkpt>
      <trkpt lat="39.4757959060370922088623046875" lon="8.41088754124939441680908203125">
        <ele>241.600006103515625</ele>
        <time>2026-09-22T09:34:04.000Z</time>
      </trkpt>
      <trkpt lat="39.47583831846714019775390625" lon="8.41089206747710704803466796875">
        <ele>240.600006103515625</ele>
        <time>2026-09-22T09:34:09.000Z</time>
      </trkpt>
      <trkpt lat="39.47584636509418487548828125" lon="8.410898186266422271728515625">
        <ele>240.399993896484375</ele>
        <time>2026-09-22T09:34:10.000Z</time>
      </trkpt>
      <trkpt lat="39.47586656548082828521728515625" lon="8.41090011410415172576904296875">
        <ele>239.8000030517578125</ele>
        <time>2026-09-22T09:34:13.000Z</time>
      </trkpt>
      <trkpt lat="39.475891292095184326171875" lon="8.4108836017549037933349609375">
        <ele>239</ele>
        <time>2026-09-22T09:34:16.000Z</time>
      </trkpt>
      <trkpt lat="39.47595105506479740142822265625" lon="8.4108755551278591156005859375">
        <ele>237.1999969482421875</ele>
        <time>2026-09-22T09:34:23.000Z</time>
      </trkpt>
      <trkpt lat="39.47600805200636386871337890625" lon="8.41083322651684284210205078125">
        <ele>235.600006103515625</ele>
        <time>2026-09-22T09:34:30.000Z</time>
      </trkpt>
      <trkpt lat="39.47602816857397556304931640625" lon="8.410800285637378692626953125">
        <ele>235</ele>
        <time>2026-09-22T09:34:34.000Z</time>
      </trkpt>
      <trkpt lat="39.47604895569384098052978515625" lon="8.41077974997460842132568359375">
        <ele>234</ele>
        <time>2026-09-22T09:34:37.000Z</time>
      </trkpt>
      <trkpt lat="39.4760902784764766693115234375" lon="8.4107464738190174102783203125">
        <ele>232.399993896484375</ele>
        <time>2026-09-22T09:34:42.000Z</time>
      </trkpt>
      <trkpt lat="39.4761204533278942108154296875" lon="8.41074203141033649444580078125">
        <ele>231.399993896484375</ele>
        <time>2026-09-22T09:34:46.000Z</time>
      </trkpt>
      <trkpt lat="39.476156495511531829833984375" lon="8.4107149578630924224853515625">
        <ele>229.399993896484375</ele>
        <time>2026-09-22T09:34:53.000Z</time>
      </trkpt>
      <trkpt lat="39.47620117105543613433837890625" lon="8.410674892365932464599609375">
        <ele>226.8000030517578125</ele>
        <time>2026-09-22T09:35:00.000Z</time>
      </trkpt>
      <trkpt lat="39.4762579165399074554443359375" lon="8.41062971390783786773681640625">
        <ele>224.600006103515625</ele>
        <time>2026-09-22T09:35:08.000Z</time>
      </trkpt>
      <trkpt lat="39.4763078726828098297119140625" lon="8.410573303699493408203125">
        <ele>223.1999969482421875</ele>
        <time>2026-09-22T09:35:15.000Z</time>
      </trkpt>
      <trkpt lat="39.47633779607713222503662109375" lon="8.4105164743959903717041015625">
        <ele>222</ele>
        <time>2026-09-22T09:35:22.000Z</time>
      </trkpt>
      <trkpt lat="39.4763380475342273712158203125" lon="8.4105007164180278778076171875">
        <ele>221.600006103515625</ele>
        <time>2026-09-22T09:35:23.000Z</time>
      </trkpt>
      <trkpt lat="39.47633997537195682525634765625" lon="8.41048135422170162200927734375">
        <ele>221.1999969482421875</ele>
        <time>2026-09-22T09:35:25.000Z</time>
      </trkpt>
      <trkpt lat="39.476348944008350372314453125" lon="8.41045905835926532745361328125">
        <ele>220.600006103515625</ele>
        <time>2026-09-22T09:35:29.000Z</time>
      </trkpt>
      <trkpt lat="39.4763739220798015594482421875" lon="8.4104517661035060882568359375">
        <ele>219.8000030517578125</ele>
        <time>2026-09-22T09:35:35.000Z</time>
      </trkpt>
      <trkpt lat="39.4764020852744579315185546875" lon="8.41043776832520961761474609375">
        <ele>218.600006103515625</ele>
        <time>2026-09-22T09:35:41.000Z</time>
      </trkpt>
      <trkpt lat="39.47642035782337188720703125" lon="8.41046676971018314361572265625">
        <ele>218.600006103515625</ele>
        <time>2026-09-22T09:35:50.000Z</time>
      </trkpt>
      <trkpt lat="39.4764577411115169525146484375" lon="8.41045436449348926544189453125">
        <ele>217.1999969482421875</ele>
        <time>2026-09-22T09:35:58.000Z</time>
      </trkpt>
      <trkpt lat="39.4764872454106807708740234375" lon="8.410447575151920318603515625">
        <ele>216.1999969482421875</ele>
        <time>2026-09-22T09:36:02.000Z</time>
      </trkpt>
      <trkpt lat="39.47650526650249958038330078125" lon="8.41044782660901546478271484375">
        <ele>215.600006103515625</ele>
        <time>2026-09-22T09:36:05.000Z</time>
      </trkpt>
      <trkpt lat="39.4765754230320453643798828125" lon="8.41045939363539218902587890625">
        <ele>213.399993896484375</ele>
        <time>2026-09-22T09:36:15.000Z</time>
      </trkpt>
      <trkpt lat="39.47663493454456329345703125" lon="8.4104420430958271026611328125">
        <ele>211.399993896484375</ele>
        <time>2026-09-22T09:36:24.000Z</time>
      </trkpt>
      <trkpt lat="39.47667927481234073638916015625" lon="8.41045084409415721893310546875">
        <ele>210.1999969482421875</ele>
        <time>2026-09-22T09:36:31.000Z</time>
      </trkpt>
      <trkpt lat="39.4767205975949764251708984375" lon="8.41049023903906345367431640625">
        <ele>209.1999969482421875</ele>
        <time>2026-09-22T09:36:36.000Z</time>
      </trkpt>
      <trkpt lat="39.47674633003771305084228515625" lon="8.4104973636567592620849609375">
        <ele>208.399993896484375</ele>
        <time>2026-09-22T09:36:38.000Z</time>
      </trkpt>
      <trkpt lat="39.47676376439630985260009765625" lon="8.41050147078931331634521484375">
        <ele>207.8000030517578125</ele>
        <time>2026-09-22T09:36:40.000Z</time>
      </trkpt>
      <trkpt lat="39.47678153403103351593017578125" lon="8.41048940084874629974365234375">
        <ele>207</ele>
        <time>2026-09-22T09:36:42.000Z</time>
      </trkpt>
      <trkpt lat="39.47679896838963031768798828125" lon="8.410492837429046630859375">
        <ele>206.399993896484375</ele>
        <time>2026-09-22T09:36:44.000Z</time>
      </trkpt>
      <trkpt lat="39.476804919540882110595703125" lon="8.4104896523058414459228515625">
        <ele>206.1999969482421875</ele>
        <time>2026-09-22T09:36:45.000Z</time>
      </trkpt>
      <trkpt lat="39.4768221862614154815673828125" lon="8.410491831600666046142578125">
        <ele>205.600006103515625</ele>
        <time>2026-09-22T09:36:48.000Z</time>
      </trkpt>
      <trkpt lat="39.476878345012664794921875" lon="8.41046802699565887451171875">
        <ele>203.1999969482421875</ele>
        <time>2026-09-22T09:36:55.000Z</time>
      </trkpt>
      <trkpt lat="39.47697146795690059661865234375" lon="8.41043810360133647918701171875">
        <ele>200.600006103515625</ele>
        <time>2026-09-22T09:37:03.000Z</time>
      </trkpt>
      <trkpt lat="39.47698353789746761322021484375" lon="8.41043139807879924774169921875">
        <ele>200.1999969482421875</ele>
        <time>2026-09-22T09:37:04.000Z</time>
      </trkpt>
      <trkpt lat="39.47707423008978366851806640625" lon="8.41036752797663211822509765625">
        <ele>197.399993896484375</ele>
        <time>2026-09-22T09:37:12.000Z</time>
      </trkpt>
      <trkpt lat="39.47708479128777980804443359375" lon="8.41036752797663211822509765625">
        <ele>197.1999969482421875</ele>
        <time>2026-09-22T09:37:13.000Z</time>
      </trkpt>
      <trkpt lat="39.47709820233285427093505859375" lon="8.41036115773022174835205078125">
        <ele>197</ele>
        <time>2026-09-22T09:37:15.000Z</time>
      </trkpt>
      <trkpt lat="39.47710893116891384124755859375" lon="8.4103431366384029388427734375">
        <ele>197</ele>
        <time>2026-09-22T09:37:17.000Z</time>
      </trkpt>
      <trkpt lat="39.47713390924036502838134765625" lon="8.4103213436901569366455078125">
        <ele>196.8000030517578125</ele>
        <time>2026-09-22T09:37:20.000Z</time>
      </trkpt>
      <trkpt lat="39.477171041071414947509765625" lon="8.41029946692287921905517578125">
        <ele>196.399993896484375</ele>
        <time>2026-09-22T09:37:23.000Z</time>
      </trkpt>
      <trkpt lat="39.4771946780383586883544921875" lon="8.41028857044875621795654296875">
        <ele>196</ele>
        <time>2026-09-22T09:37:25.000Z</time>
      </trkpt>
      <trkpt lat="39.477260224521160125732421875" lon="8.4102586470544338226318359375">
        <ele>195.600006103515625</ele>
        <time>2026-09-22T09:37:31.000Z</time>
      </trkpt>
      <trkpt lat="39.4773753918707370758056640625" lon="8.41024498455226421356201171875">
        <ele>194.8000030517578125</ele>
        <time>2026-09-22T09:37:39.000Z</time>
      </trkpt>
      <trkpt lat="39.47748930193483829498291015625" lon="8.41024733148515224456787109375">
        <ele>194</ele>
        <time>2026-09-22T09:37:48.000Z</time>
      </trkpt>
      <trkpt lat="39.47757714428007602691650390625" lon="8.410235345363616943359375">
        <ele>193.1999969482421875</ele>
        <time>2026-09-22T09:37:55.000Z</time>
      </trkpt>
      <trkpt lat="39.4776070676743984222412109375" lon="8.4102395363152027130126953125">
        <ele>192.8000030517578125</ele>
        <time>2026-09-22T09:37:57.000Z</time>
      </trkpt>
      <trkpt lat="39.4776359014213085174560546875" lon="8.410247080028057098388671875">
        <ele>192.399993896484375</ele>
        <time>2026-09-22T09:37:59.000Z</time>
      </trkpt>
      <trkpt lat="39.47770589031279087066650390625" lon="8.410261832177639007568359375">
        <ele>191.399993896484375</ele>
        <time>2026-09-22T09:38:05.000Z</time>
      </trkpt>
      <trkpt lat="39.47771712206304073333740234375" lon="8.41026174835860729217529296875">
        <ele>191.399993896484375</ele>
        <time>2026-09-22T09:38:06.000Z</time>
      </trkpt>
      <trkpt lat="39.4777287729084491729736328125" lon="8.410263173282146453857421875">
        <ele>191.1999969482421875</ele>
        <time>2026-09-22T09:38:07.000Z</time>
      </trkpt>
      <trkpt lat="39.47783161886036396026611328125" lon="8.41029913164675235748291015625">
        <ele>189.399993896484375</ele>
        <time>2026-09-22T09:38:16.000Z</time>
      </trkpt>
      <trkpt lat="39.47787956334650516510009765625" lon="8.41029695235192775726318359375">
        <ele>189.399993896484375</ele>
        <time>2026-09-22T09:38:21.000Z</time>
      </trkpt>
      <trkpt lat="39.47790202684700489044189453125" lon="8.41029980219900608062744140625">
        <ele>189.399993896484375</ele>
        <time>2026-09-22T09:38:23.000Z</time>
      </trkpt>
      <trkpt lat="39.4780254922807216644287109375" lon="8.410326205193996429443359375">
        <ele>188.399993896484375</ele>
        <time>2026-09-22T09:38:32.000Z</time>
      </trkpt>
      <trkpt lat="39.47810553945600986480712890625" lon="8.4103615768253803253173828125">
        <ele>186.399993896484375</ele>
        <time>2026-09-22T09:38:41.000Z</time>
      </trkpt>
      <trkpt lat="39.4781800545752048492431640625" lon="8.4103853814303874969482421875">
        <ele>184.8000030517578125</ele>
        <time>2026-09-22T09:38:48.000Z</time>
      </trkpt>
      <trkpt lat="39.4781944714486598968505859375" lon="8.41038663871586322784423828125">
        <ele>184.600006103515625</ele>
        <time>2026-09-22T09:38:49.000Z</time>
      </trkpt>
      <trkpt lat="39.47828943841159343719482421875" lon="8.41040474362671375274658203125">
        <ele>183.1999969482421875</ele>
        <time>2026-09-22T09:38:56.000Z</time>
      </trkpt>
      <trkpt lat="39.47832598350942134857177734375" lon="8.410403989255428314208984375">
        <ele>183</ele>
        <time>2026-09-22T09:38:59.000Z</time>
      </trkpt>
      <trkpt lat="39.47841416113078594207763671875" lon="8.4104125387966632843017578125">
        <ele>180.8000030517578125</ele>
        <time>2026-09-22T09:39:09.000Z</time>
      </trkpt>
      <trkpt lat="39.47842103429138660430908203125" lon="8.41041128151118755340576171875">
        <ele>180.8000030517578125</ele>
        <time>2026-09-22T09:39:10.000Z</time>
      </trkpt>
      <trkpt lat="39.47849362157285213470458984375" lon="8.41041966341435909271240234375">
        <ele>178.8000030517578125</ele>
        <time>2026-09-22T09:39:17.000Z</time>
      </trkpt>
      <trkpt lat="39.47859168983995914459228515625" lon="8.41045738197863101959228515625">
        <ele>174.8000030517578125</ele>
        <time>2026-09-22T09:39:24.000Z</time>
      </trkpt>
      <trkpt lat="39.47869679890573024749755859375" lon="8.41047179885208606719970703125">
        <ele>172</ele>
        <time>2026-09-22T09:39:33.000Z</time>
      </trkpt>
      <trkpt lat="39.4787285663187503814697265625" lon="8.4104812704026699066162109375">
        <ele>171</ele>
        <time>2026-09-22T09:39:41.000Z</time>
      </trkpt>
      <trkpt lat="39.47877374477684497833251953125" lon="8.41044698841869831085205078125">
        <ele>171</ele>
        <time>2026-09-22T09:39:48.000Z</time>
      </trkpt>
      <trkpt lat="39.47881179861724376678466796875" lon="8.4104601480066776275634765625">
        <ele>169.8000030517578125</ele>
        <time>2026-09-22T09:39:54.000Z</time>
      </trkpt>
      <trkpt lat="39.4788281433284282684326171875" lon="8.410477750003337860107421875">
        <ele>169</ele>
        <time>2026-09-22T09:39:56.000Z</time>
      </trkpt>
      <trkpt lat="39.47885873727500438690185546875" lon="8.41049929149448871612548828125">
        <ele>167.399993896484375</ele>
        <time>2026-09-22T09:40:00.000Z</time>
      </trkpt>
      <trkpt lat="39.47886527515947818756103515625" lon="8.4105097688734531402587890625">
        <ele>167</ele>
        <time>2026-09-22T09:40:02.000Z</time>
      </trkpt>
      <trkpt lat="39.478937275707721710205078125" lon="8.410508930683135986328125">
        <ele>165</ele>
        <time>2026-09-22T09:40:11.000Z</time>
      </trkpt>
      <trkpt lat="39.47894155047833919525146484375" lon="8.4105090983211994171142578125">
        <ele>164.8000030517578125</ele>
        <time>2026-09-22T09:40:12.000Z</time>
      </trkpt>
      <trkpt lat="39.4789652712643146514892578125" lon="8.41049241833388805389404296875">
        <ele>164.600006103515625</ele>
        <time>2026-09-22T09:40:16.000Z</time>
      </trkpt>
      <trkpt lat="39.47900273837149143218994140625" lon="8.410492837429046630859375">
        <ele>163.600006103515625</ele>
        <time>2026-09-22T09:40:24.000Z</time>
      </trkpt>
      <trkpt lat="39.47904766537249088287353515625" lon="8.41045570559799671173095703125">
        <ele>163.1999969482421875</ele>
        <time>2026-09-22T09:40:29.000Z</time>
      </trkpt>
      <trkpt lat="39.47913818992674350738525390625" lon="8.41039133258163928985595703125">
        <ele>161</ele>
        <time>2026-09-22T09:40:37.000Z</time>
      </trkpt>
      <trkpt lat="39.4792217575013637542724609375" lon="8.41034472920000553131103515625">
        <ele>159.1999969482421875</ele>
        <time>2026-09-22T09:40:45.000Z</time>
      </trkpt>
      <trkpt lat="39.4792613200843334197998046875" lon="8.41031002812087535858154296875">
        <ele>158.399993896484375</ele>
        <time>2026-09-22T09:40:53.000Z</time>
      </trkpt>
      <trkpt lat="39.479292668402194976806640625" lon="8.4102797694504261016845703125">
        <ele>158</ele>
        <time>2026-09-22T09:41:02.000Z</time>
      </trkpt>
      <trkpt lat="39.47934354655444622039794921875" lon="8.41023995541036128997802734375">
        <ele>156.8000030517578125</ele>
        <time>2026-09-22T09:41:09.000Z</time>
      </trkpt>
      <trkpt lat="39.479425437748432159423828125" lon="8.41020785272121429443359375">
        <ele>154.600006103515625</ele>
        <time>2026-09-22T09:41:18.000Z</time>
      </trkpt>
      <trkpt lat="39.47949643246829509735107421875" lon="8.4101627580821514129638671875">
        <ele>152.399993896484375</ele>
        <time>2026-09-22T09:41:26.000Z</time>
      </trkpt>
      <trkpt lat="39.47951604612171649932861328125" lon="8.4101570583879947662353515625">
        <ele>151.8000030517578125</ele>
        <time>2026-09-22T09:41:28.000Z</time>
      </trkpt>
      <trkpt lat="39.47956264950335025787353515625" lon="8.41010986827313899993896484375">
        <ele>150.600006103515625</ele>
        <time>2026-09-22T09:41:33.000Z</time>
      </trkpt>
      <trkpt lat="39.47962115518748760223388671875" lon="8.41013166122138500213623046875">
        <ele>148.600006103515625</ele>
        <time>2026-09-22T09:41:39.000Z</time>
      </trkpt>
      <trkpt lat="39.479634650051593780517578125" lon="8.41013233177363872528076171875">
        <ele>148.1999969482421875</ele>
        <time>2026-09-22T09:41:40.000Z</time>
      </trkpt>
      <trkpt lat="39.47972123511135578155517578125" lon="8.4101151488721370697021484375">
        <ele>146</ele>
        <time>2026-09-22T09:41:46.000Z</time>
      </trkpt>
      <trkpt lat="39.4798006117343902587890625" lon="8.4101198427379131317138671875">
        <ele>144.399993896484375</ele>
        <time>2026-09-22T09:41:52.000Z</time>
      </trkpt>
      <trkpt lat="39.4798299483954906463623046875" lon="8.41014272533357143402099609375">
        <ele>143.8000030517578125</ele>
        <time>2026-09-22T09:41:55.000Z</time>
      </trkpt>
      <trkpt lat="39.479890130460262298583984375" lon="8.41019041836261749267578125">
        <ele>142.399993896484375</ele>
        <time>2026-09-22T09:42:03.000Z</time>
      </trkpt>
      <trkpt lat="39.47989675216376781463623046875" lon="8.410192430019378662109375">
        <ele>142.1999969482421875</ele>
        <time>2026-09-22T09:42:06.000Z</time>
      </trkpt>
      <trkpt lat="39.479898847639560699462890625" lon="8.410191424190998077392578125">
        <ele>142.1999969482421875</ele>
        <time>2026-09-22T09:42:09.000Z</time>
      </trkpt>
      <trkpt lat="39.47991116903722286224365234375" lon="8.41020659543573856353759765625">
        <ele>141.8000030517578125</ele>
        <time>2026-09-22T09:42:14.000Z</time>
      </trkpt>
      <trkpt lat="39.4799275137484073638916015625" lon="8.41024431400001049041748046875">
        <ele>141.1999969482421875</ele>
        <time>2026-09-22T09:42:18.000Z</time>
      </trkpt>
      <trkpt lat="39.4799851812422275543212890625" lon="8.41025420464575290679931640625">
        <ele>140.1999969482421875</ele>
        <time>2026-09-22T09:42:25.000Z</time>
      </trkpt>
      <trkpt lat="39.48007880710065364837646484375" lon="8.4103065915405750274658203125">
        <ele>137.399993896484375</ele>
        <time>2026-09-22T09:42:34.000Z</time>
      </trkpt>
      <trkpt lat="39.48014150373637676239013671875" lon="8.41039066202938556671142578125">
        <ele>134.8000030517578125</ele>
        <time>2026-09-22T09:42:42.000Z</time>
      </trkpt>
      <trkpt lat="39.480153657495975494384765625" lon="8.4103914164006710052490234375">
        <ele>134.600006103515625</ele>
        <time>2026-09-22T09:42:43.000Z</time>
      </trkpt>
      <trkpt lat="39.48020688258111476898193359375" lon="8.41039854101836681365966796875">
        <ele>133.399993896484375</ele>
        <time>2026-09-22T09:42:48.000Z</time>
      </trkpt>
      <trkpt lat="39.48024208657443523406982421875" lon="8.4104051627218723297119140625">
        <ele>132.399993896484375</ele>
        <time>2026-09-22T09:42:53.000Z</time>
      </trkpt>
      <trkpt lat="39.48024116456508636474609375" lon="8.41040625236928462982177734375">
        <ele>132.399993896484375</ele>
        <time>2026-09-22T09:42:55.000Z</time>
      </trkpt>
      <trkpt lat="39.48027393780648708343505859375" lon="8.4104222618043422698974609375">
        <ele>131.600006103515625</ele>
        <time>2026-09-22T09:43:01.000Z</time>
      </trkpt>
      <trkpt lat="39.48031894862651824951171875" lon="8.4104484133422374725341796875">
        <ele>130</ele>
        <time>2026-09-22T09:43:07.000Z</time>
      </trkpt>
      <trkpt lat="39.480343423783779144287109375" lon="8.410479761660099029541015625">
        <ele>129</ele>
        <time>2026-09-22T09:43:11.000Z</time>
      </trkpt>
      <trkpt lat="39.48036680929362773895263671875" lon="8.41049057431519031524658203125">
        <ele>128.1999969482421875</ele>
        <time>2026-09-22T09:43:13.000Z</time>
      </trkpt>
      <trkpt lat="39.48048717342317104339599609375" lon="8.41051253490149974822998046875">
        <ele>124.8000030517578125</ele>
        <time>2026-09-22T09:43:22.000Z</time>
      </trkpt>
      <trkpt lat="39.4805906899273395538330078125" lon="8.41053642332553863525390625">
        <ele>122</ele>
        <time>2026-09-22T09:43:31.000Z</time>
      </trkpt>
      <trkpt lat="39.48066989891231060028076171875" lon="8.41054069809615612030029296875">
        <ele>120</ele>
        <time>2026-09-22T09:43:39.000Z</time>
      </trkpt>
      <trkpt lat="39.48069185949862003326416015625" lon="8.41054706834256649017333984375">
        <ele>119.40000152587890625</ele>
        <time>2026-09-22T09:43:41.000Z</time>
      </trkpt>
      <trkpt lat="39.4807140715420246124267578125" lon="8.41058327816426753997802734375">
        <ele>118.40000152587890625</ele>
        <time>2026-09-22T09:43:45.000Z</time>
      </trkpt>
      <trkpt lat="39.48075740598142147064208984375" lon="8.4105674363672733306884765625">
        <ele>117.59999847412109375</ele>
        <time>2026-09-22T09:43:52.000Z</time>
      </trkpt>
      <trkpt lat="39.48081783950328826904296875" lon="8.410537429153919219970703125">
        <ele>116.1999969482421875</ele>
        <time>2026-09-22T09:43:59.000Z</time>
      </trkpt>
      <trkpt lat="39.48084189556539058685302734375" lon="8.41052292846143245697021484375">
        <ele>115.8000030517578125</ele>
        <time>2026-09-22T09:44:01.000Z</time>
      </trkpt>
      <trkpt lat="39.48093443177640438079833984375" lon="8.41050314716994762420654296875">
        <ele>114.40000152587890625</ele>
        <time>2026-09-22T09:44:10.000Z</time>
      </trkpt>
      <trkpt lat="39.48102043010294437408447265625" lon="8.41055251657962799072265625">
        <ele>112.40000152587890625</ele>
        <time>2026-09-22T09:44:20.000Z</time>
      </trkpt>
      <trkpt lat="39.48102881200611591339111328125" lon="8.41055276803672313690185546875">
        <ele>112.1999969482421875</ele>
        <time>2026-09-22T09:44:21.000Z</time>
      </trkpt>
      <trkpt lat="39.4810369424521923065185546875" lon="8.41055545024573802947998046875">
        <ele>112</ele>
        <time>2026-09-22T09:44:22.000Z</time>
      </trkpt>
      <trkpt lat="39.48106569238007068634033203125" lon="8.41056584380567073822021484375">
        <ele>111.40000152587890625</ele>
        <time>2026-09-22T09:44:26.000Z</time>
      </trkpt>
      <trkpt lat="39.481106512248516082763671875" lon="8.41055025346577167510986328125">
        <ele>110.8000030517578125</ele>
        <time>2026-09-22T09:44:30.000Z</time>
      </trkpt>
      <trkpt lat="39.48113660328090190887451171875" lon="8.4105344116687774658203125">
        <ele>110.40000152587890625</ele>
        <time>2026-09-22T09:44:33.000Z</time>
      </trkpt>
      <trkpt lat="39.481181614100933074951171875" lon="8.41053935699164867401123046875">
        <ele>109.8000030517578125</ele>
        <time>2026-09-22T09:44:37.000Z</time>
      </trkpt>
      <trkpt lat="39.48124565184116363525390625" lon="8.410533405840396881103515625">
        <ele>109</ele>
        <time>2026-09-22T09:44:44.000Z</time>
      </trkpt>
      <trkpt lat="39.48130524717271327972412109375" lon="8.410530388355255126953125">
        <ele>108.1999969482421875</ele>
        <time>2026-09-22T09:44:52.000Z</time>
      </trkpt>
      <trkpt lat="39.48131513781845569610595703125" lon="8.41053935699164867401123046875">
        <ele>107.8000030517578125</ele>
        <time>2026-09-22T09:44:59.000Z</time>
      </trkpt>
      <trkpt lat="39.4813135452568531036376953125" lon="8.410542123019695281982421875">
        <ele>107.8000030517578125</ele>
        <time>2026-09-22T09:45:05.000Z</time>
      </trkpt>
      <trkpt lat="39.48130725882947444915771484375" lon="8.41052971780300140380859375">
        <ele>108.1999969482421875</ele>
        <time>2026-09-22T09:45:13.000Z</time>
      </trkpt>
      <trkpt lat="39.48130709119141101837158203125" lon="8.41052913106977939605712890625">
        <ele>108.1999969482421875</ele>
        <time>2026-09-22T09:45:20.000Z</time>
      </trkpt>
      <trkpt lat="39.4813267886638641357421875" lon="8.410485796630382537841796875">
        <ele>108.40000152587890625</ele>
        <time>2026-09-22T09:45:28.000Z</time>
      </trkpt>
      <trkpt lat="39.48133911006152629852294921875" lon="8.41044832952320575714111328125">
        <ele>108.40000152587890625</ele>
        <time>2026-09-22T09:45:35.000Z</time>
      </trkpt>
      <trkpt lat="39.4813403673470020294189453125" lon="8.4104480780661106109619140625">
        <ele>108.40000152587890625</ele>
        <time>2026-09-22T09:45:42.000Z</time>
      </trkpt>
      <trkpt lat="39.4813403673470020294189453125" lon="8.4104480780661106109619140625">
        <ele>108.40000152587890625</ele>
        <time>2026-09-22T09:45:45.000Z</time>
      </trkpt>
      <trkpt lat="39.4813403673470020294189453125" lon="8.4104480780661106109619140625">
        <ele>108.40000152587890625</ele>
        <time>2026-09-22T09:45:47.000Z</time>
      </trkpt>
      <trkpt lat="39.4813403673470020294189453125" lon="8.4104480780661106109619140625">
        <ele>108.40000152587890625</ele>
        <time>2026-09-22T09:45:49.000Z</time>
      </trkpt>
      <trkpt lat="39.48134087026119232177734375" lon="8.4104453958570957183837890625">
        <ele>108.40000152587890625</ele>
        <time>2026-09-22T09:46:03.000Z</time>
      </trkpt>
      <trkpt lat="39.4813427142798900604248046875" lon="8.41025889851152896881103515625">
        <ele>109.59999847412109375</ele>
        <time>2026-09-22T09:46:11.000Z</time>
      </trkpt>
      <trkpt lat="39.48136559687554836273193359375" lon="8.4100918471813201904296875">
        <ele>109.40000152587890625</ele>
        <time>2026-09-22T09:46:21.000Z</time>
      </trkpt>
      <trkpt lat="39.48139476589858531951904296875" lon="8.40991138480603694915771484375">
        <ele>109.1999969482421875</ele>
        <time>2026-09-22T09:46:31.000Z</time>
      </trkpt>
      <trkpt lat="39.48138990439474582672119140625" lon="8.409777693450450897216796875">
        <ele>110.40000152587890625</ele>
        <time>2026-09-22T09:46:39.000Z</time>
      </trkpt>
      <trkpt lat="39.48139124549925327301025390625" lon="8.40976134873926639556884765625">
        <ele>110.40000152587890625</ele>
        <time>2026-09-22T09:46:40.000Z</time>
      </trkpt>
      <trkpt lat="39.48139317333698272705078125" lon="8.409732095897197723388671875">
        <ele>110.59999847412109375</ele>
        <time>2026-09-22T09:46:46.000Z</time>
      </trkpt>
      <trkpt lat="39.48140851221978664398193359375" lon="8.409649617969989776611328125">
        <ele>110.59999847412109375</ele>
        <time>2026-09-22T09:46:52.000Z</time>
      </trkpt>
      <trkpt lat="39.4814141280949115753173828125" lon="8.4095983207225799560546875">
        <ele>110.59999847412109375</ele>
        <time>2026-09-22T09:46:55.000Z</time>
      </trkpt>
      <trkpt lat="39.48142510838806629180908203125" lon="8.4095066227018833160400390625">
        <ele>110.8000030517578125</ele>
        <time>2026-09-22T09:47:01.000Z</time>
      </trkpt>
      <trkpt lat="39.48142879642546176910400390625" lon="8.40946278534829616546630859375">
        <ele>110.8000030517578125</ele>
        <time>2026-09-22T09:47:04.000Z</time>
      </trkpt>
      <trkpt lat="39.481426365673542022705078125" lon="8.409326076507568359375">
        <ele>111.1999969482421875</ele>
        <time>2026-09-22T09:47:12.000Z</time>
      </trkpt>
      <trkpt lat="39.481416642665863037109375" lon="8.40911929495632648468017578125">
        <ele>112.1999969482421875</ele>
        <time>2026-09-22T09:47:24.000Z</time>
      </trkpt>
      <trkpt lat="39.48140264488756656646728515625" lon="8.40908442623913288116455078125">
        <ele>112.59999847412109375</ele>
        <time>2026-09-22T09:47:27.000Z</time>
      </trkpt>
      <trkpt lat="39.48138822801411151885986328125" lon="8.40904637239873409271240234375">
        <ele>112.8000030517578125</ele>
        <time>2026-09-22T09:47:30.000Z</time>
      </trkpt>
      <trkpt lat="39.48138152249157428741455078125" lon="8.409034051001071929931640625">
        <ele>113</ele>
        <time>2026-09-22T09:47:31.000Z</time>
      </trkpt>
      <trkpt lat="39.48137448169291019439697265625" lon="8.40902156196534633636474609375">
        <ele>113</ele>
        <time>2026-09-22T09:47:32.000Z</time>
      </trkpt>
      <trkpt lat="39.4813665188848972320556640625" lon="8.40900982730090618133544921875">
        <ele>113.1999969482421875</ele>
        <time>2026-09-22T09:47:33.000Z</time>
      </trkpt>
      <trkpt lat="39.48134891688823699951171875" lon="8.40897127054631710052490234375">
        <ele>113.1999969482421875</ele>
        <time>2026-09-22T09:47:36.000Z</time>
      </trkpt>
      <trkpt lat="39.48134346865117549896240234375" lon="8.4089574404060840606689453125">
        <ele>113.1999969482421875</ele>
        <time>2026-09-22T09:47:37.000Z</time>
      </trkpt>
      <trkpt lat="39.48133550584316253662109375" lon="8.40894411318004131317138671875">
        <ele>113.40000152587890625</ele>
        <time>2026-09-22T09:47:38.000Z</time>
      </trkpt>
      <trkpt lat="39.48132745921611785888671875" lon="8.40893321670591831207275390625">
        <ele>113.40000152587890625</ele>
        <time>2026-09-22T09:47:39.000Z</time>
      </trkpt>
      <trkpt lat="39.4813053309917449951171875" lon="8.4088960848748683929443359375">
        <ele>113.59999847412109375</ele>
        <time>2026-09-22T09:47:42.000Z</time>
      </trkpt>
      <trkpt lat="39.4812865555286407470703125" lon="8.40887471102178096771240234375">
        <ele>113.59999847412109375</ele>
        <time>2026-09-22T09:47:44.000Z</time>
      </trkpt>
      <trkpt lat="39.48125881142914295196533203125" lon="8.40884084813296794891357421875">
        <ele>113.8000030517578125</ele>
        <time>2026-09-22T09:47:47.000Z</time>
      </trkpt>
      <trkpt lat="39.481250010430812835693359375" lon="8.4088310413062572479248046875">
        <ele>113.8000030517578125</ele>
        <time>2026-09-22T09:47:48.000Z</time>
      </trkpt>
      <trkpt lat="39.48119745589792728424072265625" lon="8.40878703631460666656494140625">
        <ele>113.8000030517578125</ele>
        <time>2026-09-22T09:47:53.000Z</time>
      </trkpt>
      <trkpt lat="39.4811066798865795135498046875" lon="8.4087334759533405303955078125">
        <ele>114</ele>
        <time>2026-09-22T09:48:00.000Z</time>
      </trkpt>
      <trkpt lat="39.48102864436805248260498046875" lon="8.40865192003548145294189453125">
        <ele>114</ele>
        <time>2026-09-22T09:48:07.000Z</time>
      </trkpt>
      <trkpt lat="39.4809987209737300872802734375" lon="8.4086124412715435028076171875">
        <ele>114</ele>
        <time>2026-09-22T09:48:10.000Z</time>
      </trkpt>
      <trkpt lat="39.48097114451229572296142578125" lon="8.408581428229808807373046875">
        <ele>114</ele>
        <time>2026-09-22T09:48:13.000Z</time>
      </trkpt>
      <trkpt lat="39.48093610815703868865966796875" lon="8.408525101840496063232421875">
        <ele>113.40000152587890625</ele>
        <time>2026-09-22T09:48:17.000Z</time>
      </trkpt>
      <trkpt lat="39.48086016811430454254150390625" lon="8.40847522951662540435791015625">
        <ele>113.1999969482421875</ele>
        <time>2026-09-22T09:48:24.000Z</time>
      </trkpt>
      <trkpt lat="39.48074265383183956146240234375" lon="8.4084501676261425018310546875">
        <ele>113.40000152587890625</ele>
        <time>2026-09-22T09:48:33.000Z</time>
      </trkpt>
      <trkpt lat="39.48062916286289691925048828125" lon="8.40832234360277652740478515625">
        <ele>112</ele>
        <time>2026-09-22T09:48:43.000Z</time>
      </trkpt>
      <trkpt lat="39.4805457629263401031494140625" lon="8.40824858285486698150634765625">
        <ele>110.59999847412109375</ele>
        <time>2026-09-22T09:48:50.000Z</time>
      </trkpt>
      <trkpt lat="39.4805346988141536712646484375" lon="8.40823651291429996490478515625">
        <ele>110.1999969482421875</ele>
        <time>2026-09-22T09:48:51.000Z</time>
      </trkpt>
      <trkpt lat="39.48048465885221958160400390625" lon="8.408215306699275970458984375">
        <ele>110</ele>
        <time>2026-09-22T09:48:55.000Z</time>
      </trkpt>
      <trkpt lat="39.48043964803218841552734375" lon="8.40821756981313228607177734375">
        <ele>110.1999969482421875</ele>
        <time>2026-09-22T09:48:58.000Z</time>
      </trkpt>
      <trkpt lat="39.48042313568294048309326171875" lon="8.408217988908290863037109375">
        <ele>110.1999969482421875</ele>
        <time>2026-09-22T09:48:59.000Z</time>
      </trkpt>
      <trkpt lat="39.4803650490939617156982421875" lon="8.40819912962615489959716796875">
        <ele>110</ele>
        <time>2026-09-22T09:49:03.000Z</time>
      </trkpt>
      <trkpt lat="39.48033663444221019744873046875" lon="8.4081578068435192108154296875">
        <ele>109</ele>
        <time>2026-09-22T09:49:06.000Z</time>
      </trkpt>
      <trkpt lat="39.48027511127293109893798828125" lon="8.4080401249229907989501953125">
        <ele>106.1999969482421875</ele>
        <time>2026-09-22T09:49:14.000Z</time>
      </trkpt>
      <trkpt lat="39.48020537383854389190673828125" lon="8.407952785491943359375">
        <ele>106.8000030517578125</ele>
        <time>2026-09-22T09:49:22.000Z</time>
      </trkpt>
      <trkpt lat="39.48016740381717681884765625" lon="8.4079157374799251556396484375">
        <ele>107.40000152587890625</ele>
        <time>2026-09-22T09:49:26.000Z</time>
      </trkpt>
      <trkpt lat="39.48012507520616054534912109375" lon="8.40790073387324810028076171875">
        <ele>108.40000152587890625</ele>
        <time>2026-09-22T09:49:29.000Z</time>
      </trkpt>
      <trkpt lat="39.48003203608095645904541015625" lon="8.40787407942116260528564453125">
        <ele>110.40000152587890625</ele>
        <time>2026-09-22T09:49:36.000Z</time>
      </trkpt>
      <trkpt lat="39.47999130003154277801513671875" lon="8.4078691340982913970947265625">
        <ele>111.40000152587890625</ele>
        <time>2026-09-22T09:49:39.000Z</time>
      </trkpt>
      <trkpt lat="39.4799580238759517669677734375" lon="8.4078701399266719818115234375">
        <ele>112</ele>
        <time>2026-09-22T09:49:41.000Z</time>
      </trkpt>
      <trkpt lat="39.47985752485692501068115234375" lon="8.40787307359278202056884765625">
        <ele>114.1999969482421875</ele>
        <time>2026-09-22T09:49:47.000Z</time>
      </trkpt>
      <trkpt lat="39.47978745214641094207763671875" lon="8.407871983945369720458984375">
        <ele>116</ele>
        <time>2026-09-22T09:49:52.000Z</time>
      </trkpt>
      <trkpt lat="39.47975023649632930755615234375" lon="8.4078684635460376739501953125">
        <ele>116.8000030517578125</ele>
        <time>2026-09-22T09:49:55.000Z</time>
      </trkpt>
      <trkpt lat="39.4797281920909881591796875" lon="8.40786552987992763519287109375">
        <ele>117.40000152587890625</ele>
        <time>2026-09-22T09:49:57.000Z</time>
      </trkpt>
      <trkpt lat="39.4796452112495899200439453125" lon="8.40785178355872631072998046875">
        <ele>117.59999847412109375</ele>
        <time>2026-09-22T09:50:04.000Z</time>
      </trkpt>
      <trkpt lat="39.47960539720952510833740234375" lon="8.40784708969295024871826171875">
        <ele>117.8000030517578125</ele>
        <time>2026-09-22T09:50:07.000Z</time>
      </trkpt>
      <trkpt lat="39.479480423033237457275390625" lon="8.4078553877770900726318359375">
        <ele>118.59999847412109375</ele>
        <time>2026-09-22T09:50:16.000Z</time>
      </trkpt>
      <trkpt lat="39.479457624256610870361328125" lon="8.40784893371164798736572265625">
        <ele>118.59999847412109375</ele>
        <time>2026-09-22T09:50:18.000Z</time>
      </trkpt>
      <trkpt lat="39.479405321180820465087890625" lon="8.407834433019161224365234375">
        <ele>118.59999847412109375</ele>
        <time>2026-09-22T09:50:22.000Z</time>
      </trkpt>
      <trkpt lat="39.47937841527163982391357421875" lon="8.4078198485076427459716796875">
        <ele>118.40000152587890625</ele>
        <time>2026-09-22T09:50:24.000Z</time>
      </trkpt>
      <trkpt lat="39.47932443581521511077880859375" lon="8.40779311023652553558349609375">
        <ele>118.1999969482421875</ele>
        <time>2026-09-22T09:50:28.000Z</time>
      </trkpt>
      <trkpt lat="39.4791877269744873046875" lon="8.40779361315071582794189453125">
        <ele>118.40000152587890625</ele>
        <time>2026-09-22T09:50:36.000Z</time>
      </trkpt>
      <trkpt lat="39.479106925427913665771484375" lon="8.407754637300968170166015625">
        <ele>118.59999847412109375</ele>
        <time>2026-09-22T09:50:42.000Z</time>
      </trkpt>
      <trkpt lat="39.4790849648416042327880859375" lon="8.40771549381315708160400390625">
        <ele>119.1999969482421875</ele>
        <time>2026-09-22T09:50:45.000Z</time>
      </trkpt>
      <trkpt lat="39.47906509973108768463134765625" lon="8.40765363536775112152099609375">
        <ele>120.1999969482421875</ele>
        <time>2026-09-22T09:50:49.000Z</time>
      </trkpt>
      <trkpt lat="39.47906325571238994598388671875" lon="8.407609462738037109375">
        <ele>120.8000030517578125</ele>
        <time>2026-09-22T09:50:51.000Z</time>
      </trkpt>
      <trkpt lat="39.479096867144107818603515625" lon="8.4075479395687580108642578125">
        <ele>121.40000152587890625</ele>
        <time>2026-09-22T09:50:56.000Z</time>
      </trkpt>
      <trkpt lat="39.4791744835674762725830078125" lon="8.40746923349797725677490234375">
        <ele>122</ele>
        <time>2026-09-22T09:51:04.000Z</time>
      </trkpt>
      <trkpt lat="39.47921580635011196136474609375" lon="8.40744274668395519256591796875">
        <ele>122.40000152587890625</ele>
        <time>2026-09-22T09:51:08.000Z</time>
      </trkpt>
      <trkpt lat="39.47926576249301433563232421875" lon="8.40741056017577648162841796875">
        <ele>123</ele>
        <time>2026-09-22T09:51:12.000Z</time>
      </trkpt>
      <trkpt lat="39.47930951602756977081298828125" lon="8.40738172642886638641357421875">
        <ele>123.40000152587890625</ele>
        <time>2026-09-22T09:51:16.000Z</time>
      </trkpt>
      <trkpt lat="39.4793505035340785980224609375" lon="8.407361693680286407470703125">
        <ele>123.40000152587890625</ele>
        <time>2026-09-22T09:51:20.000Z</time>
      </trkpt>
      <trkpt lat="39.479367099702358245849609375" lon="8.4073497913777828216552734375">
        <ele>123.40000152587890625</ele>
        <time>2026-09-22T09:51:22.000Z</time>
      </trkpt>
      <trkpt lat="39.47938059456646442413330078125" lon="8.4073303453624248504638671875">
        <ele>123.59999847412109375</ele>
        <time>2026-09-22T09:51:24.000Z</time>
      </trkpt>
      <trkpt lat="39.4793937541544437408447265625" lon="8.40731450356543064117431640625">
        <ele>123.8000030517578125</ele>
        <time>2026-09-22T09:51:26.000Z</time>
      </trkpt>
      <trkpt lat="39.47942912578582763671875" lon="8.407284915447235107421875">
        <ele>124</ele>
        <time>2026-09-22T09:51:30.000Z</time>
      </trkpt>
      <trkpt lat="39.47945385240018367767333984375" lon="8.407271169126033782958984375">
        <ele>124</ele>
        <time>2026-09-22T09:51:32.000Z</time>
      </trkpt>
      <trkpt lat="39.4794970192015171051025390625" lon="8.4072522260248661041259765625">
        <ele>124.1999969482421875</ele>
        <time>2026-09-22T09:51:36.000Z</time>
      </trkpt>
      <trkpt lat="39.479520320892333984375" lon="8.40724577195942401885986328125">
        <ele>124</ele>
        <time>2026-09-22T09:51:38.000Z</time>
      </trkpt>
      <trkpt lat="39.47956633754074573516845703125" lon="8.40722045861184597015380859375">
        <ele>124.1999969482421875</ele>
        <time>2026-09-22T09:51:42.000Z</time>
      </trkpt>
      <trkpt lat="39.47961042635142803192138671875" lon="8.407201431691646575927734375">
        <ele>124</ele>
        <time>2026-09-22T09:51:47.000Z</time>
      </trkpt>
      <trkpt lat="39.47973766364157199859619140625" lon="8.40710763819515705108642578125">
        <ele>125.8000030517578125</ele>
        <time>2026-09-22T09:51:57.000Z</time>
      </trkpt>
      <trkpt lat="39.47976398281753063201904296875" lon="8.407093472778797149658203125">
        <ele>125.59999847412109375</ele>
        <time>2026-09-22T09:51:59.000Z</time>
      </trkpt>
      <trkpt lat="39.4798872806131839752197265625" lon="8.40701661072671413421630859375">
        <ele>125.8000030517578125</ele>
        <time>2026-09-22T09:52:09.000Z</time>
      </trkpt>
      <trkpt lat="39.47998023591935634613037109375" lon="8.40695659630000591278076171875">
        <ele>126</ele>
        <time>2026-09-22T09:52:17.000Z</time>
      </trkpt>
      <trkpt lat="39.48006003163754940032958984375" lon="8.40687059797346591949462890625">
        <ele>127.59999847412109375</ele>
        <time>2026-09-22T09:52:25.000Z</time>
      </trkpt>
      <trkpt lat="39.480122141540050506591796875" lon="8.4068448655307292938232421875">
        <ele>127.40000152587890625</ele>
        <time>2026-09-22T09:52:30.000Z</time>
      </trkpt>
      <trkpt lat="39.4802088104188442230224609375" lon="8.40681795962154865264892578125">
        <ele>126.59999847412109375</ele>
        <time>2026-09-22T09:52:36.000Z</time>
      </trkpt>
      <trkpt lat="39.48026890866458415985107421875" lon="8.40678040869534015655517578125">
        <ele>126.59999847412109375</ele>
        <time>2026-09-22T09:52:40.000Z</time>
      </trkpt>
      <trkpt lat="39.48032565414905548095703125" lon="8.40669910423457622528076171875">
        <ele>127.8000030517578125</ele>
        <time>2026-09-22T09:52:46.000Z</time>
      </trkpt>
      <trkpt lat="39.48044057004153728485107421875" lon="8.4065647423267364501953125">
        <ele>126.59999847412109375</ele>
        <time>2026-09-22T09:52:56.000Z</time>
      </trkpt>
      <trkpt lat="39.48049689643085002899169921875" lon="8.406487964093685150146484375">
        <ele>125.8000030517578125</ele>
        <time>2026-09-22T09:53:02.000Z</time>
      </trkpt>
      <trkpt lat="39.48052086867392063140869140625" lon="8.4064636565744876861572265625">
        <ele>125.40000152587890625</ele>
        <time>2026-09-22T09:53:05.000Z</time>
      </trkpt>
      <trkpt lat="39.4805289991199970245361328125" lon="8.4064432047307491302490234375">
        <ele>125.40000152587890625</ele>
        <time>2026-09-22T09:53:07.000Z</time>
      </trkpt>
      <trkpt lat="39.4805695675313472747802734375" lon="8.40633147396147251129150390625">
        <ele>125.8000030517578125</ele>
        <time>2026-09-22T09:53:15.000Z</time>
      </trkpt>
      <trkpt lat="39.480576775968074798583984375" lon="8.4061910770833492279052734375">
        <ele>128.600006103515625</ele>
        <time>2026-09-22T09:53:23.000Z</time>
      </trkpt>
      <trkpt lat="39.48056965135037899017333984375" lon="8.40603894554078578948974609375">
        <ele>132</ele>
        <time>2026-09-22T09:53:33.000Z</time>
      </trkpt>
      <trkpt lat="39.48053595609962940216064453125" lon="8.405959904193878173828125">
        <ele>134.8000030517578125</ele>
        <time>2026-09-22T09:53:40.000Z</time>
      </trkpt>
      <trkpt lat="39.4805048592388629913330078125" lon="8.4058658592402935028076171875">
        <ele>137.8000030517578125</ele>
        <time>2026-09-22T09:53:47.000Z</time>
      </trkpt>
      <trkpt lat="39.48050008155405521392822265625" lon="8.4058551304042339324951171875">
        <ele>138.1999969482421875</ele>
        <time>2026-09-22T09:53:48.000Z</time>
      </trkpt>
      <trkpt lat="39.480469487607479095458984375" lon="8.4057761728763580322265625">
        <ele>140.600006103515625</ele>
        <time>2026-09-22T09:53:54.000Z</time>
      </trkpt>
      <trkpt lat="39.4804378040134906768798828125" lon="8.405599482357501983642578125">
        <ele>144</ele>
        <time>2026-09-22T09:54:04.000Z</time>
      </trkpt>
      <trkpt lat="39.4804364629089832305908203125" lon="8.4054692275822162628173828125">
        <ele>146.1999969482421875</ele>
        <time>2026-09-22T09:54:13.000Z</time>
      </trkpt>
      <trkpt lat="39.480438642203807830810546875" lon="8.40544424951076507568359375">
        <ele>146.600006103515625</ele>
        <time>2026-09-22T09:54:15.000Z</time>
      </trkpt>
      <trkpt lat="39.480439983308315277099609375" lon="8.40541432611644268035888671875">
        <ele>147.1999969482421875</ele>
        <time>2026-09-22T09:54:17.000Z</time>
      </trkpt>
      <trkpt lat="39.48044761084020137786865234375" lon="8.40538364835083484649658203125">
        <ele>147.399993896484375</ele>
        <time>2026-09-22T09:54:19.000Z</time>
      </trkpt>
      <trkpt lat="39.48049706406891345977783203125" lon="8.40524970553815364837646484375">
        <ele>147.600006103515625</ele>
        <time>2026-09-22T09:54:28.000Z</time>
      </trkpt>
      <trkpt lat="39.48053109459578990936279296875" lon="8.4051849134266376495361328125">
        <ele>148.1999969482421875</ele>
        <time>2026-09-22T09:54:34.000Z</time>
      </trkpt>
      <trkpt lat="39.48054333217442035675048828125" lon="8.4051664732396602630615234375">
        <ele>148.399993896484375</ele>
        <time>2026-09-22T09:54:36.000Z</time>
      </trkpt>
      <trkpt lat="39.4805652089416980743408203125" lon="8.4050903655588626861572265625">
        <ele>150.399993896484375</ele>
        <time>2026-09-22T09:54:43.000Z</time>
      </trkpt>
      <trkpt lat="39.48057987727224826812744140625" lon="8.404981903731822967529296875">
        <ele>153.8000030517578125</ele>
        <time>2026-09-22T09:54:50.000Z</time>
      </trkpt>
      <trkpt lat="39.480612315237522125244140625" lon="8.40491677634418010711669921875">
        <ele>155</ele>
        <time>2026-09-22T09:54:56.000Z</time>
      </trkpt>
      <trkpt lat="39.48061759583652019500732421875" lon="8.40490453876554965972900390625">
        <ele>155.399993896484375</ele>
        <time>2026-09-22T09:54:57.000Z</time>
      </trkpt>
      <trkpt lat="39.480656571686267852783203125" lon="8.40481602586805820465087890625">
        <ele>157.1999969482421875</ele>
        <time>2026-09-22T09:55:04.000Z</time>
      </trkpt>
      <trkpt lat="39.48066361248493194580078125" lon="8.40480320155620574951171875">
        <ele>157.399993896484375</ele>
        <time>2026-09-22T09:55:05.000Z</time>
      </trkpt>
      <trkpt lat="39.48075925000011920928955078125" lon="8.40471276082098484039306640625">
        <ele>156.1999969482421875</ele>
        <time>2026-09-22T09:55:15.000Z</time>
      </trkpt>
      <trkpt lat="39.480850696563720703125" lon="8.40463313274085521697998046875">
        <ele>155</ele>
        <time>2026-09-22T09:55:25.000Z</time>
      </trkpt>
      <trkpt lat="39.48092705570161342620849609375" lon="8.40453942306339740753173828125">
        <ele>155</ele>
        <time>2026-09-22T09:55:34.000Z</time>
      </trkpt>
      <trkpt lat="39.48095689527690410614013671875" lon="8.40445711277425289154052734375">
        <ele>156</ele>
        <time>2026-09-22T09:55:42.000Z</time>
      </trkpt>
      <trkpt lat="39.48092102073132991790771484375" lon="8.40430120937526226043701171875">
        <ele>157.600006103515625</ele>
        <time>2026-09-22T09:55:51.000Z</time>
      </trkpt>
      <trkpt lat="39.48087324388325214385986328125" lon="8.404240943491458892822265625">
        <ele>158.8000030517578125</ele>
        <time>2026-09-22T09:55:58.000Z</time>
      </trkpt>
      <trkpt lat="39.480801410973072052001953125" lon="8.4041546098887920379638671875">
        <ele>160.8000030517578125</ele>
        <time>2026-09-22T09:56:07.000Z</time>
      </trkpt>
      <trkpt lat="39.480742402374744415283203125" lon="8.4040919132530689239501953125">
        <ele>161.399993896484375</ele>
        <time>2026-09-22T09:56:15.000Z</time>
      </trkpt>
      <trkpt lat="39.48066889308393001556396484375" lon="8.4040372632443904876708984375">
        <ele>162.600006103515625</ele>
        <time>2026-09-22T09:56:23.000Z</time>
      </trkpt>
      <trkpt lat="39.48063620366156101226806640625" lon="8.40401018969714641571044921875">
        <ele>163</ele>
        <time>2026-09-22T09:56:26.000Z</time>
      </trkpt>
      <trkpt lat="39.4806030951440334320068359375" lon="8.403984792530536651611328125">
        <ele>163.399993896484375</ele>
        <time>2026-09-22T09:56:29.000Z</time>
      </trkpt>
      <trkpt lat="39.480535201728343963623046875" lon="8.4039346687495708465576171875">
        <ele>164.399993896484375</ele>
        <time>2026-09-22T09:56:36.000Z</time>
      </trkpt>
      <trkpt lat="39.48052204214036464691162109375" lon="8.4039306454360485076904296875">
        <ele>164.399993896484375</ele>
        <time>2026-09-22T09:56:37.000Z</time>
      </trkpt>
      <trkpt lat="39.48051072657108306884765625" lon="8.40392469428479671478271484375">
        <ele>164.600006103515625</ele>
        <time>2026-09-22T09:56:38.000Z</time>
      </trkpt>
      <trkpt lat="39.480451047420501708984375" lon="8.40388345532119274139404296875">
        <ele>165</ele>
        <time>2026-09-22T09:56:42.000Z</time>
      </trkpt>
      <trkpt lat="39.48042891919612884521484375" lon="8.40386048890650272369384765625">
        <ele>165.1999969482421875</ele>
        <time>2026-09-22T09:56:44.000Z</time>
      </trkpt>
      <trkpt lat="39.48040737770497798919677734375" lon="8.403835259377956390380859375">
        <ele>164.8000030517578125</ele>
        <time>2026-09-22T09:56:46.000Z</time>
      </trkpt>
      <trkpt lat="39.4803670607507228851318359375" lon="8.4038092754781246185302734375">
        <ele>164.8000030517578125</ele>
        <time>2026-09-22T09:56:49.000Z</time>
      </trkpt>
      <trkpt lat="39.4803402386605739593505859375" lon="8.4037898294627666473388671875">
        <ele>164.600006103515625</ele>
        <time>2026-09-22T09:56:51.000Z</time>
      </trkpt>
      <trkpt lat="39.48032657615840435028076171875" lon="8.40378127992153167724609375">
        <ele>164.600006103515625</ele>
        <time>2026-09-22T09:56:52.000Z</time>
      </trkpt>
      <trkpt lat="39.48029346764087677001953125" lon="8.40376342646777629852294921875">
        <ele>164.8000030517578125</ele>
        <time>2026-09-22T09:56:54.000Z</time>
      </trkpt>
      <trkpt lat="39.48026672936975955963134765625" lon="8.4037425555288791656494140625">
        <ele>164.8000030517578125</ele>
        <time>2026-09-22T09:56:56.000Z</time>
      </trkpt>
      <trkpt lat="39.4802202098071575164794921875" lon="8.4037147276103496551513671875">
        <ele>165.600006103515625</ele>
        <time>2026-09-22T09:56:59.000Z</time>
      </trkpt>
      <trkpt lat="39.4802101515233516693115234375" lon="8.40370894409716129302978515625">
        <ele>165.8000030517578125</ele>
        <time>2026-09-22T09:57:00.000Z</time>
      </trkpt>
      <trkpt lat="39.48016916401684284210205078125" lon="8.403696119785308837890625">
        <ele>167</ele>
        <time>2026-09-22T09:57:03.000Z</time>
      </trkpt>
      <trkpt lat="39.48013748042285442352294921875" lon="8.40369285084307193756103515625">
        <ele>168</ele>
        <time>2026-09-22T09:57:05.000Z</time>
      </trkpt>
      <trkpt lat="39.4801104068756103515625" lon="8.40367977507412433624267578125">
        <ele>168.600006103515625</ele>
        <time>2026-09-22T09:57:07.000Z</time>
      </trkpt>
      <trkpt lat="39.48010043241083621978759765625" lon="8.4036765061318874359130859375">
        <ele>168.8000030517578125</ele>
        <time>2026-09-22T09:57:08.000Z</time>
      </trkpt>
      <trkpt lat="39.48002197779715061187744140625" lon="8.40363434515893459320068359375">
        <ele>170.399993896484375</ele>
        <time>2026-09-22T09:57:14.000Z</time>
      </trkpt>
      <trkpt lat="39.47996431030333042144775390625" lon="8.40354231186211109161376953125">
        <ele>170.600006103515625</ele>
        <time>2026-09-22T09:57:21.000Z</time>
      </trkpt>
      <trkpt lat="39.47996464557945728302001953125" lon="8.4035231173038482666015625">
        <ele>170</ele>
        <time>2026-09-22T09:57:22.000Z</time>
      </trkpt>
      <trkpt lat="39.4799335487186908721923828125" lon="8.4034471772611141204833984375">
        <ele>169.8000030517578125</ele>
        <time>2026-09-22T09:57:29.000Z</time>
      </trkpt>
      <trkpt lat="39.4799201376736164093017578125" lon="8.40342764742672443389892578125">
        <ele>170</ele>
        <time>2026-09-22T09:57:31.000Z</time>
      </trkpt>
      <trkpt lat="39.47989113628864288330078125" lon="8.40338163077831268310546875">
        <ele>170.399993896484375</ele>
        <time>2026-09-22T09:57:35.000Z</time>
      </trkpt>
      <trkpt lat="39.4798866100609302520751953125" lon="8.40336796827614307403564453125">
        <ele>170.399993896484375</ele>
        <time>2026-09-22T09:57:36.000Z</time>
      </trkpt>
      <trkpt lat="39.479863308370113372802734375" lon="8.40332555584609508514404296875">
        <ele>170.600006103515625</ele>
        <time>2026-09-22T09:57:39.000Z</time>
      </trkpt>
      <trkpt lat="39.479818046092987060546875" lon="8.403189517557621002197265625">
        <ele>173</ele>
        <time>2026-09-22T09:57:48.000Z</time>
      </trkpt>
      <trkpt lat="39.4798101671040058135986328125" lon="8.4030327759683132171630859375">
        <ele>173.600006103515625</ele>
        <time>2026-09-22T09:57:56.000Z</time>
      </trkpt>
      <trkpt lat="39.4798094965517520904541015625" lon="8.4028668142855167388916015625">
        <ele>176.600006103515625</ele>
        <time>2026-09-22T09:58:04.000Z</time>
      </trkpt>
      <trkpt lat="39.4798086583614349365234375" lon="8.40278157033026218414306640625">
        <ele>178</ele>
        <time>2026-09-22T09:58:09.000Z</time>
      </trkpt>
      <trkpt lat="39.47981595061719417572021484375" lon="8.40274150483310222625732421875">
        <ele>178</ele>
        <time>2026-09-22T09:58:12.000Z</time>
      </trkpt>
      <trkpt lat="39.479857943952083587646484375" lon="8.40263136662542819976806640625">
        <ele>177</ele>
        <time>2026-09-22T09:58:20.000Z</time>
      </trkpt>
      <trkpt lat="39.47985987178981304168701171875" lon="8.402620218694210052490234375">
        <ele>177.1999969482421875</ele>
        <time>2026-09-22T09:58:21.000Z</time>
      </trkpt>
      <trkpt lat="39.4798685051500797271728515625" lon="8.402589373290538787841796875">
        <ele>177</ele>
        <time>2026-09-22T09:58:23.000Z</time>
      </trkpt>
      <trkpt lat="39.47986699640750885009765625" lon="8.40255408547818660736083984375">
        <ele>177.399993896484375</ele>
        <time>2026-09-22T09:58:25.000Z</time>
      </trkpt>
      <trkpt lat="39.4798815809190273284912109375" lon="8.4024919755756855010986328125">
        <ele>177.1999969482421875</ele>
        <time>2026-09-22T09:58:30.000Z</time>
      </trkpt>
      <trkpt lat="39.4798819161951541900634765625" lon="8.40246741659939289093017578125">
        <ele>177.399993896484375</ele>
        <time>2026-09-22T09:58:32.000Z</time>
      </trkpt>
      <trkpt lat="39.47990748099982738494873046875" lon="8.402381837368011474609375">
        <ele>176.399993896484375</ele>
        <time>2026-09-22T09:58:38.000Z</time>
      </trkpt>
      <trkpt lat="39.47991393506526947021484375" lon="8.40233615599572658538818359375">
        <ele>176.8000030517578125</ele>
        <time>2026-09-22T09:58:41.000Z</time>
      </trkpt>
      <trkpt lat="39.4799201376736164093017578125" lon="8.40231411159038543701171875">
        <ele>176.8000030517578125</ele>
        <time>2026-09-22T09:58:43.000Z</time>
      </trkpt>
      <trkpt lat="39.4799322076141834259033203125" lon="8.4022651612758636474609375">
        <ele>177</ele>
        <time>2026-09-22T09:58:47.000Z</time>
      </trkpt>
      <trkpt lat="39.4799400866031646728515625" lon="8.40216717682778835296630859375">
        <ele>178.1999969482421875</ele>
        <time>2026-09-22T09:58:54.000Z</time>
      </trkpt>
      <trkpt lat="39.47993681766092777252197265625" lon="8.40199895203113555908203125">
        <ele>180</ele>
        <time>2026-09-22T09:59:04.000Z</time>
      </trkpt>
      <trkpt lat="39.47993547655642032623291015625" lon="8.40198143385350704193115234375">
        <ele>180.1999969482421875</ele>
        <time>2026-09-22T09:59:05.000Z</time>
      </trkpt>
      <trkpt lat="39.47993413545191287994384765625" lon="8.40189845301210880279541015625">
        <ele>181.1999969482421875</ele>
        <time>2026-09-22T09:59:10.000Z</time>
      </trkpt>
      <trkpt lat="39.47992742992937564849853515625" lon="8.40186056680977344512939453125">
        <ele>181.600006103515625</ele>
        <time>2026-09-22T09:59:13.000Z</time>
      </trkpt>
      <trkpt lat="39.47991670109331607818603515625" lon="8.40173584409058094024658203125">
        <ele>182.600006103515625</ele>
        <time>2026-09-22T09:59:23.000Z</time>
      </trkpt>
      <trkpt lat="39.479906223714351654052734375" lon="8.40159838087856769561767578125">
        <ele>183.1999969482421875</ele>
        <time>2026-09-22T09:59:31.000Z</time>
      </trkpt>
      <trkpt lat="39.4798906333744525909423828125" lon="8.4014774300158023834228515625">
        <ele>183.600006103515625</ele>
        <time>2026-09-22T09:59:41.000Z</time>
      </trkpt>
      <trkpt lat="39.4798594526946544647216796875" lon="8.40139252133667469024658203125">
        <ele>185.1999969482421875</ele>
        <time>2026-09-22T09:59:48.000Z</time>
      </trkpt>
      <trkpt lat="39.4797809980809688568115234375" lon="8.40128925628960132598876953125">
        <ele>187.600006103515625</ele>
        <time>2026-09-22T09:59:57.000Z</time>
      </trkpt>
      <trkpt lat="39.47972291149199008941650390625" lon="8.40121901594102382659912109375">
        <ele>189.1999969482421875</ele>
        <time>2026-09-22T10:00:05.000Z</time>
      </trkpt>
      <trkpt lat="39.479638002812862396240234375" lon="8.4011491946876049041748046875">
        <ele>191.1999969482421875</ele>
        <time>2026-09-22T10:00:13.000Z</time>
      </trkpt>
      <trkpt lat="39.4795654155313968658447265625" lon="8.40107300318777561187744140625">
        <ele>192.8000030517578125</ele>
        <time>2026-09-22T10:00:22.000Z</time>
      </trkpt>
      <trkpt lat="39.4794983603060245513916015625" lon="8.40100997127592563629150390625">
        <ele>194.8000030517578125</ele>
        <time>2026-09-22T10:00:28.000Z</time>
      </trkpt>
      <trkpt lat="39.47948872111737728118896484375" lon="8.4010036848485469818115234375">
        <ele>195</ele>
        <time>2026-09-22T10:00:29.000Z</time>
      </trkpt>
      <trkpt lat="39.47942015714943408966064453125" lon="8.40096806176006793975830078125">
        <ele>197</ele>
        <time>2026-09-22T10:00:36.000Z</time>
      </trkpt>
      <trkpt lat="39.47933533228933811187744140625" lon="8.40089916251599788665771484375">
        <ele>198.600006103515625</ele>
        <time>2026-09-22T10:00:45.000Z</time>
      </trkpt>
      <trkpt lat="39.4792147167026996612548828125" lon="8.400828503072261810302734375">
        <ele>201</ele>
        <time>2026-09-22T10:00:54.000Z</time>
      </trkpt>
      <trkpt lat="39.47910231538116931915283203125" lon="8.4008006751537322998046875">
        <ele>202.399993896484375</ele>
        <time>2026-09-22T10:01:03.000Z</time>
      </trkpt>
      <trkpt lat="39.479013048112392425537109375" lon="8.40076639316976070404052734375">
        <ele>202.600006103515625</ele>
        <time>2026-09-22T10:01:11.000Z</time>
      </trkpt>
      <trkpt lat="39.478873573243618011474609375" lon="8.40069950558245182037353515625">
        <ele>202.8000030517578125</ele>
        <time>2026-09-22T10:01:21.000Z</time>
      </trkpt>
      <trkpt lat="39.478772319853305816650390625" lon="8.4006881900131702423095703125">
        <ele>201.600006103515625</ele>
        <time>2026-09-22T10:01:28.000Z</time>
      </trkpt>
      <trkpt lat="39.47875865735113620758056640625" lon="8.4006784670054912567138671875">
        <ele>201.1999969482421875</ele>
        <time>2026-09-22T10:01:29.000Z</time>
      </trkpt>
      <trkpt lat="39.47873837314546108245849609375" lon="8.400655500590801239013671875">
        <ele>200.8000030517578125</ele>
        <time>2026-09-22T10:01:31.000Z</time>
      </trkpt>
      <trkpt lat="39.4786901772022247314453125" lon="8.4006087295711040496826171875">
        <ele>199.8000030517578125</ele>
        <time>2026-09-22T10:01:35.000Z</time>
      </trkpt>
      <trkpt lat="39.47865421883761882781982421875" lon="8.4005820751190185546875">
        <ele>199.1999969482421875</ele>
        <time>2026-09-22T10:01:38.000Z</time>
      </trkpt>
      <trkpt lat="39.47860677726566791534423828125" lon="8.400555588304996490478515625">
        <ele>198.600006103515625</ele>
        <time>2026-09-22T10:01:42.000Z</time>
      </trkpt>
      <trkpt lat="39.4785615988075733184814453125" lon="8.40053446590900421142578125">
        <ele>197.399993896484375</ele>
        <time>2026-09-22T10:01:46.000Z</time>
      </trkpt>
      <trkpt lat="39.47846747003495693206787109375" lon="8.40057176537811756134033203125">
        <ele>196.399993896484375</ele>
        <time>2026-09-22T10:01:53.000Z</time>
      </trkpt>
      <trkpt lat="39.4783745147287845611572265625" lon="8.40059473179280757904052734375">
        <ele>195.1999969482421875</ele>
        <time>2026-09-22T10:02:01.000Z</time>
      </trkpt>
      <trkpt lat="39.4783416576683521270751953125" lon="8.400595486164093017578125">
        <ele>194.8000030517578125</ele>
        <time>2026-09-22T10:02:04.000Z</time>
      </trkpt>
      <trkpt lat="39.47833168320357799530029296875" lon="8.40059523470699787139892578125">
        <ele>194.8000030517578125</ele>
        <time>2026-09-22T10:02:05.000Z</time>
      </trkpt>
      <trkpt lat="39.47828994132578372955322265625" lon="8.400597833096981048583984375">
        <ele>194</ele>
        <time>2026-09-22T10:02:09.000Z</time>
      </trkpt>
      <trkpt lat="39.47826974093914031982421875" lon="8.40059456415474414825439453125">
        <ele>193.600006103515625</ele>
        <time>2026-09-22T10:02:11.000Z</time>
      </trkpt>
      <trkpt lat="39.47815951891243457794189453125" lon="8.4005798958241939544677734375">
        <ele>191.1999969482421875</ele>
        <time>2026-09-22T10:02:22.000Z</time>
      </trkpt>
      <trkpt lat="39.47814594022929668426513671875" lon="8.40057964436709880828857421875">
        <ele>191</ele>
        <time>2026-09-22T10:02:23.000Z</time>
      </trkpt>
      <trkpt lat="39.47804871015250682830810546875" lon="8.40057671070098876953125">
        <ele>189.1999969482421875</ele>
        <time>2026-09-22T10:02:29.000Z</time>
      </trkpt>
      <trkpt lat="39.47800554335117340087890625" lon="8.4005782194435596466064453125">
        <ele>188.399993896484375</ele>
        <time>2026-09-22T10:02:32.000Z</time>
      </trkpt>
      <trkpt lat="39.4779772125184535980224609375" lon="8.40057813562452793121337890625">
        <ele>187.8000030517578125</ele>
        <time>2026-09-22T10:02:34.000Z</time>
      </trkpt>
      <trkpt lat="39.47793354280292987823486328125" lon="8.40056799352169036865234375">
        <ele>186.600006103515625</ele>
        <time>2026-09-22T10:02:37.000Z</time>
      </trkpt>
      <trkpt lat="39.4778330437839031219482421875" lon="8.40054226107895374298095703125">
        <ele>183.600006103515625</ele>
        <time>2026-09-22T10:02:44.000Z</time>
      </trkpt>
      <trkpt lat="39.4778196327388286590576171875" lon="8.40053572319447994232177734375">
        <ele>183.1999969482421875</ele>
        <time>2026-09-22T10:02:45.000Z</time>
      </trkpt>
      <trkpt lat="39.47767135687172412872314453125" lon="8.400498591363430023193359375">
        <ele>180</ele>
        <time>2026-09-22T10:02:56.000Z</time>
      </trkpt>
      <trkpt lat="39.4775556027889251708984375" lon="8.40049465186893939971923828125">
        <ele>178.8000030517578125</ele>
        <time>2026-09-22T10:03:07.000Z</time>
      </trkpt>
      <trkpt lat="39.47745191864669322967529296875" lon="8.400471769273281097412109375">
        <ele>177.600006103515625</ele>
        <time>2026-09-22T10:03:17.000Z</time>
      </trkpt>
      <trkpt lat="39.47734840214252471923828125" lon="8.4004498086869716644287109375">
        <ele>176.8000030517578125</ele>
        <time>2026-09-22T10:03:25.000Z</time>
      </trkpt>
      <trkpt lat="39.47733792476356029510498046875" lon="8.4004439413547515869140625">
        <ele>176.600006103515625</ele>
        <time>2026-09-22T10:03:26.000Z</time>
      </trkpt>
      <trkpt lat="39.477236755192279815673828125" lon="8.40043547563254833221435546875">
        <ele>176</ele>
        <time>2026-09-22T10:03:34.000Z</time>
      </trkpt>
      <trkpt lat="39.4771534390747547149658203125" lon="8.40042181313037872314453125">
        <ele>175.399993896484375</ele>
        <time>2026-09-22T10:03:40.000Z</time>
      </trkpt>
      <trkpt lat="39.4771004654467105865478515625" lon="8.40042357333004474639892578125">
        <ele>175.399993896484375</ele>
        <time>2026-09-22T10:03:43.000Z</time>
      </trkpt>
      <trkpt lat="39.47704187594354152679443359375" lon="8.40040764771401882171630859375">
        <ele>175</ele>
        <time>2026-09-22T10:03:48.000Z</time>
      </trkpt>
      <trkpt lat="39.47700700722634792327880859375" lon="8.40041108429431915283203125">
        <ele>175</ele>
        <time>2026-09-22T10:03:51.000Z</time>
      </trkpt>
      <trkpt lat="39.47690374217927455902099609375" lon="8.4004363976418972015380859375">
        <ele>175.399993896484375</ele>
        <time>2026-09-22T10:03:59.000Z</time>
      </trkpt>
      <trkpt lat="39.476784802973270416259765625" lon="8.400442600250244140625">
        <ele>174</ele>
        <time>2026-09-22T10:04:08.000Z</time>
      </trkpt>
      <trkpt lat="39.4766783528029918670654296875" lon="8.4004437737166881561279296875">
        <ele>172.399993896484375</ele>
        <time>2026-09-22T10:04:16.000Z</time>
      </trkpt>
      <trkpt lat="39.47662554681301116943359375" lon="8.40043094940483570098876953125">
        <ele>171.8000030517578125</ele>
        <time>2026-09-22T10:04:20.000Z</time>
      </trkpt>
      <trkpt lat="39.4765412248671054840087890625" lon="8.400434888899326324462890625">
        <ele>171.600006103515625</ele>
        <time>2026-09-22T10:04:25.000Z</time>
      </trkpt>
      <trkpt lat="39.47646729648113250732421875" lon="8.40042709372937679290771484375">
        <ele>171.1999969482421875</ele>
        <time>2026-09-22T10:04:30.000Z</time>
      </trkpt>
      <trkpt lat="39.47643779218196868896484375" lon="8.40042206458747386932373046875">
        <ele>171</ele>
        <time>2026-09-22T10:04:32.000Z</time>
      </trkpt>
      <trkpt lat="39.4763963855803012847900390625" lon="8.4004171192646026611328125">
        <ele>170.600006103515625</ele>
        <time>2026-09-22T10:04:35.000Z</time>
      </trkpt>
      <trkpt lat="39.4763534702360630035400390625" lon="8.400399684906005859375">
        <ele>170.1999969482421875</ele>
        <time>2026-09-22T10:04:39.000Z</time>
      </trkpt>
      <trkpt lat="39.476244337856769561767578125" lon="8.4003036282956600189208984375">
        <ele>168.1999969482421875</ele>
        <time>2026-09-22T10:04:50.000Z</time>
      </trkpt>
      <trkpt lat="39.47614517994225025177001953125" lon="8.400254510343074798583984375">
        <ele>167</ele>
        <time>2026-09-22T10:04:59.000Z</time>
      </trkpt>
      <trkpt lat="39.4760259054601192474365234375" lon="8.40019776485860347747802734375">
        <ele>165.8000030517578125</ele>
        <time>2026-09-22T10:05:09.000Z</time>
      </trkpt>
      <trkpt lat="39.4760026037693023681640625" lon="8.4001805819571018218994140625">
        <ele>165.399993896484375</ele>
        <time>2026-09-22T10:05:11.000Z</time>
      </trkpt>
      <trkpt lat="39.475965388119220733642578125" lon="8.40015552006661891937255859375">
        <ele>165</ele>
        <time>2026-09-22T10:05:14.000Z</time>
      </trkpt>
      <trkpt lat="39.47592775337398052215576171875" lon="8.40013540349900722503662109375">
        <ele>164.600006103515625</ele>
        <time>2026-09-22T10:05:17.000Z</time>
      </trkpt>
      <trkpt lat="39.47588668204843997955322265625" lon="8.4001007862389087677001953125">
        <ele>163.8000030517578125</ele>
        <time>2026-09-22T10:05:21.000Z</time>
      </trkpt>
      <trkpt lat="39.47586857713758945465087890625" lon="8.40008117258548736572265625">
        <ele>163.399993896484375</ele>
        <time>2026-09-22T10:05:23.000Z</time>
      </trkpt>
      <trkpt lat="39.47581174783408641815185546875" lon="8.40003557503223419189453125">
        <ele>162.1999969482421875</ele>
        <time>2026-09-22T10:05:28.000Z</time>
      </trkpt>
      <trkpt lat="39.47570286691188812255859375" lon="8.39993809349834918975830078125">
        <ele>159.399993896484375</ele>
        <time>2026-09-22T10:05:38.000Z</time>
      </trkpt>
      <trkpt lat="39.47566841728985309600830078125" lon="8.39985561557114124298095703125">
        <ele>157.8000030517578125</ele>
        <time>2026-09-22T10:05:43.000Z</time>
      </trkpt>
      <trkpt lat="39.47564478032290935516357421875" lon="8.399805910885334014892578125">
        <ele>156.600006103515625</ele>
        <time>2026-09-22T10:05:46.000Z</time>
      </trkpt>
      <trkpt lat="39.47555006481707096099853515625" lon="8.3997155539691448211669921875">
        <ele>154.399993896484375</ele>
        <time>2026-09-22T10:05:54.000Z</time>
      </trkpt>
      <trkpt lat="39.47545585222542285919189453125" lon="8.399621509015560150146484375">
        <ele>153.1999969482421875</ele>
        <time>2026-09-22T10:06:04.000Z</time>
      </trkpt>
      <trkpt lat="39.47534370236098766326904296875" lon="8.3995495922863483428955078125">
        <ele>152.399993896484375</ele>
        <time>2026-09-22T10:06:14.000Z</time>
      </trkpt>
      <trkpt lat="39.475331716239452362060546875" lon="8.39954799972474575042724609375">
        <ele>152.399993896484375</ele>
        <time>2026-09-22T10:06:15.000Z</time>
      </trkpt>
      <trkpt lat="39.47519534267485141754150390625" lon="8.3995158970355987548828125">
        <ele>152.8000030517578125</ele>
        <time>2026-09-22T10:06:25.000Z</time>
      </trkpt>
      <trkpt lat="39.4751209951937198638916015625" lon="8.39945730753242969512939453125">
        <ele>153</ele>
        <time>2026-09-22T10:06:31.000Z</time>
      </trkpt>
      <trkpt lat="39.47509559802711009979248046875" lon="8.3994144760072231292724609375">
        <ele>152.8000030517578125</ele>
        <time>2026-09-22T10:06:34.000Z</time>
      </trkpt>
      <trkpt lat="39.47502560913562774658203125" lon="8.39929067529737949371337890625">
        <ele>152.1999969482421875</ele>
        <time>2026-09-22T10:06:42.000Z</time>
      </trkpt>
      <trkpt lat="39.47496014647185802459716796875" lon="8.399220518767833709716796875">
        <ele>152.399993896484375</ele>
        <time>2026-09-22T10:06:48.000Z</time>
      </trkpt>
      <trkpt lat="39.47491304017603397369384765625" lon="8.39906251989305019378662109375">
        <ele>151.600006103515625</ele>
        <time>2026-09-22T10:06:56.000Z</time>
      </trkpt>
      <trkpt lat="39.4748893193900585174560546875" lon="8.398852385580539703369140625">
        <ele>150.399993896484375</ele>
        <time>2026-09-22T10:07:07.000Z</time>
      </trkpt>
      <trkpt lat="39.4748678617179393768310546875" lon="8.39873361401259899139404296875">
        <ele>150.399993896484375</ele>
        <time>2026-09-22T10:07:16.000Z</time>
      </trkpt>
      <trkpt lat="39.47483944706618785858154296875" lon="8.39855457656085491180419921875">
        <ele>149.399993896484375</ele>
        <time>2026-09-22T10:07:27.000Z</time>
      </trkpt>
      <trkpt lat="39.4747847132384777069091796875" lon="8.39840948581695556640625">
        <ele>148.1999969482421875</ele>
        <time>2026-09-22T10:07:36.000Z</time>
      </trkpt>
      <trkpt lat="39.4746972061693668365478515625" lon="8.39826154522597789764404296875">
        <ele>147.399993896484375</ele>
        <time>2026-09-22T10:07:46.000Z</time>
      </trkpt>
      <trkpt lat="39.47468723170459270477294921875" lon="8.39824729599058628082275390625">
        <ele>147.1999969482421875</ele>
        <time>2026-09-22T10:07:47.000Z</time>
      </trkpt>
      <trkpt lat="39.4746110402047634124755859375" lon="8.398150317370891571044921875">
        <ele>145.8000030517578125</ele>
        <time>2026-09-22T10:07:55.000Z</time>
      </trkpt>
      <trkpt lat="39.4745268858969211578369140625" lon="8.39810513891279697418212890625">
        <ele>145.1999969482421875</ele>
        <time>2026-09-22T10:08:02.000Z</time>
      </trkpt>
      <trkpt lat="39.47443158365786075592041015625" lon="8.3981001935899257659912109375">
        <ele>145.1999969482421875</ele>
        <time>2026-09-22T10:08:09.000Z</time>
      </trkpt>
      <trkpt lat="39.47430677711963653564453125" lon="8.39809239841997623443603515625">
        <ele>144.8000030517578125</ele>
        <time>2026-09-22T10:08:18.000Z</time>
      </trkpt>
      <trkpt lat="39.4742405600845813751220703125" lon="8.39810530655086040496826171875">
        <ele>144.600006103515625</ele>
        <time>2026-09-22T10:08:23.000Z</time>
      </trkpt>
      <trkpt lat="39.4741989858448505401611328125" lon="8.3981179632246494293212890625">
        <ele>144.399993896484375</ele>
        <time>2026-09-22T10:08:26.000Z</time>
      </trkpt>
      <trkpt lat="39.4741064496338367462158203125" lon="8.39813548140227794647216796875">
        <ele>143.399993896484375</ele>
        <time>2026-09-22T10:08:34.000Z</time>
      </trkpt>
      <trkpt lat="39.4739844091236591339111328125" lon="8.39814168401062488555908203125">
        <ele>141.600006103515625</ele>
        <time>2026-09-22T10:08:45.000Z</time>
      </trkpt>
      <trkpt lat="39.4738918729126453399658203125" lon="8.3981330506503582000732421875">
        <ele>140</ele>
        <time>2026-09-22T10:08:54.000Z</time>
      </trkpt>
      <trkpt lat="39.47375424206256866455078125" lon="8.39810363017022609710693359375">
        <ele>138.1999969482421875</ele>
        <time>2026-09-22T10:09:06.000Z</time>
      </trkpt>
      <trkpt lat="39.473656676709651947021484375" lon="8.39806725271046161651611328125">
        <ele>136.8000030517578125</ele>
        <time>2026-09-22T10:09:14.000Z</time>
      </trkpt>
      <trkpt lat="39.47358903475105762481689453125" lon="8.39805015362799167633056640625">
        <ele>136.399993896484375</ele>
        <time>2026-09-22T10:09:19.000Z</time>
      </trkpt>
      <trkpt lat="39.47350504808127880096435546875" lon="8.3980192244052886962890625">
        <ele>136.1999969482421875</ele>
        <time>2026-09-22T10:09:25.000Z</time>
      </trkpt>
      <trkpt lat="39.47348074056208133697509765625" lon="8.39800640009343624114990234375">
        <ele>136.1999969482421875</ele>
        <time>2026-09-22T10:09:27.000Z</time>
      </trkpt>
      <trkpt lat="39.4734456203877925872802734375" lon="8.3979912288486957550048828125">
        <ele>136.399993896484375</ele>
        <time>2026-09-22T10:09:30.000Z</time>
      </trkpt>
      <trkpt lat="39.47340714745223522186279296875" lon="8.3979885466396808624267578125">
        <ele>136.399993896484375</ele>
        <time>2026-09-22T10:09:33.000Z</time>
      </trkpt>
      <trkpt lat="39.473311342298984527587890625" lon="8.397969938814640045166015625">
        <ele>136.8000030517578125</ele>
        <time>2026-09-22T10:09:39.000Z</time>
      </trkpt>
      <trkpt lat="39.47326482273638248443603515625" lon="8.39794906787574291229248046875">
        <ele>137</ele>
        <time>2026-09-22T10:09:43.000Z</time>
      </trkpt>
      <trkpt lat="39.4732551835477352142333984375" lon="8.39794286526739597320556640625">
        <ele>137.1999969482421875</ele>
        <time>2026-09-22T10:09:44.000Z</time>
      </trkpt>
      <trkpt lat="39.473133981227874755859375" lon="8.39792258106172084808349609375">
        <ele>138.399993896484375</ele>
        <time>2026-09-22T10:09:52.000Z</time>
      </trkpt>
      <trkpt lat="39.473053850233554840087890625" lon="8.39788871817290782928466796875">
        <ele>139</ele>
        <time>2026-09-22T10:09:58.000Z</time>
      </trkpt>
      <trkpt lat="39.47303733788430690765380859375" lon="8.39786457829177379608154296875">
        <ele>139</ele>
        <time>2026-09-22T10:10:00.000Z</time>
      </trkpt>
      <trkpt lat="39.47302401065826416015625" lon="8.39785619638860225677490234375">
        <ele>139</ele>
        <time>2026-09-22T10:10:01.000Z</time>
      </trkpt>
      <trkpt lat="39.47299576364457607269287109375" lon="8.39784446172416210174560546875">
        <ele>139.1999969482421875</ele>
        <time>2026-09-22T10:10:03.000Z</time>
      </trkpt>
      <trkpt lat="39.47298771701753139495849609375" lon="8.39783255942165851593017578125">
        <ele>139.1999969482421875</ele>
        <time>2026-09-22T10:10:04.000Z</time>
      </trkpt>
      <trkpt lat="39.47296022437512874603271484375" lon="8.39780154637992382049560546875">
        <ele>139.399993896484375</ele>
        <time>2026-09-22T10:10:07.000Z</time>
      </trkpt>
      <trkpt lat="39.47293843142688274383544921875" lon="8.39778495021164417266845703125">
        <ele>139.399993896484375</ele>
        <time>2026-09-22T10:10:09.000Z</time>
      </trkpt>
      <trkpt lat="39.4729279540479183197021484375" lon="8.3977800048887729644775390625">
        <ele>139.600006103515625</ele>
        <time>2026-09-22T10:10:10.000Z</time>
      </trkpt>
      <trkpt lat="39.4728337414562702178955078125" lon="8.39769643731415271759033203125">
        <ele>139.399993896484375</ele>
        <time>2026-09-22T10:10:19.000Z</time>
      </trkpt>
      <trkpt lat="39.47276090271770954132080078125" lon="8.3976090140640735626220703125">
        <ele>138.600006103515625</ele>
        <time>2026-09-22T10:10:26.000Z</time>
      </trkpt>
      <trkpt lat="39.4727388583123683929443359375" lon="8.3975771628320217132568359375">
        <ele>138.1999969482421875</ele>
        <time>2026-09-22T10:10:28.000Z</time>
      </trkpt>
      <trkpt lat="39.47268295101821422576904296875" lon="8.3975101076066493988037109375">
        <ele>137.600006103515625</ele>
        <time>2026-09-22T10:10:33.000Z</time>
      </trkpt>
      <trkpt lat="39.47261237539350986480712890625" lon="8.397455625236034393310546875">
        <ele>137.399993896484375</ele>
        <time>2026-09-22T10:10:38.000Z</time>
      </trkpt>
      <trkpt lat="39.472567699849605560302734375" lon="8.3974277973175048828125">
        <ele>137.1999969482421875</ele>
        <time>2026-09-22T10:10:41.000Z</time>
      </trkpt>
      <trkpt lat="39.47251698933541774749755859375" lon="8.3974075131118297576904296875">
        <ele>137.399993896484375</ele>
        <time>2026-09-22T10:10:44.000Z</time>
      </trkpt>
      <trkpt lat="39.472488574683666229248046875" lon="8.39739334769546985626220703125">
        <ele>137.399993896484375</ele>
        <time>2026-09-22T10:10:46.000Z</time>
      </trkpt>
      <trkpt lat="39.47247474454343318939208984375" lon="8.397390581667423248291015625">
        <ele>137.399993896484375</ele>
        <time>2026-09-22T10:10:47.000Z</time>
      </trkpt>
      <trkpt lat="39.47244775481522083282470703125" lon="8.3973786793649196624755859375">
        <ele>137.1999969482421875</ele>
        <time>2026-09-22T10:10:49.000Z</time>
      </trkpt>
      <trkpt lat="39.47238774038851261138916015625" lon="8.397363759577274322509765625">
        <ele>137</ele>
        <time>2026-09-22T10:10:53.000Z</time>
      </trkpt>
      <trkpt lat="39.47226134128868579864501953125" lon="8.3973213471472263336181640625">
        <ele>136.8000030517578125</ele>
        <time>2026-09-22T10:11:02.000Z</time>
      </trkpt>
      <trkpt lat="39.47221674956381320953369140625" lon="8.3973032422363758087158203125">
        <ele>136.8000030517578125</ele>
        <time>2026-09-22T10:11:07.000Z</time>
      </trkpt>
      <trkpt lat="39.47214600630104541778564453125" lon="8.3972915075719356536865234375">
        <ele>136.399993896484375</ele>
        <time>2026-09-22T10:11:13.000Z</time>
      </trkpt>
      <trkpt lat="39.47211164049804210662841796875" lon="8.39727968908846378326416015625">
        <ele>136.1999969482421875</ele>
        <time>2026-09-22T10:11:17.000Z</time>
      </trkpt>
      <trkpt lat="39.47209068574011325836181640625" lon="8.39727264828979969024658203125">
        <ele>136</ele>
        <time>2026-09-22T10:11:19.000Z</time>
      </trkpt>
      <trkpt lat="39.47207090444862842559814453125" lon="8.39726661331951618194580078125">
        <ele>135.8000030517578125</ele>
        <time>2026-09-22T10:11:21.000Z</time>
      </trkpt>
      <trkpt lat="39.4720401428639888763427734375" lon="8.3972613327205181121826171875">
        <ele>135.8000030517578125</ele>
        <time>2026-09-22T10:11:24.000Z</time>
      </trkpt>
      <trkpt lat="39.47194366715848445892333984375" lon="8.3972140587866306304931640625">
        <ele>134.399993896484375</ele>
        <time>2026-09-22T10:11:33.000Z</time>
      </trkpt>
      <trkpt lat="39.47181844152510166168212890625" lon="8.39714742265641689300537109375">
        <ele>133.1999969482421875</ele>
        <time>2026-09-22T10:11:42.000Z</time>
      </trkpt>
      <trkpt lat="39.4717011786997318267822265625" lon="8.3971394598484039306640625">
        <ele>133</ele>
        <time>2026-09-22T10:11:50.000Z</time>
      </trkpt>
      <trkpt lat="39.471610151231288909912109375" lon="8.39712747372686862945556640625">
        <ele>132.399993896484375</ele>
        <time>2026-09-22T10:11:59.000Z</time>
      </trkpt>
      <trkpt lat="39.47153513319790363311767578125" lon="8.397123031318187713623046875">
        <ele>131.399993896484375</ele>
        <time>2026-09-22T10:12:06.000Z</time>
      </trkpt>
      <trkpt lat="39.47146573103964328765869140625" lon="8.39708087034523487091064453125">
        <ele>130</ele>
        <time>2026-09-22T10:12:13.000Z</time>
      </trkpt>
      <trkpt lat="39.471438489854335784912109375" lon="8.3970844745635986328125">
        <ele>129.600006103515625</ele>
        <time>2026-09-22T10:12:15.000Z</time>
      </trkpt>
      <trkpt lat="39.4713581912219524383544921875" lon="8.39707600884139537811279296875">
        <ele>128.8000030517578125</ele>
        <time>2026-09-22T10:12:20.000Z</time>
      </trkpt>
      <trkpt lat="39.47131468914449214935302734375" lon="8.39705404825508594512939453125">
        <ele>128.8000030517578125</ele>
        <time>2026-09-22T10:12:23.000Z</time>
      </trkpt>
      <trkpt lat="39.47122617624700069427490234375" lon="8.3969793654978275299072265625">
        <ele>128.1999969482421875</ele>
        <time>2026-09-22T10:12:30.000Z</time>
      </trkpt>
      <trkpt lat="39.4711043871939182281494140625" lon="8.396903090178966522216796875">
        <ele>127.8000030517578125</ele>
        <time>2026-09-22T10:12:39.000Z</time>
      </trkpt>
      <trkpt lat="39.471014700829982757568359375" lon="8.396803177893161773681640625">
        <ele>127.8000030517578125</ele>
        <time>2026-09-22T10:12:49.000Z</time>
      </trkpt>
      <trkpt lat="39.4708837755024433135986328125" lon="8.39667552150785923004150390625">
        <ele>127.8000030517578125</ele>
        <time>2026-09-22T10:13:01.000Z</time>
      </trkpt>
      <trkpt lat="39.47079132311046123504638671875" lon="8.396549038589000701904296875">
        <ele>126.59999847412109375</ele>
        <time>2026-09-22T10:13:11.000Z</time>
      </trkpt>
      <trkpt lat="39.47073809802532196044921875" lon="8.39646748267114162445068359375">
        <ele>125.59999847412109375</ele>
        <time>2026-09-22T10:13:18.000Z</time>
      </trkpt>
      <trkpt lat="39.47070532478392124176025390625" lon="8.396412245929241180419921875">
        <ele>124.8000030517578125</ele>
        <time>2026-09-22T10:13:23.000Z</time>
      </trkpt>
      <trkpt lat="39.47070146910846233367919921875" lon="8.39639707468450069427490234375">
        <ele>124.59999847412109375</ele>
        <time>2026-09-22T10:13:24.000Z</time>
      </trkpt>
      <trkpt lat="39.47068847715854644775390625" lon="8.39636824093759059906005859375">
        <ele>124.1999969482421875</ele>
        <time>2026-09-22T10:13:26.000Z</time>
      </trkpt>
      <trkpt lat="39.47068034671247005462646484375" lon="8.39635650627315044403076171875">
        <ele>124</ele>
        <time>2026-09-22T10:13:27.000Z</time>
      </trkpt>
      <trkpt lat="39.47060474194586277008056640625" lon="8.396214433014392852783203125">
        <ele>122.40000152587890625</ele>
        <time>2026-09-22T10:13:36.000Z</time>
      </trkpt>
      <trkpt lat="39.470504410564899444580078125" lon="8.396083675324916839599609375">
        <ele>121.1999969482421875</ele>
        <time>2026-09-22T10:13:45.000Z</time>
      </trkpt>
      <trkpt lat="39.4704750739037990570068359375" lon="8.396040089428424835205078125">
        <ele>120.59999847412109375</ele>
        <time>2026-09-22T10:13:48.000Z</time>
      </trkpt>
      <trkpt lat="39.470448754727840423583984375" lon="8.39599139057099819183349609375">
        <ele>120</ele>
        <time>2026-09-22T10:13:51.000Z</time>
      </trkpt>
      <trkpt lat="39.47038982994854450225830078125" lon="8.39592265896499156951904296875">
        <ele>119.1999969482421875</ele>
        <time>2026-09-22T10:13:56.000Z</time>
      </trkpt>
      <trkpt lat="39.47037038393318653106689453125" lon="8.39589214883744716644287109375">
        <ele>119</ele>
        <time>2026-09-22T10:13:58.000Z</time>
      </trkpt>
      <trkpt lat="39.470315985381603240966796875" lon="8.395812772214412689208984375">
        <ele>118</ele>
        <time>2026-09-22T10:14:05.000Z</time>
      </trkpt>
      <trkpt lat="39.47025253437459468841552734375" lon="8.395755775272846221923828125">
        <ele>117.40000152587890625</ele>
        <time>2026-09-22T10:14:13.000Z</time>
      </trkpt>
      <trkpt lat="39.4701729901134967803955078125" lon="8.39567874558269977569580078125">
        <ele>116.59999847412109375</ele>
        <time>2026-09-22T10:14:21.000Z</time>
      </trkpt>
      <trkpt lat="39.4701019115746021270751953125" lon="8.39555938728153705596923828125">
        <ele>115.40000152587890625</ele>
        <time>2026-09-22T10:14:29.000Z</time>
      </trkpt>
      <trkpt lat="39.47004131041467189788818359375" lon="8.39541521854698657989501953125">
        <ele>114.59999847412109375</ele>
        <time>2026-09-22T10:14:38.000Z</time>
      </trkpt>
      <trkpt lat="39.4699932821094989776611328125" lon="8.39532033540308475494384765625">
        <ele>114.1999969482421875</ele>
        <time>2026-09-22T10:14:44.000Z</time>
      </trkpt>
      <trkpt lat="39.46994575671851634979248046875" lon="8.39524104259908199310302734375">
        <ele>113.40000152587890625</ele>
        <time>2026-09-22T10:14:50.000Z</time>
      </trkpt>
      <trkpt lat="39.46990393102169036865234375" lon="8.395142219960689544677734375">
        <ele>112.59999847412109375</ele>
        <time>2026-09-22T10:14:58.000Z</time>
      </trkpt>
      <trkpt lat="39.46988104842603206634521484375" lon="8.39511506259441375732421875">
        <ele>112.1999969482421875</ele>
        <time>2026-09-22T10:15:01.000Z</time>
      </trkpt>
      <trkpt lat="39.46987367235124111175537109375" lon="8.3950924314558506011962890625">
        <ele>112</ele>
        <time>2026-09-22T10:15:03.000Z</time>
      </trkpt>
      <trkpt lat="39.4698657095432281494140625" lon="8.39508648030459880828857421875">
        <ele>112</ele>
        <time>2026-09-22T10:15:04.000Z</time>
      </trkpt>
      <trkpt lat="39.469779543578624725341796875" lon="8.39499997906386852264404296875">
        <ele>110.59999847412109375</ele>
        <time>2026-09-22T10:15:13.000Z</time>
      </trkpt>
      <trkpt lat="39.4697170145809650421142578125" lon="8.39488615281879901885986328125">
        <ele>109.8000030517578125</ele>
        <time>2026-09-22T10:15:20.000Z</time>
      </trkpt>
      <trkpt lat="39.46969044394791126251220703125" lon="8.394861929118633270263671875">
        <ele>109.40000152587890625</ele>
        <time>2026-09-22T10:15:22.000Z</time>
      </trkpt>
      <trkpt lat="39.469631016254425048828125" lon="8.3948292396962642669677734375">
        <ele>108.59999847412109375</ele>
        <time>2026-09-22T10:15:26.000Z</time>
      </trkpt>
      <trkpt lat="39.46955901570618152618408203125" lon="8.394817002117633819580078125">
        <ele>107.8000030517578125</ele>
        <time>2026-09-22T10:15:31.000Z</time>
      </trkpt>
      <trkpt lat="39.4694947265088558197021484375" lon="8.39483485557138919830322265625">
        <ele>107.40000152587890625</ele>
        <time>2026-09-22T10:15:35.000Z</time>
      </trkpt>
      <trkpt lat="39.4694065488874912261962890625" lon="8.3948356099426746368408203125">
        <ele>106.8000030517578125</ele>
        <time>2026-09-22T10:15:41.000Z</time>
      </trkpt>
      <trkpt lat="39.4692729413509368896484375" lon="8.3948193490505218505859375">
        <ele>105.1999969482421875</ele>
        <time>2026-09-22T10:15:50.000Z</time>
      </trkpt>
      <trkpt lat="39.4692141003906726837158203125" lon="8.39482010342180728912353515625">
        <ele>104.1999969482421875</ele>
        <time>2026-09-22T10:15:54.000Z</time>
      </trkpt>
      <trkpt lat="39.469158947467803955078125" lon="8.3948128111660480499267578125">
        <ele>103.40000152587890625</ele>
        <time>2026-09-22T10:15:58.000Z</time>
      </trkpt>
      <trkpt lat="39.4690706022083759307861328125" lon="8.39483083225786685943603515625">
        <ele>102.59999847412109375</ele>
        <time>2026-09-22T10:16:05.000Z</time>
      </trkpt>
      <trkpt lat="39.4690605439245700836181640625" lon="8.39483301155269145965576171875">
        <ele>102.40000152587890625</ele>
        <time>2026-09-22T10:16:06.000Z</time>
      </trkpt>
      <trkpt lat="39.4689626432955265045166015625" lon="8.3947977237403392791748046875">
        <ele>101.40000152587890625</ele>
        <time>2026-09-22T10:16:14.000Z</time>
      </trkpt>
      <trkpt lat="39.46892953477799892425537109375" lon="8.3947817981243133544921875">
        <ele>101</ele>
        <time>2026-09-22T10:16:17.000Z</time>
      </trkpt>
      <trkpt lat="39.468840099871158599853515625" lon="8.39479110203683376312255859375">
        <ele>100.1999969482421875</ele>
        <time>2026-09-22T10:16:25.000Z</time>
      </trkpt>
      <trkpt lat="39.46875401772558689117431640625" lon="8.39477366767823696136474609375">
        <ele>99.1999969482421875</ele>
        <time>2026-09-22T10:16:34.000Z</time>
      </trkpt>
      <trkpt lat="39.46861915290355682373046875" lon="8.39477601461112499237060546875">
        <ele>97.8000030517578125</ele>
        <time>2026-09-22T10:16:45.000Z</time>
      </trkpt>
      <trkpt lat="39.46846685372292995452880859375" lon="8.39474684558808803558349609375">
        <ele>96.40000152587890625</ele>
        <time>2026-09-22T10:16:55.000Z</time>
      </trkpt>
      <trkpt lat="39.46831715293228626251220703125" lon="8.39472924359142780303955078125">
        <ele>95.1999969482421875</ele>
        <time>2026-09-22T10:17:04.000Z</time>
      </trkpt>
      <trkpt lat="39.4681526161730289459228515625" lon="8.3947514556348323822021484375">
        <ele>94.59999847412109375</ele>
        <time>2026-09-22T10:17:15.000Z</time>
      </trkpt>
      <trkpt lat="39.4680567272007465362548828125" lon="8.39471885003149509429931640625">
        <ele>94.1999969482421875</ele>
        <time>2026-09-22T10:17:23.000Z</time>
      </trkpt>
      <trkpt lat="39.467974416911602020263671875" lon="8.39471273124217987060546875">
        <ele>93.59999847412109375</ele>
        <time>2026-09-22T10:17:30.000Z</time>
      </trkpt>
      <trkpt lat="39.4678807072341442108154296875" lon="8.3947031758725643157958984375">
        <ele>92.8000030517578125</ele>
        <time>2026-09-22T10:17:38.000Z</time>
      </trkpt>
      <trkpt lat="39.46780183352530002593994140625" lon="8.39471750892698764801025390625">
        <ele>92.40000152587890625</ele>
        <time>2026-09-22T10:17:44.000Z</time>
      </trkpt>
      <trkpt lat="39.4677449204027652740478515625" lon="8.3947135694324970245361328125">
        <ele>91.59999847412109375</ele>
        <time>2026-09-22T10:17:48.000Z</time>
      </trkpt>
      <trkpt lat="39.46760930120944976806640625" lon="8.39470040984451770782470703125">
        <ele>89.8000030517578125</ele>
        <time>2026-09-22T10:17:58.000Z</time>
      </trkpt>
      <trkpt lat="39.46743051521480083465576171875" lon="8.39468733407557010650634765625">
        <ele>87.59999847412109375</ele>
        <time>2026-09-22T10:18:09.000Z</time>
      </trkpt>
      <trkpt lat="39.4672839157283306121826171875" lon="8.39471231214702129364013671875">
        <ele>86.59999847412109375</ele>
        <time>2026-09-22T10:18:19.000Z</time>
      </trkpt>
      <trkpt lat="39.4671286828815937042236328125" lon="8.394721783697605133056640625">
        <ele>85.59999847412109375</ele>
        <time>2026-09-22T10:18:29.000Z</time>
      </trkpt>
      <trkpt lat="39.4669761322438716888427734375" lon="8.39473293162882328033447265625">
        <ele>85.1999969482421875</ele>
        <time>2026-09-22T10:18:40.000Z</time>
      </trkpt>
      <trkpt lat="39.46682819165289402008056640625" lon="8.3947380445897579193115234375">
        <ele>84.1999969482421875</ele>
        <time>2026-09-22T10:18:50.000Z</time>
      </trkpt>
      <trkpt lat="39.46668955497443675994873046875" lon="8.394724465906620025634765625">
        <ele>83.1999969482421875</ele>
        <time>2026-09-22T10:19:00.000Z</time>
      </trkpt>
      <trkpt lat="39.4665935821831226348876953125" lon="8.39471214450895786285400390625">
        <ele>82.8000030517578125</ele>
        <time>2026-09-22T10:19:08.000Z</time>
      </trkpt>
      <trkpt lat="39.46649082005023956298828125" lon="8.3946957997977733612060546875">
        <ele>82.40000152587890625</ele>
        <time>2026-09-22T10:19:17.000Z</time>
      </trkpt>
      <trkpt lat="39.4663538597524166107177734375" lon="8.39470527134835720062255859375">
        <ele>81.8000030517578125</ele>
        <time>2026-09-22T10:19:29.000Z</time>
      </trkpt>
      <trkpt lat="39.46624028496444225311279296875" lon="8.3946981467306613922119140625">
        <ele>81</ele>
        <time>2026-09-22T10:19:38.000Z</time>
      </trkpt>
      <trkpt lat="39.46605538018047809600830078125" lon="8.394711054861545562744140625">
        <ele>80.1999969482421875</ele>
        <time>2026-09-22T10:19:49.000Z</time>
      </trkpt>
      <trkpt lat="39.4659146480262279510498046875" lon="8.394637294113636016845703125">
        <ele>79.8000030517578125</ele>
        <time>2026-09-22T10:19:59.000Z</time>
      </trkpt>
      <trkpt lat="39.46585723198950290679931640625" lon="8.39456059969961643218994140625">
        <ele>79.59999847412109375</ele>
        <time>2026-09-22T10:20:05.000Z</time>
      </trkpt>
      <trkpt lat="39.46577995084226131439208984375" lon="8.394491784274578094482421875">
        <ele>80</ele>
        <time>2026-09-22T10:20:12.000Z</time>
      </trkpt>
      <trkpt lat="39.4657054357230663299560546875" lon="8.3943970687687397003173828125">
        <ele>80.59999847412109375</ele>
        <time>2026-09-22T10:20:21.000Z</time>
      </trkpt>
      <trkpt lat="39.465682804584503173828125" lon="8.394362367689609527587890625">
        <ele>80.40000152587890625</ele>
        <time>2026-09-22T10:20:24.000Z</time>
      </trkpt>
      <trkpt lat="39.46564718149602413177490234375" lon="8.39431802742183208465576171875">
        <ele>80.40000152587890625</ele>
        <time>2026-09-22T10:20:28.000Z</time>
      </trkpt>
      <trkpt lat="39.46559202857315540313720703125" lon="8.39425264857709407806396484375">
        <ele>80.59999847412109375</ele>
        <time>2026-09-22T10:20:34.000Z</time>
      </trkpt>
      <trkpt lat="39.46552899666130542755126953125" lon="8.3941975794732570648193359375">
        <ele>80.8000030517578125</ele>
        <time>2026-09-22T10:20:40.000Z</time>
      </trkpt>
      <trkpt lat="39.4654335267841815948486328125" lon="8.3941020257771015167236328125">
        <ele>81.1999969482421875</ele>
        <time>2026-09-22T10:20:49.000Z</time>
      </trkpt>
      <trkpt lat="39.46533235721290111541748046875" lon="8.39402197860181331634521484375">
        <ele>81.40000152587890625</ele>
        <time>2026-09-22T10:20:57.000Z</time>
      </trkpt>
      <trkpt lat="39.465282149612903594970703125" lon="8.39399012736976146697998046875">
        <ele>81.59999847412109375</ele>
        <time>2026-09-22T10:21:00.000Z</time>
      </trkpt>
      <trkpt lat="39.4652052037417888641357421875" lon="8.3939516544342041015625">
        <ele>81.59999847412109375</ele>
        <time>2026-09-22T10:21:05.000Z</time>
      </trkpt>
      <trkpt lat="39.4651106558740139007568359375" lon="8.39385769329965114593505859375">
        <ele>80.59999847412109375</ele>
        <time>2026-09-22T10:21:13.000Z</time>
      </trkpt>
      <trkpt lat="39.4650439359247684478759765625" lon="8.3938167057931423187255859375">
        <ele>80.1999969482421875</ele>
        <time>2026-09-22T10:21:19.000Z</time>
      </trkpt>
      <trkpt lat="39.46503303945064544677734375" lon="8.3938121795654296875">
        <ele>80.1999969482421875</ele>
        <time>2026-09-22T10:21:20.000Z</time>
      </trkpt>
      <trkpt lat="39.46496170945465564727783203125" lon="8.39375711046159267425537109375">
        <ele>79.40000152587890625</ele>
        <time>2026-09-22T10:21:28.000Z</time>
      </trkpt>
      <trkpt lat="39.46489700116217136383056640625" lon="8.39372861199080944061279296875">
        <ele>78.40000152587890625</ele>
        <time>2026-09-22T10:21:34.000Z</time>
      </trkpt>
      <trkpt lat="39.4648813270032405853271484375" lon="8.39372442103922367095947265625">
        <ele>78.1999969482421875</ele>
        <time>2026-09-22T10:21:35.000Z</time>
      </trkpt>
      <trkpt lat="39.46486431173980236053466796875" lon="8.3937198109924793243408203125">
        <ele>78</ele>
        <time>2026-09-22T10:21:36.000Z</time>
      </trkpt>
      <trkpt lat="39.464851319789886474609375" lon="8.39371453039348125457763671875">
        <ele>78</ele>
        <time>2026-09-22T10:21:37.000Z</time>
      </trkpt>
      <trkpt lat="39.4648089073598384857177734375" lon="8.3937000297009944915771484375">
        <ele>77.59999847412109375</ele>
        <time>2026-09-22T10:21:40.000Z</time>
      </trkpt>
      <trkpt lat="39.46478149853646755218505859375" lon="8.39370078407227993011474609375">
        <ele>77.59999847412109375</ele>
        <time>2026-09-22T10:21:42.000Z</time>
      </trkpt>
      <trkpt lat="39.46473799645900726318359375" lon="8.3936996944248676300048828125">
        <ele>77.59999847412109375</ele>
        <time>2026-09-22T10:21:45.000Z</time>
      </trkpt>
      <trkpt lat="39.4645976833999156951904296875" lon="8.39366734027862548828125">
        <ele>76.40000152587890625</ele>
        <time>2026-09-22T10:21:56.000Z</time>
      </trkpt>
      <trkpt lat="39.4645376689732074737548828125" lon="8.39365434832870960235595703125">
        <ele>76</ele>
        <time>2026-09-22T10:22:01.000Z</time>
      </trkpt>
      <trkpt lat="39.4644692726433277130126953125" lon="8.39365669526159763336181640625">
        <ele>75.8000030517578125</ele>
        <time>2026-09-22T10:22:06.000Z</time>
      </trkpt>
      <trkpt lat="39.4643644988536834716796875" lon="8.39362903498113155364990234375">
        <ele>75.40000152587890625</ele>
        <time>2026-09-22T10:22:15.000Z</time>
      </trkpt>
      <trkpt lat="39.46433675475418567657470703125" lon="8.3936232514679431915283203125">
        <ele>75.40000152587890625</ele>
        <time>2026-09-22T10:22:17.000Z</time>
      </trkpt>
      <trkpt lat="39.46424170397222042083740234375" lon="8.39361713267862796783447265625">
        <ele>75.59999847412109375</ele>
        <time>2026-09-22T10:22:25.000Z</time>
      </trkpt>
      <trkpt lat="39.46418143808841705322265625" lon="8.3936172164976596832275390625">
        <ele>75.8000030517578125</ele>
        <time>2026-09-22T10:22:30.000Z</time>
      </trkpt>
      <trkpt lat="39.46399561129510402679443359375" lon="8.393626101315021514892578125">
        <ele>75.1999969482421875</ele>
        <time>2026-09-22T10:22:45.000Z</time>
      </trkpt>
      <trkpt lat="39.46398152969777584075927734375" lon="8.39362735860049724578857421875">
        <ele>75.1999969482421875</ele>
        <time>2026-09-22T10:22:46.000Z</time>
      </trkpt>
      <trkpt lat="39.4638181664049625396728515625" lon="8.393659628927707672119140625">
        <ele>75</ele>
        <time>2026-09-22T10:22:59.000Z</time>
      </trkpt>
      <trkpt lat="39.46369235403835773468017578125" lon="8.3936923183500766754150390625">
        <ele>74.40000152587890625</ele>
        <time>2026-09-22T10:23:09.000Z</time>
      </trkpt>
      <trkpt lat="39.46365715004503726959228515625" lon="8.3936916477978229522705078125">
        <ele>74</ele>
        <time>2026-09-22T10:23:16.000Z</time>
      </trkpt>
      <trkpt lat="39.4636237062513828277587890625" lon="8.39369106106460094451904296875">
        <ele>73.59999847412109375</ele>
        <time>2026-09-22T10:23:32.000Z</time>
      </trkpt>
      <trkpt lat="39.463469982147216796875" lon="8.39366574771702289581298828125">
        <ele>72.40000152587890625</ele>
        <time>2026-09-22T10:23:43.000Z</time>
      </trkpt>
      <trkpt lat="39.4633739255368709564208984375" lon="8.393645547330379486083984375">
        <ele>71.59999847412109375</ele>
        <time>2026-09-22T10:23:51.000Z</time>
      </trkpt>
      <trkpt lat="39.463348947465419769287109375" lon="8.39363004080951213836669921875">
        <ele>71.1999969482421875</ele>
        <time>2026-09-22T10:23:53.000Z</time>
      </trkpt>
      <trkpt lat="39.4632461853325366973876953125" lon="8.39358326978981494903564453125">
        <ele>70</ele>
        <time>2026-09-22T10:24:01.000Z</time>
      </trkpt>
      <trkpt lat="39.46310947649180889129638671875" lon="8.39349995367228984832763671875">
        <ele>68</ele>
        <time>2026-09-22T10:24:13.000Z</time>
      </trkpt>
      <trkpt lat="39.4630205444991588592529296875" lon="8.3934760652482509613037109375">
        <ele>67.40000152587890625</ele>
        <time>2026-09-22T10:24:21.000Z</time>
      </trkpt>
      <trkpt lat="39.46298274211585521697998046875" lon="8.3934686891734600067138671875">
        <ele>67.40000152587890625</ele>
        <time>2026-09-22T10:24:24.000Z</time>
      </trkpt>
      <trkpt lat="39.462954998016357421875" lon="8.39346827007830142974853515625">
        <ele>67.40000152587890625</ele>
        <time>2026-09-22T10:24:26.000Z</time>
      </trkpt>
      <trkpt lat="39.46280906908214092254638671875" lon="8.39343004859983921051025390625">
        <ele>66.8000030517578125</ele>
        <time>2026-09-22T10:24:38.000Z</time>
      </trkpt>
      <trkpt lat="39.46271133609116077423095703125" lon="8.39339467696845531463623046875">
        <ele>66.1999969482421875</ele>
        <time>2026-09-22T10:24:48.000Z</time>
      </trkpt>
      <trkpt lat="39.46260035969316959381103515625" lon="8.3933245204389095306396484375">
        <ele>65</ele>
        <time>2026-09-22T10:24:57.000Z</time>
      </trkpt>
      <trkpt lat="39.4625625573098659515380859375" lon="8.39329828508198261260986328125">
        <ele>64.59999847412109375</ele>
        <time>2026-09-22T10:25:00.000Z</time>
      </trkpt>
      <trkpt lat="39.46254872716963291168212890625" lon="8.39328789152204990386962890625">
        <ele>64.59999847412109375</ele>
        <time>2026-09-22T10:25:01.000Z</time>
      </trkpt>
      <trkpt lat="39.46246214210987091064453125" lon="8.39325034059584140777587890625">
        <ele>64.59999847412109375</ele>
        <time>2026-09-22T10:25:07.000Z</time>
      </trkpt>
      <trkpt lat="39.46238611824810504913330078125" lon="8.393204994499683380126953125">
        <ele>64.59999847412109375</ele>
        <time>2026-09-22T10:25:13.000Z</time>
      </trkpt>
      <trkpt lat="39.46234823204576969146728515625" lon="8.393164090812206268310546875">
        <ele>64.59999847412109375</ele>
        <time>2026-09-22T10:25:16.000Z</time>
      </trkpt>
      <trkpt lat="39.46221579797565937042236328125" lon="8.39307230897247791290283203125">
        <ele>64.40000152587890625</ele>
        <time>2026-09-22T10:25:26.000Z</time>
      </trkpt>
      <trkpt lat="39.46206073276698589324951171875" lon="8.3929738216102123260498046875">
        <ele>64.40000152587890625</ele>
        <time>2026-09-22T10:25:37.000Z</time>
      </trkpt>
      <trkpt lat="39.46193165145814418792724609375" lon="8.3929057605564594268798828125">
        <ele>64.59999847412109375</ele>
        <time>2026-09-22T10:25:46.000Z</time>
      </trkpt>
      <trkpt lat="39.46181631647050380706787109375" lon="8.39286041446030139923095703125">
        <ele>64.40000152587890625</ele>
        <time>2026-09-22T10:25:55.000Z</time>
      </trkpt>
      <trkpt lat="39.4616626761853694915771484375" lon="8.392826803028583526611328125">
        <ele>63.799999237060546875</ele>
        <time>2026-09-22T10:26:05.000Z</time>
      </trkpt>
      <trkpt lat="39.46156938560307025909423828125" lon="8.39278078638017177581787109375">
        <ele>63</ele>
        <time>2026-09-22T10:26:12.000Z</time>
      </trkpt>
      <trkpt lat="39.46154792793095111846923828125" lon="8.392761088907718658447265625">
        <ele>62.799999237060546875</ele>
        <time>2026-09-22T10:26:14.000Z</time>
      </trkpt>
      <trkpt lat="39.46153652854263782501220703125" lon="8.39273468591272830963134765625">
        <ele>62.59999847412109375</ele>
        <time>2026-09-22T10:26:16.000Z</time>
      </trkpt>
      <trkpt lat="39.461520351469516754150390625" lon="8.392687328159809112548828125">
        <ele>62.40000152587890625</ele>
        <time>2026-09-22T10:26:19.000Z</time>
      </trkpt>
      <trkpt lat="39.461506940424442291259765625" lon="8.3925728313624858856201171875">
        <ele>61.799999237060546875</ele>
        <time>2026-09-22T10:26:25.000Z</time>
      </trkpt>
      <trkpt lat="39.46148841641843318939208984375" lon="8.39252614416182041168212890625">
        <ele>61.59999847412109375</ele>
        <time>2026-09-22T10:26:28.000Z</time>
      </trkpt>
      <trkpt lat="39.4614360295236110687255859375" lon="8.3924196101725101470947265625">
        <ele>60.799999237060546875</ele>
        <time>2026-09-22T10:26:35.000Z</time>
      </trkpt>
      <trkpt lat="39.4614242948591709136962890625" lon="8.392407037317752838134765625">
        <ele>60.59999847412109375</ele>
        <time>2026-09-22T10:26:36.000Z</time>
      </trkpt>
      <trkpt lat="39.4614025019109249114990234375" lon="8.39238700456917285919189453125">
        <ele>60.40000152587890625</ele>
        <time>2026-09-22T10:26:38.000Z</time>
      </trkpt>
      <trkpt lat="39.461376853287220001220703125" lon="8.39235565625131130218505859375">
        <ele>60</ele>
        <time>2026-09-22T10:26:41.000Z</time>
      </trkpt>
      <trkpt lat="39.46132513694465160369873046875" lon="8.39232548139989376068115234375">
        <ele>59</ele>
        <time>2026-09-22T10:26:46.000Z</time>
      </trkpt>
      <trkpt lat="39.46131172589957714080810546875" lon="8.39230083860456943511962890625">
        <ele>58.799999237060546875</ele>
        <time>2026-09-22T10:26:48.000Z</time>
      </trkpt>
      <trkpt lat="39.46121181361377239227294921875" lon="8.3922197856009006500244140625">
        <ele>57</ele>
        <time>2026-09-22T10:26:57.000Z</time>
      </trkpt>
      <trkpt lat="39.4610873423516750335693359375" lon="8.39218332432210445404052734375">
        <ele>54.799999237060546875</ele>
        <time>2026-09-22T10:27:06.000Z</time>
      </trkpt>
      <trkpt lat="39.460992626845836639404296875" lon="8.39216186664998531341552734375">
        <ele>53.200000762939453125</ele>
        <time>2026-09-22T10:27:13.000Z</time>
      </trkpt>
      <trkpt lat="39.4609790481626987457275390625" lon="8.3921612799167633056640625">
        <ele>53</ele>
        <time>2026-09-22T10:27:14.000Z</time>
      </trkpt>
      <trkpt lat="39.46090646088123321533203125" lon="8.39209732599556446075439453125">
        <ele>51.59999847412109375</ele>
        <time>2026-09-22T10:27:21.000Z</time>
      </trkpt>
      <trkpt lat="39.4608124159276485443115234375" lon="8.39203462935984134674072265625">
        <ele>49.799999237060546875</ele>
        <time>2026-09-22T10:27:30.000Z</time>
      </trkpt>
      <trkpt lat="39.46078031323850154876708984375" lon="8.39202909730374813079833984375">
        <ele>49.40000152587890625</ele>
        <time>2026-09-22T10:27:33.000Z</time>
      </trkpt>
      <trkpt lat="39.46073002181947231292724609375" lon="8.3919921331107616424560546875">
        <ele>48.59999847412109375</ele>
        <time>2026-09-22T10:27:38.000Z</time>
      </trkpt>
      <trkpt lat="39.46067939512431621551513671875" lon="8.39194259606301784515380859375">
        <ele>47.59999847412109375</ele>
        <time>2026-09-22T10:27:43.000Z</time>
      </trkpt>
      <trkpt lat="39.46066732518374919891357421875" lon="8.39191778562963008880615234375">
        <ele>47.40000152587890625</ele>
        <time>2026-09-22T10:27:45.000Z</time>
      </trkpt>
      <trkpt lat="39.46061284281313419342041015625" lon="8.39182575233280658721923828125">
        <ele>46.799999237060546875</ele>
        <time>2026-09-22T10:27:52.000Z</time>
      </trkpt>
      <trkpt lat="39.4605780579149723052978515625" lon="8.39175534434616565704345703125">
        <ele>46.40000152587890625</ele>
        <time>2026-09-22T10:27:56.000Z</time>
      </trkpt>
      <trkpt lat="39.46056975983083248138427734375" lon="8.39173472486436367034912109375">
        <ele>46.200000762939453125</ele>
        <time>2026-09-22T10:27:57.000Z</time>
      </trkpt>
      <trkpt lat="39.4604861922562122344970703125" lon="8.39161922223865985870361328125">
        <ele>45.59999847412109375</ele>
        <time>2026-09-22T10:28:04.000Z</time>
      </trkpt>
      <trkpt lat="39.46040949784219264984130859375" lon="8.39150204323232173919677734375">
        <ele>44.59999847412109375</ele>
        <time>2026-09-22T10:28:12.000Z</time>
      </trkpt>
      <trkpt lat="39.4603215716779232025146484375" lon="8.3912900649011135101318359375">
        <ele>43.200000762939453125</ele>
        <time>2026-09-22T10:28:25.000Z</time>
      </trkpt>
      <trkpt lat="39.46028695441782474517822265625" lon="8.391154445707798004150390625">
        <ele>42.40000152587890625</ele>
        <time>2026-09-22T10:28:34.000Z</time>
      </trkpt>
      <trkpt lat="39.46027756668627262115478515625" lon="8.39097834192216396331787109375">
        <ele>41.59999847412109375</ele>
        <time>2026-09-22T10:28:45.000Z</time>
      </trkpt>
      <trkpt lat="39.460257701575756072998046875" lon="8.39078589342534542083740234375">
        <ele>41</ele>
        <time>2026-09-22T10:28:57.000Z</time>
      </trkpt>
      <trkpt lat="39.46021872572600841522216796875" lon="8.3905792795121669769287109375">
        <ele>40.59999847412109375</ele>
        <time>2026-09-22T10:29:07.000Z</time>
      </trkpt>
      <trkpt lat="39.46021310985088348388671875" lon="8.390531502664089202880859375">
        <ele>40.59999847412109375</ele>
        <time>2026-09-22T10:29:09.000Z</time>
      </trkpt>
      <trkpt lat="39.4601918198168277740478515625" lon="8.390451036393642425537109375">
        <ele>40.40000152587890625</ele>
        <time>2026-09-22T10:29:13.000Z</time>
      </trkpt>
      <trkpt lat="39.4601666741073131561279296875" lon="8.3904044330120086669921875">
        <ele>40.200000762939453125</ele>
        <time>2026-09-22T10:29:16.000Z</time>
      </trkpt>
      <trkpt lat="39.460120238363742828369140625" lon="8.39026923291385173797607421875">
        <ele>40</ele>
        <time>2026-09-22T10:29:23.000Z</time>
      </trkpt>
      <trkpt lat="39.46006718091666698455810546875" lon="8.3901735953986644744873046875">
        <ele>39.799999237060546875</ele>
        <time>2026-09-22T10:29:29.000Z</time>
      </trkpt>
      <trkpt lat="39.4600157998502254486083984375" lon="8.39011014439165592193603515625">
        <ele>39.59999847412109375</ele>
        <time>2026-09-22T10:29:34.000Z</time>
      </trkpt>
      <trkpt lat="39.459997527301311492919921875" lon="8.39008592069149017333984375">
        <ele>39.59999847412109375</ele>
        <time>2026-09-22T10:29:36.000Z</time>
      </trkpt>
      <trkpt lat="39.45999048650264739990234375" lon="8.39007209055125713348388671875">
        <ele>39.59999847412109375</ele>
        <time>2026-09-22T10:29:37.000Z</time>
      </trkpt>
      <trkpt lat="39.4599192403256893157958984375" lon="8.3900022692978382110595703125">
        <ele>39.200000762939453125</ele>
        <time>2026-09-22T10:29:45.000Z</time>
      </trkpt>
      <trkpt lat="39.4598407857120037078857421875" lon="8.38992993347346782684326171875">
        <ele>38.59999847412109375</ele>
        <time>2026-09-22T10:29:54.000Z</time>
      </trkpt>
      <trkpt lat="39.45974062196910381317138671875" lon="8.3898332901298999786376953125">
        <ele>38.200000762939453125</ele>
        <time>2026-09-22T10:30:04.000Z</time>
      </trkpt>
      <trkpt lat="39.45964875631034374237060546875" lon="8.3897072263062000274658203125">
        <ele>38.40000152587890625</ele>
        <time>2026-09-22T10:30:13.000Z</time>
      </trkpt>
      <trkpt lat="39.45954213850200176239013671875" lon="8.38954218663275241851806640625">
        <ele>37.799999237060546875</ele>
        <time>2026-09-22T10:30:23.000Z</time>
      </trkpt>
      <trkpt lat="39.4594465009868144989013671875" lon="8.389441184699535369873046875">
        <ele>37</ele>
        <time>2026-09-22T10:30:30.000Z</time>
      </trkpt>
      <trkpt lat="39.45935538969933986663818359375" lon="8.389317132532596588134765625">
        <ele>36</ele>
        <time>2026-09-22T10:30:38.000Z</time>
      </trkpt>
      <trkpt lat="39.459256231784820556640625" lon="8.38918738067150115966796875">
        <ele>35</ele>
        <time>2026-09-22T10:30:47.000Z</time>
      </trkpt>
      <trkpt lat="39.45924139581620693206787109375" lon="8.38915787637233734130859375">
        <ele>34.59999847412109375</ele>
        <time>2026-09-22T10:30:49.000Z</time>
      </trkpt>
      <trkpt lat="39.45918875746428966522216796875" lon="8.38905771262943744659423828125">
        <ele>33.59999847412109375</ele>
        <time>2026-09-22T10:30:56.000Z</time>
      </trkpt>
      <trkpt lat="39.45913326926529407501220703125" lon="8.3889602310955524444580078125">
        <ele>32.799999237060546875</ele>
        <time>2026-09-22T10:31:04.000Z</time>
      </trkpt>
      <trkpt lat="39.4590867497026920318603515625" lon="8.38885210454463958740234375">
        <ele>32.40000152587890625</ele>
        <time>2026-09-22T10:31:12.000Z</time>
      </trkpt>
      <trkpt lat="39.45903888903558254241943359375" lon="8.38870592415332794189453125">
        <ele>31.799999237060546875</ele>
        <time>2026-09-22T10:31:22.000Z</time>
      </trkpt>
      <trkpt lat="39.458982981741428375244140625" lon="8.38851624168455600738525390625">
        <ele>31.3999996185302734375</ele>
        <time>2026-09-22T10:31:32.000Z</time>
      </trkpt>
      <trkpt lat="39.45893562398850917816162109375" lon="8.3883493579924106597900390625">
        <ele>31</ele>
        <time>2026-09-22T10:31:42.000Z</time>
      </trkpt>
      <trkpt lat="39.4588953070342540740966796875" lon="8.38817208074033260345458984375">
        <ele>30.6000003814697265625</ele>
        <time>2026-09-22T10:31:52.000Z</time>
      </trkpt>
      <trkpt lat="39.458862952888011932373046875" lon="8.38798709213733673095703125">
        <ele>29.799999237060546875</ele>
        <time>2026-09-22T10:32:03.000Z</time>
      </trkpt>
      <trkpt lat="39.45880587212741374969482421875" lon="8.387772180140018463134765625">
        <ele>28.6000003814697265625</ele>
        <time>2026-09-22T10:32:15.000Z</time>
      </trkpt>
      <trkpt lat="39.4587541557848453521728515625" lon="8.38761300779879093170166015625">
        <ele>27.6000003814697265625</ele>
        <time>2026-09-22T10:32:25.000Z</time>
      </trkpt>
      <trkpt lat="39.4586864300072193145751953125" lon="8.3875282667577266693115234375">
        <ele>26.799999237060546875</ele>
        <time>2026-09-22T10:32:32.000Z</time>
      </trkpt>
      <trkpt lat="39.4586138427257537841796875" lon="8.38740966282784938812255859375">
        <ele>26.200000762939453125</ele>
        <time>2026-09-22T10:32:41.000Z</time>
      </trkpt>
      <trkpt lat="39.4585280120372772216796875" lon="8.3872555196285247802734375">
        <ele>25.799999237060546875</ele>
        <time>2026-09-22T10:32:51.000Z</time>
      </trkpt>
      <trkpt lat="39.45847361348569393157958984375" lon="8.387151248753070831298828125">
        <ele>25.3999996185302734375</ele>
        <time>2026-09-22T10:32:59.000Z</time>
      </trkpt>
      <trkpt lat="39.4583939015865325927734375" lon="8.38701470755040645599365234375">
        <ele>24.6000003814697265625</ele>
        <time>2026-09-22T10:33:09.000Z</time>
      </trkpt>
      <trkpt lat="39.4582879543304443359375" lon="8.386867940425872802734375">
        <ele>23.799999237060546875</ele>
        <time>2026-09-22T10:33:22.000Z</time>
      </trkpt>
      <trkpt lat="39.45823892019689083099365234375" lon="8.386809267103672027587890625">
        <ele>23.3999996185302734375</ele>
        <time>2026-09-22T10:33:27.000Z</time>
      </trkpt>
      <trkpt lat="39.45821159519255161285400390625" lon="8.386769033968448638916015625">
        <ele>23.200000762939453125</ele>
        <time>2026-09-22T10:33:30.000Z</time>
      </trkpt>
      <trkpt lat="39.45812894962728023529052734375" lon="8.38670457713305950164794921875">
        <ele>22.6000003814697265625</ele>
        <time>2026-09-22T10:33:37.000Z</time>
      </trkpt>
      <trkpt lat="39.45800221525132656097412109375" lon="8.38660843670368194580078125">
        <ele>21.6000003814697265625</ele>
        <time>2026-09-22T10:33:46.000Z</time>
      </trkpt>
      <trkpt lat="39.45784061215817928314208984375" lon="8.386549763381481170654296875">
        <ele>20.6000003814697265625</ele>
        <time>2026-09-22T10:33:56.000Z</time>
      </trkpt>
      <trkpt lat="39.45773919112980365753173828125" lon="8.38649670593440532684326171875">
        <ele>20</ele>
        <time>2026-09-22T10:34:03.000Z</time>
      </trkpt>
      <trkpt lat="39.45772594772279262542724609375" lon="8.38648497126996517181396484375">
        <ele>19.799999237060546875</ele>
        <time>2026-09-22T10:34:04.000Z</time>
      </trkpt>
      <trkpt lat="39.45760206319391727447509765625" lon="8.3864533714950084686279296875">
        <ele>19.3999996185302734375</ele>
        <time>2026-09-22T10:34:12.000Z</time>
      </trkpt>
      <trkpt lat="39.4575236923992633819580078125" lon="8.3864181675016880035400390625">
        <ele>19</ele>
        <time>2026-09-22T10:34:17.000Z</time>
      </trkpt>
      <trkpt lat="39.4574814476072788238525390625" lon="8.38639109395444393157958984375">
        <ele>18.799999237060546875</ele>
        <time>2026-09-22T10:34:20.000Z</time>
      </trkpt>
      <trkpt lat="39.45734054781496524810791015625" lon="8.38632957078516483306884765625">
        <ele>18.6000003814697265625</ele>
        <time>2026-09-22T10:34:29.000Z</time>
      </trkpt>
      <trkpt lat="39.45718221366405487060546875" lon="8.3862927742302417755126953125">
        <ele>18.200000762939453125</ele>
        <time>2026-09-22T10:34:39.000Z</time>
      </trkpt>
      <trkpt lat="39.4571129791438579559326171875" lon="8.38628229685127735137939453125">
        <ele>18</ele>
        <time>2026-09-22T10:34:44.000Z</time>
      </trkpt>
      <trkpt lat="39.45706210099160671234130859375" lon="8.38627391494810581207275390625">
        <ele>17.799999237060546875</ele>
        <time>2026-09-22T10:34:48.000Z</time>
      </trkpt>
      <trkpt lat="39.45699471049010753631591796875" lon="8.386281542479991912841796875">
        <ele>17.3999996185302734375</ele>
        <time>2026-09-22T10:34:54.000Z</time>
      </trkpt>
      <trkpt lat="39.45690167136490345001220703125" lon="8.38626100681722164154052734375">
        <ele>17.200000762939453125</ele>
        <time>2026-09-22T10:35:03.000Z</time>
      </trkpt>
      <trkpt lat="39.45681952871382236480712890625" lon="8.38626435957849025726318359375">
        <ele>17</ele>
        <time>2026-09-22T10:35:10.000Z</time>
      </trkpt>
      <trkpt lat="39.45670888759195804595947265625" lon="8.3863390423357486724853515625">
        <ele>17</ele>
        <time>2026-09-22T10:35:19.000Z</time>
      </trkpt>
      <trkpt lat="39.45669807493686676025390625" lon="8.3863477595150470733642578125">
        <ele>17</ele>
        <time>2026-09-22T10:35:20.000Z</time>
      </trkpt>
      <trkpt lat="39.45666211657226085662841796875" lon="8.386374749243259429931640625">
        <ele>17</ele>
        <time>2026-09-22T10:35:23.000Z</time>
      </trkpt>
      <trkpt lat="39.45654921233654022216796875" lon="8.38639746420085430145263671875">
        <ele>17.200000762939453125</ele>
        <time>2026-09-22T10:35:32.000Z</time>
      </trkpt>
      <trkpt lat="39.4564689137041568756103515625" lon="8.38637533597648143768310546875">
        <ele>17</ele>
        <time>2026-09-22T10:35:39.000Z</time>
      </trkpt>
      <trkpt lat="39.456416107714176177978515625" lon="8.38634826242923736572265625">
        <ele>17</ele>
        <time>2026-09-22T10:35:43.000Z</time>
      </trkpt>
      <trkpt lat="39.456282667815685272216796875" lon="8.38628380559384822845458984375">
        <ele>16.200000762939453125</ele>
        <time>2026-09-22T10:35:52.000Z</time>
      </trkpt>
      <trkpt lat="39.456137828528881072998046875" lon="8.38623921386897563934326171875">
        <ele>15.80000019073486328125</ele>
        <time>2026-09-22T10:36:00.000Z</time>
      </trkpt>
      <trkpt lat="39.4560082443058490753173828125" lon="8.38618724606931209564208984375">
        <ele>15.19999980926513671875</ele>
        <time>2026-09-22T10:36:09.000Z</time>
      </trkpt>
      <trkpt lat="39.45586633868515491485595703125" lon="8.3861439116299152374267578125">
        <ele>14.6000003814697265625</ele>
        <time>2026-09-22T10:36:21.000Z</time>
      </trkpt>
      <trkpt lat="39.45571211166679859161376953125" lon="8.38615539483726024627685546875">
        <ele>14.3999996185302734375</ele>
        <time>2026-09-22T10:36:34.000Z</time>
      </trkpt>
      <trkpt lat="39.4555489160120487213134765625" lon="8.386126644909381866455078125">
        <ele>13.6000003814697265625</ele>
        <time>2026-09-22T10:36:45.000Z</time>
      </trkpt>
      <trkpt lat="39.455509521067142486572265625" lon="8.386117927730083465576171875">
        <ele>13.3999996185302734375</ele>
        <time>2026-09-22T10:36:47.000Z</time>
      </trkpt>
      <trkpt lat="39.4555076770484447479248046875" lon="8.3860661275684833526611328125">
        <ele>12.6000003814697265625</ele>
        <time>2026-09-22T10:36:50.000Z</time>
      </trkpt>
      <trkpt lat="39.455577917397022247314453125" lon="8.38593528605997562408447265625">
        <ele>12</ele>
        <time>2026-09-22T10:36:58.000Z</time>
      </trkpt>
      <trkpt lat="39.455686546862125396728515625" lon="8.3857388980686664581298828125">
        <ele>11.19999980926513671875</ele>
        <time>2026-09-22T10:37:10.000Z</time>
      </trkpt>
      <trkpt lat="39.45574429817497730255126953125" lon="8.38562582619488239288330078125">
        <ele>11</ele>
        <time>2026-09-22T10:37:17.000Z</time>
      </trkpt>
      <trkpt lat="39.45576759986579418182373046875" lon="8.38557955808937549591064453125">
        <ele>11</ele>
        <time>2026-09-22T10:37:20.000Z</time>
      </trkpt>
      <trkpt lat="39.4558399356901645660400390625" lon="8.3854421786963939666748046875">
        <ele>11.19999980926513671875</ele>
        <time>2026-09-22T10:37:29.000Z</time>
      </trkpt>
      <trkpt lat="39.4559289515018463134765625" lon="8.38524319231510162353515625">
        <ele>12.19999980926513671875</ele>
        <time>2026-09-22T10:37:42.000Z</time>
      </trkpt>
      <trkpt lat="39.45599843747913837432861328125" lon="8.38510447181761264801025390625">
        <ele>13</ele>
        <time>2026-09-22T10:37:52.000Z</time>
      </trkpt>
      <trkpt lat="39.4560622237622737884521484375" lon="8.38494052179157733917236328125">
        <ele>13.6000003814697265625</ele>
        <time>2026-09-22T10:38:04.000Z</time>
      </trkpt>
      <trkpt lat="39.45610958151519298553466796875" lon="8.38485653512179851531982421875">
        <ele>13.6000003814697265625</ele>
        <time>2026-09-22T10:38:10.000Z</time>
      </trkpt>
      <trkpt lat="39.4561343081295490264892578125" lon="8.38480859063565731048583984375">
        <ele>13.6000003814697265625</ele>
        <time>2026-09-22T10:38:13.000Z</time>
      </trkpt>
      <trkpt lat="39.45622977800667285919189453125" lon="8.3846395276486873626708984375">
        <ele>13.19999980926513671875</ele>
        <time>2026-09-22T10:38:24.000Z</time>
      </trkpt>
      <trkpt lat="39.45632122457027435302734375" lon="8.3844631724059581756591796875">
        <ele>13</ele>
        <time>2026-09-22T10:38:36.000Z</time>
      </trkpt>
      <trkpt lat="39.4564052112400531768798828125" lon="8.3842755854129791259765625">
        <ele>12.6000003814697265625</ele>
        <time>2026-09-22T10:38:48.000Z</time>
      </trkpt>
      <trkpt lat="39.4564618729054927825927734375" lon="8.38416360318660736083984375">
        <ele>12.6000003814697265625</ele>
        <time>2026-09-22T10:38:56.000Z</time>
      </trkpt>
      <trkpt lat="39.45648894645273685455322265625" lon="8.38416469283401966094970703125">
        <ele>12.80000019073486328125</ele>
        <time>2026-09-22T10:38:58.000Z</time>
      </trkpt>
      <trkpt lat="39.45660444907844066619873046875" lon="8.38418061845004558563232421875">
        <ele>13.6000003814697265625</ele>
        <time>2026-09-22T10:39:08.000Z</time>
      </trkpt>
      <trkpt lat="39.4567416608333587646484375" lon="8.3841738291084766387939453125">
        <ele>14</ele>
        <time>2026-09-22T10:39:18.000Z</time>
      </trkpt>
    </trkseg>
  </trk>
</gpx>
