<?xml version="1.0" encoding="UTF-8"?>
<gpx creator="sardegna-trek" version="1.1"
  xsi:schemaLocation="http://www.topografix.com/GPX/1/1 http://www.topografix.com/GPX/11.xsd"
  xmlns="http://www.topografix.com/GPX/1/1"
  xmlns:xsi="http://www.w3.org/2001/XMLSchema-instance">
  <metadata>
    <time>2026-09-16T07:46:28.000Z</time>
  </metadata>
  <trk>
    <name>Hiking to Tiscali village</name>
    <trkseg>
      <trkpt lat="40.256259553134441375732421875" lon="9.4867766462266445159912109375">
        <ele>150</ele>
        <time>2026-09-16T07:46:28.000Z</time>
      </trkpt>
      <trkpt lat="40.25627891533076763153076171875" lon="9.4867441244423389434814453125">
        <ele>150</ele>
        <time>2026-09-16T07:46:32.000Z</time>
      </trkpt>
      <trkpt lat="40.25633926503360271453857421875" lon="9.486667849123477935791015625">
        <ele>149.8000030517578125</ele>
        <time>2026-09-16T07:46:37.000Z</time>
      </trkpt>
      <trkpt lat="40.2563774026930332183837890625" lon="9.48661454021930694580078125">
        <ele>149.8000030517578125</ele>
        <time>2026-09-16T07:46:42.000Z</time>
      </trkpt>
      <trkpt lat="40.256406404078006744384765625" lon="9.4865875504910945892333984375">
        <ele>149.600006103515625</ele>
        <time>2026-09-16T07:46:45.000Z</time>
      </trkpt>
      <trkpt lat="40.2564203180372714996337890625" lon="9.486585371196269989013671875">
        <ele>149.600006103515625</ele>
        <time>2026-09-16T07:46:47.000Z</time>
      </trkpt>
      <trkpt lat="40.25645828805863857269287109375" lon="9.48661596514284610748291015625">
        <ele>149.1999969482421875</ele>
        <time>2026-09-16T07:46:55.000Z</time>
      </trkpt>
      <trkpt lat="40.25652785785496234893798828125" lon="9.48660540394484996795654296875">
        <ele>148.8000030517578125</ele>
        <time>2026-09-16T07:47:05.000Z</time>
      </trkpt>
      <trkpt lat="40.25651947595179080963134765625" lon="9.486594088375568389892578125">
        <ele>148.8000030517578125</ele>
        <time>2026-09-16T07:47:07.000Z</time>
      </trkpt>
      <trkpt lat="40.25650153867900371551513671875" lon="9.48660171590745449066162109375">
        <ele>149</ele>
        <time>2026-09-16T07:47:12.000Z</time>
      </trkpt>
      <trkpt lat="40.25649868883192539215087890625" lon="9.4866046495735645294189453125">
        <ele>149</ele>
        <time>2026-09-16T07:47:13.000Z</time>
      </trkpt>
      <trkpt lat="40.2564706094563007354736328125" lon="9.4866153784096240997314453125">
        <ele>149</ele>
        <time>2026-09-16T07:47:17.000Z</time>
      </trkpt>
      <trkpt lat="40.25646264664828777313232421875" lon="9.48662870563566684722900390625">
        <ele>149.1999969482421875</ele>
        <time>2026-09-16T07:47:21.000Z</time>
      </trkpt>
      <trkpt lat="40.25645761750638484954833984375" lon="9.48662417940795421600341796875">
        <ele>149.1999969482421875</ele>
        <time>2026-09-16T07:47:25.000Z</time>
      </trkpt>
      <trkpt lat="40.25645761750638484954833984375" lon="9.48662417940795421600341796875">
        <ele>149.1999969482421875</ele>
        <time>2026-09-16T07:47:26.000Z</time>
      </trkpt>
      <trkpt lat="40.25622761808335781097412109375" lon="9.4868909753859043121337890625">
        <ele>149.600006103515625</ele>
        <time>2026-09-16T07:51:58.000Z</time>
      </trkpt>
      <trkpt lat="40.25622208602726459503173828125" lon="9.48689214885234832763671875">
        <ele>149.8000030517578125</ele>
        <time>2026-09-16T07:51:59.000Z</time>
      </trkpt>
      <trkpt lat="40.25617011822760105133056640625" lon="9.48689407669007778167724609375">
        <ele>149.8000030517578125</ele>
        <time>2026-09-16T07:52:02.000Z</time>
      </trkpt>
      <trkpt lat="40.25608629919588565826416015625" lon="9.48690044693648815155029296875">
        <ele>150.1999969482421875</ele>
        <time>2026-09-16T07:52:08.000Z</time>
      </trkpt>
      <trkpt lat="40.2560533583164215087890625" lon="9.48687680996954441070556640625">
        <ele>150.399993896484375</ele>
        <time>2026-09-16T07:52:12.000Z</time>
      </trkpt>
      <trkpt lat="40.2560481615364551544189453125" lon="9.486848898231983184814453125">
        <ele>150.600006103515625</ele>
        <time>2026-09-16T07:52:14.000Z</time>
      </trkpt>
      <trkpt lat="40.25603936053812503814697265625" lon="9.48682920075953006744384765625">
        <ele>150.8000030517578125</ele>
        <time>2026-09-16T07:52:16.000Z</time>
      </trkpt>
      <trkpt lat="40.25602108798921108245849609375" lon="9.48681168258190155029296875">
        <ele>151</ele>
        <time>2026-09-16T07:52:19.000Z</time>
      </trkpt>
      <trkpt lat="40.25602050125598907470703125" lon="9.48680321685969829559326171875">
        <ele>151.1999969482421875</ele>
        <time>2026-09-16T07:52:24.000Z</time>
      </trkpt>
      <trkpt lat="40.256021507084369659423828125" lon="9.486801624298095703125">
        <ele>151.1999969482421875</ele>
        <time>2026-09-16T07:52:25.000Z</time>
      </trkpt>
      <trkpt lat="40.25602209381759166717529296875" lon="9.486801959574222564697265625">
        <ele>151.1999969482421875</ele>
        <time>2026-09-16T07:52:26.000Z</time>
      </trkpt>
      <trkpt lat="40.25604489259421825408935546875" lon="9.4868168793618679046630859375">
        <ele>150.8000030517578125</ele>
        <time>2026-09-16T07:52:31.000Z</time>
      </trkpt>
      <trkpt lat="40.25605461560189723968505859375" lon="9.48682048358023166656494140625">
        <ele>150.8000030517578125</ele>
        <time>2026-09-16T07:52:33.000Z</time>
      </trkpt>
      <trkpt lat="40.25605536997318267822265625" lon="9.48683238588273525238037109375">
        <ele>150.8000030517578125</ele>
        <time>2026-09-16T07:52:38.000Z</time>
      </trkpt>
      <trkpt lat="40.25605536997318267822265625" lon="9.48683238588273525238037109375">
        <ele>150.8000030517578125</ele>
        <time>2026-09-16T07:52:40.000Z</time>
      </trkpt>
      <trkpt lat="40.25605536997318267822265625" lon="9.48683238588273525238037109375">
        <ele>150.8000030517578125</ele>
        <time>2026-09-16T07:52:45.000Z</time>
      </trkpt>
      <trkpt lat="40.2560560405254364013671875" lon="9.48683314025402069091796875">
        <ele>150.8000030517578125</ele>
        <time>2026-09-16T07:53:10.000Z</time>
      </trkpt>
      <trkpt lat="40.2560560405254364013671875" lon="9.4868333078920841217041015625">
        <ele>150.8000030517578125</ele>
        <time>2026-09-16T07:53:13.000Z</time>
      </trkpt>
      <trkpt lat="40.25605444796383380889892578125" lon="9.48683640919625759124755859375">
        <ele>150.8000030517578125</ele>
        <time>2026-09-16T07:53:19.000Z</time>
      </trkpt>
      <trkpt lat="40.25605310685932636260986328125" lon="9.48684252798557281494140625">
        <ele>150.600006103515625</ele>
        <time>2026-09-16T07:53:27.000Z</time>
      </trkpt>
      <trkpt lat="40.2560548670589923858642578125" lon="9.48684261180460453033447265625">
        <ele>150.600006103515625</ele>
        <time>2026-09-16T07:53:38.000Z</time>
      </trkpt>
      <trkpt lat="40.256077833473682403564453125" lon="9.486847221851348876953125">
        <ele>150.600006103515625</ele>
        <time>2026-09-16T07:53:49.000Z</time>
      </trkpt>
      <trkpt lat="40.25610138662159442901611328125" lon="9.48694822378456592559814453125">
        <ele>149.8000030517578125</ele>
        <time>2026-09-16T07:53:53.000Z</time>
      </trkpt>
      <trkpt lat="40.256048329174518585205078125" lon="9.4870931468904018402099609375">
        <ele>148.8000030517578125</ele>
        <time>2026-09-16T07:54:00.000Z</time>
      </trkpt>
      <trkpt lat="40.25594330392777919769287109375" lon="9.487142264842987060546875">
        <ele>149.1999969482421875</ele>
        <time>2026-09-16T07:54:06.000Z</time>
      </trkpt>
      <trkpt lat="40.2559314854443073272705078125" lon="9.48714050464332103729248046875">
        <ele>149.1999969482421875</ele>
        <time>2026-09-16T07:54:07.000Z</time>
      </trkpt>
      <trkpt lat="40.25591732002794742584228515625" lon="9.4871427677571773529052734375">
        <ele>149.1999969482421875</ele>
        <time>2026-09-16T07:54:08.000Z</time>
      </trkpt>
      <trkpt lat="40.25590843521058559417724609375" lon="9.48714695870876312255859375">
        <ele>149.1999969482421875</ele>
        <time>2026-09-16T07:54:09.000Z</time>
      </trkpt>
      <trkpt lat="40.25585244409739971160888671875" lon="9.48715877719223499298095703125">
        <ele>149.399993896484375</ele>
        <time>2026-09-16T07:54:13.000Z</time>
      </trkpt>
      <trkpt lat="40.25584104470908641815185546875" lon="9.48715676553547382354736328125">
        <ele>149.399993896484375</ele>
        <time>2026-09-16T07:54:15.000Z</time>
      </trkpt>
      <trkpt lat="40.25580869056284427642822265625" lon="9.48715928010642528533935546875">
        <ele>149.399993896484375</ele>
        <time>2026-09-16T07:54:18.000Z</time>
      </trkpt>
      <trkpt lat="40.25575806386768817901611328125" lon="9.48716296814382076263427734375">
        <ele>149.600006103515625</ele>
        <time>2026-09-16T07:54:21.000Z</time>
      </trkpt>
      <trkpt lat="40.255713053047657012939453125" lon="9.48716548271477222442626953125">
        <ele>150</ele>
        <time>2026-09-16T07:54:23.000Z</time>
      </trkpt>
      <trkpt lat="40.2556696347892284393310546875" lon="9.4871709309518337249755859375">
        <ele>150.1999969482421875</ele>
        <time>2026-09-16T07:54:25.000Z</time>
      </trkpt>
      <trkpt lat="40.25561087764799594879150390625" lon="9.48718694038689136505126953125">
        <ele>150.399993896484375</ele>
        <time>2026-09-16T07:54:29.000Z</time>
      </trkpt>
      <trkpt lat="40.25551113300025463104248046875" lon="9.48721661232411861419677734375">
        <ele>150.8000030517578125</ele>
        <time>2026-09-16T07:54:36.000Z</time>
      </trkpt>
      <trkpt lat="40.25540501810610294342041015625" lon="9.48727025650441646575927734375">
        <ele>150.8000030517578125</ele>
        <time>2026-09-16T07:54:44.000Z</time>
      </trkpt>
      <trkpt lat="40.25539219379425048828125" lon="9.4872778840363025665283203125">
        <ele>150.8000030517578125</ele>
        <time>2026-09-16T07:54:45.000Z</time>
      </trkpt>
      <trkpt lat="40.25529437698423862457275390625" lon="9.4873207993805408477783203125">
        <ele>150.600006103515625</ele>
        <time>2026-09-16T07:54:53.000Z</time>
      </trkpt>
      <trkpt lat="40.25527996011078357696533203125" lon="9.4873275049030780792236328125">
        <ele>150.8000030517578125</ele>
        <time>2026-09-16T07:54:54.000Z</time>
      </trkpt>
      <trkpt lat="40.25526504032313823699951171875" lon="9.4873368926346302032470703125">
        <ele>150.8000030517578125</ele>
        <time>2026-09-16T07:54:55.000Z</time>
      </trkpt>
      <trkpt lat="40.25518239475786685943603515625" lon="9.48740176856517791748046875">
        <ele>150.8000030517578125</ele>
        <time>2026-09-16T07:55:01.000Z</time>
      </trkpt>
      <trkpt lat="40.2550792135298252105712890625" lon="9.4874626211822032928466796875">
        <ele>150.399993896484375</ele>
        <time>2026-09-16T07:55:10.000Z</time>
      </trkpt>
      <trkpt lat="40.2550715021789073944091796875" lon="9.48747527785599231719970703125">
        <ele>150.1999969482421875</ele>
        <time>2026-09-16T07:55:11.000Z</time>
      </trkpt>
      <trkpt lat="40.25500520132482051849365234375" lon="9.48752774856984615325927734375">
        <ele>149.8000030517578125</ele>
        <time>2026-09-16T07:55:16.000Z</time>
      </trkpt>
      <trkpt lat="40.25496211834251880645751953125" lon="9.48756194673478603363037109375">
        <ele>149.8000030517578125</ele>
        <time>2026-09-16T07:55:20.000Z</time>
      </trkpt>
      <trkpt lat="40.25494082830846309661865234375" lon="9.4875848293304443359375">
        <ele>150</ele>
        <time>2026-09-16T07:55:22.000Z</time>
      </trkpt>
      <trkpt lat="40.2549268305301666259765625" lon="9.4876134954392910003662109375">
        <ele>150</ele>
        <time>2026-09-16T07:55:24.000Z</time>
      </trkpt>
      <trkpt lat="40.25491585023701190948486328125" lon="9.487630091607570648193359375">
        <ele>150.1999969482421875</ele>
        <time>2026-09-16T07:55:25.000Z</time>
      </trkpt>
      <trkpt lat="40.25487846694886684417724609375" lon="9.48766018263995647430419921875">
        <ele>150.8000030517578125</ele>
        <time>2026-09-16T07:55:28.000Z</time>
      </trkpt>
      <trkpt lat="40.254829935729503631591796875" lon="9.487793035805225372314453125">
        <ele>151.600006103515625</ele>
        <time>2026-09-16T07:55:35.000Z</time>
      </trkpt>
      <trkpt lat="40.25482825934886932373046875" lon="9.487841986119747161865234375">
        <ele>151.8000030517578125</ele>
        <time>2026-09-16T07:55:38.000Z</time>
      </trkpt>
      <trkpt lat="40.2548182010650634765625" lon="9.48788733221590518951416015625">
        <ele>152</ele>
        <time>2026-09-16T07:55:41.000Z</time>
      </trkpt>
      <trkpt lat="40.2548042871057987213134765625" lon="9.48792940936982631683349609375">
        <ele>152.399993896484375</ele>
        <time>2026-09-16T07:55:43.000Z</time>
      </trkpt>
      <trkpt lat="40.25480319745838642120361328125" lon="9.48794902302324771881103515625">
        <ele>152.399993896484375</ele>
        <time>2026-09-16T07:55:44.000Z</time>
      </trkpt>
      <trkpt lat="40.25480470620095729827880859375" lon="9.48796830140054225921630859375">
        <ele>152.600006103515625</ele>
        <time>2026-09-16T07:55:45.000Z</time>
      </trkpt>
      <trkpt lat="40.25480143725872039794921875" lon="9.48803083039820194244384765625">
        <ele>152.8000030517578125</ele>
        <time>2026-09-16T07:55:48.000Z</time>
      </trkpt>
      <trkpt lat="40.25480202399194240570068359375" lon="9.4880998134613037109375">
        <ele>153.399993896484375</ele>
        <time>2026-09-16T07:55:51.000Z</time>
      </trkpt>
      <trkpt lat="40.2548213861882686614990234375" lon="9.48817692697048187255859375">
        <ele>154</ele>
        <time>2026-09-16T07:55:55.000Z</time>
      </trkpt>
      <trkpt lat="40.2548867650330066680908203125" lon="9.48827977292239665985107421875">
        <ele>154.1999969482421875</ele>
        <time>2026-09-16T07:56:02.000Z</time>
      </trkpt>
      <trkpt lat="40.2549107372760772705078125" lon="9.4883152283728122711181640625">
        <ele>154.1999969482421875</ele>
        <time>2026-09-16T07:56:04.000Z</time>
      </trkpt>
      <trkpt lat="40.25492356158792972564697265625" lon="9.48832872323691844940185546875">
        <ele>154.1999969482421875</ele>
        <time>2026-09-16T07:56:05.000Z</time>
      </trkpt>
      <trkpt lat="40.25498424656689167022705078125" lon="9.4883933477103710174560546875">
        <ele>153.399993896484375</ele>
        <time>2026-09-16T07:56:10.000Z</time>
      </trkpt>
      <trkpt lat="40.25499447248876094818115234375" lon="9.48840399272739887237548828125">
        <ele>153.1999969482421875</ele>
        <time>2026-09-16T07:56:11.000Z</time>
      </trkpt>
      <trkpt lat="40.2550299279391765594482421875" lon="9.48845696635544300079345703125">
        <ele>152.8000030517578125</ele>
        <time>2026-09-16T07:56:15.000Z</time>
      </trkpt>
      <trkpt lat="40.255037806928157806396484375" lon="9.4884751550853252410888671875">
        <ele>152.8000030517578125</ele>
        <time>2026-09-16T07:56:16.000Z</time>
      </trkpt>
      <trkpt lat="40.2550691552460193634033203125" lon="9.4885552860796451568603515625">
        <ele>152.600006103515625</ele>
        <time>2026-09-16T07:56:20.000Z</time>
      </trkpt>
      <trkpt lat="40.25509924627840518951416015625" lon="9.488714374601840972900390625">
        <ele>152.399993896484375</ele>
        <time>2026-09-16T07:56:28.000Z</time>
      </trkpt>
      <trkpt lat="40.255102850496768951416015625" lon="9.48887120001018047332763671875">
        <ele>152.600006103515625</ele>
        <time>2026-09-16T07:56:37.000Z</time>
      </trkpt>
      <trkpt lat="40.25509036146104335784912109375" lon="9.48896675370633602142333984375">
        <ele>153</ele>
        <time>2026-09-16T07:56:42.000Z</time>
      </trkpt>
      <trkpt lat="40.25508985854685306549072265625" lon="9.48905727826058864593505859375">
        <ele>153</ele>
        <time>2026-09-16T07:56:46.000Z</time>
      </trkpt>
      <trkpt lat="40.2551100589334964752197265625" lon="9.48918350972235202789306640625">
        <ele>152.8000030517578125</ele>
        <time>2026-09-16T07:56:52.000Z</time>
      </trkpt>
      <trkpt lat="40.25511081330478191375732421875" lon="9.4892717711627483367919921875">
        <ele>152.8000030517578125</ele>
        <time>2026-09-16T07:56:56.000Z</time>
      </trkpt>
      <trkpt lat="40.25512942112982273101806640625" lon="9.4894622080028057098388671875">
        <ele>152.399993896484375</ele>
        <time>2026-09-16T07:57:05.000Z</time>
      </trkpt>
      <trkpt lat="40.25514014996588230133056640625" lon="9.48957569897174835205078125">
        <ele>152.399993896484375</ele>
        <time>2026-09-16T07:57:11.000Z</time>
      </trkpt>
      <trkpt lat="40.25514014996588230133056640625" lon="9.4896174408495426177978515625">
        <ele>152.600006103515625</ele>
        <time>2026-09-16T07:57:13.000Z</time>
      </trkpt>
      <trkpt lat="40.25516127236187458038330078125" lon="9.489759095013141632080078125">
        <ele>152.1999969482421875</ele>
        <time>2026-09-16T07:57:20.000Z</time>
      </trkpt>
      <trkpt lat="40.25516093708574771881103515625" lon="9.4898149184882640838623046875">
        <ele>152.1999969482421875</ele>
        <time>2026-09-16T07:57:23.000Z</time>
      </trkpt>
      <trkpt lat="40.2551789581775665283203125" lon="9.489957578480243682861328125">
        <ele>151.8000030517578125</ele>
        <time>2026-09-16T07:57:31.000Z</time>
      </trkpt>
      <trkpt lat="40.25518608279526233673095703125" lon="9.49013250879943370819091796875">
        <ele>150.8000030517578125</ele>
        <time>2026-09-16T07:57:40.000Z</time>
      </trkpt>
      <trkpt lat="40.25519379414618015289306640625" lon="9.4901703111827373504638671875">
        <ele>150.600006103515625</ele>
        <time>2026-09-16T07:57:42.000Z</time>
      </trkpt>
      <trkpt lat="40.2552012540400028228759765625" lon="9.49024834670126438140869140625">
        <ele>150.1999969482421875</ele>
        <time>2026-09-16T07:57:47.000Z</time>
      </trkpt>
      <trkpt lat="40.255206786096096038818359375" lon="9.4902630150318145751953125">
        <ele>150</ele>
        <time>2026-09-16T07:57:48.000Z</time>
      </trkpt>
      <trkpt lat="40.2552223764359951019287109375" lon="9.49036653153598308563232421875">
        <ele>150</ele>
        <time>2026-09-16T07:57:54.000Z</time>
      </trkpt>
      <trkpt lat="40.25523251853883266448974609375" lon="9.49043341912329196929931640625">
        <ele>149.8000030517578125</ele>
        <time>2026-09-16T07:57:57.000Z</time>
      </trkpt>
      <trkpt lat="40.255258418619632720947265625" lon="9.490578509867191314697265625">
        <ele>149.8000030517578125</ele>
        <time>2026-09-16T07:58:04.000Z</time>
      </trkpt>
      <trkpt lat="40.25530275888741016387939453125" lon="9.49073483236134052276611328125">
        <ele>149.399993896484375</ele>
        <time>2026-09-16T07:58:13.000Z</time>
      </trkpt>
      <trkpt lat="40.25531164370477199554443359375" lon="9.49076483957469463348388671875">
        <ele>149.1999969482421875</ele>
        <time>2026-09-16T07:58:15.000Z</time>
      </trkpt>
      <trkpt lat="40.255363695323467254638671875" lon="9.4908660091459751129150390625">
        <ele>148.8000030517578125</ele>
        <time>2026-09-16T07:58:22.000Z</time>
      </trkpt>
      <trkpt lat="40.25536931119859218597412109375" lon="9.4908807612955570220947265625">
        <ele>148.8000030517578125</ele>
        <time>2026-09-16T07:58:23.000Z</time>
      </trkpt>
      <trkpt lat="40.2554619312286376953125" lon="9.49106323532760143280029296875">
        <ele>148.1999969482421875</ele>
        <time>2026-09-16T07:58:33.000Z</time>
      </trkpt>
      <trkpt lat="40.25545497424900531768798828125" lon="9.4911506585776805877685546875">
        <ele>147.600006103515625</ele>
        <time>2026-09-16T07:58:37.000Z</time>
      </trkpt>
      <trkpt lat="40.255441479384899139404296875" lon="9.4911650754511356353759765625">
        <ele>147.600006103515625</ele>
        <time>2026-09-16T07:58:38.000Z</time>
      </trkpt>
      <trkpt lat="40.2554004080593585968017578125" lon="9.491181336343288421630859375">
        <ele>147.399993896484375</ele>
        <time>2026-09-16T07:58:43.000Z</time>
      </trkpt>
      <trkpt lat="40.25529689155519008636474609375" lon="9.49116759002208709716796875">
        <ele>147.600006103515625</ele>
        <time>2026-09-16T07:58:50.000Z</time>
      </trkpt>
      <trkpt lat="40.2551449276506900787353515625" lon="9.491122998297214508056640625">
        <ele>148.399993896484375</ele>
        <time>2026-09-16T07:58:59.000Z</time>
      </trkpt>
      <trkpt lat="40.2551306784152984619140625" lon="9.491118974983692169189453125">
        <ele>148.600006103515625</ele>
        <time>2026-09-16T07:59:00.000Z</time>
      </trkpt>
      <trkpt lat="40.25499681942164897918701171875" lon="9.49108419008553028106689453125">
        <ele>149.600006103515625</ele>
        <time>2026-09-16T07:59:10.000Z</time>
      </trkpt>
      <trkpt lat="40.25490964762866497039794921875" lon="9.49105954729020595550537109375">
        <ele>150.399993896484375</ele>
        <time>2026-09-16T07:59:17.000Z</time>
      </trkpt>
      <trkpt lat="40.2548659779131412506103515625" lon="9.49105083011090755462646484375">
        <ele>150.600006103515625</ele>
        <time>2026-09-16T07:59:20.000Z</time>
      </trkpt>
      <trkpt lat="40.25479699485003948211669921875" lon="9.49103926308453083038330078125">
        <ele>151.1999969482421875</ele>
        <time>2026-09-16T07:59:25.000Z</time>
      </trkpt>
      <trkpt lat="40.2547405846416950225830078125" lon="9.4910199008882045745849609375">
        <ele>151.600006103515625</ele>
        <time>2026-09-16T07:59:29.000Z</time>
      </trkpt>
      <trkpt lat="40.2547127567231655120849609375" lon="9.49101126752793788909912109375">
        <ele>152</ele>
        <time>2026-09-16T07:59:31.000Z</time>
      </trkpt>
      <trkpt lat="40.254555009305477142333984375" lon="9.4909672625362873077392578125">
        <ele>152.1999969482421875</ele>
        <time>2026-09-16T07:59:40.000Z</time>
      </trkpt>
      <trkpt lat="40.25452324189245700836181640625" lon="9.490958042442798614501953125">
        <ele>152</ele>
        <time>2026-09-16T07:59:42.000Z</time>
      </trkpt>
      <trkpt lat="40.2544777281582355499267578125" lon="9.49094924144446849822998046875">
        <ele>152</ele>
        <time>2026-09-16T07:59:45.000Z</time>
      </trkpt>
      <trkpt lat="40.25439441204071044921875" lon="9.490935243666172027587890625">
        <ele>151.600006103515625</ele>
        <time>2026-09-16T07:59:52.000Z</time>
      </trkpt>
      <trkpt lat="40.25421210564672946929931640625" lon="9.49088671244680881500244140625">
        <ele>151.1999969482421875</ele>
        <time>2026-09-16T08:00:04.000Z</time>
      </trkpt>
      <trkpt lat="40.25403424166142940521240234375" lon="9.49084438383579254150390625">
        <ele>151.399993896484375</ele>
        <time>2026-09-16T08:00:15.000Z</time>
      </trkpt>
      <trkpt lat="40.25402116589248180389404296875" lon="9.49083725921809673309326171875">
        <ele>151.600006103515625</ele>
        <time>2026-09-16T08:00:16.000Z</time>
      </trkpt>
      <trkpt lat="40.25396383367478847503662109375" lon="9.49082485400140285491943359375">
        <ele>152</ele>
        <time>2026-09-16T08:00:20.000Z</time>
      </trkpt>
      <trkpt lat="40.2539010532200336456298828125" lon="9.4908204115927219390869140625">
        <ele>152.600006103515625</ele>
        <time>2026-09-16T08:00:25.000Z</time>
      </trkpt>
      <trkpt lat="40.25377658195793628692626953125" lon="9.49083088897168636322021484375">
        <ele>153.399993896484375</ele>
        <time>2026-09-16T08:00:35.000Z</time>
      </trkpt>
      <trkpt lat="40.2536366879940032958984375" lon="9.490858800709247589111328125">
        <ele>154.1999969482421875</ele>
        <time>2026-09-16T08:00:45.000Z</time>
      </trkpt>
      <trkpt lat="40.25354892946779727935791015625" lon="9.49090783484280109405517578125">
        <ele>154.399993896484375</ele>
        <time>2026-09-16T08:00:50.000Z</time>
      </trkpt>
      <trkpt lat="40.253470055758953094482421875" lon="9.490921832621097564697265625">
        <ele>154</ele>
        <time>2026-09-16T08:00:55.000Z</time>
      </trkpt>
      <trkpt lat="40.25333569385111331939697265625" lon="9.49094706214964389801025390625">
        <ele>153.600006103515625</ele>
        <time>2026-09-16T08:01:04.000Z</time>
      </trkpt>
      <trkpt lat="40.2533052675426006317138671875" lon="9.49095301330089569091796875">
        <ele>153.600006103515625</ele>
        <time>2026-09-16T08:01:06.000Z</time>
      </trkpt>
      <trkpt lat="40.253202505409717559814453125" lon="9.4909746386110782623291015625">
        <ele>153.8000030517578125</ele>
        <time>2026-09-16T08:01:13.000Z</time>
      </trkpt>
      <trkpt lat="40.2531654573976993560791015625" lon="9.49099014513194561004638671875">
        <ele>153.8000030517578125</ele>
        <time>2026-09-16T08:01:16.000Z</time>
      </trkpt>
      <trkpt lat="40.2530863322317600250244140625" lon="9.49101093225181102752685546875">
        <ele>153.8000030517578125</ele>
        <time>2026-09-16T08:01:20.000Z</time>
      </trkpt>
      <trkpt lat="40.253044925630092620849609375" lon="9.49104093946516513824462890625">
        <ele>153.399993896484375</ele>
        <time>2026-09-16T08:01:23.000Z</time>
      </trkpt>
      <trkpt lat="40.25288457982242107391357421875" lon="9.49105761945247650146484375">
        <ele>154</ele>
        <time>2026-09-16T08:01:33.000Z</time>
      </trkpt>
      <trkpt lat="40.25272431783378124237060546875" lon="9.491056613624095916748046875">
        <ele>154.600006103515625</ele>
        <time>2026-09-16T08:01:43.000Z</time>
      </trkpt>
      <trkpt lat="40.25260881520807743072509765625" lon="9.49107463471591472625732421875">
        <ele>154.399993896484375</ele>
        <time>2026-09-16T08:01:52.000Z</time>
      </trkpt>
      <trkpt lat="40.2524888701736927032470703125" lon="9.49111185036599636077880859375">
        <ele>154</ele>
        <time>2026-09-16T08:02:01.000Z</time>
      </trkpt>
      <trkpt lat="40.2523076534271240234375" lon="9.491159208118915557861328125">
        <ele>153.8000030517578125</ele>
        <time>2026-09-16T08:02:12.000Z</time>
      </trkpt>
      <trkpt lat="40.25221939198672771453857421875" lon="9.49119097553193569183349609375">
        <ele>153.8000030517578125</ele>
        <time>2026-09-16T08:02:19.000Z</time>
      </trkpt>
      <trkpt lat="40.2521857805550098419189453125" lon="9.49120572768151760101318359375">
        <ele>153.8000030517578125</ele>
        <time>2026-09-16T08:02:22.000Z</time>
      </trkpt>
      <trkpt lat="40.25216038338840007781982421875" lon="9.4912167079746723175048828125">
        <ele>153.8000030517578125</ele>
        <time>2026-09-16T08:02:25.000Z</time>
      </trkpt>
      <trkpt lat="40.25208662264049053192138671875" lon="9.491220228374004364013671875">
        <ele>154.1999969482421875</ele>
        <time>2026-09-16T08:02:29.000Z</time>
      </trkpt>
      <trkpt lat="40.25197179056704044342041015625" lon="9.4912415184080600738525390625">
        <ele>154.600006103515625</ele>
        <time>2026-09-16T08:02:35.000Z</time>
      </trkpt>
      <trkpt lat="40.25193474255502223968505859375" lon="9.49124495498836040496826171875">
        <ele>154.600006103515625</ele>
        <time>2026-09-16T08:02:38.000Z</time>
      </trkpt>
      <trkpt lat="40.25190741755068302154541015625" lon="9.491228275001049041748046875">
        <ele>154.8000030517578125</ele>
        <time>2026-09-16T08:02:40.000Z</time>
      </trkpt>
      <trkpt lat="40.25188495405018329620361328125" lon="9.49123288504779338836669921875">
        <ele>154.8000030517578125</ele>
        <time>2026-09-16T08:02:42.000Z</time>
      </trkpt>
      <trkpt lat="40.25182594545185565948486328125" lon="9.491259790956974029541015625">
        <ele>154.1999969482421875</ele>
        <time>2026-09-16T08:02:47.000Z</time>
      </trkpt>
      <trkpt lat="40.25177615694701671600341796875" lon="9.4912540912628173828125">
        <ele>154</ele>
        <time>2026-09-16T08:02:50.000Z</time>
      </trkpt>
      <trkpt lat="40.25166928768157958984375" lon="9.49125518091022968292236328125">
        <ele>153.600006103515625</ele>
        <time>2026-09-16T08:02:58.000Z</time>
      </trkpt>
      <trkpt lat="40.25165344588458538055419921875" lon="9.49125383980572223663330078125">
        <ele>153.600006103515625</ele>
        <time>2026-09-16T08:02:59.000Z</time>
      </trkpt>
      <trkpt lat="40.251616649329662322998046875" lon="9.4912566058337688446044921875">
        <ele>153.399993896484375</ele>
        <time>2026-09-16T08:03:02.000Z</time>
      </trkpt>
      <trkpt lat="40.2515812776982784271240234375" lon="9.4912653230130672454833984375">
        <ele>153.1999969482421875</ele>
        <time>2026-09-16T08:03:05.000Z</time>
      </trkpt>
      <trkpt lat="40.2515457384288311004638671875" lon="9.49126305989921092987060546875">
        <ele>153</ele>
        <time>2026-09-16T08:03:08.000Z</time>
      </trkpt>
      <trkpt lat="40.25148480199277400970458984375" lon="9.49127512983977794647216796875">
        <ele>152.600006103515625</ele>
        <time>2026-09-16T08:03:12.000Z</time>
      </trkpt>
      <trkpt lat="40.25144909508526325225830078125" lon="9.4912633113563060760498046875">
        <ele>152.8000030517578125</ele>
        <time>2026-09-16T08:03:14.000Z</time>
      </trkpt>
      <trkpt lat="40.25142562575638294219970703125" lon="9.49125886894762516021728515625">
        <ele>153</ele>
        <time>2026-09-16T08:03:15.000Z</time>
      </trkpt>
      <trkpt lat="40.25138623081147670745849609375" lon="9.491241015493869781494140625">
        <ele>153.399993896484375</ele>
        <time>2026-09-16T08:03:17.000Z</time>
      </trkpt>
      <trkpt lat="40.25126603431999683380126953125" lon="9.491184689104557037353515625">
        <ele>154.399993896484375</ele>
        <time>2026-09-16T08:03:24.000Z</time>
      </trkpt>
      <trkpt lat="40.251192189753055572509765625" lon="9.49112869799137115478515625">
        <ele>155.1999969482421875</ele>
        <time>2026-09-16T08:03:30.000Z</time>
      </trkpt>
      <trkpt lat="40.25116302073001861572265625" lon="9.49110967107117176055908203125">
        <ele>155.600006103515625</ele>
        <time>2026-09-16T08:03:32.000Z</time>
      </trkpt>
      <trkpt lat="40.251154638826847076416015625" lon="9.49109944514930248260498046875">
        <ele>155.600006103515625</ele>
        <time>2026-09-16T08:03:33.000Z</time>
      </trkpt>
      <trkpt lat="40.251142568886280059814453125" lon="9.49109190143644809722900390625">
        <ele>155.600006103515625</ele>
        <time>2026-09-16T08:03:34.000Z</time>
      </trkpt>
      <trkpt lat="40.25107392109930515289306640625" lon="9.49104831553995609283447265625">
        <ele>156.1999969482421875</ele>
        <time>2026-09-16T08:03:39.000Z</time>
      </trkpt>
      <trkpt lat="40.251007787883281707763671875" lon="9.49101478792726993560791015625">
        <ele>156.600006103515625</ele>
        <time>2026-09-16T08:03:44.000Z</time>
      </trkpt>
      <trkpt lat="40.25091357529163360595703125" lon="9.4909971021115779876708984375">
        <ele>157.399993896484375</ele>
        <time>2026-09-16T08:03:51.000Z</time>
      </trkpt>
      <trkpt lat="40.25088884867727756500244140625" lon="9.49099970050156116485595703125">
        <ele>157.600006103515625</ele>
        <time>2026-09-16T08:03:53.000Z</time>
      </trkpt>
      <trkpt lat="40.2508792094886302947998046875" lon="9.49100757949054241180419921875">
        <ele>157.8000030517578125</ele>
        <time>2026-09-16T08:03:54.000Z</time>
      </trkpt>
      <trkpt lat="40.25084358640015125274658203125" lon="9.49104596860706806182861328125">
        <ele>158.1999969482421875</ele>
        <time>2026-09-16T08:03:58.000Z</time>
      </trkpt>
      <trkpt lat="40.25083621032536029815673828125" lon="9.49105359613895416259765625">
        <ele>158.1999969482421875</ele>
        <time>2026-09-16T08:03:59.000Z</time>
      </trkpt>
      <trkpt lat="40.2507789619266986846923828125" lon="9.491170942783355712890625">
        <ele>158.600006103515625</ele>
        <time>2026-09-16T08:04:07.000Z</time>
      </trkpt>
      <trkpt lat="40.250761695206165313720703125" lon="9.49120924808084964752197265625">
        <ele>158.600006103515625</ele>
        <time>2026-09-16T08:04:09.000Z</time>
      </trkpt>
      <trkpt lat="40.25071919895708560943603515625" lon="9.49130463413894176483154296875">
        <ele>158.600006103515625</ele>
        <time>2026-09-16T08:04:15.000Z</time>
      </trkpt>
      <trkpt lat="40.25071785785257816314697265625" lon="9.49131687171757221221923828125">
        <ele>158.600006103515625</ele>
        <time>2026-09-16T08:04:16.000Z</time>
      </trkpt>
      <trkpt lat="40.25071517564356327056884765625" lon="9.49134520255029201507568359375">
        <ele>158.600006103515625</ele>
        <time>2026-09-16T08:04:18.000Z</time>
      </trkpt>
      <trkpt lat="40.2507023513317108154296875" lon="9.49137747287750244140625">
        <ele>158.600006103515625</ele>
        <time>2026-09-16T08:04:20.000Z</time>
      </trkpt>
      <trkpt lat="40.250679217278957366943359375" lon="9.49144008569419384002685546875">
        <ele>158.8000030517578125</ele>
        <time>2026-09-16T08:04:24.000Z</time>
      </trkpt>
      <trkpt lat="40.25066521950066089630126953125" lon="9.4914839230477809906005859375">
        <ele>158.8000030517578125</ele>
        <time>2026-09-16T08:04:27.000Z</time>
      </trkpt>
      <trkpt lat="40.2505789697170257568359375" lon="9.49165164493024349212646484375">
        <ele>159</ele>
        <time>2026-09-16T08:04:37.000Z</time>
      </trkpt>
      <trkpt lat="40.25049858726561069488525390625" lon="9.49179346673190593719482421875">
        <ele>159.399993896484375</ele>
        <time>2026-09-16T08:04:45.000Z</time>
      </trkpt>
      <trkpt lat="40.25041895918548107147216796875" lon="9.49182179756462574005126953125">
        <ele>159.600006103515625</ele>
        <time>2026-09-16T08:04:48.000Z</time>
      </trkpt>
      <trkpt lat="40.25033078156411647796630859375" lon="9.49183772318065166473388671875">
        <ele>160.1999969482421875</ele>
        <time>2026-09-16T08:04:53.000Z</time>
      </trkpt>
      <trkpt lat="40.2502120099961757659912109375" lon="9.4918535649776458740234375">
        <ele>161</ele>
        <time>2026-09-16T08:05:00.000Z</time>
      </trkpt>
      <trkpt lat="40.25014889426529407501220703125" lon="9.49186387471854686737060546875">
        <ele>161.1999969482421875</ele>
        <time>2026-09-16T08:05:03.000Z</time>
      </trkpt>
      <trkpt lat="40.2501174621284008026123046875" lon="9.49184090830385684967041015625">
        <ele>161.399993896484375</ele>
        <time>2026-09-16T08:05:06.000Z</time>
      </trkpt>
      <trkpt lat="40.25006742216646671295166015625" lon="9.49183319695293903350830078125">
        <ele>161.399993896484375</ele>
        <time>2026-09-16T08:05:10.000Z</time>
      </trkpt>
      <trkpt lat="40.25005434639751911163330078125" lon="9.4918312691152095794677734375">
        <ele>161.399993896484375</ele>
        <time>2026-09-16T08:05:11.000Z</time>
      </trkpt>
      <trkpt lat="40.250021405518054962158203125" lon="9.49182297103106975555419921875">
        <ele>161.399993896484375</ele>
        <time>2026-09-16T08:05:13.000Z</time>
      </trkpt>
      <trkpt lat="40.24992811493575572967529296875" lon="9.4917850010097026824951171875">
        <ele>161.600006103515625</ele>
        <time>2026-09-16T08:05:20.000Z</time>
      </trkpt>
      <trkpt lat="40.2499015443027019500732421875" lon="9.4917799718677997589111328125">
        <ele>161.399993896484375</ele>
        <time>2026-09-16T08:05:22.000Z</time>
      </trkpt>
      <trkpt lat="40.24985837750136852264404296875" lon="9.49176077730953693389892578125">
        <ele>161.1999969482421875</ele>
        <time>2026-09-16T08:05:25.000Z</time>
      </trkpt>
      <trkpt lat="40.24978864006698131561279296875" lon="9.4917233102023601531982421875">
        <ele>160.8000030517578125</ele>
        <time>2026-09-16T08:05:29.000Z</time>
      </trkpt>
      <trkpt lat="40.24975351989269256591796875" lon="9.49170914478600025177001953125">
        <ele>160.600006103515625</ele>
        <time>2026-09-16T08:05:31.000Z</time>
      </trkpt>
      <trkpt lat="40.24973130784928798675537109375" lon="9.49167863465845584869384765625">
        <ele>160.600006103515625</ele>
        <time>2026-09-16T08:05:33.000Z</time>
      </trkpt>
      <trkpt lat="40.249705575406551361083984375" lon="9.4916401617228984832763671875">
        <ele>160.600006103515625</ele>
        <time>2026-09-16T08:05:36.000Z</time>
      </trkpt>
      <trkpt lat="40.2496504224836826324462890625" lon="9.49158576317131519317626953125">
        <ele>160.600006103515625</ele>
        <time>2026-09-16T08:05:40.000Z</time>
      </trkpt>
      <trkpt lat="40.24963307194411754608154296875" lon="9.49153195135295391082763671875">
        <ele>160.8000030517578125</ele>
        <time>2026-09-16T08:05:43.000Z</time>
      </trkpt>
      <trkpt lat="40.2495880611240863800048828125" lon="9.49146321974694728851318359375">
        <ele>161</ele>
        <time>2026-09-16T08:05:48.000Z</time>
      </trkpt>
      <trkpt lat="40.24953433312475681304931640625" lon="9.49142617173492908477783203125">
        <ele>160.8000030517578125</ele>
        <time>2026-09-16T08:05:52.000Z</time>
      </trkpt>
      <trkpt lat="40.24952326901257038116455078125" lon="9.491416029632091522216796875">
        <ele>160.8000030517578125</ele>
        <time>2026-09-16T08:05:53.000Z</time>
      </trkpt>
      <trkpt lat="40.24946325458586215972900390625" lon="9.49137546122074127197265625">
        <ele>160.600006103515625</ele>
        <time>2026-09-16T08:05:57.000Z</time>
      </trkpt>
      <trkpt lat="40.2494314871728420257568359375" lon="9.49129256419837474822998046875">
        <ele>160.8000030517578125</ele>
        <time>2026-09-16T08:06:02.000Z</time>
      </trkpt>
      <trkpt lat="40.2493902482092380523681640625" lon="9.49123439379036426544189453125">
        <ele>160.600006103515625</ele>
        <time>2026-09-16T08:06:06.000Z</time>
      </trkpt>
      <trkpt lat="40.24927717633545398712158203125" lon="9.49115392751991748809814453125">
        <ele>160.8000030517578125</ele>
        <time>2026-09-16T08:06:14.000Z</time>
      </trkpt>
      <trkpt lat="40.2491880767047405242919921875" lon="9.4910742156207561492919921875">
        <ele>161</ele>
        <time>2026-09-16T08:06:22.000Z</time>
      </trkpt>
      <trkpt lat="40.24918061681091785430908203125" lon="9.491063654422760009765625">
        <ele>161</ele>
        <time>2026-09-16T08:06:23.000Z</time>
      </trkpt>
      <trkpt lat="40.249075926840305328369140625" lon="9.49092376045882701873779296875">
        <ele>161</ele>
        <time>2026-09-16T08:06:34.000Z</time>
      </trkpt>
      <trkpt lat="40.24899688549339771270751953125" lon="9.4908207468688488006591796875">
        <ele>161</ele>
        <time>2026-09-16T08:06:41.000Z</time>
      </trkpt>
      <trkpt lat="40.24896788410842418670654296875" lon="9.4907912425696849822998046875">
        <ele>161.1999969482421875</ele>
        <time>2026-09-16T08:06:43.000Z</time>
      </trkpt>
      <trkpt lat="40.24883142672479152679443359375" lon="9.49067364446818828582763671875">
        <ele>162.1999969482421875</ele>
        <time>2026-09-16T08:06:53.000Z</time>
      </trkpt>
      <trkpt lat="40.2487378008663654327392578125" lon="9.49057708494365215301513671875">
        <ele>162.600006103515625</ele>
        <time>2026-09-16T08:07:02.000Z</time>
      </trkpt>
      <trkpt lat="40.2487294189631938934326171875" lon="9.49056618846952915191650390625">
        <ele>162.600006103515625</ele>
        <time>2026-09-16T08:07:03.000Z</time>
      </trkpt>
      <trkpt lat="40.24869128130376338958740234375" lon="9.4905391149222850799560546875">
        <ele>162.600006103515625</ele>
        <time>2026-09-16T08:07:06.000Z</time>
      </trkpt>
      <trkpt lat="40.24868256412446498870849609375" lon="9.4905283860862255096435546875">
        <ele>162.600006103515625</ele>
        <time>2026-09-16T08:07:07.000Z</time>
      </trkpt>
      <trkpt lat="40.24866328574717044830322265625" lon="9.4905089400708675384521484375">
        <ele>162.8000030517578125</ele>
        <time>2026-09-16T08:07:09.000Z</time>
      </trkpt>
      <trkpt lat="40.248653478920459747314453125" lon="9.4904978759586811065673828125">
        <ele>162.8000030517578125</ele>
        <time>2026-09-16T08:07:10.000Z</time>
      </trkpt>
      <trkpt lat="40.2486424148082733154296875" lon="9.49048630893230438232421875">
        <ele>162.8000030517578125</ele>
        <time>2026-09-16T08:07:11.000Z</time>
      </trkpt>
      <trkpt lat="40.24855633266270160675048828125" lon="9.49039452709257602691650390625">
        <ele>163.1999969482421875</ele>
        <time>2026-09-16T08:07:17.000Z</time>
      </trkpt>
      <trkpt lat="40.24848106317222118377685546875" lon="9.49027349241077899932861328125">
        <ele>163.399993896484375</ele>
        <time>2026-09-16T08:07:26.000Z</time>
      </trkpt>
      <trkpt lat="40.2484725974500179290771484375" lon="9.49026209302246570587158203125">
        <ele>163.399993896484375</ele>
        <time>2026-09-16T08:07:27.000Z</time>
      </trkpt>
      <trkpt lat="40.248393975198268890380859375" lon="9.49013837613165378570556640625">
        <ele>163.8000030517578125</ele>
        <time>2026-09-16T08:07:36.000Z</time>
      </trkpt>
      <trkpt lat="40.24837612174451351165771484375" lon="9.49010501615703105926513671875">
        <ele>164</ele>
        <time>2026-09-16T08:07:39.000Z</time>
      </trkpt>
      <trkpt lat="40.24835231713950634002685546875" lon="9.49007752351462841033935546875">
        <ele>164.1999969482421875</ele>
        <time>2026-09-16T08:07:42.000Z</time>
      </trkpt>
      <trkpt lat="40.2483420073986053466796875" lon="9.49005573056638240814208984375">
        <ele>164.1999969482421875</ele>
        <time>2026-09-16T08:07:44.000Z</time>
      </trkpt>
      <trkpt lat="40.2482643909752368927001953125" lon="9.4899460114538669586181640625">
        <ele>165</ele>
        <time>2026-09-16T08:07:53.000Z</time>
      </trkpt>
      <trkpt lat="40.24824033491313457489013671875" lon="9.48991633951663970947265625">
        <ele>165</ele>
        <time>2026-09-16T08:07:55.000Z</time>
      </trkpt>
      <trkpt lat="40.24822491221129894256591796875" lon="9.48989127762615680694580078125">
        <ele>165.1999969482421875</ele>
        <time>2026-09-16T08:07:57.000Z</time>
      </trkpt>
      <trkpt lat="40.24820982478559017181396484375" lon="9.48986898176372051239013671875">
        <ele>165.399993896484375</ele>
        <time>2026-09-16T08:07:59.000Z</time>
      </trkpt>
      <trkpt lat="40.2481514029204845428466796875" lon="9.48975138366222381591796875">
        <ele>166.399993896484375</ele>
        <time>2026-09-16T08:08:08.000Z</time>
      </trkpt>
      <trkpt lat="40.2481457032263278961181640625" lon="9.489744342863559722900390625">
        <ele>166.399993896484375</ele>
        <time>2026-09-16T08:08:09.000Z</time>
      </trkpt>
      <trkpt lat="40.2480752952396869659423828125" lon="9.48968139477074146270751953125">
        <ele>166.1999969482421875</ele>
        <time>2026-09-16T08:08:15.000Z</time>
      </trkpt>
      <trkpt lat="40.2480424381792545318603515625" lon="9.4896251522004604339599609375">
        <ele>166.399993896484375</ele>
        <time>2026-09-16T08:08:19.000Z</time>
      </trkpt>
      <trkpt lat="40.24802207015454769134521484375" lon="9.4896057061851024627685546875">
        <ele>166.1999969482421875</ele>
        <time>2026-09-16T08:08:21.000Z</time>
      </trkpt>
      <trkpt lat="40.24800899438560009002685546875" lon="9.48959489353001117706298828125">
        <ele>166.1999969482421875</ele>
        <time>2026-09-16T08:08:22.000Z</time>
      </trkpt>
      <trkpt lat="40.2479328028857707977294921875" lon="9.48945390991866588592529296875">
        <ele>167.1999969482421875</ele>
        <time>2026-09-16T08:08:31.000Z</time>
      </trkpt>
      <trkpt lat="40.24786918424069881439208984375" lon="9.48935181833803653717041015625">
        <ele>167.399993896484375</ele>
        <time>2026-09-16T08:08:39.000Z</time>
      </trkpt>
      <trkpt lat="40.24783817119896411895751953125" lon="9.4892464578151702880859375">
        <ele>168.399993896484375</ele>
        <time>2026-09-16T08:08:46.000Z</time>
      </trkpt>
      <trkpt lat="40.2478402666747570037841796875" lon="9.48923237621784210205078125">
        <ele>168.8000030517578125</ele>
        <time>2026-09-16T08:08:47.000Z</time>
      </trkpt>
      <trkpt lat="40.2478359080851078033447265625" lon="9.48917630128562450408935546875">
        <ele>170</ele>
        <time>2026-09-16T08:08:51.000Z</time>
      </trkpt>
      <trkpt lat="40.24781922809779644012451171875" lon="9.48912265710532665252685546875">
        <ele>170.1999969482421875</ele>
        <time>2026-09-16T08:08:54.000Z</time>
      </trkpt>
      <trkpt lat="40.2478325553238391876220703125" lon="9.48901536874473094940185546875">
        <ele>171.1999969482421875</ele>
        <time>2026-09-16T08:09:01.000Z</time>
      </trkpt>
      <trkpt lat="40.24782761000096797943115234375" lon="9.488981254398822784423828125">
        <ele>171.399993896484375</ele>
        <time>2026-09-16T08:09:03.000Z</time>
      </trkpt>
      <trkpt lat="40.247804559767246246337890625" lon="9.48893507011234760284423828125">
        <ele>171.1999969482421875</ele>
        <time>2026-09-16T08:09:06.000Z</time>
      </trkpt>
      <trkpt lat="40.24779508821666240692138671875" lon="9.48892048560082912445068359375">
        <ele>171.1999969482421875</ele>
        <time>2026-09-16T08:09:07.000Z</time>
      </trkpt>
      <trkpt lat="40.24772099219262599945068359375" lon="9.4888030551373958587646484375">
        <ele>169.600006103515625</ele>
        <time>2026-09-16T08:09:16.000Z</time>
      </trkpt>
      <trkpt lat="40.24767807684838771820068359375" lon="9.48874983005225658416748046875">
        <ele>169.1999969482421875</ele>
        <time>2026-09-16T08:09:24.000Z</time>
      </trkpt>
      <trkpt lat="40.2476826868951320648193359375" lon="9.48875552974641323089599609375">
        <ele>169.1999969482421875</ele>
        <time>2026-09-16T08:09:29.000Z</time>
      </trkpt>
      <trkpt lat="40.24770707823336124420166015625" lon="9.48879945091903209686279296875">
        <ele>169.399993896484375</ele>
        <time>2026-09-16T08:09:34.000Z</time>
      </trkpt>
      <trkpt lat="40.24766868911683559417724609375" lon="9.488849155604839324951171875">
        <ele>168.8000030517578125</ele>
        <time>2026-09-16T08:09:41.000Z</time>
      </trkpt>
      <trkpt lat="40.24758621118962764739990234375" lon="9.4888655841350555419921875">
        <ele>167.8000030517578125</ele>
        <time>2026-09-16T08:09:47.000Z</time>
      </trkpt>
      <trkpt lat="40.24749015457928180694580078125" lon="9.48891780339181423187255859375">
        <ele>166.399993896484375</ele>
        <time>2026-09-16T08:09:55.000Z</time>
      </trkpt>
      <trkpt lat="40.24741823785006999969482421875" lon="9.48901888914406299591064453125">
        <ele>166</ele>
        <time>2026-09-16T08:10:03.000Z</time>
      </trkpt>
      <trkpt lat="40.2474047429859638214111328125" lon="9.489058367908000946044921875">
        <ele>166</ele>
        <time>2026-09-16T08:10:05.000Z</time>
      </trkpt>
      <trkpt lat="40.24739644490182399749755859375" lon="9.4892094098031520843505859375">
        <ele>167</ele>
        <time>2026-09-16T08:10:13.000Z</time>
      </trkpt>
      <trkpt lat="40.2474037371575832366943359375" lon="9.48922810144722461700439453125">
        <ele>167.1999969482421875</ele>
        <time>2026-09-16T08:10:14.000Z</time>
      </trkpt>
      <trkpt lat="40.24744422174990177154541015625" lon="9.4893448613584041595458984375">
        <ele>168.399993896484375</ele>
        <time>2026-09-16T08:10:19.000Z</time>
      </trkpt>
      <trkpt lat="40.24742343463003635406494140625" lon="9.48950654827058315277099609375">
        <ele>170.399993896484375</ele>
        <time>2026-09-16T08:10:28.000Z</time>
      </trkpt>
      <trkpt lat="40.24744288064539432525634765625" lon="9.4895802251994609832763671875">
        <ele>170.1999969482421875</ele>
        <time>2026-09-16T08:10:33.000Z</time>
      </trkpt>
      <trkpt lat="40.24743877351284027099609375" lon="9.48961199261248111724853515625">
        <ele>170.399993896484375</ele>
        <time>2026-09-16T08:10:35.000Z</time>
      </trkpt>
      <trkpt lat="40.24744212627410888671875" lon="9.48966563679277896881103515625">
        <ele>170.399993896484375</ele>
        <time>2026-09-16T08:10:38.000Z</time>
      </trkpt>
      <trkpt lat="40.24745545350015163421630859375" lon="9.48972146026790142059326171875">
        <ele>170.399993896484375</ele>
        <time>2026-09-16T08:10:41.000Z</time>
      </trkpt>
      <trkpt lat="40.247461237013339996337890625" lon="9.48976211249828338623046875">
        <ele>170.399993896484375</ele>
        <time>2026-09-16T08:10:43.000Z</time>
      </trkpt>
      <trkpt lat="40.24747976101934909820556640625" lon="9.48992866091430187225341796875">
        <ele>171.600006103515625</ele>
        <time>2026-09-16T08:10:52.000Z</time>
      </trkpt>
      <trkpt lat="40.2474728040397167205810546875" lon="9.489962942898273468017578125">
        <ele>172.1999969482421875</ele>
        <time>2026-09-16T08:10:54.000Z</time>
      </trkpt>
      <trkpt lat="40.24750088341534137725830078125" lon="9.49011809192597866058349609375">
        <ele>173</ele>
        <time>2026-09-16T08:11:02.000Z</time>
      </trkpt>
      <trkpt lat="40.24749954231083393096923828125" lon="9.4901369512081146240234375">
        <ele>173.1999969482421875</ele>
        <time>2026-09-16T08:11:03.000Z</time>
      </trkpt>
      <trkpt lat="40.2474902383983135223388671875" lon="9.49020593427121639251708984375">
        <ele>174.1999969482421875</ele>
        <time>2026-09-16T08:11:07.000Z</time>
      </trkpt>
      <trkpt lat="40.2474617399275302886962890625" lon="9.49021247215569019317626953125">
        <ele>175.1999969482421875</ele>
        <time>2026-09-16T08:11:09.000Z</time>
      </trkpt>
      <trkpt lat="40.24744925089180469512939453125" lon="9.49020610190927982330322265625">
        <ele>175.600006103515625</ele>
        <time>2026-09-16T08:11:10.000Z</time>
      </trkpt>
      <trkpt lat="40.24736995808780193328857421875" lon="9.490039385855197906494140625">
        <ele>176</ele>
        <time>2026-09-16T08:11:20.000Z</time>
      </trkpt>
      <trkpt lat="40.2473671920597553253173828125" lon="9.49002228677272796630859375">
        <ele>175.8000030517578125</ele>
        <time>2026-09-16T08:11:25.000Z</time>
      </trkpt>
      <trkpt lat="40.24733307771384716033935546875" lon="9.49001826345920562744140625">
        <ele>176.600006103515625</ele>
        <time>2026-09-16T08:11:31.000Z</time>
      </trkpt>
      <trkpt lat="40.24730994366109371185302734375" lon="9.4899545609951019287109375">
        <ele>176.600006103515625</ele>
        <time>2026-09-16T08:11:35.000Z</time>
      </trkpt>
      <trkpt lat="40.24727608077228069305419921875" lon="9.489910304546356201171875">
        <ele>177</ele>
        <time>2026-09-16T08:11:38.000Z</time>
      </trkpt>
      <trkpt lat="40.247257389128208160400390625" lon="9.489889182150363922119140625">
        <ele>177.1999969482421875</ele>
        <time>2026-09-16T08:11:40.000Z</time>
      </trkpt>
      <trkpt lat="40.24724070914089679718017578125" lon="9.489838890731334686279296875">
        <ele>177</ele>
        <time>2026-09-16T08:11:44.000Z</time>
      </trkpt>
      <trkpt lat="40.24722553789615631103515625" lon="9.4898152537643909454345703125">
        <ele>177.1999969482421875</ele>
        <time>2026-09-16T08:11:46.000Z</time>
      </trkpt>
      <trkpt lat="40.2472200058400630950927734375" lon="9.48979790322482585906982421875">
        <ele>177.1999969482421875</ele>
        <time>2026-09-16T08:11:47.000Z</time>
      </trkpt>
      <trkpt lat="40.24721036665141582489013671875" lon="9.489760436117649078369140625">
        <ele>177</ele>
        <time>2026-09-16T08:11:49.000Z</time>
      </trkpt>
      <trkpt lat="40.24717432446777820587158203125" lon="9.4897133298218250274658203125">
        <ele>177.399993896484375</ele>
        <time>2026-09-16T08:11:52.000Z</time>
      </trkpt>
      <trkpt lat="40.24710324592888355255126953125" lon="9.48968072421848773956298828125">
        <ele>177.600006103515625</ele>
        <time>2026-09-16T08:11:59.000Z</time>
      </trkpt>
      <trkpt lat="40.24702210910618305206298828125" lon="9.489629678428173065185546875">
        <ele>177.1999969482421875</ele>
        <time>2026-09-16T08:12:05.000Z</time>
      </trkpt>
      <trkpt lat="40.24690090678632259368896484375" lon="9.48956857435405254364013671875">
        <ele>176.8000030517578125</ele>
        <time>2026-09-16T08:12:14.000Z</time>
      </trkpt>
      <trkpt lat="40.2467355318367481231689453125" lon="9.4894682429730892181396484375">
        <ele>176.8000030517578125</ele>
        <time>2026-09-16T08:12:24.000Z</time>
      </trkpt>
      <trkpt lat="40.2466590888798236846923828125" lon="9.4894809834659099578857421875">
        <ele>177.8000030517578125</ele>
        <time>2026-09-16T08:12:31.000Z</time>
      </trkpt>
      <trkpt lat="40.24655892513692378997802734375" lon="9.489460699260234832763671875">
        <ele>179</ele>
        <time>2026-09-16T08:12:39.000Z</time>
      </trkpt>
      <trkpt lat="40.24650712497532367706298828125" lon="9.4894380681216716766357421875">
        <ele>179.399993896484375</ele>
        <time>2026-09-16T08:12:43.000Z</time>
      </trkpt>
      <trkpt lat="40.24647812359035015106201171875" lon="9.48944183997809886932373046875">
        <ele>180.1999969482421875</ele>
        <time>2026-09-16T08:12:45.000Z</time>
      </trkpt>
      <trkpt lat="40.24641056545078754425048828125" lon="9.489421136677265167236328125">
        <ele>180.600006103515625</ele>
        <time>2026-09-16T08:12:51.000Z</time>
      </trkpt>
      <trkpt lat="40.246397741138935089111328125" lon="9.48941937647759914398193359375">
        <ele>180.8000030517578125</ele>
        <time>2026-09-16T08:12:52.000Z</time>
      </trkpt>
      <trkpt lat="40.246315933763980865478515625" lon="9.48943127878010272979736328125">
        <ele>182.600006103515625</ele>
        <time>2026-09-16T08:12:57.000Z</time>
      </trkpt>
      <trkpt lat="40.24629707448184490203857421875" lon="9.48942591436207294464111328125">
        <ele>182.8000030517578125</ele>
        <time>2026-09-16T08:12:59.000Z</time>
      </trkpt>
      <trkpt lat="40.24621141143143177032470703125" lon="9.489419460296630859375">
        <ele>184</ele>
        <time>2026-09-16T08:13:05.000Z</time>
      </trkpt>
      <trkpt lat="40.2461977489292621612548828125" lon="9.48941434733569622039794921875">
        <ele>184</ele>
        <time>2026-09-16T08:13:06.000Z</time>
      </trkpt>
      <trkpt lat="40.246109403669834136962890625" lon="9.489390961825847625732421875">
        <ele>184.600006103515625</ele>
        <time>2026-09-16T08:13:14.000Z</time>
      </trkpt>
      <trkpt lat="40.24608769454061985015869140625" lon="9.48939104564487934112548828125">
        <ele>185</ele>
        <time>2026-09-16T08:13:15.000Z</time>
      </trkpt>
      <trkpt lat="40.2460026182234287261962890625" lon="9.48936556465923786163330078125">
        <ele>185.600006103515625</ele>
        <time>2026-09-16T08:13:22.000Z</time>
      </trkpt>
      <trkpt lat="40.24598711170256137847900390625" lon="9.4893599487841129302978515625">
        <ele>185.600006103515625</ele>
        <time>2026-09-16T08:13:23.000Z</time>
      </trkpt>
      <trkpt lat="40.2459543384611606597900390625" lon="9.4893535785377025604248046875">
        <ele>186</ele>
        <time>2026-09-16T08:13:25.000Z</time>
      </trkpt>
      <trkpt lat="40.24590848945081233978271484375" lon="9.48933740146458148956298828125">
        <ele>186.399993896484375</ele>
        <time>2026-09-16T08:13:29.000Z</time>
      </trkpt>
      <trkpt lat="40.24586255662143230438232421875" lon="9.4893351383507251739501953125">
        <ele>187.600006103515625</ele>
        <time>2026-09-16T08:13:37.000Z</time>
      </trkpt>
      <trkpt lat="40.24586758576333522796630859375" lon="9.48929809033870697021484375">
        <ele>185.600006103515625</ele>
        <time>2026-09-16T08:13:43.000Z</time>
      </trkpt>
      <trkpt lat="40.2458614669740200042724609375" lon="9.48931493796408176422119140625">
        <ele>186.600006103515625</ele>
        <time>2026-09-16T08:13:49.000Z</time>
      </trkpt>
      <trkpt lat="40.2458524145185947418212890625" lon="9.48929943144321441650390625">
        <ele>186</ele>
        <time>2026-09-16T08:13:57.000Z</time>
      </trkpt>
      <trkpt lat="40.245870016515254974365234375" lon="9.48929549194872379302978515625">
        <ele>185.399993896484375</ele>
        <time>2026-09-16T08:14:07.000Z</time>
      </trkpt>
      <trkpt lat="40.2458758838474750518798828125" lon="9.48928962461650371551513671875">
        <ele>185</ele>
        <time>2026-09-16T08:14:10.000Z</time>
      </trkpt>
      <trkpt lat="40.24588845670223236083984375" lon="9.48930186219513416290283203125">
        <ele>185.1999969482421875</ele>
        <time>2026-09-16T08:14:13.000Z</time>
      </trkpt>
      <trkpt lat="40.24593832902610301971435546875" lon="9.4893322885036468505859375">
        <ele>185.399993896484375</ele>
        <time>2026-09-16T08:14:18.000Z</time>
      </trkpt>
      <trkpt lat="40.24599842727184295654296875" lon="9.48933756910264492034912109375">
        <ele>184.399993896484375</ele>
        <time>2026-09-16T08:14:22.000Z</time>
      </trkpt>
      <trkpt lat="40.2460220642387866973876953125" lon="9.48934611864387989044189453125">
        <ele>184.1999969482421875</ele>
        <time>2026-09-16T08:14:23.000Z</time>
      </trkpt>
      <trkpt lat="40.246069841086864471435546875" lon="9.48935416527092456817626953125">
        <ele>183.8000030517578125</ele>
        <time>2026-09-16T08:14:26.000Z</time>
      </trkpt>
      <trkpt lat="40.2460897900164127349853515625" lon="9.489368833601474761962890625">
        <ele>184</ele>
        <time>2026-09-16T08:14:28.000Z</time>
      </trkpt>
      <trkpt lat="40.24615843780338764190673828125" lon="9.4893743656575679779052734375">
        <ele>183</ele>
        <time>2026-09-16T08:14:33.000Z</time>
      </trkpt>
      <trkpt lat="40.24629657156765460968017578125" lon="9.48934846557676792144775390625">
        <ele>180.1999969482421875</ele>
        <time>2026-09-16T08:14:41.000Z</time>
      </trkpt>
      <trkpt lat="40.24631115607917308807373046875" lon="9.48935500346124172210693359375">
        <ele>180.1999969482421875</ele>
        <time>2026-09-16T08:14:42.000Z</time>
      </trkpt>
      <trkpt lat="40.24636060930788516998291015625" lon="9.48938081972301006317138671875">
        <ele>180.1999969482421875</ele>
        <time>2026-09-16T08:14:46.000Z</time>
      </trkpt>
      <trkpt lat="40.2463741041719913482666015625" lon="9.489384926855564117431640625">
        <ele>180.1999969482421875</ele>
        <time>2026-09-16T08:14:47.000Z</time>
      </trkpt>
      <trkpt lat="40.2465102262794971466064453125" lon="9.48940177448093891143798828125">
        <ele>178.1999969482421875</ele>
        <time>2026-09-16T08:14:55.000Z</time>
      </trkpt>
      <trkpt lat="40.24653143249452114105224609375" lon="9.489409737288951873779296875">
        <ele>178.1999969482421875</ele>
        <time>2026-09-16T08:14:57.000Z</time>
      </trkpt>
      <trkpt lat="40.24659924209117889404296875" lon="9.48941971175372600555419921875">
        <ele>177.600006103515625</ele>
        <time>2026-09-16T08:15:02.000Z</time>
      </trkpt>
      <trkpt lat="40.24666587822139263153076171875" lon="9.48942675255239009857177734375">
        <ele>177</ele>
        <time>2026-09-16T08:15:08.000Z</time>
      </trkpt>
      <trkpt lat="40.24677760899066925048828125" lon="9.48942038230597972869873046875">
        <ele>175.600006103515625</ele>
        <time>2026-09-16T08:15:16.000Z</time>
      </trkpt>
      <trkpt lat="40.246919430792331695556640625" lon="9.489517025649547576904296875">
        <ele>176</ele>
        <time>2026-09-16T08:15:26.000Z</time>
      </trkpt>
      <trkpt lat="40.24696460925042629241943359375" lon="9.489553906023502349853515625">
        <ele>176.1999969482421875</ele>
        <time>2026-09-16T08:15:29.000Z</time>
      </trkpt>
      <trkpt lat="40.2469913475215435028076171875" lon="9.48957259766757488250732421875">
        <ele>176.399993896484375</ele>
        <time>2026-09-16T08:15:31.000Z</time>
      </trkpt>
      <trkpt lat="40.24706586264073848724365234375" lon="9.489612579345703125">
        <ele>176.600006103515625</ele>
        <time>2026-09-16T08:15:36.000Z</time>
      </trkpt>
      <trkpt lat="40.24718689732253551483154296875" lon="9.48965289629995822906494140625">
        <ele>176</ele>
        <time>2026-09-16T08:15:45.000Z</time>
      </trkpt>
      <trkpt lat="40.24721874855458736419677734375" lon="9.489679969847202301025390625">
        <ele>175.600006103515625</ele>
        <time>2026-09-16T08:15:48.000Z</time>
      </trkpt>
      <trkpt lat="40.24723132140934467315673828125" lon="9.48968994431197643280029296875">
        <ele>175.399993896484375</ele>
        <time>2026-09-16T08:15:49.000Z</time>
      </trkpt>
      <trkpt lat="40.2472595684230327606201171875" lon="9.48974132537841796875">
        <ele>175.600006103515625</ele>
        <time>2026-09-16T08:15:53.000Z</time>
      </trkpt>
      <trkpt lat="40.2472763322293758392333984375" lon="9.48977879248559474945068359375">
        <ele>175.600006103515625</ele>
        <time>2026-09-16T08:15:56.000Z</time>
      </trkpt>
      <trkpt lat="40.2472860552370548248291015625" lon="9.48979237116873264312744140625">
        <ele>175.399993896484375</ele>
        <time>2026-09-16T08:15:57.000Z</time>
      </trkpt>
      <trkpt lat="40.24730172939598560333251953125" lon="9.48983930982649326324462890625">
        <ele>175.600006103515625</ele>
        <time>2026-09-16T08:16:00.000Z</time>
      </trkpt>
      <trkpt lat="40.2473313175141811370849609375" lon="9.48994316160678863525390625">
        <ele>175.8000030517578125</ele>
        <time>2026-09-16T08:16:07.000Z</time>
      </trkpt>
      <trkpt lat="40.247364006936550140380859375" lon="9.49001398868858814239501953125">
        <ele>175.8000030517578125</ele>
        <time>2026-09-16T08:16:12.000Z</time>
      </trkpt>
      <trkpt lat="40.24737414903938770294189453125" lon="9.49004852212965488433837890625">
        <ele>176</ele>
        <time>2026-09-16T08:16:14.000Z</time>
      </trkpt>
      <trkpt lat="40.24738588370382785797119140625" lon="9.4900817982852458953857421875">
        <ele>176</ele>
        <time>2026-09-16T08:16:16.000Z</time>
      </trkpt>
      <trkpt lat="40.247437097132205963134765625" lon="9.49013804085552692413330078125">
        <ele>175.1999969482421875</ele>
        <time>2026-09-16T08:16:21.000Z</time>
      </trkpt>
      <trkpt lat="40.24747003801167011260986328125" lon="9.490197636187076568603515625">
        <ele>174.8000030517578125</ele>
        <time>2026-09-16T08:16:27.000Z</time>
      </trkpt>
      <trkpt lat="40.247480012476444244384765625" lon="9.49020559899508953094482421875">
        <ele>174.600006103515625</ele>
        <time>2026-09-16T08:16:28.000Z</time>
      </trkpt>
      <trkpt lat="40.2474919147789478302001953125" lon="9.49027248658239841461181640625">
        <ele>175</ele>
        <time>2026-09-16T08:16:32.000Z</time>
      </trkpt>
      <trkpt lat="40.24749686010181903839111328125" lon="9.49032797478139400482177734375">
        <ele>175.600006103515625</ele>
        <time>2026-09-16T08:16:35.000Z</time>
      </trkpt>
      <trkpt lat="40.2475070022046566009521484375" lon="9.49043492786586284637451171875">
        <ele>176.1999969482421875</ele>
        <time>2026-09-16T08:16:42.000Z</time>
      </trkpt>
      <trkpt lat="40.2475294657051563262939453125" lon="9.490597285330295562744140625">
        <ele>177.1999969482421875</ele>
        <time>2026-09-16T08:16:50.000Z</time>
      </trkpt>
      <trkpt lat="40.247537679970264434814453125" lon="9.49080758728086948394775390625">
        <ele>178.8000030517578125</ele>
        <time>2026-09-16T08:17:01.000Z</time>
      </trkpt>
      <trkpt lat="40.247524268925189971923828125" lon="9.49094169773161411285400390625">
        <ele>180</ele>
        <time>2026-09-16T08:17:10.000Z</time>
      </trkpt>
      <trkpt lat="40.24751982651650905609130859375" lon="9.49095167219638824462890625">
        <ele>180</ele>
        <time>2026-09-16T08:17:11.000Z</time>
      </trkpt>
      <trkpt lat="40.2474758215248584747314453125" lon="9.49106960557401180267333984375">
        <ele>179.8000030517578125</ele>
        <time>2026-09-16T08:17:19.000Z</time>
      </trkpt>
      <trkpt lat="40.2474154718220233917236328125" lon="9.491275213658809661865234375">
        <ele>180</ele>
        <time>2026-09-16T08:17:29.000Z</time>
      </trkpt>
      <trkpt lat="40.2474208362400531768798828125" lon="9.49139130301773548126220703125">
        <ele>180</ele>
        <time>2026-09-16T08:17:35.000Z</time>
      </trkpt>
      <trkpt lat="40.2474101074039936065673828125" lon="9.49141913093626499176025390625">
        <ele>180.1999969482421875</ele>
        <time>2026-09-16T08:17:36.000Z</time>
      </trkpt>
      <trkpt lat="40.2473614923655986785888671875" lon="9.49147696606814861297607421875">
        <ele>180.600006103515625</ele>
        <time>2026-09-16T08:17:40.000Z</time>
      </trkpt>
      <trkpt lat="40.24735235609114170074462890625" lon="9.4915462844073772430419921875">
        <ele>180.8000030517578125</ele>
        <time>2026-09-16T08:17:43.000Z</time>
      </trkpt>
      <trkpt lat="40.24736442603170871734619140625" lon="9.49174962937831878662109375">
        <ele>182</ele>
        <time>2026-09-16T08:17:52.000Z</time>
      </trkpt>
      <trkpt lat="40.247353613376617431640625" lon="9.491844512522220611572265625">
        <ele>182.8000030517578125</ele>
        <time>2026-09-16T08:17:57.000Z</time>
      </trkpt>
      <trkpt lat="40.2472825348377227783203125" lon="9.491849206387996673583984375">
        <ele>183.600006103515625</ele>
        <time>2026-09-16T08:18:02.000Z</time>
      </trkpt>
      <trkpt lat="40.247204415500164031982421875" lon="9.49186588637530803680419921875">
        <ele>184.600006103515625</ele>
        <time>2026-09-16T08:18:10.000Z</time>
      </trkpt>
      <trkpt lat="40.2472676150500774383544921875" lon="9.49184342287480831146240234375">
        <ele>183.600006103515625</ele>
        <time>2026-09-16T08:18:15.000Z</time>
      </trkpt>
      <trkpt lat="40.24737867526710033416748046875" lon="9.49183068238198757171630859375">
        <ele>182.600006103515625</ele>
        <time>2026-09-16T08:18:24.000Z</time>
      </trkpt>
      <trkpt lat="40.2473923377692699432373046875" lon="9.49182816781103610992431640625">
        <ele>182.399993896484375</ele>
        <time>2026-09-16T08:18:25.000Z</time>
      </trkpt>
      <trkpt lat="40.2474543638527393341064453125" lon="9.4918225519359111785888671875">
        <ele>181.8000030517578125</ele>
        <time>2026-09-16T08:18:30.000Z</time>
      </trkpt>
      <trkpt lat="40.24754966609179973602294921875" lon="9.49188642203807830810546875">
        <ele>181.399993896484375</ele>
        <time>2026-09-16T08:18:38.000Z</time>
      </trkpt>
      <trkpt lat="40.24757414124906063079833984375" lon="9.491932354867458343505859375">
        <ele>181.399993896484375</ele>
        <time>2026-09-16T08:18:45.000Z</time>
      </trkpt>
      <trkpt lat="40.247578918933868408203125" lon="9.491937719285488128662109375">
        <ele>181.399993896484375</ele>
        <time>2026-09-16T08:18:53.000Z</time>
      </trkpt>
      <trkpt lat="40.24758084677159786224365234375" lon="9.491936378180980682373046875">
        <ele>181.399993896484375</ele>
        <time>2026-09-16T08:19:08.000Z</time>
      </trkpt>
      <trkpt lat="40.24758269079029560089111328125" lon="9.49194408953189849853515625">
        <ele>181.399993896484375</ele>
        <time>2026-09-16T08:19:24.000Z</time>
      </trkpt>
      <trkpt lat="40.24758218787610530853271484375" lon="9.49194450862705707550048828125">
        <ele>181.399993896484375</ele>
        <time>2026-09-16T08:19:29.000Z</time>
      </trkpt>
      <trkpt lat="40.247581265866756439208984375" lon="9.49194450862705707550048828125">
        <ele>181.399993896484375</ele>
        <time>2026-09-16T08:19:35.000Z</time>
      </trkpt>
      <trkpt lat="40.24758093059062957763671875" lon="9.491943754255771636962890625">
        <ele>181.399993896484375</ele>
        <time>2026-09-16T08:19:38.000Z</time>
      </trkpt>
      <trkpt lat="40.24758093059062957763671875" lon="9.49194299988448619842529296875">
        <ele>181.399993896484375</ele>
        <time>2026-09-16T08:19:42.000Z</time>
      </trkpt>
      <trkpt lat="40.24758093059062957763671875" lon="9.49194199405610561370849609375">
        <ele>181.399993896484375</ele>
        <time>2026-09-16T08:19:45.000Z</time>
      </trkpt>
      <trkpt lat="40.24757967330515384674072265625" lon="9.49193880893290042877197265625">
        <ele>181.399993896484375</ele>
        <time>2026-09-16T08:19:56.000Z</time>
      </trkpt>
      <trkpt lat="40.24758168496191501617431640625" lon="9.49198306538164615631103515625">
        <ele>181.600006103515625</ele>
        <time>2026-09-16T08:20:13.000Z</time>
      </trkpt>
      <trkpt lat="40.24758118204772472381591796875" lon="9.49209705926477909088134765625">
        <ele>182</ele>
        <time>2026-09-16T08:20:20.000Z</time>
      </trkpt>
      <trkpt lat="40.24756676517426967620849609375" lon="9.4921470992267131805419921875">
        <ele>182</ele>
        <time>2026-09-16T08:20:24.000Z</time>
      </trkpt>
      <trkpt lat="40.247545726597309112548828125" lon="9.492175094783306121826171875">
        <ele>182.1999969482421875</ele>
        <time>2026-09-16T08:20:26.000Z</time>
      </trkpt>
      <trkpt lat="40.24743433110415935516357421875" lon="9.49222446419298648834228515625">
        <ele>183</ele>
        <time>2026-09-16T08:20:35.000Z</time>
      </trkpt>
      <trkpt lat="40.24732721038162708282470703125" lon="9.49220719747245311737060546875">
        <ele>184.399993896484375</ele>
        <time>2026-09-16T08:20:43.000Z</time>
      </trkpt>
      <trkpt lat="40.247218497097492218017578125" lon="9.49223284609615802764892578125">
        <ele>186.1999969482421875</ele>
        <time>2026-09-16T08:20:53.000Z</time>
      </trkpt>
      <trkpt lat="40.2471660263836383819580078125" lon="9.49223821051418781280517578125">
        <ele>187</ele>
        <time>2026-09-16T08:20:56.000Z</time>
      </trkpt>
      <trkpt lat="40.24714901112020015716552734375" lon="9.492234773933887481689453125">
        <ele>187.1999969482421875</ele>
        <time>2026-09-16T08:20:58.000Z</time>
      </trkpt>
      <trkpt lat="40.24714197032153606414794921875" lon="9.49223603121936321258544921875">
        <ele>187.1999969482421875</ele>
        <time>2026-09-16T08:20:59.000Z</time>
      </trkpt>
      <trkpt lat="40.2471180818974971771240234375" lon="9.492238797247409820556640625">
        <ele>187.600006103515625</ele>
        <time>2026-09-16T08:21:02.000Z</time>
      </trkpt>
      <trkpt lat="40.2469608373939990997314453125" lon="9.4922942854464054107666015625">
        <ele>189.8000030517578125</ele>
        <time>2026-09-16T08:21:14.000Z</time>
      </trkpt>
      <trkpt lat="40.24689436890184879302978515625" lon="9.49229453690350055694580078125">
        <ele>191.1999969482421875</ele>
        <time>2026-09-16T08:21:20.000Z</time>
      </trkpt>
      <trkpt lat="40.246865786612033843994140625" lon="9.4922939501702785491943359375">
        <ele>191.600006103515625</ele>
        <time>2026-09-16T08:21:22.000Z</time>
      </trkpt>
      <trkpt lat="40.24681909941136837005615234375" lon="9.4922644458711147308349609375">
        <ele>191.1999969482421875</ele>
        <time>2026-09-16T08:21:27.000Z</time>
      </trkpt>
      <trkpt lat="40.24677970446646213531494140625" lon="9.4922436587512493133544921875">
        <ele>190.8000030517578125</ele>
        <time>2026-09-16T08:21:30.000Z</time>
      </trkpt>
      <trkpt lat="40.246754474937915802001953125" lon="9.49222731404006481170654296875">
        <ele>190.600006103515625</ele>
        <time>2026-09-16T08:21:32.000Z</time>
      </trkpt>
      <trkpt lat="40.24670745246112346649169921875" lon="9.49221775867044925689697265625">
        <ele>190.600006103515625</ele>
        <time>2026-09-16T08:21:36.000Z</time>
      </trkpt>
      <trkpt lat="40.24668951518833637237548828125" lon="9.492217004299163818359375">
        <ele>190.600006103515625</ele>
        <time>2026-09-16T08:21:37.000Z</time>
      </trkpt>
      <trkpt lat="40.24665012024343013763427734375" lon="9.49219764210283756256103515625">
        <ele>190.600006103515625</ele>
        <time>2026-09-16T08:21:40.000Z</time>
      </trkpt>
      <trkpt lat="40.24654090404510498046875" lon="9.49213678948581218719482421875">
        <ele>191.1999969482421875</ele>
        <time>2026-09-16T08:21:49.000Z</time>
      </trkpt>
      <trkpt lat="40.24644057266414165496826171875" lon="9.49209035374224185943603515625">
        <ele>193.1999969482421875</ele>
        <time>2026-09-16T08:21:59.000Z</time>
      </trkpt>
      <trkpt lat="40.24637284688651561737060546875" lon="9.49206353165209293365478515625">
        <ele>194.600006103515625</ele>
        <time>2026-09-16T08:22:06.000Z</time>
      </trkpt>
      <trkpt lat="40.2463667280972003936767578125" lon="9.49206084944307804107666015625">
        <ele>194.8000030517578125</ele>
        <time>2026-09-16T08:22:07.000Z</time>
      </trkpt>
      <trkpt lat="40.2462901175022125244140625" lon="9.49202598072588443756103515625">
        <ele>196.600006103515625</ele>
        <time>2026-09-16T08:22:15.000Z</time>
      </trkpt>
      <trkpt lat="40.2462356351315975189208984375" lon="9.49201173149049282073974609375">
        <ele>198.1999969482421875</ele>
        <time>2026-09-16T08:22:20.000Z</time>
      </trkpt>
      <trkpt lat="40.2461732737720012664794921875" lon="9.4919984042644500732421875">
        <ele>200.1999969482421875</ele>
        <time>2026-09-16T08:22:24.000Z</time>
      </trkpt>
      <trkpt lat="40.246142260730266571044921875" lon="9.49196957051753997802734375">
        <ele>200.8000030517578125</ele>
        <time>2026-09-16T08:22:28.000Z</time>
      </trkpt>
      <trkpt lat="40.246120803058147430419921875" lon="9.4919690676033496856689453125">
        <ele>201.600006103515625</ele>
        <time>2026-09-16T08:22:29.000Z</time>
      </trkpt>
      <trkpt lat="40.246061123907566070556640625" lon="9.49196328409016132354736328125">
        <ele>203.600006103515625</ele>
        <time>2026-09-16T08:22:33.000Z</time>
      </trkpt>
      <trkpt lat="40.2460636384785175323486328125" lon="9.49194484390318393707275390625">
        <ele>203.1999969482421875</ele>
        <time>2026-09-16T08:22:34.000Z</time>
      </trkpt>
      <trkpt lat="40.24603036232292652130126953125" lon="9.49190712533891201019287109375">
        <ele>203.600006103515625</ele>
        <time>2026-09-16T08:22:40.000Z</time>
      </trkpt>
      <trkpt lat="40.24593011476099491119384765625" lon="9.4918198697268962860107421875">
        <ele>205.399993896484375</ele>
        <time>2026-09-16T08:22:51.000Z</time>
      </trkpt>
      <trkpt lat="40.24589273147284984588623046875" lon="9.49177267961204051971435546875">
        <ele>205.8000030517578125</ele>
        <time>2026-09-16T08:22:56.000Z</time>
      </trkpt>
      <trkpt lat="40.245855264365673065185546875" lon="9.49173663742840290069580078125">
        <ele>206.399993896484375</ele>
        <time>2026-09-16T08:23:00.000Z</time>
      </trkpt>
      <trkpt lat="40.24584730155766010284423828125" lon="9.49171610176563262939453125">
        <ele>206.1999969482421875</ele>
        <time>2026-09-16T08:23:02.000Z</time>
      </trkpt>
      <trkpt lat="40.2458148635923862457275390625" lon="9.49169824831187725067138671875">
        <ele>207</ele>
        <time>2026-09-16T08:23:06.000Z</time>
      </trkpt>
      <trkpt lat="40.245802290737628936767578125" lon="9.49168500490486621856689453125">
        <ele>207</ele>
        <time>2026-09-16T08:23:09.000Z</time>
      </trkpt>
      <trkpt lat="40.2457858622074127197265625" lon="9.4916733540594577789306640625">
        <ele>207.399993896484375</ele>
        <time>2026-09-16T08:23:13.000Z</time>
      </trkpt>
      <trkpt lat="40.24578276090323925018310546875" lon="9.49167209677398204803466796875">
        <ele>207.399993896484375</ele>
        <time>2026-09-16T08:23:15.000Z</time>
      </trkpt>
      <trkpt lat="40.24578141979873180389404296875" lon="9.49167025275528430938720703125">
        <ele>207.600006103515625</ele>
        <time>2026-09-16T08:23:18.000Z</time>
      </trkpt>
      <trkpt lat="40.2457803301513195037841796875" lon="9.49166371487081050872802734375">
        <ele>207.399993896484375</ele>
        <time>2026-09-16T08:23:23.000Z</time>
      </trkpt>
      <trkpt lat="40.2457803301513195037841796875" lon="9.49166371487081050872802734375">
        <ele>207.399993896484375</ele>
        <time>2026-09-16T08:23:29.000Z</time>
      </trkpt>
      <trkpt lat="40.2457322180271148681640625" lon="9.49164770543575286865234375">
        <ele>208.600006103515625</ele>
        <time>2026-09-16T08:23:36.000Z</time>
      </trkpt>
      <trkpt lat="40.24564596824347972869873046875" lon="9.49162566103041172027587890625">
        <ele>210.8000030517578125</ele>
        <time>2026-09-16T08:23:42.000Z</time>
      </trkpt>
      <trkpt lat="40.24562903679907321929931640625" lon="9.491620548069477081298828125">
        <ele>211.1999969482421875</ele>
        <time>2026-09-16T08:23:43.000Z</time>
      </trkpt>
      <trkpt lat="40.24559416808187961578369140625" lon="9.49159800074994564056396484375">
        <ele>211.8000030517578125</ele>
        <time>2026-09-16T08:23:46.000Z</time>
      </trkpt>
      <trkpt lat="40.24556047283113002777099609375" lon="9.4915707595646381378173828125">
        <ele>212.1999969482421875</ele>
        <time>2026-09-16T08:23:49.000Z</time>
      </trkpt>
      <trkpt lat="40.24551772512495517730712890625" lon="9.4915482960641384124755859375">
        <ele>213</ele>
        <time>2026-09-16T08:23:52.000Z</time>
      </trkpt>
      <trkpt lat="40.24550355970859527587890625" lon="9.491536058485507965087890625">
        <ele>213.1999969482421875</ele>
        <time>2026-09-16T08:23:54.000Z</time>
      </trkpt>
      <trkpt lat="40.24548838846385478973388671875" lon="9.49151736684143543243408203125">
        <ele>213.1999969482421875</ele>
        <time>2026-09-16T08:23:56.000Z</time>
      </trkpt>
      <trkpt lat="40.24544723331928253173828125" lon="9.49147361330687999725341796875">
        <ele>212.8000030517578125</ele>
        <time>2026-09-16T08:24:00.000Z</time>
      </trkpt>
      <trkpt lat="40.2454289607703685760498046875" lon="9.49145232327282428741455078125">
        <ele>212.600006103515625</ele>
        <time>2026-09-16T08:24:02.000Z</time>
      </trkpt>
      <trkpt lat="40.24533583782613277435302734375" lon="9.491379149258136749267578125">
        <ele>212.600006103515625</ele>
        <time>2026-09-16T08:24:09.000Z</time>
      </trkpt>
      <trkpt lat="40.24530532769858837127685546875" lon="9.49136431328952312469482421875">
        <ele>213</ele>
        <time>2026-09-16T08:24:11.000Z</time>
      </trkpt>
      <trkpt lat="40.245293676853179931640625" lon="9.49135266244411468505859375">
        <ele>213.1999969482421875</ele>
        <time>2026-09-16T08:24:13.000Z</time>
      </trkpt>
      <trkpt lat="40.245210193097591400146484375" lon="9.49130178429186344146728515625">
        <ele>214.399993896484375</ele>
        <time>2026-09-16T08:24:21.000Z</time>
      </trkpt>
      <trkpt lat="40.2451528608798980712890625" lon="9.49125476181507110595703125">
        <ele>215.1999969482421875</ele>
        <time>2026-09-16T08:24:27.000Z</time>
      </trkpt>
      <trkpt lat="40.2451426349580287933349609375" lon="9.4912562705576419830322265625">
        <ele>215.399993896484375</ele>
        <time>2026-09-16T08:24:28.000Z</time>
      </trkpt>
      <trkpt lat="40.24509242735803127288818359375" lon="9.49123221449553966522216796875">
        <ele>216.399993896484375</ele>
        <time>2026-09-16T08:24:33.000Z</time>
      </trkpt>
      <trkpt lat="40.24501766078174114227294921875" lon="9.49123053811490535736083984375">
        <ele>218.399993896484375</ele>
        <time>2026-09-16T08:24:37.000Z</time>
      </trkpt>
      <trkpt lat="40.2449002303183078765869140625" lon="9.49118762277066707611083984375">
        <ele>221.600006103515625</ele>
        <time>2026-09-16T08:24:45.000Z</time>
      </trkpt>
      <trkpt lat="40.2448452450335025787353515625" lon="9.49113716371357440948486328125">
        <ele>222.399993896484375</ele>
        <time>2026-09-16T08:24:50.000Z</time>
      </trkpt>
      <trkpt lat="40.24481079541146755218505859375" lon="9.4911105930805206298828125">
        <ele>222.8000030517578125</ele>
        <time>2026-09-16T08:24:52.000Z</time>
      </trkpt>
      <trkpt lat="40.244712643325328826904296875" lon="9.49102568440139293670654296875">
        <ele>224.600006103515625</ele>
        <time>2026-09-16T08:24:59.000Z</time>
      </trkpt>
      <trkpt lat="40.24466964416205883026123046875" lon="9.49097321368753910064697265625">
        <ele>225</ele>
        <time>2026-09-16T08:25:04.000Z</time>
      </trkpt>
      <trkpt lat="40.24462974630296230316162109375" lon="9.49097069911658763885498046875">
        <ele>226.1999969482421875</ele>
        <time>2026-09-16T08:25:07.000Z</time>
      </trkpt>
      <trkpt lat="40.2446152456104755401611328125" lon="9.4909689389169216156005859375">
        <ele>226.600006103515625</ele>
        <time>2026-09-16T08:25:08.000Z</time>
      </trkpt>
      <trkpt lat="40.2445359528064727783203125" lon="9.490935243666172027587890625">
        <ele>228.600006103515625</ele>
        <time>2026-09-16T08:25:15.000Z</time>
      </trkpt>
      <trkpt lat="40.24445875547826290130615234375" lon="9.4908888079226016998291015625">
        <ele>230.1999969482421875</ele>
        <time>2026-09-16T08:25:23.000Z</time>
      </trkpt>
      <trkpt lat="40.244450457394123077392578125" lon="9.49088352732360363006591796875">
        <ele>230.399993896484375</ele>
        <time>2026-09-16T08:25:24.000Z</time>
      </trkpt>
      <trkpt lat="40.24443872272968292236328125" lon="9.49086894281208515167236328125">
        <ele>230.600006103515625</ele>
        <time>2026-09-16T08:25:26.000Z</time>
      </trkpt>
      <trkpt lat="40.24442732334136962890625" lon="9.49086743406951427459716796875">
        <ele>231</ele>
        <time>2026-09-16T08:25:27.000Z</time>
      </trkpt>
      <trkpt lat="40.2444110624492168426513671875" lon="9.49086877517402172088623046875">
        <ele>231.399993896484375</ele>
        <time>2026-09-16T08:25:28.000Z</time>
      </trkpt>
      <trkpt lat="40.24440008215606212615966796875" lon="9.4908629916608333587646484375">
        <ele>231.600006103515625</ele>
        <time>2026-09-16T08:25:29.000Z</time>
      </trkpt>
      <trkpt lat="40.2443426661193370819091796875" lon="9.490814208984375">
        <ele>232.8000030517578125</ele>
        <time>2026-09-16T08:25:35.000Z</time>
      </trkpt>
      <trkpt lat="40.2443218789994716644287109375" lon="9.49080859310925006866455078125">
        <ele>233.600006103515625</ele>
        <time>2026-09-16T08:25:37.000Z</time>
      </trkpt>
      <trkpt lat="40.24425876326858997344970703125" lon="9.49075880460441112518310546875">
        <ele>235.1999969482421875</ele>
        <time>2026-09-16T08:25:42.000Z</time>
      </trkpt>
      <trkpt lat="40.24420796893537044525146484375" lon="9.49068319983780384063720703125">
        <ele>236.1999969482421875</ele>
        <time>2026-09-16T08:25:47.000Z</time>
      </trkpt>
      <trkpt lat="40.24415533058345317840576171875" lon="9.49066475965082645416259765625">
        <ele>237.8000030517578125</ele>
        <time>2026-09-16T08:25:51.000Z</time>
      </trkpt>
      <trkpt lat="40.24414577521383762359619140625" lon="9.49066610075533390045166015625">
        <ele>238.1999969482421875</ele>
        <time>2026-09-16T08:25:52.000Z</time>
      </trkpt>
      <trkpt lat="40.24410839192569255828857421875" lon="9.49062569998204708099365234375">
        <ele>239.1999969482421875</ele>
        <time>2026-09-16T08:25:56.000Z</time>
      </trkpt>
      <trkpt lat="40.2440251596271991729736328125" lon="9.4905984587967395782470703125">
        <ele>241.1999969482421875</ele>
        <time>2026-09-16T08:26:03.000Z</time>
      </trkpt>
      <trkpt lat="40.2439882792532444000244140625" lon="9.4905558787286281585693359375">
        <ele>241.8000030517578125</ele>
        <time>2026-09-16T08:26:09.000Z</time>
      </trkpt>
      <trkpt lat="40.243895910680294036865234375" lon="9.49054397642612457275390625">
        <ele>244</ele>
        <time>2026-09-16T08:26:15.000Z</time>
      </trkpt>
      <trkpt lat="40.2438598684966564178466796875" lon="9.49053919874131679534912109375">
        <ele>244.8000030517578125</ele>
        <time>2026-09-16T08:26:17.000Z</time>
      </trkpt>
      <trkpt lat="40.24381753988564014434814453125" lon="9.4905173219740390777587890625">
        <ele>245.8000030517578125</ele>
        <time>2026-09-16T08:26:20.000Z</time>
      </trkpt>
      <trkpt lat="40.24379842914640903472900390625" lon="9.4904918409883975982666015625">
        <ele>246.1999969482421875</ele>
        <time>2026-09-16T08:26:22.000Z</time>
      </trkpt>
      <trkpt lat="40.2437854371964931488037109375" lon="9.4904636777937412261962890625">
        <ele>246.399993896484375</ele>
        <time>2026-09-16T08:26:24.000Z</time>
      </trkpt>
      <trkpt lat="40.2437700144946575164794921875" lon="9.4904221035540103912353515625">
        <ele>246.8000030517578125</ele>
        <time>2026-09-16T08:26:28.000Z</time>
      </trkpt>
      <trkpt lat="40.2437447011470794677734375" lon="9.4903895817697048187255859375">
        <ele>247.1999969482421875</ele>
        <time>2026-09-16T08:26:30.000Z</time>
      </trkpt>
      <trkpt lat="40.24374268949031829833984375" lon="9.4903285615146160125732421875">
        <ele>247</ele>
        <time>2026-09-16T08:26:33.000Z</time>
      </trkpt>
      <trkpt lat="40.24372257292270660400390625" lon="9.4902574829757213592529296875">
        <ele>247.1999969482421875</ele>
        <time>2026-09-16T08:26:37.000Z</time>
      </trkpt>
      <trkpt lat="40.2437257580459117889404296875" lon="9.49019394814968109130859375">
        <ele>246.399993896484375</ele>
        <time>2026-09-16T08:26:40.000Z</time>
      </trkpt>
      <trkpt lat="40.24369038641452789306640625" lon="9.49014960788190364837646484375">
        <ele>246.8000030517578125</ele>
        <time>2026-09-16T08:26:42.000Z</time>
      </trkpt>
      <trkpt lat="40.24364436976611614227294921875" lon="9.49009604752063751220703125">
        <ele>247.399993896484375</ele>
        <time>2026-09-16T08:26:47.000Z</time>
      </trkpt>
      <trkpt lat="40.2436087466776371002197265625" lon="9.49005715548992156982421875">
        <ele>248</ele>
        <time>2026-09-16T08:26:50.000Z</time>
      </trkpt>
      <trkpt lat="40.2435745485126972198486328125" lon="9.49002237059175968170166015625">
        <ele>248.399993896484375</ele>
        <time>2026-09-16T08:26:53.000Z</time>
      </trkpt>
      <trkpt lat="40.24352937005460262298583984375" lon="9.4899822212755680084228515625">
        <ele>249</ele>
        <time>2026-09-16T08:26:58.000Z</time>
      </trkpt>
      <trkpt lat="40.24350422434508800506591796875" lon="9.48994860984385013580322265625">
        <ele>249</ele>
        <time>2026-09-16T08:27:01.000Z</time>
      </trkpt>
      <trkpt lat="40.2434840239584445953369140625" lon="9.4899302534759044647216796875">
        <ele>249.1999969482421875</ele>
        <time>2026-09-16T08:27:03.000Z</time>
      </trkpt>
      <trkpt lat="40.243464410305023193359375" lon="9.48994659818708896636962890625">
        <ele>250</ele>
        <time>2026-09-16T08:27:06.000Z</time>
      </trkpt>
      <trkpt lat="40.24345125071704387664794921875" lon="9.48996470309793949127197265625">
        <ele>250.600006103515625</ele>
        <time>2026-09-16T08:27:08.000Z</time>
      </trkpt>
      <trkpt lat="40.2434451319277286529541015625" lon="9.48997962288558483123779296875">
        <ele>251</ele>
        <time>2026-09-16T08:27:09.000Z</time>
      </trkpt>
      <trkpt lat="40.24344228208065032958984375" lon="9.48999554850161075592041015625">
        <ele>251.399993896484375</ele>
        <time>2026-09-16T08:27:10.000Z</time>
      </trkpt>
      <trkpt lat="40.243439935147762298583984375" lon="9.49001667089760303497314453125">
        <ele>251.8000030517578125</ele>
        <time>2026-09-16T08:27:11.000Z</time>
      </trkpt>
      <trkpt lat="40.24343783967196941375732421875" lon="9.49005975387990474700927734375">
        <ele>252.1999969482421875</ele>
        <time>2026-09-16T08:27:13.000Z</time>
      </trkpt>
      <trkpt lat="40.24344362318515777587890625" lon="9.49009747244417667388916015625">
        <ele>252.600006103515625</ele>
        <time>2026-09-16T08:27:15.000Z</time>
      </trkpt>
      <trkpt lat="40.24344974197447299957275390625" lon="9.49011348187923431396484375">
        <ele>252.600006103515625</ele>
        <time>2026-09-16T08:27:16.000Z</time>
      </trkpt>
      <trkpt lat="40.24345678277313709259033203125" lon="9.49029662646353244781494140625">
        <ele>255.399993896484375</ele>
        <time>2026-09-16T08:27:26.000Z</time>
      </trkpt>
      <trkpt lat="40.2434595488011837005615234375" lon="9.4903104566037654876708984375">
        <ele>255.600006103515625</ele>
        <time>2026-09-16T08:27:27.000Z</time>
      </trkpt>
      <trkpt lat="40.24346784688532352447509765625" lon="9.49041028507053852081298828125">
        <ele>257</ele>
        <time>2026-09-16T08:27:33.000Z</time>
      </trkpt>
      <trkpt lat="40.24347421713173389434814453125" lon="9.49048588983714580535888671875">
        <ele>258.20001220703125</ele>
        <time>2026-09-16T08:27:37.000Z</time>
      </trkpt>
      <trkpt lat="40.2434887178242206573486328125" lon="9.4905661046504974365234375">
        <ele>258.79998779296875</ele>
        <time>2026-09-16T08:27:42.000Z</time>
      </trkpt>
      <trkpt lat="40.2434930764138698577880859375" lon="9.49058161117136478424072265625">
        <ele>259</ele>
        <time>2026-09-16T08:27:43.000Z</time>
      </trkpt>
      <trkpt lat="40.24349852465093135833740234375" lon="9.4906143844127655029296875">
        <ele>259.20001220703125</ele>
        <time>2026-09-16T08:27:45.000Z</time>
      </trkpt>
      <trkpt lat="40.24345309473574161529541015625" lon="9.49069325812160968780517578125">
        <ele>261.79998779296875</ele>
        <time>2026-09-16T08:27:51.000Z</time>
      </trkpt>
      <trkpt lat="40.24343918077647686004638671875" lon="9.49069476686418056488037109375">
        <ele>262.399993896484375</ele>
        <time>2026-09-16T08:27:52.000Z</time>
      </trkpt>
      <trkpt lat="40.24340665899217128753662109375" lon="9.49066945351660251617431640625">
        <ele>263</ele>
        <time>2026-09-16T08:27:55.000Z</time>
      </trkpt>
      <trkpt lat="40.24339995346963405609130859375" lon="9.49065637774765491485595703125">
        <ele>263</ele>
        <time>2026-09-16T08:27:56.000Z</time>
      </trkpt>
      <trkpt lat="40.24330389685928821563720703125" lon="9.49060834944248199462890625">
        <ele>265.600006103515625</ele>
        <time>2026-09-16T08:28:03.000Z</time>
      </trkpt>
      <trkpt lat="40.243265926837921142578125" lon="9.49057616293430328369140625">
        <ele>266.600006103515625</ele>
        <time>2026-09-16T08:28:06.000Z</time>
      </trkpt>
      <trkpt lat="40.24323499761521816253662109375" lon="9.49055948294699192047119140625">
        <ele>267.20001220703125</ele>
        <time>2026-09-16T08:28:08.000Z</time>
      </trkpt>
      <trkpt lat="40.24322862736880779266357421875" lon="9.49054422788321971893310546875">
        <ele>267</ele>
        <time>2026-09-16T08:28:09.000Z</time>
      </trkpt>
      <trkpt lat="40.243203900754451751708984375" lon="9.49051690287888050079345703125">
        <ele>267.399993896484375</ele>
        <time>2026-09-16T08:28:11.000Z</time>
      </trkpt>
      <trkpt lat="40.2431289665400981903076171875" lon="9.4904506020247936248779296875">
        <ele>269</ele>
        <time>2026-09-16T08:28:17.000Z</time>
      </trkpt>
      <trkpt lat="40.243062078952789306640625" lon="9.49040860868990421295166015625">
        <ele>270.600006103515625</ele>
        <time>2026-09-16T08:28:22.000Z</time>
      </trkpt>
      <trkpt lat="40.24304875172674655914306640625" lon="9.490406848490238189697265625">
        <ele>271</ele>
        <time>2026-09-16T08:28:23.000Z</time>
      </trkpt>
      <trkpt lat="40.2430314011871814727783203125" lon="9.49039285071194171905517578125">
        <ele>271.399993896484375</ele>
        <time>2026-09-16T08:28:25.000Z</time>
      </trkpt>
      <trkpt lat="40.243010781705379486083984375" lon="9.4903104566037654876708984375">
        <ele>270.600006103515625</ele>
        <time>2026-09-16T08:28:31.000Z</time>
      </trkpt>
      <trkpt lat="40.24294598959386348724365234375" lon="9.49017743580043315887451171875">
        <ele>270.399993896484375</ele>
        <time>2026-09-16T08:28:40.000Z</time>
      </trkpt>
      <trkpt lat="40.24288027547299861907958984375" lon="9.490068890154361724853515625">
        <ele>270.600006103515625</ele>
        <time>2026-09-16T08:28:48.000Z</time>
      </trkpt>
      <trkpt lat="40.2428801916539669036865234375" lon="9.49003972113132476806640625">
        <ele>270.20001220703125</ele>
        <time>2026-09-16T08:28:50.000Z</time>
      </trkpt>
      <trkpt lat="40.2428647689521312713623046875" lon="9.49001784436404705047607421875">
        <ele>270.20001220703125</ele>
        <time>2026-09-16T08:28:53.000Z</time>
      </trkpt>
      <trkpt lat="40.24285512976348400115966796875" lon="9.490005187690258026123046875">
        <ele>270.399993896484375</ele>
        <time>2026-09-16T08:28:54.000Z</time>
      </trkpt>
      <trkpt lat="40.24275873787701129913330078125" lon="9.48995145969092845916748046875">
        <ele>272.399993896484375</ele>
        <time>2026-09-16T08:29:02.000Z</time>
      </trkpt>
      <trkpt lat="40.2427554689347743988037109375" lon="9.48994173668324947357177734375">
        <ele>272.20001220703125</ele>
        <time>2026-09-16T08:29:03.000Z</time>
      </trkpt>
      <trkpt lat="40.2427316643297672271728515625" lon="9.48990351520478725433349609375">
        <ele>272.20001220703125</ele>
        <time>2026-09-16T08:29:07.000Z</time>
      </trkpt>
      <trkpt lat="40.24269637651741504669189453125" lon="9.48985808528959751129150390625">
        <ele>272.399993896484375</ele>
        <time>2026-09-16T08:29:11.000Z</time>
      </trkpt>
      <trkpt lat="40.2426672913134098052978515625" lon="9.48983277194201946258544921875">
        <ele>273</ele>
        <time>2026-09-16T08:29:14.000Z</time>
      </trkpt>
      <trkpt lat="40.24260300211608409881591796875" lon="9.48977091349661350250244140625">
        <ele>274.20001220703125</ele>
        <time>2026-09-16T08:29:21.000Z</time>
      </trkpt>
      <trkpt lat="40.2425754256546497344970703125" lon="9.4897445105016231536865234375">
        <ele>274.79998779296875</ele>
        <time>2026-09-16T08:29:24.000Z</time>
      </trkpt>
      <trkpt lat="40.24248464964330196380615234375" lon="9.4896875135600566864013671875">
        <ele>276.79998779296875</ele>
        <time>2026-09-16T08:29:32.000Z</time>
      </trkpt>
      <trkpt lat="40.2424087934195995330810546875" lon="9.48961886577308177947998046875">
        <ele>278</ele>
        <time>2026-09-16T08:29:40.000Z</time>
      </trkpt>
      <trkpt lat="40.2423554845154285430908203125" lon="9.48959774337708950042724609375">
        <ele>280</ele>
        <time>2026-09-16T08:29:47.000Z</time>
      </trkpt>
      <trkpt lat="40.24235154502093791961669921875" lon="9.48959556408226490020751953125">
        <ele>280</ele>
        <time>2026-09-16T08:29:48.000Z</time>
      </trkpt>
      <trkpt lat="40.24222497828304767608642578125" lon="9.48953839950263500213623046875">
        <ele>284.399993896484375</ele>
        <time>2026-09-16T08:29:59.000Z</time>
      </trkpt>
      <trkpt lat="40.24214685894548892974853515625" lon="9.48947436176240444183349609375">
        <ele>286</ele>
        <time>2026-09-16T08:30:08.000Z</time>
      </trkpt>
      <trkpt lat="40.24214535020291805267333984375" lon="9.489473439753055572509765625">
        <ele>286.20001220703125</ele>
        <time>2026-09-16T08:30:16.000Z</time>
      </trkpt>
      <trkpt lat="40.242143757641315460205078125" lon="9.48947779834270477294921875">
        <ele>286.399993896484375</ele>
        <time>2026-09-16T08:30:20.000Z</time>
      </trkpt>
      <trkpt lat="40.24212263524532318115234375" lon="9.48947913944721221923828125">
        <ele>287.20001220703125</ele>
        <time>2026-09-16T08:30:22.000Z</time>
      </trkpt>
      <trkpt lat="40.242051221430301666259765625" lon="9.4894672371447086334228515625">
        <ele>289.600006103515625</ele>
        <time>2026-09-16T08:30:29.000Z</time>
      </trkpt>
      <trkpt lat="40.24202347733080387115478515625" lon="9.48946983553469181060791015625">
        <ele>290.79998779296875</ele>
        <time>2026-09-16T08:30:31.000Z</time>
      </trkpt>
      <trkpt lat="40.241990201175212860107421875" lon="9.489466063678264617919921875">
        <ele>292</ele>
        <time>2026-09-16T08:30:34.000Z</time>
      </trkpt>
      <trkpt lat="40.24196865968406200408935546875" lon="9.48945843614637851715087890625">
        <ele>292.600006103515625</ele>
        <time>2026-09-16T08:30:36.000Z</time>
      </trkpt>
      <trkpt lat="40.241950638592243194580078125" lon="9.4894591905176639556884765625">
        <ele>293.399993896484375</ele>
        <time>2026-09-16T08:30:38.000Z</time>
      </trkpt>
      <trkpt lat="40.24189791642129421234130859375" lon="9.48943060822784900665283203125">
        <ele>294.79998779296875</ele>
        <time>2026-09-16T08:30:45.000Z</time>
      </trkpt>
      <trkpt lat="40.2418867684900760650634765625" lon="9.4894179515540599822998046875">
        <ele>295</ele>
        <time>2026-09-16T08:30:47.000Z</time>
      </trkpt>
      <trkpt lat="40.24185650981962680816650390625" lon="9.4893907941877841949462890625">
        <ele>295.600006103515625</ele>
        <time>2026-09-16T08:30:52.000Z</time>
      </trkpt>
      <trkpt lat="40.24184863083064556121826171875" lon="9.48938702233135700225830078125">
        <ele>295.79998779296875</ele>
        <time>2026-09-16T08:30:53.000Z</time>
      </trkpt>
      <trkpt lat="40.24182893335819244384765625" lon="9.4893592782318592071533203125">
        <ele>296</ele>
        <time>2026-09-16T08:30:56.000Z</time>
      </trkpt>
      <trkpt lat="40.24181124754250049591064453125" lon="9.489338658750057220458984375">
        <ele>296.20001220703125</ele>
        <time>2026-09-16T08:30:59.000Z</time>
      </trkpt>
      <trkpt lat="40.2417855150997638702392578125" lon="9.4893210567533969879150390625">
        <ele>296.79998779296875</ele>
        <time>2026-09-16T08:31:02.000Z</time>
      </trkpt>
      <trkpt lat="40.241776965558528900146484375" lon="9.48931795544922351837158203125">
        <ele>297.20001220703125</ele>
        <time>2026-09-16T08:31:03.000Z</time>
      </trkpt>
      <trkpt lat="40.24174151010811328887939453125" lon="9.48933430016040802001953125">
        <ele>299.20001220703125</ele>
        <time>2026-09-16T08:31:07.000Z</time>
      </trkpt>
      <trkpt lat="40.241747461259365081787109375" lon="9.48938132263720035552978515625">
        <ele>300.399993896484375</ele>
        <time>2026-09-16T08:31:12.000Z</time>
      </trkpt>
      <trkpt lat="40.24174335412681102752685546875" lon="9.48940462432801723480224609375">
        <ele>301.399993896484375</ele>
        <time>2026-09-16T08:31:14.000Z</time>
      </trkpt>
      <trkpt lat="40.2417358942329883575439453125" lon="9.48947151191532611846923828125">
        <ele>303.600006103515625</ele>
        <time>2026-09-16T08:31:19.000Z</time>
      </trkpt>
      <trkpt lat="40.241733379662036895751953125" lon="9.48948726989328861236572265625">
        <ele>304</ele>
        <time>2026-09-16T08:31:20.000Z</time>
      </trkpt>
      <trkpt lat="40.24173396639525890350341796875" lon="9.48950185440480709075927734375">
        <ele>304.20001220703125</ele>
        <time>2026-09-16T08:31:21.000Z</time>
      </trkpt>
      <trkpt lat="40.2417382411658763885498046875" lon="9.48952984996140003204345703125">
        <ele>304.600006103515625</ele>
        <time>2026-09-16T08:31:23.000Z</time>
      </trkpt>
      <trkpt lat="40.241742096841335296630859375" lon="9.4895557500422000885009765625">
        <ele>305</ele>
        <time>2026-09-16T08:31:25.000Z</time>
      </trkpt>
      <trkpt lat="40.241750814020633697509765625" lon="9.48960780166089534759521484375">
        <ele>305.79998779296875</ele>
        <time>2026-09-16T08:31:29.000Z</time>
      </trkpt>
      <trkpt lat="40.24173094891011714935302734375" lon="9.4896355457603931427001953125">
        <ele>307.600006103515625</ele>
        <time>2026-09-16T08:31:32.000Z</time>
      </trkpt>
      <trkpt lat="40.24166263639926910400390625" lon="9.489634037017822265625">
        <ele>311.20001220703125</ele>
        <time>2026-09-16T08:31:38.000Z</time>
      </trkpt>
      <trkpt lat="40.24162114597856998443603515625" lon="9.48958550579845905303955078125">
        <ele>312.20001220703125</ele>
        <time>2026-09-16T08:31:43.000Z</time>
      </trkpt>
      <trkpt lat="40.24159851484000682830810546875" lon="9.48957561515271663665771484375">
        <ele>313.20001220703125</ele>
        <time>2026-09-16T08:31:45.000Z</time>
      </trkpt>
      <trkpt lat="40.24155694060027599334716796875" lon="9.48953856714069843292236328125">
        <ele>314.600006103515625</ele>
        <time>2026-09-16T08:31:52.000Z</time>
      </trkpt>
      <trkpt lat="40.2414898015558719635009765625" lon="9.4895054586231708526611328125">
        <ele>317.600006103515625</ele>
        <time>2026-09-16T08:31:59.000Z</time>
      </trkpt>
      <trkpt lat="40.24147714488208293914794921875" lon="9.48951040394604206085205078125">
        <ele>318.600006103515625</ele>
        <time>2026-09-16T08:32:00.000Z</time>
      </trkpt>
      <trkpt lat="40.24143791757524013519287109375" lon="9.48948207311332225799560546875">
        <ele>320</ele>
        <time>2026-09-16T08:32:05.000Z</time>
      </trkpt>
      <trkpt lat="40.24142182432115077972412109375" lon="9.489460699260234832763671875">
        <ele>320.399993896484375</ele>
        <time>2026-09-16T08:32:07.000Z</time>
      </trkpt>
      <trkpt lat="40.24140271358191967010498046875" lon="9.48944066651165485382080078125">
        <ele>321</ele>
        <time>2026-09-16T08:32:10.000Z</time>
      </trkpt>
      <trkpt lat="40.2413831837475299835205078125" lon="9.4894270040094852447509765625">
        <ele>321.79998779296875</ele>
        <time>2026-09-16T08:32:12.000Z</time>
      </trkpt>
      <trkpt lat="40.24129525758326053619384765625" lon="9.48936045169830322265625">
        <ele>324.79998779296875</ele>
        <time>2026-09-16T08:32:21.000Z</time>
      </trkpt>
      <trkpt lat="40.24127061478793621063232421875" lon="9.489355422556400299072265625">
        <ele>326</ele>
        <time>2026-09-16T08:32:25.000Z</time>
      </trkpt>
      <trkpt lat="40.24127111770212650299072265625" lon="9.4893428497016429901123046875">
        <ele>325.600006103515625</ele>
        <time>2026-09-16T08:32:26.000Z</time>
      </trkpt>
      <trkpt lat="40.2412661723792552947998046875" lon="9.4893227331340312957763671875">
        <ele>325.20001220703125</ele>
        <time>2026-09-16T08:32:28.000Z</time>
      </trkpt>
      <trkpt lat="40.24125837720930576324462890625" lon="9.48928811587393283843994140625">
        <ele>324.600006103515625</ele>
        <time>2026-09-16T08:32:31.000Z</time>
      </trkpt>
      <trkpt lat="40.2412453852593898773193359375" lon="9.48920748196542263031005859375">
        <ele>322.79998779296875</ele>
        <time>2026-09-16T08:32:36.000Z</time>
      </trkpt>
      <trkpt lat="40.24122032336890697479248046875" lon="9.48916372843086719512939453125">
        <ele>323</ele>
        <time>2026-09-16T08:32:39.000Z</time>
      </trkpt>
      <trkpt lat="40.24119031615555286407470703125" lon="9.48910958133637905120849609375">
        <ele>323.399993896484375</ele>
        <time>2026-09-16T08:32:43.000Z</time>
      </trkpt>
      <trkpt lat="40.24111638776957988739013671875" lon="9.4890796579420566558837890625">
        <ele>327.20001220703125</ele>
        <time>2026-09-16T08:32:48.000Z</time>
      </trkpt>
      <trkpt lat="40.241097696125507354736328125" lon="9.48906163685023784637451171875">
        <ele>327.79998779296875</ele>
        <time>2026-09-16T08:32:51.000Z</time>
      </trkpt>
      <trkpt lat="40.241088308393955230712890625" lon="9.48905375786125659942626953125">
        <ele>328.20001220703125</ele>
        <time>2026-09-16T08:32:52.000Z</time>
      </trkpt>
      <trkpt lat="40.24108151905238628387451171875" lon="9.489043615758419036865234375">
        <ele>328.399993896484375</ele>
        <time>2026-09-16T08:32:53.000Z</time>
      </trkpt>
      <trkpt lat="40.24109400808811187744140625" lon="9.48898921720683574676513671875">
        <ele>326.20001220703125</ele>
        <time>2026-09-16T08:32:56.000Z</time>
      </trkpt>
      <trkpt lat="40.24107833392918109893798828125" lon="9.4889757223427295684814453125">
        <ele>326.79998779296875</ele>
        <time>2026-09-16T08:32:57.000Z</time>
      </trkpt>
      <trkpt lat="40.24105905555188655853271484375" lon="9.4889730401337146759033203125">
        <ele>328</ele>
        <time>2026-09-16T08:32:58.000Z</time>
      </trkpt>
      <trkpt lat="40.24105268530547618865966796875" lon="9.48896809481084346771240234375">
        <ele>328.20001220703125</ele>
        <time>2026-09-16T08:33:00.000Z</time>
      </trkpt>
      <trkpt lat="40.241021253168582916259765625" lon="9.48893976397812366485595703125">
        <ele>329</ele>
        <time>2026-09-16T08:33:04.000Z</time>
      </trkpt>
      <trkpt lat="40.240978337824344635009765625" lon="9.48890984058380126953125">
        <ele>329.79998779296875</ele>
        <time>2026-09-16T08:33:08.000Z</time>
      </trkpt>
      <trkpt lat="40.2409590594470500946044921875" lon="9.48889332823455333709716796875">
        <ele>330</ele>
        <time>2026-09-16T08:33:11.000Z</time>
      </trkpt>
      <trkpt lat="40.24095629341900348663330078125" lon="9.48889399878680706024169921875">
        <ele>330.20001220703125</ele>
        <time>2026-09-16T08:33:12.000Z</time>
      </trkpt>
      <trkpt lat="40.24092972278594970703125" lon="9.48886550031602382659912109375">
        <ele>330.600006103515625</ele>
        <time>2026-09-16T08:33:15.000Z</time>
      </trkpt>
      <trkpt lat="40.24089359678328037261962890625" lon="9.48884337209165096282958984375">
        <ele>331.399993896484375</ele>
        <time>2026-09-16T08:33:20.000Z</time>
      </trkpt>
      <trkpt lat="40.24083961732685565948486328125" lon="9.48880188167095184326171875">
        <ele>332.600006103515625</ele>
        <time>2026-09-16T08:33:25.000Z</time>
      </trkpt>
      <trkpt lat="40.24083324708044528961181640625" lon="9.4887933321297168731689453125">
        <ele>332.79998779296875</ele>
        <time>2026-09-16T08:33:26.000Z</time>
      </trkpt>
      <trkpt lat="40.240775160491466522216796875" lon="9.4887314736843109130859375">
        <ele>333.79998779296875</ele>
        <time>2026-09-16T08:33:36.000Z</time>
      </trkpt>
      <trkpt lat="40.24073467589914798736572265625" lon="9.48871730826795101165771484375">
        <ele>335</ele>
        <time>2026-09-16T08:33:39.000Z</time>
      </trkpt>
      <trkpt lat="40.24069972336292266845703125" lon="9.48869618587195873260498046875">
        <ele>335.79998779296875</ele>
        <time>2026-09-16T08:33:44.000Z</time>
      </trkpt>
      <trkpt lat="40.2406583167612552642822265625" lon="9.48865301907062530517578125">
        <ele>336.600006103515625</ele>
        <time>2026-09-16T08:33:53.000Z</time>
      </trkpt>
      <trkpt lat="40.24057231843471527099609375" lon="9.48864203877747058868408203125">
        <ele>339.399993896484375</ele>
        <time>2026-09-16T08:34:01.000Z</time>
      </trkpt>
      <trkpt lat="40.240526385605335235595703125" lon="9.48862225748598575592041015625">
        <ele>340.79998779296875</ele>
        <time>2026-09-16T08:34:09.000Z</time>
      </trkpt>
      <trkpt lat="40.24048992432653903961181640625" lon="9.488587640225887298583984375">
        <ele>341.399993896484375</ele>
        <time>2026-09-16T08:34:17.000Z</time>
      </trkpt>
      <trkpt lat="40.240438878536224365234375" lon="9.48855520226061344146728515625">
        <ele>342</ele>
        <time>2026-09-16T08:34:23.000Z</time>
      </trkpt>
      <trkpt lat="40.24041867814958095550537109375" lon="9.4885542802512645721435546875">
        <ele>342.600006103515625</ele>
        <time>2026-09-16T08:34:27.000Z</time>
      </trkpt>
      <trkpt lat="40.24039939977228641510009765625" lon="9.488538689911365509033203125">
        <ele>342.79998779296875</ele>
        <time>2026-09-16T08:34:30.000Z</time>
      </trkpt>
      <trkpt lat="40.24033905006945133209228515625" lon="9.48852770961821079254150390625">
        <ele>344.79998779296875</ele>
        <time>2026-09-16T08:34:34.000Z</time>
      </trkpt>
      <trkpt lat="40.24032966233789920806884765625" lon="9.48852200992405414581298828125">
        <ele>345</ele>
        <time>2026-09-16T08:34:35.000Z</time>
      </trkpt>
      <trkpt lat="40.240302421152591705322265625" lon="9.488485716283321380615234375">
        <ele>344.79998779296875</ele>
        <time>2026-09-16T08:34:41.000Z</time>
      </trkpt>
      <trkpt lat="40.2403052709996700286865234375" lon="9.488483369350433349609375">
        <ele>344.600006103515625</ele>
        <time>2026-09-16T08:34:49.000Z</time>
      </trkpt>
      <trkpt lat="40.2403046004474163055419921875" lon="9.488483369350433349609375">
        <ele>344.600006103515625</ele>
        <time>2026-09-16T08:35:08.000Z</time>
      </trkpt>
      <trkpt lat="40.24030409753322601318359375" lon="9.4884828664362430572509765625">
        <ele>344.600006103515625</ele>
        <time>2026-09-16T08:35:11.000Z</time>
      </trkpt>
      <trkpt lat="40.2403012476861476898193359375" lon="9.4884828664362430572509765625">
        <ele>344.79998779296875</ele>
        <time>2026-09-16T08:35:12.000Z</time>
      </trkpt>
      <trkpt lat="40.2402150817215442657470703125" lon="9.48847942985594272613525390625">
        <ele>348</ele>
        <time>2026-09-16T08:35:19.000Z</time>
      </trkpt>
      <trkpt lat="40.2401849068701267242431640625" lon="9.48847859166562557220458984375">
        <ele>349.79998779296875</ele>
        <time>2026-09-16T08:35:22.000Z</time>
      </trkpt>
      <trkpt lat="40.24016872979700565338134765625" lon="9.48846652172505855560302734375">
        <ele>350.399993896484375</ele>
        <time>2026-09-16T08:35:25.000Z</time>
      </trkpt>
      <trkpt lat="40.240130089223384857177734375" lon="9.4884634204208850860595703125">
        <ele>353</ele>
        <time>2026-09-16T08:35:29.000Z</time>
      </trkpt>
      <trkpt lat="40.24011324159801006317138671875" lon="9.48845629580318927764892578125">
        <ele>353.79998779296875</ele>
        <time>2026-09-16T08:35:31.000Z</time>
      </trkpt>
      <trkpt lat="40.24011223576962947845458984375" lon="9.48840751312673091888427734375">
        <ele>352.20001220703125</ele>
        <time>2026-09-16T08:35:37.000Z</time>
      </trkpt>
      <trkpt lat="40.24010083638131618499755859375" lon="9.488388486206531524658203125">
        <ele>352.20001220703125</ele>
        <time>2026-09-16T08:35:40.000Z</time>
      </trkpt>
      <trkpt lat="40.24009890854358673095703125" lon="9.4883829541504383087158203125">
        <ele>352.20001220703125</ele>
        <time>2026-09-16T08:35:41.000Z</time>
      </trkpt>
      <trkpt lat="40.24009086191654205322265625" lon="9.48838052339851856231689453125">
        <ele>352.600006103515625</ele>
        <time>2026-09-16T08:35:42.000Z</time>
      </trkpt>
      <trkpt lat="40.24008323438465595245361328125" lon="9.4883785955607891082763671875">
        <ele>353.20001220703125</ele>
        <time>2026-09-16T08:35:43.000Z</time>
      </trkpt>
      <trkpt lat="40.2400759421288967132568359375" lon="9.4883762486279010772705078125">
        <ele>353.600006103515625</ele>
        <time>2026-09-16T08:35:44.000Z</time>
      </trkpt>
      <trkpt lat="40.24007183499634265899658203125" lon="9.4883755780756473541259765625">
        <ele>353.79998779296875</ele>
        <time>2026-09-16T08:35:45.000Z</time>
      </trkpt>
      <trkpt lat="40.24004836566746234893798828125" lon="9.48836912401020526885986328125">
        <ele>355.20001220703125</ele>
        <time>2026-09-16T08:35:48.000Z</time>
      </trkpt>
      <trkpt lat="40.240012742578983306884765625" lon="9.4883638434112071990966796875">
        <ele>357.399993896484375</ele>
        <time>2026-09-16T08:35:51.000Z</time>
      </trkpt>
      <trkpt lat="40.24000142700970172882080078125" lon="9.48835873045027256011962890625">
        <ele>358</ele>
        <time>2026-09-16T08:35:52.000Z</time>
      </trkpt>
      <trkpt lat="40.23997820913791656494140625" lon="9.48835101909935474395751953125">
        <ele>359.399993896484375</ele>
        <time>2026-09-16T08:35:55.000Z</time>
      </trkpt>
      <trkpt lat="40.2399679832160472869873046875" lon="9.48832805268466472625732421875">
        <ele>359.20001220703125</ele>
        <time>2026-09-16T08:35:58.000Z</time>
      </trkpt>
      <trkpt lat="40.2399535663425922393798828125" lon="9.4882889091968536376953125">
        <ele>359</ele>
        <time>2026-09-16T08:36:03.000Z</time>
      </trkpt>
      <trkpt lat="40.2399213798344135284423828125" lon="9.4882575608789920806884765625">
        <ele>360</ele>
        <time>2026-09-16T08:36:07.000Z</time>
      </trkpt>
      <trkpt lat="40.239891372621059417724609375" lon="9.48822629638016223907470703125">
        <ele>360.600006103515625</ele>
        <time>2026-09-16T08:36:11.000Z</time>
      </trkpt>
      <trkpt lat="40.2398422546684741973876953125" lon="9.4881931878626346588134765625">
        <ele>362.20001220703125</ele>
        <time>2026-09-16T08:36:15.000Z</time>
      </trkpt>
      <trkpt lat="40.23983010090887546539306640625" lon="9.488185308873653411865234375">
        <ele>362.600006103515625</ele>
        <time>2026-09-16T08:36:16.000Z</time>
      </trkpt>
      <trkpt lat="40.23981300182640552520751953125" lon="9.48817080818116664886474609375">
        <ele>363</ele>
        <time>2026-09-16T08:36:18.000Z</time>
      </trkpt>
      <trkpt lat="40.239800512790679931640625" lon="9.48812504298985004425048828125">
        <ele>362.20001220703125</ele>
        <time>2026-09-16T08:36:23.000Z</time>
      </trkpt>
      <trkpt lat="40.23977461270987987518310546875" lon="9.48813132941722869873046875">
        <ele>363.79998779296875</ele>
        <time>2026-09-16T08:36:24.000Z</time>
      </trkpt>
      <trkpt lat="40.23975566960871219635009765625" lon="9.4881133921444416046142578125">
        <ele>364.20001220703125</ele>
        <time>2026-09-16T08:36:28.000Z</time>
      </trkpt>
      <trkpt lat="40.2397443540394306182861328125" lon="9.48810023255646228790283203125">
        <ele>364.399993896484375</ele>
        <time>2026-09-16T08:36:29.000Z</time>
      </trkpt>
      <trkpt lat="40.23969967849552631378173828125" lon="9.48802093975245952606201171875">
        <ele>363.79998779296875</ele>
        <time>2026-09-16T08:36:37.000Z</time>
      </trkpt>
      <trkpt lat="40.239678137004375457763671875" lon="9.48797416873276233673095703125">
        <ele>362.79998779296875</ele>
        <time>2026-09-16T08:36:41.000Z</time>
      </trkpt>
      <trkpt lat="40.239676795899868011474609375" lon="9.48797182179987430572509765625">
        <ele>362.79998779296875</ele>
        <time>2026-09-16T08:36:42.000Z</time>
      </trkpt>
      <trkpt lat="40.2396749518811702728271484375" lon="9.48797232471406459808349609375">
        <ele>363</ele>
        <time>2026-09-16T08:36:44.000Z</time>
      </trkpt>
      <trkpt lat="40.23967654444277286529541015625" lon="9.487973749637603759765625">
        <ele>362.79998779296875</ele>
        <time>2026-09-16T08:36:46.000Z</time>
      </trkpt>
      <trkpt lat="40.23967319168150424957275390625" lon="9.487970732152462005615234375">
        <ele>363</ele>
        <time>2026-09-16T08:36:54.000Z</time>
      </trkpt>
      <trkpt lat="40.23967319168150424957275390625" lon="9.487970732152462005615234375">
        <ele>363</ele>
        <time>2026-09-16T08:37:04.000Z</time>
      </trkpt>
      <trkpt lat="40.23967319168150424957275390625" lon="9.487970732152462005615234375">
        <ele>363</ele>
        <time>2026-09-16T08:37:07.000Z</time>
      </trkpt>
      <trkpt lat="40.23967319168150424957275390625" lon="9.48796779848635196685791015625">
        <ele>362.79998779296875</ele>
        <time>2026-09-16T08:37:14.000Z</time>
      </trkpt>
      <trkpt lat="40.23967302404344081878662109375" lon="9.48796729557216167449951171875">
        <ele>362.79998779296875</ele>
        <time>2026-09-16T08:37:16.000Z</time>
      </trkpt>
      <trkpt lat="40.239665396511554718017578125" lon="9.4879920221865177154541015625">
        <ele>364.399993896484375</ele>
        <time>2026-09-16T08:37:21.000Z</time>
      </trkpt>
      <trkpt lat="40.2396213077008724212646484375" lon="9.48802965693175792694091796875">
        <ele>367.79998779296875</ele>
        <time>2026-09-16T08:37:26.000Z</time>
      </trkpt>
      <trkpt lat="40.23961334489285945892333984375" lon="9.48802814818918704986572265625">
        <ele>368.20001220703125</ele>
        <time>2026-09-16T08:37:27.000Z</time>
      </trkpt>
      <trkpt lat="40.2395894564688205718994140625" lon="9.4880233705043792724609375">
        <ele>369</ele>
        <time>2026-09-16T08:37:29.000Z</time>
      </trkpt>
      <trkpt lat="40.23957730270922183990478515625" lon="9.48801222257316112518310546875">
        <ele>368.79998779296875</ele>
        <time>2026-09-16T08:37:31.000Z</time>
      </trkpt>
      <trkpt lat="40.2395616285502910614013671875" lon="9.4880071096122264862060546875">
        <ele>369.20001220703125</ele>
        <time>2026-09-16T08:37:33.000Z</time>
      </trkpt>
      <trkpt lat="40.23955349810421466827392578125" lon="9.488004930317401885986328125">
        <ele>369.399993896484375</ele>
        <time>2026-09-16T08:37:34.000Z</time>
      </trkpt>
      <trkpt lat="40.23954746313393115997314453125" lon="9.48799646459519863128662109375">
        <ele>369.20001220703125</ele>
        <time>2026-09-16T08:37:36.000Z</time>
      </trkpt>
      <trkpt lat="40.239539332687854766845703125" lon="9.48797835968434810638427734375">
        <ele>368.20001220703125</ele>
        <time>2026-09-16T08:37:39.000Z</time>
      </trkpt>
      <trkpt lat="40.23949599824845790863037109375" lon="9.487937204539775848388671875">
        <ele>367.399993896484375</ele>
        <time>2026-09-16T08:37:46.000Z</time>
      </trkpt>
      <trkpt lat="40.23948845453560352325439453125" lon="9.48792723007500171661376953125">
        <ele>367.20001220703125</ele>
        <time>2026-09-16T08:37:47.000Z</time>
      </trkpt>
      <trkpt lat="40.23946456611156463623046875" lon="9.48791516013443470001220703125">
        <ele>367.399993896484375</ele>
        <time>2026-09-16T08:37:49.000Z</time>
      </trkpt>
      <trkpt lat="40.23945660330355167388916015625" lon="9.48791281320154666900634765625">
        <ele>367.79998779296875</ele>
        <time>2026-09-16T08:37:50.000Z</time>
      </trkpt>
      <trkpt lat="40.239447467029094696044921875" lon="9.48790661059319972991943359375">
        <ele>367.79998779296875</ele>
        <time>2026-09-16T08:37:51.000Z</time>
      </trkpt>
      <trkpt lat="40.23944587446749210357666015625" lon="9.487895965576171875">
        <ele>367</ele>
        <time>2026-09-16T08:37:52.000Z</time>
      </trkpt>
      <trkpt lat="40.2394449524581432342529296875" lon="9.48787383735179901123046875">
        <ele>365.399993896484375</ele>
        <time>2026-09-16T08:37:54.000Z</time>
      </trkpt>
      <trkpt lat="40.23939491249620914459228515625" lon="9.48780183680355548858642578125">
        <ele>362.79998779296875</ele>
        <time>2026-09-16T08:38:01.000Z</time>
      </trkpt>
      <trkpt lat="40.2394084073603153228759765625" lon="9.48777903802692890167236328125">
        <ele>361.399993896484375</ele>
        <time>2026-09-16T08:38:03.000Z</time>
      </trkpt>
      <trkpt lat="40.23938301019370555877685546875" lon="9.487762190401554107666015625">
        <ele>361</ele>
        <time>2026-09-16T08:38:06.000Z</time>
      </trkpt>
      <trkpt lat="40.23934059776365756988525390625" lon="9.4877175986766815185546875">
        <ele>361.399993896484375</ele>
        <time>2026-09-16T08:38:12.000Z</time>
      </trkpt>
      <trkpt lat="40.23933556862175464630126953125" lon="9.48764123953878879547119140625">
        <ele>357</ele>
        <time>2026-09-16T08:38:20.000Z</time>
      </trkpt>
      <trkpt lat="40.2393379993736743927001953125" lon="9.48763118125498294830322265625">
        <ele>356</ele>
        <time>2026-09-16T08:38:26.000Z</time>
      </trkpt>
      <trkpt lat="40.23933389224112033843994140625" lon="9.48762816376984119415283203125">
        <ele>356.20001220703125</ele>
        <time>2026-09-16T08:38:38.000Z</time>
      </trkpt>
      <trkpt lat="40.23933389224112033843994140625" lon="9.48762816376984119415283203125">
        <ele>356.20001220703125</ele>
        <time>2026-09-16T08:38:40.000Z</time>
      </trkpt>
      <trkpt lat="40.23933389224112033843994140625" lon="9.4876259006559848785400390625">
        <ele>356</ele>
        <time>2026-09-16T08:39:06.000Z</time>
      </trkpt>
      <trkpt lat="40.239333808422088623046875" lon="9.48762531392276287078857421875">
        <ele>356</ele>
        <time>2026-09-16T08:39:07.000Z</time>
      </trkpt>
      <trkpt lat="40.239333808422088623046875" lon="9.48762447573244571685791015625">
        <ele>356</ele>
        <time>2026-09-16T08:39:10.000Z</time>
      </trkpt>
      <trkpt lat="40.23933372460305690765380859375" lon="9.48762447573244571685791015625">
        <ele>356</ele>
        <time>2026-09-16T08:39:17.000Z</time>
      </trkpt>
      <trkpt lat="40.23933372460305690765380859375" lon="9.48762447573244571685791015625">
        <ele>356</ele>
        <time>2026-09-16T08:39:19.000Z</time>
      </trkpt>
      <trkpt lat="40.2393624745309352874755859375" lon="9.48767845518887042999267578125">
        <ele>356.79998779296875</ele>
        <time>2026-09-16T08:39:26.000Z</time>
      </trkpt>
      <trkpt lat="40.2393561042845249176025390625" lon="9.487777613103389739990234375">
        <ele>363.600006103515625</ele>
        <time>2026-09-16T08:39:32.000Z</time>
      </trkpt>
      <trkpt lat="40.23934110067784786224365234375" lon="9.48777166195213794708251953125">
        <ele>364.600006103515625</ele>
        <time>2026-09-16T08:39:36.000Z</time>
      </trkpt>
      <trkpt lat="40.23933607153594493865966796875" lon="9.48779295198619365692138671875">
        <ele>366.600006103515625</ele>
        <time>2026-09-16T08:39:39.000Z</time>
      </trkpt>
      <trkpt lat="40.239317379891872406005859375" lon="9.48780753649771213531494140625">
        <ele>369.399993896484375</ele>
        <time>2026-09-16T08:39:42.000Z</time>
      </trkpt>
      <trkpt lat="40.23931226693093776702880859375" lon="9.48784659616649150848388671875">
        <ele>372.600006103515625</ele>
        <time>2026-09-16T08:39:45.000Z</time>
      </trkpt>
      <trkpt lat="40.239301621913909912109375" lon="9.487871825695037841796875">
        <ele>375.399993896484375</ele>
        <time>2026-09-16T08:39:47.000Z</time>
      </trkpt>
      <trkpt lat="40.2393058128654956817626953125" lon="9.4878892600536346435546875">
        <ele>376.20001220703125</ele>
        <time>2026-09-16T08:39:49.000Z</time>
      </trkpt>
      <trkpt lat="40.2393048070371150970458984375" lon="9.4879268109798431396484375">
        <ele>379</ele>
        <time>2026-09-16T08:39:53.000Z</time>
      </trkpt>
      <trkpt lat="40.23929667659103870391845703125" lon="9.4879377074539661407470703125">
        <ele>380.600006103515625</ele>
        <time>2026-09-16T08:39:54.000Z</time>
      </trkpt>
      <trkpt lat="40.23927739821374416351318359375" lon="9.487988837063312530517578125">
        <ele>385.399993896484375</ele>
        <time>2026-09-16T08:40:00.000Z</time>
      </trkpt>
      <trkpt lat="40.23927840404212474822998046875" lon="9.4880037568509578704833984375">
        <ele>386.20001220703125</ele>
        <time>2026-09-16T08:40:01.000Z</time>
      </trkpt>
      <trkpt lat="40.23928393609821796417236328125" lon="9.48805446736514568328857421875">
        <ele>388.399993896484375</ele>
        <time>2026-09-16T08:40:06.000Z</time>
      </trkpt>
      <trkpt lat="40.2392763085663318634033203125" lon="9.48806963860988616943359375">
        <ele>389.79998779296875</ele>
        <time>2026-09-16T08:40:08.000Z</time>
      </trkpt>
      <trkpt lat="40.239269100129604339599609375" lon="9.4881013222038745880126953125">
        <ele>392.20001220703125</ele>
        <time>2026-09-16T08:40:12.000Z</time>
      </trkpt>
      <trkpt lat="40.23927337490022182464599609375" lon="9.4881177507340908050537109375">
        <ele>392.79998779296875</ele>
        <time>2026-09-16T08:40:17.000Z</time>
      </trkpt>
      <trkpt lat="40.23927186615765094757080078125" lon="9.48811590671539306640625">
        <ele>392.79998779296875</ele>
        <time>2026-09-16T08:40:18.000Z</time>
      </trkpt>
      <trkpt lat="40.2392679266631603240966796875" lon="9.4881358556449413299560546875">
        <ele>394.399993896484375</ele>
        <time>2026-09-16T08:40:20.000Z</time>
      </trkpt>
      <trkpt lat="40.23927069269120693206787109375" lon="9.4881418906152248382568359375">
        <ele>394.399993896484375</ele>
        <time>2026-09-16T08:40:22.000Z</time>
      </trkpt>
      <trkpt lat="40.2392788231372833251953125" lon="9.48815622366964817047119140625">
        <ele>394.600006103515625</ele>
        <time>2026-09-16T08:40:25.000Z</time>
      </trkpt>
      <trkpt lat="40.23927102796733379364013671875" lon="9.488182626664638519287109375">
        <ele>396.79998779296875</ele>
        <time>2026-09-16T08:40:28.000Z</time>
      </trkpt>
      <trkpt lat="40.23927656002342700958251953125" lon="9.4881945289671421051025390625">
        <ele>397</ele>
        <time>2026-09-16T08:40:30.000Z</time>
      </trkpt>
      <trkpt lat="40.2392900548875331878662109375" lon="9.4882173277437686920166015625">
        <ele>397.399993896484375</ele>
        <time>2026-09-16T08:40:33.000Z</time>
      </trkpt>
      <trkpt lat="40.23928930051624774932861328125" lon="9.48824456892907619476318359375">
        <ele>399</ele>
        <time>2026-09-16T08:40:39.000Z</time>
      </trkpt>
      <trkpt lat="40.23927153088152408599853515625" lon="9.48829452507197856903076171875">
        <ele>402.79998779296875</ele>
        <time>2026-09-16T08:40:46.000Z</time>
      </trkpt>
      <trkpt lat="40.23929047398269176483154296875" lon="9.48831682093441486358642578125">
        <ele>402.600006103515625</ele>
        <time>2026-09-16T08:40:50.000Z</time>
      </trkpt>
      <trkpt lat="40.23929617367684841156005859375" lon="9.48833123780786991119384765625">
        <ele>403</ele>
        <time>2026-09-16T08:40:51.000Z</time>
      </trkpt>
      <trkpt lat="40.23929952643811702728271484375" lon="9.48837004601955413818359375">
        <ele>404.20001220703125</ele>
        <time>2026-09-16T08:40:56.000Z</time>
      </trkpt>
      <trkpt lat="40.23930354975163936614990234375" lon="9.48838756419718265533447265625">
        <ele>404.79998779296875</ele>
        <time>2026-09-16T08:40:58.000Z</time>
      </trkpt>
      <trkpt lat="40.2393296174705028533935546875" lon="9.4884258694946765899658203125">
        <ele>404.600006103515625</ele>
        <time>2026-09-16T08:41:02.000Z</time>
      </trkpt>
      <trkpt lat="40.23934897966682910919189453125" lon="9.4884431362152099609375">
        <ele>404</ele>
        <time>2026-09-16T08:41:04.000Z</time>
      </trkpt>
      <trkpt lat="40.23938787169754505157470703125" lon="9.48851362802088260650634765625">
        <ele>404.399993896484375</ele>
        <time>2026-09-16T08:41:11.000Z</time>
      </trkpt>
      <trkpt lat="40.23941628634929656982421875" lon="9.4885732233524322509765625">
        <ele>405.399993896484375</ele>
        <time>2026-09-16T08:41:15.000Z</time>
      </trkpt>
      <trkpt lat="40.23941134102642536163330078125" lon="9.48859225027263164520263671875">
        <ele>406.399993896484375</ele>
        <time>2026-09-16T08:41:16.000Z</time>
      </trkpt>
      <trkpt lat="40.23940212093293666839599609375" lon="9.48871144093573093414306640625">
        <ele>410.399993896484375</ele>
        <time>2026-09-16T08:41:23.000Z</time>
      </trkpt>
      <trkpt lat="40.23941083811223506927490234375" lon="9.4887346588075160980224609375">
        <ele>410.600006103515625</ele>
        <time>2026-09-16T08:41:25.000Z</time>
      </trkpt>
      <trkpt lat="40.23943514563143253326416015625" lon="9.48877581395208835601806640625">
        <ele>410.79998779296875</ele>
        <time>2026-09-16T08:41:29.000Z</time>
      </trkpt>
      <trkpt lat="40.2394499816000461578369140625" lon="9.48882174678146839141845703125">
        <ele>411.399993896484375</ele>
        <time>2026-09-16T08:41:35.000Z</time>
      </trkpt>
      <trkpt lat="40.23945895023643970489501953125" lon="9.48889919556677341461181640625">
        <ele>413.20001220703125</ele>
        <time>2026-09-16T08:41:42.000Z</time>
      </trkpt>
      <trkpt lat="40.2394670806825160980224609375" lon="9.48895317502319812774658203125">
        <ele>415.20001220703125</ele>
        <time>2026-09-16T08:41:47.000Z</time>
      </trkpt>
      <trkpt lat="40.239458866417407989501953125" lon="9.4889542646706104278564453125">
        <ele>415.600006103515625</ele>
        <time>2026-09-16T08:41:50.000Z</time>
      </trkpt>
      <trkpt lat="40.23944185115396976470947265625" lon="9.48899634182453155517578125">
        <ele>418.399993896484375</ele>
        <time>2026-09-16T08:41:56.000Z</time>
      </trkpt>
      <trkpt lat="40.23940865881741046905517578125" lon="9.48905803263187408447265625">
        <ele>423.399993896484375</ele>
        <time>2026-09-16T08:42:02.000Z</time>
      </trkpt>
      <trkpt lat="40.239442102611064910888671875" lon="9.48907873593270778656005859375">
        <ele>422.79998779296875</ele>
        <time>2026-09-16T08:42:05.000Z</time>
      </trkpt>
      <trkpt lat="40.239447467029094696044921875" lon="9.4890908896923065185546875">
        <ele>423.20001220703125</ele>
        <time>2026-09-16T08:42:06.000Z</time>
      </trkpt>
      <trkpt lat="40.2394620515406131744384765625" lon="9.48910237289965152740478515625">
        <ele>423.20001220703125</ele>
        <time>2026-09-16T08:42:08.000Z</time>
      </trkpt>
      <trkpt lat="40.2394791506230831146240234375" lon="9.48912450112402439117431640625">
        <ele>423.399993896484375</ele>
        <time>2026-09-16T08:42:11.000Z</time>
      </trkpt>
      <trkpt lat="40.2394853532314300537109375" lon="9.48914327658712863922119140625">
        <ele>424.20001220703125</ele>
        <time>2026-09-16T08:42:12.000Z</time>
      </trkpt>
      <trkpt lat="40.23950521834194660186767578125" lon="9.48915584944188594818115234375">
        <ele>423.79998779296875</ele>
        <time>2026-09-16T08:42:14.000Z</time>
      </trkpt>
      <trkpt lat="40.2395505644381046295166015625" lon="9.4891856051981449127197265625">
        <ele>423.20001220703125</ele>
        <time>2026-09-16T08:42:17.000Z</time>
      </trkpt>
      <trkpt lat="40.23955735377967357635498046875" lon="9.4892369024455547332763671875">
        <ele>425.79998779296875</ele>
        <time>2026-09-16T08:42:21.000Z</time>
      </trkpt>
      <trkpt lat="40.23954897187650203704833984375" lon="9.489247798919677734375">
        <ele>427</ele>
        <time>2026-09-16T08:42:22.000Z</time>
      </trkpt>
      <trkpt lat="40.23953832685947418212890625" lon="9.4892593659460544586181640625">
        <ele>428.20001220703125</ele>
        <time>2026-09-16T08:42:24.000Z</time>
      </trkpt>
      <trkpt lat="40.239494405686855316162109375" lon="9.48925861157476902008056640625">
        <ele>430.399993896484375</ele>
        <time>2026-09-16T08:42:27.000Z</time>
      </trkpt>
      <trkpt lat="40.23947739042341709136962890625" lon="9.48926481418311595916748046875">
        <ele>431.600006103515625</ele>
        <time>2026-09-16T08:42:28.000Z</time>
      </trkpt>
      <trkpt lat="40.23945978842675685882568359375" lon="9.4892972521483898162841796875">
        <ele>434.399993896484375</ele>
        <time>2026-09-16T08:42:34.000Z</time>
      </trkpt>
      <trkpt lat="40.23948526941239833831787109375" lon="9.48932223021984100341796875">
        <ele>434.600006103515625</ele>
        <time>2026-09-16T08:42:39.000Z</time>
      </trkpt>
      <trkpt lat="40.239487029612064361572265625" lon="9.48934234678745269775390625">
        <ele>435.79998779296875</ele>
        <time>2026-09-16T08:42:41.000Z</time>
      </trkpt>
      <trkpt lat="40.2394784800708293914794921875" lon="9.4893508963286876678466796875">
        <ele>436.79998779296875</ele>
        <time>2026-09-16T08:42:45.000Z</time>
      </trkpt>
      <trkpt lat="40.2394325472414493560791015625" lon="9.4893361441791057586669921875">
        <ele>438.20001220703125</ele>
        <time>2026-09-16T08:42:51.000Z</time>
      </trkpt>
      <trkpt lat="40.23942994885146617889404296875" lon="9.48933295905590057373046875">
        <ele>438.20001220703125</ele>
        <time>2026-09-16T08:42:52.000Z</time>
      </trkpt>
      <trkpt lat="40.2394201420247554779052734375" lon="9.48933505453169345855712890625">
        <ele>438.79998779296875</ele>
        <time>2026-09-16T08:42:53.000Z</time>
      </trkpt>
      <trkpt lat="40.239380411803722381591796875" lon="9.4893478788435459136962890625">
        <ele>441.79998779296875</ele>
        <time>2026-09-16T08:42:59.000Z</time>
      </trkpt>
      <trkpt lat="40.23938485421240329742431640625" lon="9.4893539138138294219970703125">
        <ele>442</ele>
        <time>2026-09-16T08:43:00.000Z</time>
      </trkpt>
      <trkpt lat="40.2394115924835205078125" lon="9.48939674533903598785400390625">
        <ele>443.20001220703125</ele>
        <time>2026-09-16T08:43:06.000Z</time>
      </trkpt>
      <trkpt lat="40.23942005820572376251220703125" lon="9.4894404150545597076416015625">
        <ele>445.399993896484375</ele>
        <time>2026-09-16T08:43:11.000Z</time>
      </trkpt>
      <trkpt lat="40.23944537155330181121826171875" lon="9.4894860126078128814697265625">
        <ele>447.399993896484375</ele>
        <time>2026-09-16T08:43:19.000Z</time>
      </trkpt>
      <trkpt lat="40.23947370238602161407470703125" lon="9.4895374774932861328125">
        <ele>449.79998779296875</ele>
        <time>2026-09-16T08:43:25.000Z</time>
      </trkpt>
      <trkpt lat="40.23948065936565399169921875" lon="9.48955181054770946502685546875">
        <ele>450.399993896484375</ele>
        <time>2026-09-16T08:43:26.000Z</time>
      </trkpt>
      <trkpt lat="40.2395042963325977325439453125" lon="9.4896207936108112335205078125">
        <ele>453.600006103515625</ele>
        <time>2026-09-16T08:43:32.000Z</time>
      </trkpt>
      <trkpt lat="40.23950924165546894073486328125" lon="9.489631019532680511474609375">
        <ele>454</ele>
        <time>2026-09-16T08:43:33.000Z</time>
      </trkpt>
      <trkpt lat="40.23951343260705471038818359375" lon="9.48966764844954013824462890625">
        <ele>456</ele>
        <time>2026-09-16T08:43:38.000Z</time>
      </trkpt>
      <trkpt lat="40.23951577953994274139404296875" lon="9.4896741025149822235107421875">
        <ele>456.20001220703125</ele>
        <time>2026-09-16T08:43:39.000Z</time>
      </trkpt>
      <trkpt lat="40.23953539319336414337158203125" lon="9.4896777905523777008056640625">
        <ele>455.79998779296875</ele>
        <time>2026-09-16T08:43:41.000Z</time>
      </trkpt>
      <trkpt lat="40.239545367658138275146484375" lon="9.48969815857708454132080078125">
        <ele>456.600006103515625</ele>
        <time>2026-09-16T08:43:44.000Z</time>
      </trkpt>
      <trkpt lat="40.23955148644745349884033203125" lon="9.48970436118543148040771484375">
        <ele>456.600006103515625</ele>
        <time>2026-09-16T08:43:49.000Z</time>
      </trkpt>
      <trkpt lat="40.23954696021974086761474609375" lon="9.48972380720078945159912109375">
        <ele>458</ele>
        <time>2026-09-16T08:43:54.000Z</time>
      </trkpt>
      <trkpt lat="40.23954729549586772918701171875" lon="9.489722549915313720703125">
        <ele>457.79998779296875</ele>
        <time>2026-09-16T08:43:55.000Z</time>
      </trkpt>
      <trkpt lat="40.239551067352294921875" lon="9.489716179668903350830078125">
        <ele>457.399993896484375</ele>
        <time>2026-09-16T08:44:14.000Z</time>
      </trkpt>
      <trkpt lat="40.239567495882511138916015625" lon="9.4897186942398548126220703125">
        <ele>457</ele>
        <time>2026-09-16T08:44:18.000Z</time>
      </trkpt>
      <trkpt lat="40.23957713507115840911865234375" lon="9.4897091388702392578125">
        <ele>456</ele>
        <time>2026-09-16T08:44:23.000Z</time>
      </trkpt>
      <trkpt lat="40.2395894564688205718994140625" lon="9.4896727614104747772216796875">
        <ele>453.399993896484375</ele>
        <time>2026-09-16T08:44:25.000Z</time>
      </trkpt>
      <trkpt lat="40.23959825746715068817138671875" lon="9.48965809307992458343505859375">
        <ele>452.20001220703125</ele>
        <time>2026-09-16T08:44:27.000Z</time>
      </trkpt>
      <trkpt lat="40.2395918034017086029052734375" lon="9.48966647498309612274169921875">
        <ele>453</ele>
        <time>2026-09-16T08:44:31.000Z</time>
      </trkpt>
      <trkpt lat="40.23958987556397914886474609375" lon="9.48969681747257709503173828125">
        <ele>454.79998779296875</ele>
        <time>2026-09-16T08:44:34.000Z</time>
      </trkpt>
      <trkpt lat="40.239590965211391448974609375" lon="9.48969698511064052581787109375">
        <ele>454.79998779296875</ele>
        <time>2026-09-16T08:44:35.000Z</time>
      </trkpt>
      <trkpt lat="40.239591635763645172119140625" lon="9.48969597928225994110107421875">
        <ele>454.79998779296875</ele>
        <time>2026-09-16T08:44:37.000Z</time>
      </trkpt>
      <trkpt lat="40.23959054611623287200927734375" lon="9.48969815857708454132080078125">
        <ele>455</ele>
        <time>2026-09-16T08:44:45.000Z</time>
      </trkpt>
      <trkpt lat="40.2395941503345966339111328125" lon="9.4897373020648956298828125">
        <ele>457.20001220703125</ele>
        <time>2026-09-16T08:44:52.000Z</time>
      </trkpt>
      <trkpt lat="40.2395911328494548797607421875" lon="9.4897371344268321990966796875">
        <ele>457.20001220703125</ele>
        <time>2026-09-16T08:44:59.000Z</time>
      </trkpt>
      <trkpt lat="40.2395911328494548797607421875" lon="9.48973537422716617584228515625">
        <ele>457</ele>
        <time>2026-09-16T08:45:04.000Z</time>
      </trkpt>
      <trkpt lat="40.23960747756063938140869140625" lon="9.48971249163150787353515625">
        <ele>455.20001220703125</ele>
        <time>2026-09-16T08:45:12.000Z</time>
      </trkpt>
      <trkpt lat="40.2396159432828426361083984375" lon="9.489678628742694854736328125">
        <ele>452.79998779296875</ele>
        <time>2026-09-16T08:45:18.000Z</time>
      </trkpt>
      <trkpt lat="40.23961803875863552093505859375" lon="9.489665217697620391845703125">
        <ele>451.600006103515625</ele>
        <time>2026-09-16T08:45:24.000Z</time>
      </trkpt>
      <trkpt lat="40.23962290026247501373291015625" lon="9.48965641669929027557373046875">
        <ele>450.79998779296875</ele>
        <time>2026-09-16T08:45:27.000Z</time>
      </trkpt>
      <trkpt lat="40.23963094688951969146728515625" lon="9.489669911563396453857421875">
        <ele>451.20001220703125</ele>
        <time>2026-09-16T08:45:31.000Z</time>
      </trkpt>
      <trkpt lat="40.2396596968173980712890625" lon="9.48972129262983798980712890625">
        <ele>453.79998779296875</ele>
        <time>2026-09-16T08:45:37.000Z</time>
      </trkpt>
      <trkpt lat="40.2396739460527896881103515625" lon="9.48972397483885288238525390625">
        <ele>453.399993896484375</ele>
        <time>2026-09-16T08:45:42.000Z</time>
      </trkpt>
      <trkpt lat="40.23966698907315731048583984375" lon="9.48972523212432861328125">
        <ele>453.79998779296875</ele>
        <time>2026-09-16T08:45:44.000Z</time>
      </trkpt>
      <trkpt lat="40.23968459106981754302978515625" lon="9.4897855818271636962890625">
        <ele>456.600006103515625</ele>
        <time>2026-09-16T08:45:49.000Z</time>
      </trkpt>
      <trkpt lat="40.239698924124240875244140625" lon="9.48976186104118824005126953125">
        <ele>454.600006103515625</ele>
        <time>2026-09-16T08:45:55.000Z</time>
      </trkpt>
      <trkpt lat="40.23969314061105251312255859375" lon="9.48975850827991962432861328125">
        <ele>454.600006103515625</ele>
        <time>2026-09-16T08:45:57.000Z</time>
      </trkpt>
      <trkpt lat="40.239660032093524932861328125" lon="9.489749707281589508056640625">
        <ele>455.399993896484375</ele>
        <time>2026-09-16T08:46:01.000Z</time>
      </trkpt>
      <trkpt lat="40.23963849060237407684326171875" lon="9.48972715996205806732177734375">
        <ele>454.79998779296875</ele>
        <time>2026-09-16T08:46:05.000Z</time>
      </trkpt>
      <trkpt lat="40.2396206371486186981201171875" lon="9.48972967453300952911376953125">
        <ele>455.600006103515625</ele>
        <time>2026-09-16T08:46:08.000Z</time>
      </trkpt>
      <trkpt lat="40.23959037847816944122314453125" lon="9.48972858488559722900390625">
        <ele>456.79998779296875</ele>
        <time>2026-09-16T08:46:12.000Z</time>
      </trkpt>
      <trkpt lat="40.2395777218043804168701171875" lon="9.48973797261714935302734375">
        <ele>457.79998779296875</ele>
        <time>2026-09-16T08:46:17.000Z</time>
      </trkpt>
      <trkpt lat="40.2395348064601421356201171875" lon="9.489747025072574615478515625">
        <ele>459.79998779296875</ele>
        <time>2026-09-16T08:46:22.000Z</time>
      </trkpt>
      <trkpt lat="40.2395327948033809661865234375" lon="9.48974090628325939178466796875">
        <ele>459.600006103515625</ele>
        <time>2026-09-16T08:46:23.000Z</time>
      </trkpt>
      <trkpt lat="40.23953271098434925079345703125" lon="9.4897619448602199554443359375">
        <ele>460.79998779296875</ele>
        <time>2026-09-16T08:46:26.000Z</time>
      </trkpt>
      <trkpt lat="40.23952784948050975799560546875" lon="9.4897802174091339111328125">
        <ele>462.20001220703125</ele>
        <time>2026-09-16T08:46:28.000Z</time>
      </trkpt>
      <trkpt lat="40.23952131159603595733642578125" lon="9.48980980552732944488525390625">
        <ele>464.20001220703125</ele>
        <time>2026-09-16T08:46:31.000Z</time>
      </trkpt>
      <trkpt lat="40.23949633352458477020263671875" lon="9.48983713053166866302490234375">
        <ele>466.79998779296875</ele>
        <time>2026-09-16T08:46:36.000Z</time>
      </trkpt>
      <trkpt lat="40.239487700164318084716796875" lon="9.48993670754134654998779296875">
        <ele>472</ele>
        <time>2026-09-16T08:46:43.000Z</time>
      </trkpt>
      <trkpt lat="40.23947169072926044464111328125" lon="9.4899813830852508544921875">
        <ele>474.600006103515625</ele>
        <time>2026-09-16T08:46:49.000Z</time>
      </trkpt>
      <trkpt lat="40.23946397937834262847900390625" lon="9.49000929482281208038330078125">
        <ele>476.20001220703125</ele>
        <time>2026-09-16T08:46:54.000Z</time>
      </trkpt>
      <trkpt lat="40.2395257540047168731689453125" lon="9.490062184631824493408203125">
        <ele>476.399993896484375</ele>
        <time>2026-09-16T08:47:00.000Z</time>
      </trkpt>
      <trkpt lat="40.23953287862241268157958984375" lon="9.4900600053369998931884765625">
        <ele>476.20001220703125</ele>
        <time>2026-09-16T08:47:01.000Z</time>
      </trkpt>
      <trkpt lat="40.23952852003276348114013671875" lon="9.4900449179112911224365234375">
        <ele>475.79998779296875</ele>
        <time>2026-09-16T08:47:06.000Z</time>
      </trkpt>
      <trkpt lat="40.23952634073793888092041015625" lon="9.49002170003950595855712890625">
        <ele>475</ele>
        <time>2026-09-16T08:47:13.000Z</time>
      </trkpt>
      <trkpt lat="40.2395331300795078277587890625" lon="9.49001491069793701171875">
        <ele>474.600006103515625</ele>
        <time>2026-09-16T08:47:18.000Z</time>
      </trkpt>
      <trkpt lat="40.23954628966748714447021484375" lon="9.490023963153362274169921875">
        <ele>474.600006103515625</ele>
        <time>2026-09-16T08:47:24.000Z</time>
      </trkpt>
      <trkpt lat="40.2395515702664852142333984375" lon="9.49002706445753574371337890625">
        <ele>474.600006103515625</ele>
        <time>2026-09-16T08:47:28.000Z</time>
      </trkpt>
      <trkpt lat="40.2395522408187389373779296875" lon="9.49004785157740116119384765625">
        <ele>475.20001220703125</ele>
        <time>2026-09-16T08:47:34.000Z</time>
      </trkpt>
      <trkpt lat="40.2395522408187389373779296875" lon="9.49004785157740116119384765625">
        <ele>475.20001220703125</ele>
        <time>2026-09-16T08:47:37.000Z</time>
      </trkpt>
      <trkpt lat="40.2395522408187389373779296875" lon="9.49004785157740116119384765625">
        <ele>475.20001220703125</ele>
        <time>2026-09-16T08:47:38.000Z</time>
      </trkpt>
      <trkpt lat="40.2395522408187389373779296875" lon="9.490046091377735137939453125">
        <ele>475.20001220703125</ele>
        <time>2026-09-16T08:47:49.000Z</time>
      </trkpt>
      <trkpt lat="40.2395522408187389373779296875" lon="9.49004718102514743804931640625">
        <ele>475.20001220703125</ele>
        <time>2026-09-16T08:48:01.000Z</time>
      </trkpt>
      <trkpt lat="40.23955215699970722198486328125" lon="9.49004734866321086883544921875">
        <ele>475.20001220703125</ele>
        <time>2026-09-16T08:48:04.000Z</time>
      </trkpt>
      <trkpt lat="40.23955232463777065277099609375" lon="9.490048103034496307373046875">
        <ele>475.20001220703125</ele>
        <time>2026-09-16T08:48:08.000Z</time>
      </trkpt>
      <trkpt lat="40.23955232463777065277099609375" lon="9.49005086906254291534423828125">
        <ele>475.399993896484375</ele>
        <time>2026-09-16T08:48:12.000Z</time>
      </trkpt>
      <trkpt lat="40.2395519055426120758056640625" lon="9.4900670461356639862060546875">
        <ele>476</ele>
        <time>2026-09-16T08:48:24.000Z</time>
      </trkpt>
      <trkpt lat="40.23954913951456546783447265625" lon="9.49006251990795135498046875">
        <ele>475.79998779296875</ele>
        <time>2026-09-16T08:48:26.000Z</time>
      </trkpt>
      <trkpt lat="40.23954913951456546783447265625" lon="9.49006251990795135498046875">
        <ele>475.79998779296875</ele>
        <time>2026-09-16T08:48:29.000Z</time>
      </trkpt>
      <trkpt lat="40.23956875316798686981201171875" lon="9.490068890154361724853515625">
        <ele>475.600006103515625</ele>
        <time>2026-09-16T08:48:40.000Z</time>
      </trkpt>
      <trkpt lat="40.239605046808719635009765625" lon="9.49004299007356166839599609375">
        <ele>473.79998779296875</ele>
        <time>2026-09-16T08:48:45.000Z</time>
      </trkpt>
      <trkpt lat="40.2396129257977008819580078125" lon="9.49003360234200954437255859375">
        <ele>473.20001220703125</ele>
        <time>2026-09-16T08:48:50.000Z</time>
      </trkpt>
      <trkpt lat="40.239605717360973358154296875" lon="9.49002153240144252777099609375">
        <ele>473</ele>
        <time>2026-09-16T08:48:54.000Z</time>
      </trkpt>
      <trkpt lat="40.23959691636264324188232421875" lon="9.48998850770294666290283203125">
        <ele>471.79998779296875</ele>
        <time>2026-09-16T08:48:59.000Z</time>
      </trkpt>
      <trkpt lat="40.239568836987018585205078125" lon="9.4899701513350009918212890625">
        <ele>471.600006103515625</ele>
        <time>2026-09-16T08:49:05.000Z</time>
      </trkpt>
      <trkpt lat="40.2395475469529628753662109375" lon="9.4899666309356689453125">
        <ele>472</ele>
        <time>2026-09-16T08:49:08.000Z</time>
      </trkpt>
      <trkpt lat="40.2395519055426120758056640625" lon="9.48996922932565212249755859375">
        <ele>472</ele>
        <time>2026-09-16T08:49:09.000Z</time>
      </trkpt>
      <trkpt lat="40.23955182172358036041259765625" lon="9.48997174389660358428955078125">
        <ele>472.20001220703125</ele>
        <time>2026-09-16T08:49:10.000Z</time>
      </trkpt>
      <trkpt lat="40.239550732076168060302734375" lon="9.4899733364582061767578125">
        <ele>472.20001220703125</ele>
        <time>2026-09-16T08:49:11.000Z</time>
      </trkpt>
      <trkpt lat="40.23955710232257843017578125" lon="9.48999353684484958648681640625">
        <ele>473.20001220703125</ele>
        <time>2026-09-16T08:49:13.000Z</time>
      </trkpt>
      <trkpt lat="40.2397698350250720977783203125" lon="9.49017911218106746673583984375">
        <ele>472.399993896484375</ele>
        <time>2026-09-16T08:49:33.000Z</time>
      </trkpt>
      <trkpt lat="40.23980763740837574005126953125" lon="9.4900445826351642608642578125">
        <ele>466.20001220703125</ele>
        <time>2026-09-16T08:49:35.000Z</time>
      </trkpt>
      <trkpt lat="40.23983513005077838897705078125" lon="9.49001734144985675811767578125">
        <ele>464.399993896484375</ele>
        <time>2026-09-16T08:49:38.000Z</time>
      </trkpt>
      <trkpt lat="40.2398315258324146270751953125" lon="9.48998800478875637054443359375">
        <ele>463.20001220703125</ele>
        <time>2026-09-16T08:49:42.000Z</time>
      </trkpt>
      <trkpt lat="40.23987771011888980865478515625" lon="9.4899654574692249298095703125">
        <ele>460</ele>
        <time>2026-09-16T08:49:47.000Z</time>
      </trkpt>
      <trkpt lat="40.23991056717932224273681640625" lon="9.48997660540044307708740234375">
        <ele>459.399993896484375</ele>
        <time>2026-09-16T08:49:52.000Z</time>
      </trkpt>
      <trkpt lat="40.23990671150386333465576171875" lon="9.4900110550224781036376953125">
        <ele>461.20001220703125</ele>
        <time>2026-09-16T08:49:55.000Z</time>
      </trkpt>
      <trkpt lat="40.23992079310119152069091796875" lon="9.49007333256304264068603515625">
        <ele>462.79998779296875</ele>
        <time>2026-09-16T08:50:01.000Z</time>
      </trkpt>
      <trkpt lat="40.23996991105377674102783203125" lon="9.4901089556515216827392578125">
        <ele>461</ele>
        <time>2026-09-16T08:50:05.000Z</time>
      </trkpt>
      <trkpt lat="40.24007954634726047515869140625" lon="9.4901180081069469451904296875">
        <ele>454.399993896484375</ele>
        <time>2026-09-16T08:50:12.000Z</time>
      </trkpt>
      <trkpt lat="40.24014056660234928131103515625" lon="9.49016385711729526519775390625">
        <ele>452</ele>
        <time>2026-09-16T08:50:16.000Z</time>
      </trkpt>
      <trkpt lat="40.24015481583774089813232421875" lon="9.49019034393131732940673828125">
        <ele>452.20001220703125</ele>
        <time>2026-09-16T08:50:18.000Z</time>
      </trkpt>
      <trkpt lat="40.24016051553189754486083984375" lon="9.490233846008777618408203125">
        <ele>453.399993896484375</ele>
        <time>2026-09-16T08:50:23.000Z</time>
      </trkpt>
      <trkpt lat="40.2401585876941680908203125" lon="9.49024180881679058074951171875">
        <ele>453.79998779296875</ele>
        <time>2026-09-16T08:50:29.000Z</time>
      </trkpt>
      <trkpt lat="40.2401590906083583831787109375" lon="9.49024532921612262725830078125">
        <ele>453.79998779296875</ele>
        <time>2026-09-16T08:50:38.000Z</time>
      </trkpt>
      <trkpt lat="40.2401590906083583831787109375" lon="9.49024532921612262725830078125">
        <ele>453.79998779296875</ele>
        <time>2026-09-16T08:50:40.000Z</time>
      </trkpt>
      <trkpt lat="40.2401590906083583831787109375" lon="9.49024532921612262725830078125">
        <ele>453.79998779296875</ele>
        <time>2026-09-16T08:50:42.000Z</time>
      </trkpt>
      <trkpt lat="40.2401590906083583831787109375" lon="9.49024532921612262725830078125">
        <ele>453.79998779296875</ele>
        <time>2026-09-16T08:50:43.000Z</time>
      </trkpt>
      <trkpt lat="40.24022388271987438201904296875" lon="9.4902983866631984710693359375">
        <ele>451.79998779296875</ele>
        <time>2026-09-16T08:50:50.000Z</time>
      </trkpt>
      <trkpt lat="40.24029278196394443511962890625" lon="9.49031959287822246551513671875">
        <ele>447.79998779296875</ele>
        <time>2026-09-16T08:50:53.000Z</time>
      </trkpt>
      <trkpt lat="40.24032178334891796112060546875" lon="9.4903168268501758575439453125">
        <ele>445.399993896484375</ele>
        <time>2026-09-16T08:50:54.000Z</time>
      </trkpt>
      <trkpt lat="40.24039504118263721466064453125" lon="9.490339122712612152099609375">
        <ele>441.20001220703125</ele>
        <time>2026-09-16T08:50:57.000Z</time>
      </trkpt>
      <trkpt lat="40.24042521603405475616455078125" lon="9.4903587363660335540771484375">
        <ele>440</ele>
        <time>2026-09-16T08:50:59.000Z</time>
      </trkpt>
      <trkpt lat="40.24043619632720947265625" lon="9.49035429395735263824462890625">
        <ele>438.79998779296875</ele>
        <time>2026-09-16T08:51:00.000Z</time>
      </trkpt>
      <trkpt lat="40.24044399149715900421142578125" lon="9.49035630561411380767822265625">
        <ele>438.399993896484375</ele>
        <time>2026-09-16T08:51:01.000Z</time>
      </trkpt>
      <trkpt lat="40.24046159349381923675537109375" lon="9.49036301113665103912353515625">
        <ele>437.399993896484375</ele>
        <time>2026-09-16T08:51:03.000Z</time>
      </trkpt>
      <trkpt lat="40.24047181941568851470947265625" lon="9.49036586098372936248779296875">
        <ele>436.79998779296875</ele>
        <time>2026-09-16T08:51:04.000Z</time>
      </trkpt>
      <trkpt lat="40.2404993958771228790283203125" lon="9.49038798920810222625732421875">
        <ele>436.20001220703125</ele>
        <time>2026-09-16T08:51:08.000Z</time>
      </trkpt>
      <trkpt lat="40.24050350300967693328857421875" lon="9.49040240608155727386474609375">
        <ele>436.79998779296875</ele>
        <time>2026-09-16T08:51:09.000Z</time>
      </trkpt>
      <trkpt lat="40.24049880914390087127685546875" lon="9.49042906053364276885986328125">
        <ele>438.600006103515625</ele>
        <time>2026-09-16T08:51:13.000Z</time>
      </trkpt>
      <trkpt lat="40.24047248996794223785400390625" lon="9.4904254563152790069580078125">
        <ele>440</ele>
        <time>2026-09-16T08:51:19.000Z</time>
      </trkpt>
      <trkpt lat="40.2404765971004962921142578125" lon="9.49041967280209064483642578125">
        <ele>439.399993896484375</ele>
        <time>2026-09-16T08:51:23.000Z</time>
      </trkpt>
      <trkpt lat="40.2404765971004962921142578125" lon="9.49041967280209064483642578125">
        <ele>439.399993896484375</ele>
        <time>2026-09-16T08:51:24.000Z</time>
      </trkpt>
      <trkpt lat="40.2404765971004962921142578125" lon="9.49041967280209064483642578125">
        <ele>439.399993896484375</ele>
        <time>2026-09-16T08:51:27.000Z</time>
      </trkpt>
      <trkpt lat="40.2404765971004962921142578125" lon="9.49041967280209064483642578125">
        <ele>439.399993896484375</ele>
        <time>2026-09-16T08:51:30.000Z</time>
      </trkpt>
      <trkpt lat="40.240476429462432861328125" lon="9.49041967280209064483642578125">
        <ele>439.399993896484375</ele>
        <time>2026-09-16T08:51:31.000Z</time>
      </trkpt>
      <trkpt lat="40.240476094186305999755859375" lon="9.49041967280209064483642578125">
        <ele>439.399993896484375</ele>
        <time>2026-09-16T08:51:33.000Z</time>
      </trkpt>
      <trkpt lat="40.24047601036727428436279296875" lon="9.49041967280209064483642578125">
        <ele>439.399993896484375</ele>
        <time>2026-09-16T08:51:38.000Z</time>
      </trkpt>
      <trkpt lat="40.24051574058830738067626953125" lon="9.4904335029423236846923828125">
        <ele>438</ele>
        <time>2026-09-16T08:51:43.000Z</time>
      </trkpt>
      <trkpt lat="40.24059218354523181915283203125" lon="9.49049678631126880645751953125">
        <ele>437.399993896484375</ele>
        <time>2026-09-16T08:51:49.000Z</time>
      </trkpt>
      <trkpt lat="40.24061481468379497528076171875" lon="9.49050164781510829925537109375">
        <ele>436.600006103515625</ele>
        <time>2026-09-16T08:51:51.000Z</time>
      </trkpt>
      <trkpt lat="40.2406268008053302764892578125" lon="9.4905086047947406768798828125">
        <ele>436.399993896484375</ele>
        <time>2026-09-16T08:51:52.000Z</time>
      </trkpt>
      <trkpt lat="40.24065454490482807159423828125" lon="9.4905371032655239105224609375">
        <ele>436.600006103515625</ele>
        <time>2026-09-16T08:51:57.000Z</time>
      </trkpt>
      <trkpt lat="40.240658819675445556640625" lon="9.49054003693163394927978515625">
        <ele>436.399993896484375</ele>
        <time>2026-09-16T08:52:00.000Z</time>
      </trkpt>
      <trkpt lat="40.24065823294222354888916015625" lon="9.49053215794265270233154296875">
        <ele>436</ele>
        <time>2026-09-16T08:52:04.000Z</time>
      </trkpt>
      <trkpt lat="40.24065873585641384124755859375" lon="9.49053048156201839447021484375">
        <ele>436</ele>
        <time>2026-09-16T08:52:05.000Z</time>
      </trkpt>
      <trkpt lat="40.240616910159587860107421875" lon="9.49052947573363780975341796875">
        <ele>438</ele>
        <time>2026-09-16T08:52:12.000Z</time>
      </trkpt>
      <trkpt lat="40.2406076900660991668701171875" lon="9.49053081683814525604248046875">
        <ele>438.600006103515625</ele>
        <time>2026-09-16T08:52:16.000Z</time>
      </trkpt>
      <trkpt lat="40.2406133897602558135986328125" lon="9.490527212619781494140625">
        <ele>438</ele>
        <time>2026-09-16T08:52:18.000Z</time>
      </trkpt>
      <trkpt lat="40.2406616695225238800048828125" lon="9.49056350626051425933837890625">
        <ele>437.600006103515625</ele>
        <time>2026-09-16T08:52:24.000Z</time>
      </trkpt>
      <trkpt lat="40.24070567451417446136474609375" lon="9.49057725258171558380126953125">
        <ele>436.20001220703125</ele>
        <time>2026-09-16T08:52:30.000Z</time>
      </trkpt>
      <trkpt lat="40.24071187712252140045166015625" lon="9.49059636332094669342041015625">
        <ele>436.79998779296875</ele>
        <time>2026-09-16T08:52:36.000Z</time>
      </trkpt>
      <trkpt lat="40.24076082743704319000244140625" lon="9.49065704829990863800048828125">
        <ele>437.600006103515625</ele>
        <time>2026-09-16T08:52:43.000Z</time>
      </trkpt>
      <trkpt lat="40.24079619906842708587646484375" lon="9.49070080183446407318115234375">
        <ele>438</ele>
        <time>2026-09-16T08:52:47.000Z</time>
      </trkpt>
      <trkpt lat="40.2408175729215145111083984375" lon="9.49071655981242656707763671875">
        <ele>437.600006103515625</ele>
        <time>2026-09-16T08:52:50.000Z</time>
      </trkpt>
      <trkpt lat="40.24083291180431842803955078125" lon="9.490711949765682220458984375">
        <ele>436.399993896484375</ele>
        <time>2026-09-16T08:52:53.000Z</time>
      </trkpt>
      <trkpt lat="40.2408624999225139617919921875" lon="9.49072142131626605987548828125">
        <ele>435.20001220703125</ele>
        <time>2026-09-16T08:52:56.000Z</time>
      </trkpt>
      <trkpt lat="40.24090952239930629730224609375" lon="9.490759558975696563720703125">
        <ele>434.600006103515625</ele>
        <time>2026-09-16T08:53:03.000Z</time>
      </trkpt>
      <trkpt lat="40.2409456484019756317138671875" lon="9.49077640660107135772705078125">
        <ele>433.399993896484375</ele>
        <time>2026-09-16T08:53:07.000Z</time>
      </trkpt>
      <trkpt lat="40.240954197943210601806640625" lon="9.490776322782039642333984375">
        <ele>433</ele>
        <time>2026-09-16T08:53:08.000Z</time>
      </trkpt>
      <trkpt lat="40.24096735753118991851806640625" lon="9.49077506549656391143798828125">
        <ele>432.20001220703125</ele>
        <time>2026-09-16T08:53:10.000Z</time>
      </trkpt>
      <trkpt lat="40.2410291321575641632080078125" lon="9.49077288620173931121826171875">
        <ele>429.20001220703125</ele>
        <time>2026-09-16T08:53:16.000Z</time>
      </trkpt>
      <trkpt lat="40.241077244281768798828125" lon="9.4907778315246105194091796875">
        <ele>426.399993896484375</ele>
        <time>2026-09-16T08:53:22.000Z</time>
      </trkpt>
      <trkpt lat="40.2411464788019657135009765625" lon="9.49080222286283969879150390625">
        <ele>423</ele>
        <time>2026-09-16T08:53:28.000Z</time>
      </trkpt>
      <trkpt lat="40.2412475645542144775390625" lon="9.49088637717068195343017578125">
        <ele>420.399993896484375</ele>
        <time>2026-09-16T08:53:37.000Z</time>
      </trkpt>
      <trkpt lat="40.24125284515321254730224609375" lon="9.4908879697322845458984375">
        <ele>420</ele>
        <time>2026-09-16T08:53:38.000Z</time>
      </trkpt>
      <trkpt lat="40.24126969277858734130859375" lon="9.490881264209747314453125">
        <ele>418.600006103515625</ele>
        <time>2026-09-16T08:53:40.000Z</time>
      </trkpt>
      <trkpt lat="40.24129576049745082855224609375" lon="9.49087128974497318267822265625">
        <ele>416.399993896484375</ele>
        <time>2026-09-16T08:53:42.000Z</time>
      </trkpt>
      <trkpt lat="40.24133079685270786285400390625" lon="9.49090347625315189361572265625">
        <ele>416.20001220703125</ele>
        <time>2026-09-16T08:53:46.000Z</time>
      </trkpt>
      <trkpt lat="40.24134253151714801788330078125" lon="9.4908988662064075469970703125">
        <ele>415.399993896484375</ele>
        <time>2026-09-16T08:53:47.000Z</time>
      </trkpt>
      <trkpt lat="40.2414146997034549713134765625" lon="9.49092158116400241851806640625">
        <ele>413.600006103515625</ele>
        <time>2026-09-16T08:53:54.000Z</time>
      </trkpt>
      <trkpt lat="40.2414354868233203887939453125" lon="9.49094069190323352813720703125">
        <ele>413.600006103515625</ele>
        <time>2026-09-16T08:53:56.000Z</time>
      </trkpt>
      <trkpt lat="40.2414918132126331329345703125" lon="9.49099953286349773406982421875">
        <ele>414.399993896484375</ele>
        <time>2026-09-16T08:54:03.000Z</time>
      </trkpt>
      <trkpt lat="40.24152626283466815948486328125" lon="9.49103691615164279937744140625">
        <ele>415</ele>
        <time>2026-09-16T08:54:10.000Z</time>
      </trkpt>
      <trkpt lat="40.2415551804006099700927734375" lon="9.4910403527319431304931640625">
        <ele>413.600006103515625</ele>
        <time>2026-09-16T08:54:16.000Z</time>
      </trkpt>
      <trkpt lat="40.24156096391379833221435546875" lon="9.4910395145416259765625">
        <ele>413.20001220703125</ele>
        <time>2026-09-16T08:54:17.000Z</time>
      </trkpt>
      <trkpt lat="40.24160094559192657470703125" lon="9.4910597987473011016845703125">
        <ele>412.20001220703125</ele>
        <time>2026-09-16T08:54:25.000Z</time>
      </trkpt>
      <trkpt lat="40.2416245825588703155517578125" lon="9.49107513763010501861572265625">
        <ele>411.600006103515625</ele>
        <time>2026-09-16T08:54:30.000Z</time>
      </trkpt>
      <trkpt lat="40.241647548973560333251953125" lon="9.4910936616361141204833984375">
        <ele>411.20001220703125</ele>
        <time>2026-09-16T08:54:33.000Z</time>
      </trkpt>
      <trkpt lat="40.24168166331946849822998046875" lon="9.491096846759319305419921875">
        <ele>409</ele>
        <time>2026-09-16T08:54:38.000Z</time>
      </trkpt>
      <trkpt lat="40.241704881191253662109375" lon="9.4911107607185840606689453125">
        <ele>408.20001220703125</ele>
        <time>2026-09-16T08:54:42.000Z</time>
      </trkpt>
      <trkpt lat="40.24172323755919933319091796875" lon="9.4911335594952106475830078125">
        <ele>408</ele>
        <time>2026-09-16T08:54:46.000Z</time>
      </trkpt>
      <trkpt lat="40.24177503772079944610595703125" lon="9.49118510819971561431884765625">
        <ele>406.79998779296875</ele>
        <time>2026-09-16T08:54:54.000Z</time>
      </trkpt>
      <trkpt lat="40.24178694002330303192138671875" lon="9.4912009499967098236083984375">
        <ele>406.79998779296875</ele>
        <time>2026-09-16T08:54:56.000Z</time>
      </trkpt>
      <trkpt lat="40.2417922206223011016845703125" lon="9.491211511194705963134765625">
        <ele>407</ele>
        <time>2026-09-16T08:54:57.000Z</time>
      </trkpt>
      <trkpt lat="40.2417922206223011016845703125" lon="9.49121947400271892547607421875">
        <ele>407.399993896484375</ele>
        <time>2026-09-16T08:54:59.000Z</time>
      </trkpt>
      <trkpt lat="40.24180135689675807952880859375" lon="9.4912190549075603485107421875">
        <ele>406.79998779296875</ele>
        <time>2026-09-16T08:55:03.000Z</time>
      </trkpt>
      <trkpt lat="40.2417908795177936553955078125" lon="9.49122785590589046478271484375">
        <ele>408</ele>
        <time>2026-09-16T08:55:11.000Z</time>
      </trkpt>
      <trkpt lat="40.24178962223231792449951171875" lon="9.49122685007750988006591796875">
        <ele>408</ele>
        <time>2026-09-16T08:55:13.000Z</time>
      </trkpt>
      <trkpt lat="40.24179079569876194000244140625" lon="9.49122685007750988006591796875">
        <ele>407.79998779296875</ele>
        <time>2026-09-16T08:55:24.000Z</time>
      </trkpt>
      <trkpt lat="40.2417992614209651947021484375" lon="9.49121159501373767852783203125">
        <ele>406.399993896484375</ele>
        <time>2026-09-16T08:55:55.000Z</time>
      </trkpt>
      <trkpt lat="40.2417942322790622711181640625" lon="9.49123623780906200408935546875">
        <ele>408</ele>
        <time>2026-09-16T08:55:58.000Z</time>
      </trkpt>
      <trkpt lat="40.24178409017622470855712890625" lon="9.49130748398602008819580078125">
        <ele>412</ele>
        <time>2026-09-16T08:56:04.000Z</time>
      </trkpt>
      <trkpt lat="40.2417774684727191925048828125" lon="9.4913117587566375732421875">
        <ele>412.20001220703125</ele>
        <time>2026-09-16T08:56:11.000Z</time>
      </trkpt>
      <trkpt lat="40.2417774684727191925048828125" lon="9.4913139380514621734619140625">
        <ele>412.20001220703125</ele>
        <time>2026-09-16T08:56:29.000Z</time>
      </trkpt>
      <trkpt lat="40.24177973158657550811767578125" lon="9.49131519533693790435791015625">
        <ele>412.20001220703125</ele>
        <time>2026-09-16T08:56:32.000Z</time>
      </trkpt>
      <trkpt lat="40.24178174324333667755126953125" lon="9.49131435714662075042724609375">
        <ele>412.20001220703125</ele>
        <time>2026-09-16T08:56:59.000Z</time>
      </trkpt>
      <trkpt lat="40.24178140796720981597900390625" lon="9.49130580760538578033447265625">
        <ele>412</ele>
        <time>2026-09-16T08:57:25.000Z</time>
      </trkpt>
      <trkpt lat="40.241781659424304962158203125" lon="9.49130580760538578033447265625">
        <ele>412</ele>
        <time>2026-09-16T08:57:26.000Z</time>
      </trkpt>
      <trkpt lat="40.24178425781428813934326171875" lon="9.49130580760538578033447265625">
        <ele>412</ele>
        <time>2026-09-16T08:57:30.000Z</time>
      </trkpt>
      <trkpt lat="40.24179699830710887908935546875" lon="9.4913216494023799896240234375">
        <ele>411.79998779296875</ele>
        <time>2026-09-16T08:58:03.000Z</time>
      </trkpt>
      <trkpt lat="40.24179465137422084808349609375" lon="9.4913196377456188201904296875">
        <ele>411.79998779296875</ele>
        <time>2026-09-16T08:58:13.000Z</time>
      </trkpt>
      <trkpt lat="40.24179138243198394775390625" lon="9.4913162849843502044677734375">
        <ele>411.79998779296875</ele>
        <time>2026-09-16T08:58:23.000Z</time>
      </trkpt>
      <trkpt lat="40.24179180152714252471923828125" lon="9.49131368659436702728271484375">
        <ele>411.79998779296875</ele>
        <time>2026-09-16T08:58:40.000Z</time>
      </trkpt>
      <trkpt lat="40.24179180152714252471923828125" lon="9.49131351895630359649658203125">
        <ele>411.79998779296875</ele>
        <time>2026-09-16T08:58:42.000Z</time>
      </trkpt>
      <trkpt lat="40.2417920529842376708984375" lon="9.49131335131824016571044921875">
        <ele>411.79998779296875</ele>
        <time>2026-09-16T08:58:43.000Z</time>
      </trkpt>
      <trkpt lat="40.2417935617268085479736328125" lon="9.49131167493760585784912109375">
        <ele>411.79998779296875</ele>
        <time>2026-09-16T08:58:56.000Z</time>
      </trkpt>
      <trkpt lat="40.2417947351932525634765625" lon="9.49131033383309841156005859375">
        <ele>411.600006103515625</ele>
        <time>2026-09-16T08:59:16.000Z</time>
      </trkpt>
      <trkpt lat="40.24180454201996326446533203125" lon="9.4913082383573055267333984375">
        <ele>411</ele>
        <time>2026-09-16T08:59:39.000Z</time>
      </trkpt>
      <trkpt lat="40.2418247424066066741943359375" lon="9.49132860638201236724853515625">
        <ele>410.600006103515625</ele>
        <time>2026-09-16T08:59:41.000Z</time>
      </trkpt>
      <trkpt lat="40.24192750453948974609375" lon="9.4914034567773342132568359375">
        <ele>406.600006103515625</ele>
        <time>2026-09-16T08:59:50.000Z</time>
      </trkpt>
      <trkpt lat="40.2420094795525074005126953125" lon="9.491473026573657989501953125">
        <ele>403.600006103515625</ele>
        <time>2026-09-16T08:59:57.000Z</time>
      </trkpt>
      <trkpt lat="40.24201911874115467071533203125" lon="9.49149213731288909912109375">
        <ele>403.79998779296875</ele>
        <time>2026-09-16T08:59:59.000Z</time>
      </trkpt>
      <trkpt lat="40.24202180095016956329345703125" lon="9.491497837007045745849609375">
        <ele>403.79998779296875</ele>
        <time>2026-09-16T09:00:01.000Z</time>
      </trkpt>
      <trkpt lat="40.24202129803597927093505859375" lon="9.4914996810257434844970703125">
        <ele>404</ele>
        <time>2026-09-16T09:00:03.000Z</time>
      </trkpt>
      <trkpt lat="40.24202230386435985565185546875" lon="9.4914995133876800537109375">
        <ele>403.79998779296875</ele>
        <time>2026-09-16T09:00:04.000Z</time>
      </trkpt>
      <trkpt lat="40.2420282550156116485595703125" lon="9.49153907597064971923828125">
        <ele>405.399993896484375</ele>
        <time>2026-09-16T09:00:08.000Z</time>
      </trkpt>
      <trkpt lat="40.2420185320079326629638671875" lon="9.4915942288935184478759765625">
        <ele>407.20001220703125</ele>
        <time>2026-09-16T09:00:14.000Z</time>
      </trkpt>
      <trkpt lat="40.24201425723731517791748046875" lon="9.491609819233417510986328125">
        <ele>407.600006103515625</ele>
        <time>2026-09-16T09:00:15.000Z</time>
      </trkpt>
      <trkpt lat="40.2420000918209552764892578125" lon="9.4916317798197269439697265625">
        <ele>408.79998779296875</ele>
        <time>2026-09-16T09:00:17.000Z</time>
      </trkpt>
      <trkpt lat="40.24198676459491252899169921875" lon="9.491644687950611114501953125">
        <ele>409.79998779296875</ele>
        <time>2026-09-16T09:00:19.000Z</time>
      </trkpt>
      <trkpt lat="40.24195005185902118682861328125" lon="9.491668827831745147705078125">
        <ele>412.20001220703125</ele>
        <time>2026-09-16T09:00:23.000Z</time>
      </trkpt>
      <trkpt lat="40.24192691780626773834228515625" lon="9.49166648089885711669921875">
        <ele>413.20001220703125</ele>
        <time>2026-09-16T09:00:25.000Z</time>
      </trkpt>
      <trkpt lat="40.24191853590309619903564453125" lon="9.4916696660220623016357421875">
        <ele>413.79998779296875</ele>
        <time>2026-09-16T09:00:26.000Z</time>
      </trkpt>
      <trkpt lat="40.24187025614082813262939453125" lon="9.49172138236463069915771484375">
        <ele>415.20001220703125</ele>
        <time>2026-09-16T09:00:31.000Z</time>
      </trkpt>
      <trkpt lat="40.2418334595859050750732421875" lon="9.49175901710987091064453125">
        <ele>415</ele>
        <time>2026-09-16T09:00:37.000Z</time>
      </trkpt>
      <trkpt lat="40.2418183721601963043212890625" lon="9.49175641871988773345947265625">
        <ele>415</ele>
        <time>2026-09-16T09:00:43.000Z</time>
      </trkpt>
      <trkpt lat="40.241816528141498565673828125" lon="9.491755664348602294921875">
        <ele>415</ele>
        <time>2026-09-16T09:00:48.000Z</time>
      </trkpt>
      <trkpt lat="40.2418183721601963043212890625" lon="9.49175490997731685638427734375">
        <ele>415</ele>
        <time>2026-09-16T09:00:52.000Z</time>
      </trkpt>
      <trkpt lat="40.2418378181755542755126953125" lon="9.49172775261104106903076171875">
        <ele>415.399993896484375</ele>
        <time>2026-09-16T09:01:00.000Z</time>
      </trkpt>
      <trkpt lat="40.24188735522329807281494140625" lon="9.49165298603475093841552734375">
        <ele>415</ele>
        <time>2026-09-16T09:01:07.000Z</time>
      </trkpt>
      <trkpt lat="40.241944603621959686279296875" lon="9.491639994084835052490234375">
        <ele>411.79998779296875</ele>
        <time>2026-09-16T09:01:13.000Z</time>
      </trkpt>
      <trkpt lat="40.24197469465434551239013671875" lon="9.49162901379168033599853515625">
        <ele>410.20001220703125</ele>
        <time>2026-09-16T09:01:18.000Z</time>
      </trkpt>
      <trkpt lat="40.24201978929340839385986328125" lon="9.49157386086881160736083984375">
        <ele>406.600006103515625</ele>
        <time>2026-09-16T09:01:24.000Z</time>
      </trkpt>
      <trkpt lat="40.2420306019484996795654296875" lon="9.4915330410003662109375">
        <ele>404.79998779296875</ele>
        <time>2026-09-16T09:01:29.000Z</time>
      </trkpt>
      <trkpt lat="40.24199531413614749908447265625" lon="9.4915127567946910858154296875">
        <ele>406.600006103515625</ele>
        <time>2026-09-16T09:01:35.000Z</time>
      </trkpt>
      <trkpt lat="40.2419712580740451812744140625" lon="9.4914500601589679718017578125">
        <ele>405.399993896484375</ele>
        <time>2026-09-16T09:01:40.000Z</time>
      </trkpt>
      <trkpt lat="40.24187109433114528656005859375" lon="9.4913461245596408843994140625">
        <ele>408</ele>
        <time>2026-09-16T09:01:48.000Z</time>
      </trkpt>
      <trkpt lat="40.24184502661228179931640625" lon="9.4913032092154026031494140625">
        <ele>407.79998779296875</ele>
        <time>2026-09-16T09:01:51.000Z</time>
      </trkpt>
      <trkpt lat="40.2418244071304798126220703125" lon="9.49127898551523685455322265625">
        <ele>408</ele>
        <time>2026-09-16T09:01:53.000Z</time>
      </trkpt>
      <trkpt lat="40.24181694723665714263916015625" lon="9.4912633113563060760498046875">
        <ele>407.79998779296875</ele>
        <time>2026-09-16T09:01:54.000Z</time>
      </trkpt>
      <trkpt lat="40.2418076433241367340087890625" lon="9.4912478886544704437255859375">
        <ele>407.79998779296875</ele>
        <time>2026-09-16T09:01:55.000Z</time>
      </trkpt>
      <trkpt lat="40.2417898736894130706787109375" lon="9.49122047983109951019287109375">
        <ele>407.600006103515625</ele>
        <time>2026-09-16T09:01:57.000Z</time>
      </trkpt>
      <trkpt lat="40.24177671410143375396728515625" lon="9.49121461249887943267822265625">
        <ele>408.20001220703125</ele>
        <time>2026-09-16T09:01:58.000Z</time>
      </trkpt>
      <trkpt lat="40.24174419231712818145751953125" lon="9.491188041865825653076171875">
        <ele>409.20001220703125</ele>
        <time>2026-09-16T09:02:01.000Z</time>
      </trkpt>
      <trkpt lat="40.2417384088039398193359375" lon="9.49117722921073436737060546875">
        <ele>409.20001220703125</ele>
        <time>2026-09-16T09:02:02.000Z</time>
      </trkpt>
      <trkpt lat="40.24172793142497539520263671875" lon="9.49116566218435764312744140625">
        <ele>409.20001220703125</ele>
        <time>2026-09-16T09:02:07.000Z</time>
      </trkpt>
      <trkpt lat="40.24170714430510997772216796875" lon="9.49112442322075366973876953125">
        <ele>408.79998779296875</ele>
        <time>2026-09-16T09:02:13.000Z</time>
      </trkpt>
      <trkpt lat="40.24170747958123683929443359375" lon="9.491123668849468231201171875">
        <ele>408.600006103515625</ele>
        <time>2026-09-16T09:02:14.000Z</time>
      </trkpt>
      <trkpt lat="40.24171133525669574737548828125" lon="9.4911298714578151702880859375">
        <ele>408.600006103515625</ele>
        <time>2026-09-16T09:02:19.000Z</time>
      </trkpt>
      <trkpt lat="40.241696499288082122802734375" lon="9.4911449588835239410400390625">
        <ele>410.600006103515625</ele>
        <time>2026-09-16T09:02:27.000Z</time>
      </trkpt>
      <trkpt lat="40.241696499288082122802734375" lon="9.4911449588835239410400390625">
        <ele>410.600006103515625</ele>
        <time>2026-09-16T09:02:31.000Z</time>
      </trkpt>
      <trkpt lat="40.241689793765544891357421875" lon="9.49115409515798091888427734375">
        <ele>411.399993896484375</ele>
        <time>2026-09-16T09:02:35.000Z</time>
      </trkpt>
      <trkpt lat="40.24168484844267368316650390625" lon="9.49116616509854793548583984375">
        <ele>412.399993896484375</ele>
        <time>2026-09-16T09:02:37.000Z</time>
      </trkpt>
      <trkpt lat="40.24167738854885101318359375" lon="9.4911883771419525146484375">
        <ele>414</ele>
        <time>2026-09-16T09:02:40.000Z</time>
      </trkpt>
      <trkpt lat="40.24167068302631378173828125" lon="9.49120002798736095428466796875">
        <ele>414.399993896484375</ele>
        <time>2026-09-16T09:02:43.000Z</time>
      </trkpt>
      <trkpt lat="40.2416713535785675048828125" lon="9.491200111806392669677734375">
        <ele>414.399993896484375</ele>
        <time>2026-09-16T09:02:44.000Z</time>
      </trkpt>
      <trkpt lat="40.24165534414350986480712890625" lon="9.49118209071457386016845703125">
        <ele>414.79998779296875</ele>
        <time>2026-09-16T09:02:49.000Z</time>
      </trkpt>
      <trkpt lat="40.2416577748954296112060546875" lon="9.491165578365325927734375">
        <ele>414.399993896484375</ele>
        <time>2026-09-16T09:02:51.000Z</time>
      </trkpt>
      <trkpt lat="40.24168384261429309844970703125" lon="9.49110455811023712158203125">
        <ele>409.399993896484375</ele>
        <time>2026-09-16T09:03:00.000Z</time>
      </trkpt>
      <trkpt lat="40.24168384261429309844970703125" lon="9.49109626002609729766845703125">
        <ele>408.79998779296875</ele>
        <time>2026-09-16T09:03:06.000Z</time>
      </trkpt>
      <trkpt lat="40.24168401025235652923583984375" lon="9.491095840930938720703125">
        <ele>408.79998779296875</ele>
        <time>2026-09-16T09:03:07.000Z</time>
      </trkpt>
      <trkpt lat="40.2416835911571979522705078125" lon="9.4910966791212558746337890625">
        <ele>408.79998779296875</ele>
        <time>2026-09-16T09:03:18.000Z</time>
      </trkpt>
      <trkpt lat="40.2416835911571979522705078125" lon="9.491095840930938720703125">
        <ele>408.79998779296875</ele>
        <time>2026-09-16T09:03:37.000Z</time>
      </trkpt>
      <trkpt lat="40.24168384261429309844970703125" lon="9.4910956732928752899169921875">
        <ele>408.79998779296875</ele>
        <time>2026-09-16T09:03:40.000Z</time>
      </trkpt>
      <trkpt lat="40.24168551899492740631103515625" lon="9.49109424836933612823486328125">
        <ele>408.399993896484375</ele>
        <time>2026-09-16T09:03:44.000Z</time>
      </trkpt>
      <trkpt lat="40.241685770452022552490234375" lon="9.49109307490289211273193359375">
        <ele>408.399993896484375</ele>
        <time>2026-09-16T09:03:46.000Z</time>
      </trkpt>
      <trkpt lat="40.2416866086423397064208984375" lon="9.4910919852554798126220703125">
        <ele>408.20001220703125</ele>
        <time>2026-09-16T09:03:52.000Z</time>
      </trkpt>
      <trkpt lat="40.2416892908513545989990234375" lon="9.4910918176174163818359375">
        <ele>408</ele>
        <time>2026-09-16T09:04:02.000Z</time>
      </trkpt>
      <trkpt lat="40.24169021286070346832275390625" lon="9.491091482341289520263671875">
        <ele>408</ele>
        <time>2026-09-16T09:04:09.000Z</time>
      </trkpt>
      <trkpt lat="40.2416902966797351837158203125" lon="9.49109139852225780487060546875">
        <ele>408</ele>
        <time>2026-09-16T09:04:10.000Z</time>
      </trkpt>
      <trkpt lat="40.2416902966797351837158203125" lon="9.49109123088419437408447265625">
        <ele>408</ele>
        <time>2026-09-16T09:04:11.000Z</time>
      </trkpt>
      <trkpt lat="40.24169071577489376068115234375" lon="9.49109106324613094329833984375">
        <ele>408</ele>
        <time>2026-09-16T09:04:16.000Z</time>
      </trkpt>
      <trkpt lat="40.241691805422306060791015625" lon="9.49109190143644809722900390625">
        <ele>407.79998779296875</ele>
        <time>2026-09-16T09:04:26.000Z</time>
      </trkpt>
      <trkpt lat="40.24169490672647953033447265625" lon="9.49109039269387722015380859375">
        <ele>407.600006103515625</ele>
        <time>2026-09-16T09:04:34.000Z</time>
      </trkpt>
      <trkpt lat="40.2417191304266452789306640625" lon="9.49112442322075366973876953125">
        <ele>407.79998779296875</ele>
        <time>2026-09-16T09:04:37.000Z</time>
      </trkpt>
      <trkpt lat="40.24180722422897815704345703125" lon="9.49121964164078235626220703125">
        <ele>406.399993896484375</ele>
        <time>2026-09-16T09:04:45.000Z</time>
      </trkpt>
      <trkpt lat="40.241807810962200164794921875" lon="9.49122433550655841827392578125">
        <ele>406.600006103515625</ele>
        <time>2026-09-16T09:04:52.000Z</time>
      </trkpt>
      <trkpt lat="40.241856090724468231201171875" lon="9.4912901334464550018310546875">
        <ele>406.399993896484375</ele>
        <time>2026-09-16T09:05:02.000Z</time>
      </trkpt>
      <trkpt lat="40.24188383482396602630615234375" lon="9.49133925139904022216796875">
        <ele>406.79998779296875</ele>
        <time>2026-09-16T09:05:07.000Z</time>
      </trkpt>
      <trkpt lat="40.24189255200326442718505859375" lon="9.49134553782641887664794921875">
        <ele>406.399993896484375</ele>
        <time>2026-09-16T09:05:08.000Z</time>
      </trkpt>
      <trkpt lat="40.24190629832446575164794921875" lon="9.49136280454695224761962890625">
        <ele>406.20001220703125</ele>
        <time>2026-09-16T09:05:10.000Z</time>
      </trkpt>
      <trkpt lat="40.24191233329474925994873046875" lon="9.49137185700237751007080078125">
        <ele>406.20001220703125</ele>
        <time>2026-09-16T09:05:11.000Z</time>
      </trkpt>
      <trkpt lat="40.24192390032112598419189453125" lon="9.4913927279412746429443359375">
        <ele>406.20001220703125</ele>
        <time>2026-09-16T09:05:14.000Z</time>
      </trkpt>
      <trkpt lat="40.24197553284466266632080078125" lon="9.49143572710454463958740234375">
        <ele>404.399993896484375</ele>
        <time>2026-09-16T09:05:20.000Z</time>
      </trkpt>
      <trkpt lat="40.242000259459018707275390625" lon="9.49150647036731243133544921875">
        <ele>406</ele>
        <time>2026-09-16T09:05:25.000Z</time>
      </trkpt>
      <trkpt lat="40.2420047856867313385009765625" lon="9.49153480120003223419189453125">
        <ele>406.600006103515625</ele>
        <time>2026-09-16T09:05:28.000Z</time>
      </trkpt>
      <trkpt lat="40.24200461804866790771484375" lon="9.49157260358333587646484375">
        <ele>407.399993896484375</ele>
        <time>2026-09-16T09:05:31.000Z</time>
      </trkpt>
      <trkpt lat="40.242013670504093170166015625" lon="9.49160889722406864166259765625">
        <ele>407.79998779296875</ele>
        <time>2026-09-16T09:05:36.000Z</time>
      </trkpt>
      <trkpt lat="40.24205365218222141265869140625" lon="9.49168466962873935699462890625">
        <ele>407.20001220703125</ele>
        <time>2026-09-16T09:05:43.000Z</time>
      </trkpt>
      <trkpt lat="40.24206136353313922882080078125" lon="9.49170629493892192840576171875">
        <ele>407</ele>
        <time>2026-09-16T09:05:45.000Z</time>
      </trkpt>
      <trkpt lat="40.2420832403004169464111328125" lon="9.491776786744594573974609375">
        <ele>406.600006103515625</ele>
        <time>2026-09-16T09:05:50.000Z</time>
      </trkpt>
      <trkpt lat="40.242043845355510711669921875" lon="9.4919010065495967864990234375">
        <ele>408.20001220703125</ele>
        <time>2026-09-16T09:05:58.000Z</time>
      </trkpt>
      <trkpt lat="40.24197888560593128204345703125" lon="9.49198222719132900238037109375">
        <ele>408.399993896484375</ele>
        <time>2026-09-16T09:06:07.000Z</time>
      </trkpt>
      <trkpt lat="40.2419156022369861602783203125" lon="9.4920495338737964630126953125">
        <ele>408</ele>
        <time>2026-09-16T09:06:17.000Z</time>
      </trkpt>
      <trkpt lat="40.2418817393481731414794921875" lon="9.4920884259045124053955078125">
        <ele>407.20001220703125</ele>
        <time>2026-09-16T09:06:23.000Z</time>
      </trkpt>
      <trkpt lat="40.241855420172214508056640625" lon="9.4921628572046756744384765625">
        <ele>404.79998779296875</ele>
        <time>2026-09-16T09:06:31.000Z</time>
      </trkpt>
      <trkpt lat="40.2418361417949199676513671875" lon="9.492217339575290679931640625">
        <ele>403.20001220703125</ele>
        <time>2026-09-16T09:06:36.000Z</time>
      </trkpt>
      <trkpt lat="40.24178459309041500091552734375" lon="9.49223904870450496673583984375">
        <ele>402.399993896484375</ele>
        <time>2026-09-16T09:06:41.000Z</time>
      </trkpt>
      <trkpt lat="40.2417731098830699920654296875" lon="9.492233097553253173828125">
        <ele>402.79998779296875</ele>
        <time>2026-09-16T09:06:42.000Z</time>
      </trkpt>
      <trkpt lat="40.241732709109783172607421875" lon="9.492217339575290679931640625">
        <ele>403.600006103515625</ele>
        <time>2026-09-16T09:06:46.000Z</time>
      </trkpt>
      <trkpt lat="40.2417027018964290618896484375" lon="9.49223150499165058135986328125">
        <ele>403</ele>
        <time>2026-09-16T09:06:50.000Z</time>
      </trkpt>
      <trkpt lat="40.241691134870052337646484375" lon="9.49220954440534114837646484375">
        <ele>404</ele>
        <time>2026-09-16T09:06:52.000Z</time>
      </trkpt>
      <trkpt lat="40.24168635718524456024169921875" lon="9.49218154884874820709228515625">
        <ele>404.79998779296875</ele>
        <time>2026-09-16T09:06:55.000Z</time>
      </trkpt>
      <trkpt lat="40.24166221730411052703857421875" lon="9.49215573258697986602783203125">
        <ele>405.600006103515625</ele>
        <time>2026-09-16T09:07:02.000Z</time>
      </trkpt>
      <trkpt lat="40.24164930917322635650634765625" lon="9.49212270788848400115966796875">
        <ele>406.600006103515625</ele>
        <time>2026-09-16T09:07:07.000Z</time>
      </trkpt>
      <trkpt lat="40.2416400052607059478759765625" lon="9.4921118952333927154541015625">
        <ele>407</ele>
        <time>2026-09-16T09:07:09.000Z</time>
      </trkpt>
      <trkpt lat="40.2416324615478515625" lon="9.49210376478731632232666015625">
        <ele>407.20001220703125</ele>
        <time>2026-09-16T09:07:11.000Z</time>
      </trkpt>
      <trkpt lat="40.24162768386304378509521484375" lon="9.49211172759532928466796875">
        <ele>407</ele>
        <time>2026-09-16T09:07:12.000Z</time>
      </trkpt>
      <trkpt lat="40.2416175417602062225341796875" lon="9.49210703372955322265625">
        <ele>407.20001220703125</ele>
        <time>2026-09-16T09:07:16.000Z</time>
      </trkpt>
      <trkpt lat="40.2416108362376689910888671875" lon="9.49209772981703281402587890625">
        <ele>407.399993896484375</ele>
        <time>2026-09-16T09:07:19.000Z</time>
      </trkpt>
      <trkpt lat="40.2416188828647136688232421875" lon="9.49212153442203998565673828125">
        <ele>406.79998779296875</ele>
        <time>2026-09-16T09:07:22.000Z</time>
      </trkpt>
      <trkpt lat="40.2415989339351654052734375" lon="9.49212111532688140869140625">
        <ele>406.79998779296875</ele>
        <time>2026-09-16T09:07:28.000Z</time>
      </trkpt>
      <trkpt lat="40.24158485233783721923828125" lon="9.49210359714925289154052734375">
        <ele>407.399993896484375</ele>
        <time>2026-09-16T09:07:33.000Z</time>
      </trkpt>
      <trkpt lat="40.24158217012882232666015625" lon="9.4921110570430755615234375">
        <ele>407.20001220703125</ele>
        <time>2026-09-16T09:07:38.000Z</time>
      </trkpt>
      <trkpt lat="40.241578482091426849365234375" lon="9.4921092130243778228759765625">
        <ele>407.20001220703125</ele>
        <time>2026-09-16T09:07:43.000Z</time>
      </trkpt>
      <trkpt lat="40.241578482091426849365234375" lon="9.4921092130243778228759765625">
        <ele>407.20001220703125</ele>
        <time>2026-09-16T09:07:49.000Z</time>
      </trkpt>
      <trkpt lat="40.24157856591045856475830078125" lon="9.492096640169620513916015625">
        <ele>407.600006103515625</ele>
        <time>2026-09-16T09:08:09.000Z</time>
      </trkpt>
      <trkpt lat="40.24156884290277957916259765625" lon="9.49208113364875316619873046875">
        <ele>408</ele>
        <time>2026-09-16T09:08:20.000Z</time>
      </trkpt>
      <trkpt lat="40.24154319427907466888427734375" lon="9.4919984042644500732421875">
        <ele>410.399993896484375</ele>
        <time>2026-09-16T09:09:08.000Z</time>
      </trkpt>
      <trkpt lat="40.24154126644134521484375" lon="9.4919824786484241485595703125">
        <ele>410.79998779296875</ele>
        <time>2026-09-16T09:09:14.000Z</time>
      </trkpt>
      <trkpt lat="40.24154269136488437652587890625" lon="9.49198189191520214080810546875">
        <ele>410.79998779296875</ele>
        <time>2026-09-16T09:09:23.000Z</time>
      </trkpt>
      <trkpt lat="40.2415672503411769866943359375" lon="9.491980969905853271484375">
        <ele>410.79998779296875</ele>
        <time>2026-09-16T09:09:48.000Z</time>
      </trkpt>
      <trkpt lat="40.24156750179827213287353515625" lon="9.49198088608682155609130859375">
        <ele>410.79998779296875</ele>
        <time>2026-09-16T09:09:52.000Z</time>
      </trkpt>
      <trkpt lat="40.241407491266727447509765625" lon="9.49116935022175312042236328125">
        <ele>423.79998779296875</ele>
        <time>2026-09-16T09:19:55.000Z</time>
      </trkpt>
      <trkpt lat="40.24141277186572551727294921875" lon="9.49115459807217121124267578125">
        <ele>423.600006103515625</ele>
        <time>2026-09-16T09:19:56.000Z</time>
      </trkpt>
      <trkpt lat="40.24138863198459148406982421875" lon="9.4913035444915294647216796875">
        <ele>424.600006103515625</ele>
        <time>2026-09-16T09:19:59.000Z</time>
      </trkpt>
      <trkpt lat="40.24137404747307300567626953125" lon="9.4913498125970363616943359375">
        <ele>425.20001220703125</ele>
        <time>2026-09-16T09:20:02.000Z</time>
      </trkpt>
      <trkpt lat="40.2413315512239933013916015625" lon="9.4912911392748355865478515625">
        <ele>426.600006103515625</ele>
        <time>2026-09-16T09:20:07.000Z</time>
      </trkpt>
      <trkpt lat="40.24132593534886837005615234375" lon="9.49125970713794231414794921875">
        <ele>426.79998779296875</ele>
        <time>2026-09-16T09:20:12.000Z</time>
      </trkpt>
      <trkpt lat="40.2413412742316722869873046875" lon="9.49133346788585186004638671875">
        <ele>426.20001220703125</ele>
        <time>2026-09-16T09:20:18.000Z</time>
      </trkpt>
      <trkpt lat="40.241302214562892913818359375" lon="9.49136070907115936279296875">
        <ele>427.79998779296875</ele>
        <time>2026-09-16T09:20:22.000Z</time>
      </trkpt>
      <trkpt lat="40.24129324592649936676025390625" lon="9.49137571267783641815185546875">
        <ele>428.20001220703125</ele>
        <time>2026-09-16T09:20:23.000Z</time>
      </trkpt>
      <trkpt lat="40.241235829889774322509765625" lon="9.49139398522675037384033203125">
        <ele>430.600006103515625</ele>
        <time>2026-09-16T09:20:25.000Z</time>
      </trkpt>
      <trkpt lat="40.24119819514453411102294921875" lon="9.49144184589385986328125">
        <ele>431.600006103515625</ele>
        <time>2026-09-16T09:20:27.000Z</time>
      </trkpt>
      <trkpt lat="40.24119081906974315643310546875" lon="9.4913923926651477813720703125">
        <ele>432.79998779296875</ele>
        <time>2026-09-16T09:20:31.000Z</time>
      </trkpt>
      <trkpt lat="40.24123624898493289947509765625" lon="9.4914560951292514801025390625">
        <ele>429.600006103515625</ele>
        <time>2026-09-16T09:20:35.000Z</time>
      </trkpt>
      <trkpt lat="40.24120020680129528045654296875" lon="9.49149775318801403045654296875">
        <ele>430.399993896484375</ele>
        <time>2026-09-16T09:20:37.000Z</time>
      </trkpt>
      <trkpt lat="40.2400900237262248992919921875" lon="9.49196630157530307769775390625">
        <ele>416.600006103515625</ele>
        <time>2026-09-16T09:21:35.000Z</time>
      </trkpt>
      <trkpt lat="40.2410194091498851776123046875" lon="9.49153848923742771148681640625">
        <ele>436.600006103515625</ele>
        <time>2026-09-16T09:21:44.000Z</time>
      </trkpt>
      <trkpt lat="40.24105151183903217315673828125" lon="9.4915365613996982574462890625">
        <ele>435.20001220703125</ele>
        <time>2026-09-16T09:21:45.000Z</time>
      </trkpt>
      <trkpt lat="40.24113692343235015869140625" lon="9.4915674068033695220947265625">
        <ele>431.20001220703125</ele>
        <time>2026-09-16T09:21:48.000Z</time>
      </trkpt>
      <trkpt lat="40.2412356622517108917236328125" lon="9.49159548617899417877197265625">
        <ele>427</ele>
        <time>2026-09-16T09:21:53.000Z</time>
      </trkpt>
      <trkpt lat="40.2412631548941135406494140625" lon="9.4916706718504428863525390625">
        <ele>423.79998779296875</ele>
        <time>2026-09-16T09:21:56.000Z</time>
      </trkpt>
      <trkpt lat="40.24125401861965656280517578125" lon="9.49167075566947460174560546875">
        <ele>424</ele>
        <time>2026-09-16T09:21:58.000Z</time>
      </trkpt>
      <trkpt lat="40.241252593696117401123046875" lon="9.49166840873658657073974609375">
        <ele>424.20001220703125</ele>
        <time>2026-09-16T09:21:59.000Z</time>
      </trkpt>
      <trkpt lat="40.24125787429511547088623046875" lon="9.4916716776788234710693359375">
        <ele>423.79998779296875</ele>
        <time>2026-09-16T09:22:01.000Z</time>
      </trkpt>
      <trkpt lat="40.2412748895585536956787109375" lon="9.49167360551655292510986328125">
        <ele>423.20001220703125</ele>
        <time>2026-09-16T09:22:02.000Z</time>
      </trkpt>
      <trkpt lat="40.24133314378559589385986328125" lon="9.49169187806546688079833984375">
        <ele>421</ele>
        <time>2026-09-16T09:22:04.000Z</time>
      </trkpt>
      <trkpt lat="40.24144847877323627471923828125" lon="9.49170545674860477447509765625">
        <ele>419.20001220703125</ele>
        <time>2026-09-16T09:22:09.000Z</time>
      </trkpt>
      <trkpt lat="40.24146574549376964569091796875" lon="9.491719119250774383544921875">
        <ele>418.600006103515625</ele>
        <time>2026-09-16T09:22:11.000Z</time>
      </trkpt>
      <trkpt lat="40.24148133583366870880126953125" lon="9.4917301833629608154296875">
        <ele>418.20001220703125</ele>
        <time>2026-09-16T09:22:13.000Z</time>
      </trkpt>
      <trkpt lat="40.241456441581249237060546875" lon="9.4917400740087032318115234375">
        <ele>418.399993896484375</ele>
        <time>2026-09-16T09:22:16.000Z</time>
      </trkpt>
      <trkpt lat="40.2414492331445217132568359375" lon="9.49174066074192523956298828125">
        <ele>418.399993896484375</ele>
        <time>2026-09-16T09:22:17.000Z</time>
      </trkpt>
      <trkpt lat="40.241441689431667327880859375" lon="9.49175289832055568695068359375">
        <ele>418.20001220703125</ele>
        <time>2026-09-16T09:22:18.000Z</time>
      </trkpt>
      <trkpt lat="40.241436995565891265869140625" lon="9.491755329072475433349609375">
        <ele>418.399993896484375</ele>
        <time>2026-09-16T09:22:20.000Z</time>
      </trkpt>
      <trkpt lat="40.24144328199326992034912109375" lon="9.4917585141956806182861328125">
        <ele>418.20001220703125</ele>
        <time>2026-09-16T09:22:21.000Z</time>
      </trkpt>
      <trkpt lat="40.24145543575286865234375" lon="9.49176647700369358062744140625">
        <ele>417.79998779296875</ele>
        <time>2026-09-16T09:22:22.000Z</time>
      </trkpt>
      <trkpt lat="40.2414794079959392547607421875" lon="9.49178173206746578216552734375">
        <ele>417.20001220703125</ele>
        <time>2026-09-16T09:22:23.000Z</time>
      </trkpt>
      <trkpt lat="40.24148703552782535552978515625" lon="9.49180352501571178436279296875">
        <ele>416.600006103515625</ele>
        <time>2026-09-16T09:22:25.000Z</time>
      </trkpt>
      <trkpt lat="40.2414924837648868560791015625" lon="9.49181861244142055511474609375">
        <ele>416.20001220703125</ele>
        <time>2026-09-16T09:22:28.000Z</time>
      </trkpt>
      <trkpt lat="40.241505391895771026611328125" lon="9.49182766489684581756591796875">
        <ele>415.79998779296875</ele>
        <time>2026-09-16T09:22:30.000Z</time>
      </trkpt>
      <trkpt lat="40.24152123369276523590087890625" lon="9.491843841969966888427734375">
        <ele>415.20001220703125</ele>
        <time>2026-09-16T09:22:33.000Z</time>
      </trkpt>
      <trkpt lat="40.24148753844201564788818359375" lon="9.49183948338031768798828125">
        <ele>415.600006103515625</ele>
        <time>2026-09-16T09:22:35.000Z</time>
      </trkpt>
      <trkpt lat="40.24150195531547069549560546875" lon="9.49186488054692745208740234375">
        <ele>414.79998779296875</ele>
        <time>2026-09-16T09:22:41.000Z</time>
      </trkpt>
      <trkpt lat="40.241572447121143341064453125" lon="9.49193336069583892822265625">
        <ele>412.399993896484375</ele>
        <time>2026-09-16T09:22:46.000Z</time>
      </trkpt>
      <trkpt lat="40.24159130640327930450439453125" lon="9.49193545617163181304931640625">
        <ele>412.20001220703125</ele>
        <time>2026-09-16T09:22:47.000Z</time>
      </trkpt>
      <trkpt lat="40.241648219525814056396484375" lon="9.49195054359734058380126953125">
        <ele>411.79998779296875</ele>
        <time>2026-09-16T09:22:56.000Z</time>
      </trkpt>
      <trkpt lat="40.24164008907973766326904296875" lon="9.4919985719025135040283203125">
        <ele>410.20001220703125</ele>
        <time>2026-09-16T09:22:59.000Z</time>
      </trkpt>
      <trkpt lat="40.24162835441529750823974609375" lon="9.49201994575560092926025390625">
        <ele>409.600006103515625</ele>
        <time>2026-09-16T09:23:03.000Z</time>
      </trkpt>
      <trkpt lat="40.24164327420294284820556640625" lon="9.49202229268848896026611328125">
        <ele>409.600006103515625</ele>
        <time>2026-09-16T09:23:07.000Z</time>
      </trkpt>
      <trkpt lat="40.24165836162865161895751953125" lon="9.492007791996002197265625">
        <ele>409.79998779296875</ele>
        <time>2026-09-16T09:23:16.000Z</time>
      </trkpt>
      <trkpt lat="40.241652242839336395263671875" lon="9.4920173473656177520751953125">
        <ele>409.600006103515625</ele>
        <time>2026-09-16T09:23:23.000Z</time>
      </trkpt>
      <trkpt lat="40.2416269294917583465576171875" lon="9.49205179698765277862548828125">
        <ele>408.79998779296875</ele>
        <time>2026-09-16T09:23:28.000Z</time>
      </trkpt>
      <trkpt lat="40.24159516207873821258544921875" lon="9.49208230711519718170166015625">
        <ele>408</ele>
        <time>2026-09-16T09:23:32.000Z</time>
      </trkpt>
      <trkpt lat="40.24158627726137638092041015625" lon="9.4920810498297214508056640625">
        <ele>408</ele>
        <time>2026-09-16T09:23:33.000Z</time>
      </trkpt>
      <trkpt lat="40.2415789850056171417236328125" lon="9.49208180420100688934326171875">
        <ele>408</ele>
        <time>2026-09-16T09:23:34.000Z</time>
      </trkpt>
      <trkpt lat="40.24157320149242877960205078125" lon="9.49208063073456287384033203125">
        <ele>408</ele>
        <time>2026-09-16T09:23:38.000Z</time>
      </trkpt>
      <trkpt lat="40.24157546460628509521484375" lon="9.49208281002938747406005859375">
        <ele>408</ele>
        <time>2026-09-16T09:23:42.000Z</time>
      </trkpt>
      <trkpt lat="40.24157705716788768768310546875" lon="9.49207954108715057373046875">
        <ele>408</ele>
        <time>2026-09-16T09:23:44.000Z</time>
      </trkpt>
      <trkpt lat="40.24157806299626827239990234375" lon="9.4920761883258819580078125">
        <ele>408.20001220703125</ele>
        <time>2026-09-16T09:23:51.000Z</time>
      </trkpt>
      <trkpt lat="40.2415742911398410797119140625" lon="9.49207040481269359588623046875">
        <ele>408.399993896484375</ele>
        <time>2026-09-16T09:24:17.000Z</time>
      </trkpt>
      <trkpt lat="40.2415694296360015869140625" lon="9.49206269346177577972412109375">
        <ele>408.600006103515625</ele>
        <time>2026-09-16T09:24:33.000Z</time>
      </trkpt>
      <trkpt lat="40.241569094359874725341796875" lon="9.4920522160828113555908203125">
        <ele>408.79998779296875</ele>
        <time>2026-09-16T09:24:37.000Z</time>
      </trkpt>
      <trkpt lat="40.24158753454685211181640625" lon="9.4920478574931621551513671875">
        <ele>409</ele>
        <time>2026-09-16T09:25:04.000Z</time>
      </trkpt>
      <trkpt lat="40.24158753454685211181640625" lon="9.49204735457897186279296875">
        <ele>409</ele>
        <time>2026-09-16T09:25:07.000Z</time>
      </trkpt>
      <trkpt lat="40.24158753454685211181640625" lon="9.492046348750591278076171875">
        <ele>409</ele>
        <time>2026-09-16T09:25:10.000Z</time>
      </trkpt>
      <trkpt lat="40.24158753454685211181640625" lon="9.4920448400080204010009765625">
        <ele>409</ele>
        <time>2026-09-16T09:25:13.000Z</time>
      </trkpt>
      <trkpt lat="40.2415706031024456024169921875" lon="9.49203662574291229248046875">
        <ele>409.20001220703125</ele>
        <time>2026-09-16T09:25:24.000Z</time>
      </trkpt>
      <trkpt lat="40.24156917817890644073486328125" lon="9.4920337758958339691162109375">
        <ele>409.399993896484375</ele>
        <time>2026-09-16T09:25:27.000Z</time>
      </trkpt>
      <trkpt lat="40.24156884290277957916259765625" lon="9.492029584944248199462890625">
        <ele>409.399993896484375</ele>
        <time>2026-09-16T09:25:29.000Z</time>
      </trkpt>
      <trkpt lat="40.24156339466571807861328125" lon="9.49203721247613430023193359375">
        <ele>409.20001220703125</ele>
        <time>2026-09-16T09:25:39.000Z</time>
      </trkpt>
      <trkpt lat="40.24156549014151096343994140625" lon="9.49204442091286182403564453125">
        <ele>409</ele>
        <time>2026-09-16T09:25:43.000Z</time>
      </trkpt>
      <trkpt lat="40.24156984873116016387939453125" lon="9.49203888885676860809326171875">
        <ele>409.20001220703125</ele>
        <time>2026-09-16T09:25:46.000Z</time>
      </trkpt>
      <trkpt lat="40.24157370440661907196044921875" lon="9.49199614115059375762939453125">
        <ele>410.399993896484375</ele>
        <time>2026-09-16T09:25:51.000Z</time>
      </trkpt>
      <trkpt lat="40.24157655425369739532470703125" lon="9.4919670559465885162353515625">
        <ele>411.20001220703125</ele>
        <time>2026-09-16T09:25:57.000Z</time>
      </trkpt>
      <trkpt lat="40.24157035164535045623779296875" lon="9.49195339344441890716552734375">
        <ele>411.600006103515625</ele>
        <time>2026-09-16T09:26:02.000Z</time>
      </trkpt>
      <trkpt lat="40.24156984873116016387939453125" lon="9.49195339344441890716552734375">
        <ele>411.600006103515625</ele>
        <time>2026-09-16T09:26:03.000Z</time>
      </trkpt>
      <trkpt lat="40.24164578877389430999755859375" lon="9.4921601749956607818603515625">
        <ele>405.600006103515625</ele>
        <time>2026-09-16T09:30:51.000Z</time>
      </trkpt>
      <trkpt lat="40.2416560985147953033447265625" lon="9.4921631924808025360107421875">
        <ele>405.399993896484375</ele>
        <time>2026-09-16T09:30:52.000Z</time>
      </trkpt>
      <trkpt lat="40.241679064929485321044921875" lon="9.49218951165676116943359375">
        <ele>404.600006103515625</ele>
        <time>2026-09-16T09:30:55.000Z</time>
      </trkpt>
      <trkpt lat="40.24170261807739734649658203125" lon="9.49221055023372173309326171875">
        <ele>403.79998779296875</ele>
        <time>2026-09-16T09:31:01.000Z</time>
      </trkpt>
      <trkpt lat="40.24173371493816375732421875" lon="9.49219613336026668548583984375">
        <ele>404.20001220703125</ele>
        <time>2026-09-16T09:31:06.000Z</time>
      </trkpt>
      <trkpt lat="40.241758860647678375244140625" lon="9.4922168366611003875732421875">
        <ele>403.600006103515625</ele>
        <time>2026-09-16T09:31:10.000Z</time>
      </trkpt>
      <trkpt lat="40.2417855150997638702392578125" lon="9.49222379364073276519775390625">
        <ele>403.20001220703125</ele>
        <time>2026-09-16T09:31:13.000Z</time>
      </trkpt>
      <trkpt lat="40.24180605076253414154052734375" lon="9.49222966097295284271240234375">
        <ele>402.79998779296875</ele>
        <time>2026-09-16T09:31:15.000Z</time>
      </trkpt>
      <trkpt lat="40.24184863083064556121826171875" lon="9.4922463409602642059326171875">
        <ele>401.79998779296875</ele>
        <time>2026-09-16T09:31:20.000Z</time>
      </trkpt>
      <trkpt lat="40.2418750338256359100341796875" lon="9.49223686940968036651611328125">
        <ele>402.20001220703125</ele>
        <time>2026-09-16T09:31:22.000Z</time>
      </trkpt>
      <trkpt lat="40.24190931580960750579833984375" lon="9.492247514426708221435546875">
        <ele>401.399993896484375</ele>
        <time>2026-09-16T09:31:25.000Z</time>
      </trkpt>
      <trkpt lat="40.24193479679524898529052734375" lon="9.49225111864507198333740234375">
        <ele>400.79998779296875</ele>
        <time>2026-09-16T09:31:29.000Z</time>
      </trkpt>
      <trkpt lat="40.241938568651676177978515625" lon="9.492256902158260345458984375">
        <ele>400.600006103515625</ele>
        <time>2026-09-16T09:31:34.000Z</time>
      </trkpt>
      <trkpt lat="40.24193647317588329315185546875" lon="9.4922570697963237762451171875">
        <ele>400.600006103515625</ele>
        <time>2026-09-16T09:31:40.000Z</time>
      </trkpt>
      <trkpt lat="40.24199363775551319122314453125" lon="9.49225413613021373748779296875">
        <ele>400</ele>
        <time>2026-09-16T09:31:50.000Z</time>
      </trkpt>
      <trkpt lat="40.24207259528338909149169921875" lon="9.49221507646143436431884765625">
        <ele>400.20001220703125</ele>
        <time>2026-09-16T09:31:56.000Z</time>
      </trkpt>
      <trkpt lat="40.2421268261969089508056640625" lon="9.4921715743839740753173828125">
        <ele>400.600006103515625</ele>
        <time>2026-09-16T09:32:02.000Z</time>
      </trkpt>
      <trkpt lat="40.242134369909763336181640625" lon="9.4921698980033397674560546875">
        <ele>400.399993896484375</ele>
        <time>2026-09-16T09:32:03.000Z</time>
      </trkpt>
      <trkpt lat="40.24218742735683917999267578125" lon="9.492148272693157196044921875">
        <ele>398.79998779296875</ele>
        <time>2026-09-16T09:32:09.000Z</time>
      </trkpt>
      <trkpt lat="40.2422129921615123748779296875" lon="9.49214131571352481842041015625">
        <ele>397.79998779296875</ele>
        <time>2026-09-16T09:32:15.000Z</time>
      </trkpt>
      <trkpt lat="40.2422220446169376373291015625" lon="9.4921511225402355194091796875">
        <ele>397.20001220703125</ele>
        <time>2026-09-16T09:32:18.000Z</time>
      </trkpt>
      <trkpt lat="40.24222464300692081451416015625" lon="9.49215405620634555816650390625">
        <ele>397</ele>
        <time>2026-09-16T09:32:19.000Z</time>
      </trkpt>
      <trkpt lat="40.24222615174949169158935546875" lon="9.49215908534824848175048828125">
        <ele>396.79998779296875</ele>
        <time>2026-09-16T09:32:20.000Z</time>
      </trkpt>
      <trkpt lat="40.24224199354648590087890625" lon="9.4921926967799663543701171875">
        <ele>395.399993896484375</ele>
        <time>2026-09-16T09:32:27.000Z</time>
      </trkpt>
      <trkpt lat="40.24222933687269687652587890625" lon="9.49224592186510562896728515625">
        <ele>395.20001220703125</ele>
        <time>2026-09-16T09:32:33.000Z</time>
      </trkpt>
      <trkpt lat="40.24227208457887172698974609375" lon="9.49229353107511997222900390625">
        <ele>392.79998779296875</ele>
        <time>2026-09-16T09:32:39.000Z</time>
      </trkpt>
      <trkpt lat="40.242283903062343597412109375" lon="9.4923175871372222900390625">
        <ele>392</ele>
        <time>2026-09-16T09:32:41.000Z</time>
      </trkpt>
      <trkpt lat="40.24232740513980388641357421875" lon="9.49235740117728710174560546875">
        <ele>389.79998779296875</ele>
        <time>2026-09-16T09:32:47.000Z</time>
      </trkpt>
      <trkpt lat="40.24235892109572887420654296875" lon="9.49239335954189300537109375">
        <ele>388</ele>
        <time>2026-09-16T09:32:53.000Z</time>
      </trkpt>
      <trkpt lat="40.24235774762928485870361328125" lon="9.49240542948246002197265625">
        <ele>388</ele>
        <time>2026-09-16T09:32:59.000Z</time>
      </trkpt>
      <trkpt lat="40.24238557554781436920166015625" lon="9.4924716465175151824951171875">
        <ele>385.600006103515625</ele>
        <time>2026-09-16T09:33:07.000Z</time>
      </trkpt>
      <trkpt lat="40.24238557554781436920166015625" lon="9.49247390963137149810791015625">
        <ele>385.600006103515625</ele>
        <time>2026-09-16T09:33:11.000Z</time>
      </trkpt>
      <trkpt lat="40.24238255806267261505126953125" lon="9.49247508309781551361083984375">
        <ele>385.600006103515625</ele>
        <time>2026-09-16T09:33:13.000Z</time>
      </trkpt>
      <trkpt lat="40.24239446036517620086669921875" lon="9.4924840517342090606689453125">
        <ele>385</ele>
        <time>2026-09-16T09:33:20.000Z</time>
      </trkpt>
      <trkpt lat="40.24238624610006809234619140625" lon="9.49251112528145313262939453125">
        <ele>383.79998779296875</ele>
        <time>2026-09-16T09:33:27.000Z</time>
      </trkpt>
      <trkpt lat="40.24241491220891475677490234375" lon="9.4925853051245212554931640625">
        <ele>379.399993896484375</ele>
        <time>2026-09-16T09:33:35.000Z</time>
      </trkpt>
      <trkpt lat="40.2423729188740253448486328125" lon="9.492589496076107025146484375">
        <ele>379.79998779296875</ele>
        <time>2026-09-16T09:33:41.000Z</time>
      </trkpt>
      <trkpt lat="40.242289602756500244140625" lon="9.4925697147846221923828125">
        <ele>382.20001220703125</ele>
        <time>2026-09-16T09:33:50.000Z</time>
      </trkpt>
      <trkpt lat="40.24225163273513317108154296875" lon="9.49257683940231800079345703125">
        <ele>382.20001220703125</ele>
        <time>2026-09-16T09:33:56.000Z</time>
      </trkpt>
      <trkpt lat="40.2422217093408107757568359375" lon="9.49256376363337039947509765625">
        <ele>383.399993896484375</ele>
        <time>2026-09-16T09:34:00.000Z</time>
      </trkpt>
      <trkpt lat="40.24220536462962627410888671875" lon="9.492566026747226715087890625">
        <ele>383.20001220703125</ele>
        <time>2026-09-16T09:34:02.000Z</time>
      </trkpt>
      <trkpt lat="40.24214618839323520660400390625" lon="9.49260148219764232635498046875">
        <ele>380.600006103515625</ele>
        <time>2026-09-16T09:34:07.000Z</time>
      </trkpt>
      <trkpt lat="40.24212204851210117340087890625" lon="9.4926077686250209808349609375">
        <ele>380.20001220703125</ele>
        <time>2026-09-16T09:34:08.000Z</time>
      </trkpt>
      <trkpt lat="40.24206362664699554443359375" lon="9.4926298968493938446044921875">
        <ele>379.20001220703125</ele>
        <time>2026-09-16T09:34:11.000Z</time>
      </trkpt>
      <trkpt lat="40.24204359389841556549072265625" lon="9.49263333342969417572021484375">
        <ele>379</ele>
        <time>2026-09-16T09:34:13.000Z</time>
      </trkpt>
      <trkpt lat="40.24203353561460971832275390625" lon="9.49263450689613819122314453125">
        <ele>379</ele>
        <time>2026-09-16T09:34:14.000Z</time>
      </trkpt>
      <trkpt lat="40.24200260639190673828125" lon="9.492655210196971893310546875">
        <ele>377.79998779296875</ele>
        <time>2026-09-16T09:34:17.000Z</time>
      </trkpt>
      <trkpt lat="40.24197109043598175048828125" lon="9.492678008973598480224609375">
        <ele>376.399993896484375</ele>
        <time>2026-09-16T09:34:19.000Z</time>
      </trkpt>
      <trkpt lat="40.2419119141995906829833984375" lon="9.4926905818283557891845703125">
        <ele>375.79998779296875</ele>
        <time>2026-09-16T09:34:22.000Z</time>
      </trkpt>
      <trkpt lat="40.2418917976319789886474609375" lon="9.492694102227687835693359375">
        <ele>375.79998779296875</ele>
        <time>2026-09-16T09:34:24.000Z</time>
      </trkpt>
      <trkpt lat="40.24188668467104434967041015625" lon="9.49269485659897327423095703125">
        <ele>375.79998779296875</ele>
        <time>2026-09-16T09:34:25.000Z</time>
      </trkpt>
      <trkpt lat="40.24186908267438411712646484375" lon="9.49269988574087619781494140625">
        <ele>375.600006103515625</ele>
        <time>2026-09-16T09:34:28.000Z</time>
      </trkpt>
      <trkpt lat="40.24182247929275035858154296875" lon="9.492690749466419219970703125">
        <ele>376.79998779296875</ele>
        <time>2026-09-16T09:34:33.000Z</time>
      </trkpt>
      <trkpt lat="40.241810493171215057373046875" lon="9.49269703589379787445068359375">
        <ele>376.600006103515625</ele>
        <time>2026-09-16T09:34:34.000Z</time>
      </trkpt>
      <trkpt lat="40.24176397360861301422119140625" lon="9.4927009753882884979248046875">
        <ele>378</ele>
        <time>2026-09-16T09:34:38.000Z</time>
      </trkpt>
      <trkpt lat="40.24173849262297153472900390625" lon="9.4926929287612438201904296875">
        <ele>379.600006103515625</ele>
        <time>2026-09-16T09:34:40.000Z</time>
      </trkpt>
      <trkpt lat="40.2415930666029453277587890625" lon="9.492732323706150054931640625">
        <ele>384.79998779296875</ele>
        <time>2026-09-16T09:34:48.000Z</time>
      </trkpt>
      <trkpt lat="40.2414428628981113433837890625" lon="9.4927599839866161346435546875">
        <ele>378.20001220703125</ele>
        <time>2026-09-16T09:34:55.000Z</time>
      </trkpt>
      <trkpt lat="40.24134454317390918731689453125" lon="9.49281555600464344024658203125">
        <ele>368.79998779296875</ele>
        <time>2026-09-16T09:35:02.000Z</time>
      </trkpt>
      <trkpt lat="40.241273380815982818603515625" lon="9.4928220100700855255126953125">
        <ele>367.79998779296875</ele>
        <time>2026-09-16T09:35:08.000Z</time>
      </trkpt>
      <trkpt lat="40.241199620068073272705078125" lon="9.49283936060965061187744140625">
        <ele>365.399993896484375</ele>
        <time>2026-09-16T09:35:14.000Z</time>
      </trkpt>
      <trkpt lat="40.2411521784961223602294921875" lon="9.4928501732647418975830078125">
        <ele>364</ele>
        <time>2026-09-16T09:35:17.000Z</time>
      </trkpt>
      <trkpt lat="40.24109208025038242340087890625" lon="9.49288043193519115447998046875">
        <ele>362</ele>
        <time>2026-09-16T09:35:24.000Z</time>
      </trkpt>
      <trkpt lat="40.24106089957058429718017578125" lon="9.492903314530849456787109375">
        <ele>361</ele>
        <time>2026-09-16T09:35:29.000Z</time>
      </trkpt>
      <trkpt lat="40.2410475723445415496826171875" lon="9.4929021410644054412841796875">
        <ele>361.20001220703125</ele>
        <time>2026-09-16T09:35:31.000Z</time>
      </trkpt>
      <trkpt lat="40.241042040288448333740234375" lon="9.492905326187610626220703125">
        <ele>361</ele>
        <time>2026-09-16T09:35:32.000Z</time>
      </trkpt>
      <trkpt lat="40.24101220071315765380859375" lon="9.4929130375385284423828125">
        <ele>360.79998779296875</ele>
        <time>2026-09-16T09:35:37.000Z</time>
      </trkpt>
      <trkpt lat="40.24098537862300872802734375" lon="9.49293659068644046783447265625">
        <ele>359.600006103515625</ele>
        <time>2026-09-16T09:35:43.000Z</time>
      </trkpt>
      <trkpt lat="40.240950174629688262939453125" lon="9.49296777136623859405517578125">
        <ele>357.79998779296875</ele>
        <time>2026-09-16T09:35:47.000Z</time>
      </trkpt>
      <trkpt lat="40.24095461703836917877197265625" lon="9.49298721738159656524658203125">
        <ele>356.600006103515625</ele>
        <time>2026-09-16T09:35:48.000Z</time>
      </trkpt>
      <trkpt lat="40.24094405584037303924560546875" lon="9.49299962259829044342041015625">
        <ele>355.79998779296875</ele>
        <time>2026-09-16T09:35:49.000Z</time>
      </trkpt>
      <trkpt lat="40.24088655598461627960205078125" lon="9.4930369220674037933349609375">
        <ele>353.600006103515625</ele>
        <time>2026-09-16T09:35:54.000Z</time>
      </trkpt>
      <trkpt lat="40.24082955904304981231689453125" lon="9.4930533505976200103759765625">
        <ele>352.79998779296875</ele>
        <time>2026-09-16T09:36:00.000Z</time>
      </trkpt>
      <trkpt lat="40.24081145413219928741455078125" lon="9.49304823763668537139892578125">
        <ele>353.20001220703125</ele>
        <time>2026-09-16T09:36:02.000Z</time>
      </trkpt>
      <trkpt lat="40.2407190017402172088623046875" lon="9.49307539500296115875244140625">
        <ele>352.20001220703125</ele>
        <time>2026-09-16T09:36:11.000Z</time>
      </trkpt>
      <trkpt lat="40.24071908555924892425537109375" lon="9.493072293698787689208984375">
        <ele>352.399993896484375</ele>
        <time>2026-09-16T09:36:19.000Z</time>
      </trkpt>
      <trkpt lat="40.2407173253595829010009765625" lon="9.49307288043200969696044921875">
        <ele>352.20001220703125</ele>
        <time>2026-09-16T09:36:22.000Z</time>
      </trkpt>
      <trkpt lat="40.2407030761241912841796875" lon="9.49307472445070743560791015625">
        <ele>352.399993896484375</ele>
        <time>2026-09-16T09:36:26.000Z</time>
      </trkpt>
      <trkpt lat="40.2406898327171802520751953125" lon="9.49307866394519805908203125">
        <ele>352.20001220703125</ele>
        <time>2026-09-16T09:36:29.000Z</time>
      </trkpt>
      <trkpt lat="40.2406888268887996673583984375" lon="9.493080675601959228515625">
        <ele>352.20001220703125</ele>
        <time>2026-09-16T09:36:30.000Z</time>
      </trkpt>
      <trkpt lat="40.24066376499831676483154296875" lon="9.493106491863727569580078125">
        <ele>350.79998779296875</ele>
        <time>2026-09-16T09:36:35.000Z</time>
      </trkpt>
      <trkpt lat="40.2406365238130092620849609375" lon="9.493134319782257080078125">
        <ele>349.399993896484375</ele>
        <time>2026-09-16T09:36:38.000Z</time>
      </trkpt>
      <trkpt lat="40.240551531314849853515625" lon="9.49314965866506099700927734375">
        <ele>349.399993896484375</ele>
        <time>2026-09-16T09:36:44.000Z</time>
      </trkpt>
      <trkpt lat="40.24046109057962894439697265625" lon="9.49318435974419116973876953125">
        <ele>348</ele>
        <time>2026-09-16T09:36:51.000Z</time>
      </trkpt>
      <trkpt lat="40.24034542031586170196533203125" lon="9.493215791881084442138671875">
        <ele>346</ele>
        <time>2026-09-16T09:37:00.000Z</time>
      </trkpt>
      <trkpt lat="40.24022405035793781280517578125" lon="9.493267424404621124267578125">
        <ele>342.20001220703125</ele>
        <time>2026-09-16T09:37:08.000Z</time>
      </trkpt>
      <trkpt lat="40.2401530556380748748779296875" lon="9.49327287264168262481689453125">
        <ele>341.399993896484375</ele>
        <time>2026-09-16T09:37:13.000Z</time>
      </trkpt>
      <trkpt lat="40.24011307395994663238525390625" lon="9.493296928703784942626953125">
        <ele>340.79998779296875</ele>
        <time>2026-09-16T09:37:17.000Z</time>
      </trkpt>
      <trkpt lat="40.24010200984776020050048828125" lon="9.49330665171146392822265625">
        <ele>340.600006103515625</ele>
        <time>2026-09-16T09:37:18.000Z</time>
      </trkpt>
      <trkpt lat="40.239989943802356719970703125" lon="9.49335149489343166351318359375">
        <ele>340.20001220703125</ele>
        <time>2026-09-16T09:37:26.000Z</time>
      </trkpt>
      <trkpt lat="40.2399334497749805450439453125" lon="9.493384771049022674560546875">
        <ele>339</ele>
        <time>2026-09-16T09:37:34.000Z</time>
      </trkpt>
      <trkpt lat="40.2398995868861675262451171875" lon="9.4933909736573696136474609375">
        <ele>339</ele>
        <time>2026-09-16T09:37:37.000Z</time>
      </trkpt>
      <trkpt lat="40.239853821694850921630859375" lon="9.493398852646350860595703125">
        <ele>338.79998779296875</ele>
        <time>2026-09-16T09:37:41.000Z</time>
      </trkpt>
      <trkpt lat="40.23973756469786167144775390625" lon="9.4934389181435108184814453125">
        <ele>337.399993896484375</ele>
        <time>2026-09-16T09:37:50.000Z</time>
      </trkpt>
      <trkpt lat="40.2396293543279170989990234375" lon="9.4934628903865814208984375">
        <ele>335.79998779296875</ele>
        <time>2026-09-16T09:37:59.000Z</time>
      </trkpt>
      <trkpt lat="40.23956305347383022308349609375" lon="9.49345425702631473541259765625">
        <ele>335.79998779296875</ele>
        <time>2026-09-16T09:38:04.000Z</time>
      </trkpt>
      <trkpt lat="40.23952701129019260406494140625" lon="9.49346599169075489044189453125">
        <ele>334.79998779296875</ele>
        <time>2026-09-16T09:38:07.000Z</time>
      </trkpt>
      <trkpt lat="40.2394322119653224945068359375" lon="9.49352282099425792694091796875">
        <ele>332.20001220703125</ele>
        <time>2026-09-16T09:38:15.000Z</time>
      </trkpt>
      <trkpt lat="40.23936792276799678802490234375" lon="9.49355115182697772979736328125">
        <ele>331</ele>
        <time>2026-09-16T09:38:21.000Z</time>
      </trkpt>
      <trkpt lat="40.2393500693142414093017578125" lon="9.493557102978229522705078125">
        <ele>330.600006103515625</ele>
        <time>2026-09-16T09:38:22.000Z</time>
      </trkpt>
      <trkpt lat="40.23921788670122623443603515625" lon="9.49364000000059604644775390625">
        <ele>329</ele>
        <time>2026-09-16T09:38:32.000Z</time>
      </trkpt>
      <trkpt lat="40.239167176187038421630859375" lon="9.49376489035785198211669921875">
        <ele>326.79998779296875</ele>
        <time>2026-09-16T09:38:40.000Z</time>
      </trkpt>
      <trkpt lat="40.2391549386084079742431640625" lon="9.49377737939357757568359375">
        <ele>326.79998779296875</ele>
        <time>2026-09-16T09:38:43.000Z</time>
      </trkpt>
      <trkpt lat="40.239147730171680450439453125" lon="9.4937901198863983154296875">
        <ele>326.600006103515625</ele>
        <time>2026-09-16T09:38:45.000Z</time>
      </trkpt>
      <trkpt lat="40.23909819312393665313720703125" lon="9.4938456080853939056396484375">
        <ele>325.79998779296875</ele>
        <time>2026-09-16T09:38:52.000Z</time>
      </trkpt>
      <trkpt lat="40.239019654691219329833984375" lon="9.493931941688060760498046875">
        <ele>324.20001220703125</ele>
        <time>2026-09-16T09:39:00.000Z</time>
      </trkpt>
      <trkpt lat="40.23893893696367740631103515625" lon="9.49396437965333461761474609375">
        <ele>323.79998779296875</ele>
        <time>2026-09-16T09:39:08.000Z</time>
      </trkpt>
      <trkpt lat="40.23887590505182743072509765625" lon="9.493999667465686798095703125">
        <ele>323</ele>
        <time>2026-09-16T09:39:15.000Z</time>
      </trkpt>
      <trkpt lat="40.2388132922351360321044921875" lon="9.494017101824283599853515625">
        <ele>322.399993896484375</ele>
        <time>2026-09-16T09:39:20.000Z</time>
      </trkpt>
      <trkpt lat="40.2387931756675243377685546875" lon="9.494021795690059661865234375">
        <ele>322.600006103515625</ele>
        <time>2026-09-16T09:39:22.000Z</time>
      </trkpt>
      <trkpt lat="40.2387370169162750244140625" lon="9.494062028825283050537109375">
        <ele>322.20001220703125</ele>
        <time>2026-09-16T09:39:29.000Z</time>
      </trkpt>
      <trkpt lat="40.23866392672061920166015625" lon="9.494102261960506439208984375">
        <ele>321.600006103515625</ele>
        <time>2026-09-16T09:39:35.000Z</time>
      </trkpt>
      <trkpt lat="40.23861958645284175872802734375" lon="9.494121037423610687255859375">
        <ele>321.600006103515625</ele>
        <time>2026-09-16T09:39:40.000Z</time>
      </trkpt>
      <trkpt lat="40.23860500194132328033447265625" lon="9.49413570575416088104248046875">
        <ele>321.20001220703125</ele>
        <time>2026-09-16T09:39:42.000Z</time>
      </trkpt>
      <trkpt lat="40.2385906688868999481201171875" lon="9.4941602647304534912109375">
        <ele>320.20001220703125</ele>
        <time>2026-09-16T09:39:45.000Z</time>
      </trkpt>
      <trkpt lat="40.23858857341110706329345703125" lon="9.49421080760657787322998046875">
        <ele>318</ele>
        <time>2026-09-16T09:39:49.000Z</time>
      </trkpt>
      <trkpt lat="40.238592512905597686767578125" lon="9.49423042125999927520751953125">
        <ele>317.20001220703125</ele>
        <time>2026-09-16T09:39:50.000Z</time>
      </trkpt>
      <trkpt lat="40.23857667110860347747802734375" lon="9.49434676207602024078369140625">
        <ele>313.79998779296875</ele>
        <time>2026-09-16T09:39:57.000Z</time>
      </trkpt>
      <trkpt lat="40.2385477535426616668701171875" lon="9.49446712620556354522705078125">
        <ele>311.20001220703125</ele>
        <time>2026-09-16T09:40:04.000Z</time>
      </trkpt>
      <trkpt lat="40.23852906189858913421630859375" lon="9.49454558081924915313720703125">
        <ele>310.399993896484375</ele>
        <time>2026-09-16T09:40:11.000Z</time>
      </trkpt>
      <trkpt lat="40.238531492650508880615234375" lon="9.49455362744629383087158203125">
        <ele>310</ele>
        <time>2026-09-16T09:40:12.000Z</time>
      </trkpt>
      <trkpt lat="40.2385340072214603424072265625" lon="9.4945989735424518585205078125">
        <ele>309</ele>
        <time>2026-09-16T09:40:15.000Z</time>
      </trkpt>
      <trkpt lat="40.23853140883147716522216796875" lon="9.4946187548339366912841796875">
        <ele>308.600006103515625</ele>
        <time>2026-09-16T09:40:19.000Z</time>
      </trkpt>
      <trkpt lat="40.23853409104049205780029296875" lon="9.49460609816014766693115234375">
        <ele>308.79998779296875</ele>
        <time>2026-09-16T09:40:25.000Z</time>
      </trkpt>
      <trkpt lat="40.23852939717471599578857421875" lon="9.49462118558585643768310546875">
        <ele>308.79998779296875</ele>
        <time>2026-09-16T09:40:31.000Z</time>
      </trkpt>
      <trkpt lat="40.2385293133556842803955078125" lon="9.494620598852634429931640625">
        <ele>308.79998779296875</ele>
        <time>2026-09-16T09:40:37.000Z</time>
      </trkpt>
      <trkpt lat="40.2385293133556842803955078125" lon="9.494620598852634429931640625">
        <ele>308.79998779296875</ele>
        <time>2026-09-16T09:40:39.000Z</time>
      </trkpt>
      <trkpt lat="40.2385293133556842803955078125" lon="9.494620598852634429931640625">
        <ele>308.79998779296875</ele>
        <time>2026-09-16T09:40:42.000Z</time>
      </trkpt>
      <trkpt lat="40.23856334388256072998046875" lon="9.494613893330097198486328125">
        <ele>307.600006103515625</ele>
        <time>2026-09-16T09:40:55.000Z</time>
      </trkpt>
      <trkpt lat="40.23857784457504749298095703125" lon="9.494673907756805419921875">
        <ele>305.79998779296875</ele>
        <time>2026-09-16T09:41:01.000Z</time>
      </trkpt>
      <trkpt lat="40.2385752461850643157958984375" lon="9.49478262104094028472900390625">
        <ele>302.600006103515625</ele>
        <time>2026-09-16T09:41:07.000Z</time>
      </trkpt>
      <trkpt lat="40.23857616819441318511962890625" lon="9.4949248619377613067626953125">
        <ele>298</ele>
        <time>2026-09-16T09:41:15.000Z</time>
      </trkpt>
      <trkpt lat="40.23858270607888698577880859375" lon="9.49496936984360218048095703125">
        <ele>296.399993896484375</ele>
        <time>2026-09-16T09:41:18.000Z</time>
      </trkpt>
      <trkpt lat="40.2385775931179523468017578125" lon="9.4949878938496112823486328125">
        <ele>296</ele>
        <time>2026-09-16T09:41:19.000Z</time>
      </trkpt>
      <trkpt lat="40.238583125174045562744140625" lon="9.49502058327198028564453125">
        <ele>295</ele>
        <time>2026-09-16T09:41:21.000Z</time>
      </trkpt>
      <trkpt lat="40.23859628476202487945556640625" lon="9.4950472377240657806396484375">
        <ele>293.79998779296875</ele>
        <time>2026-09-16T09:41:23.000Z</time>
      </trkpt>
      <trkpt lat="40.23860760033130645751953125" lon="9.49507749639451503753662109375">
        <ele>292.79998779296875</ele>
        <time>2026-09-16T09:41:25.000Z</time>
      </trkpt>
      <trkpt lat="40.23861229419708251953125" lon="9.49509375728666782379150390625">
        <ele>292</ele>
        <time>2026-09-16T09:41:26.000Z</time>
      </trkpt>
      <trkpt lat="40.23860198445618152618408203125" lon="9.4951541908085346221923828125">
        <ele>290.399993896484375</ele>
        <time>2026-09-16T09:41:30.000Z</time>
      </trkpt>
      <trkpt lat="40.23858840577304363250732421875" lon="9.49518059380352497100830078125">
        <ele>289.79998779296875</ele>
        <time>2026-09-16T09:41:32.000Z</time>
      </trkpt>
      <trkpt lat="40.23859058506786823272705078125" lon="9.49519358575344085693359375">
        <ele>289.399993896484375</ele>
        <time>2026-09-16T09:41:33.000Z</time>
      </trkpt>
      <trkpt lat="40.238580442965030670166015625" lon="9.4952245987951755523681640625">
        <ele>288.600006103515625</ele>
        <time>2026-09-16T09:41:35.000Z</time>
      </trkpt>
      <trkpt lat="40.238561332225799560546875" lon="9.495241530239582061767578125">
        <ele>288.600006103515625</ele>
        <time>2026-09-16T09:41:37.000Z</time>
      </trkpt>
      <trkpt lat="40.23852839134633541107177734375" lon="9.49528033845126628875732421875">
        <ele>289.20001220703125</ele>
        <time>2026-09-16T09:41:42.000Z</time>
      </trkpt>
      <trkpt lat="40.23853073827922344207763671875" lon="9.4952913187444210052490234375">
        <ele>288.600006103515625</ele>
        <time>2026-09-16T09:41:44.000Z</time>
      </trkpt>
      <trkpt lat="40.2385303191840648651123046875" lon="9.49529291130602359771728515625">
        <ele>288.600006103515625</ele>
        <time>2026-09-16T09:41:45.000Z</time>
      </trkpt>
      <trkpt lat="40.23853090591728687286376953125" lon="9.49530716054141521453857421875">
        <ele>288.20001220703125</ele>
        <time>2026-09-16T09:41:47.000Z</time>
      </trkpt>
      <trkpt lat="40.23854113183915615081787109375" lon="9.4953181408345699310302734375">
        <ele>286.79998779296875</ele>
        <time>2026-09-16T09:41:48.000Z</time>
      </trkpt>
      <trkpt lat="40.23852202109992504119873046875" lon="9.49534907005727291107177734375">
        <ele>288.399993896484375</ele>
        <time>2026-09-16T09:41:50.000Z</time>
      </trkpt>
      <trkpt lat="40.23851263336837291717529296875" lon="9.49535979889333248138427734375">
        <ele>289.20001220703125</ele>
        <time>2026-09-16T09:41:51.000Z</time>
      </trkpt>
      <trkpt lat="40.2384666167199611663818359375" lon="9.4953672587871551513671875">
        <ele>295</ele>
        <time>2026-09-16T09:41:54.000Z</time>
      </trkpt>
      <trkpt lat="40.238465778529644012451171875" lon="9.4953774847090244293212890625">
        <ele>294.79998779296875</ele>
        <time>2026-09-16T09:41:55.000Z</time>
      </trkpt>
      <trkpt lat="40.23848296143114566802978515625" lon="9.49538595043122768402099609375">
        <ele>292.399993896484375</ele>
        <time>2026-09-16T09:41:58.000Z</time>
      </trkpt>
      <trkpt lat="40.2384166605770587921142578125" lon="9.4954209029674530029296875">
        <ele>300.20001220703125</ele>
        <time>2026-09-16T09:42:02.000Z</time>
      </trkpt>
      <trkpt lat="40.23843082599341869354248046875" lon="9.4954209029674530029296875">
        <ele>298.399993896484375</ele>
        <time>2026-09-16T09:42:05.000Z</time>
      </trkpt>
      <trkpt lat="40.23846535943448543548583984375" lon="9.49538477696478366851806640625">
        <ele>294.79998779296875</ele>
        <time>2026-09-16T09:42:12.000Z</time>
      </trkpt>
      <trkpt lat="40.2384019084274768829345703125" lon="9.4953486509621143341064453125">
        <ele>303.79998779296875</ele>
        <time>2026-09-16T09:42:16.000Z</time>
      </trkpt>
      <trkpt lat="40.2383556403219699859619140625" lon="9.495414532721042633056640625">
        <ele>309.399993896484375</ele>
        <time>2026-09-16T09:42:20.000Z</time>
      </trkpt>
      <trkpt lat="40.23834072053432464599609375" lon="9.49545334093272686004638671875">
        <ele>312</ele>
        <time>2026-09-16T09:42:24.000Z</time>
      </trkpt>
      <trkpt lat="40.23839998058974742889404296875" lon="9.4954545982182025909423828125">
        <ele>302.600006103515625</ele>
        <time>2026-09-16T09:42:28.000Z</time>
      </trkpt>
      <trkpt lat="40.2385457418859004974365234375" lon="9.49541218578815460205078125">
        <ele>284.399993896484375</ele>
        <time>2026-09-16T09:42:35.000Z</time>
      </trkpt>
      <trkpt lat="40.23871212266385555267333984375" lon="9.495338760316371917724609375">
        <ele>282</ele>
        <time>2026-09-16T09:42:46.000Z</time>
      </trkpt>
      <trkpt lat="40.23880868218839168548583984375" lon="9.49523289687931537628173828125">
        <ele>282.20001220703125</ele>
        <time>2026-09-16T09:42:54.000Z</time>
      </trkpt>
      <trkpt lat="40.23885863833129405975341796875" lon="9.495158381760120391845703125">
        <ele>282.600006103515625</ele>
        <time>2026-09-16T09:43:02.000Z</time>
      </trkpt>
      <trkpt lat="40.23885034024715423583984375" lon="9.495140612125396728515625">
        <ele>283.20001220703125</ele>
        <time>2026-09-16T09:43:09.000Z</time>
      </trkpt>
      <trkpt lat="40.238880850374698638916015625" lon="9.4950576312839984893798828125">
        <ele>284.399993896484375</ele>
        <time>2026-09-16T09:43:14.000Z</time>
      </trkpt>
      <trkpt lat="40.2389296330511569976806640625" lon="9.4949788413941860198974609375">
        <ele>286.399993896484375</ele>
        <time>2026-09-16T09:43:22.000Z</time>
      </trkpt>
      <trkpt lat="40.23892921395599842071533203125" lon="9.49496601708233356475830078125">
        <ele>287</ele>
        <time>2026-09-16T09:43:23.000Z</time>
      </trkpt>
      <trkpt lat="40.23894899524748325347900390625" lon="9.49494154192507266998291015625">
        <ele>287.600006103515625</ele>
        <time>2026-09-16T09:43:26.000Z</time>
      </trkpt>
      <trkpt lat="40.23902812041342258453369140625" lon="9.4949718005955219268798828125">
        <ele>285.600006103515625</ele>
        <time>2026-09-16T09:43:31.000Z</time>
      </trkpt>
      <trkpt lat="40.23913021199405193328857421875" lon="9.49501681141555309295654296875">
        <ele>283.20001220703125</ele>
        <time>2026-09-16T09:43:39.000Z</time>
      </trkpt>
      <trkpt lat="40.239209420979022979736328125" lon="9.49506006203591823577880859375">
        <ele>281.20001220703125</ele>
        <time>2026-09-16T09:43:47.000Z</time>
      </trkpt>
      <trkpt lat="40.23923096247017383575439453125" lon="9.49507414363324642181396484375">
        <ele>280.600006103515625</ele>
        <time>2026-09-16T09:43:49.000Z</time>
      </trkpt>
      <trkpt lat="40.2393048070371150970458984375" lon="9.4951535202562808990478515625">
        <ele>277.20001220703125</ele>
        <time>2026-09-16T09:43:56.000Z</time>
      </trkpt>
      <trkpt lat="40.23931302130222320556640625" lon="9.495163075625896453857421875">
        <ele>276.79998779296875</ele>
        <time>2026-09-16T09:43:57.000Z</time>
      </trkpt>
      <trkpt lat="40.239343531429767608642578125" lon="9.49517271481454372406005859375">
        <ele>276.20001220703125</ele>
        <time>2026-09-16T09:44:02.000Z</time>
      </trkpt>
      <trkpt lat="40.23937077261507511138916015625" lon="9.49517154134809970855712890625">
        <ele>276.20001220703125</ele>
        <time>2026-09-16T09:44:06.000Z</time>
      </trkpt>
      <trkpt lat="40.23940580897033214569091796875" lon="9.49518025852739810943603515625">
        <ele>275.79998779296875</ele>
        <time>2026-09-16T09:44:09.000Z</time>
      </trkpt>
      <trkpt lat="40.23946347646415233612060546875" lon="9.49523155577480792999267578125">
        <ele>273.79998779296875</ele>
        <time>2026-09-16T09:44:16.000Z</time>
      </trkpt>
      <trkpt lat="40.239517204463481903076171875" lon="9.49525795876979827880859375">
        <ele>272.79998779296875</ele>
        <time>2026-09-16T09:44:22.000Z</time>
      </trkpt>
      <trkpt lat="40.239529274404048919677734375" lon="9.49526642449200153350830078125">
        <ele>272.399993896484375</ele>
        <time>2026-09-16T09:44:23.000Z</time>
      </trkpt>
      <trkpt lat="40.23962013423442840576171875" lon="9.49530431069433689117431640625">
        <ele>271</ele>
        <time>2026-09-16T09:44:30.000Z</time>
      </trkpt>
      <trkpt lat="40.23967956192791461944580078125" lon="9.495344795286655426025390625">
        <ele>269.600006103515625</ele>
        <time>2026-09-16T09:44:36.000Z</time>
      </trkpt>
      <trkpt lat="40.23968760855495929718017578125" lon="9.4953419454395771026611328125">
        <ele>269.600006103515625</ele>
        <time>2026-09-16T09:44:37.000Z</time>
      </trkpt>
      <trkpt lat="40.2397684939205646514892578125" lon="9.4953714497387409210205078125">
        <ele>268</ele>
        <time>2026-09-16T09:44:45.000Z</time>
      </trkpt>
      <trkpt lat="40.2398677356541156768798828125" lon="9.49541084468364715576171875">
        <ele>266</ele>
        <time>2026-09-16T09:44:53.000Z</time>
      </trkpt>
      <trkpt lat="40.2398821525275707244873046875" lon="9.49541729874908924102783203125">
        <ele>265.79998779296875</ele>
        <time>2026-09-16T09:44:54.000Z</time>
      </trkpt>
      <trkpt lat="40.23989967070519924163818359375" lon="9.49542568065226078033447265625">
        <ele>265.399993896484375</ele>
        <time>2026-09-16T09:44:55.000Z</time>
      </trkpt>
      <trkpt lat="40.2400048635900020599365234375" lon="9.4954492338001728057861328125">
        <ele>263.600006103515625</ele>
        <time>2026-09-16T09:45:03.000Z</time>
      </trkpt>
      <trkpt lat="40.2400129102170467376708984375" lon="9.4954438693821430206298828125">
        <ele>263.600006103515625</ele>
        <time>2026-09-16T09:45:04.000Z</time>
      </trkpt>
      <trkpt lat="40.2400229685008525848388671875" lon="9.4954388402402400970458984375">
        <ele>263.79998779296875</ele>
        <time>2026-09-16T09:45:05.000Z</time>
      </trkpt>
      <trkpt lat="40.24003394879400730133056640625" lon="9.4954388402402400970458984375">
        <ele>263.600006103515625</ele>
        <time>2026-09-16T09:45:06.000Z</time>
      </trkpt>
      <trkpt lat="40.24007786996662616729736328125" lon="9.49544562958180904388427734375">
        <ele>263</ele>
        <time>2026-09-16T09:45:10.000Z</time>
      </trkpt>
      <trkpt lat="40.2401017583906650543212890625" lon="9.4954623095691204071044921875">
        <ele>262.20001220703125</ele>
        <time>2026-09-16T09:45:12.000Z</time>
      </trkpt>
      <trkpt lat="40.2401248924434185028076171875" lon="9.49548435397446155548095703125">
        <ele>261.20001220703125</ele>
        <time>2026-09-16T09:45:14.000Z</time>
      </trkpt>
      <trkpt lat="40.24015783332288265228271484375" lon="9.49550329707562923431396484375">
        <ele>260.20001220703125</ele>
        <time>2026-09-16T09:45:17.000Z</time>
      </trkpt>
      <trkpt lat="40.24028859101235866546630859375" lon="9.49553900398313999176025390625">
        <ele>258</ele>
        <time>2026-09-16T09:45:27.000Z</time>
      </trkpt>
      <trkpt lat="40.24037291295826435089111328125" lon="9.4955984316766262054443359375">
        <ele>256.20001220703125</ele>
        <time>2026-09-16T09:45:33.000Z</time>
      </trkpt>
      <trkpt lat="40.2403843961656093597412109375" lon="9.4955994375050067901611328125">
        <ele>256.20001220703125</ele>
        <time>2026-09-16T09:45:34.000Z</time>
      </trkpt>
      <trkpt lat="40.2404095418751239776611328125" lon="9.495618045330047607421875">
        <ele>255.600006103515625</ele>
        <time>2026-09-16T09:45:36.000Z</time>
      </trkpt>
      <trkpt lat="40.2404417283833026885986328125" lon="9.4956386648118495941162109375">
        <ele>255</ele>
        <time>2026-09-16T09:45:39.000Z</time>
      </trkpt>
      <trkpt lat="40.24050367064774036407470703125" lon="9.4956864416599273681640625">
        <ele>253.600006103515625</ele>
        <time>2026-09-16T09:45:44.000Z</time>
      </trkpt>
      <trkpt lat="40.24054558016359806060791015625" lon="9.495687447488307952880859375">
        <ele>253.600006103515625</ele>
        <time>2026-09-16T09:45:47.000Z</time>
      </trkpt>
      <trkpt lat="40.2406542934477329254150390625" lon="9.4956743717193603515625">
        <ele>253.600006103515625</ele>
        <time>2026-09-16T09:45:56.000Z</time>
      </trkpt>
      <trkpt lat="40.240728892385959625244140625" lon="9.4957052171230316162109375">
        <ele>252.600006103515625</ele>
        <time>2026-09-16T09:46:03.000Z</time>
      </trkpt>
      <trkpt lat="40.24074808694422245025634765625" lon="9.49571267701685428619384765625">
        <ele>252.1999969482421875</ele>
        <time>2026-09-16T09:46:05.000Z</time>
      </trkpt>
      <trkpt lat="40.24076409637928009033203125" lon="9.49571703560650348663330078125">
        <ele>252</ele>
        <time>2026-09-16T09:46:07.000Z</time>
      </trkpt>
      <trkpt lat="40.24077524431049823760986328125" lon="9.4957338832318782806396484375">
        <ele>251.600006103515625</ele>
        <time>2026-09-16T09:46:09.000Z</time>
      </trkpt>
      <trkpt lat="40.240787230432033538818359375" lon="9.49574075639247894287109375">
        <ele>251.399993896484375</ele>
        <time>2026-09-16T09:46:10.000Z</time>
      </trkpt>
      <trkpt lat="40.24084380827844142913818359375" lon="9.49576129205524921417236328125">
        <ele>250.600006103515625</ele>
        <time>2026-09-16T09:46:16.000Z</time>
      </trkpt>
      <trkpt lat="40.24084967561066150665283203125" lon="9.49576481245458126068115234375">
        <ele>250.600006103515625</ele>
        <time>2026-09-16T09:46:24.000Z</time>
      </trkpt>
      <trkpt lat="40.24083827622234821319580078125" lon="9.49577436782419681549072265625">
        <ele>250.399993896484375</ele>
        <time>2026-09-16T09:46:30.000Z</time>
      </trkpt>
      <trkpt lat="40.24083693511784076690673828125" lon="9.49577562510967254638671875">
        <ele>250.399993896484375</ele>
        <time>2026-09-16T09:46:35.000Z</time>
      </trkpt>
      <trkpt lat="40.24083693511784076690673828125" lon="9.49577562510967254638671875">
        <ele>250.399993896484375</ele>
        <time>2026-09-16T09:46:37.000Z</time>
      </trkpt>
      <trkpt lat="40.24083693511784076690673828125" lon="9.49577562510967254638671875">
        <ele>250.399993896484375</ele>
        <time>2026-09-16T09:46:40.000Z</time>
      </trkpt>
      <trkpt lat="40.24083693511784076690673828125" lon="9.49577436782419681549072265625">
        <ele>250.399993896484375</ele>
        <time>2026-09-16T09:46:46.000Z</time>
      </trkpt>
      <trkpt lat="40.24090223014354705810546875" lon="9.4958227314054965972900390625">
        <ele>249.1999969482421875</ele>
        <time>2026-09-16T09:46:58.000Z</time>
      </trkpt>
      <trkpt lat="40.240999795496463775634765625" lon="9.49588215909898281097412109375">
        <ele>248</ele>
        <time>2026-09-16T09:47:04.000Z</time>
      </trkpt>
      <trkpt lat="40.241008512675762176513671875" lon="9.4958901219069957733154296875">
        <ele>247.8000030517578125</ele>
        <time>2026-09-16T09:47:05.000Z</time>
      </trkpt>
      <trkpt lat="40.241114459931850433349609375" lon="9.4959447719156742095947265625">
        <ele>247</ele>
        <time>2026-09-16T09:47:14.000Z</time>
      </trkpt>
      <trkpt lat="40.24113583378493785858154296875" lon="9.49595826677978038787841796875">
        <ele>246.8000030517578125</ele>
        <time>2026-09-16T09:47:16.000Z</time>
      </trkpt>
      <trkpt lat="40.24120263755321502685546875" lon="9.495990537106990814208984375">
        <ele>246.1999969482421875</ele>
        <time>2026-09-16T09:47:21.000Z</time>
      </trkpt>
      <trkpt lat="40.2412423677742481231689453125" lon="9.4960440136492252349853515625">
        <ele>245.8000030517578125</ele>
        <time>2026-09-16T09:47:25.000Z</time>
      </trkpt>
      <trkpt lat="40.241280756890773773193359375" lon="9.49607200920581817626953125">
        <ele>245.399993896484375</ele>
        <time>2026-09-16T09:47:28.000Z</time>
      </trkpt>
      <trkpt lat="40.24140472523868083953857421875" lon="9.49608667753636837005615234375">
        <ele>245.399993896484375</ele>
        <time>2026-09-16T09:47:37.000Z</time>
      </trkpt>
      <trkpt lat="40.24144227616488933563232421875" lon="9.496117271482944488525390625">
        <ele>245.8000030517578125</ele>
        <time>2026-09-16T09:47:43.000Z</time>
      </trkpt>
      <trkpt lat="40.24151402525603771209716796875" lon="9.496121965348720550537109375">
        <ele>246.1999969482421875</ele>
        <time>2026-09-16T09:47:50.000Z</time>
      </trkpt>
      <trkpt lat="40.2415880374610424041748046875" lon="9.49609204195439815521240234375">
        <ele>245.8000030517578125</ele>
        <time>2026-09-16T09:47:57.000Z</time>
      </trkpt>
      <trkpt lat="40.2416272647678852081298828125" lon="9.4960807263851165771484375">
        <ele>245.399993896484375</ele>
        <time>2026-09-16T09:48:00.000Z</time>
      </trkpt>
      <trkpt lat="40.2416557632386684417724609375" lon="9.4960517250001430511474609375">
        <ele>245</ele>
        <time>2026-09-16T09:48:03.000Z</time>
      </trkpt>
      <trkpt lat="40.2417053841054439544677734375" lon="9.495996572077274322509765625">
        <ele>244</ele>
        <time>2026-09-16T09:48:09.000Z</time>
      </trkpt>
      <trkpt lat="40.241719298064708709716796875" lon="9.496003948152065277099609375">
        <ele>244.1999969482421875</ele>
        <time>2026-09-16T09:48:10.000Z</time>
      </trkpt>
      <trkpt lat="40.241761542856693267822265625" lon="9.49600185267627239227294921875">
        <ele>244.1999969482421875</ele>
        <time>2026-09-16T09:48:13.000Z</time>
      </trkpt>
      <trkpt lat="40.24181074462831020355224609375" lon="9.49597603641450405120849609375">
        <ele>243.399993896484375</ele>
        <time>2026-09-16T09:48:17.000Z</time>
      </trkpt>
      <trkpt lat="40.2418341301381587982177734375" lon="9.4959544949233531951904296875">
        <ele>242.600006103515625</ele>
        <time>2026-09-16T09:48:23.000Z</time>
      </trkpt>
      <trkpt lat="40.24184863083064556121826171875" lon="9.49594183824956417083740234375">
        <ele>242.1999969482421875</ele>
        <time>2026-09-16T09:48:31.000Z</time>
      </trkpt>
      <trkpt lat="40.24186874739825725555419921875" lon="9.4959306903183460235595703125">
        <ele>241.8000030517578125</ele>
        <time>2026-09-16T09:48:33.000Z</time>
      </trkpt>
      <trkpt lat="40.241966731846332550048828125" lon="9.49588148854672908782958984375">
        <ele>241.8000030517578125</ele>
        <time>2026-09-16T09:48:42.000Z</time>
      </trkpt>
      <trkpt lat="40.2420151792466640472412109375" lon="9.49585181660950183868408203125">
        <ele>241.1999969482421875</ele>
        <time>2026-09-16T09:48:46.000Z</time>
      </trkpt>
      <trkpt lat="40.24205423891544342041015625" lon="9.495816864073276519775390625">
        <ele>241</ele>
        <time>2026-09-16T09:48:50.000Z</time>
      </trkpt>
      <trkpt lat="40.24207075126469135284423828125" lon="9.49578509666025638580322265625">
        <ele>241.399993896484375</ele>
        <time>2026-09-16T09:48:52.000Z</time>
      </trkpt>
      <trkpt lat="40.2421273291110992431640625" lon="9.49573379941284656524658203125">
        <ele>241.1999969482421875</ele>
        <time>2026-09-16T09:48:57.000Z</time>
      </trkpt>
      <trkpt lat="40.24216353893280029296875" lon="9.495712257921695709228515625">
        <ele>241.399993896484375</ele>
        <time>2026-09-16T09:49:01.000Z</time>
      </trkpt>
      <trkpt lat="40.24218273349106311798095703125" lon="9.495703540742397308349609375">
        <ele>241.600006103515625</ele>
        <time>2026-09-16T09:49:04.000Z</time>
      </trkpt>
      <trkpt lat="40.24222179315984249114990234375" lon="9.49566431343555450439453125">
        <ele>242</ele>
        <time>2026-09-16T09:49:09.000Z</time>
      </trkpt>
      <trkpt lat="40.24224325083196163177490234375" lon="9.49564947746694087982177734375">
        <ele>242.399993896484375</ele>
        <time>2026-09-16T09:49:11.000Z</time>
      </trkpt>
      <trkpt lat="40.2422599308192729949951171875" lon="9.49562416411936283111572265625">
        <ele>242</ele>
        <time>2026-09-16T09:49:14.000Z</time>
      </trkpt>
      <trkpt lat="40.24226856417953968048095703125" lon="9.49561561457812786102294921875">
        <ele>242</ele>
        <time>2026-09-16T09:49:17.000Z</time>
      </trkpt>
      <trkpt lat="40.24231751449406147003173828125" lon="9.49556171894073486328125">
        <ele>241.399993896484375</ele>
        <time>2026-09-16T09:49:23.000Z</time>
      </trkpt>
      <trkpt lat="40.2423916943371295928955078125" lon="9.49549390934407711029052734375">
        <ele>241.8000030517578125</ele>
        <time>2026-09-16T09:49:31.000Z</time>
      </trkpt>
      <trkpt lat="40.2424272336065769195556640625" lon="9.49546423740684986114501953125">
        <ele>241</ele>
        <time>2026-09-16T09:49:34.000Z</time>
      </trkpt>
      <trkpt lat="40.24245388805866241455078125" lon="9.49542249552905559539794921875">
        <ele>240.399993896484375</ele>
        <time>2026-09-16T09:49:38.000Z</time>
      </trkpt>
      <trkpt lat="40.24250577203929424285888671875" lon="9.49538980610668659210205078125">
        <ele>239.600006103515625</ele>
        <time>2026-09-16T09:49:42.000Z</time>
      </trkpt>
      <trkpt lat="40.2425301633775234222412109375" lon="9.4953540153801441192626953125">
        <ele>239.1999969482421875</ele>
        <time>2026-09-16T09:49:45.000Z</time>
      </trkpt>
      <trkpt lat="40.242536365985870361328125" lon="9.4953419454395771026611328125">
        <ele>239</ele>
        <time>2026-09-16T09:49:46.000Z</time>
      </trkpt>
      <trkpt lat="40.2425834722816944122314453125" lon="9.4953265227377414703369140625">
        <ele>238.8000030517578125</ele>
        <time>2026-09-16T09:49:51.000Z</time>
      </trkpt>
      <trkpt lat="40.24260266683995723724365234375" lon="9.49531495571136474609375">
        <ele>238.600006103515625</ele>
        <time>2026-09-16T09:49:52.000Z</time>
      </trkpt>
      <trkpt lat="40.242662094533443450927734375" lon="9.49529416859149932861328125">
        <ele>238.1999969482421875</ele>
        <time>2026-09-16T09:49:57.000Z</time>
      </trkpt>
      <trkpt lat="40.24267106316983699798583984375" lon="9.49528452940285205841064453125">
        <ele>238.1999969482421875</ele>
        <time>2026-09-16T09:49:58.000Z</time>
      </trkpt>
      <trkpt lat="40.24268799461424350738525390625" lon="9.4952574558556079864501953125">
        <ele>238.1999969482421875</ele>
        <time>2026-09-16T09:50:01.000Z</time>
      </trkpt>
      <trkpt lat="40.24268330074846744537353515625" lon="9.49524320662021636962890625">
        <ele>238.399993896484375</ele>
        <time>2026-09-16T09:50:03.000Z</time>
      </trkpt>
      <trkpt lat="40.2426830492913722991943359375" lon="9.4952339865267276763916015625">
        <ele>238.399993896484375</ele>
        <time>2026-09-16T09:50:04.000Z</time>
      </trkpt>
      <trkpt lat="40.2427038364112377166748046875" lon="9.495211355388164520263671875">
        <ele>238.399993896484375</ele>
        <time>2026-09-16T09:50:08.000Z</time>
      </trkpt>
      <trkpt lat="40.24271867237985134124755859375" lon="9.4952021352946758270263671875">
        <ele>238.600006103515625</ele>
        <time>2026-09-16T09:50:09.000Z</time>
      </trkpt>
      <trkpt lat="40.24280500598251819610595703125" lon="9.49520456604659557342529296875">
        <ele>238.600006103515625</ele>
        <time>2026-09-16T09:50:15.000Z</time>
      </trkpt>
      <trkpt lat="40.242830403149127960205078125" lon="9.4952121935784816741943359375">
        <ele>238.399993896484375</ele>
        <time>2026-09-16T09:50:17.000Z</time>
      </trkpt>
      <trkpt lat="40.2428761683404445648193359375" lon="9.49519568122923374176025390625">
        <ele>238.600006103515625</ele>
        <time>2026-09-16T09:50:21.000Z</time>
      </trkpt>
      <trkpt lat="40.242914222180843353271484375" lon="9.4951810128986835479736328125">
        <ele>238.600006103515625</ele>
        <time>2026-09-16T09:50:24.000Z</time>
      </trkpt>
      <trkpt lat="40.24295009672641754150390625" lon="9.4951712898910045623779296875">
        <ele>238.1999969482421875</ele>
        <time>2026-09-16T09:50:27.000Z</time>
      </trkpt>
      <trkpt lat="40.242961160838603973388671875" lon="9.49516114778816699981689453125">
        <ele>238.1999969482421875</ele>
        <time>2026-09-16T09:50:28.000Z</time>
      </trkpt>
      <trkpt lat="40.24299678392708301544189453125" lon="9.49514857493340969085693359375">
        <ele>238</ele>
        <time>2026-09-16T09:50:31.000Z</time>
      </trkpt>
      <trkpt lat="40.24301036261022090911865234375" lon="9.49513767845928668975830078125">
        <ele>238</ele>
        <time>2026-09-16T09:50:32.000Z</time>
      </trkpt>
      <trkpt lat="40.243023522198200225830078125" lon="9.49513047002255916595458984375">
        <ele>237.8000030517578125</ele>
        <time>2026-09-16T09:50:33.000Z</time>
      </trkpt>
      <trkpt lat="40.2430759929120540618896484375" lon="9.4951151311397552490234375">
        <ele>237.600006103515625</ele>
        <time>2026-09-16T09:50:37.000Z</time>
      </trkpt>
      <trkpt lat="40.243091583251953125" lon="9.49510431848466396331787109375">
        <ele>237.600006103515625</ele>
        <time>2026-09-16T09:50:38.000Z</time>
      </trkpt>
      <trkpt lat="40.2432215027511119842529296875" lon="9.4951106049120426177978515625">
        <ele>238</ele>
        <time>2026-09-16T09:50:46.000Z</time>
      </trkpt>
      <trkpt lat="40.2433137036859989166259765625" lon="9.49517749249935150146484375">
        <ele>237.600006103515625</ele>
        <time>2026-09-16T09:50:52.000Z</time>
      </trkpt>
      <trkpt lat="40.24338654242455959320068359375" lon="9.4952256046235561370849609375">
        <ele>237</ele>
        <time>2026-09-16T09:50:59.000Z</time>
      </trkpt>
      <trkpt lat="40.24343549273908138275146484375" lon="9.495272375643253326416015625">
        <ele>236.399993896484375</ele>
        <time>2026-09-16T09:51:05.000Z</time>
      </trkpt>
      <trkpt lat="40.24345577694475650787353515625" lon="9.49529173783957958221435546875">
        <ele>236.399993896484375</ele>
        <time>2026-09-16T09:51:07.000Z</time>
      </trkpt>
      <trkpt lat="40.24354864843189716339111328125" lon="9.49533465318381786346435546875">
        <ele>236.1999969482421875</ele>
        <time>2026-09-16T09:51:15.000Z</time>
      </trkpt>
      <trkpt lat="40.24357865564525127410888671875" lon="9.4953338988125324249267578125">
        <ele>235.600006103515625</ele>
        <time>2026-09-16T09:51:18.000Z</time>
      </trkpt>
      <trkpt lat="40.24363280273973941802978515625" lon="9.495324678719043731689453125">
        <ele>235</ele>
        <time>2026-09-16T09:51:22.000Z</time>
      </trkpt>
      <trkpt lat="40.24365208111703395843505859375" lon="9.4953352399170398712158203125">
        <ele>234.8000030517578125</ele>
        <time>2026-09-16T09:51:24.000Z</time>
      </trkpt>
      <trkpt lat="40.24369885213673114776611328125" lon="9.495364241302013397216796875">
        <ele>234.1999969482421875</ele>
        <time>2026-09-16T09:51:29.000Z</time>
      </trkpt>
      <trkpt lat="40.24370337836444377899169921875" lon="9.49536600150167942047119140625">
        <ele>234.1999969482421875</ele>
        <time>2026-09-16T09:51:30.000Z</time>
      </trkpt>
      <trkpt lat="40.24375333450734615325927734375" lon="9.49541713111102581024169921875">
        <ele>233.399993896484375</ele>
        <time>2026-09-16T09:51:36.000Z</time>
      </trkpt>
      <trkpt lat="40.24375903420150279998779296875" lon="9.49542853049933910369873046875">
        <ele>233.399993896484375</ele>
        <time>2026-09-16T09:51:37.000Z</time>
      </trkpt>
      <trkpt lat="40.24380781687796115875244140625" lon="9.4954374991357326507568359375">
        <ele>233</ele>
        <time>2026-09-16T09:51:40.000Z</time>
      </trkpt>
      <trkpt lat="40.24383078329265117645263671875" lon="9.49544437229633331298828125">
        <ele>232.399993896484375</ele>
        <time>2026-09-16T09:51:41.000Z</time>
      </trkpt>
      <trkpt lat="40.24389649741351604461669921875" lon="9.4954542629420757293701171875">
        <ele>230.399993896484375</ele>
        <time>2026-09-16T09:51:45.000Z</time>
      </trkpt>
      <trkpt lat="40.243921391665935516357421875" lon="9.495464153587818145751953125">
        <ele>229.600006103515625</ele>
        <time>2026-09-16T09:51:47.000Z</time>
      </trkpt>
      <trkpt lat="40.2439336292445659637451171875" lon="9.4954716973006725311279296875">
        <ele>229.1999969482421875</ele>
        <time>2026-09-16T09:51:48.000Z</time>
      </trkpt>
      <trkpt lat="40.24395299144089221954345703125" lon="9.49547982774674892425537109375">
        <ele>228.600006103515625</ele>
        <time>2026-09-16T09:51:51.000Z</time>
      </trkpt>
      <trkpt lat="40.24399280548095703125" lon="9.4954589568078517913818359375">
        <ele>227.600006103515625</ele>
        <time>2026-09-16T09:51:56.000Z</time>
      </trkpt>
      <trkpt lat="40.24402356706559658050537109375" lon="9.49546038173139095306396484375">
        <ele>227.399993896484375</ele>
        <time>2026-09-16T09:51:58.000Z</time>
      </trkpt>
      <trkpt lat="40.24410671554505825042724609375" lon="9.49546725489199161529541015625">
        <ele>227</ele>
        <time>2026-09-16T09:52:05.000Z</time>
      </trkpt>
      <trkpt lat="40.24418550543487071990966796875" lon="9.49544646777212619781494140625">
        <ele>228.8000030517578125</ele>
        <time>2026-09-16T09:52:10.000Z</time>
      </trkpt>
      <trkpt lat="40.24422205053269863128662109375" lon="9.4954504072666168212890625">
        <ele>229.1999969482421875</ele>
        <time>2026-09-16T09:52:13.000Z</time>
      </trkpt>
      <trkpt lat="40.2442340366542339324951171875" lon="9.4954562745988368988037109375">
        <ele>229.1999969482421875</ele>
        <time>2026-09-16T09:52:14.000Z</time>
      </trkpt>
      <trkpt lat="40.24427804164588451385498046875" lon="9.495464153587818145751953125">
        <ele>229.600006103515625</ele>
        <time>2026-09-16T09:52:18.000Z</time>
      </trkpt>
      <trkpt lat="40.2443079650402069091796875" lon="9.49545350857079029083251953125">
        <ele>229.8000030517578125</ele>
        <time>2026-09-16T09:52:21.000Z</time>
      </trkpt>
      <trkpt lat="40.24432129226624965667724609375" lon="9.49545837007462978363037109375">
        <ele>229.8000030517578125</ele>
        <time>2026-09-16T09:52:22.000Z</time>
      </trkpt>
      <trkpt lat="40.24433503858745098114013671875" lon="9.4954693503677845001220703125">
        <ele>229.600006103515625</ele>
        <time>2026-09-16T09:52:25.000Z</time>
      </trkpt>
      <trkpt lat="40.2443503774702548980712890625" lon="9.495527185499668121337890625">
        <ele>228.399993896484375</ele>
        <time>2026-09-16T09:52:31.000Z</time>
      </trkpt>
      <trkpt lat="40.24435423314571380615234375" lon="9.495556019246578216552734375">
        <ele>227.8000030517578125</ele>
        <time>2026-09-16T09:52:37.000Z</time>
      </trkpt>
      <trkpt lat="40.24438700638711452484130859375" lon="9.49563791044056415557861328125">
        <ele>227</ele>
        <time>2026-09-16T09:52:42.000Z</time>
      </trkpt>
      <trkpt lat="40.244401507079601287841796875" lon="9.495646543800830841064453125">
        <ele>226.8000030517578125</ele>
        <time>2026-09-16T09:52:43.000Z</time>
      </trkpt>
      <trkpt lat="40.2444321848452091217041015625" lon="9.495698176324367523193359375">
        <ele>226</ele>
        <time>2026-09-16T09:52:49.000Z</time>
      </trkpt>
      <trkpt lat="40.2444311790168285369873046875" lon="9.4957265071570873260498046875">
        <ele>225.8000030517578125</ele>
        <time>2026-09-16T09:52:56.000Z</time>
      </trkpt>
      <trkpt lat="40.244431011378765106201171875" lon="9.4957315362989902496337890625">
        <ele>225.600006103515625</ele>
        <time>2026-09-16T09:52:59.000Z</time>
      </trkpt>
      <trkpt lat="40.24444869719445705413818359375" lon="9.49572323821485042572021484375">
        <ele>225.600006103515625</ele>
        <time>2026-09-16T09:53:05.000Z</time>
      </trkpt>
      <trkpt lat="40.2444717474281787872314453125" lon="9.49572223238646984100341796875">
        <ele>225.399993896484375</ele>
        <time>2026-09-16T09:53:07.000Z</time>
      </trkpt>
      <trkpt lat="40.2444958873093128204345703125" lon="9.4957315362989902496337890625">
        <ele>225.1999969482421875</ele>
        <time>2026-09-16T09:53:10.000Z</time>
      </trkpt>
      <trkpt lat="40.2445076219737529754638671875" lon="9.49575374834239482879638671875">
        <ele>224.8000030517578125</ele>
        <time>2026-09-16T09:53:12.000Z</time>
      </trkpt>
      <trkpt lat="40.24456202052533626556396484375" lon="9.49578157626092433929443359375">
        <ele>224.1999969482421875</ele>
        <time>2026-09-16T09:53:17.000Z</time>
      </trkpt>
      <trkpt lat="40.2445961348712444305419921875" lon="9.49579574167728424072265625">
        <ele>223.8000030517578125</ele>
        <time>2026-09-16T09:53:22.000Z</time>
      </trkpt>
      <trkpt lat="40.24466897360980510711669921875" lon="9.49575911276042461395263671875">
        <ele>224.8000030517578125</ele>
        <time>2026-09-16T09:53:28.000Z</time>
      </trkpt>
      <trkpt lat="40.2447319217026233673095703125" lon="9.4957985915243625640869140625">
        <ele>222.1999969482421875</ele>
        <time>2026-09-16T09:53:33.000Z</time>
      </trkpt>
      <trkpt lat="40.244875252246856689453125" lon="9.49583773501217365264892578125">
        <ele>218</ele>
        <time>2026-09-16T09:53:41.000Z</time>
      </trkpt>
      <trkpt lat="40.2449927665293216705322265625" lon="9.495913423597812652587890625">
        <ele>213.8000030517578125</ele>
        <time>2026-09-16T09:53:50.000Z</time>
      </trkpt>
      <trkpt lat="40.245076082646846771240234375" lon="9.49595742858946323394775390625">
        <ele>211.1999969482421875</ele>
        <time>2026-09-16T09:53:57.000Z</time>
      </trkpt>
      <trkpt lat="40.24509259499609470367431640625" lon="9.49599397368729114532470703125">
        <ele>210</ele>
        <time>2026-09-16T09:54:00.000Z</time>
      </trkpt>
      <trkpt lat="40.245112292468547821044921875" lon="9.49603579938411712646484375">
        <ele>208.600006103515625</ele>
        <time>2026-09-16T09:54:03.000Z</time>
      </trkpt>
      <trkpt lat="40.24516367353498935699462890625" lon="9.49610981158912181854248046875">
        <ele>205.600006103515625</ele>
        <time>2026-09-16T09:54:10.000Z</time>
      </trkpt>
      <trkpt lat="40.245170295238494873046875" lon="9.4961449317634105682373046875">
        <ele>206.1999969482421875</ele>
        <time>2026-09-16T09:54:13.000Z</time>
      </trkpt>
      <trkpt lat="40.24518705904483795166015625" lon="9.4961791299283504486083984375">
        <ele>206.8000030517578125</ele>
        <time>2026-09-16T09:54:16.000Z</time>
      </trkpt>
      <trkpt lat="40.24524967186152935028076171875" lon="9.4962062872946262359619140625">
        <ele>206.600006103515625</ele>
        <time>2026-09-16T09:54:22.000Z</time>
      </trkpt>
      <trkpt lat="40.2452901564538478851318359375" lon="9.49620670638978481292724609375">
        <ele>206.1999969482421875</ele>
        <time>2026-09-16T09:54:25.000Z</time>
      </trkpt>
      <trkpt lat="40.24541177786886692047119140625" lon="9.49628029949963092803955078125">
        <ele>207.1999969482421875</ele>
        <time>2026-09-16T09:54:34.000Z</time>
      </trkpt>
      <trkpt lat="40.24548738263547420501708984375" lon="9.496392868459224700927734375">
        <ele>208</ele>
        <time>2026-09-16T09:54:42.000Z</time>
      </trkpt>
      <trkpt lat="40.24553976953029632568359375" lon="9.496428072452545166015625">
        <ele>208</ele>
        <time>2026-09-16T09:54:46.000Z</time>
      </trkpt>
      <trkpt lat="40.24558947421610355377197265625" lon="9.4964641146361827850341796875">
        <ele>208.1999969482421875</ele>
        <time>2026-09-16T09:54:50.000Z</time>
      </trkpt>
      <trkpt lat="40.24566926993429660797119140625" lon="9.4964991509914398193359375">
        <ele>208.1999969482421875</ele>
        <time>2026-09-16T09:54:56.000Z</time>
      </trkpt>
      <trkpt lat="40.245685279369354248046875" lon="9.4965046830475330352783203125">
        <ele>208.1999969482421875</ele>
        <time>2026-09-16T09:54:57.000Z</time>
      </trkpt>
      <trkpt lat="40.2457518316805362701416015625" lon="9.49654198251664638519287109375">
        <ele>208.1999969482421875</ele>
        <time>2026-09-16T09:55:04.000Z</time>
      </trkpt>
      <trkpt lat="40.2458349801599979400634765625" lon="9.49659998528659343719482421875">
        <ele>206.8000030517578125</ele>
        <time>2026-09-16T09:55:12.000Z</time>
      </trkpt>
      <trkpt lat="40.2458611316978931427001953125" lon="9.4966096244752407073974609375">
        <ele>206.1999969482421875</ele>
        <time>2026-09-16T09:55:14.000Z</time>
      </trkpt>
      <trkpt lat="40.24587102234363555908203125" lon="9.49660551734268665313720703125">
        <ele>205.8000030517578125</ele>
        <time>2026-09-16T09:55:15.000Z</time>
      </trkpt>
      <trkpt lat="40.245918966829776763916015625" lon="9.4966136477887630462646484375">
        <ele>204.600006103515625</ele>
        <time>2026-09-16T09:55:19.000Z</time>
      </trkpt>
      <trkpt lat="40.24595014750957489013671875" lon="9.49668087065219879150390625">
        <ele>204.8000030517578125</ele>
        <time>2026-09-16T09:55:24.000Z</time>
      </trkpt>
      <trkpt lat="40.24599364958703517913818359375" lon="9.49672420509159564971923828125">
        <ele>204.8000030517578125</ele>
        <time>2026-09-16T09:55:28.000Z</time>
      </trkpt>
      <trkpt lat="40.24608685635030269622802734375" lon="9.4968553818762302398681640625">
        <ele>206.399993896484375</ele>
        <time>2026-09-16T09:55:38.000Z</time>
      </trkpt>
      <trkpt lat="40.2461917139589786529541015625" lon="9.49691958725452423095703125">
        <ele>206</ele>
        <time>2026-09-16T09:55:47.000Z</time>
      </trkpt>
      <trkpt lat="40.24632808752357959747314453125" lon="9.49693861417472362518310546875">
        <ele>203.8000030517578125</ele>
        <time>2026-09-16T09:55:56.000Z</time>
      </trkpt>
      <trkpt lat="40.24634133093059062957763671875" lon="9.49693978764116764068603515625">
        <ele>203.600006103515625</ele>
        <time>2026-09-16T09:55:57.000Z</time>
      </trkpt>
      <trkpt lat="40.24640168063342571258544921875" lon="9.49693559668958187103271484375">
        <ele>202.399993896484375</ele>
        <time>2026-09-16T09:56:03.000Z</time>
      </trkpt>
      <trkpt lat="40.24641291238367557525634765625" lon="9.496941380202770233154296875">
        <ele>202.1999969482421875</ele>
        <time>2026-09-16T09:56:04.000Z</time>
      </trkpt>
      <trkpt lat="40.246525146067142486572265625" lon="9.4969355128705501556396484375">
        <ele>200.1999969482421875</ele>
        <time>2026-09-16T09:56:11.000Z</time>
      </trkpt>
      <trkpt lat="40.24660234339535236358642578125" lon="9.49695252813398838043212890625">
        <ele>199.1999969482421875</ele>
        <time>2026-09-16T09:56:20.000Z</time>
      </trkpt>
      <trkpt lat="40.24661391042172908782958984375" lon="9.4969603233039379119873046875">
        <ele>199.1999969482421875</ele>
        <time>2026-09-16T09:56:21.000Z</time>
      </trkpt>
      <trkpt lat="40.24665632285177707672119140625" lon="9.49699737131595611572265625">
        <ele>199.399993896484375</ele>
        <time>2026-09-16T09:56:26.000Z</time>
      </trkpt>
      <trkpt lat="40.24667509831488132476806640625" lon="9.49700516648590564727783203125">
        <ele>199.1999969482421875</ele>
        <time>2026-09-16T09:56:32.000Z</time>
      </trkpt>
      <trkpt lat="40.24667912162840366363525390625" lon="9.49700416065752506256103515625">
        <ele>199</ele>
        <time>2026-09-16T09:56:39.000Z</time>
      </trkpt>
      <trkpt lat="40.24671197868883609771728515625" lon="9.49704028666019439697265625">
        <ele>199.600006103515625</ele>
        <time>2026-09-16T09:56:53.000Z</time>
      </trkpt>
      <trkpt lat="40.2468153275549411773681640625" lon="9.4971108622848987579345703125">
        <ele>199.600006103515625</ele>
        <time>2026-09-16T09:57:00.000Z</time>
      </trkpt>
      <trkpt lat="40.24686352349817752838134765625" lon="9.49712209403514862060546875">
        <ele>198.600006103515625</ele>
        <time>2026-09-16T09:57:07.000Z</time>
      </trkpt>
      <trkpt lat="40.2468807063996791839599609375" lon="9.497060738503932952880859375">
        <ele>196</ele>
        <time>2026-09-16T09:57:14.000Z</time>
      </trkpt>
      <trkpt lat="40.24691708385944366455078125" lon="9.49706601910293102264404296875">
        <ele>195.399993896484375</ele>
        <time>2026-09-16T09:57:20.000Z</time>
      </trkpt>
      <trkpt lat="40.2469687163829803466796875" lon="9.49705277569591999053955078125">
        <ele>193.600006103515625</ele>
        <time>2026-09-16T09:57:25.000Z</time>
      </trkpt>
      <trkpt lat="40.2469886653125286102294921875" lon="9.49705344624817371368408203125">
        <ele>193.1999969482421875</ele>
        <time>2026-09-16T09:57:27.000Z</time>
      </trkpt>
      <trkpt lat="40.2470406331121921539306640625" lon="9.49702025391161441802978515625">
        <ele>192.8000030517578125</ele>
        <time>2026-09-16T09:57:33.000Z</time>
      </trkpt>
      <trkpt lat="40.247089751064777374267578125" lon="9.49699678458273410797119140625">
        <ele>192.600006103515625</ele>
        <time>2026-09-16T09:57:39.000Z</time>
      </trkpt>
      <trkpt lat="40.24715420790016651153564453125" lon="9.49700214900076389312744140625">
        <ele>192.600006103515625</ele>
        <time>2026-09-16T09:57:45.000Z</time>
      </trkpt>
      <trkpt lat="40.24718840606510639190673828125" lon="9.49699896387755870819091796875">
        <ele>191.600006103515625</ele>
        <time>2026-09-16T09:57:47.000Z</time>
      </trkpt>
      <trkpt lat="40.2471978776156902313232421875" lon="9.497007764875888824462890625">
        <ele>191.600006103515625</ele>
        <time>2026-09-16T09:57:48.000Z</time>
      </trkpt>
      <trkpt lat="40.24720232002437114715576171875" lon="9.49702092446386814117431640625">
        <ele>191.600006103515625</ele>
        <time>2026-09-16T09:57:49.000Z</time>
      </trkpt>
      <trkpt lat="40.24720567278563976287841796875" lon="9.49702176265418529510498046875">
        <ele>191.399993896484375</ele>
        <time>2026-09-16T09:57:52.000Z</time>
      </trkpt>
      <trkpt lat="40.247211121022701263427734375" lon="9.4970283843576908111572265625">
        <ele>191.399993896484375</ele>
        <time>2026-09-16T09:57:53.000Z</time>
      </trkpt>
      <trkpt lat="40.24722419679164886474609375" lon="9.49702779762446880340576171875">
        <ele>191</ele>
        <time>2026-09-16T09:57:55.000Z</time>
      </trkpt>
      <trkpt lat="40.2472637593746185302734375" lon="9.4970262050628662109375">
        <ele>190</ele>
        <time>2026-09-16T09:57:59.000Z</time>
      </trkpt>
      <trkpt lat="40.24728362448513507843017578125" lon="9.4970193319022655487060546875">
        <ele>189.600006103515625</ele>
        <time>2026-09-16T09:58:01.000Z</time>
      </trkpt>
      <trkpt lat="40.2473262883722782135009765625" lon="9.49700080789625644683837890625">
        <ele>188.1999969482421875</ele>
        <time>2026-09-16T09:58:05.000Z</time>
      </trkpt>
      <trkpt lat="40.24734078906476497650146484375" lon="9.496999718248844146728515625">
        <ele>187.8000030517578125</ele>
        <time>2026-09-16T09:58:06.000Z</time>
      </trkpt>
      <trkpt lat="40.24743198417127132415771484375" lon="9.49699996970593929290771484375">
        <ele>185.600006103515625</ele>
        <time>2026-09-16T09:58:12.000Z</time>
      </trkpt>
      <trkpt lat="40.2474436350166797637939453125" lon="9.496996700763702392578125">
        <ele>185.399993896484375</ele>
        <time>2026-09-16T09:58:13.000Z</time>
      </trkpt>
      <trkpt lat="40.24745411239564418792724609375" lon="9.49699393473565578460693359375">
        <ele>185.399993896484375</ele>
        <time>2026-09-16T09:58:14.000Z</time>
      </trkpt>
      <trkpt lat="40.24751722812652587890625" lon="9.4969891570508480072021484375">
        <ele>184.8000030517578125</ele>
        <time>2026-09-16T09:58:20.000Z</time>
      </trkpt>
      <trkpt lat="40.2475435473024845123291015625" lon="9.49700214900076389312744140625">
        <ele>184.8000030517578125</ele>
        <time>2026-09-16T09:58:22.000Z</time>
      </trkpt>
      <trkpt lat="40.24755737744271755218505859375" lon="9.497011117637157440185546875">
        <ele>184.8000030517578125</ele>
        <time>2026-09-16T09:58:23.000Z</time>
      </trkpt>
      <trkpt lat="40.247578918933868408203125" lon="9.497015811502933502197265625">
        <ele>184.8000030517578125</ele>
        <time>2026-09-16T09:58:25.000Z</time>
      </trkpt>
      <trkpt lat="40.24761454202234745025634765625" lon="9.4970153085887432098388671875">
        <ele>184.399993896484375</ele>
        <time>2026-09-16T09:58:28.000Z</time>
      </trkpt>
      <trkpt lat="40.24772115983068943023681640625" lon="9.49704808183014392852783203125">
        <ele>184.1999969482421875</ele>
        <time>2026-09-16T09:58:35.000Z</time>
      </trkpt>
      <trkpt lat="40.24775125086307525634765625" lon="9.49704975821077823638916015625">
        <ele>184.399993896484375</ele>
        <time>2026-09-16T09:58:38.000Z</time>
      </trkpt>
      <trkpt lat="40.24780087172985076904296875" lon="9.4970436394214630126953125">
        <ele>184.399993896484375</ele>
        <time>2026-09-16T09:58:41.000Z</time>
      </trkpt>
      <trkpt lat="40.24791981093585491180419921875" lon="9.49700633995234966278076171875">
        <ele>183.399993896484375</ele>
        <time>2026-09-16T09:58:50.000Z</time>
      </trkpt>
      <trkpt lat="40.24794177152216434478759765625" lon="9.4969980418682098388671875">
        <ele>183.1999969482421875</ele>
        <time>2026-09-16T09:58:52.000Z</time>
      </trkpt>
      <trkpt lat="40.24797881953418254852294921875" lon="9.4969428889453411102294921875">
        <ele>182</ele>
        <time>2026-09-16T09:58:56.000Z</time>
      </trkpt>
      <trkpt lat="40.248018801212310791015625" lon="9.49692235328257083892822265625">
        <ele>182.1999969482421875</ele>
        <time>2026-09-16T09:58:59.000Z</time>
      </trkpt>
      <trkpt lat="40.248045623302459716796875" lon="9.4969014823436737060546875">
        <ele>182.399993896484375</ele>
        <time>2026-09-16T09:59:02.000Z</time>
      </trkpt>
      <trkpt lat="40.24805660359561443328857421875" lon="9.496899135410785675048828125">
        <ele>182.1999969482421875</ele>
        <time>2026-09-16T09:59:03.000Z</time>
      </trkpt>
      <trkpt lat="40.24813690222799777984619140625" lon="9.4968533702194690704345703125">
        <ele>182.600006103515625</ele>
        <time>2026-09-16T09:59:10.000Z</time>
      </trkpt>
      <trkpt lat="40.24817763827741146087646484375" lon="9.49682160280644893646240234375">
        <ele>182.1999969482421875</ele>
        <time>2026-09-16T09:59:13.000Z</time>
      </trkpt>
      <trkpt lat="40.24819339625537395477294921875" lon="9.4968171603977680206298828125">
        <ele>182</ele>
        <time>2026-09-16T09:59:14.000Z</time>
      </trkpt>
      <trkpt lat="40.248229019343852996826171875" lon="9.49682545848190784454345703125">
        <ele>181.1999969482421875</ele>
        <time>2026-09-16T09:59:17.000Z</time>
      </trkpt>
      <trkpt lat="40.248235724866390228271484375" lon="9.4968198426067829132080078125">
        <ele>181</ele>
        <time>2026-09-16T09:59:18.000Z</time>
      </trkpt>
      <trkpt lat="40.24827771820127964019775390625" lon="9.49678841046988964080810546875">
        <ele>180.600006103515625</ele>
        <time>2026-09-16T09:59:21.000Z</time>
      </trkpt>
      <trkpt lat="40.24834091775119304656982421875" lon="9.4968014024198055267333984375">
        <ele>180.600006103515625</ele>
        <time>2026-09-16T09:59:25.000Z</time>
      </trkpt>
      <trkpt lat="40.24844049476087093353271484375" lon="9.4967977143824100494384765625">
        <ele>180.399993896484375</ele>
        <time>2026-09-16T09:59:33.000Z</time>
      </trkpt>
      <trkpt lat="40.24846061132848262786865234375" lon="9.49679218232631683349609375">
        <ele>180.1999969482421875</ele>
        <time>2026-09-16T09:59:36.000Z</time>
      </trkpt>
      <trkpt lat="40.24850637651979923248291015625" lon="9.49676678515970706939697265625">
        <ele>180.1999969482421875</ele>
        <time>2026-09-16T09:59:39.000Z</time>
      </trkpt>
      <trkpt lat="40.248618610203266143798828125" lon="9.49674163945019245147705078125">
        <ele>180</ele>
        <time>2026-09-16T09:59:48.000Z</time>
      </trkpt>
      <trkpt lat="40.2486358769237995147705078125" lon="9.496740885078907012939453125">
        <ele>179.600006103515625</ele>
        <time>2026-09-16T09:59:49.000Z</time>
      </trkpt>
      <trkpt lat="40.24874073453247547149658203125" lon="9.4967360235750675201416015625">
        <ele>177.600006103515625</ele>
        <time>2026-09-16T09:59:56.000Z</time>
      </trkpt>
      <trkpt lat="40.2488524653017520904541015625" lon="9.49675270356237888336181640625">
        <ele>176</ele>
        <time>2026-09-16T10:00:04.000Z</time>
      </trkpt>
      <trkpt lat="40.24888104759156703948974609375" lon="9.49676360003650188446044921875">
        <ele>175.8000030517578125</ele>
        <time>2026-09-16T10:00:06.000Z</time>
      </trkpt>
      <trkpt lat="40.24893720634281635284423828125" lon="9.49680752120912075042724609375">
        <ele>175.8000030517578125</ele>
        <time>2026-09-16T10:00:10.000Z</time>
      </trkpt>
      <trkpt lat="40.24896402843296527862548828125" lon="9.4968208484351634979248046875">
        <ele>175.8000030517578125</ele>
        <time>2026-09-16T10:00:12.000Z</time>
      </trkpt>
      <trkpt lat="40.249021947383880615234375" lon="9.496810622513294219970703125">
        <ele>174.399993896484375</ele>
        <time>2026-09-16T10:00:16.000Z</time>
      </trkpt>
      <trkpt lat="40.2490737475454807281494140625" lon="9.4967799447476863861083984375">
        <ele>172.8000030517578125</ele>
        <time>2026-09-16T10:00:20.000Z</time>
      </trkpt>
      <trkpt lat="40.24910300038754940032958984375" lon="9.49677751399576663970947265625">
        <ele>172.399993896484375</ele>
        <time>2026-09-16T10:00:22.000Z</time>
      </trkpt>
      <trkpt lat="40.24912982247769832611083984375" lon="9.4967968761920928955078125">
        <ele>172.8000030517578125</ele>
        <time>2026-09-16T10:00:24.000Z</time>
      </trkpt>
      <trkpt lat="40.24918212555348873138427734375" lon="9.4968309067189693450927734375">
        <ele>173.1999969482421875</ele>
        <time>2026-09-16T10:00:28.000Z</time>
      </trkpt>
      <trkpt lat="40.24926678277552127838134765625" lon="9.4968580640852451324462890625">
        <ele>173.600006103515625</ele>
        <time>2026-09-16T10:00:35.000Z</time>
      </trkpt>
      <trkpt lat="40.24932914413511753082275390625" lon="9.496845491230487823486328125">
        <ele>172.8000030517578125</ele>
        <time>2026-09-16T10:00:41.000Z</time>
      </trkpt>
      <trkpt lat="40.24934171698987483978271484375" lon="9.4968359358608722686767578125">
        <ele>172.600006103515625</ele>
        <time>2026-09-16T10:00:42.000Z</time>
      </trkpt>
      <trkpt lat="40.2493506856262683868408203125" lon="9.4968292303383350372314453125">
        <ele>172.1999969482421875</ele>
        <time>2026-09-16T10:00:43.000Z</time>
      </trkpt>
      <trkpt lat="40.249370634555816650390625" lon="9.49681674130260944366455078125">
        <ele>171.8000030517578125</ele>
        <time>2026-09-16T10:00:45.000Z</time>
      </trkpt>
      <trkpt lat="40.24941916577517986297607421875" lon="9.49677986092865467071533203125">
        <ele>169.399993896484375</ele>
        <time>2026-09-16T10:00:49.000Z</time>
      </trkpt>
      <trkpt lat="40.2494589798152446746826171875" lon="9.49677265249192714691162109375">
        <ele>168</ele>
        <time>2026-09-16T10:00:52.000Z</time>
      </trkpt>
      <trkpt lat="40.24949871003627777099609375" lon="9.4967866502702236175537109375">
        <ele>167.1999969482421875</ele>
        <time>2026-09-16T10:00:55.000Z</time>
      </trkpt>
      <trkpt lat="40.2495404519140720367431640625" lon="9.4968124665319919586181640625">
        <ele>166.8000030517578125</ele>
        <time>2026-09-16T10:00:59.000Z</time>
      </trkpt>
      <trkpt lat="40.2495776675641536712646484375" lon="9.4968148134648799896240234375">
        <ele>166.600006103515625</ele>
        <time>2026-09-16T10:01:02.000Z</time>
      </trkpt>
      <trkpt lat="40.24959920905530452728271484375" lon="9.496820010244846343994140625">
        <ele>166.399993896484375</ele>
        <time>2026-09-16T10:01:04.000Z</time>
      </trkpt>
      <trkpt lat="40.24965553544461727142333984375" lon="9.49681053869426250457763671875">
        <ele>166</ele>
        <time>2026-09-16T10:01:09.000Z</time>
      </trkpt>
      <trkpt lat="40.24976701475679874420166015625" lon="9.49677969329059123992919921875">
        <ele>165.600006103515625</ele>
        <time>2026-09-16T10:01:17.000Z</time>
      </trkpt>
      <trkpt lat="40.24984982796013355255126953125" lon="9.49669285677373409271240234375">
        <ele>164</ele>
        <time>2026-09-16T10:01:25.000Z</time>
      </trkpt>
      <trkpt lat="40.2499444596469402313232421875" lon="9.49666402302682399749755859375">
        <ele>162.8000030517578125</ele>
        <time>2026-09-16T10:01:32.000Z</time>
      </trkpt>
      <trkpt lat="40.2500559389591217041015625" lon="9.496665783226490020751953125">
        <ele>162</ele>
        <time>2026-09-16T10:01:39.000Z</time>
      </trkpt>
      <trkpt lat="40.2500715292990207672119140625" lon="9.4966625981032848358154296875">
        <ele>162</ele>
        <time>2026-09-16T10:01:40.000Z</time>
      </trkpt>
      <trkpt lat="40.25017336942255496978759765625" lon="9.49669537134468555450439453125">
        <ele>161.600006103515625</ele>
        <time>2026-09-16T10:01:48.000Z</time>
      </trkpt>
      <trkpt lat="40.2502861060202121734619140625" lon="9.49670693837106227874755859375">
        <ele>160</ele>
        <time>2026-09-16T10:01:56.000Z</time>
      </trkpt>
      <trkpt lat="40.25037721730768680572509765625" lon="9.49669570662081241607666015625">
        <ele>157.8000030517578125</ele>
        <time>2026-09-16T10:02:03.000Z</time>
      </trkpt>
      <trkpt lat="40.2504741959273815155029296875" lon="9.49666209518909454345703125">
        <ele>155.1999969482421875</ele>
        <time>2026-09-16T10:02:11.000Z</time>
      </trkpt>
      <trkpt lat="40.25056966580450534820556640625" lon="9.49661255814135074615478515625">
        <ele>155.600006103515625</ele>
        <time>2026-09-16T10:02:19.000Z</time>
      </trkpt>
      <trkpt lat="40.25066438131034374237060546875" lon="9.49657165445387363433837890625">
        <ele>156</ele>
        <time>2026-09-16T10:02:28.000Z</time>
      </trkpt>
      <trkpt lat="40.2507816441357135772705078125" lon="9.49649152345955371856689453125">
        <ele>155.600006103515625</ele>
        <time>2026-09-16T10:02:38.000Z</time>
      </trkpt>
      <trkpt lat="40.25084308348596096038818359375" lon="9.49647861532866954803466796875">
        <ele>155.600006103515625</ele>
        <time>2026-09-16T10:02:44.000Z</time>
      </trkpt>
      <trkpt lat="40.25084543041884899139404296875" lon="9.4964802078902721405029296875">
        <ele>155.600006103515625</ele>
        <time>2026-09-16T10:02:45.000Z</time>
      </trkpt>
      <trkpt lat="40.25083637796342372894287109375" lon="9.4965030066668987274169921875">
        <ele>155.600006103515625</ele>
        <time>2026-09-16T10:02:58.000Z</time>
      </trkpt>
      <trkpt lat="40.25083587504923343658447265625" lon="9.49650577269494533538818359375">
        <ele>155.600006103515625</ele>
        <time>2026-09-16T10:03:03.000Z</time>
      </trkpt>
      <trkpt lat="40.25083587504923343658447265625" lon="9.49650577269494533538818359375">
        <ele>155.600006103515625</ele>
        <time>2026-09-16T10:03:06.000Z</time>
      </trkpt>
      <trkpt lat="40.2508364617824554443359375" lon="9.4964986480772495269775390625">
        <ele>155.600006103515625</ele>
        <time>2026-09-16T10:03:15.000Z</time>
      </trkpt>
      <trkpt lat="40.25084140710532665252685546875" lon="9.49649604968726634979248046875">
        <ele>155.600006103515625</ele>
        <time>2026-09-16T10:03:29.000Z</time>
      </trkpt>
      <trkpt lat="40.2508416585624217987060546875" lon="9.49649604968726634979248046875">
        <ele>155.600006103515625</ele>
        <time>2026-09-16T10:03:32.000Z</time>
      </trkpt>
      <trkpt lat="40.25084174238145351409912109375" lon="9.49649604968726634979248046875">
        <ele>155.600006103515625</ele>
        <time>2026-09-16T10:03:35.000Z</time>
      </trkpt>
      <trkpt lat="40.25084191001951694488525390625" lon="9.49649604968726634979248046875">
        <ele>155.600006103515625</ele>
        <time>2026-09-16T10:03:38.000Z</time>
      </trkpt>
      <trkpt lat="40.2508594281971454620361328125" lon="9.49651767499744892120361328125">
        <ele>155.600006103515625</ele>
        <time>2026-09-16T10:03:49.000Z</time>
      </trkpt>
      <trkpt lat="40.25088365189731121063232421875" lon="9.49655480682849884033203125">
        <ele>155.399993896484375</ele>
        <time>2026-09-16T10:03:51.000Z</time>
      </trkpt>
      <trkpt lat="40.25100619532167911529541015625" lon="9.49675060808658599853515625">
        <ele>156.600006103515625</ele>
        <time>2026-09-16T10:04:03.000Z</time>
      </trkpt>
      <trkpt lat="40.2510988153517246246337890625" lon="9.49680433608591556549072265625">
        <ele>157.1999969482421875</ele>
        <time>2026-09-16T10:04:11.000Z</time>
      </trkpt>
      <trkpt lat="40.25114357471466064453125" lon="9.4968024082481861114501953125">
        <ele>157</ele>
        <time>2026-09-16T10:04:15.000Z</time>
      </trkpt>
      <trkpt lat="40.2511926926672458648681640625" lon="9.4968215189874172210693359375">
        <ele>157.1999969482421875</ele>
        <time>2026-09-16T10:04:19.000Z</time>
      </trkpt>
      <trkpt lat="40.25120182894170284271240234375" lon="9.49682093225419521331787109375">
        <ele>157.1999969482421875</ele>
        <time>2026-09-16T10:04:20.000Z</time>
      </trkpt>
      <trkpt lat="40.2512604184448719024658203125" lon="9.4968195073306560516357421875">
        <ele>158</ele>
        <time>2026-09-16T10:04:25.000Z</time>
      </trkpt>
      <trkpt lat="40.2512714825570583343505859375" lon="9.4968208484351634979248046875">
        <ele>158</ele>
        <time>2026-09-16T10:04:26.000Z</time>
      </trkpt>
      <trkpt lat="40.2513905055820941925048828125" lon="9.4968577288091182708740234375">
        <ele>158.600006103515625</ele>
        <time>2026-09-16T10:04:34.000Z</time>
      </trkpt>
      <trkpt lat="40.25142210535705089569091796875" lon="9.49686669744551181793212890625">
        <ele>158.8000030517578125</ele>
        <time>2026-09-16T10:04:36.000Z</time>
      </trkpt>
      <trkpt lat="40.25146669708192348480224609375" lon="9.496891088783740997314453125">
        <ele>158.8000030517578125</ele>
        <time>2026-09-16T10:04:39.000Z</time>
      </trkpt>
      <trkpt lat="40.25155303068459033966064453125" lon="9.4969750754535198211669921875">
        <ele>159.1999969482421875</ele>
        <time>2026-09-16T10:04:47.000Z</time>
      </trkpt>
      <trkpt lat="40.25156795047223567962646484375" lon="9.4970159791409969329833984375">
        <ele>159.1999969482421875</ele>
        <time>2026-09-16T10:04:51.000Z</time>
      </trkpt>
      <trkpt lat="40.251588486135005950927734375" lon="9.49700114317238330841064453125">
        <ele>159.1999969482421875</ele>
        <time>2026-09-16T10:04:53.000Z</time>
      </trkpt>
      <trkpt lat="40.25169267319142818450927734375" lon="9.49690206907689571380615234375">
        <ele>158.600006103515625</ele>
        <time>2026-09-16T10:05:03.000Z</time>
      </trkpt>
      <trkpt lat="40.2517294697463512420654296875" lon="9.49684582650661468505859375">
        <ele>158.1999969482421875</ele>
        <time>2026-09-16T10:05:08.000Z</time>
      </trkpt>
      <trkpt lat="40.2517442218959331512451171875" lon="9.49681556783616542816162109375">
        <ele>158</ele>
        <time>2026-09-16T10:05:11.000Z</time>
      </trkpt>
      <trkpt lat="40.251798368990421295166015625" lon="9.49674951843917369842529296875">
        <ele>157.600006103515625</ele>
        <time>2026-09-16T10:05:17.000Z</time>
      </trkpt>
      <trkpt lat="40.25182141922414302825927734375" lon="9.49673107825219631195068359375">
        <ele>157.399993896484375</ele>
        <time>2026-09-16T10:05:19.000Z</time>
      </trkpt>
      <trkpt lat="40.2519423700869083404541015625" lon="9.49665446765720844268798828125">
        <ele>157</ele>
        <time>2026-09-16T10:05:29.000Z</time>
      </trkpt>
      <trkpt lat="40.2520070783793926239013671875" lon="9.49657048098742961883544921875">
        <ele>156.600006103515625</ele>
        <time>2026-09-16T10:05:36.000Z</time>
      </trkpt>
      <trkpt lat="40.252109505236148834228515625" lon="9.49654416181147098541259765625">
        <ele>156.600006103515625</ele>
        <time>2026-09-16T10:05:44.000Z</time>
      </trkpt>
      <trkpt lat="40.2521763928234577178955078125" lon="9.49650443159043788909912109375">
        <ele>156.399993896484375</ele>
        <time>2026-09-16T10:05:50.000Z</time>
      </trkpt>
      <trkpt lat="40.25220480747520923614501953125" lon="9.49648247100412845611572265625">
        <ele>156.399993896484375</ele>
        <time>2026-09-16T10:05:52.000Z</time>
      </trkpt>
      <trkpt lat="40.25226700119674205780029296875" lon="9.4964302517473697662353515625">
        <ele>156.1999969482421875</ele>
        <time>2026-09-16T10:05:57.000Z</time>
      </trkpt>
      <trkpt lat="40.252350904047489166259765625" lon="9.4963558204472064971923828125">
        <ele>156</ele>
        <time>2026-09-16T10:06:05.000Z</time>
      </trkpt>
      <trkpt lat="40.2524757944047451019287109375" lon="9.49625062756240367889404296875">
        <ele>156.1999969482421875</ele>
        <time>2026-09-16T10:06:16.000Z</time>
      </trkpt>
      <trkpt lat="40.25260730646550655364990234375" lon="9.4961378909647464752197265625">
        <ele>156.1999969482421875</ele>
        <time>2026-09-16T10:06:29.000Z</time>
      </trkpt>
      <trkpt lat="40.25267637334764003753662109375" lon="9.4960017688572406768798828125">
        <ele>156</ele>
        <time>2026-09-16T10:06:40.000Z</time>
      </trkpt>
      <trkpt lat="40.252751223742961883544921875" lon="9.49591082520782947540283203125">
        <ele>156</ele>
        <time>2026-09-16T10:06:48.000Z</time>
      </trkpt>
      <trkpt lat="40.2528606913983821868896484375" lon="9.4958170317113399505615234375">
        <ele>155.399993896484375</ele>
        <time>2026-09-16T10:06:58.000Z</time>
      </trkpt>
      <trkpt lat="40.25289262644946575164794921875" lon="9.49580856598913669586181640625">
        <ele>155.399993896484375</ele>
        <time>2026-09-16T10:07:01.000Z</time>
      </trkpt>
      <trkpt lat="40.25293889455497264862060546875" lon="9.49578903615474700927734375">
        <ele>155.1999969482421875</ele>
        <time>2026-09-16T10:07:05.000Z</time>
      </trkpt>
      <trkpt lat="40.25297828949987888336181640625" lon="9.49576229788362979888916015625">
        <ele>154.8000030517578125</ele>
        <time>2026-09-16T10:07:10.000Z</time>
      </trkpt>
      <trkpt lat="40.25300075300037860870361328125" lon="9.4957749545574188232421875">
        <ele>154.600006103515625</ele>
        <time>2026-09-16T10:07:12.000Z</time>
      </trkpt>
      <trkpt lat="40.25313033722341060638427734375" lon="9.49581988155841827392578125">
        <ele>154</ele>
        <time>2026-09-16T10:07:23.000Z</time>
      </trkpt>
      <trkpt lat="40.253221951425075531005859375" lon="9.4957814924418926239013671875">
        <ele>153</ele>
        <time>2026-09-16T10:07:32.000Z</time>
      </trkpt>
      <trkpt lat="40.2533294074237346649169921875" lon="9.495689459145069122314453125">
        <ele>151.1999969482421875</ele>
        <time>2026-09-16T10:07:43.000Z</time>
      </trkpt>
      <trkpt lat="40.253362767398357391357421875" lon="9.4956403411924839019775390625">
        <ele>150.600006103515625</ele>
        <time>2026-09-16T10:07:47.000Z</time>
      </trkpt>
      <trkpt lat="40.25342546403408050537109375" lon="9.49561712332069873809814453125">
        <ele>150</ele>
        <time>2026-09-16T10:07:53.000Z</time>
      </trkpt>
      <trkpt lat="40.25349511764943599700927734375" lon="9.49561980552971363067626953125">
        <ele>149.600006103515625</ele>
        <time>2026-09-16T10:07:58.000Z</time>
      </trkpt>
      <trkpt lat="40.25352596305310726165771484375" lon="9.49562676250934600830078125">
        <ele>149.399993896484375</ele>
        <time>2026-09-16T10:08:01.000Z</time>
      </trkpt>
      <trkpt lat="40.25353275239467620849609375" lon="9.49562902562320232391357421875">
        <ele>149.399993896484375</ele>
        <time>2026-09-16T10:08:02.000Z</time>
      </trkpt>
      <trkpt lat="40.25362201966345310211181640625" lon="9.49559650383889675140380859375">
        <ele>149</ele>
        <time>2026-09-16T10:08:10.000Z</time>
      </trkpt>
      <trkpt lat="40.25368052534759044647216796875" lon="9.495549313724040985107421875">
        <ele>148.600006103515625</ele>
        <time>2026-09-16T10:08:16.000Z</time>
      </trkpt>
      <trkpt lat="40.253694355487823486328125" lon="9.4955260120332241058349609375">
        <ele>148.399993896484375</ele>
        <time>2026-09-16T10:08:18.000Z</time>
      </trkpt>
      <trkpt lat="40.2537873946130275726318359375" lon="9.4954462163150310516357421875">
        <ele>148.1999969482421875</ele>
        <time>2026-09-16T10:08:27.000Z</time>
      </trkpt>
      <trkpt lat="40.253797285258769989013671875" lon="9.49544160626828670501708984375">
        <ele>148</ele>
        <time>2026-09-16T10:08:28.000Z</time>
      </trkpt>
      <trkpt lat="40.25383592583239078521728515625" lon="9.4954291172325611114501953125">
        <ele>148</ele>
        <time>2026-09-16T10:08:32.000Z</time>
      </trkpt>
      <trkpt lat="40.2539345808327198028564453125" lon="9.49538829736411571502685546875">
        <ele>148.399993896484375</ele>
        <time>2026-09-16T10:08:42.000Z</time>
      </trkpt>
      <trkpt lat="40.25394958443939685821533203125" lon="9.49537865817546844482421875">
        <ele>148.399993896484375</ele>
        <time>2026-09-16T10:08:44.000Z</time>
      </trkpt>
      <trkpt lat="40.25400490500032901763916015625" lon="9.49535585939884185791015625">
        <ele>148.600006103515625</ele>
        <time>2026-09-16T10:08:50.000Z</time>
      </trkpt>
      <trkpt lat="40.25410029105842113494873046875" lon="9.49532258324325084686279296875">
        <ele>149</ele>
        <time>2026-09-16T10:08:59.000Z</time>
      </trkpt>
      <trkpt lat="40.2541424520313739776611328125" lon="9.49530464597046375274658203125">
        <ele>149.1999969482421875</ele>
        <time>2026-09-16T10:09:03.000Z</time>
      </trkpt>
      <trkpt lat="40.25418880395591259002685546875" lon="9.49529140256345272064208984375">
        <ele>149.399993896484375</ele>
        <time>2026-09-16T10:09:07.000Z</time>
      </trkpt>
      <trkpt lat="40.25428972207009792327880859375" lon="9.49524731375277042388916015625">
        <ele>149.8000030517578125</ele>
        <time>2026-09-16T10:09:16.000Z</time>
      </trkpt>
      <trkpt lat="40.254400111734867095947265625" lon="9.495179839432239532470703125">
        <ele>150.399993896484375</ele>
        <time>2026-09-16T10:09:25.000Z</time>
      </trkpt>
      <trkpt lat="40.2544897980988025665283203125" lon="9.4951873831450939178466796875">
        <ele>150.399993896484375</ele>
        <time>2026-09-16T10:09:33.000Z</time>
      </trkpt>
      <trkpt lat="40.2546473778784275054931640625" lon="9.495218060910701751708984375">
        <ele>150.1999969482421875</ele>
        <time>2026-09-16T10:09:43.000Z</time>
      </trkpt>
      <trkpt lat="40.2547804825007915496826171875" lon="9.49518285691738128662109375">
        <ele>150.8000030517578125</ele>
        <time>2026-09-16T10:09:55.000Z</time>
      </trkpt>
      <trkpt lat="40.25491149164736270904541015625" lon="9.495139606297016143798828125">
        <ele>150.600006103515625</ele>
        <time>2026-09-16T10:10:05.000Z</time>
      </trkpt>
      <trkpt lat="40.2550359629094600677490234375" lon="9.49512845836579799652099609375">
        <ele>149.8000030517578125</ele>
        <time>2026-09-16T10:10:13.000Z</time>
      </trkpt>
      <trkpt lat="40.25518557988107204437255859375" lon="9.49514740146696567535400390625">
        <ele>148.8000030517578125</ele>
        <time>2026-09-16T10:10:24.000Z</time>
      </trkpt>
      <trkpt lat="40.2552448399364948272705078125" lon="9.4951689429581165313720703125">
        <ele>148.399993896484375</ele>
        <time>2026-09-16T10:10:29.000Z</time>
      </trkpt>
      <trkpt lat="40.255330502986907958984375" lon="9.4951934181153774261474609375">
        <ele>147.8000030517578125</ele>
        <time>2026-09-16T10:10:36.000Z</time>
      </trkpt>
      <trkpt lat="40.25545396842062473297119140625" lon="9.4952074997127056121826171875">
        <ele>147</ele>
        <time>2026-09-16T10:10:44.000Z</time>
      </trkpt>
      <trkpt lat="40.25550551712512969970703125" lon="9.49520942755043506622314453125">
        <ele>146.600006103515625</ele>
        <time>2026-09-16T10:10:48.000Z</time>
      </trkpt>
      <trkpt lat="40.255601070821285247802734375" lon="9.4952534325420856475830078125">
        <ele>146.1999969482421875</ele>
        <time>2026-09-16T10:10:54.000Z</time>
      </trkpt>
      <trkpt lat="40.25570844300091266632080078125" lon="9.49533549137413501739501953125">
        <ele>145.600006103515625</ele>
        <time>2026-09-16T10:11:02.000Z</time>
      </trkpt>
      <trkpt lat="40.255835764110088348388671875" lon="9.49536113999783992767333984375">
        <ele>145</ele>
        <time>2026-09-16T10:11:11.000Z</time>
      </trkpt>
      <trkpt lat="40.255951769649982452392578125" lon="9.4954262673854827880859375">
        <ele>145</ele>
        <time>2026-09-16T10:11:19.000Z</time>
      </trkpt>
      <trkpt lat="40.2560746483504772186279296875" lon="9.4954230822622776031494140625">
        <ele>144.8000030517578125</ele>
        <time>2026-09-16T10:11:29.000Z</time>
      </trkpt>
      <trkpt lat="40.2561356686055660247802734375" lon="9.49534957297146320343017578125">
        <ele>144.8000030517578125</ele>
        <time>2026-09-16T10:11:36.000Z</time>
      </trkpt>
      <trkpt lat="40.256156623363494873046875" lon="9.49533498845994472503662109375">
        <ele>144.8000030517578125</ele>
        <time>2026-09-16T10:11:38.000Z</time>
      </trkpt>
      <trkpt lat="40.25619685649871826171875" lon="9.4953248463571071624755859375">
        <ele>144.8000030517578125</ele>
        <time>2026-09-16T10:11:42.000Z</time>
      </trkpt>
      <trkpt lat="40.25620800442993640899658203125" lon="9.4953204877674579620361328125">
        <ele>144.8000030517578125</ele>
        <time>2026-09-16T10:11:43.000Z</time>
      </trkpt>
      <trkpt lat="40.2562178112566471099853515625" lon="9.495319314301013946533203125">
        <ele>144.8000030517578125</ele>
        <time>2026-09-16T10:11:44.000Z</time>
      </trkpt>
      <trkpt lat="40.2562570385634899139404296875" lon="9.4953154586255550384521484375">
        <ele>144.8000030517578125</ele>
        <time>2026-09-16T10:11:47.000Z</time>
      </trkpt>
      <trkpt lat="40.2562781609594821929931640625" lon="9.49530414305627346038818359375">
        <ele>145</ele>
        <time>2026-09-16T10:11:49.000Z</time>
      </trkpt>
      <trkpt lat="40.2564032189548015594482421875" lon="9.49527380056679248809814453125">
        <ele>145</ele>
        <time>2026-09-16T10:11:57.000Z</time>
      </trkpt>
      <trkpt lat="40.25655970908701419830322265625" lon="9.495250917971134185791015625">
        <ele>145</ele>
        <time>2026-09-16T10:12:08.000Z</time>
      </trkpt>
      <trkpt lat="40.25669717229902744293212890625" lon="9.49524999596178531646728515625">
        <ele>145</ele>
        <time>2026-09-16T10:12:17.000Z</time>
      </trkpt>
      <trkpt lat="40.2568679116666316986083984375" lon="9.49532107450067996978759765625">
        <ele>145</ele>
        <time>2026-09-16T10:12:29.000Z</time>
      </trkpt>
      <trkpt lat="40.25691610760986804962158203125" lon="9.49539651162922382354736328125">
        <ele>145</ele>
        <time>2026-09-16T10:12:35.000Z</time>
      </trkpt>
      <trkpt lat="40.25697880424559116363525390625" lon="9.49541897512972354888916015625">
        <ele>145</ele>
        <time>2026-09-16T10:12:43.000Z</time>
      </trkpt>
      <trkpt lat="40.2569758705794811248779296875" lon="9.49541092850267887115478515625">
        <ele>145</ele>
        <time>2026-09-16T10:12:50.000Z</time>
      </trkpt>
      <trkpt lat="40.25697327218949794769287109375" lon="9.49539349414408206939697265625">
        <ele>145</ele>
        <time>2026-09-16T10:12:57.000Z</time>
      </trkpt>
      <trkpt lat="40.25697008706629276275634765625" lon="9.4953952543437480926513671875">
        <ele>145</ele>
        <time>2026-09-16T10:13:02.000Z</time>
      </trkpt>
      <trkpt lat="40.25697008706629276275634765625" lon="9.4953952543437480926513671875">
        <ele>145</ele>
        <time>2026-09-16T10:13:07.000Z</time>
      </trkpt>
      <trkpt lat="40.25697008706629276275634765625" lon="9.4953952543437480926513671875">
        <ele>145</ele>
        <time>2026-09-16T10:13:13.000Z</time>
      </trkpt>
      <trkpt lat="40.2569654770195484161376953125" lon="9.495399780571460723876953125">
        <ele>145</ele>
        <time>2026-09-16T10:13:19.000Z</time>
      </trkpt>
      <trkpt lat="40.25695567019283771514892578125" lon="9.495401792228221893310546875">
        <ele>145</ele>
        <time>2026-09-16T10:13:25.000Z</time>
      </trkpt>
      <trkpt lat="40.25695432908833026885986328125" lon="9.4954021275043487548828125">
        <ele>145</ele>
        <time>2026-09-16T10:13:28.000Z</time>
      </trkpt>
      <trkpt lat="40.2569599449634552001953125" lon="9.495321996510028839111328125">
        <ele>145.1999969482421875</ele>
        <time>2026-09-16T10:13:46.000Z</time>
      </trkpt>
      <trkpt lat="40.25695852003991603851318359375" lon="9.49530514888465404510498046875">
        <ele>145.1999969482421875</ele>
        <time>2026-09-16T10:13:47.000Z</time>
      </trkpt>
      <trkpt lat="40.256951563060283660888671875" lon="9.49528955854475498199462890625">
        <ele>145.1999969482421875</ele>
        <time>2026-09-16T10:13:48.000Z</time>
      </trkpt>
      <trkpt lat="40.25692851282656192779541015625" lon="9.49515460990369319915771484375">
        <ele>145.1999969482421875</ele>
        <time>2026-09-16T10:13:54.000Z</time>
      </trkpt>
      <trkpt lat="40.25685994885861873626708984375" lon="9.495077915489673614501953125">
        <ele>145</ele>
        <time>2026-09-16T10:14:03.000Z</time>
      </trkpt>
      <trkpt lat="40.2567934803664684295654296875" lon="9.49497230350971221923828125">
        <ele>145</ele>
        <time>2026-09-16T10:14:12.000Z</time>
      </trkpt>
      <trkpt lat="40.25678199715912342071533203125" lon="9.494931735098361968994140625">
        <ele>145</ele>
        <time>2026-09-16T10:14:15.000Z</time>
      </trkpt>
      <trkpt lat="40.25677026249468326568603515625" lon="9.49490499682724475860595703125">
        <ele>145</ele>
        <time>2026-09-16T10:14:19.000Z</time>
      </trkpt>
      <trkpt lat="40.256759114563465118408203125" lon="9.49488915503025054931640625">
        <ele>145</ele>
        <time>2026-09-16T10:14:24.000Z</time>
      </trkpt>
      <trkpt lat="40.2567587792873382568359375" lon="9.494888819754123687744140625">
        <ele>145</ele>
        <time>2026-09-16T10:14:25.000Z</time>
      </trkpt>
      <trkpt lat="40.2567579410970211029052734375" lon="9.49488856829702854156494140625">
        <ele>145</ele>
        <time>2026-09-16T10:14:28.000Z</time>
      </trkpt>
      <trkpt lat="40.25675676763057708740234375" lon="9.4948859699070453643798828125">
        <ele>145</ele>
        <time>2026-09-16T10:14:30.000Z</time>
      </trkpt>
      <trkpt lat="40.2567472122609615325927734375" lon="9.4948564656078815460205078125">
        <ele>145</ele>
        <time>2026-09-16T10:14:33.000Z</time>
      </trkpt>
      <trkpt lat="40.25674763135612010955810546875" lon="9.49481748975813388824462890625">
        <ele>144.8000030517578125</ele>
        <time>2026-09-16T10:14:36.000Z</time>
      </trkpt>
      <trkpt lat="40.2567462064325809478759765625" lon="9.49481162242591381072998046875">
        <ele>144.8000030517578125</ele>
        <time>2026-09-16T10:14:37.000Z</time>
      </trkpt>
      <trkpt lat="40.25674863718450069427490234375" lon="9.494803659617900848388671875">
        <ele>144.8000030517578125</ele>
        <time>2026-09-16T10:14:40.000Z</time>
      </trkpt>
      <trkpt lat="40.25674914009869098663330078125" lon="9.49480441398918628692626953125">
        <ele>144.8000030517578125</ele>
        <time>2026-09-16T10:14:44.000Z</time>
      </trkpt>
      <trkpt lat="40.256817452609539031982421875" lon="9.4947612471878528594970703125">
        <ele>144.399993896484375</ele>
        <time>2026-09-16T10:14:51.000Z</time>
      </trkpt>
      <trkpt lat="40.256878472864627838134765625" lon="9.4947253726422786712646484375">
        <ele>144</ele>
        <time>2026-09-16T10:14:56.000Z</time>
      </trkpt>
      <trkpt lat="40.25694242678582668304443359375" lon="9.494670219719409942626953125">
        <ele>144</ele>
        <time>2026-09-16T10:15:01.000Z</time>
      </trkpt>
      <trkpt lat="40.25701434351503849029541015625" lon="9.49459922499954700469970703125">
        <ele>144</ele>
        <time>2026-09-16T10:15:09.000Z</time>
      </trkpt>
      <trkpt lat="40.257016606628894805908203125" lon="9.49451155029237270355224609375">
        <ele>143.8000030517578125</ele>
        <time>2026-09-16T10:15:16.000Z</time>
      </trkpt>
      <trkpt lat="40.25700897909700870513916015625" lon="9.4943332672119140625">
        <ele>143</ele>
        <time>2026-09-16T10:15:25.000Z</time>
      </trkpt>
      <trkpt lat="40.2570067159831523895263671875" lon="9.49426813982427120208740234375">
        <ele>142.8000030517578125</ele>
        <time>2026-09-16T10:15:29.000Z</time>
      </trkpt>
      <trkpt lat="40.25699975900352001190185546875" lon="9.49421449564397335052490234375">
        <ele>142.399993896484375</ele>
        <time>2026-09-16T10:15:33.000Z</time>
      </trkpt>
      <trkpt lat="40.25701015256345272064208984375" lon="9.494081474840641021728515625">
        <ele>141.399993896484375</ele>
        <time>2026-09-16T10:15:41.000Z</time>
      </trkpt>
      <trkpt lat="40.25703295134007930755615234375" lon="9.49398751370608806610107421875">
        <ele>141</ele>
        <time>2026-09-16T10:15:46.000Z</time>
      </trkpt>
      <trkpt lat="40.25706413201987743377685546875" lon="9.49394141323864459991455078125">
        <ele>140.8000030517578125</ele>
        <time>2026-09-16T10:15:49.000Z</time>
      </trkpt>
      <trkpt lat="40.25711073540151119232177734375" lon="9.49391207657754421234130859375">
        <ele>141</ele>
        <time>2026-09-16T10:15:53.000Z</time>
      </trkpt>
      <trkpt lat="40.25723244063556194305419921875" lon="9.493854157626628875732421875">
        <ele>140.600006103515625</ele>
        <time>2026-09-16T10:16:02.000Z</time>
      </trkpt>
      <trkpt lat="40.25738147087395191192626953125" lon="9.49379657395184040069580078125">
        <ele>140</ele>
        <time>2026-09-16T10:16:12.000Z</time>
      </trkpt>
      <trkpt lat="40.25745145976543426513671875" lon="9.4937735237181186676025390625">
        <ele>140</ele>
        <time>2026-09-16T10:16:17.000Z</time>
      </trkpt>
      <trkpt lat="40.2574990689754486083984375" lon="9.49373018927872180938720703125">
        <ele>140</ele>
        <time>2026-09-16T10:16:22.000Z</time>
      </trkpt>
      <trkpt lat="40.257535614073276519775390625" lon="9.49357897974550724029541015625">
        <ele>139.600006103515625</ele>
        <time>2026-09-16T10:16:31.000Z</time>
      </trkpt>
      <trkpt lat="40.2575800381600856781005859375" lon="9.493414945900440216064453125">
        <ele>138.8000030517578125</ele>
        <time>2026-09-16T10:16:41.000Z</time>
      </trkpt>
      <trkpt lat="40.2576112188398838043212890625" lon="9.4933628104627132415771484375">
        <ele>138.399993896484375</ele>
        <time>2026-09-16T10:16:45.000Z</time>
      </trkpt>
      <trkpt lat="40.2576269768178462982177734375" lon="9.49332006275653839111328125">
        <ele>138.1999969482421875</ele>
        <time>2026-09-16T10:16:48.000Z</time>
      </trkpt>
      <trkpt lat="40.25768355466425418853759765625" lon="9.4931619800627231597900390625">
        <ele>137.399993896484375</ele>
        <time>2026-09-16T10:16:58.000Z</time>
      </trkpt>
      <trkpt lat="40.257765613496303558349609375" lon="9.49301655404269695281982421875">
        <ele>136.8000030517578125</ele>
        <time>2026-09-16T10:17:07.000Z</time>
      </trkpt>
      <trkpt lat="40.2578826248645782470703125" lon="9.49290591292083263397216796875">
        <ele>136.600006103515625</ele>
        <time>2026-09-16T10:17:17.000Z</time>
      </trkpt>
      <trkpt lat="40.2579890750348567962646484375" lon="9.4928352534770965576171875">
        <ele>137</ele>
        <time>2026-09-16T10:17:26.000Z</time>
      </trkpt>
      <trkpt lat="40.2579971216619014739990234375" lon="9.492673315107822418212890625">
        <ele>137</ele>
        <time>2026-09-16T10:17:34.000Z</time>
      </trkpt>
      <trkpt lat="40.2579853869974613189697265625" lon="9.49251246638596057891845703125">
        <ele>137</ele>
        <time>2026-09-16T10:17:43.000Z</time>
      </trkpt>
      <trkpt lat="40.25798832066357135772705078125" lon="9.49246301315724849700927734375">
        <ele>137.1999969482421875</ele>
        <time>2026-09-16T10:17:46.000Z</time>
      </trkpt>
      <trkpt lat="40.2579791843891143798828125" lon="9.49232337065041065216064453125">
        <ele>138.1999969482421875</ele>
        <time>2026-09-16T10:17:55.000Z</time>
      </trkpt>
      <trkpt lat="40.2579270489513874053955078125" lon="9.49214198626577854156494140625">
        <ele>139.600006103515625</ele>
        <time>2026-09-16T10:18:06.000Z</time>
      </trkpt>
      <trkpt lat="40.2579094469547271728515625" lon="9.49200402013957500457763671875">
        <ele>140.600006103515625</ele>
        <time>2026-09-16T10:18:14.000Z</time>
      </trkpt>
      <trkpt lat="40.257901735603809356689453125" lon="9.4918574206531047821044921875">
        <ele>141.600006103515625</ele>
        <time>2026-09-16T10:18:22.000Z</time>
      </trkpt>
      <trkpt lat="40.25788790546357631683349609375" lon="9.49179966934025287628173828125">
        <ele>142</ele>
        <time>2026-09-16T10:18:25.000Z</time>
      </trkpt>
      <trkpt lat="40.25786879472434520721435546875" lon="9.491571597754955291748046875">
        <ele>143.600006103515625</ele>
        <time>2026-09-16T10:18:36.000Z</time>
      </trkpt>
      <trkpt lat="40.25783996097743511199951171875" lon="9.4913890399038791656494140625">
        <ele>144.600006103515625</ele>
        <time>2026-09-16T10:18:46.000Z</time>
      </trkpt>
      <trkpt lat="40.2578371949493885040283203125" lon="9.49134302325546741485595703125">
        <ele>144.600006103515625</ele>
        <time>2026-09-16T10:18:49.000Z</time>
      </trkpt>
      <trkpt lat="40.25779553689062595367431640625" lon="9.49118728749454021453857421875">
        <ele>144.600006103515625</ele>
        <time>2026-09-16T10:18:59.000Z</time>
      </trkpt>
      <trkpt lat="40.25776703841984272003173828125" lon="9.4911486469209194183349609375">
        <ele>144.8000030517578125</ele>
        <time>2026-09-16T10:19:03.000Z</time>
      </trkpt>
      <trkpt lat="40.25773518718779087066650390625" lon="9.49111939407885074615478515625">
        <ele>145</ele>
        <time>2026-09-16T10:19:06.000Z</time>
      </trkpt>
      <trkpt lat="40.25759772397577762603759765625" lon="9.49110179208219051361083984375">
        <ele>145</ele>
        <time>2026-09-16T10:19:16.000Z</time>
      </trkpt>
      <trkpt lat="40.25749211199581623077392578125" lon="9.491120316088199615478515625">
        <ele>145</ele>
        <time>2026-09-16T10:19:23.000Z</time>
      </trkpt>
      <trkpt lat="40.25731475092470645904541015625" lon="9.4911804981529712677001953125">
        <ele>144.8000030517578125</ele>
        <time>2026-09-16T10:19:34.000Z</time>
      </trkpt>
      <trkpt lat="40.25730192661285400390625" lon="9.49118527583777904510498046875">
        <ele>144.8000030517578125</ele>
        <time>2026-09-16T10:19:35.000Z</time>
      </trkpt>
      <trkpt lat="40.25715800933539867401123046875" lon="9.49126280844211578369140625">
        <ele>145</ele>
        <time>2026-09-16T10:19:45.000Z</time>
      </trkpt>
      <trkpt lat="40.257079638540744781494140625" lon="9.49128418229520320892333984375">
        <ele>145.1999969482421875</ele>
        <time>2026-09-16T10:19:51.000Z</time>
      </trkpt>
      <trkpt lat="40.25703839957714080810546875" lon="9.49131167493760585784912109375">
        <ele>145.399993896484375</ele>
        <time>2026-09-16T10:19:54.000Z</time>
      </trkpt>
      <trkpt lat="40.25694259442389011383056640625" lon="9.49135132133960723876953125">
        <ele>145.8000030517578125</ele>
        <time>2026-09-16T10:20:00.000Z</time>
      </trkpt>
      <trkpt lat="40.25688149034976959228515625" lon="9.4913726113736629486083984375">
        <ele>146</ele>
        <time>2026-09-16T10:20:05.000Z</time>
      </trkpt>
      <trkpt lat="40.25680479593575000762939453125" lon="9.491405971348285675048828125">
        <ele>146</ele>
        <time>2026-09-16T10:20:11.000Z</time>
      </trkpt>
      <trkpt lat="40.256786607205867767333984375" lon="9.491417706012725830078125">
        <ele>145.8000030517578125</ele>
        <time>2026-09-16T10:20:12.000Z</time>
      </trkpt>
      <trkpt lat="40.256699435412883758544921875" lon="9.4914324581623077392578125">
        <ele>145.8000030517578125</ele>
        <time>2026-09-16T10:20:18.000Z</time>
      </trkpt>
      <trkpt lat="40.2566890418529510498046875" lon="9.49143111705780029296875">
        <ele>145.8000030517578125</ele>
        <time>2026-09-16T10:20:19.000Z</time>
      </trkpt>
      <trkpt lat="40.2566030435264110565185546875" lon="9.4914416782557964324951171875">
        <ele>145.8000030517578125</ele>
        <time>2026-09-16T10:20:25.000Z</time>
      </trkpt>
      <trkpt lat="40.25657110847532749176025390625" lon="9.49144880287349224090576171875">
        <ele>145.8000030517578125</ele>
        <time>2026-09-16T10:20:27.000Z</time>
      </trkpt>
      <trkpt lat="40.25655551813542842864990234375" lon="9.49145332910120487213134765625">
        <ele>146</ele>
        <time>2026-09-16T10:20:28.000Z</time>
      </trkpt>
      <trkpt lat="40.25653858669102191925048828125" lon="9.49145768769085407257080078125">
        <ele>146</ele>
        <time>2026-09-16T10:20:29.000Z</time>
      </trkpt>
      <trkpt lat="40.25641956366598606109619140625" lon="9.4914765469729900360107421875">
        <ele>146.399993896484375</ele>
        <time>2026-09-16T10:20:36.000Z</time>
      </trkpt>
      <trkpt lat="40.25630271993577480316162109375" lon="9.4914436899125576019287109375">
        <ele>147</ele>
        <time>2026-09-16T10:20:44.000Z</time>
      </trkpt>
      <trkpt lat="40.25619409047067165374755859375" lon="9.4914279319345951080322265625">
        <ele>146.600006103515625</ele>
        <time>2026-09-16T10:20:52.000Z</time>
      </trkpt>
      <trkpt lat="40.25604640133678913116455078125" lon="9.491399265825748443603515625">
        <ele>146</ele>
        <time>2026-09-16T10:21:02.000Z</time>
      </trkpt>
      <trkpt lat="40.25594665668904781341552734375" lon="9.49135626666247844696044921875">
        <ele>146</ele>
        <time>2026-09-16T10:21:10.000Z</time>
      </trkpt>
      <trkpt lat="40.2559004724025726318359375" lon="9.4913278520107269287109375">
        <ele>146</ele>
        <time>2026-09-16T10:21:14.000Z</time>
      </trkpt>
      <trkpt lat="40.255866944789886474609375" lon="9.49131569825112819671630859375">
        <ele>146</ele>
        <time>2026-09-16T10:21:17.000Z</time>
      </trkpt>
      <trkpt lat="40.25579159148037433624267578125" lon="9.49129893444478511810302734375">
        <ele>146</ele>
        <time>2026-09-16T10:21:23.000Z</time>
      </trkpt>
      <trkpt lat="40.255768708884716033935546875" lon="9.49128937907516956329345703125">
        <ele>146</ele>
        <time>2026-09-16T10:21:25.000Z</time>
      </trkpt>
      <trkpt lat="40.25575169362127780914306640625" lon="9.49129206128418445587158203125">
        <ele>146</ele>
        <time>2026-09-16T10:21:26.000Z</time>
      </trkpt>
      <trkpt lat="40.255648009479045867919921875" lon="9.491251744329929351806640625">
        <ele>146.8000030517578125</ele>
        <time>2026-09-16T10:21:34.000Z</time>
      </trkpt>
      <trkpt lat="40.2555938623845577239990234375" lon="9.4912264309823513031005859375">
        <ele>147.1999969482421875</ele>
        <time>2026-09-16T10:21:38.000Z</time>
      </trkpt>
      <trkpt lat="40.25553376413881778717041015625" lon="9.49117370881140232086181640625">
        <ele>147.600006103515625</ele>
        <time>2026-09-16T10:21:43.000Z</time>
      </trkpt>
      <trkpt lat="40.25551280938088893890380859375" lon="9.49114738963544368743896484375">
        <ele>147.8000030517578125</ele>
        <time>2026-09-16T10:21:45.000Z</time>
      </trkpt>
      <trkpt lat="40.25542396120727062225341796875" lon="9.4910212419927120208740234375">
        <ele>148.399993896484375</ele>
        <time>2026-09-16T10:21:54.000Z</time>
      </trkpt>
      <trkpt lat="40.2553460933268070220947265625" lon="9.49085469357669353485107421875">
        <ele>149</ele>
        <time>2026-09-16T10:22:04.000Z</time>
      </trkpt>
      <trkpt lat="40.25527912192046642303466796875" lon="9.49071320705115795135498046875">
        <ele>149.399993896484375</ele>
        <time>2026-09-16T10:22:14.000Z</time>
      </trkpt>
      <trkpt lat="40.25525347329676151275634765625" lon="9.49063307605683803558349609375">
        <ele>149.8000030517578125</ele>
        <time>2026-09-16T10:22:19.000Z</time>
      </trkpt>
      <trkpt lat="40.25523453019559383392333984375" lon="9.49056015349924564361572265625">
        <ele>149.8000030517578125</ele>
        <time>2026-09-16T10:22:23.000Z</time>
      </trkpt>
      <trkpt lat="40.25521583855152130126953125" lon="9.49038748629391193389892578125">
        <ele>150</ele>
        <time>2026-09-16T10:22:34.000Z</time>
      </trkpt>
      <trkpt lat="40.2552025951445102691650390625" lon="9.490318335592746734619140625">
        <ele>150</ele>
        <time>2026-09-16T10:22:38.000Z</time>
      </trkpt>
      <trkpt lat="40.2551878429949283599853515625" lon="9.4902095384895801544189453125">
        <ele>150.600006103515625</ele>
        <time>2026-09-16T10:22:44.000Z</time>
      </trkpt>
      <trkpt lat="40.25515305809676647186279296875" lon="9.49002756737172603607177734375">
        <ele>151.8000030517578125</ele>
        <time>2026-09-16T10:22:53.000Z</time>
      </trkpt>
      <trkpt lat="40.25512087158858776092529296875" lon="9.48982648551464080810546875">
        <ele>153.1999969482421875</ele>
        <time>2026-09-16T10:23:02.000Z</time>
      </trkpt>
      <trkpt lat="40.25512020103633403778076171875" lon="9.48976873420178890228271484375">
        <ele>153.1999969482421875</ele>
        <time>2026-09-16T10:23:05.000Z</time>
      </trkpt>
      <trkpt lat="40.2550969831645488739013671875" lon="9.48968608863651752471923828125">
        <ele>153.8000030517578125</ele>
        <time>2026-09-16T10:23:09.000Z</time>
      </trkpt>
      <trkpt lat="40.2550879307091236114501953125" lon="9.4895108230412006378173828125">
        <ele>153.8000030517578125</ele>
        <time>2026-09-16T10:23:17.000Z</time>
      </trkpt>
      <trkpt lat="40.255086421966552734375" lon="9.48940093629062175750732421875">
        <ele>153.600006103515625</ele>
        <time>2026-09-16T10:23:23.000Z</time>
      </trkpt>
      <trkpt lat="40.25508633814752101898193359375" lon="9.48938484303653240203857421875">
        <ele>153.600006103515625</ele>
        <time>2026-09-16T10:23:24.000Z</time>
      </trkpt>
      <trkpt lat="40.255087427794933319091796875" lon="9.48927487246692180633544921875">
        <ele>153.600006103515625</ele>
        <time>2026-09-16T10:23:31.000Z</time>
      </trkpt>
      <trkpt lat="40.25508918799459934234619140625" lon="9.489232040941715240478515625">
        <ele>153.399993896484375</ele>
        <time>2026-09-16T10:23:33.000Z</time>
      </trkpt>
      <trkpt lat="40.255094468593597412109375" lon="9.4890501536428928375244140625">
        <ele>153</ele>
        <time>2026-09-16T10:23:41.000Z</time>
      </trkpt>
      <trkpt lat="40.255084075033664703369140625" lon="9.48889919556677341461181640625">
        <ele>153.1999969482421875</ele>
        <time>2026-09-16T10:23:48.000Z</time>
      </trkpt>
      <trkpt lat="40.25509354658424854278564453125" lon="9.4887554459273815155029296875">
        <ele>152.600006103515625</ele>
        <time>2026-09-16T10:23:56.000Z</time>
      </trkpt>
      <trkpt lat="40.25508818216621875762939453125" lon="9.4886377640068531036376953125">
        <ele>152.600006103515625</ele>
        <time>2026-09-16T10:24:04.000Z</time>
      </trkpt>
      <trkpt lat="40.255027078092098236083984375" lon="9.4885153882205486297607421875">
        <ele>153.1999969482421875</ele>
        <time>2026-09-16T10:24:13.000Z</time>
      </trkpt>
      <trkpt lat="40.25493814609944820404052734375" lon="9.48838437907397747039794921875">
        <ele>154.1999969482421875</ele>
        <time>2026-09-16T10:24:23.000Z</time>
      </trkpt>
      <trkpt lat="40.25484929792582988739013671875" lon="9.48828555643558502197265625">
        <ele>154.8000030517578125</ele>
        <time>2026-09-16T10:24:31.000Z</time>
      </trkpt>
      <trkpt lat="40.25479045696556568145751953125" lon="9.4881547987461090087890625">
        <ele>154.1999969482421875</ele>
        <time>2026-09-16T10:24:39.000Z</time>
      </trkpt>
      <trkpt lat="40.25477419607341289520263671875" lon="9.48801440186798572540283203125">
        <ele>153.1999969482421875</ele>
        <time>2026-09-16T10:24:47.000Z</time>
      </trkpt>
      <trkpt lat="40.254783667623996734619140625" lon="9.48788381181657314300537109375">
        <ele>152.600006103515625</ele>
        <time>2026-09-16T10:24:54.000Z</time>
      </trkpt>
      <trkpt lat="40.254787020385265350341796875" lon="9.48786973021924495697021484375">
        <ele>152.399993896484375</ele>
        <time>2026-09-16T10:24:55.000Z</time>
      </trkpt>
      <trkpt lat="40.25479062460362911224365234375" lon="9.4878538884222507476806640625">
        <ele>152.399993896484375</ele>
        <time>2026-09-16T10:24:56.000Z</time>
      </trkpt>
      <trkpt lat="40.25483630597591400146484375" lon="9.4877308420836925506591796875">
        <ele>151.399993896484375</ele>
        <time>2026-09-16T10:25:03.000Z</time>
      </trkpt>
      <trkpt lat="40.2549052052199840545654296875" lon="9.487591199576854705810546875">
        <ele>150.399993896484375</ele>
        <time>2026-09-16T10:25:11.000Z</time>
      </trkpt>
      <trkpt lat="40.254918448626995086669921875" lon="9.487575106322765350341796875">
        <ele>150.1999969482421875</ele>
        <time>2026-09-16T10:25:12.000Z</time>
      </trkpt>
      <trkpt lat="40.25501056574285030364990234375" lon="9.4874448515474796295166015625">
        <ele>150.600006103515625</ele>
        <time>2026-09-16T10:25:19.000Z</time>
      </trkpt>
      <trkpt lat="40.25512724183499813079833984375" lon="9.4873513095080852508544921875">
        <ele>151.399993896484375</ele>
        <time>2026-09-16T10:25:28.000Z</time>
      </trkpt>
      <trkpt lat="40.25518390350043773651123046875" lon="9.487312249839305877685546875">
        <ele>151.399993896484375</ele>
        <time>2026-09-16T10:25:33.000Z</time>
      </trkpt>
      <trkpt lat="40.25523385964334011077880859375" lon="9.48728433810174465179443359375">
        <ele>151.399993896484375</ele>
        <time>2026-09-16T10:25:37.000Z</time>
      </trkpt>
      <trkpt lat="40.2553541399538516998291015625" lon="9.487213008105754852294921875">
        <ele>151.600006103515625</ele>
        <time>2026-09-16T10:25:47.000Z</time>
      </trkpt>
      <trkpt lat="40.255468301475048065185546875" lon="9.4871679134666919708251953125">
        <ele>151.8000030517578125</ele>
        <time>2026-09-16T10:25:56.000Z</time>
      </trkpt>
      <trkpt lat="40.255580283701419830322265625" lon="9.48711343109607696533203125">
        <ele>151.399993896484375</ele>
        <time>2026-09-16T10:26:06.000Z</time>
      </trkpt>
      <trkpt lat="40.2557289786636829376220703125" lon="9.48709172196686267852783203125">
        <ele>150.600006103515625</ele>
        <time>2026-09-16T10:26:16.000Z</time>
      </trkpt>
      <trkpt lat="40.255764015018939971923828125" lon="9.48710580356419086456298828125">
        <ele>150.1999969482421875</ele>
        <time>2026-09-16T10:26:19.000Z</time>
      </trkpt>
    </trkseg>
  </trk>
</gpx>
