<?xml version="1.0" encoding="UTF-8"?>
<gpx creator="sardegna-trek" version="1.1"
  xsi:schemaLocation="http://www.topografix.com/GPX/1/1 http://www.topografix.com/GPX/11.xsd"
  xmlns="http://www.topografix.com/GPX/1/1"
  xmlns:xsi="http://www.w3.org/2001/XMLSchema-instance">
  <metadata>
    <time>2026-09-26T05:49:25.000Z</time>
  </metadata>
  <trk>
    <name>Hiking to Punta Poloche</name>
    <trkseg>
      <trkpt lat="40.1591168157756328582763671875" lon="9.5078138820827007293701171875">
        <ele>1007</ele>
        <time>2026-09-26T05:49:25.000Z</time>
      </trkpt>
      <trkpt lat="40.15911689959466457366943359375" lon="9.5078138820827007293701171875">
        <ele>1007</ele>
        <time>2026-09-26T05:49:26.000Z</time>
      </trkpt>
      <trkpt lat="40.15915947966277599334716796875" lon="9.50777113437652587890625">
        <ele>1007.20001220703125</ele>
        <time>2026-09-26T05:49:32.000Z</time>
      </trkpt>
      <trkpt lat="40.15926626510918140411376953125" lon="9.50768991373479366302490234375">
        <ele>1007.79998779296875</ele>
        <time>2026-09-26T05:49:40.000Z</time>
      </trkpt>
      <trkpt lat="40.1592760719358921051025390625" lon="9.507680945098400115966796875">
        <ele>1008</ele>
        <time>2026-09-26T05:49:41.000Z</time>
      </trkpt>
      <trkpt lat="40.1593790017068386077880859375" lon="9.507583044469356536865234375">
        <ele>1009.20001220703125</ele>
        <time>2026-09-26T05:49:50.000Z</time>
      </trkpt>
      <trkpt lat="40.15943373553454875946044921875" lon="9.50747382827103137969970703125">
        <ele>1010.79998779296875</ele>
        <time>2026-09-26T05:49:57.000Z</time>
      </trkpt>
      <trkpt lat="40.15952208079397678375244140625" lon="9.5073713175952434539794921875">
        <ele>1012</ele>
        <time>2026-09-26T05:50:05.000Z</time>
      </trkpt>
      <trkpt lat="40.1596083305776119232177734375" lon="9.50729412026703357696533203125">
        <ele>1013.5999755859375</ele>
        <time>2026-09-26T05:50:15.000Z</time>
      </trkpt>
      <trkpt lat="40.15971084125339984893798828125" lon="9.50726763345301151275634765625">
        <ele>1012.4000244140625</ele>
        <time>2026-09-26T05:50:24.000Z</time>
      </trkpt>
      <trkpt lat="40.15971553511917591094970703125" lon="9.507260508835315704345703125">
        <ele>1012.5999755859375</ele>
        <time>2026-09-26T05:50:25.000Z</time>
      </trkpt>
      <trkpt lat="40.15972576104104518890380859375" lon="9.5072462595999240875244140625">
        <ele>1013</ele>
        <time>2026-09-26T05:50:30.000Z</time>
      </trkpt>
      <trkpt lat="40.15976666472852230072021484375" lon="9.50720359571278095245361328125">
        <ele>1013.79998779296875</ele>
        <time>2026-09-26T05:50:37.000Z</time>
      </trkpt>
      <trkpt lat="40.15980907715857028961181640625" lon="9.5071309246122837066650390625">
        <ele>1015.4000244140625</ele>
        <time>2026-09-26T05:50:45.000Z</time>
      </trkpt>
      <trkpt lat="40.1598031260073184967041015625" lon="9.5070885121822357177734375">
        <ele>1017.20001220703125</ele>
        <time>2026-09-26T05:50:52.000Z</time>
      </trkpt>
      <trkpt lat="40.15979616902768611907958984375" lon="9.50706596486270427703857421875">
        <ele>1018.20001220703125</ele>
        <time>2026-09-26T05:50:58.000Z</time>
      </trkpt>
      <trkpt lat="40.1597806625068187713623046875" lon="9.5070856623351573944091796875">
        <ele>1017.79998779296875</ele>
        <time>2026-09-26T05:51:05.000Z</time>
      </trkpt>
      <trkpt lat="40.159749649465084075927734375" lon="9.5070997439324855804443359375">
        <ele>1017.79998779296875</ele>
        <time>2026-09-26T05:51:09.000Z</time>
      </trkpt>
      <trkpt lat="40.159741602838039398193359375" lon="9.50710804201662540435791015625">
        <ele>1017.79998779296875</ele>
        <time>2026-09-26T05:51:10.000Z</time>
      </trkpt>
      <trkpt lat="40.15973213128745555877685546875" lon="9.50711307115852832794189453125">
        <ele>1017.79998779296875</ele>
        <time>2026-09-26T05:51:11.000Z</time>
      </trkpt>
      <trkpt lat="40.15971587039530277252197265625" lon="9.507124386727809906005859375">
        <ele>1017.5999755859375</ele>
        <time>2026-09-26T05:51:15.000Z</time>
      </trkpt>
      <trkpt lat="40.15970614738762378692626953125" lon="9.50711910612881183624267578125">
        <ele>1018</ele>
        <time>2026-09-26T05:51:17.000Z</time>
      </trkpt>
      <trkpt lat="40.159696675837039947509765625" lon="9.507115669548511505126953125">
        <ele>1018.4000244140625</ele>
        <time>2026-09-26T05:51:22.000Z</time>
      </trkpt>
      <trkpt lat="40.15969835221767425537109375" lon="9.50711575336754322052001953125">
        <ele>1018.4000244140625</ele>
        <time>2026-09-26T05:51:24.000Z</time>
      </trkpt>
      <trkpt lat="40.15969675965607166290283203125" lon="9.50711424462497234344482421875">
        <ele>1018.4000244140625</ele>
        <time>2026-09-26T05:51:34.000Z</time>
      </trkpt>
      <trkpt lat="40.15969675965607166290283203125" lon="9.50711424462497234344482421875">
        <ele>1018.4000244140625</ele>
        <time>2026-09-26T05:51:35.000Z</time>
      </trkpt>
      <trkpt lat="40.15967764891684055328369140625" lon="9.507113993167877197265625">
        <ele>1018.79998779296875</ele>
        <time>2026-09-26T05:51:37.000Z</time>
      </trkpt>
      <trkpt lat="40.1596056483685970306396484375" lon="9.50714358128607273101806640625">
        <ele>1019.4000244140625</ele>
        <time>2026-09-26T05:51:43.000Z</time>
      </trkpt>
      <trkpt lat="40.159551165997982025146484375" lon="9.5071743428707122802734375">
        <ele>1019.4000244140625</ele>
        <time>2026-09-26T05:51:50.000Z</time>
      </trkpt>
      <trkpt lat="40.1595367491245269775390625" lon="9.50721700675785541534423828125">
        <ele>1018</ele>
        <time>2026-09-26T05:51:55.000Z</time>
      </trkpt>
      <trkpt lat="40.15952912159264087677001953125" lon="9.5072321780025959014892578125">
        <ele>1017.4000244140625</ele>
        <time>2026-09-26T05:51:56.000Z</time>
      </trkpt>
      <trkpt lat="40.159514285624027252197265625" lon="9.50724785216152667999267578125">
        <ele>1017.20001220703125</ele>
        <time>2026-09-26T05:51:58.000Z</time>
      </trkpt>
      <trkpt lat="40.1595037244260311126708984375" lon="9.50724818743765354156494140625">
        <ele>1017.20001220703125</ele>
        <time>2026-09-26T05:51:59.000Z</time>
      </trkpt>
      <trkpt lat="40.1594916544854640960693359375" lon="9.507247097790241241455078125">
        <ele>1017.5999755859375</ele>
        <time>2026-09-26T05:52:00.000Z</time>
      </trkpt>
      <trkpt lat="40.159463323652744293212890625" lon="9.50725221075117588043212890625">
        <ele>1017.79998779296875</ele>
        <time>2026-09-26T05:52:02.000Z</time>
      </trkpt>
      <trkpt lat="40.1593677699565887451171875" lon="9.50727651827037334442138671875">
        <ele>1018.79998779296875</ele>
        <time>2026-09-26T05:52:10.000Z</time>
      </trkpt>
      <trkpt lat="40.159325189888477325439453125" lon="9.50729009695351123809814453125">
        <ele>1019.20001220703125</ele>
        <time>2026-09-26T05:52:14.000Z</time>
      </trkpt>
      <trkpt lat="40.1592988707125186920166015625" lon="9.5073138177394866943359375">
        <ele>1018.5999755859375</ele>
        <time>2026-09-26T05:52:17.000Z</time>
      </trkpt>
      <trkpt lat="40.159249417483806610107421875" lon="9.50733753852546215057373046875">
        <ele>1018.4000244140625</ele>
        <time>2026-09-26T05:52:21.000Z</time>
      </trkpt>
      <trkpt lat="40.15917976386845111846923828125" lon="9.50736343860626220703125">
        <ele>1018.20001220703125</ele>
        <time>2026-09-26T05:52:27.000Z</time>
      </trkpt>
      <trkpt lat="40.1591677777469158172607421875" lon="9.50736151076853275299072265625">
        <ele>1018.4000244140625</ele>
        <time>2026-09-26T05:52:28.000Z</time>
      </trkpt>
      <trkpt lat="40.1591409556567668914794921875" lon="9.5073589123785495758056640625">
        <ele>1018.5999755859375</ele>
        <time>2026-09-26T05:52:30.000Z</time>
      </trkpt>
      <trkpt lat="40.1590732298791408538818359375" lon="9.50733250938355922698974609375">
        <ele>1020</ele>
        <time>2026-09-26T05:52:36.000Z</time>
      </trkpt>
      <trkpt lat="40.1589548774063587188720703125" lon="9.5072931982576847076416015625">
        <ele>1021.5999755859375</ele>
        <time>2026-09-26T05:52:46.000Z</time>
      </trkpt>
      <trkpt lat="40.15880878083407878875732421875" lon="9.5072499476373195648193359375">
        <ele>1023.20001220703125</ele>
        <time>2026-09-26T05:52:55.000Z</time>
      </trkpt>
      <trkpt lat="40.1587513647973537445068359375" lon="9.5071916095912456512451171875">
        <ele>1024.5999755859375</ele>
        <time>2026-09-26T05:53:02.000Z</time>
      </trkpt>
      <trkpt lat="40.15871976502239704132080078125" lon="9.50716051273047924041748046875">
        <ele>1025.4000244140625</ele>
        <time>2026-09-26T05:53:06.000Z</time>
      </trkpt>
      <trkpt lat="40.15869344584643840789794921875" lon="9.5071175135672092437744140625">
        <ele>1026.800048828125</ele>
        <time>2026-09-26T05:53:10.000Z</time>
      </trkpt>
      <trkpt lat="40.1585783623158931732177734375" lon="9.50702254660427570343017578125">
        <ele>1028.800048828125</ele>
        <time>2026-09-26T05:53:19.000Z</time>
      </trkpt>
      <trkpt lat="40.158443748950958251953125" lon="9.5069195330142974853515625">
        <ele>1030.800048828125</ele>
        <time>2026-09-26T05:53:29.000Z</time>
      </trkpt>
      <trkpt lat="40.15836906619369983673095703125" lon="9.5068171061575412750244140625">
        <ele>1033.4000244140625</ele>
        <time>2026-09-26T05:53:37.000Z</time>
      </trkpt>
      <trkpt lat="40.1583279110491275787353515625" lon="9.50677393935620784759521484375">
        <ele>1034.4000244140625</ele>
        <time>2026-09-26T05:53:42.000Z</time>
      </trkpt>
      <trkpt lat="40.15832095406949520111083984375" lon="9.50676538981497287750244140625">
        <ele>1034.5999755859375</ele>
        <time>2026-09-26T05:53:43.000Z</time>
      </trkpt>
      <trkpt lat="40.15828239731490612030029296875" lon="9.5067299343645572662353515625">
        <ele>1035.4000244140625</ele>
        <time>2026-09-26T05:53:47.000Z</time>
      </trkpt>
      <trkpt lat="40.158245265483856201171875" lon="9.50668827630579471588134765625">
        <ele>1036.4000244140625</ele>
        <time>2026-09-26T05:53:52.000Z</time>
      </trkpt>
      <trkpt lat="40.1582336984574794769287109375" lon="9.50667805038392543792724609375">
        <ele>1036.5999755859375</ele>
        <time>2026-09-26T05:53:54.000Z</time>
      </trkpt>
      <trkpt lat="40.1581773720681667327880859375" lon="9.5066323690116405487060546875">
        <ele>1038.4000244140625</ele>
        <time>2026-09-26T05:54:00.000Z</time>
      </trkpt>
      <trkpt lat="40.15809296630322933197021484375" lon="9.50656556524336338043212890625">
        <ele>1041.199951171875</ele>
        <time>2026-09-26T05:54:09.000Z</time>
      </trkpt>
      <trkpt lat="40.1580513082444667816162109375" lon="9.5065441913902759552001953125">
        <ele>1042.199951171875</ele>
        <time>2026-09-26T05:54:12.000Z</time>
      </trkpt>
      <trkpt lat="40.1579933054745197296142578125" lon="9.506524913012981414794921875">
        <ele>1042.800048828125</ele>
        <time>2026-09-26T05:54:16.000Z</time>
      </trkpt>
      <trkpt lat="40.15798031352460384368896484375" lon="9.50651410035789012908935546875">
        <ele>1043.199951171875</ele>
        <time>2026-09-26T05:54:17.000Z</time>
      </trkpt>
      <trkpt lat="40.15794410370290279388427734375" lon="9.5064922235906124114990234375">
        <ele>1044.4000244140625</ele>
        <time>2026-09-26T05:54:20.000Z</time>
      </trkpt>
      <trkpt lat="40.15790001489222049713134765625" lon="9.5064536668360233306884765625">
        <ele>1046.199951171875</ele>
        <time>2026-09-26T05:54:25.000Z</time>
      </trkpt>
      <trkpt lat="40.157811082899570465087890625" lon="9.5064057223498821258544921875">
        <ele>1048.800048828125</ele>
        <time>2026-09-26T05:54:33.000Z</time>
      </trkpt>
      <trkpt lat="40.1577686704695224761962890625" lon="9.5063938200473785400390625">
        <ele>1049.5999755859375</ele>
        <time>2026-09-26T05:54:36.000Z</time>
      </trkpt>
      <trkpt lat="40.15774570405483245849609375" lon="9.50637429021298885345458984375">
        <ele>1050.800048828125</ele>
        <time>2026-09-26T05:54:40.000Z</time>
      </trkpt>
      <trkpt lat="40.157737322151660919189453125" lon="9.50637831352651119232177734375">
        <ele>1050.5999755859375</ele>
        <time>2026-09-26T05:54:41.000Z</time>
      </trkpt>
      <trkpt lat="40.15767269767820835113525390625" lon="9.50635802932083606719970703125">
        <ele>1052</ele>
        <time>2026-09-26T05:54:49.000Z</time>
      </trkpt>
      <trkpt lat="40.157632045447826385498046875" lon="9.5063276030123233795166015625">
        <ele>1054</ele>
        <time>2026-09-26T05:54:57.000Z</time>
      </trkpt>
      <trkpt lat="40.157601200044155120849609375" lon="9.50631662271916866302490234375">
        <ele>1054.800048828125</ele>
        <time>2026-09-26T05:55:03.000Z</time>
      </trkpt>
      <trkpt lat="40.15759172849357128143310546875" lon="9.50631461106240749359130859375">
        <ele>1055</ele>
        <time>2026-09-26T05:55:10.000Z</time>
      </trkpt>
      <trkpt lat="40.15759147703647613525390625" lon="9.506314694881439208984375">
        <ele>1055</ele>
        <time>2026-09-26T05:55:26.000Z</time>
      </trkpt>
      <trkpt lat="40.15758804045617580413818359375" lon="9.50629851780831813812255859375">
        <ele>1056</ele>
        <time>2026-09-26T05:55:33.000Z</time>
      </trkpt>
      <trkpt lat="40.15758720226585865020751953125" lon="9.50628326274454593658447265625">
        <ele>1056.800048828125</ele>
        <time>2026-09-26T05:55:37.000Z</time>
      </trkpt>
      <trkpt lat="40.15758602879941463470458984375" lon="9.506257362663745880126953125">
        <ele>1058.4000244140625</ele>
        <time>2026-09-26T05:55:45.000Z</time>
      </trkpt>
      <trkpt lat="40.15760564245283603668212890625" lon="9.5062156207859516143798828125">
        <ele>1060.5999755859375</ele>
        <time>2026-09-26T05:56:01.000Z</time>
      </trkpt>
      <trkpt lat="40.15761159360408782958984375" lon="9.5061981864273548126220703125">
        <ele>1061.5999755859375</ele>
        <time>2026-09-26T05:56:09.000Z</time>
      </trkpt>
      <trkpt lat="40.157615281641483306884765625" lon="9.506111852824687957763671875">
        <ele>1066.5999755859375</ele>
        <time>2026-09-26T05:56:24.000Z</time>
      </trkpt>
      <trkpt lat="40.15761486254632472991943359375" lon="9.50608863495290279388427734375">
        <ele>1067.800048828125</ele>
        <time>2026-09-26T05:56:30.000Z</time>
      </trkpt>
      <trkpt lat="40.15761486254632472991943359375" lon="9.50606365688145160675048828125">
        <ele>1069.199951171875</ele>
        <time>2026-09-26T05:56:34.000Z</time>
      </trkpt>
      <trkpt lat="40.15761561691761016845703125" lon="9.5060384273529052734375">
        <ele>1070.4000244140625</ele>
        <time>2026-09-26T05:56:40.000Z</time>
      </trkpt>
      <trkpt lat="40.15762140043079853057861328125" lon="9.5059906505048274993896484375">
        <ele>1073</ele>
        <time>2026-09-26T05:56:56.000Z</time>
      </trkpt>
      <trkpt lat="40.15768778510391712188720703125" lon="9.50597162358462810516357421875">
        <ele>1073.5999755859375</ele>
        <time>2026-09-26T05:57:26.000Z</time>
      </trkpt>
      <trkpt lat="40.1577029563486576080322265625" lon="9.50591630302369594573974609375">
        <ele>1076.4000244140625</ele>
        <time>2026-09-26T05:57:40.000Z</time>
      </trkpt>
      <trkpt lat="40.15770454891026020050048828125" lon="9.50591596774756908416748046875">
        <ele>1076.4000244140625</ele>
        <time>2026-09-26T05:57:41.000Z</time>
      </trkpt>
      <trkpt lat="40.15773438848555088043212890625" lon="9.505791999399662017822265625">
        <ele>1082</ele>
        <time>2026-09-26T05:58:29.000Z</time>
      </trkpt>
      <trkpt lat="40.157742686569690704345703125" lon="9.50573978014290332794189453125">
        <ele>1084.4000244140625</ele>
        <time>2026-09-26T05:58:34.000Z</time>
      </trkpt>
      <trkpt lat="40.1577317900955677032470703125" lon="9.5057375170290470123291015625">
        <ele>1084.5999755859375</ele>
        <time>2026-09-26T05:58:39.000Z</time>
      </trkpt>
      <trkpt lat="40.15771762467920780181884765625" lon="9.5056999661028385162353515625">
        <ele>1086.5999755859375</ele>
        <time>2026-09-26T05:58:47.000Z</time>
      </trkpt>
      <trkpt lat="40.1577213965356349945068359375" lon="9.50569652952253818511962890625">
        <ele>1086.800048828125</ele>
        <time>2026-09-26T05:58:54.000Z</time>
      </trkpt>
      <trkpt lat="40.157712511718273162841796875" lon="9.50569652952253818511962890625">
        <ele>1087</ele>
        <time>2026-09-26T05:59:08.000Z</time>
      </trkpt>
      <trkpt lat="40.15771075151860713958740234375" lon="9.50563215650618076324462890625">
        <ele>1090</ele>
        <time>2026-09-26T05:59:41.000Z</time>
      </trkpt>
      <trkpt lat="40.15771075151860713958740234375" lon="9.505631737411022186279296875">
        <ele>1090</ele>
        <time>2026-09-26T05:59:42.000Z</time>
      </trkpt>
      <trkpt lat="40.15771075151860713958740234375" lon="9.5056308992207050323486328125">
        <ele>1090</ele>
        <time>2026-09-26T05:59:44.000Z</time>
      </trkpt>
      <trkpt lat="40.157699771225452423095703125" lon="9.50561773963272571563720703125">
        <ele>1090.800048828125</ele>
        <time>2026-09-26T06:00:27.000Z</time>
      </trkpt>
      <trkpt lat="40.15768929384648799896240234375" lon="9.50559494085609912872314453125">
        <ele>1092.199951171875</ele>
        <time>2026-09-26T06:00:45.000Z</time>
      </trkpt>
      <trkpt lat="40.15765459276735782623291015625" lon="9.505560658872127532958984375">
        <ele>1094</ele>
        <time>2026-09-26T06:00:52.000Z</time>
      </trkpt>
      <trkpt lat="40.15763212926685810089111328125" lon="9.50554029084742069244384765625">
        <ele>1094.800048828125</ele>
        <time>2026-09-26T06:00:54.000Z</time>
      </trkpt>
      <trkpt lat="40.15758787281811237335205078125" lon="9.5054931007325649261474609375">
        <ele>1096.4000244140625</ele>
        <time>2026-09-26T06:01:01.000Z</time>
      </trkpt>
      <trkpt lat="40.157579742372035980224609375" lon="9.505472145974636077880859375">
        <ele>1097.199951171875</ele>
        <time>2026-09-26T06:01:05.000Z</time>
      </trkpt>
      <trkpt lat="40.15755484811961650848388671875" lon="9.50542084872722625732421875">
        <ele>1099</ele>
        <time>2026-09-26T06:01:14.000Z</time>
      </trkpt>
      <trkpt lat="40.15755367465317249298095703125" lon="9.505380280315876007080078125">
        <ele>1100.5999755859375</ele>
        <time>2026-09-26T06:01:21.000Z</time>
      </trkpt>
      <trkpt lat="40.157553590834140777587890625" lon="9.50537793338298797607421875">
        <ele>1100.5999755859375</ele>
        <time>2026-09-26T06:01:22.000Z</time>
      </trkpt>
      <trkpt lat="40.15755216591060161590576171875" lon="9.50537784956395626068115234375">
        <ele>1100.5999755859375</ele>
        <time>2026-09-26T06:01:25.000Z</time>
      </trkpt>
      <trkpt lat="40.15755300410091876983642578125" lon="9.50537969358265399932861328125">
        <ele>1100.5999755859375</ele>
        <time>2026-09-26T06:01:27.000Z</time>
      </trkpt>
      <trkpt lat="40.15755350701510906219482421875" lon="9.50537935830652713775634765625">
        <ele>1100.5999755859375</ele>
        <time>2026-09-26T06:01:32.000Z</time>
      </trkpt>
      <trkpt lat="40.15754445455968379974365234375" lon="9.50529000721871852874755859375">
        <ele>1104</ele>
        <time>2026-09-26T06:01:50.000Z</time>
      </trkpt>
      <trkpt lat="40.1575406827032566070556640625" lon="9.50527408160269260406494140625">
        <ele>1104.5999755859375</ele>
        <time>2026-09-26T06:01:51.000Z</time>
      </trkpt>
      <trkpt lat="40.1575292833149433135986328125" lon="9.50518305413424968719482421875">
        <ele>1108</ele>
        <time>2026-09-26T06:01:58.000Z</time>
      </trkpt>
      <trkpt lat="40.1575024612247943878173828125" lon="9.5051675476133823394775390625">
        <ele>1108.4000244140625</ele>
        <time>2026-09-26T06:02:02.000Z</time>
      </trkpt>
      <trkpt lat="40.15749399550259113311767578125" lon="9.5051538012921810150146484375">
        <ele>1108.800048828125</ele>
        <time>2026-09-26T06:02:04.000Z</time>
      </trkpt>
      <trkpt lat="40.15744906850159168243408203125" lon="9.505122117698192596435546875">
        <ele>1109.800048828125</ele>
        <time>2026-09-26T06:02:11.000Z</time>
      </trkpt>
      <trkpt lat="40.15743951313197612762451171875" lon="9.50511683709919452667236328125">
        <ele>1110</ele>
        <time>2026-09-26T06:02:13.000Z</time>
      </trkpt>
      <trkpt lat="40.1573670096695423126220703125" lon="9.50509856455028057098388671875">
        <ele>1110.4000244140625</ele>
        <time>2026-09-26T06:02:22.000Z</time>
      </trkpt>
      <trkpt lat="40.15736022032797336578369140625" lon="9.50504374690353870391845703125">
        <ele>1112.4000244140625</ele>
        <time>2026-09-26T06:02:29.000Z</time>
      </trkpt>
      <trkpt lat="40.1573351584374904632568359375" lon="9.50501223094761371612548828125">
        <ele>1113.4000244140625</ele>
        <time>2026-09-26T06:02:34.000Z</time>
      </trkpt>
      <trkpt lat="40.15724941156804561614990234375" lon="9.50496730394661426544189453125">
        <ele>1114.5999755859375</ele>
        <time>2026-09-26T06:02:42.000Z</time>
      </trkpt>
      <trkpt lat="40.1572486571967601776123046875" lon="9.5049667172133922576904296875">
        <ele>1114.5999755859375</ele>
        <time>2026-09-26T06:02:45.000Z</time>
      </trkpt>
      <trkpt lat="40.15722191892564296722412109375" lon="9.50494467280805110931396484375">
        <ele>1115.199951171875</ele>
        <time>2026-09-26T06:02:49.000Z</time>
      </trkpt>
      <trkpt lat="40.15715695917606353759765625" lon="9.50486772693693637847900390625">
        <ele>1117.4000244140625</ele>
        <time>2026-09-26T06:02:57.000Z</time>
      </trkpt>
      <trkpt lat="40.15709049068391323089599609375" lon="9.50478390790522098541259765625">
        <ele>1119.5999755859375</ele>
        <time>2026-09-26T06:03:05.000Z</time>
      </trkpt>
      <trkpt lat="40.15701077878475189208984375" lon="9.5047040283679962158203125">
        <ele>1121</ele>
        <time>2026-09-26T06:03:12.000Z</time>
      </trkpt>
      <trkpt lat="40.15700566582381725311279296875" lon="9.50469070114195346832275390625">
        <ele>1121.199951171875</ele>
        <time>2026-09-26T06:03:13.000Z</time>
      </trkpt>
      <trkpt lat="40.15699803829193115234375" lon="9.50468097813427448272705078125">
        <ele>1121.4000244140625</ele>
        <time>2026-09-26T06:03:14.000Z</time>
      </trkpt>
      <trkpt lat="40.156972222030162811279296875" lon="9.5046565867960453033447265625">
        <ele>1121.5999755859375</ele>
        <time>2026-09-26T06:03:17.000Z</time>
      </trkpt>
      <trkpt lat="40.1569093577563762664794921875" lon="9.50457637198269367218017578125">
        <ele>1122.199951171875</ele>
        <time>2026-09-26T06:03:25.000Z</time>
      </trkpt>
      <trkpt lat="40.1569036580622196197509765625" lon="9.504564218223094940185546875">
        <ele>1122.4000244140625</ele>
        <time>2026-09-26T06:03:26.000Z</time>
      </trkpt>
      <trkpt lat="40.156897790729999542236328125" lon="9.50455575250089168548583984375">
        <ele>1122.5999755859375</ele>
        <time>2026-09-26T06:03:27.000Z</time>
      </trkpt>
      <trkpt lat="40.15685521066188812255859375" lon="9.50451803393661975860595703125">
        <ele>1122.800048828125</ele>
        <time>2026-09-26T06:03:31.000Z</time>
      </trkpt>
      <trkpt lat="40.15682763420045375823974609375" lon="9.50448148883879184722900390625">
        <ele>1123.199951171875</ele>
        <time>2026-09-26T06:03:35.000Z</time>
      </trkpt>
      <trkpt lat="40.15677952207624912261962890625" lon="9.50443505309522151947021484375">
        <ele>1123.4000244140625</ele>
        <time>2026-09-26T06:03:40.000Z</time>
      </trkpt>
      <trkpt lat="40.156750939786434173583984375" lon="9.50437746942043304443359375">
        <ele>1124</ele>
        <time>2026-09-26T06:03:45.000Z</time>
      </trkpt>
      <trkpt lat="40.15673778019845485687255859375" lon="9.50436062179505825042724609375">
        <ele>1124</ele>
        <time>2026-09-26T06:03:47.000Z</time>
      </trkpt>
      <trkpt lat="40.1567189209163188934326171875" lon="9.50432491488754749298095703125">
        <ele>1124.4000244140625</ele>
        <time>2026-09-26T06:03:50.000Z</time>
      </trkpt>
      <trkpt lat="40.1566961221396923065185546875" lon="9.5042936503887176513671875">
        <ele>1124.5999755859375</ele>
        <time>2026-09-26T06:03:54.000Z</time>
      </trkpt>
      <trkpt lat="40.15669084154069423675537109375" lon="9.5042896270751953125">
        <ele>1124.5999755859375</ele>
        <time>2026-09-26T06:03:59.000Z</time>
      </trkpt>
      <trkpt lat="40.15665731392800807952880859375" lon="9.50425685383379459381103515625">
        <ele>1124.5999755859375</ele>
        <time>2026-09-26T06:04:07.000Z</time>
      </trkpt>
      <trkpt lat="40.15659428201615810394287109375" lon="9.5041354000568389892578125">
        <ele>1126.199951171875</ele>
        <time>2026-09-26T06:04:15.000Z</time>
      </trkpt>
      <trkpt lat="40.15656276606023311614990234375" lon="9.50409114360809326171875">
        <ele>1126.5999755859375</ele>
        <time>2026-09-26T06:04:19.000Z</time>
      </trkpt>
      <trkpt lat="40.1565380394458770751953125" lon="9.50405837036669254302978515625">
        <ele>1127.199951171875</ele>
        <time>2026-09-26T06:04:24.000Z</time>
      </trkpt>
      <trkpt lat="40.15652186237275600433349609375" lon="9.50402400456368923187255859375">
        <ele>1127.800048828125</ele>
        <time>2026-09-26T06:04:27.000Z</time>
      </trkpt>
      <trkpt lat="40.15651716850697994232177734375" lon="9.50399567373096942901611328125">
        <ele>1128.4000244140625</ele>
        <time>2026-09-26T06:04:29.000Z</time>
      </trkpt>
      <trkpt lat="40.1564879156649112701416015625" lon="9.5039625652134418487548828125">
        <ele>1128.800048828125</ele>
        <time>2026-09-26T06:04:35.000Z</time>
      </trkpt>
      <trkpt lat="40.15647836029529571533203125" lon="9.50395409949123859405517578125">
        <ele>1129</ele>
        <time>2026-09-26T06:04:36.000Z</time>
      </trkpt>
      <trkpt lat="40.15644458122551441192626953125" lon="9.5039209909737110137939453125">
        <ele>1129.4000244140625</ele>
        <time>2026-09-26T06:04:40.000Z</time>
      </trkpt>
      <trkpt lat="40.15642412938177585601806640625" lon="9.5038945041596889495849609375">
        <ele>1129.800048828125</ele>
        <time>2026-09-26T06:04:43.000Z</time>
      </trkpt>
      <trkpt lat="40.15640585683286190032958984375" lon="9.50387765653431415557861328125">
        <ele>1130.199951171875</ele>
        <time>2026-09-26T06:04:45.000Z</time>
      </trkpt>
      <trkpt lat="40.1563890092074871063232421875" lon="9.5038137026131153106689453125">
        <ele>1131.5999755859375</ele>
        <time>2026-09-26T06:04:50.000Z</time>
      </trkpt>
      <trkpt lat="40.1563876681029796600341796875" lon="9.50379735790193080902099609375">
        <ele>1132</ele>
        <time>2026-09-26T06:04:51.000Z</time>
      </trkpt>
      <trkpt lat="40.156368054449558258056640625" lon="9.5037506707012653350830078125">
        <ele>1133</ele>
        <time>2026-09-26T06:04:54.000Z</time>
      </trkpt>
      <trkpt lat="40.15633041970431804656982421875" lon="9.50369945727288722991943359375">
        <ele>1134</ele>
        <time>2026-09-26T06:04:58.000Z</time>
      </trkpt>
      <trkpt lat="40.15632857568562030792236328125" lon="9.50368906371295452117919921875">
        <ele>1134.4000244140625</ele>
        <time>2026-09-26T06:04:59.000Z</time>
      </trkpt>
      <trkpt lat="40.15632220543920993804931640625" lon="9.50367716141045093536376953125">
        <ele>1134.5999755859375</ele>
        <time>2026-09-26T06:05:01.000Z</time>
      </trkpt>
      <trkpt lat="40.15631684102118015289306640625" lon="9.5036732219159603118896484375">
        <ele>1134.5999755859375</ele>
        <time>2026-09-26T06:05:03.000Z</time>
      </trkpt>
      <trkpt lat="40.15627727843821048736572265625" lon="9.50361412949860095977783203125">
        <ele>1136</ele>
        <time>2026-09-26T06:05:10.000Z</time>
      </trkpt>
      <trkpt lat="40.156247355043888092041015625" lon="9.50355671346187591552734375">
        <ele>1137.199951171875</ele>
        <time>2026-09-26T06:05:15.000Z</time>
      </trkpt>
      <trkpt lat="40.1562555693089962005615234375" lon="9.50353500433266162872314453125">
        <ele>1137.5999755859375</ele>
        <time>2026-09-26T06:05:17.000Z</time>
      </trkpt>
      <trkpt lat="40.1562659628689289093017578125" lon="9.503408856689929962158203125">
        <ele>1139.800048828125</ele>
        <time>2026-09-26T06:05:26.000Z</time>
      </trkpt>
      <trkpt lat="40.1562589220702648162841796875" lon="9.5033959485590457916259765625">
        <ele>1140</ele>
        <time>2026-09-26T06:05:27.000Z</time>
      </trkpt>
      <trkpt lat="40.15621173195540904998779296875" lon="9.50333786197006702423095703125">
        <ele>1141.199951171875</ele>
        <time>2026-09-26T06:05:34.000Z</time>
      </trkpt>
      <trkpt lat="40.15612858347594738006591796875" lon="9.5032618381083011627197265625">
        <ele>1144</ele>
        <time>2026-09-26T06:05:44.000Z</time>
      </trkpt>
      <trkpt lat="40.1560627855360507965087890625" lon="9.50321800075471401214599609375">
        <ele>1145.5999755859375</ele>
        <time>2026-09-26T06:05:51.000Z</time>
      </trkpt>
      <trkpt lat="40.1560389809310436248779296875" lon="9.503196291625499725341796875">
        <ele>1146.4000244140625</ele>
        <time>2026-09-26T06:05:54.000Z</time>
      </trkpt>
      <trkpt lat="40.15602112747728824615478515625" lon="9.5031562261283397674560546875">
        <ele>1147.800048828125</ele>
        <time>2026-09-26T06:05:58.000Z</time>
      </trkpt>
      <trkpt lat="40.156021378934383392333984375" lon="9.50314474292099475860595703125">
        <ele>1148.199951171875</ele>
        <time>2026-09-26T06:05:59.000Z</time>
      </trkpt>
      <trkpt lat="40.156027413904666900634765625" lon="9.50308866798877716064453125">
        <ele>1150</ele>
        <time>2026-09-26T06:06:05.000Z</time>
      </trkpt>
      <trkpt lat="40.156045518815517425537109375" lon="9.50307257473468780517578125">
        <ele>1150.4000244140625</ele>
        <time>2026-09-26T06:06:07.000Z</time>
      </trkpt>
      <trkpt lat="40.1560295931994915008544921875" lon="9.5030509494245052337646484375">
        <ele>1151</ele>
        <time>2026-09-26T06:06:10.000Z</time>
      </trkpt>
      <trkpt lat="40.15600570477545261383056640625" lon="9.5030343532562255859375">
        <ele>1151.800048828125</ele>
        <time>2026-09-26T06:06:13.000Z</time>
      </trkpt>
      <trkpt lat="40.15598793514072895050048828125" lon="9.50301490724086761474609375">
        <ele>1152.4000244140625</ele>
        <time>2026-09-26T06:06:16.000Z</time>
      </trkpt>
      <trkpt lat="40.15595021657645702362060546875" lon="9.50298666022717952728271484375">
        <ele>1153.5999755859375</ele>
        <time>2026-09-26T06:06:20.000Z</time>
      </trkpt>
      <trkpt lat="40.15591886825859546661376953125" lon="9.50297894887626171112060546875">
        <ele>1153.800048828125</ele>
        <time>2026-09-26T06:06:24.000Z</time>
      </trkpt>
      <trkpt lat="40.15590830706059932708740234375" lon="9.50297794304788112640380859375">
        <ele>1154</ele>
        <time>2026-09-26T06:06:25.000Z</time>
      </trkpt>
      <trkpt lat="40.1558964885771274566650390625" lon="9.50297425501048564910888671875">
        <ele>1154</ele>
        <time>2026-09-26T06:06:26.000Z</time>
      </trkpt>
      <trkpt lat="40.1558824069797992706298828125" lon="9.5029708184301853179931640625">
        <ele>1154.199951171875</ele>
        <time>2026-09-26T06:06:27.000Z</time>
      </trkpt>
      <trkpt lat="40.15581476502120494842529296875" lon="9.50294374488294124603271484375">
        <ele>1155.4000244140625</ele>
        <time>2026-09-26T06:06:34.000Z</time>
      </trkpt>
      <trkpt lat="40.15576531179249286651611328125" lon="9.5029258914291858673095703125">
        <ele>1156.199951171875</ele>
        <time>2026-09-26T06:06:40.000Z</time>
      </trkpt>
      <trkpt lat="40.1557405851781368255615234375" lon="9.502925388514995574951171875">
        <ele>1156.199951171875</ele>
        <time>2026-09-26T06:06:42.000Z</time>
      </trkpt>
      <trkpt lat="40.155665315687656402587890625" lon="9.502871073782444000244140625">
        <ele>1157.4000244140625</ele>
        <time>2026-09-26T06:06:51.000Z</time>
      </trkpt>
      <trkpt lat="40.1556047983467578887939453125" lon="9.50280812568962574005126953125">
        <ele>1159</ele>
        <time>2026-09-26T06:07:00.000Z</time>
      </trkpt>
      <trkpt lat="40.15558493323624134063720703125" lon="9.5027880929410457611083984375">
        <ele>1159.5999755859375</ele>
        <time>2026-09-26T06:07:03.000Z</time>
      </trkpt>
      <trkpt lat="40.15554897487163543701171875" lon="9.50275867246091365814208984375">
        <ele>1160.4000244140625</ele>
        <time>2026-09-26T06:07:08.000Z</time>
      </trkpt>
      <trkpt lat="40.15547932125627994537353515625" lon="9.5027056150138378143310546875">
        <ele>1161.800048828125</ele>
        <time>2026-09-26T06:07:17.000Z</time>
      </trkpt>
      <trkpt lat="40.15546540729701519012451171875" lon="9.5026848278939723968505859375">
        <ele>1162.4000244140625</ele>
        <time>2026-09-26T06:07:19.000Z</time>
      </trkpt>
      <trkpt lat="40.15546725131571292877197265625" lon="9.5026714168488979339599609375">
        <ele>1163</ele>
        <time>2026-09-26T06:07:20.000Z</time>
      </trkpt>
      <trkpt lat="40.1554866135120391845703125" lon="9.50264669023454189300537109375">
        <ele>1164</ele>
        <time>2026-09-26T06:07:23.000Z</time>
      </trkpt>
      <trkpt lat="40.15549474395811557769775390625" lon="9.50264082290232181549072265625">
        <ele>1164.199951171875</ele>
        <time>2026-09-26T06:07:24.000Z</time>
      </trkpt>
      <trkpt lat="40.15552558936178684234619140625" lon="9.5026214607059955596923828125">
        <ele>1165.199951171875</ele>
        <time>2026-09-26T06:07:28.000Z</time>
      </trkpt>
      <trkpt lat="40.15553690493106842041015625" lon="9.50260528363287448883056640625">
        <ele>1165.800048828125</ele>
        <time>2026-09-26T06:07:30.000Z</time>
      </trkpt>
      <trkpt lat="40.15555207617580890655517578125" lon="9.5025919564068317413330078125">
        <ele>1166.4000244140625</ele>
        <time>2026-09-26T06:07:32.000Z</time>
      </trkpt>
      <trkpt lat="40.15556314028799533843994140625" lon="9.50255616568028926849365234375">
        <ele>1167.800048828125</ele>
        <time>2026-09-26T06:07:38.000Z</time>
      </trkpt>
      <trkpt lat="40.15559323132038116455078125" lon="9.5025027729570865631103515625">
        <ele>1169.800048828125</ele>
        <time>2026-09-26T06:07:46.000Z</time>
      </trkpt>
      <trkpt lat="40.1556423492729663848876953125" lon="9.502462707459926605224609375">
        <ele>1172</ele>
        <time>2026-09-26T06:07:54.000Z</time>
      </trkpt>
      <trkpt lat="40.15565701760351657867431640625" lon="9.5024471171200275421142578125">
        <ele>1173</ele>
        <time>2026-09-26T06:07:57.000Z</time>
      </trkpt>
      <trkpt lat="40.1556690037250518798828125" lon="9.502433203160762786865234375">
        <ele>1173.5999755859375</ele>
        <time>2026-09-26T06:07:59.000Z</time>
      </trkpt>
      <trkpt lat="40.15567445196211338043212890625" lon="9.502425491809844970703125">
        <ele>1174</ele>
        <time>2026-09-26T06:08:00.000Z</time>
      </trkpt>
      <trkpt lat="40.1556795649230480194091796875" lon="9.5024186186492443084716796875">
        <ele>1174.199951171875</ele>
        <time>2026-09-26T06:08:01.000Z</time>
      </trkpt>
      <trkpt lat="40.15573538839817047119140625" lon="9.50237629003822803497314453125">
        <ele>1175.4000244140625</ele>
        <time>2026-09-26T06:08:09.000Z</time>
      </trkpt>
      <trkpt lat="40.1557747833430767059326171875" lon="9.5023512281477451324462890625">
        <ele>1176.199951171875</ele>
        <time>2026-09-26T06:08:14.000Z</time>
      </trkpt>
      <trkpt lat="40.155797414481639862060546875" lon="9.50234058313071727752685546875">
        <ele>1176.5999755859375</ele>
        <time>2026-09-26T06:08:16.000Z</time>
      </trkpt>
      <trkpt lat="40.1558099873363971710205078125" lon="9.5023356378078460693359375">
        <ele>1176.5999755859375</ele>
        <time>2026-09-26T06:08:17.000Z</time>
      </trkpt>
      <trkpt lat="40.15585281886160373687744140625" lon="9.5023083128035068511962890625">
        <ele>1177.800048828125</ele>
        <time>2026-09-26T06:08:23.000Z</time>
      </trkpt>
      <trkpt lat="40.1558307744562625885009765625" lon="9.50230286456644535064697265625">
        <ele>1177.800048828125</ele>
        <time>2026-09-26T06:08:28.000Z</time>
      </trkpt>
      <trkpt lat="40.15581317245960235595703125" lon="9.5022965781390666961669921875">
        <ele>1178</ele>
        <time>2026-09-26T06:08:34.000Z</time>
      </trkpt>
      <trkpt lat="40.15584276057779788970947265625" lon="9.5022586919367313385009765625">
        <ele>1179.800048828125</ele>
        <time>2026-09-26T06:08:41.000Z</time>
      </trkpt>
      <trkpt lat="40.15583571977913379669189453125" lon="9.502257518470287322998046875">
        <ele>1179.800048828125</ele>
        <time>2026-09-26T06:08:46.000Z</time>
      </trkpt>
      <trkpt lat="40.15583571977913379669189453125" lon="9.502257518470287322998046875">
        <ele>1179.800048828125</ele>
        <time>2026-09-26T06:08:50.000Z</time>
      </trkpt>
      <trkpt lat="40.15583722852170467376708984375" lon="9.5022499747574329376220703125">
        <ele>1180.199951171875</ele>
        <time>2026-09-26T06:09:01.000Z</time>
      </trkpt>
      <trkpt lat="40.1558468677103519439697265625" lon="9.5022358931601047515869140625">
        <ele>1180.800048828125</ele>
        <time>2026-09-26T06:09:02.000Z</time>
      </trkpt>
      <trkpt lat="40.1558881066739559173583984375" lon="9.502173364162445068359375">
        <ele>1184</ele>
        <time>2026-09-26T06:09:08.000Z</time>
      </trkpt>
      <trkpt lat="40.15594267286360263824462890625" lon="9.5021671615540981292724609375">
        <ele>1184.5999755859375</ele>
        <time>2026-09-26T06:09:15.000Z</time>
      </trkpt>
      <trkpt lat="40.15601408667862415313720703125" lon="9.5021597854793071746826171875">
        <ele>1184.5999755859375</ele>
        <time>2026-09-26T06:09:23.000Z</time>
      </trkpt>
      <trkpt lat="40.1560654677450656890869140625" lon="9.50211930088698863983154296875">
        <ele>1185.800048828125</ele>
        <time>2026-09-26T06:09:31.000Z</time>
      </trkpt>
      <trkpt lat="40.15611601062119007110595703125" lon="9.50210303999483585357666015625">
        <ele>1186</ele>
        <time>2026-09-26T06:09:37.000Z</time>
      </trkpt>
      <trkpt lat="40.1561194472014904022216796875" lon="9.502101950347423553466796875">
        <ele>1186</ele>
        <time>2026-09-26T06:09:40.000Z</time>
      </trkpt>
      <trkpt lat="40.156099498271942138671875" lon="9.502079486846923828125">
        <ele>1187</ele>
        <time>2026-09-26T06:09:43.000Z</time>
      </trkpt>
      <trkpt lat="40.15605549328029155731201171875" lon="9.5020478032529354095458984375">
        <ele>1188.5999755859375</ele>
        <time>2026-09-26T06:09:49.000Z</time>
      </trkpt>
      <trkpt lat="40.15599749051034450531005859375" lon="9.5020243339240550994873046875">
        <ele>1190</ele>
        <time>2026-09-26T06:09:57.000Z</time>
      </trkpt>
      <trkpt lat="40.15596807003021240234375" lon="9.50198586098849773406982421875">
        <ele>1191.800048828125</ele>
        <time>2026-09-26T06:10:04.000Z</time>
      </trkpt>
      <trkpt lat="40.1559893600642681121826171875" lon="9.501959122717380523681640625">
        <ele>1192.5999755859375</ele>
        <time>2026-09-26T06:10:10.000Z</time>
      </trkpt>
      <trkpt lat="40.15600771643221378326416015625" lon="9.5019405148923397064208984375">
        <ele>1193.199951171875</ele>
        <time>2026-09-26T06:10:15.000Z</time>
      </trkpt>
      <trkpt lat="40.15601475723087787628173828125" lon="9.501923583447933197021484375">
        <ele>1193.800048828125</ele>
        <time>2026-09-26T06:10:21.000Z</time>
      </trkpt>
      <trkpt lat="40.15599145554006099700927734375" lon="9.501903466880321502685546875">
        <ele>1195</ele>
        <time>2026-09-26T06:10:25.000Z</time>
      </trkpt>
      <trkpt lat="40.1559890247881412506103515625" lon="9.5018761418759822845458984375">
        <ele>1196</ele>
        <time>2026-09-26T06:10:28.000Z</time>
      </trkpt>
      <trkpt lat="40.1560165174305438995361328125" lon="9.5018623955547809600830078125">
        <ele>1196</ele>
        <time>2026-09-26T06:10:33.000Z</time>
      </trkpt>
      <trkpt lat="40.15602515079081058502197265625" lon="9.5018439553678035736083984375">
        <ele>1196.5999755859375</ele>
        <time>2026-09-26T06:10:39.000Z</time>
      </trkpt>
      <trkpt lat="40.15602582134306430816650390625" lon="9.5018436200916767120361328125">
        <ele>1196.5999755859375</ele>
        <time>2026-09-26T06:10:59.000Z</time>
      </trkpt>
      <trkpt lat="40.15604778192937374114990234375" lon="9.501830041408538818359375">
        <ele>1197.199951171875</ele>
        <time>2026-09-26T06:11:02.000Z</time>
      </trkpt>
      <trkpt lat="40.1561204530298709869384765625" lon="9.5017953403294086456298828125">
        <ele>1198.4000244140625</ele>
        <time>2026-09-26T06:11:07.000Z</time>
      </trkpt>
      <trkpt lat="40.15619329176843166351318359375" lon="9.5017624832689762115478515625">
        <ele>1199.199951171875</ele>
        <time>2026-09-26T06:11:13.000Z</time>
      </trkpt>
      <trkpt lat="40.15627392567694187164306640625" lon="9.50176558457314968109130859375">
        <ele>1198.800048828125</ele>
        <time>2026-09-26T06:11:21.000Z</time>
      </trkpt>
      <trkpt lat="40.15628716908395290374755859375" lon="9.50176357291638851165771484375">
        <ele>1198.800048828125</ele>
        <time>2026-09-26T06:11:22.000Z</time>
      </trkpt>
      <trkpt lat="40.156334526836872100830078125" lon="9.50173859484493732452392578125">
        <ele>1200</ele>
        <time>2026-09-26T06:11:29.000Z</time>
      </trkpt>
      <trkpt lat="40.1563380472362041473388671875" lon="9.5017339847981929779052734375">
        <ele>1200.199951171875</ele>
        <time>2026-09-26T06:11:30.000Z</time>
      </trkpt>
      <trkpt lat="40.15637903474271297454833984375" lon="9.50170272029936313629150390625">
        <ele>1201.5999755859375</ele>
        <time>2026-09-26T06:11:35.000Z</time>
      </trkpt>
      <trkpt lat="40.15638909302651882171630859375" lon="9.50168997980654239654541015625">
        <ele>1202.199951171875</ele>
        <time>2026-09-26T06:11:37.000Z</time>
      </trkpt>
      <trkpt lat="40.15639345161616802215576171875" lon="9.50168277136981487274169921875">
        <ele>1202.5999755859375</ele>
        <time>2026-09-26T06:11:38.000Z</time>
      </trkpt>
      <trkpt lat="40.15644206665456295013427734375" lon="9.501620493829250335693359375">
        <ele>1204.4000244140625</ele>
        <time>2026-09-26T06:11:45.000Z</time>
      </trkpt>
      <trkpt lat="40.15644927509129047393798828125" lon="9.5016112737357616424560546875">
        <ele>1204.5999755859375</ele>
        <time>2026-09-26T06:11:46.000Z</time>
      </trkpt>
      <trkpt lat="40.15644608996808528900146484375" lon="9.5015740580856800079345703125">
        <ele>1205.4000244140625</ele>
        <time>2026-09-26T06:11:50.000Z</time>
      </trkpt>
      <trkpt lat="40.1564409770071506500244140625" lon="9.501537345349788665771484375">
        <ele>1206</ele>
        <time>2026-09-26T06:11:52.000Z</time>
      </trkpt>
      <trkpt lat="40.1564325951039791107177734375" lon="9.501458220183849334716796875">
        <ele>1207</ele>
        <time>2026-09-26T06:11:58.000Z</time>
      </trkpt>
      <trkpt lat="40.15643871389329433441162109375" lon="9.50144254602491855621337890625">
        <ele>1207.199951171875</ele>
        <time>2026-09-26T06:12:00.000Z</time>
      </trkpt>
      <trkpt lat="40.1564349420368671417236328125" lon="9.50143768452107906341552734375">
        <ele>1207.4000244140625</ele>
        <time>2026-09-26T06:12:01.000Z</time>
      </trkpt>
      <trkpt lat="40.15641138888895511627197265625" lon="9.5013977028429508209228515625">
        <ele>1207.800048828125</ele>
        <time>2026-09-26T06:12:05.000Z</time>
      </trkpt>
      <trkpt lat="40.15637777745723724365234375" lon="9.50134196318686008453369140625">
        <ele>1208</ele>
        <time>2026-09-26T06:12:09.000Z</time>
      </trkpt>
      <trkpt lat="40.15636696480214595794677734375" lon="9.50132670812308788299560546875">
        <ele>1208</ele>
        <time>2026-09-26T06:12:11.000Z</time>
      </trkpt>
      <trkpt lat="40.15631332062184810638427734375" lon="9.5012552104890346527099609375">
        <ele>1208.199951171875</ele>
        <time>2026-09-26T06:12:18.000Z</time>
      </trkpt>
      <trkpt lat="40.15629219822585582733154296875" lon="9.50122050940990447998046875">
        <ele>1208.199951171875</ele>
        <time>2026-09-26T06:12:24.000Z</time>
      </trkpt>
      <trkpt lat="40.156298317015171051025390625" lon="9.5012159831821918487548828125">
        <ele>1208.199951171875</ele>
        <time>2026-09-26T06:12:37.000Z</time>
      </trkpt>
      <trkpt lat="40.156298317015171051025390625" lon="9.5012159831821918487548828125">
        <ele>1208.199951171875</ele>
        <time>2026-09-26T06:12:40.000Z</time>
      </trkpt>
      <trkpt lat="40.1563031785190105438232421875" lon="9.50121740810573101043701171875">
        <ele>1208.4000244140625</ele>
        <time>2026-09-26T06:13:07.000Z</time>
      </trkpt>
      <trkpt lat="40.156304351985454559326171875" lon="9.50121740810573101043701171875">
        <ele>1208.4000244140625</ele>
        <time>2026-09-26T06:13:08.000Z</time>
      </trkpt>
      <trkpt lat="40.15630678273737430572509765625" lon="9.501206092536449432373046875">
        <ele>1208.4000244140625</ele>
        <time>2026-09-26T06:13:19.000Z</time>
      </trkpt>
      <trkpt lat="40.15632086433470249176025390625" lon="9.501197375357151031494140625">
        <ele>1208.5999755859375</ele>
        <time>2026-09-26T06:13:43.000Z</time>
      </trkpt>
      <trkpt lat="40.15632119961082935333251953125" lon="9.5011958666145801544189453125">
        <ele>1208.5999755859375</ele>
        <time>2026-09-26T06:13:45.000Z</time>
      </trkpt>
      <trkpt lat="40.15632287599146366119384765625" lon="9.50119310058653354644775390625">
        <ele>1208.5999755859375</ele>
        <time>2026-09-26T06:14:07.000Z</time>
      </trkpt>
      <trkpt lat="40.15632270835340023040771484375" lon="9.50118857435882091522216796875">
        <ele>1208.5999755859375</ele>
        <time>2026-09-26T06:14:15.000Z</time>
      </trkpt>
      <trkpt lat="40.15632237307727336883544921875" lon="9.5011884905397891998291015625">
        <ele>1208.5999755859375</ele>
        <time>2026-09-26T06:14:19.000Z</time>
      </trkpt>
      <trkpt lat="40.15632220543920993804931640625" lon="9.5011884905397891998291015625">
        <ele>1208.5999755859375</ele>
        <time>2026-09-26T06:14:21.000Z</time>
      </trkpt>
      <trkpt lat="40.15632086433470249176025390625" lon="9.50118958018720149993896484375">
        <ele>1208.5999755859375</ele>
        <time>2026-09-26T06:14:36.000Z</time>
      </trkpt>
      <trkpt lat="40.15632086433470249176025390625" lon="9.50118966400623321533203125">
        <ele>1208.5999755859375</ele>
        <time>2026-09-26T06:14:44.000Z</time>
      </trkpt>
      <trkpt lat="40.15631466172635555267333984375" lon="9.50118907727301120758056640625">
        <ele>1208.5999755859375</ele>
        <time>2026-09-26T06:15:12.000Z</time>
      </trkpt>
      <trkpt lat="40.15630627982318401336669921875" lon="9.50119662098586559295654296875">
        <ele>1208.4000244140625</ele>
        <time>2026-09-26T06:15:20.000Z</time>
      </trkpt>
      <trkpt lat="40.15630058012902736663818359375" lon="9.50120198540389537811279296875">
        <ele>1208.4000244140625</ele>
        <time>2026-09-26T06:15:40.000Z</time>
      </trkpt>
      <trkpt lat="40.15630041249096393585205078125" lon="9.501202404499053955078125">
        <ele>1208.4000244140625</ele>
        <time>2026-09-26T06:15:43.000Z</time>
      </trkpt>
      <trkpt lat="40.15630024485290050506591796875" lon="9.5012035779654979705810546875">
        <ele>1208.4000244140625</ele>
        <time>2026-09-26T06:15:52.000Z</time>
      </trkpt>
      <trkpt lat="40.15629999339580535888671875" lon="9.50120366178452968597412109375">
        <ele>1208.4000244140625</ele>
        <time>2026-09-26T06:15:58.000Z</time>
      </trkpt>
      <trkpt lat="40.15629974193871021270751953125" lon="9.5012037456035614013671875">
        <ele>1208.4000244140625</ele>
        <time>2026-09-26T06:16:10.000Z</time>
      </trkpt>
      <trkpt lat="40.15629890374839305877685546875" lon="9.50120399706065654754638671875">
        <ele>1208.4000244140625</ele>
        <time>2026-09-26T06:16:37.000Z</time>
      </trkpt>
      <trkpt lat="40.156298987567424774169921875" lon="9.50120441615581512451171875">
        <ele>1208.4000244140625</ele>
        <time>2026-09-26T06:16:48.000Z</time>
      </trkpt>
      <trkpt lat="40.15625548548996448516845703125" lon="9.50116057880222797393798828125">
        <ele>1209</ele>
        <time>2026-09-26T06:17:32.000Z</time>
      </trkpt>
      <trkpt lat="40.156222879886627197265625" lon="9.5011338405311107635498046875">
        <ele>1209.4000244140625</ele>
        <time>2026-09-26T06:17:35.000Z</time>
      </trkpt>
      <trkpt lat="40.15617401339113712310791015625" lon="9.50109888799488544464111328125">
        <ele>1209.5999755859375</ele>
        <time>2026-09-26T06:17:39.000Z</time>
      </trkpt>
      <trkpt lat="40.15615037642419338226318359375" lon="9.50108882971107959747314453125">
        <ele>1209.800048828125</ele>
        <time>2026-09-26T06:17:41.000Z</time>
      </trkpt>
      <trkpt lat="40.1560929603874683380126953125" lon="9.50104541145265102386474609375">
        <ele>1209.4000244140625</ele>
        <time>2026-09-26T06:17:47.000Z</time>
      </trkpt>
      <trkpt lat="40.1560815609991550445556640625" lon="9.50104482471942901611328125">
        <ele>1209.5999755859375</ele>
        <time>2026-09-26T06:17:48.000Z</time>
      </trkpt>
      <trkpt lat="40.15593655407428741455078125" lon="9.5010057650506496429443359375">
        <ele>1209.199951171875</ele>
        <time>2026-09-26T06:17:59.000Z</time>
      </trkpt>
      <trkpt lat="40.15592557378113269805908203125" lon="9.50100299902260303497314453125">
        <ele>1209.199951171875</ele>
        <time>2026-09-26T06:18:00.000Z</time>
      </trkpt>
      <trkpt lat="40.15586036257445812225341796875" lon="9.50097349472343921661376953125">
        <ele>1208.5999755859375</ele>
        <time>2026-09-26T06:18:06.000Z</time>
      </trkpt>
      <trkpt lat="40.155786685645580291748046875" lon="9.50095740146934986114501953125">
        <ele>1208.199951171875</ele>
        <time>2026-09-26T06:18:13.000Z</time>
      </trkpt>
      <trkpt lat="40.155765898525714874267578125" lon="9.5009543001651763916015625">
        <ele>1208.199951171875</ele>
        <time>2026-09-26T06:18:15.000Z</time>
      </trkpt>
      <trkpt lat="40.15565534122288227081298828125" lon="9.5009293220937252044677734375">
        <ele>1206.5999755859375</ele>
        <time>2026-09-26T06:18:23.000Z</time>
      </trkpt>
      <trkpt lat="40.15562784858047962188720703125" lon="9.500929154455661773681640625">
        <ele>1206.199951171875</ele>
        <time>2026-09-26T06:18:25.000Z</time>
      </trkpt>
      <trkpt lat="40.15559717081487178802490234375" lon="9.50092957355082035064697265625">
        <ele>1205.800048828125</ele>
        <time>2026-09-26T06:18:27.000Z</time>
      </trkpt>
      <trkpt lat="40.15551134012639522552490234375" lon="9.5009340159595012664794921875">
        <ele>1205</ele>
        <time>2026-09-26T06:18:33.000Z</time>
      </trkpt>
      <trkpt lat="40.1554341427981853485107421875" lon="9.50093594379723072052001953125">
        <ele>1204</ele>
        <time>2026-09-26T06:18:40.000Z</time>
      </trkpt>
      <trkpt lat="40.15538125298917293548583984375" lon="9.50092320330440998077392578125">
        <ele>1202.5999755859375</ele>
        <time>2026-09-26T06:18:47.000Z</time>
      </trkpt>
      <trkpt lat="40.15533062629401683807373046875" lon="9.5009142346680164337158203125">
        <ele>1201.199951171875</ele>
        <time>2026-09-26T06:18:53.000Z</time>
      </trkpt>
      <trkpt lat="40.15524613671004772186279296875" lon="9.50086553581058979034423828125">
        <ele>1198.199951171875</ele>
        <time>2026-09-26T06:19:01.000Z</time>
      </trkpt>
      <trkpt lat="40.15522987581789493560791015625" lon="9.50086955912411212921142578125">
        <ele>1198</ele>
        <time>2026-09-26T06:19:03.000Z</time>
      </trkpt>
      <trkpt lat="40.155205987393856048583984375" lon="9.5008766837418079376220703125">
        <ele>1197.800048828125</ele>
        <time>2026-09-26T06:19:05.000Z</time>
      </trkpt>
      <trkpt lat="40.1551960967481136322021484375" lon="9.50086033903062343597412109375">
        <ele>1197.199951171875</ele>
        <time>2026-09-26T06:19:07.000Z</time>
      </trkpt>
      <trkpt lat="40.1551910676062107086181640625" lon="9.50083871372044086456298828125">
        <ele>1196.4000244140625</ele>
        <time>2026-09-26T06:19:09.000Z</time>
      </trkpt>
      <trkpt lat="40.155138932168483734130859375" lon="9.50079361908137798309326171875">
        <ele>1194</ele>
        <time>2026-09-26T06:19:14.000Z</time>
      </trkpt>
      <trkpt lat="40.15511286444962024688720703125" lon="9.500787667930126190185546875">
        <ele>1193.5999755859375</ele>
        <time>2026-09-26T06:19:16.000Z</time>
      </trkpt>
      <trkpt lat="40.155026279389858245849609375" lon="9.500758834183216094970703125">
        <ele>1191.5999755859375</ele>
        <time>2026-09-26T06:19:24.000Z</time>
      </trkpt>
      <trkpt lat="40.15500272624194622039794921875" lon="9.50074081309139728546142578125">
        <ele>1190.800048828125</ele>
        <time>2026-09-26T06:19:26.000Z</time>
      </trkpt>
      <trkpt lat="40.15496148727834224700927734375" lon="9.5007180981338024139404296875">
        <ele>1189.4000244140625</ele>
        <time>2026-09-26T06:19:31.000Z</time>
      </trkpt>
      <trkpt lat="40.15485285781323909759521484375" lon="9.50066906400024890899658203125">
        <ele>1186.4000244140625</ele>
        <time>2026-09-26T06:19:42.000Z</time>
      </trkpt>
      <trkpt lat="40.154747664928436279296875" lon="9.5006178505718708038330078125">
        <ele>1183</ele>
        <time>2026-09-26T06:19:52.000Z</time>
      </trkpt>
      <trkpt lat="40.15471019782125949859619140625" lon="9.50060435570776462554931640625">
        <ele>1182</ele>
        <time>2026-09-26T06:19:55.000Z</time>
      </trkpt>
      <trkpt lat="40.15466946177184581756591796875" lon="9.5005826465785503387451171875">
        <ele>1180.5999755859375</ele>
        <time>2026-09-26T06:19:58.000Z</time>
      </trkpt>
      <trkpt lat="40.15461900271475315093994140625" lon="9.50056496076285839080810546875">
        <ele>1179.4000244140625</ele>
        <time>2026-09-26T06:20:01.000Z</time>
      </trkpt>
      <trkpt lat="40.15459167771041393280029296875" lon="9.50055775232613086700439453125">
        <ele>1179</ele>
        <time>2026-09-26T06:20:03.000Z</time>
      </trkpt>
      <trkpt lat="40.154528729617595672607421875" lon="9.50054082088172435760498046875">
        <ele>1178.5999755859375</ele>
        <time>2026-09-26T06:20:08.000Z</time>
      </trkpt>
      <trkpt lat="40.15448288060724735260009765625" lon="9.50052221305668354034423828125">
        <ele>1178</ele>
        <time>2026-09-26T06:20:13.000Z</time>
      </trkpt>
      <trkpt lat="40.15447366051375865936279296875" lon="9.50051718391478061676025390625">
        <ele>1177.800048828125</ele>
        <time>2026-09-26T06:20:14.000Z</time>
      </trkpt>
      <trkpt lat="40.154392607510089874267578125" lon="9.5004870928823947906494140625">
        <ele>1176.800048828125</ele>
        <time>2026-09-26T06:20:22.000Z</time>
      </trkpt>
      <trkpt lat="40.1543495245277881622314453125" lon="9.5004709996283054351806640625">
        <ele>1176.199951171875</ele>
        <time>2026-09-26T06:20:26.000Z</time>
      </trkpt>
      <trkpt lat="40.15432697720825672149658203125" lon="9.5004552416503429412841796875">
        <ele>1175.800048828125</ele>
        <time>2026-09-26T06:20:28.000Z</time>
      </trkpt>
      <trkpt lat="40.1542898453772068023681640625" lon="9.50044342316687107086181640625">
        <ele>1175.5999755859375</ele>
        <time>2026-09-26T06:20:31.000Z</time>
      </trkpt>
      <trkpt lat="40.15423695556819438934326171875" lon="9.50043864548206329345703125">
        <ele>1175.5999755859375</ele>
        <time>2026-09-26T06:20:35.000Z</time>
      </trkpt>
      <trkpt lat="40.15418850816786289215087890625" lon="9.50044878758490085601806640625">
        <ele>1176</ele>
        <time>2026-09-26T06:20:39.000Z</time>
      </trkpt>
      <trkpt lat="40.15415263362228870391845703125" lon="9.50044937431812286376953125">
        <ele>1176</ele>
        <time>2026-09-26T06:20:42.000Z</time>
      </trkpt>
      <trkpt lat="40.15411960892379283905029296875" lon="9.5004441775381565093994140625">
        <ele>1175.800048828125</ele>
        <time>2026-09-26T06:20:45.000Z</time>
      </trkpt>
      <trkpt lat="40.15408985316753387451171875" lon="9.500443674623966217041015625">
        <ele>1175.800048828125</ele>
        <time>2026-09-26T06:20:48.000Z</time>
      </trkpt>
      <trkpt lat="40.15400762669742107391357421875" lon="9.50044543482363224029541015625">
        <ele>1176.5999755859375</ele>
        <time>2026-09-26T06:20:56.000Z</time>
      </trkpt>
      <trkpt lat="40.15391291119158267974853515625" lon="9.50042297132313251495361328125">
        <ele>1176.800048828125</ele>
        <time>2026-09-26T06:21:03.000Z</time>
      </trkpt>
      <trkpt lat="40.1538891904056072235107421875" lon="9.5004183612763881683349609375">
        <ele>1177</ele>
        <time>2026-09-26T06:21:05.000Z</time>
      </trkpt>
      <trkpt lat="40.15382925979793071746826171875" lon="9.50041358359158039093017578125">
        <ele>1177.5999755859375</ele>
        <time>2026-09-26T06:21:09.000Z</time>
      </trkpt>
      <trkpt lat="40.15378114767372608184814453125" lon="9.50039313174784183502197265625">
        <ele>1177.199951171875</ele>
        <time>2026-09-26T06:21:13.000Z</time>
      </trkpt>
      <trkpt lat="40.15375818125903606414794921875" lon="9.500390700995922088623046875">
        <ele>1177.199951171875</ele>
        <time>2026-09-26T06:21:15.000Z</time>
      </trkpt>
      <trkpt lat="40.1537141762673854827880859375" lon="9.50038659386336803436279296875">
        <ele>1176.800048828125</ele>
        <time>2026-09-26T06:21:19.000Z</time>
      </trkpt>
      <trkpt lat="40.1535814069211483001708984375" lon="9.5003945566713809967041015625">
        <ele>1176.5999755859375</ele>
        <time>2026-09-26T06:21:29.000Z</time>
      </trkpt>
      <trkpt lat="40.15345660038292407989501953125" lon="9.5003657229244709014892578125">
        <ele>1175.199951171875</ele>
        <time>2026-09-26T06:21:37.000Z</time>
      </trkpt>
      <trkpt lat="40.1533229090273380279541015625" lon="9.5003414154052734375">
        <ele>1173.4000244140625</ele>
        <time>2026-09-26T06:21:46.000Z</time>
      </trkpt>
      <trkpt lat="40.1532129384577274322509765625" lon="9.50034904293715953826904296875">
        <ele>1172.800048828125</ele>
        <time>2026-09-26T06:21:55.000Z</time>
      </trkpt>
      <trkpt lat="40.15316055156290531158447265625" lon="9.50035222806036472320556640625">
        <ele>1172</ele>
        <time>2026-09-26T06:22:00.000Z</time>
      </trkpt>
      <trkpt lat="40.15314529649913311004638671875" lon="9.500338397920131683349609375">
        <ele>1171.4000244140625</ele>
        <time>2026-09-26T06:22:02.000Z</time>
      </trkpt>
      <trkpt lat="40.153087042272090911865234375" lon="9.500306211411952972412109375">
        <ele>1169.199951171875</ele>
        <time>2026-09-26T06:22:09.000Z</time>
      </trkpt>
      <trkpt lat="40.1530214957892894744873046875" lon="9.5003013499081134796142578125">
        <ele>1167.800048828125</ele>
        <time>2026-09-26T06:22:16.000Z</time>
      </trkpt>
      <trkpt lat="40.1529698632657527923583984375" lon="9.50031400658190250396728515625">
        <ele>1167.4000244140625</ele>
        <time>2026-09-26T06:22:21.000Z</time>
      </trkpt>
      <trkpt lat="40.15293859876692295074462890625" lon="9.500315599143505096435546875">
        <ele>1166.800048828125</ele>
        <time>2026-09-26T06:22:24.000Z</time>
      </trkpt>
      <trkpt lat="40.15286081470549106597900390625" lon="9.50031526386737823486328125">
        <ele>1164.800048828125</ele>
        <time>2026-09-26T06:22:31.000Z</time>
      </trkpt>
      <trkpt lat="40.1527861319482326507568359375" lon="9.50031618587672710418701171875">
        <ele>1163</ele>
        <time>2026-09-26T06:22:37.000Z</time>
      </trkpt>
      <trkpt lat="40.15277414582669734954833984375" lon="9.50032087974250316619873046875">
        <ele>1162.800048828125</ele>
        <time>2026-09-26T06:22:38.000Z</time>
      </trkpt>
      <trkpt lat="40.152749083936214447021484375" lon="9.5003167726099491119384765625">
        <ele>1162.199951171875</ele>
        <time>2026-09-26T06:22:40.000Z</time>
      </trkpt>
      <trkpt lat="40.15270692296326160430908203125" lon="9.500308893620967864990234375">
        <ele>1160.800048828125</ele>
        <time>2026-09-26T06:22:43.000Z</time>
      </trkpt>
      <trkpt lat="40.15267875976860523223876953125" lon="9.5003060437738895416259765625">
        <ele>1159.800048828125</ele>
        <time>2026-09-26T06:22:45.000Z</time>
      </trkpt>
      <trkpt lat="40.1526530273258686065673828125" lon="9.50030411593616008758544921875">
        <ele>1159.4000244140625</ele>
        <time>2026-09-26T06:22:47.000Z</time>
      </trkpt>
      <trkpt lat="40.152542889118194580078125" lon="9.50033647008240222930908203125">
        <ele>1159</ele>
        <time>2026-09-26T06:22:55.000Z</time>
      </trkpt>
      <trkpt lat="40.15240140259265899658203125" lon="9.50034384615719318389892578125">
        <ele>1157</ele>
        <time>2026-09-26T06:23:05.000Z</time>
      </trkpt>
      <trkpt lat="40.15238673426210880279541015625" lon="9.5003419183194637298583984375">
        <ele>1156.5999755859375</ele>
        <time>2026-09-26T06:23:06.000Z</time>
      </trkpt>
      <trkpt lat="40.15237147919833660125732421875" lon="9.50034342706203460693359375">
        <ele>1156.4000244140625</ele>
        <time>2026-09-26T06:23:07.000Z</time>
      </trkpt>
      <trkpt lat="40.15227609314024448394775390625" lon="9.50034669600427150726318359375">
        <ele>1154</ele>
        <time>2026-09-26T06:23:14.000Z</time>
      </trkpt>
      <trkpt lat="40.1522196829319000244140625" lon="9.5003606937825679779052734375">
        <ele>1153</ele>
        <time>2026-09-26T06:23:19.000Z</time>
      </trkpt>
      <trkpt lat="40.15217064879834651947021484375" lon="9.5003647170960903167724609375">
        <ele>1152.199951171875</ele>
        <time>2026-09-26T06:23:23.000Z</time>
      </trkpt>
      <trkpt lat="40.1520773582160472869873046875" lon="9.50034745037555694580078125">
        <ele>1150.5999755859375</ele>
        <time>2026-09-26T06:23:29.000Z</time>
      </trkpt>
      <trkpt lat="40.15206419862806797027587890625" lon="9.500344432890415191650390625">
        <ele>1150.4000244140625</ele>
        <time>2026-09-26T06:23:30.000Z</time>
      </trkpt>
      <trkpt lat="40.15204642899334430694580078125" lon="9.5003559999167919158935546875">
        <ele>1150.800048828125</ele>
        <time>2026-09-26T06:23:32.000Z</time>
      </trkpt>
      <trkpt lat="40.15203259885311126708984375" lon="9.50037033297121524810791015625">
        <ele>1151.4000244140625</ele>
        <time>2026-09-26T06:23:34.000Z</time>
      </trkpt>
      <trkpt lat="40.1520243845880031585693359375" lon="9.50036815367639064788818359375">
        <ele>1151.199951171875</ele>
        <time>2026-09-26T06:23:35.000Z</time>
      </trkpt>
      <trkpt lat="40.1519372127950191497802734375" lon="9.50033060275018215179443359375">
        <ele>1149.4000244140625</ele>
        <time>2026-09-26T06:23:43.000Z</time>
      </trkpt>
      <trkpt lat="40.15189580619335174560546875" lon="9.5003305189311504364013671875">
        <ele>1149.199951171875</ele>
        <time>2026-09-26T06:23:46.000Z</time>
      </trkpt>
      <trkpt lat="40.15186361968517303466796875" lon="9.50032507069408893585205078125">
        <ele>1148.5999755859375</ele>
        <time>2026-09-26T06:23:48.000Z</time>
      </trkpt>
      <trkpt lat="40.15184618532657623291015625" lon="9.50032406486570835113525390625">
        <ele>1148.4000244140625</ele>
        <time>2026-09-26T06:23:49.000Z</time>
      </trkpt>
      <trkpt lat="40.1518173515796661376953125" lon="9.500324986875057220458984375">
        <ele>1148.199951171875</ele>
        <time>2026-09-26T06:23:51.000Z</time>
      </trkpt>
      <trkpt lat="40.1517876796424388885498046875" lon="9.5003266632556915283203125">
        <ele>1148.199951171875</ele>
        <time>2026-09-26T06:23:53.000Z</time>
      </trkpt>
      <trkpt lat="40.15170059166848659515380859375" lon="9.5003657229244709014892578125">
        <ele>1149</ele>
        <time>2026-09-26T06:24:00.000Z</time>
      </trkpt>
      <trkpt lat="40.15165499411523342132568359375" lon="9.50036563910543918609619140625">
        <ele>1148.800048828125</ele>
        <time>2026-09-26T06:24:04.000Z</time>
      </trkpt>
      <trkpt lat="40.1516156829893589019775390625" lon="9.50036245398223400115966796875">
        <ele>1148.5999755859375</ele>
        <time>2026-09-26T06:24:08.000Z</time>
      </trkpt>
      <trkpt lat="40.15160478651523590087890625" lon="9.50036882422864437103271484375">
        <ele>1148.800048828125</ele>
        <time>2026-09-26T06:24:09.000Z</time>
      </trkpt>
      <trkpt lat="40.15157469548285007476806640625" lon="9.50037988834083080291748046875">
        <ele>1149</ele>
        <time>2026-09-26T06:24:12.000Z</time>
      </trkpt>
      <trkpt lat="40.15153731219470500946044921875" lon="9.500377960503101348876953125">
        <ele>1148.4000244140625</ele>
        <time>2026-09-26T06:24:16.000Z</time>
      </trkpt>
      <trkpt lat="40.15151049010455608367919921875" lon="9.5003855042159557342529296875">
        <ele>1148.199951171875</ele>
        <time>2026-09-26T06:24:18.000Z</time>
      </trkpt>
      <trkpt lat="40.15149749815464019775390625" lon="9.5003855042159557342529296875">
        <ele>1148</ele>
        <time>2026-09-26T06:24:19.000Z</time>
      </trkpt>
      <trkpt lat="40.1514601148664951324462890625" lon="9.5003794692456722259521484375">
        <ele>1147.4000244140625</ele>
        <time>2026-09-26T06:24:22.000Z</time>
      </trkpt>
      <trkpt lat="40.1514530740678310394287109375" lon="9.5003844983875751495361328125">
        <ele>1147.4000244140625</ele>
        <time>2026-09-26T06:24:23.000Z</time>
      </trkpt>
      <trkpt lat="40.1514430157840251922607421875" lon="9.50039229355752468109130859375">
        <ele>1147.4000244140625</ele>
        <time>2026-09-26T06:24:24.000Z</time>
      </trkpt>
      <trkpt lat="40.1513622142374515533447265625" lon="9.500449709594249725341796875">
        <ele>1148.4000244140625</ele>
        <time>2026-09-26T06:24:32.000Z</time>
      </trkpt>
      <trkpt lat="40.15129230916500091552734375" lon="9.5004559122025966644287109375">
        <ele>1147.800048828125</ele>
        <time>2026-09-26T06:24:39.000Z</time>
      </trkpt>
      <trkpt lat="40.151230953633785247802734375" lon="9.500451385974884033203125">
        <ele>1147</ele>
        <time>2026-09-26T06:24:44.000Z</time>
      </trkpt>
      <trkpt lat="40.15119315125048160552978515625" lon="9.50046320445835590362548828125">
        <ele>1147</ele>
        <time>2026-09-26T06:24:48.000Z</time>
      </trkpt>
      <trkpt lat="40.15118527226150035858154296875" lon="9.5004596002399921417236328125">
        <ele>1146.5999755859375</ele>
        <time>2026-09-26T06:24:49.000Z</time>
      </trkpt>
      <trkpt lat="40.1511682569980621337890625" lon="9.50044912286102771759033203125">
        <ele>1146.199951171875</ele>
        <time>2026-09-26T06:24:52.000Z</time>
      </trkpt>
      <trkpt lat="40.15116783790290355682373046875" lon="9.500448703765869140625">
        <ele>1146.199951171875</ele>
        <time>2026-09-26T06:25:00.000Z</time>
      </trkpt>
      <trkpt lat="40.15113347209990024566650390625" lon="9.50042448006570339202880859375">
        <ele>1145</ele>
        <time>2026-09-26T06:25:07.000Z</time>
      </trkpt>
      <trkpt lat="40.1510743796825408935546875" lon="9.5004015974700450897216796875">
        <ele>1143.4000244140625</ele>
        <time>2026-09-26T06:25:13.000Z</time>
      </trkpt>
      <trkpt lat="40.15098444186151027679443359375" lon="9.500373937189579010009765625">
        <ele>1141.5999755859375</ele>
        <time>2026-09-26T06:25:21.000Z</time>
      </trkpt>
      <trkpt lat="40.1509602181613445281982421875" lon="9.500367231667041778564453125">
        <ele>1141.4000244140625</ele>
        <time>2026-09-26T06:25:23.000Z</time>
      </trkpt>
      <trkpt lat="40.15093959867954254150390625" lon="9.500366561114788055419921875">
        <ele>1141.199951171875</ele>
        <time>2026-09-26T06:25:25.000Z</time>
      </trkpt>
      <trkpt lat="40.15088385902345180511474609375" lon="9.5003754459321498870849609375">
        <ele>1141.4000244140625</ele>
        <time>2026-09-26T06:25:30.000Z</time>
      </trkpt>
      <trkpt lat="40.150786377489566802978515625" lon="9.500343091785907745361328125">
        <ele>1140</ele>
        <time>2026-09-26T06:25:38.000Z</time>
      </trkpt>
      <trkpt lat="40.150647573173046112060546875" lon="9.500351808965206146240234375">
        <ele>1138.4000244140625</ele>
        <time>2026-09-26T06:25:47.000Z</time>
      </trkpt>
      <trkpt lat="40.1506360061466693878173828125" lon="9.50035340152680873870849609375">
        <ele>1138.199951171875</ele>
        <time>2026-09-26T06:25:48.000Z</time>
      </trkpt>
      <trkpt lat="40.15061781741678714752197265625" lon="9.5003627054393291473388671875">
        <ele>1138.199951171875</ele>
        <time>2026-09-26T06:25:50.000Z</time>
      </trkpt>
      <trkpt lat="40.1505823619663715362548828125" lon="9.50036698020994663238525390625">
        <ele>1137.800048828125</ele>
        <time>2026-09-26T06:25:53.000Z</time>
      </trkpt>
      <trkpt lat="40.15053324401378631591796875" lon="9.500378631055355072021484375">
        <ele>1137.800048828125</ele>
        <time>2026-09-26T06:25:58.000Z</time>
      </trkpt>
      <trkpt lat="40.15049946494400501251220703125" lon="9.50038072653114795684814453125">
        <ele>1138</ele>
        <time>2026-09-26T06:26:01.000Z</time>
      </trkpt>
      <trkpt lat="40.15037105418741703033447265625" lon="9.50040520168840885162353515625">
        <ele>1137.800048828125</ele>
        <time>2026-09-26T06:26:10.000Z</time>
      </trkpt>
      <trkpt lat="40.15029964037239551544189453125" lon="9.50041257776319980621337890625">
        <ele>1137.199951171875</ele>
        <time>2026-09-26T06:26:14.000Z</time>
      </trkpt>
      <trkpt lat="40.15027147717773914337158203125" lon="9.500419534742832183837890625">
        <ele>1137</ele>
        <time>2026-09-26T06:26:16.000Z</time>
      </trkpt>
      <trkpt lat="40.15023727901279926300048828125" lon="9.50042565353214740753173828125">
        <ele>1137</ele>
        <time>2026-09-26T06:26:19.000Z</time>
      </trkpt>
      <trkpt lat="40.150172151625156402587890625" lon="9.50043219141662120819091796875">
        <ele>1136.5999755859375</ele>
        <time>2026-09-26T06:26:25.000Z</time>
      </trkpt>
      <trkpt lat="40.15016200952231884002685546875" lon="9.500440321862697601318359375">
        <ele>1136.800048828125</ele>
        <time>2026-09-26T06:26:26.000Z</time>
      </trkpt>
      <trkpt lat="40.15015329234302043914794921875" lon="9.500443004071712493896484375">
        <ele>1136.800048828125</ele>
        <time>2026-09-26T06:26:27.000Z</time>
      </trkpt>
      <trkpt lat="40.1500469259917736053466796875" lon="9.50047443620860576629638671875">
        <ele>1136</ele>
        <time>2026-09-26T06:26:36.000Z</time>
      </trkpt>
      <trkpt lat="40.150036700069904327392578125" lon="9.50047929771244525909423828125">
        <ele>1135.800048828125</ele>
        <time>2026-09-26T06:26:37.000Z</time>
      </trkpt>
      <trkpt lat="40.15002924017608165740966796875" lon="9.50048332102596759796142578125">
        <ele>1135.800048828125</ele>
        <time>2026-09-26T06:26:38.000Z</time>
      </trkpt>
      <trkpt lat="40.1499815471470355987548828125" lon="9.50050293467938899993896484375">
        <ele>1135.199951171875</ele>
        <time>2026-09-26T06:26:43.000Z</time>
      </trkpt>
      <trkpt lat="40.1499513722956180572509765625" lon="9.500514753162860870361328125">
        <ele>1134.800048828125</ele>
        <time>2026-09-26T06:26:45.000Z</time>
      </trkpt>
      <trkpt lat="40.149928741157054901123046875" lon="9.500528834760189056396484375">
        <ele>1134.800048828125</ele>
        <time>2026-09-26T06:26:47.000Z</time>
      </trkpt>
      <trkpt lat="40.14988758601248264312744140625" lon="9.50057954527437686920166015625">
        <ele>1135.800048828125</ele>
        <time>2026-09-26T06:26:53.000Z</time>
      </trkpt>
      <trkpt lat="40.14982488937675952911376953125" lon="9.50062908232212066650390625">
        <ele>1137</ele>
        <time>2026-09-26T06:27:02.000Z</time>
      </trkpt>
      <trkpt lat="40.14977308921515941619873046875" lon="9.5006466843187808990478515625">
        <ele>1137.4000244140625</ele>
        <time>2026-09-26T06:27:07.000Z</time>
      </trkpt>
      <trkpt lat="40.14972447417676448822021484375" lon="9.5006446726620197296142578125">
        <ele>1137.199951171875</ele>
        <time>2026-09-26T06:27:11.000Z</time>
      </trkpt>
      <trkpt lat="40.149608217179775238037109375" lon="9.500620029866695404052734375">
        <ele>1136</ele>
        <time>2026-09-26T06:27:20.000Z</time>
      </trkpt>
      <trkpt lat="40.14950637705624103546142578125" lon="9.50058708898723125457763671875">
        <ele>1135</ele>
        <time>2026-09-26T06:27:29.000Z</time>
      </trkpt>
      <trkpt lat="40.14942415058612823486328125" lon="9.50055691413581371307373046875">
        <ele>1134</ele>
        <time>2026-09-26T06:27:36.000Z</time>
      </trkpt>
      <trkpt lat="40.14941367320716381072998046875" lon="9.50054920278489589691162109375">
        <ele>1133.800048828125</ele>
        <time>2026-09-26T06:27:37.000Z</time>
      </trkpt>
      <trkpt lat="40.1494031958281993865966796875" lon="9.5005357079207897186279296875">
        <ele>1133.199951171875</ele>
        <time>2026-09-26T06:27:38.000Z</time>
      </trkpt>
      <trkpt lat="40.14939188025891780853271484375" lon="9.5005273260176181793212890625">
        <ele>1133</ele>
        <time>2026-09-26T06:27:39.000Z</time>
      </trkpt>
      <trkpt lat="40.14935382641851902008056640625" lon="9.50051450170576572418212890625">
        <ele>1132.5999755859375</ele>
        <time>2026-09-26T06:27:42.000Z</time>
      </trkpt>
      <trkpt lat="40.14934008009731769561767578125" lon="9.5005115680396556854248046875">
        <ele>1132.199951171875</ele>
        <time>2026-09-26T06:27:43.000Z</time>
      </trkpt>
      <trkpt lat="40.149301774799823760986328125" lon="9.50049924664199352264404296875">
        <ele>1131.199951171875</ele>
        <time>2026-09-26T06:27:46.000Z</time>
      </trkpt>
      <trkpt lat="40.1492345519363880157470703125" lon="9.50048482976853847503662109375">
        <ele>1130.4000244140625</ele>
        <time>2026-09-26T06:27:53.000Z</time>
      </trkpt>
      <trkpt lat="40.14918283559381961822509765625" lon="9.50047711841762065887451171875">
        <ele>1130</ele>
        <time>2026-09-26T06:27:58.000Z</time>
      </trkpt>
      <trkpt lat="40.14915366657078266143798828125" lon="9.5004693232476711273193359375">
        <ele>1129.800048828125</ele>
        <time>2026-09-26T06:28:00.000Z</time>
      </trkpt>
      <trkpt lat="40.14911234378814697265625" lon="9.5004596002399921417236328125">
        <ele>1129.4000244140625</ele>
        <time>2026-09-26T06:28:03.000Z</time>
      </trkpt>
      <trkpt lat="40.1490317098796367645263671875" lon="9.5004414953291416168212890625">
        <ele>1129</ele>
        <time>2026-09-26T06:28:11.000Z</time>
      </trkpt>
      <trkpt lat="40.14896406792104244232177734375" lon="9.50039547868072986602783203125">
        <ele>1127.199951171875</ele>
        <time>2026-09-26T06:28:19.000Z</time>
      </trkpt>
      <trkpt lat="40.14892836101353168487548828125" lon="9.50038324110209941864013671875">
        <ele>1127</ele>
        <time>2026-09-26T06:28:22.000Z</time>
      </trkpt>
      <trkpt lat="40.1489178836345672607421875" lon="9.50037854723632335662841796875">
        <ele>1127</ele>
        <time>2026-09-26T06:28:23.000Z</time>
      </trkpt>
      <trkpt lat="40.148861892521381378173828125" lon="9.5003690756857395172119140625">
        <ele>1127</ele>
        <time>2026-09-26T06:28:28.000Z</time>
      </trkpt>
      <trkpt lat="40.14873859472572803497314453125" lon="9.50036178342998027801513671875">
        <ele>1127.5999755859375</ele>
        <time>2026-09-26T06:28:37.000Z</time>
      </trkpt>
      <trkpt lat="40.1486898958683013916015625" lon="9.500351808965206146240234375">
        <ele>1128</ele>
        <time>2026-09-26T06:28:42.000Z</time>
      </trkpt>
      <trkpt lat="40.148668102920055389404296875" lon="9.500335715711116790771484375">
        <ele>1127.4000244140625</ele>
        <time>2026-09-26T06:28:44.000Z</time>
      </trkpt>
      <trkpt lat="40.1486404426395893096923828125" lon="9.50031400658190250396728515625">
        <ele>1126.800048828125</ele>
        <time>2026-09-26T06:28:46.000Z</time>
      </trkpt>
      <trkpt lat="40.148572213947772979736328125" lon="9.50023706071078777313232421875">
        <ele>1124</ele>
        <time>2026-09-26T06:28:53.000Z</time>
      </trkpt>
      <trkpt lat="40.1485636644065380096435546875" lon="9.50023001991212368011474609375">
        <ele>1123.800048828125</ele>
        <time>2026-09-26T06:28:54.000Z</time>
      </trkpt>
      <trkpt lat="40.148486383259296417236328125" lon="9.50019582174718379974365234375">
        <ele>1122.800048828125</ele>
        <time>2026-09-26T06:28:59.000Z</time>
      </trkpt>
      <trkpt lat="40.148452855646610260009765625" lon="9.500161372125148773193359375">
        <ele>1121.199951171875</ele>
        <time>2026-09-26T06:29:03.000Z</time>
      </trkpt>
      <trkpt lat="40.14840759336948394775390625" lon="9.50012440793216228485107421875">
        <ele>1119.199951171875</ele>
        <time>2026-09-26T06:29:07.000Z</time>
      </trkpt>
      <trkpt lat="40.14838823117315769195556640625" lon="9.5001094043254852294921875">
        <ele>1118.5999755859375</ele>
        <time>2026-09-26T06:29:09.000Z</time>
      </trkpt>
      <trkpt lat="40.1483101956546306610107421875" lon="9.5000710152089595794677734375">
        <ele>1116.5999755859375</ele>
        <time>2026-09-26T06:29:16.000Z</time>
      </trkpt>
      <trkpt lat="40.14822914265096187591552734375" lon="9.5000128448009490966796875">
        <ele>1113.5999755859375</ele>
        <time>2026-09-26T06:29:25.000Z</time>
      </trkpt>
      <trkpt lat="40.14819544740021228790283203125" lon="9.4999600388109683990478515625">
        <ele>1112.199951171875</ele>
        <time>2026-09-26T06:29:29.000Z</time>
      </trkpt>
      <trkpt lat="40.14818958006799221038818359375" lon="9.4999348931014537811279296875">
        <ele>1111.4000244140625</ele>
        <time>2026-09-26T06:29:31.000Z</time>
      </trkpt>
      <trkpt lat="40.1481938548386096954345703125" lon="9.499919302761554718017578125">
        <ele>1110.5999755859375</ele>
        <time>2026-09-26T06:29:32.000Z</time>
      </trkpt>
      <trkpt lat="40.1482045836746692657470703125" lon="9.49990849010646343231201171875">
        <ele>1110.199951171875</ele>
        <time>2026-09-26T06:29:33.000Z</time>
      </trkpt>
      <trkpt lat="40.14822511933743953704833984375" lon="9.4999057240784168243408203125">
        <ele>1109.800048828125</ele>
        <time>2026-09-26T06:29:35.000Z</time>
      </trkpt>
      <trkpt lat="40.148244984447956085205078125" lon="9.49989683926105499267578125">
        <ele>1109.199951171875</ele>
        <time>2026-09-26T06:29:37.000Z</time>
      </trkpt>
      <trkpt lat="40.14829066582024097442626953125" lon="9.499854259192943572998046875">
        <ele>1107.800048828125</ele>
        <time>2026-09-26T06:29:42.000Z</time>
      </trkpt>
      <trkpt lat="40.1483115367591381072998046875" lon="9.499850571155548095703125">
        <ele>1107.5999755859375</ele>
        <time>2026-09-26T06:29:44.000Z</time>
      </trkpt>
      <trkpt lat="40.14833140186965465545654296875" lon="9.49983506463468074798583984375">
        <ele>1107</ele>
        <time>2026-09-26T06:29:46.000Z</time>
      </trkpt>
      <trkpt lat="40.14835705049335956573486328125" lon="9.49982165358960628509521484375">
        <ele>1106.4000244140625</ele>
        <time>2026-09-26T06:29:48.000Z</time>
      </trkpt>
      <trkpt lat="40.14838554896414279937744140625" lon="9.4998157024383544921875">
        <ele>1106</ele>
        <time>2026-09-26T06:29:50.000Z</time>
      </trkpt>
      <trkpt lat="40.1484124548733234405517578125" lon="9.49981033802032470703125">
        <ele>1105.5999755859375</ele>
        <time>2026-09-26T06:29:52.000Z</time>
      </trkpt>
      <trkpt lat="40.14849199913442134857177734375" lon="9.4997685961425304412841796875">
        <ele>1103.199951171875</ele>
        <time>2026-09-26T06:29:58.000Z</time>
      </trkpt>
      <trkpt lat="40.148555450141429901123046875" lon="9.49976633302867412567138671875">
        <ele>1102.4000244140625</ele>
        <time>2026-09-26T06:30:02.000Z</time>
      </trkpt>
      <trkpt lat="40.14862460084259510040283203125" lon="9.49973590672016143798828125">
        <ele>1101</ele>
        <time>2026-09-26T06:30:09.000Z</time>
      </trkpt>
      <trkpt lat="40.14865259639918804168701171875" lon="9.499721489846706390380859375">
        <ele>1100.4000244140625</ele>
        <time>2026-09-26T06:30:12.000Z</time>
      </trkpt>
      <trkpt lat="40.14867908321321010589599609375" lon="9.49968494474887847900390625">
        <ele>1099</ele>
        <time>2026-09-26T06:30:15.000Z</time>
      </trkpt>
      <trkpt lat="40.1486910693347454071044921875" lon="9.49968318454921245574951171875">
        <ele>1098.800048828125</ele>
        <time>2026-09-26T06:30:16.000Z</time>
      </trkpt>
      <trkpt lat="40.14871579594910144805908203125" lon="9.49967748485505580902099609375">
        <ele>1098.5999755859375</ele>
        <time>2026-09-26T06:30:18.000Z</time>
      </trkpt>
      <trkpt lat="40.1487785764038562774658203125" lon="9.4996395148336887359619140625">
        <ele>1096.800048828125</ele>
        <time>2026-09-26T06:30:23.000Z</time>
      </trkpt>
      <trkpt lat="40.14888192526996135711669921875" lon="9.49958360753953456878662109375">
        <ele>1093.5999755859375</ele>
        <time>2026-09-26T06:30:31.000Z</time>
      </trkpt>
      <trkpt lat="40.1489482261240482330322265625" lon="9.49956097640097141265869140625">
        <ele>1092</ele>
        <time>2026-09-26T06:30:38.000Z</time>
      </trkpt>
      <trkpt lat="40.14894135296344757080078125" lon="9.49953432194888591766357421875">
        <ele>1091.199951171875</ele>
        <time>2026-09-26T06:30:41.000Z</time>
      </trkpt>
      <trkpt lat="40.1489371620118618011474609375" lon="9.4995194859802722930908203125">
        <ele>1090.5999755859375</ele>
        <time>2026-09-26T06:30:42.000Z</time>
      </trkpt>
      <trkpt lat="40.1489713601768016815185546875" lon="9.4994735531508922576904296875">
        <ele>1088.800048828125</ele>
        <time>2026-09-26T06:30:48.000Z</time>
      </trkpt>
      <trkpt lat="40.149040929973125457763671875" lon="9.49943860061466693878173828125">
        <ele>1087</ele>
        <time>2026-09-26T06:30:57.000Z</time>
      </trkpt>
      <trkpt lat="40.14904151670634746551513671875" lon="9.49943843297660350799560546875">
        <ele>1087</ele>
        <time>2026-09-26T06:30:59.000Z</time>
      </trkpt>
      <trkpt lat="40.149044953286647796630859375" lon="9.49943281710147857666015625">
        <ele>1086.800048828125</ele>
        <time>2026-09-26T06:31:07.000Z</time>
      </trkpt>
      <trkpt lat="40.14904503710567951202392578125" lon="9.499431811273097991943359375">
        <ele>1086.800048828125</ele>
        <time>2026-09-26T06:31:11.000Z</time>
      </trkpt>
      <trkpt lat="40.14904503710567951202392578125" lon="9.499431811273097991943359375">
        <ele>1086.800048828125</ele>
        <time>2026-09-26T06:31:12.000Z</time>
      </trkpt>
      <trkpt lat="40.14904537238180637359619140625" lon="9.49943860061466693878173828125">
        <ele>1087</ele>
        <time>2026-09-26T06:31:34.000Z</time>
      </trkpt>
      <trkpt lat="40.14904595911502838134765625" lon="9.49944212101399898529052734375">
        <ele>1087</ele>
        <time>2026-09-26T06:31:42.000Z</time>
      </trkpt>
      <trkpt lat="40.14904595911502838134765625" lon="9.49944245629012584686279296875">
        <ele>1087.199951171875</ele>
        <time>2026-09-26T06:31:46.000Z</time>
      </trkpt>
      <trkpt lat="40.14904595911502838134765625" lon="9.49944279156625270843505859375">
        <ele>1087.199951171875</ele>
        <time>2026-09-26T06:31:48.000Z</time>
      </trkpt>
      <trkpt lat="40.14904470182955265045166015625" lon="9.49944379739463329315185546875">
        <ele>1087.199951171875</ele>
        <time>2026-09-26T06:31:54.000Z</time>
      </trkpt>
      <trkpt lat="40.1490441150963306427001953125" lon="9.49944413267076015472412109375">
        <ele>1087.199951171875</ele>
        <time>2026-09-26T06:31:56.000Z</time>
      </trkpt>
      <trkpt lat="40.14904327690601348876953125" lon="9.49944446794688701629638671875">
        <ele>1087.199951171875</ele>
        <time>2026-09-26T06:32:01.000Z</time>
      </trkpt>
      <trkpt lat="40.149042941629886627197265625" lon="9.49944379739463329315185546875">
        <ele>1087.199951171875</ele>
        <time>2026-09-26T06:32:08.000Z</time>
      </trkpt>
      <trkpt lat="40.149042271077632904052734375" lon="9.49944547377526760101318359375">
        <ele>1087.199951171875</ele>
        <time>2026-09-26T06:32:21.000Z</time>
      </trkpt>
      <trkpt lat="40.14903564937412738800048828125" lon="9.49944580905139446258544921875">
        <ele>1087.199951171875</ele>
        <time>2026-09-26T06:32:30.000Z</time>
      </trkpt>
      <trkpt lat="40.149032883346080780029296875" lon="9.4994468986988067626953125">
        <ele>1087.4000244140625</ele>
        <time>2026-09-26T06:32:43.000Z</time>
      </trkpt>
      <trkpt lat="40.1490991003811359405517578125" lon="9.499397613108158111572265625">
        <ele>1085.4000244140625</ele>
        <time>2026-09-26T06:33:16.000Z</time>
      </trkpt>
      <trkpt lat="40.14920890331268310546875" lon="9.49932125397026538848876953125">
        <ele>1082.5999755859375</ele>
        <time>2026-09-26T06:33:24.000Z</time>
      </trkpt>
      <trkpt lat="40.1493012718856334686279296875" lon="9.4992613233625888824462890625">
        <ele>1081.800048828125</ele>
        <time>2026-09-26T06:33:31.000Z</time>
      </trkpt>
      <trkpt lat="40.1493445225059986114501953125" lon="9.4992475770413875579833984375">
        <ele>1081.800048828125</ele>
        <time>2026-09-26T06:33:34.000Z</time>
      </trkpt>
      <trkpt lat="40.14938316307961940765380859375" lon="9.49924506247043609619140625">
        <ele>1082.199951171875</ele>
        <time>2026-09-26T06:33:37.000Z</time>
      </trkpt>
      <trkpt lat="40.14941032044589519500732421875" lon="9.49926224537193775177001953125">
        <ele>1083</ele>
        <time>2026-09-26T06:33:39.000Z</time>
      </trkpt>
      <trkpt lat="40.14942138455808162689208984375" lon="9.49927029199898242950439453125">
        <ele>1083.4000244140625</ele>
        <time>2026-09-26T06:33:40.000Z</time>
      </trkpt>
      <trkpt lat="40.14944032765924930572509765625" lon="9.499272890388965606689453125">
        <ele>1083.5999755859375</ele>
        <time>2026-09-26T06:33:45.000Z</time>
      </trkpt>
      <trkpt lat="40.14943487942218780517578125" lon="9.49926375411450862884521484375">
        <ele>1083.4000244140625</ele>
        <time>2026-09-26T06:33:46.000Z</time>
      </trkpt>
      <trkpt lat="40.149398334324359893798828125" lon="9.49921111576259136199951171875">
        <ele>1081.5999755859375</ele>
        <time>2026-09-26T06:33:52.000Z</time>
      </trkpt>
      <trkpt lat="40.149350054562091827392578125" lon="9.49915789067745208740234375">
        <ele>1079.5999755859375</ele>
        <time>2026-09-26T06:33:57.000Z</time>
      </trkpt>
      <trkpt lat="40.14931526966392993927001953125" lon="9.499127380549907684326171875">
        <ele>1078.800048828125</ele>
        <time>2026-09-26T06:34:00.000Z</time>
      </trkpt>
      <trkpt lat="40.1492419280111789703369140625" lon="9.49908278882503509521484375">
        <ele>1077.199951171875</ele>
        <time>2026-09-26T06:34:07.000Z</time>
      </trkpt>
      <trkpt lat="40.14923103153705596923828125" lon="9.49907071888446807861328125">
        <ele>1076.800048828125</ele>
        <time>2026-09-26T06:34:08.000Z</time>
      </trkpt>
      <trkpt lat="40.14919540844857692718505859375" lon="9.49902554042637348175048828125">
        <ele>1075.4000244140625</ele>
        <time>2026-09-26T06:34:12.000Z</time>
      </trkpt>
      <trkpt lat="40.14916623942553997039794921875" lon="9.4990004785358905792236328125">
        <ele>1074.5999755859375</ele>
        <time>2026-09-26T06:34:15.000Z</time>
      </trkpt>
      <trkpt lat="40.14914712868630886077880859375" lon="9.49896871112287044525146484375">
        <ele>1073.5999755859375</ele>
        <time>2026-09-26T06:34:17.000Z</time>
      </trkpt>
      <trkpt lat="40.14913371764123439788818359375" lon="9.49893652461469173431396484375">
        <ele>1072.4000244140625</ele>
        <time>2026-09-26T06:34:19.000Z</time>
      </trkpt>
      <trkpt lat="40.1491473801434040069580078125" lon="9.49889914132654666900634765625">
        <ele>1071</ele>
        <time>2026-09-26T06:34:22.000Z</time>
      </trkpt>
      <trkpt lat="40.14915148727595806121826171875" lon="9.4988838024437427520751953125">
        <ele>1070.5999755859375</ele>
        <time>2026-09-26T06:34:24.000Z</time>
      </trkpt>
      <trkpt lat="40.1491557620465755462646484375" lon="9.49888204224407672882080078125">
        <ele>1070.4000244140625</ele>
        <time>2026-09-26T06:34:27.000Z</time>
      </trkpt>
      <trkpt lat="40.14917328022420406341552734375" lon="9.4988630153238773345947265625">
        <ele>1069.800048828125</ele>
        <time>2026-09-26T06:34:32.000Z</time>
      </trkpt>
      <trkpt lat="40.14918006956577301025390625" lon="9.49885320849716663360595703125">
        <ele>1069.4000244140625</ele>
        <time>2026-09-26T06:34:33.000Z</time>
      </trkpt>
      <trkpt lat="40.14916037209331989288330078125" lon="9.4987916015088558197021484375">
        <ele>1067.5999755859375</ele>
        <time>2026-09-26T06:34:38.000Z</time>
      </trkpt>
      <trkpt lat="40.1491691730916500091552734375" lon="9.49874558486044406890869140625">
        <ele>1066</ele>
        <time>2026-09-26T06:34:44.000Z</time>
      </trkpt>
      <trkpt lat="40.14920957386493682861328125" lon="9.49874776415526866912841796875">
        <ele>1066</ele>
        <time>2026-09-26T06:34:49.000Z</time>
      </trkpt>
      <trkpt lat="40.14925508759915828704833984375" lon="9.49873334728181362152099609375">
        <ele>1064.800048828125</ele>
        <time>2026-09-26T06:34:53.000Z</time>
      </trkpt>
      <trkpt lat="40.14931493438780307769775390625" lon="9.4987242110073566436767578125">
        <ele>1063.800048828125</ele>
        <time>2026-09-26T06:34:58.000Z</time>
      </trkpt>
      <trkpt lat="40.14939422719180583953857421875" lon="9.49867777526378631591796875">
        <ele>1061.4000244140625</ele>
        <time>2026-09-26T06:35:07.000Z</time>
      </trkpt>
      <trkpt lat="40.149396322667598724365234375" lon="9.498668722808361053466796875">
        <ele>1061</ele>
        <time>2026-09-26T06:35:08.000Z</time>
      </trkpt>
      <trkpt lat="40.1493854261934757232666015625" lon="9.49864584021270275115966796875">
        <ele>1060.199951171875</ele>
        <time>2026-09-26T06:35:11.000Z</time>
      </trkpt>
      <trkpt lat="40.1493746973574161529541015625" lon="9.49863863177597522735595703125">
        <ele>1060</ele>
        <time>2026-09-26T06:35:12.000Z</time>
      </trkpt>
      <trkpt lat="40.1493505574762821197509765625" lon="9.49860401451587677001953125">
        <ele>1058.800048828125</ele>
        <time>2026-09-26T06:35:16.000Z</time>
      </trkpt>
      <trkpt lat="40.149344690144062042236328125" lon="9.498592279851436614990234375">
        <ele>1058.4000244140625</ele>
        <time>2026-09-26T06:35:17.000Z</time>
      </trkpt>
      <trkpt lat="40.149331279098987579345703125" lon="9.498568475246429443359375">
        <ele>1057.5999755859375</ele>
        <time>2026-09-26T06:35:19.000Z</time>
      </trkpt>
      <trkpt lat="40.14931686222553253173828125" lon="9.49855598621070384979248046875">
        <ele>1057.4000244140625</ele>
        <time>2026-09-26T06:35:21.000Z</time>
      </trkpt>
      <trkpt lat="40.1492794789373874664306640625" lon="9.49851994402706623077392578125">
        <ele>1056.4000244140625</ele>
        <time>2026-09-26T06:35:25.000Z</time>
      </trkpt>
      <trkpt lat="40.14926799573004245758056640625" lon="9.49850879609584808349609375">
        <ele>1056</ele>
        <time>2026-09-26T06:35:26.000Z</time>
      </trkpt>
      <trkpt lat="40.14920412562787532806396484375" lon="9.49844836257398128509521484375">
        <ele>1054.199951171875</ele>
        <time>2026-09-26T06:35:33.000Z</time>
      </trkpt>
      <trkpt lat="40.149190127849578857421875" lon="9.49843042530119419097900390625">
        <ele>1053.800048828125</ele>
        <time>2026-09-26T06:35:35.000Z</time>
      </trkpt>
      <trkpt lat="40.149156264960765838623046875" lon="9.49839605949819087982177734375">
        <ele>1052.800048828125</ele>
        <time>2026-09-26T06:35:38.000Z</time>
      </trkpt>
      <trkpt lat="40.149120725691318511962890625" lon="9.49837409891188144683837890625">
        <ele>1052.199951171875</ele>
        <time>2026-09-26T06:35:41.000Z</time>
      </trkpt>
      <trkpt lat="40.14910622499883174896240234375" lon="9.4983678124845027923583984375">
        <ele>1052</ele>
        <time>2026-09-26T06:35:42.000Z</time>
      </trkpt>
      <trkpt lat="40.14908560551702976226806640625" lon="9.49835113249719142913818359375">
        <ele>1051.5999755859375</ele>
        <time>2026-09-26T06:35:44.000Z</time>
      </trkpt>
      <trkpt lat="40.14906364493072032928466796875" lon="9.498328082263469696044921875">
        <ele>1050.800048828125</ele>
        <time>2026-09-26T06:35:46.000Z</time>
      </trkpt>
      <trkpt lat="40.14904855750501155853271484375" lon="9.4983081333339214324951171875">
        <ele>1050</ele>
        <time>2026-09-26T06:35:48.000Z</time>
      </trkpt>
      <trkpt lat="40.14899709261953830718994140625" lon="9.498261027038097381591796875">
        <ele>1048.4000244140625</ele>
        <time>2026-09-26T06:35:53.000Z</time>
      </trkpt>
      <trkpt lat="40.148977898061275482177734375" lon="9.4982464425265789031982421875">
        <ele>1047.800048828125</ele>
        <time>2026-09-26T06:35:55.000Z</time>
      </trkpt>
      <trkpt lat="40.14890321530401706695556640625" lon="9.49820428155362606048583984375">
        <ele>1046.199951171875</ele>
        <time>2026-09-26T06:36:01.000Z</time>
      </trkpt>
      <trkpt lat="40.14885284006595611572265625" lon="9.49816773645579814910888671875">
        <ele>1044.800048828125</ele>
        <time>2026-09-26T06:36:05.000Z</time>
      </trkpt>
      <trkpt lat="40.14883884228765964508056640625" lon="9.49815868400037288665771484375">
        <ele>1044.5999755859375</ele>
        <time>2026-09-26T06:36:06.000Z</time>
      </trkpt>
      <trkpt lat="40.1487504132091999053955078125" lon="9.49809431098401546478271484375">
        <ele>1042.4000244140625</ele>
        <time>2026-09-26T06:36:14.000Z</time>
      </trkpt>
      <trkpt lat="40.14868712984025478363037109375" lon="9.49803831987082958221435546875">
        <ele>1040.5999755859375</ele>
        <time>2026-09-26T06:36:22.000Z</time>
      </trkpt>
      <trkpt lat="40.14868763275444507598876953125" lon="9.49802675284445285797119140625">
        <ele>1040</ele>
        <time>2026-09-26T06:36:23.000Z</time>
      </trkpt>
      <trkpt lat="40.1487396843731403350830078125" lon="9.4979986734688282012939453125">
        <ele>1038.5999755859375</ele>
        <time>2026-09-26T06:36:29.000Z</time>
      </trkpt>
      <trkpt lat="40.1488191448152065277099609375" lon="9.497973024845123291015625">
        <ele>1037.5999755859375</ele>
        <time>2026-09-26T06:36:34.000Z</time>
      </trkpt>
      <trkpt lat="40.14884881675243377685546875" lon="9.49796673841774463653564453125">
        <ele>1037</ele>
        <time>2026-09-26T06:36:36.000Z</time>
      </trkpt>
      <trkpt lat="40.14886382035911083221435546875" lon="9.497960619628429412841796875">
        <ele>1036.800048828125</ele>
        <time>2026-09-26T06:36:37.000Z</time>
      </trkpt>
      <trkpt lat="40.14891511760652065277099609375" lon="9.4979463703930377960205078125">
        <ele>1035.800048828125</ele>
        <time>2026-09-26T06:36:41.000Z</time>
      </trkpt>
      <trkpt lat="40.14892467297613620758056640625" lon="9.49794284999370574951171875">
        <ele>1035.5999755859375</ele>
        <time>2026-09-26T06:36:42.000Z</time>
      </trkpt>
      <trkpt lat="40.1489794068038463592529296875" lon="9.49794016778469085693359375">
        <ele>1035</ele>
        <time>2026-09-26T06:36:46.000Z</time>
      </trkpt>
      <trkpt lat="40.1490575261414051055908203125" lon="9.497925080358982086181640625">
        <ele>1033.5999755859375</ele>
        <time>2026-09-26T06:36:52.000Z</time>
      </trkpt>
      <trkpt lat="40.14915668405592441558837890625" lon="9.49790471233427524566650390625">
        <ele>1032.199951171875</ele>
        <time>2026-09-26T06:37:00.000Z</time>
      </trkpt>
      <trkpt lat="40.1491664908826351165771484375" lon="9.49790001846849918365478515625">
        <ele>1032</ele>
        <time>2026-09-26T06:37:01.000Z</time>
      </trkpt>
      <trkpt lat="40.149242095649242401123046875" lon="9.49787017889320850372314453125">
        <ele>1030.5999755859375</ele>
        <time>2026-09-26T06:37:07.000Z</time>
      </trkpt>
      <trkpt lat="40.14927336014807224273681640625" lon="9.49785810895264148712158203125">
        <ele>1030.199951171875</ele>
        <time>2026-09-26T06:37:09.000Z</time>
      </trkpt>
      <trkpt lat="40.14931711368262767791748046875" lon="9.497843272984027862548828125">
        <ele>1029.5999755859375</ele>
        <time>2026-09-26T06:37:13.000Z</time>
      </trkpt>
      <trkpt lat="40.1493505574762821197509765625" lon="9.4978347234427928924560546875">
        <ele>1029.199951171875</ele>
        <time>2026-09-26T06:37:17.000Z</time>
      </trkpt>
      <trkpt lat="40.1493458636105060577392578125" lon="9.49781678617000579833984375">
        <ele>1028.5999755859375</ele>
        <time>2026-09-26T06:37:22.000Z</time>
      </trkpt>
      <trkpt lat="40.14931543730199337005615234375" lon="9.49779591523110866546630859375">
        <ele>1027.800048828125</ele>
        <time>2026-09-26T06:37:25.000Z</time>
      </trkpt>
      <trkpt lat="40.149255506694316864013671875" lon="9.49773640371859073638916015625">
        <ele>1025.800048828125</ele>
        <time>2026-09-26T06:37:30.000Z</time>
      </trkpt>
      <trkpt lat="40.1491517387330532073974609375" lon="9.4976778142154216766357421875">
        <ele>1024.199951171875</ele>
        <time>2026-09-26T06:37:38.000Z</time>
      </trkpt>
      <trkpt lat="40.1491252519190311431884765625" lon="9.49767328798770904541015625">
        <ele>1024</ele>
        <time>2026-09-26T06:37:41.000Z</time>
      </trkpt>
      <trkpt lat="40.14911033213138580322265625" lon="9.4976603798568248748779296875">
        <ele>1023.5999755859375</ele>
        <time>2026-09-26T06:37:43.000Z</time>
      </trkpt>
      <trkpt lat="40.14910086058080196380615234375" lon="9.4976372458040714263916015625">
        <ele>1023</ele>
        <time>2026-09-26T06:37:45.000Z</time>
      </trkpt>
      <trkpt lat="40.1490883715450763702392578125" lon="9.49760681949555873870849609375">
        <ele>1022</ele>
        <time>2026-09-26T06:37:48.000Z</time>
      </trkpt>
      <trkpt lat="40.14909197576344013214111328125" lon="9.4975852780044078826904296875">
        <ele>1021.4000244140625</ele>
        <time>2026-09-26T06:37:50.000Z</time>
      </trkpt>
      <trkpt lat="40.1491027884185314178466796875" lon="9.49755401350557804107666015625">
        <ele>1020.5999755859375</ele>
        <time>2026-09-26T06:37:53.000Z</time>
      </trkpt>
      <trkpt lat="40.1491098292171955108642578125" lon="9.49755451641976833343505859375">
        <ele>1020.5999755859375</ele>
        <time>2026-09-26T06:37:58.000Z</time>
      </trkpt>
      <trkpt lat="40.1490759663283824920654296875" lon="9.49752434156835079193115234375">
        <ele>1019.79998779296875</ele>
        <time>2026-09-26T06:38:05.000Z</time>
      </trkpt>
      <trkpt lat="40.149065069854259490966796875" lon="9.49747488833963871002197265625">
        <ele>1018.4000244140625</ele>
        <time>2026-09-26T06:38:10.000Z</time>
      </trkpt>
      <trkpt lat="40.1490457914769649505615234375" lon="9.49741487391293048858642578125">
        <ele>1016.79998779296875</ele>
        <time>2026-09-26T06:38:16.000Z</time>
      </trkpt>
      <trkpt lat="40.149039924144744873046875" lon="9.49740313924849033355712890625">
        <ele>1016.5999755859375</ele>
        <time>2026-09-26T06:38:17.000Z</time>
      </trkpt>
      <trkpt lat="40.14903414063155651092529296875" lon="9.49739241041243076324462890625">
        <ele>1016.4000244140625</ele>
        <time>2026-09-26T06:38:18.000Z</time>
      </trkpt>
      <trkpt lat="40.1490028761327266693115234375" lon="9.4973311387002468109130859375">
        <ele>1014.79998779296875</ele>
        <time>2026-09-26T06:38:24.000Z</time>
      </trkpt>
      <trkpt lat="40.148991644382476806640625" lon="9.49730825610458850860595703125">
        <ele>1014.20001220703125</ele>
        <time>2026-09-26T06:38:26.000Z</time>
      </trkpt>
      <trkpt lat="40.148985274136066436767578125" lon="9.49729886837303638458251953125">
        <ele>1014</ele>
        <time>2026-09-26T06:38:27.000Z</time>
      </trkpt>
      <trkpt lat="40.14896591193974018096923828125" lon="9.49723877012729644775390625">
        <ele>1012.4000244140625</ele>
        <time>2026-09-26T06:38:33.000Z</time>
      </trkpt>
      <trkpt lat="40.1489659957587718963623046875" lon="9.4972367584705352783203125">
        <ele>1012.4000244140625</ele>
        <time>2026-09-26T06:38:34.000Z</time>
      </trkpt>
      <trkpt lat="40.14896272681653499603271484375" lon="9.49725218117237091064453125">
        <ele>1012.79998779296875</ele>
        <time>2026-09-26T06:38:43.000Z</time>
      </trkpt>
      <trkpt lat="40.14890070073306560516357421875" lon="9.49722980149090290069580078125">
        <ele>1012.20001220703125</ele>
        <time>2026-09-26T06:39:01.000Z</time>
      </trkpt>
      <trkpt lat="40.14884705655276775360107421875" lon="9.4972238503396511077880859375">
        <ele>1012</ele>
        <time>2026-09-26T06:39:05.000Z</time>
      </trkpt>
      <trkpt lat="40.14879693277180194854736328125" lon="9.497224353253841400146484375">
        <ele>1012</ele>
        <time>2026-09-26T06:39:08.000Z</time>
      </trkpt>
      <trkpt lat="40.148713700473308563232421875" lon="9.49724773876368999481201171875">
        <ele>1013.20001220703125</ele>
        <time>2026-09-26T06:39:16.000Z</time>
      </trkpt>
      <trkpt lat="40.14870355837047100067138671875" lon="9.4972469843924045562744140625">
        <ele>1013.20001220703125</ele>
        <time>2026-09-26T06:39:17.000Z</time>
      </trkpt>
      <trkpt lat="40.14864974655210971832275390625" lon="9.49717439711093902587890625">
        <ele>1011.5999755859375</ele>
        <time>2026-09-26T06:39:24.000Z</time>
      </trkpt>
      <trkpt lat="40.14862342737615108489990234375" lon="9.49714514426887035369873046875">
        <ele>1011</ele>
        <time>2026-09-26T06:39:27.000Z</time>
      </trkpt>
      <trkpt lat="40.1485985331237316131591796875" lon="9.4971024803817272186279296875">
        <ele>1010</ele>
        <time>2026-09-26T06:39:32.000Z</time>
      </trkpt>
      <trkpt lat="40.14859358780086040496826171875" lon="9.497096277773380279541015625">
        <ele>1009.79998779296875</ele>
        <time>2026-09-26T06:39:33.000Z</time>
      </trkpt>
      <trkpt lat="40.14857648871839046478271484375" lon="9.49706803075969219207763671875">
        <ele>1009.20001220703125</ele>
        <time>2026-09-26T06:39:36.000Z</time>
      </trkpt>
      <trkpt lat="40.14856777153909206390380859375" lon="9.49705730192363262176513671875">
        <ele>1008.79998779296875</ele>
        <time>2026-09-26T06:39:37.000Z</time>
      </trkpt>
      <trkpt lat="40.1485556177794933319091796875" lon="9.4970371015369892120361328125">
        <ele>1008.4000244140625</ele>
        <time>2026-09-26T06:39:39.000Z</time>
      </trkpt>
      <trkpt lat="40.14854446984827518463134765625" lon="9.49702897109091281890869140625">
        <ele>1008.20001220703125</ele>
        <time>2026-09-26T06:39:40.000Z</time>
      </trkpt>
      <trkpt lat="40.148529298603534698486328125" lon="9.49701572768390178680419921875">
        <ele>1008</ele>
        <time>2026-09-26T06:39:42.000Z</time>
      </trkpt>
      <trkpt lat="40.14853893779218196868896484375" lon="9.49699577875435352325439453125">
        <ele>1007.4000244140625</ele>
        <time>2026-09-26T06:39:46.000Z</time>
      </trkpt>
      <trkpt lat="40.1485665142536163330078125" lon="9.4969861395657062530517578125">
        <ele>1007</ele>
        <time>2026-09-26T06:39:49.000Z</time>
      </trkpt>
      <trkpt lat="40.14859777875244617462158203125" lon="9.4969502650201320648193359375">
        <ele>1006.4000244140625</ele>
        <time>2026-09-26T06:39:53.000Z</time>
      </trkpt>
      <trkpt lat="40.14863885007798671722412109375" lon="9.49692872352898120880126953125">
        <ele>1006</ele>
        <time>2026-09-26T06:39:57.000Z</time>
      </trkpt>
      <trkpt lat="40.14864907599985599517822265625" lon="9.49692453257739543914794921875">
        <ele>1006</ele>
        <time>2026-09-26T06:39:58.000Z</time>
      </trkpt>
      <trkpt lat="40.148669444024562835693359375" lon="9.49691682122647762298583984375">
        <ele>1005.79998779296875</ele>
        <time>2026-09-26T06:40:00.000Z</time>
      </trkpt>
      <trkpt lat="40.148680843412876129150390625" lon="9.4969063438475131988525390625">
        <ele>1005.5999755859375</ele>
        <time>2026-09-26T06:40:01.000Z</time>
      </trkpt>
      <trkpt lat="40.1487809233367443084716796875" lon="9.49683031998574733734130859375">
        <ele>1003.79998779296875</ele>
        <time>2026-09-26T06:40:10.000Z</time>
      </trkpt>
      <trkpt lat="40.14887019060552120208740234375" lon="9.49679109267890453338623046875">
        <ele>1002.4000244140625</ele>
        <time>2026-09-26T06:40:19.000Z</time>
      </trkpt>
      <trkpt lat="40.14893137849867343902587890625" lon="9.49674415402114391326904296875">
        <ele>1000.79998779296875</ele>
        <time>2026-09-26T06:40:27.000Z</time>
      </trkpt>
      <trkpt lat="40.14892031438648700714111328125" lon="9.4967232830822467803955078125">
        <ele>1000.20001220703125</ele>
        <time>2026-09-26T06:40:29.000Z</time>
      </trkpt>
      <trkpt lat="40.14891453087329864501953125" lon="9.49671079404652118682861328125">
        <ele>999.79998779296875</ele>
        <time>2026-09-26T06:40:30.000Z</time>
      </trkpt>
      <trkpt lat="40.14889365993440151214599609375" lon="9.49664290063083171844482421875">
        <ele>998</ele>
        <time>2026-09-26T06:40:35.000Z</time>
      </trkpt>
      <trkpt lat="40.14887656085193157196044921875" lon="9.49661691673099994659423828125">
        <ele>997.20001220703125</ele>
        <time>2026-09-26T06:40:37.000Z</time>
      </trkpt>
      <trkpt lat="40.148853845894336700439453125" lon="9.49658188037574291229248046875">
        <ele>996.4000244140625</ele>
        <time>2026-09-26T06:40:41.000Z</time>
      </trkpt>
      <trkpt lat="40.1488509960472583770751953125" lon="9.4965717382729053497314453125">
        <ele>996</ele>
        <time>2026-09-26T06:40:42.000Z</time>
      </trkpt>
      <trkpt lat="40.14883280731737613677978515625" lon="9.49651013128459453582763671875">
        <ele>994.4000244140625</ele>
        <time>2026-09-26T06:40:48.000Z</time>
      </trkpt>
      <trkpt lat="40.14882727526128292083740234375" lon="9.49649957008659839630126953125">
        <ele>994</ele>
        <time>2026-09-26T06:40:49.000Z</time>
      </trkpt>
      <trkpt lat="40.14881403185427188873291015625" lon="9.49642798863351345062255859375">
        <ele>992</ele>
        <time>2026-09-26T06:40:56.000Z</time>
      </trkpt>
      <trkpt lat="40.14880129136145114898681640625" lon="9.49640518985688686370849609375">
        <ele>991.4000244140625</ele>
        <time>2026-09-26T06:40:58.000Z</time>
      </trkpt>
      <trkpt lat="40.148790813982486724853515625" lon="9.49639881961047649383544921875">
        <ele>991.4000244140625</ele>
        <time>2026-09-26T06:40:59.000Z</time>
      </trkpt>
      <trkpt lat="40.14873356558382511138916015625" lon="9.49633662588894367218017578125">
        <ele>989.4000244140625</ele>
        <time>2026-09-26T06:41:05.000Z</time>
      </trkpt>
      <trkpt lat="40.14872903935611248016357421875" lon="9.49632287956774234771728515625">
        <ele>989</ele>
        <time>2026-09-26T06:41:06.000Z</time>
      </trkpt>
      <trkpt lat="40.14872401021420955657958984375" lon="9.4963108934462070465087890625">
        <ele>988.5999755859375</ele>
        <time>2026-09-26T06:41:07.000Z</time>
      </trkpt>
      <trkpt lat="40.1487212441861629486083984375" lon="9.4962931238114833831787109375">
        <ele>988</ele>
        <time>2026-09-26T06:41:09.000Z</time>
      </trkpt>
      <trkpt lat="40.14873071573674678802490234375" lon="9.4962485320866107940673828125">
        <ele>986.79998779296875</ele>
        <time>2026-09-26T06:41:13.000Z</time>
      </trkpt>
      <trkpt lat="40.14873825944960117340087890625" lon="9.4961697421967983245849609375">
        <ele>984.5999755859375</ele>
        <time>2026-09-26T06:41:19.000Z</time>
      </trkpt>
      <trkpt lat="40.1488251797854900360107421875" lon="9.49607066810131072998046875">
        <ele>981.79998779296875</ele>
        <time>2026-09-26T06:41:28.000Z</time>
      </trkpt>
      <trkpt lat="40.14883431605994701385498046875" lon="9.49605859816074371337890625">
        <ele>981.5999755859375</ele>
        <time>2026-09-26T06:41:29.000Z</time>
      </trkpt>
      <trkpt lat="40.1488918997347354888916015625" lon="9.496031440794467926025390625">
        <ele>980.79998779296875</ele>
        <time>2026-09-26T06:41:34.000Z</time>
      </trkpt>
      <trkpt lat="40.14890246093273162841796875" lon="9.496031105518341064453125">
        <ele>980.79998779296875</ele>
        <time>2026-09-26T06:41:35.000Z</time>
      </trkpt>
      <trkpt lat="40.1489103399217128753662109375" lon="9.4960336200892925262451171875">
        <ele>980.79998779296875</ele>
        <time>2026-09-26T06:41:36.000Z</time>
      </trkpt>
      <trkpt lat="40.14892802573740482330322265625" lon="9.495969079434871673583984375">
        <ele>979</ele>
        <time>2026-09-26T06:41:42.000Z</time>
      </trkpt>
      <trkpt lat="40.14892567880451679229736328125" lon="9.495942257344722747802734375">
        <ele>978.20001220703125</ele>
        <time>2026-09-26T06:41:44.000Z</time>
      </trkpt>
      <trkpt lat="40.14893238432705402374267578125" lon="9.49590437114238739013671875">
        <ele>977.4000244140625</ele>
        <time>2026-09-26T06:41:47.000Z</time>
      </trkpt>
      <trkpt lat="40.1489492319524288177490234375" lon="9.4958783872425556182861328125">
        <ele>976.79998779296875</ele>
        <time>2026-09-26T06:41:49.000Z</time>
      </trkpt>
      <trkpt lat="40.149031542241573333740234375" lon="9.49579414911568164825439453125">
        <ele>975</ele>
        <time>2026-09-26T06:41:57.000Z</time>
      </trkpt>
      <trkpt lat="40.14908543787896633148193359375" lon="9.49571795761585235595703125">
        <ele>974</ele>
        <time>2026-09-26T06:42:05.000Z</time>
      </trkpt>
      <trkpt lat="40.149090550839900970458984375" lon="9.49570714496076107025146484375">
        <ele>974</ele>
        <time>2026-09-26T06:42:06.000Z</time>
      </trkpt>
      <trkpt lat="40.1491400040686130523681640625" lon="9.49565584771335124969482421875">
        <ele>973.4000244140625</ele>
        <time>2026-09-26T06:42:11.000Z</time>
      </trkpt>
      <trkpt lat="40.14916121028363704681396484375" lon="9.49562852270901203155517578125">
        <ele>973</ele>
        <time>2026-09-26T06:42:14.000Z</time>
      </trkpt>
      <trkpt lat="40.14916741289198398590087890625" lon="9.495619051158428192138671875">
        <ele>972.79998779296875</ele>
        <time>2026-09-26T06:42:15.000Z</time>
      </trkpt>
      <trkpt lat="40.14917545951902866363525390625" lon="9.4955756328999996185302734375">
        <ele>971.79998779296875</ele>
        <time>2026-09-26T06:42:20.000Z</time>
      </trkpt>
      <trkpt lat="40.14916070736944675445556640625" lon="9.495559036731719970703125">
        <ele>971.4000244140625</ele>
        <time>2026-09-26T06:42:23.000Z</time>
      </trkpt>
      <trkpt lat="40.14913707040250301361083984375" lon="9.4955416023731231689453125">
        <ele>971</ele>
        <time>2026-09-26T06:42:25.000Z</time>
      </trkpt>
      <trkpt lat="40.1490182988345623016357421875" lon="9.49545937590301036834716796875">
        <ele>968.79998779296875</ele>
        <time>2026-09-26T06:42:36.000Z</time>
      </trkpt>
      <trkpt lat="40.14895685948431491851806640625" lon="9.4954385049641132354736328125">
        <ele>968</ele>
        <time>2026-09-26T06:42:42.000Z</time>
      </trkpt>
      <trkpt lat="40.14893573708832263946533203125" lon="9.4954247586429119110107421875">
        <ele>967.79998779296875</ele>
        <time>2026-09-26T06:42:44.000Z</time>
      </trkpt>
      <trkpt lat="40.14892282895743846893310546875" lon="9.49535108171403408050537109375">
        <ele>966</ele>
        <time>2026-09-26T06:42:48.000Z</time>
      </trkpt>
      <trkpt lat="40.14892852865159511566162109375" lon="9.49533482082188129425048828125">
        <ele>965.79998779296875</ele>
        <time>2026-09-26T06:42:49.000Z</time>
      </trkpt>
      <trkpt lat="40.148948393762111663818359375" lon="9.49530062265694141387939453125">
        <ele>965</ele>
        <time>2026-09-26T06:42:52.000Z</time>
      </trkpt>
      <trkpt lat="40.14898829162120819091796875" lon="9.495268352329730987548828125">
        <ele>964.5999755859375</ele>
        <time>2026-09-26T06:42:57.000Z</time>
      </trkpt>
      <trkpt lat="40.149016119539737701416015625" lon="9.4951779954135417938232421875">
        <ele>962.5999755859375</ele>
        <time>2026-09-26T06:43:05.000Z</time>
      </trkpt>
      <trkpt lat="40.14912483282387256622314453125" lon="9.4951555319130420684814453125">
        <ele>962.5999755859375</ele>
        <time>2026-09-26T06:43:12.000Z</time>
      </trkpt>
      <trkpt lat="40.1491265930235385894775390625" lon="9.49514404870569705963134765625">
        <ele>962.4000244140625</ele>
        <time>2026-09-26T06:43:13.000Z</time>
      </trkpt>
      <trkpt lat="40.14912374317646026611328125" lon="9.4951250217854976654052734375">
        <ele>962</ele>
        <time>2026-09-26T06:43:15.000Z</time>
      </trkpt>
      <trkpt lat="40.14911293052136898040771484375" lon="9.49511689133942127227783203125">
        <ele>961.79998779296875</ele>
        <time>2026-09-26T06:43:17.000Z</time>
      </trkpt>
      <trkpt lat="40.1490803249180316925048828125" lon="9.495070539414882659912109375">
        <ele>960.5999755859375</ele>
        <time>2026-09-26T06:43:21.000Z</time>
      </trkpt>
      <trkpt lat="40.149074457585811614990234375" lon="9.49504933319985866546630859375">
        <ele>960.20001220703125</ele>
        <time>2026-09-26T06:43:22.000Z</time>
      </trkpt>
      <trkpt lat="40.149066410958766937255859375" lon="9.4949865527451038360595703125">
        <ele>958.5999755859375</ele>
        <time>2026-09-26T06:43:27.000Z</time>
      </trkpt>
      <trkpt lat="40.14906339347362518310546875" lon="9.49496467597782611846923828125">
        <ele>958.20001220703125</ele>
        <time>2026-09-26T06:43:29.000Z</time>
      </trkpt>
      <trkpt lat="40.14906196855008602142333984375" lon="9.49495411477982997894287109375">
        <ele>957.79998779296875</ele>
        <time>2026-09-26T06:43:30.000Z</time>
      </trkpt>
      <trkpt lat="40.1490702666342258453369140625" lon="9.49485906399786472320556640625">
        <ele>955.4000244140625</ele>
        <time>2026-09-26T06:43:37.000Z</time>
      </trkpt>
      <trkpt lat="40.14907135628163814544677734375" lon="9.49481413699686527252197265625">
        <ele>954.4000244140625</ele>
        <time>2026-09-26T06:43:40.000Z</time>
      </trkpt>
      <trkpt lat="40.1490627229213714599609375" lon="9.49479334987699985504150390625">
        <ele>953.79998779296875</ele>
        <time>2026-09-26T06:43:42.000Z</time>
      </trkpt>
      <trkpt lat="40.1490548439323902130126953125" lon="9.49478094466030597686767578125">
        <ele>953.4000244140625</ele>
        <time>2026-09-26T06:43:43.000Z</time>
      </trkpt>
      <trkpt lat="40.14905358664691448211669921875" lon="9.49476652778685092926025390625">
        <ele>953</ele>
        <time>2026-09-26T06:43:44.000Z</time>
      </trkpt>
      <trkpt lat="40.1490602083504199981689453125" lon="9.4946891628205776214599609375">
        <ele>951.4000244140625</ele>
        <time>2026-09-26T06:43:49.000Z</time>
      </trkpt>
      <trkpt lat="40.14909826219081878662109375" lon="9.4945704750716686248779296875">
        <ele>949.20001220703125</ele>
        <time>2026-09-26T06:43:57.000Z</time>
      </trkpt>
      <trkpt lat="40.14909935183823108673095703125" lon="9.49455966241657733917236328125">
        <ele>949.20001220703125</ele>
        <time>2026-09-26T06:43:58.000Z</time>
      </trkpt>
      <trkpt lat="40.14909692108631134033203125" lon="9.494548179209232330322265625">
        <ele>948.79998779296875</ele>
        <time>2026-09-26T06:43:59.000Z</time>
      </trkpt>
      <trkpt lat="40.149082839488983154296875" lon="9.4944759272038936614990234375">
        <ele>947.5999755859375</ele>
        <time>2026-09-26T06:44:05.000Z</time>
      </trkpt>
      <trkpt lat="40.14910035766661167144775390625" lon="9.49442513287067413330078125">
        <ele>946.5999755859375</ele>
        <time>2026-09-26T06:44:09.000Z</time>
      </trkpt>
      <trkpt lat="40.14913849532604217529296875" lon="9.49439696967601776123046875">
        <ele>946.20001220703125</ele>
        <time>2026-09-26T06:44:13.000Z</time>
      </trkpt>
      <trkpt lat="40.14921133406460285186767578125" lon="9.49440040625631809234619140625">
        <ele>946.20001220703125</ele>
        <time>2026-09-26T06:44:19.000Z</time>
      </trkpt>
      <trkpt lat="40.14922055415809154510498046875" lon="9.49440208263695240020751953125">
        <ele>946.20001220703125</ele>
        <time>2026-09-26T06:44:20.000Z</time>
      </trkpt>
      <trkpt lat="40.14923228882253170013427734375" lon="9.494404010474681854248046875">
        <ele>946.4000244140625</ele>
        <time>2026-09-26T06:44:21.000Z</time>
      </trkpt>
      <trkpt lat="40.14924670569598674774169921875" lon="9.49440635740756988525390625">
        <ele>946.4000244140625</ele>
        <time>2026-09-26T06:44:23.000Z</time>
      </trkpt>
      <trkpt lat="40.1492660678923130035400390625" lon="9.4944065250456333160400390625">
        <ele>946.4000244140625</ele>
        <time>2026-09-26T06:44:26.000Z</time>
      </trkpt>
      <trkpt lat="40.1492657326161861419677734375" lon="9.49441197328269481658935546875">
        <ele>946.4000244140625</ele>
        <time>2026-09-26T06:44:33.000Z</time>
      </trkpt>
      <trkpt lat="40.14925458468496799468994140625" lon="9.49441172182559967041015625">
        <ele>946.4000244140625</ele>
        <time>2026-09-26T06:44:42.000Z</time>
      </trkpt>
      <trkpt lat="40.149254500865936279296875" lon="9.49441046454012393951416015625">
        <ele>946.4000244140625</ele>
        <time>2026-09-26T06:44:44.000Z</time>
      </trkpt>
      <trkpt lat="40.149254500865936279296875" lon="9.49441046454012393951416015625">
        <ele>946.4000244140625</ele>
        <time>2026-09-26T06:44:47.000Z</time>
      </trkpt>
      <trkpt lat="40.149254500865936279296875" lon="9.49441046454012393951416015625">
        <ele>946.4000244140625</ele>
        <time>2026-09-26T06:44:49.000Z</time>
      </trkpt>
      <trkpt lat="40.149254500865936279296875" lon="9.494410045444965362548828125">
        <ele>946.4000244140625</ele>
        <time>2026-09-26T06:45:00.000Z</time>
      </trkpt>
      <trkpt lat="40.149257183074951171875" lon="9.4944068603217601776123046875">
        <ele>946.4000244140625</ele>
        <time>2026-09-26T06:45:20.000Z</time>
      </trkpt>
      <trkpt lat="40.149257518351078033447265625" lon="9.49440903961658477783203125">
        <ele>946.4000244140625</ele>
        <time>2026-09-26T06:45:23.000Z</time>
      </trkpt>
      <trkpt lat="40.149257518351078033447265625" lon="9.49440903961658477783203125">
        <ele>946.4000244140625</ele>
        <time>2026-09-26T06:45:25.000Z</time>
      </trkpt>
      <trkpt lat="40.149257518351078033447265625" lon="9.49440903961658477783203125">
        <ele>946.4000244140625</ele>
        <time>2026-09-26T06:45:27.000Z</time>
      </trkpt>
      <trkpt lat="40.14925743453204631805419921875" lon="9.49440903961658477783203125">
        <ele>946.4000244140625</ele>
        <time>2026-09-26T06:45:32.000Z</time>
      </trkpt>
      <trkpt lat="40.14925743453204631805419921875" lon="9.49440878815948963165283203125">
        <ele>946.4000244140625</ele>
        <time>2026-09-26T06:45:42.000Z</time>
      </trkpt>
      <trkpt lat="40.14931426383554935455322265625" lon="9.49438355863094329833984375">
        <ele>945.79998779296875</ele>
        <time>2026-09-26T06:45:55.000Z</time>
      </trkpt>
      <trkpt lat="40.1494186185300350189208984375" lon="9.494320191442966461181640625">
        <ele>944</ele>
        <time>2026-09-26T06:46:02.000Z</time>
      </trkpt>
      <trkpt lat="40.1495088078081607818603515625" lon="9.49428272433578968048095703125">
        <ele>943</ele>
        <time>2026-09-26T06:46:11.000Z</time>
      </trkpt>
      <trkpt lat="40.14963462017476558685302734375" lon="9.49424567632377147674560546875">
        <ele>941.5999755859375</ele>
        <time>2026-09-26T06:46:20.000Z</time>
      </trkpt>
      <trkpt lat="40.1497091352939605712890625" lon="9.494219608604907989501953125">
        <ele>940.20001220703125</ele>
        <time>2026-09-26T06:46:26.000Z</time>
      </trkpt>
      <trkpt lat="40.14972648583352565765380859375" lon="9.4942050240933895111083984375">
        <ele>939.79998779296875</ele>
        <time>2026-09-26T06:46:28.000Z</time>
      </trkpt>
      <trkpt lat="40.14973486773669719696044921875" lon="9.49419639073312282562255859375">
        <ele>939.4000244140625</ele>
        <time>2026-09-26T06:46:29.000Z</time>
      </trkpt>
      <trkpt lat="40.14974559657275676727294921875" lon="9.49419186450541019439697265625">
        <ele>939.20001220703125</ele>
        <time>2026-09-26T06:46:30.000Z</time>
      </trkpt>
      <trkpt lat="40.1497756876051425933837890625" lon="9.49419387616217136383056640625">
        <ele>939</ele>
        <time>2026-09-26T06:46:33.000Z</time>
      </trkpt>
      <trkpt lat="40.149780549108982086181640625" lon="9.49419471435248851776123046875">
        <ele>939</ele>
        <time>2026-09-26T06:46:37.000Z</time>
      </trkpt>
      <trkpt lat="40.14978013001382350921630859375" lon="9.49419555254280567169189453125">
        <ele>939</ele>
        <time>2026-09-26T06:46:38.000Z</time>
      </trkpt>
      <trkpt lat="40.14978113584220409393310546875" lon="9.4941973127424716949462890625">
        <ele>939</ele>
        <time>2026-09-26T06:46:39.000Z</time>
      </trkpt>
      <trkpt lat="40.14980561099946498870849609375" lon="9.4941870868206024169921875">
        <ele>938.5999755859375</ele>
        <time>2026-09-26T06:46:42.000Z</time>
      </trkpt>
      <trkpt lat="40.1498524658381938934326171875" lon="9.49418297968804836273193359375">
        <ele>938</ele>
        <time>2026-09-26T06:46:46.000Z</time>
      </trkpt>
      <trkpt lat="40.1499332673847675323486328125" lon="9.49416269548237323760986328125">
        <ele>936.5999755859375</ele>
        <time>2026-09-26T06:46:54.000Z</time>
      </trkpt>
      <trkpt lat="40.14994944445788860321044921875" lon="9.49416554532945156097412109375">
        <ele>936.5999755859375</ele>
        <time>2026-09-26T06:46:56.000Z</time>
      </trkpt>
      <trkpt lat="40.14995866455137729644775390625" lon="9.49416738934814929962158203125">
        <ele>936.4000244140625</ele>
        <time>2026-09-26T06:46:57.000Z</time>
      </trkpt>
      <trkpt lat="40.1500113867223262786865234375" lon="9.494178704917430877685546875">
        <ele>936</ele>
        <time>2026-09-26T06:47:02.000Z</time>
      </trkpt>
      <trkpt lat="40.150037705898284912109375" lon="9.4941825605928897857666015625">
        <ele>935.79998779296875</ele>
        <time>2026-09-26T06:47:04.000Z</time>
      </trkpt>
      <trkpt lat="40.15006142668426036834716796875" lon="9.49419270269572734832763671875">
        <ele>935.79998779296875</ele>
        <time>2026-09-26T06:47:06.000Z</time>
      </trkpt>
      <trkpt lat="40.15006980858743190765380859375" lon="9.494196474552154541015625">
        <ele>935.79998779296875</ele>
        <time>2026-09-26T06:47:07.000Z</time>
      </trkpt>
      <trkpt lat="40.1500931940972805023193359375" lon="9.49420091696083545684814453125">
        <ele>935.5999755859375</ele>
        <time>2026-09-26T06:47:10.000Z</time>
      </trkpt>
      <trkpt lat="40.15013652853667736053466796875" lon="9.49419873766601085662841796875">
        <ele>935</ele>
        <time>2026-09-26T06:47:14.000Z</time>
      </trkpt>
      <trkpt lat="40.15014834702014923095703125" lon="9.4941959716379642486572265625">
        <ele>935</ele>
        <time>2026-09-26T06:47:15.000Z</time>
      </trkpt>
      <trkpt lat="40.15015899203717708587646484375" lon="9.4941993243992328643798828125">
        <ele>934.79998779296875</ele>
        <time>2026-09-26T06:47:16.000Z</time>
      </trkpt>
      <trkpt lat="40.1501870714128017425537109375" lon="9.4942150823771953582763671875">
        <ele>934.79998779296875</ele>
        <time>2026-09-26T06:47:20.000Z</time>
      </trkpt>
      <trkpt lat="40.15035965479910373687744140625" lon="9.49386865831911563873291015625">
        <ele>924.4000244140625</ele>
        <time>2026-09-26T06:52:46.000Z</time>
      </trkpt>
      <trkpt lat="40.1503704674541950225830078125" lon="9.49431709013879299163818359375">
        <ele>934</ele>
        <time>2026-09-26T06:52:48.000Z</time>
      </trkpt>
      <trkpt lat="40.15035278163850307464599609375" lon="9.49429982341825962066650390625">
        <ele>934</ele>
        <time>2026-09-26T06:52:49.000Z</time>
      </trkpt>
      <trkpt lat="40.15039167366921901702880859375" lon="9.49430049397051334381103515625">
        <ele>933.4000244140625</ele>
        <time>2026-09-26T06:52:53.000Z</time>
      </trkpt>
      <trkpt lat="40.15038312412798404693603515625" lon="9.49432865716516971588134765625">
        <ele>934</ele>
        <time>2026-09-26T06:52:55.000Z</time>
      </trkpt>
      <trkpt lat="40.150429643690586090087890625" lon="9.49434793554246425628662109375">
        <ele>933.79998779296875</ele>
        <time>2026-09-26T06:53:00.000Z</time>
      </trkpt>
      <trkpt lat="40.1504529453814029693603515625" lon="9.49434760026633739471435546875">
        <ele>933.4000244140625</ele>
        <time>2026-09-26T06:53:02.000Z</time>
      </trkpt>
      <trkpt lat="40.1504814438521862030029296875" lon="9.494335949420928955078125">
        <ele>932.4000244140625</ele>
        <time>2026-09-26T06:53:05.000Z</time>
      </trkpt>
      <trkpt lat="40.15049359761178493499755859375" lon="9.4943103007972240447998046875">
        <ele>931.5999755859375</ele>
        <time>2026-09-26T06:53:08.000Z</time>
      </trkpt>
      <trkpt lat="40.15049158595502376556396484375" lon="9.4942943751811981201171875">
        <ele>931.4000244140625</ele>
        <time>2026-09-26T06:53:10.000Z</time>
      </trkpt>
      <trkpt lat="40.15049058012664318084716796875" lon="9.49424148537218570709228515625">
        <ele>930.4000244140625</ele>
        <time>2026-09-26T06:53:15.000Z</time>
      </trkpt>
      <trkpt lat="40.15049125067889690399169921875" lon="9.49422857724130153656005859375">
        <ele>930.20001220703125</ele>
        <time>2026-09-26T06:53:16.000Z</time>
      </trkpt>
      <trkpt lat="40.1504881493747234344482421875" lon="9.4941466860473155975341796875">
        <ele>928.5999755859375</ele>
        <time>2026-09-26T06:53:24.000Z</time>
      </trkpt>
      <trkpt lat="40.15046040527522563934326171875" lon="9.49406445957720279693603515625">
        <ele>927.4000244140625</ele>
        <time>2026-09-26T06:53:32.000Z</time>
      </trkpt>
      <trkpt lat="40.15041816048324108123779296875" lon="9.49398499913513660430908203125">
        <ele>926.20001220703125</ele>
        <time>2026-09-26T06:53:40.000Z</time>
      </trkpt>
      <trkpt lat="40.1504277996718883514404296875" lon="9.493976868689060211181640625">
        <ele>925.79998779296875</ele>
        <time>2026-09-26T06:53:43.000Z</time>
      </trkpt>
      <trkpt lat="40.1504378579556941986083984375" lon="9.49396689422428607940673828125">
        <ele>925.4000244140625</ele>
        <time>2026-09-26T06:53:45.000Z</time>
      </trkpt>
      <trkpt lat="40.15042302198708057403564453125" lon="9.49394635856151580810546875">
        <ele>925.20001220703125</ele>
        <time>2026-09-26T06:53:49.000Z</time>
      </trkpt>
      <trkpt lat="40.15039871446788311004638671875" lon="9.4939518906176090240478515625">
        <ele>925.79998779296875</ele>
        <time>2026-09-26T06:53:51.000Z</time>
      </trkpt>
      <trkpt lat="40.1503687910735607147216796875" lon="9.49392649345099925994873046875">
        <ele>925.5999755859375</ele>
        <time>2026-09-26T06:53:54.000Z</time>
      </trkpt>
      <trkpt lat="40.150375664234161376953125" lon="9.4939163513481616973876953125">
        <ele>925.20001220703125</ele>
        <time>2026-09-26T06:53:59.000Z</time>
      </trkpt>
      <trkpt lat="40.15040189959108829498291015625" lon="9.493897072970867156982421875">
        <ele>924.20001220703125</ele>
        <time>2026-09-26T06:54:03.000Z</time>
      </trkpt>
      <trkpt lat="40.150416903197765350341796875" lon="9.49389464221894741058349609375">
        <ele>924</ele>
        <time>2026-09-26T06:54:05.000Z</time>
      </trkpt>
      <trkpt lat="40.15049711801111698150634765625" lon="9.493886344134807586669921875">
        <ele>922</ele>
        <time>2026-09-26T06:54:14.000Z</time>
      </trkpt>
      <trkpt lat="40.15051991678774356842041015625" lon="9.49390470050275325775146484375">
        <ele>921.79998779296875</ele>
        <time>2026-09-26T06:54:17.000Z</time>
      </trkpt>
      <trkpt lat="40.15054087154567241668701171875" lon="9.49391417205333709716796875">
        <ele>921.4000244140625</ele>
        <time>2026-09-26T06:54:19.000Z</time>
      </trkpt>
      <trkpt lat="40.15056115575134754180908203125" lon="9.49393269605934619903564453125">
        <ele>921.20001220703125</ele>
        <time>2026-09-26T06:54:21.000Z</time>
      </trkpt>
      <trkpt lat="40.1506246067583560943603515625" lon="9.49395976960659027099609375">
        <ele>920.20001220703125</ele>
        <time>2026-09-26T06:54:27.000Z</time>
      </trkpt>
      <trkpt lat="40.15064547769725322723388671875" lon="9.4939760304987430572509765625">
        <ele>919.79998779296875</ele>
        <time>2026-09-26T06:54:30.000Z</time>
      </trkpt>
      <trkpt lat="40.15066408552229404449462890625" lon="9.493968486785888671875">
        <ele>919.20001220703125</ele>
        <time>2026-09-26T06:54:37.000Z</time>
      </trkpt>
      <trkpt lat="40.15062938444316387176513671875" lon="9.49398214928805828094482421875">
        <ele>920.4000244140625</ele>
        <time>2026-09-26T06:54:43.000Z</time>
      </trkpt>
      <trkpt lat="40.1506075076758861541748046875" lon="9.4939725100994110107421875">
        <ele>920.79998779296875</ele>
        <time>2026-09-26T06:54:49.000Z</time>
      </trkpt>
      <trkpt lat="40.15055227093398571014404296875" lon="9.4939532317221164703369140625">
        <ele>921.79998779296875</ele>
        <time>2026-09-26T06:54:55.000Z</time>
      </trkpt>
      <trkpt lat="40.15052896924316883087158203125" lon="9.49386379681527614593505859375">
        <ele>920.79998779296875</ele>
        <time>2026-09-26T06:55:01.000Z</time>
      </trkpt>
      <trkpt lat="40.15052519738674163818359375" lon="9.49385273270308971405029296875">
        <ele>920.5999755859375</ele>
        <time>2026-09-26T06:55:03.000Z</time>
      </trkpt>
      <trkpt lat="40.15052360482513904571533203125" lon="9.493832699954509735107421875">
        <ele>920.20001220703125</ele>
        <time>2026-09-26T06:55:06.000Z</time>
      </trkpt>
      <trkpt lat="40.15053332783281803131103515625" lon="9.49382322840392589569091796875">
        <ele>919.79998779296875</ele>
        <time>2026-09-26T06:55:08.000Z</time>
      </trkpt>
      <trkpt lat="40.150526203215122222900390625" lon="9.4937731884419918060302734375">
        <ele>918.79998779296875</ele>
        <time>2026-09-26T06:55:14.000Z</time>
      </trkpt>
      <trkpt lat="40.1505347527563571929931640625" lon="9.49366874992847442626953125">
        <ele>916.4000244140625</ele>
        <time>2026-09-26T06:55:22.000Z</time>
      </trkpt>
      <trkpt lat="40.15057859010994434356689453125" lon="9.49363396503031253814697265625">
        <ele>914.79998779296875</ele>
        <time>2026-09-26T06:55:29.000Z</time>
      </trkpt>
      <trkpt lat="40.15060943551361560821533203125" lon="9.49364000000059604644775390625">
        <ele>914.20001220703125</ele>
        <time>2026-09-26T06:55:32.000Z</time>
      </trkpt>
      <trkpt lat="40.1506209187209606170654296875" lon="9.49364201165735721588134765625">
        <ele>914</ele>
        <time>2026-09-26T06:55:33.000Z</time>
      </trkpt>
      <trkpt lat="40.1506329886615276336669921875" lon="9.493644274771213531494140625">
        <ele>913.79998779296875</ele>
        <time>2026-09-26T06:55:34.000Z</time>
      </trkpt>
      <trkpt lat="40.150665678083896636962890625" lon="9.4936491362750530242919921875">
        <ele>913.20001220703125</ele>
        <time>2026-09-26T06:55:37.000Z</time>
      </trkpt>
      <trkpt lat="40.15068856067955493927001953125" lon="9.49363027699291706085205078125">
        <ele>912.4000244140625</ele>
        <time>2026-09-26T06:55:44.000Z</time>
      </trkpt>
      <trkpt lat="40.1507731340825557708740234375" lon="9.493650980293750762939453125">
        <ele>911.4000244140625</ele>
        <time>2026-09-26T06:55:52.000Z</time>
      </trkpt>
      <trkpt lat="40.15078495256602764129638671875" lon="9.49365374632179737091064453125">
        <ele>911.20001220703125</ele>
        <time>2026-09-26T06:55:54.000Z</time>
      </trkpt>
      <trkpt lat="40.15080372802913188934326171875" lon="9.49365726672112941741943359375">
        <ele>911</ele>
        <time>2026-09-26T06:55:57.000Z</time>
      </trkpt>
      <trkpt lat="40.150807164609432220458984375" lon="9.49365793727338314056396484375">
        <ele>911</ele>
        <time>2026-09-26T06:55:58.000Z</time>
      </trkpt>
      <trkpt lat="40.150812529027462005615234375" lon="9.49367604218423366546630859375">
        <ele>911.4000244140625</ele>
        <time>2026-09-26T06:56:03.000Z</time>
      </trkpt>
      <trkpt lat="40.150790400803089141845703125" lon="9.49376774020493030548095703125">
        <ele>913.20001220703125</ele>
        <time>2026-09-26T06:56:11.000Z</time>
      </trkpt>
      <trkpt lat="40.15077464282512664794921875" lon="9.49378534220159053802490234375">
        <ele>913.79998779296875</ele>
        <time>2026-09-26T06:56:17.000Z</time>
      </trkpt>
      <trkpt lat="40.15078947879374027252197265625" lon="9.493847452104091644287109375">
        <ele>914.79998779296875</ele>
        <time>2026-09-26T06:56:23.000Z</time>
      </trkpt>
      <trkpt lat="40.150814540684223175048828125" lon="9.49393169023096561431884765625">
        <ele>916</ele>
        <time>2026-09-26T06:56:30.000Z</time>
      </trkpt>
      <trkpt lat="40.15081881545484066009521484375" lon="9.49401198886334896087646484375">
        <ele>917.4000244140625</ele>
        <time>2026-09-26T06:56:38.000Z</time>
      </trkpt>
      <trkpt lat="40.15075343661010265350341796875" lon="9.494061358273029327392578125">
        <ele>919</ele>
        <time>2026-09-26T06:56:44.000Z</time>
      </trkpt>
      <trkpt lat="40.15073013491928577423095703125" lon="9.49410594999790191650390625">
        <ele>920</ele>
        <time>2026-09-26T06:56:51.000Z</time>
      </trkpt>
      <trkpt lat="40.1507342420518398284912109375" lon="9.4941322691738605499267578125">
        <ele>920.4000244140625</ele>
        <time>2026-09-26T06:56:53.000Z</time>
      </trkpt>
      <trkpt lat="40.15076399780809879302978515625" lon="9.49415364302694797515869140625">
        <ele>920.4000244140625</ele>
        <time>2026-09-26T06:56:58.000Z</time>
      </trkpt>
      <trkpt lat="40.15075980685651302337646484375" lon="9.4941549003124237060546875">
        <ele>920.5999755859375</ele>
        <time>2026-09-26T06:57:00.000Z</time>
      </trkpt>
      <trkpt lat="40.15075963921844959259033203125" lon="9.4941443391144275665283203125">
        <ele>920.4000244140625</ele>
        <time>2026-09-26T06:57:05.000Z</time>
      </trkpt>
      <trkpt lat="40.150761902332305908203125" lon="9.49414643459022045135498046875">
        <ele>920.4000244140625</ele>
        <time>2026-09-26T06:57:12.000Z</time>
      </trkpt>
      <trkpt lat="40.15073834918439388275146484375" lon="9.49418113566935062408447265625">
        <ele>921.4000244140625</ele>
        <time>2026-09-26T06:57:15.000Z</time>
      </trkpt>
      <trkpt lat="40.15070029534399509429931640625" lon="9.49424165301024913787841796875">
        <ele>923.79998779296875</ele>
        <time>2026-09-26T06:57:20.000Z</time>
      </trkpt>
      <trkpt lat="40.1506873033940792083740234375" lon="9.49426227249205112457275390625">
        <ele>924.5999755859375</ele>
        <time>2026-09-26T06:57:22.000Z</time>
      </trkpt>
      <trkpt lat="40.1506846211850643157958984375" lon="9.49428699910640716552734375">
        <ele>925.4000244140625</ele>
        <time>2026-09-26T06:57:26.000Z</time>
      </trkpt>
      <trkpt lat="40.15069484710693359375" lon="9.49429529719054698944091796875">
        <ele>925.20001220703125</ele>
        <time>2026-09-26T06:57:28.000Z</time>
      </trkpt>
      <trkpt lat="40.15071622096002101898193359375" lon="9.49431113898754119873046875">
        <ele>924.79998779296875</ele>
        <time>2026-09-26T06:57:31.000Z</time>
      </trkpt>
      <trkpt lat="40.15073415823280811309814453125" lon="9.494341313838958740234375">
        <ele>924.79998779296875</ele>
        <time>2026-09-26T06:57:35.000Z</time>
      </trkpt>
      <trkpt lat="40.15077841468155384063720703125" lon="9.4943867437541484832763671875">
        <ele>925.4000244140625</ele>
        <time>2026-09-26T06:57:45.000Z</time>
      </trkpt>
      <trkpt lat="40.150823257863521575927734375" lon="9.4944470934569835662841796875">
        <ele>926.4000244140625</ele>
        <time>2026-09-26T06:57:53.000Z</time>
      </trkpt>
      <trkpt lat="40.15084781683981418609619140625" lon="9.49450752697885036468505859375">
        <ele>927.79998779296875</ele>
        <time>2026-09-26T06:57:59.000Z</time>
      </trkpt>
      <trkpt lat="40.1508619822561740875244140625" lon="9.49454960413277149200439453125">
        <ele>928.79998779296875</ele>
        <time>2026-09-26T06:58:04.000Z</time>
      </trkpt>
      <trkpt lat="40.1508656702935695648193359375" lon="9.4945681281387805938720703125">
        <ele>929.20001220703125</ele>
        <time>2026-09-26T06:58:05.000Z</time>
      </trkpt>
      <trkpt lat="40.1508774049580097198486328125" lon="9.49463727883994579315185546875">
        <ele>930.79998779296875</ele>
        <time>2026-09-26T06:58:11.000Z</time>
      </trkpt>
      <trkpt lat="40.1508955098688602447509765625" lon="9.49466426856815814971923828125">
        <ele>931.4000244140625</ele>
        <time>2026-09-26T06:58:17.000Z</time>
      </trkpt>
      <trkpt lat="40.15090213157236576080322265625" lon="9.49468790553510189056396484375">
        <ele>932</ele>
        <time>2026-09-26T06:58:25.000Z</time>
      </trkpt>
      <trkpt lat="40.15089039690792560577392578125" lon="9.4947813637554645538330078125">
        <ele>935</ele>
        <time>2026-09-26T06:58:35.000Z</time>
      </trkpt>
      <trkpt lat="40.15088729560375213623046875" lon="9.4948469102382659912109375">
        <ele>937.4000244140625</ele>
        <time>2026-09-26T06:58:42.000Z</time>
      </trkpt>
      <trkpt lat="40.150890313088893890380859375" lon="9.49489988386631011962890625">
        <ele>939</ele>
        <time>2026-09-26T06:58:48.000Z</time>
      </trkpt>
      <trkpt lat="40.15088503248989582061767578125" lon="9.494918994605541229248046875">
        <ele>939.5999755859375</ele>
        <time>2026-09-26T06:58:50.000Z</time>
      </trkpt>
      <trkpt lat="40.15087245963513851165771484375" lon="9.49495126493275165557861328125">
        <ele>940.20001220703125</ele>
        <time>2026-09-26T06:58:57.000Z</time>
      </trkpt>
      <trkpt lat="40.15086843632161617279052734375" lon="9.49496291577816009521484375">
        <ele>940.5999755859375</ele>
        <time>2026-09-26T06:59:03.000Z</time>
      </trkpt>
      <trkpt lat="40.150835327804088592529296875" lon="9.49502234347164630889892578125">
        <ele>942.4000244140625</ele>
        <time>2026-09-26T06:59:10.000Z</time>
      </trkpt>
      <trkpt lat="40.15083859674632549285888671875" lon="9.49506291188299655914306640625">
        <ele>944.20001220703125</ele>
        <time>2026-09-26T06:59:15.000Z</time>
      </trkpt>
      <trkpt lat="40.1508418656885623931884765625" lon="9.4950844533741474151611328125">
        <ele>945</ele>
        <time>2026-09-26T06:59:18.000Z</time>
      </trkpt>
      <trkpt lat="40.15084463171660900115966796875" lon="9.49509677477180957794189453125">
        <ele>945.5999755859375</ele>
        <time>2026-09-26T06:59:20.000Z</time>
      </trkpt>
      <trkpt lat="40.15084781683981418609619140625" lon="9.4951045699417591094970703125">
        <ele>946</ele>
        <time>2026-09-26T06:59:22.000Z</time>
      </trkpt>
      <trkpt lat="40.150870867073535919189453125" lon="9.49511437676846981048583984375">
        <ele>946.4000244140625</ele>
        <time>2026-09-26T06:59:25.000Z</time>
      </trkpt>
      <trkpt lat="40.15092845074832439422607421875" lon="9.495104737579822540283203125">
        <ele>946.20001220703125</ele>
        <time>2026-09-26T06:59:30.000Z</time>
      </trkpt>
      <trkpt lat="40.15094387345016002655029296875" lon="9.49508638121187686920166015625">
        <ele>945.5999755859375</ele>
        <time>2026-09-26T06:59:32.000Z</time>
      </trkpt>
      <trkpt lat="40.15097052790224552154541015625" lon="9.49508805759251117706298828125">
        <ele>945.79998779296875</ele>
        <time>2026-09-26T06:59:34.000Z</time>
      </trkpt>
      <trkpt lat="40.15097807161509990692138671875" lon="9.49508939869701862335205078125">
        <ele>945.79998779296875</ele>
        <time>2026-09-26T06:59:35.000Z</time>
      </trkpt>
      <trkpt lat="40.15101076103746891021728515625" lon="9.4950925000011920928955078125">
        <ele>946</ele>
        <time>2026-09-26T06:59:37.000Z</time>
      </trkpt>
      <trkpt lat="40.15106524340808391571044921875" lon="9.4950559549033641815185546875">
        <ele>944.79998779296875</ele>
        <time>2026-09-26T06:59:42.000Z</time>
      </trkpt>
      <trkpt lat="40.15114939771592617034912109375" lon="9.49504732154309749603271484375">
        <ele>945</ele>
        <time>2026-09-26T06:59:47.000Z</time>
      </trkpt>
      <trkpt lat="40.1512173749506473541259765625" lon="9.49504614807665348052978515625">
        <ele>945.5999755859375</ele>
        <time>2026-09-26T06:59:51.000Z</time>
      </trkpt>
      <trkpt lat="40.1512965001165866851806640625" lon="9.49503424577414989471435546875">
        <ele>945.5999755859375</ele>
        <time>2026-09-26T06:59:58.000Z</time>
      </trkpt>
      <trkpt lat="40.15130831860005855560302734375" lon="9.4950244389474391937255859375">
        <ele>945.20001220703125</ele>
        <time>2026-09-26T06:59:59.000Z</time>
      </trkpt>
      <trkpt lat="40.1513249985873699188232421875" lon="9.4950053282082080841064453125">
        <ele>944.4000244140625</ele>
        <time>2026-09-26T07:00:01.000Z</time>
      </trkpt>
      <trkpt lat="40.1513467915356159210205078125" lon="9.494973309338092803955078125">
        <ele>943</ele>
        <time>2026-09-26T07:00:04.000Z</time>
      </trkpt>
      <trkpt lat="40.15135743655264377593994140625" lon="9.4949691183865070343017578125">
        <ele>942.79998779296875</ele>
        <time>2026-09-26T07:00:05.000Z</time>
      </trkpt>
      <trkpt lat="40.15140504576265811920166015625" lon="9.4949741475284099578857421875">
        <ele>943</ele>
        <time>2026-09-26T07:00:09.000Z</time>
      </trkpt>
      <trkpt lat="40.1515271700918674468994140625" lon="9.4949506781995296478271484375">
        <ele>942.20001220703125</ele>
        <time>2026-09-26T07:00:19.000Z</time>
      </trkpt>
      <trkpt lat="40.15153831802308559417724609375" lon="9.4949406199157238006591796875">
        <ele>941.79998779296875</ele>
        <time>2026-09-26T07:00:20.000Z</time>
      </trkpt>
      <trkpt lat="40.15161124058067798614501953125" lon="9.49489745311439037322998046875">
        <ele>941.4000244140625</ele>
        <time>2026-09-26T07:00:25.000Z</time>
      </trkpt>
      <trkpt lat="40.15170863829553127288818359375" lon="9.49487851001322269439697265625">
        <ele>942.5999755859375</ele>
        <time>2026-09-26T07:00:33.000Z</time>
      </trkpt>
      <trkpt lat="40.15171769075095653533935546875" lon="9.49488052166998386383056640625">
        <ele>942.79998779296875</ele>
        <time>2026-09-26T07:00:34.000Z</time>
      </trkpt>
      <trkpt lat="40.1517771184444427490234375" lon="9.49486375786364078521728515625">
        <ele>943.20001220703125</ele>
        <time>2026-09-26T07:00:40.000Z</time>
      </trkpt>
      <trkpt lat="40.15179128386080265045166015625" lon="9.494861327111721038818359375">
        <ele>943.20001220703125</ele>
        <time>2026-09-26T07:00:41.000Z</time>
      </trkpt>
      <trkpt lat="40.1518066227436065673828125" lon="9.4948611594736576080322265625">
        <ele>943.4000244140625</ele>
        <time>2026-09-26T07:00:42.000Z</time>
      </trkpt>
      <trkpt lat="40.15185330994427204132080078125" lon="9.494868032634258270263671875">
        <ele>944.20001220703125</ele>
        <time>2026-09-26T07:00:45.000Z</time>
      </trkpt>
      <trkpt lat="40.1518691517412662506103515625" lon="9.49486711062490940093994140625">
        <ele>944.20001220703125</ele>
        <time>2026-09-26T07:00:46.000Z</time>
      </trkpt>
      <trkpt lat="40.15190494246780872344970703125" lon="9.49488353915512561798095703125">
        <ele>944.5999755859375</ele>
        <time>2026-09-26T07:00:49.000Z</time>
      </trkpt>
      <trkpt lat="40.15195238403975963592529296875" lon="9.4948943518102169036865234375">
        <ele>944.79998779296875</ele>
        <time>2026-09-26T07:00:53.000Z</time>
      </trkpt>
      <trkpt lat="40.15197417698800563812255859375" lon="9.49490080587565898895263671875">
        <ele>945</ele>
        <time>2026-09-26T07:00:55.000Z</time>
      </trkpt>
      <trkpt lat="40.1520206965506076812744140625" lon="9.49491103179752826690673828125">
        <ele>945.20001220703125</ele>
        <time>2026-09-26T07:00:59.000Z</time>
      </trkpt>
      <trkpt lat="40.1520307548344135284423828125" lon="9.49491865932941436767578125">
        <ele>945.4000244140625</ele>
        <time>2026-09-26T07:01:00.000Z</time>
      </trkpt>
      <trkpt lat="40.152050368487834930419921875" lon="9.49493416585028171539306640625">
        <ele>946</ele>
        <time>2026-09-26T07:01:02.000Z</time>
      </trkpt>
      <trkpt lat="40.15210635960102081298828125" lon="9.494935087859630584716796875">
        <ele>946</ele>
        <time>2026-09-26T07:01:06.000Z</time>
      </trkpt>
      <trkpt lat="40.1521472632884979248046875" lon="9.49492393992841243743896484375">
        <ele>945.5999755859375</ele>
        <time>2026-09-26T07:01:09.000Z</time>
      </trkpt>
      <trkpt lat="40.15216670930385589599609375" lon="9.4949221797287464141845703125">
        <ele>945.5999755859375</ele>
        <time>2026-09-26T07:01:11.000Z</time>
      </trkpt>
      <trkpt lat="40.15223619528114795684814453125" lon="9.49492142535746097564697265625">
        <ele>945.4000244140625</ele>
        <time>2026-09-26T07:01:17.000Z</time>
      </trkpt>
      <trkpt lat="40.152270980179309844970703125" lon="9.4949231855571269989013671875">
        <ele>945.5999755859375</ele>
        <time>2026-09-26T07:01:20.000Z</time>
      </trkpt>
      <trkpt lat="40.15232671983540058135986328125" lon="9.4948806054890155792236328125">
        <ele>944.4000244140625</ele>
        <time>2026-09-26T07:01:26.000Z</time>
      </trkpt>
      <trkpt lat="40.1524208486080169677734375" lon="9.49486124329268932342529296875">
        <ele>944.4000244140625</ele>
        <time>2026-09-26T07:01:33.000Z</time>
      </trkpt>
      <trkpt lat="40.15249351970851421356201171875" lon="9.49486635625362396240234375">
        <ele>945.79998779296875</ele>
        <time>2026-09-26T07:01:40.000Z</time>
      </trkpt>
      <trkpt lat="40.1525494270026683807373046875" lon="9.4948705472052097320556640625">
        <ele>947</ele>
        <time>2026-09-26T07:01:44.000Z</time>
      </trkpt>
      <trkpt lat="40.15260650776326656341552734375" lon="9.494864679872989654541015625">
        <ele>947.79998779296875</ele>
        <time>2026-09-26T07:01:48.000Z</time>
      </trkpt>
      <trkpt lat="40.1527063362300395965576171875" lon="9.49482142925262451171875">
        <ele>948.5999755859375</ele>
        <time>2026-09-26T07:01:58.000Z</time>
      </trkpt>
      <trkpt lat="40.15279023908078670501708984375" lon="9.4947686232626438140869140625">
        <ele>948.5999755859375</ele>
        <time>2026-09-26T07:02:04.000Z</time>
      </trkpt>
      <trkpt lat="40.1528660953044891357421875" lon="9.49468270875513553619384765625">
        <ele>947.4000244140625</ele>
        <time>2026-09-26T07:02:12.000Z</time>
      </trkpt>
      <trkpt lat="40.15286550857126712799072265625" lon="9.49466862715780735015869140625">
        <ele>947</ele>
        <time>2026-09-26T07:02:13.000Z</time>
      </trkpt>
      <trkpt lat="40.15285092405974864959716796875" lon="9.49462085030972957611083984375">
        <ele>945.5999755859375</ele>
        <time>2026-09-26T07:02:16.000Z</time>
      </trkpt>
      <trkpt lat="40.1528468169271945953369140625" lon="9.4945865683257579803466796875">
        <ele>944.5999755859375</ele>
        <time>2026-09-26T07:02:18.000Z</time>
      </trkpt>
      <trkpt lat="40.15285813249647617340087890625" lon="9.49454122222959995269775390625">
        <ele>943.4000244140625</ele>
        <time>2026-09-26T07:02:21.000Z</time>
      </trkpt>
      <trkpt lat="40.15286668203771114349365234375" lon="9.49453116394579410552978515625">
        <ele>943.20001220703125</ele>
        <time>2026-09-26T07:02:22.000Z</time>
      </trkpt>
      <trkpt lat="40.15289635397493839263916015625" lon="9.49450098909437656402587890625">
        <ele>942.79998779296875</ele>
        <time>2026-09-26T07:02:25.000Z</time>
      </trkpt>
      <trkpt lat="40.152912698686122894287109375" lon="9.49444114230573177337646484375">
        <ele>941.20001220703125</ele>
        <time>2026-09-26T07:02:29.000Z</time>
      </trkpt>
      <trkpt lat="40.15292837284505367279052734375" lon="9.4944177567958831787109375">
        <ele>941</ele>
        <time>2026-09-26T07:02:31.000Z</time>
      </trkpt>
      <trkpt lat="40.1529363356530666351318359375" lon="9.49441038072109222412109375">
        <ele>940.79998779296875</ele>
        <time>2026-09-26T07:02:32.000Z</time>
      </trkpt>
      <trkpt lat="40.15293843112885951995849609375" lon="9.4943843968212604522705078125">
        <ele>940.20001220703125</ele>
        <time>2026-09-26T07:02:34.000Z</time>
      </trkpt>
      <trkpt lat="40.15294253826141357421875" lon="9.49434734880924224853515625">
        <ele>939.4000244140625</ele>
        <time>2026-09-26T07:02:37.000Z</time>
      </trkpt>
      <trkpt lat="40.15298469923436641693115234375" lon="9.49423159472644329071044921875">
        <ele>937</ele>
        <time>2026-09-26T07:02:46.000Z</time>
      </trkpt>
      <trkpt lat="40.15306684188544750213623046875" lon="9.4942063651978969573974609375">
        <ele>937.79998779296875</ele>
        <time>2026-09-26T07:02:53.000Z</time>
      </trkpt>
      <trkpt lat="40.153189636766910552978515625" lon="9.4941949658095836639404296875">
        <ele>939.79998779296875</ele>
        <time>2026-09-26T07:03:02.000Z</time>
      </trkpt>
      <trkpt lat="40.153204388916492462158203125" lon="9.494198150932788848876953125">
        <ele>940.20001220703125</ele>
        <time>2026-09-26T07:03:03.000Z</time>
      </trkpt>
      <trkpt lat="40.1532551832497119903564453125" lon="9.49417166411876678466796875">
        <ele>940.20001220703125</ele>
        <time>2026-09-26T07:03:09.000Z</time>
      </trkpt>
      <trkpt lat="40.1533242501318454742431640625" lon="9.49417568743228912353515625">
        <ele>940.20001220703125</ele>
        <time>2026-09-26T07:03:16.000Z</time>
      </trkpt>
      <trkpt lat="40.15334813855588436126708984375" lon="9.4941845722496509552001953125">
        <ele>940.4000244140625</ele>
        <time>2026-09-26T07:03:19.000Z</time>
      </trkpt>
      <trkpt lat="40.15335149131715297698974609375" lon="9.49418381787836551666259765625">
        <ele>940.4000244140625</ele>
        <time>2026-09-26T07:03:20.000Z</time>
      </trkpt>
      <trkpt lat="40.153387449681758880615234375" lon="9.4941656291484832763671875">
        <ele>940</ele>
        <time>2026-09-26T07:03:23.000Z</time>
      </trkpt>
      <trkpt lat="40.1534201391041278839111328125" lon="9.49416487477719783782958984375">
        <ele>940</ele>
        <time>2026-09-26T07:03:30.000Z</time>
      </trkpt>
      <trkpt lat="40.15347001142799854278564453125" lon="9.49415531940758228302001953125">
        <ele>939.79998779296875</ele>
        <time>2026-09-26T07:03:37.000Z</time>
      </trkpt>
      <trkpt lat="40.1534925587475299835205078125" lon="9.49416135437786579132080078125">
        <ele>940</ele>
        <time>2026-09-26T07:03:41.000Z</time>
      </trkpt>
      <trkpt lat="40.15351108275353908538818359375" lon="9.49413101188838481903076171875">
        <ele>939.20001220703125</ele>
        <time>2026-09-26T07:03:44.000Z</time>
      </trkpt>
      <trkpt lat="40.15353421680629253387451171875" lon="9.494109638035297393798828125">
        <ele>938.5999755859375</ele>
        <time>2026-09-26T07:03:46.000Z</time>
      </trkpt>
      <trkpt lat="40.15356355346739292144775390625" lon="9.49410687200725078582763671875">
        <ele>938.5999755859375</ele>
        <time>2026-09-26T07:03:49.000Z</time>
      </trkpt>
      <trkpt lat="40.15358048491179943084716796875" lon="9.49410301633179187774658203125">
        <ele>938.4000244140625</ele>
        <time>2026-09-26T07:03:51.000Z</time>
      </trkpt>
      <trkpt lat="40.15360244549810886383056640625" lon="9.494087509810924530029296875">
        <ele>938</ele>
        <time>2026-09-26T07:03:53.000Z</time>
      </trkpt>
      <trkpt lat="40.153620801866054534912109375" lon="9.49405842460691928863525390625">
        <ele>937.4000244140625</ele>
        <time>2026-09-26T07:03:57.000Z</time>
      </trkpt>
      <trkpt lat="40.15363798476755619049072265625" lon="9.494023807346820831298828125">
        <ele>936.4000244140625</ele>
        <time>2026-09-26T07:04:00.000Z</time>
      </trkpt>
      <trkpt lat="40.15367637388408184051513671875" lon="9.49398047290742397308349609375">
        <ele>935.4000244140625</ele>
        <time>2026-09-26T07:04:04.000Z</time>
      </trkpt>
      <trkpt lat="40.15368777327239513397216796875" lon="9.4939760304987430572509765625">
        <ele>935.20001220703125</ele>
        <time>2026-09-26T07:04:05.000Z</time>
      </trkpt>
      <trkpt lat="40.1537245698273181915283203125" lon="9.49397125281393527984619140625">
        <ele>935.20001220703125</ele>
        <time>2026-09-26T07:04:08.000Z</time>
      </trkpt>
      <trkpt lat="40.153752900660037994384765625" lon="9.49396957643330097198486328125">
        <ele>935</ele>
        <time>2026-09-26T07:04:10.000Z</time>
      </trkpt>
      <trkpt lat="40.1537751965224742889404296875" lon="9.49397460557520389556884765625">
        <ele>935.20001220703125</ele>
        <time>2026-09-26T07:04:12.000Z</time>
      </trkpt>
      <trkpt lat="40.15381090342998504638671875" lon="9.49398659169673919677734375">
        <ele>935.79998779296875</ele>
        <time>2026-09-26T07:04:15.000Z</time>
      </trkpt>
      <trkpt lat="40.15382439829409122467041015625" lon="9.49398793280124664306640625">
        <ele>936</ele>
        <time>2026-09-26T07:04:16.000Z</time>
      </trkpt>
      <trkpt lat="40.15386588871479034423828125" lon="9.493976868689060211181640625">
        <ele>936.4000244140625</ele>
        <time>2026-09-26T07:04:20.000Z</time>
      </trkpt>
      <trkpt lat="40.15393135137856006622314453125" lon="9.4939927943050861358642578125">
        <ele>937.79998779296875</ele>
        <time>2026-09-26T07:04:27.000Z</time>
      </trkpt>
      <trkpt lat="40.153972841799259185791015625" lon="9.49401467107236385345458984375">
        <ele>939</ele>
        <time>2026-09-26T07:04:31.000Z</time>
      </trkpt>
      <trkpt lat="40.15401081182062625885009765625" lon="9.4940206222236156463623046875">
        <ele>939.79998779296875</ele>
        <time>2026-09-26T07:04:35.000Z</time>
      </trkpt>
      <trkpt lat="40.15401517041027545928955078125" lon="9.4940259866416454315185546875">
        <ele>940</ele>
        <time>2026-09-26T07:04:36.000Z</time>
      </trkpt>
      <trkpt lat="40.15404618345201015472412109375" lon="9.494051635265350341796875">
        <ele>941.20001220703125</ele>
        <time>2026-09-26T07:04:39.000Z</time>
      </trkpt>
      <trkpt lat="40.15406227670609951019287109375" lon="9.49408373795449733734130859375">
        <ele>942</ele>
        <time>2026-09-26T07:04:42.000Z</time>
      </trkpt>
      <trkpt lat="40.1540677249431610107421875" lon="9.4940917007625102996826171875">
        <ele>942.4000244140625</ele>
        <time>2026-09-26T07:04:43.000Z</time>
      </trkpt>
      <trkpt lat="40.1540853269398212432861328125" lon="9.4941114820539951324462890625">
        <ele>943</ele>
        <time>2026-09-26T07:04:47.000Z</time>
      </trkpt>
      <trkpt lat="40.15411441214382648468017578125" lon="9.49412740767002105712890625">
        <ele>943.79998779296875</ele>
        <time>2026-09-26T07:04:54.000Z</time>
      </trkpt>
      <trkpt lat="40.1541815511882305145263671875" lon="9.4941369630396366119384765625">
        <ele>945</ele>
        <time>2026-09-26T07:04:59.000Z</time>
      </trkpt>
      <trkpt lat="40.154205523431301116943359375" lon="9.49414618313312530517578125">
        <ele>945.5999755859375</ele>
        <time>2026-09-26T07:05:01.000Z</time>
      </trkpt>
      <trkpt lat="40.1543037593364715576171875" lon="9.494222961366176605224609375">
        <ele>948.5999755859375</ele>
        <time>2026-09-26T07:05:11.000Z</time>
      </trkpt>
      <trkpt lat="40.15436653979122638702392578125" lon="9.49427803047001361846923828125">
        <ele>950.5999755859375</ele>
        <time>2026-09-26T07:05:18.000Z</time>
      </trkpt>
      <trkpt lat="40.15437676571309566497802734375" lon="9.49429546482861042022705078125">
        <ele>951</ele>
        <time>2026-09-26T07:05:20.000Z</time>
      </trkpt>
      <trkpt lat="40.15438263304531574249267578125" lon="9.49430351145565509796142578125">
        <ele>951.20001220703125</ele>
        <time>2026-09-26T07:05:21.000Z</time>
      </trkpt>
      <trkpt lat="40.15443627722561359405517578125" lon="9.49434525333344936370849609375">
        <ele>952.5999755859375</ele>
        <time>2026-09-26T07:05:26.000Z</time>
      </trkpt>
      <trkpt lat="40.1545532047748565673828125" lon="9.494346678256988525390625">
        <ele>953.20001220703125</ele>
        <time>2026-09-26T07:05:34.000Z</time>
      </trkpt>
      <trkpt lat="40.15464582480490207672119140625" lon="9.49438330717384815216064453125">
        <ele>954.20001220703125</ele>
        <time>2026-09-26T07:05:43.000Z</time>
      </trkpt>
      <trkpt lat="40.15466007404029369354248046875" lon="9.49438548646867275238037109375">
        <ele>954.20001220703125</ele>
        <time>2026-09-26T07:05:44.000Z</time>
      </trkpt>
      <trkpt lat="40.15474037267267704010009765625" lon="9.4943981431424617767333984375">
        <ele>953.79998779296875</ele>
        <time>2026-09-26T07:05:49.000Z</time>
      </trkpt>
      <trkpt lat="40.1547545380890369415283203125" lon="9.49440007098019123077392578125">
        <ele>953.79998779296875</ele>
        <time>2026-09-26T07:05:50.000Z</time>
      </trkpt>
      <trkpt lat="40.15481270849704742431640625" lon="9.4944038428366184234619140625">
        <ele>953.5999755859375</ele>
        <time>2026-09-26T07:05:56.000Z</time>
      </trkpt>
      <trkpt lat="40.154819078743457794189453125" lon="9.49440593831241130828857421875">
        <ele>953.5999755859375</ele>
        <time>2026-09-26T07:05:57.000Z</time>
      </trkpt>
      <trkpt lat="40.154847912490367889404296875" lon="9.494420103728771209716796875">
        <ele>953.79998779296875</ele>
        <time>2026-09-26T07:06:01.000Z</time>
      </trkpt>
      <trkpt lat="40.154864676296710968017578125" lon="9.49441130273044109344482421875">
        <ele>953.4000244140625</ele>
        <time>2026-09-26T07:06:03.000Z</time>
      </trkpt>
      <trkpt lat="40.1549099385738372802734375" lon="9.49442940764129161834716796875">
        <ele>953.5999755859375</ele>
        <time>2026-09-26T07:06:07.000Z</time>
      </trkpt>
      <trkpt lat="40.15493131242692470550537109375" lon="9.4944464229047298431396484375">
        <ele>954</ele>
        <time>2026-09-26T07:06:09.000Z</time>
      </trkpt>
      <trkpt lat="40.15498302876949310302734375" lon="9.49449059553444385528564453125">
        <ele>954.5999755859375</ele>
        <time>2026-09-26T07:06:16.000Z</time>
      </trkpt>
      <trkpt lat="40.1549971103668212890625" lon="9.4944936968386173248291015625">
        <ele>954.5999755859375</ele>
        <time>2026-09-26T07:06:17.000Z</time>
      </trkpt>
      <trkpt lat="40.1550884731113910675048828125" lon="9.49448673985898494720458984375">
        <ele>954.20001220703125</ele>
        <time>2026-09-26T07:06:23.000Z</time>
      </trkpt>
      <trkpt lat="40.15514488331973552703857421875" lon="9.4944930262863636016845703125">
        <ele>954</ele>
        <time>2026-09-26T07:06:27.000Z</time>
      </trkpt>
      <trkpt lat="40.15517572872340679168701171875" lon="9.49451842345297336578369140625">
        <ele>954.4000244140625</ele>
        <time>2026-09-26T07:06:30.000Z</time>
      </trkpt>
      <trkpt lat="40.1552309654653072357177734375" lon="9.49454583227634429931640625">
        <ele>954.79998779296875</ele>
        <time>2026-09-26T07:06:35.000Z</time>
      </trkpt>
      <trkpt lat="40.15524278394877910614013671875" lon="9.49454541318118572235107421875">
        <ele>954.79998779296875</ele>
        <time>2026-09-26T07:06:36.000Z</time>
      </trkpt>
      <trkpt lat="40.1552540995180606842041015625" lon="9.494540803134441375732421875">
        <ele>954.79998779296875</ele>
        <time>2026-09-26T07:06:37.000Z</time>
      </trkpt>
      <trkpt lat="40.15533230267465114593505859375" lon="9.49450518004596233367919921875">
        <ele>954.4000244140625</ele>
        <time>2026-09-26T07:06:44.000Z</time>
      </trkpt>
      <trkpt lat="40.1553573645651340484619140625" lon="9.494495205581188201904296875">
        <ele>954.4000244140625</ele>
        <time>2026-09-26T07:06:46.000Z</time>
      </trkpt>
      <trkpt lat="40.15538125298917293548583984375" lon="9.49447483755648136138916015625">
        <ele>954.20001220703125</ele>
        <time>2026-09-26T07:06:48.000Z</time>
      </trkpt>
      <trkpt lat="40.15539684332907199859619140625" lon="9.49446310289204120635986328125">
        <ele>954</ele>
        <time>2026-09-26T07:06:49.000Z</time>
      </trkpt>
      <trkpt lat="40.1554083265364170074462890625" lon="9.49445597827434539794921875">
        <ele>954</ele>
        <time>2026-09-26T07:06:50.000Z</time>
      </trkpt>
      <trkpt lat="40.15541930682957172393798828125" lon="9.494455642998218536376953125">
        <ele>954</ele>
        <time>2026-09-26T07:06:51.000Z</time>
      </trkpt>
      <trkpt lat="40.15543087385594844818115234375" lon="9.49445639736950397491455078125">
        <ele>954</ele>
        <time>2026-09-26T07:06:52.000Z</time>
      </trkpt>
      <trkpt lat="40.15547253191471099853515625" lon="9.4944231212139129638671875">
        <ele>953.5999755859375</ele>
        <time>2026-09-26T07:06:58.000Z</time>
      </trkpt>
      <trkpt lat="40.15547982417047023773193359375" lon="9.4944206066429615020751953125">
        <ele>953.5999755859375</ele>
        <time>2026-09-26T07:06:59.000Z</time>
      </trkpt>
      <trkpt lat="40.15551301650702953338623046875" lon="9.49439671821892261505126953125">
        <ele>953.20001220703125</ele>
        <time>2026-09-26T07:07:03.000Z</time>
      </trkpt>
      <trkpt lat="40.1555706001818180084228515625" lon="9.49436302296817302703857421875">
        <ele>952.79998779296875</ele>
        <time>2026-09-26T07:07:09.000Z</time>
      </trkpt>
      <trkpt lat="40.15558996237814426422119140625" lon="9.49431440792977809906005859375">
        <ele>951.5999755859375</ele>
        <time>2026-09-26T07:07:16.000Z</time>
      </trkpt>
      <trkpt lat="40.1555870287120342254638671875" lon="9.494287669658660888671875">
        <ele>951</ele>
        <time>2026-09-26T07:07:21.000Z</time>
      </trkpt>
      <trkpt lat="40.15558694489300251007080078125" lon="9.4942864961922168731689453125">
        <ele>951</ele>
        <time>2026-09-26T07:07:24.000Z</time>
      </trkpt>
      <trkpt lat="40.15558786690235137939453125" lon="9.49428565800189971923828125">
        <ele>951</ele>
        <time>2026-09-26T07:07:32.000Z</time>
      </trkpt>
      <trkpt lat="40.15558786690235137939453125" lon="9.49428565800189971923828125">
        <ele>951</ele>
        <time>2026-09-26T07:07:34.000Z</time>
      </trkpt>
      <trkpt lat="40.15558786690235137939453125" lon="9.49428565800189971923828125">
        <ele>951</ele>
        <time>2026-09-26T07:07:36.000Z</time>
      </trkpt>
      <trkpt lat="40.155596919357776641845703125" lon="9.49422304518520832061767578125">
        <ele>950</ele>
        <time>2026-09-26T07:07:58.000Z</time>
      </trkpt>
      <trkpt lat="40.15565358102321624755859375" lon="9.49414609931409358978271484375">
        <ele>949.4000244140625</ele>
        <time>2026-09-26T07:08:04.000Z</time>
      </trkpt>
      <trkpt lat="40.15565534122288227081298828125" lon="9.49412765912711620330810546875">
        <ele>948.79998779296875</ele>
        <time>2026-09-26T07:08:07.000Z</time>
      </trkpt>
      <trkpt lat="40.15565718524158000946044921875" lon="9.49409614317119121551513671875">
        <ele>948.20001220703125</ele>
        <time>2026-09-26T07:08:10.000Z</time>
      </trkpt>
      <trkpt lat="40.15565500594675540924072265625" lon="9.49402003549039363861083984375">
        <ele>946.20001220703125</ele>
        <time>2026-09-26T07:08:16.000Z</time>
      </trkpt>
      <trkpt lat="40.15559993684291839599609375" lon="9.493949711322784423828125">
        <ele>943.5999755859375</ele>
        <time>2026-09-26T07:08:25.000Z</time>
      </trkpt>
      <trkpt lat="40.1556145213544368743896484375" lon="9.49388894252479076385498046875">
        <ele>942.20001220703125</ele>
        <time>2026-09-26T07:08:29.000Z</time>
      </trkpt>
      <trkpt lat="40.15561913140118122100830078125" lon="9.4938435964286327362060546875">
        <ele>941.20001220703125</ele>
        <time>2026-09-26T07:08:31.000Z</time>
      </trkpt>
      <trkpt lat="40.1556537486612796783447265625" lon="9.49371275492012500762939453125">
        <ele>938</ele>
        <time>2026-09-26T07:08:39.000Z</time>
      </trkpt>
      <trkpt lat="40.1556574366986751556396484375" lon="9.4936789758503437042236328125">
        <ele>937.20001220703125</ele>
        <time>2026-09-26T07:08:41.000Z</time>
      </trkpt>
      <trkpt lat="40.1556681655347347259521484375" lon="9.49365726672112941741943359375">
        <ele>936.5999755859375</ele>
        <time>2026-09-26T07:08:43.000Z</time>
      </trkpt>
      <trkpt lat="40.15567143447697162628173828125" lon="9.4936431013047695159912109375">
        <ele>936.20001220703125</ele>
        <time>2026-09-26T07:08:44.000Z</time>
      </trkpt>
      <trkpt lat="40.15570244751870632171630859375" lon="9.49358032085001468658447265625">
        <ele>935</ele>
        <time>2026-09-26T07:08:49.000Z</time>
      </trkpt>
      <trkpt lat="40.1557134278118610382080078125" lon="9.49354494921863079071044921875">
        <ele>934</ele>
        <time>2026-09-26T07:08:52.000Z</time>
      </trkpt>
      <trkpt lat="40.155753828585147857666015625" lon="9.4934523291885852813720703125">
        <ele>931.79998779296875</ele>
        <time>2026-09-26T07:08:58.000Z</time>
      </trkpt>
      <trkpt lat="40.15578727237880229949951171875" lon="9.493345208466053009033203125">
        <ele>929.20001220703125</ele>
        <time>2026-09-26T07:09:05.000Z</time>
      </trkpt>
      <trkpt lat="40.15580219216644763946533203125" lon="9.493321739137172698974609375">
        <ele>928.79998779296875</ele>
        <time>2026-09-26T07:09:07.000Z</time>
      </trkpt>
      <trkpt lat="40.1558280922472476959228515625" lon="9.4932917319238185882568359375">
        <ele>928.4000244140625</ele>
        <time>2026-09-26T07:09:11.000Z</time>
      </trkpt>
      <trkpt lat="40.15583789907395839691162109375" lon="9.4932644069194793701171875">
        <ele>928</ele>
        <time>2026-09-26T07:09:13.000Z</time>
      </trkpt>
      <trkpt lat="40.15586924739181995391845703125" lon="9.49322157539427280426025390625">
        <ele>927.5999755859375</ele>
        <time>2026-09-26T07:09:20.000Z</time>
      </trkpt>
      <trkpt lat="40.15591702423989772796630859375" lon="9.49316918849945068359375">
        <ele>926.79998779296875</ele>
        <time>2026-09-26T07:09:27.000Z</time>
      </trkpt>
      <trkpt lat="40.1559595204889774322509765625" lon="9.4931700266897678375244140625">
        <ele>927.4000244140625</ele>
        <time>2026-09-26T07:09:32.000Z</time>
      </trkpt>
      <trkpt lat="40.15600520186126232147216796875" lon="9.49316172860562801361083984375">
        <ele>927.5999755859375</ele>
        <time>2026-09-26T07:09:36.000Z</time>
      </trkpt>
      <trkpt lat="40.15603085048496723175048828125" lon="9.493104480206966400146484375">
        <ele>926.4000244140625</ele>
        <time>2026-09-26T07:09:40.000Z</time>
      </trkpt>
      <trkpt lat="40.15609673224389553070068359375" lon="9.4929881393909454345703125">
        <ele>924.79998779296875</ele>
        <time>2026-09-26T07:09:49.000Z</time>
      </trkpt>
      <trkpt lat="40.15612573362886905670166015625" lon="9.49295888654887676239013671875">
        <ele>924.5999755859375</ele>
        <time>2026-09-26T07:09:52.000Z</time>
      </trkpt>
      <trkpt lat="40.15614501200616359710693359375" lon="9.4929380156099796295166015625">
        <ele>924.4000244140625</ele>
        <time>2026-09-26T07:09:54.000Z</time>
      </trkpt>
      <trkpt lat="40.15615456737577915191650390625" lon="9.492935836315155029296875">
        <ele>924.4000244140625</ele>
        <time>2026-09-26T07:09:55.000Z</time>
      </trkpt>
      <trkpt lat="40.1561839878559112548828125" lon="9.49289937503635883331298828125">
        <ele>923.5999755859375</ele>
        <time>2026-09-26T07:09:59.000Z</time>
      </trkpt>
      <trkpt lat="40.15620670281350612640380859375" lon="9.49286769144237041473388671875">
        <ele>922.5999755859375</ele>
        <time>2026-09-26T07:10:02.000Z</time>
      </trkpt>
      <trkpt lat="40.1562797091901302337646484375" lon="9.49281605891883373260498046875">
        <ele>921.20001220703125</ele>
        <time>2026-09-26T07:10:10.000Z</time>
      </trkpt>
      <trkpt lat="40.1562951318919658660888671875" lon="9.49281069450080394744873046875">
        <ele>921.20001220703125</ele>
        <time>2026-09-26T07:10:11.000Z</time>
      </trkpt>
      <trkpt lat="40.15632891096174716949462890625" lon="9.49279376305639743804931640625">
        <ele>920.4000244140625</ele>
        <time>2026-09-26T07:10:14.000Z</time>
      </trkpt>
      <trkpt lat="40.1563717424869537353515625" lon="9.49278253130614757537841796875">
        <ele>920.20001220703125</ele>
        <time>2026-09-26T07:10:17.000Z</time>
      </trkpt>
      <trkpt lat="40.15640820376574993133544921875" lon="9.49278093874454498291015625">
        <ele>920.20001220703125</ele>
        <time>2026-09-26T07:10:20.000Z</time>
      </trkpt>
      <trkpt lat="40.15641960315406322479248046875" lon="9.4927576370537281036376953125">
        <ele>919.5999755859375</ele>
        <time>2026-09-26T07:10:22.000Z</time>
      </trkpt>
      <trkpt lat="40.1564634405076503753662109375" lon="9.49272193014621734619140625">
        <ele>918.79998779296875</ele>
        <time>2026-09-26T07:10:27.000Z</time>
      </trkpt>
      <trkpt lat="40.15646897256374359130859375" lon="9.492708183825016021728515625">
        <ele>918.5999755859375</ele>
        <time>2026-09-26T07:10:28.000Z</time>
      </trkpt>
      <trkpt lat="40.1564869098365306854248046875" lon="9.49266971088945865631103515625">
        <ele>917.79998779296875</ele>
        <time>2026-09-26T07:10:31.000Z</time>
      </trkpt>
      <trkpt lat="40.1565224491059780120849609375" lon="9.4926059246063232421875">
        <ele>916.4000244140625</ele>
        <time>2026-09-26T07:10:36.000Z</time>
      </trkpt>
      <trkpt lat="40.1566012389957904815673828125" lon="9.49259947054088115692138671875">
        <ele>915.4000244140625</ele>
        <time>2026-09-26T07:10:41.000Z</time>
      </trkpt>
      <trkpt lat="40.156610794365406036376953125" lon="9.49258823879063129425048828125">
        <ele>915</ele>
        <time>2026-09-26T07:10:42.000Z</time>
      </trkpt>
      <trkpt lat="40.15668212436139583587646484375" lon="9.4925440661609172821044921875">
        <ele>913</ele>
        <time>2026-09-26T07:10:49.000Z</time>
      </trkpt>
      <trkpt lat="40.1567112095654010772705078125" lon="9.492529146373271942138671875">
        <ele>912.4000244140625</ele>
        <time>2026-09-26T07:10:51.000Z</time>
      </trkpt>
      <trkpt lat="40.15672185458242893218994140625" lon="9.492528140544891357421875">
        <ele>912.20001220703125</ele>
        <time>2026-09-26T07:10:52.000Z</time>
      </trkpt>
      <trkpt lat="40.156728141009807586669921875" lon="9.49251540005207061767578125">
        <ele>912</ele>
        <time>2026-09-26T07:10:53.000Z</time>
      </trkpt>
      <trkpt lat="40.1567648537456989288330078125" lon="9.49247307144105434417724609375">
        <ele>910.79998779296875</ele>
        <time>2026-09-26T07:10:57.000Z</time>
      </trkpt>
      <trkpt lat="40.15678036026656627655029296875" lon="9.4924651086330413818359375">
        <ele>910.4000244140625</ele>
        <time>2026-09-26T07:10:59.000Z</time>
      </trkpt>
      <trkpt lat="40.15683232806622982025146484375" lon="9.49247759766876697540283203125">
        <ele>910</ele>
        <time>2026-09-26T07:11:04.000Z</time>
      </trkpt>
      <trkpt lat="40.156938694417476654052734375" lon="9.49249955825507640838623046875">
        <ele>908.4000244140625</ele>
        <time>2026-09-26T07:11:12.000Z</time>
      </trkpt>
      <trkpt lat="40.15697448514401912689208984375" lon="9.49252721853554248809814453125">
        <ele>908.20001220703125</ele>
        <time>2026-09-26T07:11:16.000Z</time>
      </trkpt>
      <trkpt lat="40.1569995470345020294189453125" lon="9.49253040365874767303466796875">
        <ele>907.79998779296875</ele>
        <time>2026-09-26T07:11:19.000Z</time>
      </trkpt>
      <trkpt lat="40.15706283040344715118408203125" lon="9.4925313256680965423583984375">
        <ele>906.5999755859375</ele>
        <time>2026-09-26T07:11:26.000Z</time>
      </trkpt>
      <trkpt lat="40.15714346431195735931396484375" lon="9.4925615005195140838623046875">
        <ele>905.79998779296875</ele>
        <time>2026-09-26T07:11:33.000Z</time>
      </trkpt>
      <trkpt lat="40.15719409100711345672607421875" lon="9.49257130734622478485107421875">
        <ele>905.79998779296875</ele>
        <time>2026-09-26T07:11:37.000Z</time>
      </trkpt>
      <trkpt lat="40.157209597527980804443359375" lon="9.49256527237594127655029296875">
        <ele>905.5999755859375</ele>
        <time>2026-09-26T07:11:39.000Z</time>
      </trkpt>
      <trkpt lat="40.15721169300377368927001953125" lon="9.49254448525607585906982421875">
        <ele>905.4000244140625</ele>
        <time>2026-09-26T07:11:41.000Z</time>
      </trkpt>
      <trkpt lat="40.15721705742180347442626953125" lon="9.4925148971378803253173828125">
        <ele>905</ele>
        <time>2026-09-26T07:11:43.000Z</time>
      </trkpt>
      <trkpt lat="40.157260894775390625" lon="9.4925045035779476165771484375">
        <ele>904.5999755859375</ele>
        <time>2026-09-26T07:11:47.000Z</time>
      </trkpt>
      <trkpt lat="40.157274641096591949462890625" lon="9.49249704368412494659423828125">
        <ele>904.4000244140625</ele>
        <time>2026-09-26T07:11:48.000Z</time>
      </trkpt>
      <trkpt lat="40.157359130680561065673828125" lon="9.4924622587859630584716796875">
        <ele>904</ele>
        <time>2026-09-26T07:11:53.000Z</time>
      </trkpt>
      <trkpt lat="40.157483182847499847412109375" lon="9.49246016331017017364501953125">
        <ele>904.4000244140625</ele>
        <time>2026-09-26T07:12:02.000Z</time>
      </trkpt>
      <trkpt lat="40.1575215719640254974365234375" lon="9.4924532063305377960205078125">
        <ele>904.5999755859375</ele>
        <time>2026-09-26T07:12:05.000Z</time>
      </trkpt>
      <trkpt lat="40.1575400121510028839111328125" lon="9.49244205839931964874267578125">
        <ele>904.5999755859375</ele>
        <time>2026-09-26T07:12:07.000Z</time>
      </trkpt>
      <trkpt lat="40.15754881314933300018310546875" lon="9.492425881326198577880859375">
        <ele>904.5999755859375</ele>
        <time>2026-09-26T07:12:09.000Z</time>
      </trkpt>
      <trkpt lat="40.15757580287754535675048828125" lon="9.49240601621568202972412109375">
        <ele>904.5999755859375</ele>
        <time>2026-09-26T07:12:15.000Z</time>
      </trkpt>
      <trkpt lat="40.1576218195259571075439453125" lon="9.4923821277916431427001953125">
        <ele>904.4000244140625</ele>
        <time>2026-09-26T07:12:22.000Z</time>
      </trkpt>
      <trkpt lat="40.15764654614031314849853515625" lon="9.4923425652086734771728515625">
        <ele>904</ele>
        <time>2026-09-26T07:12:28.000Z</time>
      </trkpt>
      <trkpt lat="40.1576878689229488372802734375" lon="9.49237248860299587249755859375">
        <ele>904.79998779296875</ele>
        <time>2026-09-26T07:12:35.000Z</time>
      </trkpt>
      <trkpt lat="40.1577021181583404541015625" lon="9.49238992296159267425537109375">
        <ele>905.4000244140625</ele>
        <time>2026-09-26T07:12:41.000Z</time>
      </trkpt>
      <trkpt lat="40.15773899853229522705078125" lon="9.49240651912987232208251953125">
        <ele>906.20001220703125</ele>
        <time>2026-09-26T07:12:46.000Z</time>
      </trkpt>
      <trkpt lat="40.1577676646411418914794921875" lon="9.49241071008145809173583984375">
        <ele>906.5999755859375</ele>
        <time>2026-09-26T07:12:50.000Z</time>
      </trkpt>
      <trkpt lat="40.1577757112681865692138671875" lon="9.49241925962269306182861328125">
        <ele>907</ele>
        <time>2026-09-26T07:12:51.000Z</time>
      </trkpt>
      <trkpt lat="40.1578306965529918670654296875" lon="9.49247927404940128326416015625">
        <ele>908.79998779296875</ele>
        <time>2026-09-26T07:12:58.000Z</time>
      </trkpt>
      <trkpt lat="40.1578736118972301483154296875" lon="9.4925018213689327239990234375">
        <ele>909.79998779296875</ele>
        <time>2026-09-26T07:13:02.000Z</time>
      </trkpt>
      <trkpt lat="40.1578897051513195037841796875" lon="9.49249855242669582366943359375">
        <ele>910</ele>
        <time>2026-09-26T07:13:04.000Z</time>
      </trkpt>
      <trkpt lat="40.15789724886417388916015625" lon="9.49249687604606151580810546875">
        <ele>910</ele>
        <time>2026-09-26T07:13:05.000Z</time>
      </trkpt>
      <trkpt lat="40.1579205505549907684326171875" lon="9.492503665387630462646484375">
        <ele>910.5999755859375</ele>
        <time>2026-09-26T07:13:07.000Z</time>
      </trkpt>
      <trkpt lat="40.15793588943779468536376953125" lon="9.4925162382423877716064453125">
        <ele>911</ele>
        <time>2026-09-26T07:13:09.000Z</time>
      </trkpt>
      <trkpt lat="40.157957933843135833740234375" lon="9.49252118356525897979736328125">
        <ele>911.4000244140625</ele>
        <time>2026-09-26T07:13:11.000Z</time>
      </trkpt>
      <trkpt lat="40.157990120351314544677734375" lon="9.49251565150916576385498046875">
        <ele>911.4000244140625</ele>
        <time>2026-09-26T07:13:14.000Z</time>
      </trkpt>
      <trkpt lat="40.15800093300640583038330078125" lon="9.49252084828913211822509765625">
        <ele>911.4000244140625</ele>
        <time>2026-09-26T07:13:15.000Z</time>
      </trkpt>
      <trkpt lat="40.15801451168954372406005859375" lon="9.49253325350582599639892578125">
        <ele>911.5999755859375</ele>
        <time>2026-09-26T07:13:17.000Z</time>
      </trkpt>
      <trkpt lat="40.15803412534296512603759765625" lon="9.4925417192280292510986328125">
        <ele>911.79998779296875</ele>
        <time>2026-09-26T07:13:19.000Z</time>
      </trkpt>
      <trkpt lat="40.15812112949788570404052734375" lon="9.4925655238330364227294921875">
        <ele>912.20001220703125</ele>
        <time>2026-09-26T07:13:26.000Z</time>
      </trkpt>
      <trkpt lat="40.15813303180038928985595703125" lon="9.4925678707659244537353515625">
        <ele>912.20001220703125</ele>
        <time>2026-09-26T07:13:27.000Z</time>
      </trkpt>
      <trkpt lat="40.1581790484488010406494140625" lon="9.49257415719330310821533203125">
        <ele>912.4000244140625</ele>
        <time>2026-09-26T07:13:30.000Z</time>
      </trkpt>
      <trkpt lat="40.15823009423911571502685546875" lon="9.49254414997994899749755859375">
        <ele>911.79998779296875</ele>
        <time>2026-09-26T07:13:34.000Z</time>
      </trkpt>
      <trkpt lat="40.158243589103221893310546875" lon="9.49254733510315418243408203125">
        <ele>911.79998779296875</ele>
        <time>2026-09-26T07:13:35.000Z</time>
      </trkpt>
      <trkpt lat="40.15825239010155200958251953125" lon="9.4925561361014842987060546875">
        <ele>911.79998779296875</ele>
        <time>2026-09-26T07:13:36.000Z</time>
      </trkpt>
      <trkpt lat="40.15826404094696044921875" lon="9.49256996624171733856201171875">
        <ele>911.79998779296875</ele>
        <time>2026-09-26T07:13:38.000Z</time>
      </trkpt>
      <trkpt lat="40.15826730988919734954833984375" lon="9.49257499538362026214599609375">
        <ele>911.79998779296875</ele>
        <time>2026-09-26T07:13:39.000Z</time>
      </trkpt>
      <trkpt lat="40.15826328657567501068115234375" lon="9.4925782643258571624755859375">
        <ele>912</ele>
        <time>2026-09-26T07:13:44.000Z</time>
      </trkpt>
      <trkpt lat="40.15826680697500705718994140625" lon="9.492521099746227264404296875">
        <ele>911</ele>
        <time>2026-09-26T07:13:49.000Z</time>
      </trkpt>
      <trkpt lat="40.158270411193370819091796875" lon="9.49251246638596057891845703125">
        <ele>910.5999755859375</ele>
        <time>2026-09-26T07:13:50.000Z</time>
      </trkpt>
      <trkpt lat="40.158337466418743133544921875" lon="9.49246577918529510498046875">
        <ele>908.5999755859375</ele>
        <time>2026-09-26T07:13:57.000Z</time>
      </trkpt>
      <trkpt lat="40.158374346792697906494140625" lon="9.4924696348607540130615234375">
        <ele>908</ele>
        <time>2026-09-26T07:14:01.000Z</time>
      </trkpt>
      <trkpt lat="40.1583979837596416473388671875" lon="9.49246980249881744384765625">
        <ele>907.5999755859375</ele>
        <time>2026-09-26T07:14:03.000Z</time>
      </trkpt>
      <trkpt lat="40.15841935761272907257080078125" lon="9.49246251024305820465087890625">
        <ele>907</ele>
        <time>2026-09-26T07:14:05.000Z</time>
      </trkpt>
      <trkpt lat="40.1584995724260807037353515625" lon="9.4924649409949779510498046875">
        <ele>905.5999755859375</ele>
        <time>2026-09-26T07:14:14.000Z</time>
      </trkpt>
      <trkpt lat="40.15850870870053768157958984375" lon="9.4924719817936420440673828125">
        <ele>905.5999755859375</ele>
        <time>2026-09-26T07:14:15.000Z</time>
      </trkpt>
      <trkpt lat="40.1585615985095500946044921875" lon="9.49246686883270740509033203125">
        <ele>905</ele>
        <time>2026-09-26T07:14:19.000Z</time>
      </trkpt>
      <trkpt lat="40.1585850678384304046630859375" lon="9.49246804229915142059326171875">
        <ele>904.79998779296875</ele>
        <time>2026-09-26T07:14:21.000Z</time>
      </trkpt>
      <trkpt lat="40.15868171118199825286865234375" lon="9.4924619235098361968994140625">
        <ele>903.5999755859375</ele>
        <time>2026-09-26T07:14:30.000Z</time>
      </trkpt>
      <trkpt lat="40.15871708281338214874267578125" lon="9.4924635998904705047607421875">
        <ele>903.20001220703125</ele>
        <time>2026-09-26T07:14:34.000Z</time>
      </trkpt>
      <trkpt lat="40.158741474151611328125" lon="9.492458067834377288818359375">
        <ele>902.79998779296875</ele>
        <time>2026-09-26T07:14:37.000Z</time>
      </trkpt>
      <trkpt lat="40.1587962917983531951904296875" lon="9.49242009781301021575927734375">
        <ele>900.20001220703125</ele>
        <time>2026-09-26T07:14:42.000Z</time>
      </trkpt>
      <trkpt lat="40.158815570175647735595703125" lon="9.49238707311451435089111328125">
        <ele>898.5999755859375</ele>
        <time>2026-09-26T07:14:44.000Z</time>
      </trkpt>
      <trkpt lat="40.1588388718664646148681640625" lon="9.49236460961401462554931640625">
        <ele>897.4000244140625</ele>
        <time>2026-09-26T07:14:46.000Z</time>
      </trkpt>
      <trkpt lat="40.15886879526078701019287109375" lon="9.49234683997929096221923828125">
        <ele>896.20001220703125</ele>
        <time>2026-09-26T07:14:50.000Z</time>
      </trkpt>
      <trkpt lat="40.158872902393341064453125" lon="9.4923465885221958160400390625">
        <ele>896.20001220703125</ele>
        <time>2026-09-26T07:14:51.000Z</time>
      </trkpt>
      <trkpt lat="40.158877260982990264892578125" lon="9.49233728460967540740966796875">
        <ele>895.79998779296875</ele>
        <time>2026-09-26T07:14:52.000Z</time>
      </trkpt>
      <trkpt lat="40.15889209695160388946533203125" lon="9.49231700040400028228759765625">
        <ele>894.79998779296875</ele>
        <time>2026-09-26T07:14:54.000Z</time>
      </trkpt>
      <trkpt lat="40.15891891904175281524658203125" lon="9.49229872785508632659912109375">
        <ele>893.5999755859375</ele>
        <time>2026-09-26T07:14:57.000Z</time>
      </trkpt>
      <trkpt lat="40.15899653546512126922607421875" lon="9.4922644458711147308349609375">
        <ele>891</ele>
        <time>2026-09-26T07:15:05.000Z</time>
      </trkpt>
      <trkpt lat="40.15904716216027736663818359375" lon="9.49226587079465389251708984375">
        <ele>890</ele>
        <time>2026-09-26T07:15:11.000Z</time>
      </trkpt>
      <trkpt lat="40.15908789820969104766845703125" lon="9.49224541895091533660888671875">
        <ele>889</ele>
        <time>2026-09-26T07:15:15.000Z</time>
      </trkpt>
      <trkpt lat="40.159128718078136444091796875" lon="9.492226727306842803955078125">
        <ele>888.4000244140625</ele>
        <time>2026-09-26T07:15:18.000Z</time>
      </trkpt>
      <trkpt lat="40.159157216548919677734375" lon="9.49221775867044925689697265625">
        <ele>888.20001220703125</ele>
        <time>2026-09-26T07:15:21.000Z</time>
      </trkpt>
      <trkpt lat="40.15921647660434246063232421875" lon="9.49224240146577358245849609375">
        <ele>889.4000244140625</ele>
        <time>2026-09-26T07:15:26.000Z</time>
      </trkpt>
      <trkpt lat="40.15932695008814334869384765625" lon="9.4922939501702785491943359375">
        <ele>891.5999755859375</ele>
        <time>2026-09-26T07:15:34.000Z</time>
      </trkpt>
      <trkpt lat="40.15939115546643733978271484375" lon="9.492299146950244903564453125">
        <ele>891.4000244140625</ele>
        <time>2026-09-26T07:15:39.000Z</time>
      </trkpt>
      <trkpt lat="40.1594188995659351348876953125" lon="9.4923107139766216278076171875">
        <ele>891.5999755859375</ele>
        <time>2026-09-26T07:15:41.000Z</time>
      </trkpt>
      <trkpt lat="40.1595090888440608978271484375" lon="9.49232839979231357574462890625">
        <ele>891.20001220703125</ele>
        <time>2026-09-26T07:15:48.000Z</time>
      </trkpt>
      <trkpt lat="40.159521996974945068359375" lon="9.49232253246009349822998046875">
        <ele>890.79998779296875</ele>
        <time>2026-09-26T07:15:49.000Z</time>
      </trkpt>
      <trkpt lat="40.15961595810949802398681640625" lon="9.49235044419765472412109375">
        <ele>890.79998779296875</ele>
        <time>2026-09-26T07:15:57.000Z</time>
      </trkpt>
      <trkpt lat="40.1596230827271938323974609375" lon="9.49234901927411556243896484375">
        <ele>890.5999755859375</ele>
        <time>2026-09-26T07:16:03.000Z</time>
      </trkpt>
      <trkpt lat="40.15962232835590839385986328125" lon="9.49234734289348125457763671875">
        <ele>890.5999755859375</ele>
        <time>2026-09-26T07:16:12.000Z</time>
      </trkpt>
      <trkpt lat="40.15962232835590839385986328125" lon="9.49234734289348125457763671875">
        <ele>890.5999755859375</ele>
        <time>2026-09-26T07:16:14.000Z</time>
      </trkpt>
      <trkpt lat="40.15962232835590839385986328125" lon="9.49234734289348125457763671875">
        <ele>890.5999755859375</ele>
        <time>2026-09-26T07:16:20.000Z</time>
      </trkpt>
      <trkpt lat="40.15962123870849609375" lon="9.49234700761735439300537109375">
        <ele>890.5999755859375</ele>
        <time>2026-09-26T07:16:26.000Z</time>
      </trkpt>
      <trkpt lat="40.15962123870849609375" lon="9.49234482832252979278564453125">
        <ele>890.5999755859375</ele>
        <time>2026-09-26T07:16:31.000Z</time>
      </trkpt>
      <trkpt lat="40.15962123870849609375" lon="9.4923442415893077850341796875">
        <ele>890.5999755859375</ele>
        <time>2026-09-26T07:16:39.000Z</time>
      </trkpt>
      <trkpt lat="40.1596234180033206939697265625" lon="9.49233912862837314605712890625">
        <ele>890.4000244140625</ele>
        <time>2026-09-26T07:16:58.000Z</time>
      </trkpt>
      <trkpt lat="40.1596237532794475555419921875" lon="9.49233569204807281494140625">
        <ele>890.20001220703125</ele>
        <time>2026-09-26T07:17:17.000Z</time>
      </trkpt>
      <trkpt lat="40.1596237532794475555419921875" lon="9.49233569204807281494140625">
        <ele>890.20001220703125</ele>
        <time>2026-09-26T07:17:19.000Z</time>
      </trkpt>
      <trkpt lat="40.15962383709847927093505859375" lon="9.49233611114323139190673828125">
        <ele>890.20001220703125</ele>
        <time>2026-09-26T07:17:29.000Z</time>
      </trkpt>
      <trkpt lat="40.159623585641384124755859375" lon="9.49233694933354854583740234375">
        <ele>890.20001220703125</ele>
        <time>2026-09-26T07:17:37.000Z</time>
      </trkpt>
      <trkpt lat="40.1596120186150074005126953125" lon="9.49233829043805599212646484375">
        <ele>890.4000244140625</ele>
        <time>2026-09-26T07:18:01.000Z</time>
      </trkpt>
      <trkpt lat="40.1596120186150074005126953125" lon="9.49233829043805599212646484375">
        <ele>890.4000244140625</ele>
        <time>2026-09-26T07:18:14.000Z</time>
      </trkpt>
      <trkpt lat="40.1596123538911342620849609375" lon="9.4923385418951511383056640625">
        <ele>890.4000244140625</ele>
        <time>2026-09-26T07:18:17.000Z</time>
      </trkpt>
      <trkpt lat="40.15961294062435626983642578125" lon="9.492340385913848876953125">
        <ele>890.4000244140625</ele>
        <time>2026-09-26T07:18:23.000Z</time>
      </trkpt>
      <trkpt lat="40.15961310826241970062255859375" lon="9.49234231375157833099365234375">
        <ele>890.5999755859375</ele>
        <time>2026-09-26T07:18:26.000Z</time>
      </trkpt>
      <trkpt lat="40.15961327590048313140869140625" lon="9.4923439063131809234619140625">
        <ele>890.5999755859375</ele>
        <time>2026-09-26T07:18:30.000Z</time>
      </trkpt>
      <trkpt lat="40.15961344353854656219482421875" lon="9.492345415055751800537109375">
        <ele>890.5999755859375</ele>
        <time>2026-09-26T07:18:36.000Z</time>
      </trkpt>
      <trkpt lat="40.159679241478443145751953125" lon="9.49235723353922367095947265625">
        <ele>889.4000244140625</ele>
        <time>2026-09-26T07:18:45.000Z</time>
      </trkpt>
      <trkpt lat="40.1597766391932964324951171875" lon="9.4923559762537479400634765625">
        <ele>886.5999755859375</ele>
        <time>2026-09-26T07:18:54.000Z</time>
      </trkpt>
      <trkpt lat="40.15986087732017040252685546875" lon="9.49233946390450000762939453125">
        <ele>884.4000244140625</ele>
        <time>2026-09-26T07:19:02.000Z</time>
      </trkpt>
      <trkpt lat="40.1599053852260112762451171875" lon="9.49234063737094402313232421875">
        <ele>883.4000244140625</ele>
        <time>2026-09-26T07:19:06.000Z</time>
      </trkpt>
      <trkpt lat="40.1599375717341899871826171875" lon="9.49232186190783977508544921875">
        <ele>882</ele>
        <time>2026-09-26T07:19:09.000Z</time>
      </trkpt>
      <trkpt lat="40.1600141823291778564453125" lon="9.49226402677595615386962890625">
        <ele>878.4000244140625</ele>
        <time>2026-09-26T07:19:17.000Z</time>
      </trkpt>
      <trkpt lat="40.1600244082510471343994140625" lon="9.49225866235792636871337890625">
        <ele>878</ele>
        <time>2026-09-26T07:19:18.000Z</time>
      </trkpt>
      <trkpt lat="40.1600358076393604278564453125" lon="9.49225480668246746063232421875">
        <ele>877.5999755859375</ele>
        <time>2026-09-26T07:19:19.000Z</time>
      </trkpt>
      <trkpt lat="40.16010646708309650421142578125" lon="9.4922443293035030364990234375">
        <ele>875.5999755859375</ele>
        <time>2026-09-26T07:19:26.000Z</time>
      </trkpt>
      <trkpt lat="40.16011250205338001251220703125" lon="9.49224759824573993682861328125">
        <ele>875.4000244140625</ele>
        <time>2026-09-26T07:19:27.000Z</time>
      </trkpt>
      <trkpt lat="40.16012406907975673675537109375" lon="9.49225128628313541412353515625">
        <ele>875.20001220703125</ele>
        <time>2026-09-26T07:19:28.000Z</time>
      </trkpt>
      <trkpt lat="40.16015659086406230926513671875" lon="9.49224843643605709075927734375">
        <ele>874.4000244140625</ele>
        <time>2026-09-26T07:19:31.000Z</time>
      </trkpt>
      <trkpt lat="40.16016237437725067138671875" lon="9.49224206618964672088623046875">
        <ele>874</ele>
        <time>2026-09-26T07:19:32.000Z</time>
      </trkpt>
      <trkpt lat="40.1601782999932765960693359375" lon="9.49222982861101627349853515625">
        <ele>873.4000244140625</ele>
        <time>2026-09-26T07:19:34.000Z</time>
      </trkpt>
      <trkpt lat="40.160226412117481231689453125" lon="9.492250196635723114013671875">
        <ele>872.5999755859375</ele>
        <time>2026-09-26T07:19:39.000Z</time>
      </trkpt>
      <trkpt lat="40.1602314412593841552734375" lon="9.49225229211151599884033203125">
        <ele>872.4000244140625</ele>
        <time>2026-09-26T07:19:40.000Z</time>
      </trkpt>
      <trkpt lat="40.16029606573283672332763671875" lon="9.4922315888106822967529296875">
        <ele>870</ele>
        <time>2026-09-26T07:19:45.000Z</time>
      </trkpt>
      <trkpt lat="40.16033763997256755828857421875" lon="9.49221608228981494903564453125">
        <ele>868.4000244140625</ele>
        <time>2026-09-26T07:19:49.000Z</time>
      </trkpt>
      <trkpt lat="40.16038575209677219390869140625" lon="9.4921866618096828460693359375">
        <ele>865.79998779296875</ele>
        <time>2026-09-26T07:19:56.000Z</time>
      </trkpt>
      <trkpt lat="40.16041458584368228912353515625" lon="9.492190517485141754150390625">
        <ele>865.20001220703125</ele>
        <time>2026-09-26T07:19:59.000Z</time>
      </trkpt>
      <trkpt lat="40.16042447648942470550537109375" lon="9.4921915233135223388671875">
        <ele>865</ele>
        <time>2026-09-26T07:20:00.000Z</time>
      </trkpt>
      <trkpt lat="40.1604663021862506866455078125" lon="9.49219864793121814727783203125">
        <ele>864</ele>
        <time>2026-09-26T07:20:04.000Z</time>
      </trkpt>
      <trkpt lat="40.16050812788307666778564453125" lon="9.4922017492353916168212890625">
        <ele>862.79998779296875</ele>
        <time>2026-09-26T07:20:08.000Z</time>
      </trkpt>
      <trkpt lat="40.160518102347850799560546875" lon="9.492206275463104248046875">
        <ele>862.5999755859375</ele>
        <time>2026-09-26T07:20:09.000Z</time>
      </trkpt>
      <trkpt lat="40.16053528524935245513916015625" lon="9.49222111143171787261962890625">
        <ele>862.5999755859375</ele>
        <time>2026-09-26T07:20:11.000Z</time>
      </trkpt>
      <trkpt lat="40.1605447567999362945556640625" lon="9.49222362600266933441162109375">
        <ele>862.4000244140625</ele>
        <time>2026-09-26T07:20:12.000Z</time>
      </trkpt>
      <trkpt lat="40.160579793155193328857421875" lon="9.492249190807342529296875">
        <ele>862</ele>
        <time>2026-09-26T07:20:16.000Z</time>
      </trkpt>
      <trkpt lat="40.16059982590377330780029296875" lon="9.4922460056841373443603515625">
        <ele>861.20001220703125</ele>
        <time>2026-09-26T07:20:18.000Z</time>
      </trkpt>
      <trkpt lat="40.16060535795986652374267578125" lon="9.49223083443939685821533203125">
        <ele>860.5999755859375</ele>
        <time>2026-09-26T07:20:19.000Z</time>
      </trkpt>
      <trkpt lat="40.16061675734817981719970703125" lon="9.49220635928213596343994140625">
        <ele>859.4000244140625</ele>
        <time>2026-09-26T07:20:21.000Z</time>
      </trkpt>
      <trkpt lat="40.16065129078924655914306640625" lon="9.4921781122684478759765625">
        <ele>857.20001220703125</ele>
        <time>2026-09-26T07:20:26.000Z</time>
      </trkpt>
      <trkpt lat="40.16066017560660839080810546875" lon="9.4921735860407352447509765625">
        <ele>856.79998779296875</ele>
        <time>2026-09-26T07:20:27.000Z</time>
      </trkpt>
      <trkpt lat="40.1606664620339870452880859375" lon="9.4921459257602691650390625">
        <ele>855.4000244140625</ele>
        <time>2026-09-26T07:20:31.000Z</time>
      </trkpt>
      <trkpt lat="40.160699151456356048583984375" lon="9.49214617721736431121826171875">
        <ele>854.5999755859375</ele>
        <time>2026-09-26T07:20:36.000Z</time>
      </trkpt>
      <trkpt lat="40.16072563827037811279296875" lon="9.49215657077729701995849609375">
        <ele>854.20001220703125</ele>
        <time>2026-09-26T07:20:38.000Z</time>
      </trkpt>
      <trkpt lat="40.16074734739959239959716796875" lon="9.4921729154884815216064453125">
        <ele>854.4000244140625</ele>
        <time>2026-09-26T07:20:40.000Z</time>
      </trkpt>
      <trkpt lat="40.1607732474803924560546875" lon="9.49216528795659542083740234375">
        <ele>853.79998779296875</ele>
        <time>2026-09-26T07:20:42.000Z</time>
      </trkpt>
      <trkpt lat="40.1607851497828960418701171875" lon="9.49215204454958438873291015625">
        <ele>853.20001220703125</ele>
        <time>2026-09-26T07:20:44.000Z</time>
      </trkpt>
      <trkpt lat="40.1607781089842319488525390625" lon="9.4920988194644451141357421875">
        <ele>851.5999755859375</ele>
        <time>2026-09-26T07:20:47.000Z</time>
      </trkpt>
      <trkpt lat="40.16078288666903972625732421875" lon="9.49208716861903667449951171875">
        <ele>851.20001220703125</ele>
        <time>2026-09-26T07:20:48.000Z</time>
      </trkpt>
      <trkpt lat="40.1608136482536792755126953125" lon="9.49209387414157390594482421875">
        <ele>851.20001220703125</ele>
        <time>2026-09-26T07:20:51.000Z</time>
      </trkpt>
      <trkpt lat="40.1608820445835590362548828125" lon="9.49212245643138885498046875">
        <ele>851.20001220703125</ele>
        <time>2026-09-26T07:20:57.000Z</time>
      </trkpt>
      <trkpt lat="40.1608924381434917449951171875" lon="9.49212136678397655487060546875">
        <ele>851.20001220703125</ele>
        <time>2026-09-26T07:20:58.000Z</time>
      </trkpt>
      <trkpt lat="40.160922110080718994140625" lon="9.49214533902704715728759765625">
        <ele>851.5999755859375</ele>
        <time>2026-09-26T07:21:02.000Z</time>
      </trkpt>
      <trkpt lat="40.16092839650809764862060546875" lon="9.49215464293956756591796875">
        <ele>851.79998779296875</ele>
        <time>2026-09-26T07:21:03.000Z</time>
      </trkpt>
      <trkpt lat="40.1609658636152744293212890625" lon="9.492179453372955322265625">
        <ele>852.20001220703125</ele>
        <time>2026-09-26T07:21:09.000Z</time>
      </trkpt>
      <trkpt lat="40.16097986139357089996337890625" lon="9.49217618443071842193603515625">
        <ele>852</ele>
        <time>2026-09-26T07:21:10.000Z</time>
      </trkpt>
      <trkpt lat="40.16103484667837619781494140625" lon="9.492171071469783782958984375">
        <ele>851.5999755859375</ele>
        <time>2026-09-26T07:21:16.000Z</time>
      </trkpt>
      <trkpt lat="40.16103501431643962860107421875" lon="9.49214936234056949615478515625">
        <ele>851</ele>
        <time>2026-09-26T07:21:18.000Z</time>
      </trkpt>
      <trkpt lat="40.161049179732799530029296875" lon="9.4921162538230419158935546875">
        <ele>850</ele>
        <time>2026-09-26T07:21:21.000Z</time>
      </trkpt>
      <trkpt lat="40.16105781309306621551513671875" lon="9.492111392319202423095703125">
        <ele>849.79998779296875</ele>
        <time>2026-09-26T07:21:22.000Z</time>
      </trkpt>
      <trkpt lat="40.16106653027236461639404296875" lon="9.49211214669048786163330078125">
        <ele>849.79998779296875</ele>
        <time>2026-09-26T07:21:23.000Z</time>
      </trkpt>
      <trkpt lat="40.1610892452299594879150390625" lon="9.49212689884006977081298828125">
        <ele>849.79998779296875</ele>
        <time>2026-09-26T07:21:26.000Z</time>
      </trkpt>
      <trkpt lat="40.16109687276184558868408203125" lon="9.49212840758264064788818359375">
        <ele>849.79998779296875</ele>
        <time>2026-09-26T07:21:27.000Z</time>
      </trkpt>
      <trkpt lat="40.16111363656818866729736328125" lon="9.49212237261235713958740234375">
        <ele>849.4000244140625</ele>
        <time>2026-09-26T07:21:29.000Z</time>
      </trkpt>
      <trkpt lat="40.1611502654850482940673828125" lon="9.492087252438068389892578125">
        <ele>848.20001220703125</ele>
        <time>2026-09-26T07:21:33.000Z</time>
      </trkpt>
      <trkpt lat="40.16120064072310924530029296875" lon="9.4920170120894908905029296875">
        <ele>845.20001220703125</ele>
        <time>2026-09-26T07:21:41.000Z</time>
      </trkpt>
      <trkpt lat="40.16123534180223941802978515625" lon="9.49197803623974323272705078125">
        <ele>843.20001220703125</ele>
        <time>2026-09-26T07:21:47.000Z</time>
      </trkpt>
      <trkpt lat="40.16125763766467571258544921875" lon="9.4919744320213794708251953125">
        <ele>842.79998779296875</ele>
        <time>2026-09-26T07:21:49.000Z</time>
      </trkpt>
      <trkpt lat="40.161313712596893310546875" lon="9.49198306538164615631103515625">
        <ele>842.20001220703125</ele>
        <time>2026-09-26T07:21:53.000Z</time>
      </trkpt>
      <trkpt lat="40.161420665681362152099609375" lon="9.49197434820234775543212890625">
        <ele>840</ele>
        <time>2026-09-26T07:22:01.000Z</time>
      </trkpt>
      <trkpt lat="40.16144539229571819305419921875" lon="9.49195473454892635345458984375">
        <ele>838.79998779296875</ele>
        <time>2026-09-26T07:22:04.000Z</time>
      </trkpt>
      <trkpt lat="40.16147506423294544219970703125" lon="9.49194517917931079864501953125">
        <ele>837.79998779296875</ele>
        <time>2026-09-26T07:22:08.000Z</time>
      </trkpt>
      <trkpt lat="40.16154446639120578765869140625" lon="9.49197032488882541656494140625">
        <ele>837.5999755859375</ele>
        <time>2026-09-26T07:22:15.000Z</time>
      </trkpt>
      <trkpt lat="40.16161135397851467132568359375" lon="9.4919754378497600555419921875">
        <ele>836.79998779296875</ele>
        <time>2026-09-26T07:22:20.000Z</time>
      </trkpt>
      <trkpt lat="40.16163356602191925048828125" lon="9.4919621944427490234375">
        <ele>836.4000244140625</ele>
        <time>2026-09-26T07:22:22.000Z</time>
      </trkpt>
      <trkpt lat="40.16167153604328632354736328125" lon="9.49195372872054576873779296875">
        <ele>836</ele>
        <time>2026-09-26T07:22:25.000Z</time>
      </trkpt>
      <trkpt lat="40.1617028005421161651611328125" lon="9.49195540510118007659912109375">
        <ele>836</ele>
        <time>2026-09-26T07:22:28.000Z</time>
      </trkpt>
      <trkpt lat="40.16175267286598682403564453125" lon="9.49193009175360202789306640625">
        <ele>835</ele>
        <time>2026-09-26T07:22:33.000Z</time>
      </trkpt>
      <trkpt lat="40.1617629826068878173828125" lon="9.49192221276462078094482421875">
        <ele>834.79998779296875</ele>
        <time>2026-09-26T07:22:34.000Z</time>
      </trkpt>
      <trkpt lat="40.16185593791306018829345703125" lon="9.4918788783252239227294921875">
        <ele>833.5999755859375</ele>
        <time>2026-09-26T07:22:40.000Z</time>
      </trkpt>
      <trkpt lat="40.16189114190638065338134765625" lon="9.491945095360279083251953125">
        <ele>835</ele>
        <time>2026-09-26T07:22:46.000Z</time>
      </trkpt>
      <trkpt lat="40.1619641482830047607421875" lon="9.49194677174091339111328125">
        <ele>835.20001220703125</ele>
        <time>2026-09-26T07:22:53.000Z</time>
      </trkpt>
      <trkpt lat="40.162032209336757659912109375" lon="9.49195708148181438446044921875">
        <ele>835.4000244140625</ele>
        <time>2026-09-26T07:22:58.000Z</time>
      </trkpt>
      <trkpt lat="40.162071101367473602294921875" lon="9.49197451584041118621826171875">
        <ele>835.79998779296875</ele>
        <time>2026-09-26T07:23:01.000Z</time>
      </trkpt>
      <trkpt lat="40.162186436355113983154296875" lon="9.49202816002070903778076171875">
        <ele>837.4000244140625</ele>
        <time>2026-09-26T07:23:10.000Z</time>
      </trkpt>
      <trkpt lat="40.1622895337641239166259765625" lon="9.49202313087880611419677734375">
        <ele>837.4000244140625</ele>
        <time>2026-09-26T07:23:18.000Z</time>
      </trkpt>
      <trkpt lat="40.162303782999515533447265625" lon="9.4920200295746326446533203125">
        <ele>837.20001220703125</ele>
        <time>2026-09-26T07:23:19.000Z</time>
      </trkpt>
      <trkpt lat="40.16239657066762447357177734375" lon="9.49198298156261444091796875">
        <ele>836.20001220703125</ele>
        <time>2026-09-26T07:23:26.000Z</time>
      </trkpt>
      <trkpt lat="40.1624313555657863616943359375" lon="9.491979293525218963623046875">
        <ele>835.79998779296875</ele>
        <time>2026-09-26T07:23:28.000Z</time>
      </trkpt>
      <trkpt lat="40.16249564476311206817626953125" lon="9.491984657943248748779296875">
        <ele>835.20001220703125</ele>
        <time>2026-09-26T07:23:32.000Z</time>
      </trkpt>
      <trkpt lat="40.1625617779791355133056640625" lon="9.49197292327880859375">
        <ele>834.20001220703125</ele>
        <time>2026-09-26T07:23:37.000Z</time>
      </trkpt>
      <trkpt lat="40.162654817104339599609375" lon="9.491938389837741851806640625">
        <ele>832.20001220703125</ele>
        <time>2026-09-26T07:23:45.000Z</time>
      </trkpt>
      <trkpt lat="40.1627314276993274688720703125" lon="9.4918651320040225982666015625">
        <ele>829.79998779296875</ele>
        <time>2026-09-26T07:23:54.000Z</time>
      </trkpt>
      <trkpt lat="40.16284801997244358062744140625" lon="9.4918428361415863037109375">
        <ele>828.4000244140625</ele>
        <time>2026-09-26T07:24:02.000Z</time>
      </trkpt>
      <trkpt lat="40.16289311461150646209716796875" lon="9.4918316043913364410400390625">
        <ele>827.79998779296875</ele>
        <time>2026-09-26T07:24:06.000Z</time>
      </trkpt>
      <trkpt lat="40.162924043834209442138671875" lon="9.491836130619049072265625">
        <ele>827.79998779296875</ele>
        <time>2026-09-26T07:24:08.000Z</time>
      </trkpt>
      <trkpt lat="40.1630046777427196502685546875" lon="9.4918356277048587799072265625">
        <ele>827.5999755859375</ele>
        <time>2026-09-26T07:24:15.000Z</time>
      </trkpt>
      <trkpt lat="40.163042061030864715576171875" lon="9.49182339012622833251953125">
        <ele>827.4000244140625</ele>
        <time>2026-09-26T07:24:19.000Z</time>
      </trkpt>
      <trkpt lat="40.16305455006659030914306640625" lon="9.4917918741703033447265625">
        <ele>826.79998779296875</ele>
        <time>2026-09-26T07:24:21.000Z</time>
      </trkpt>
      <trkpt lat="40.1631200127303600311279296875" lon="9.491730518639087677001953125">
        <ele>825.79998779296875</ele>
        <time>2026-09-26T07:24:27.000Z</time>
      </trkpt>
      <trkpt lat="40.1631324179470539093017578125" lon="9.4917316921055316925048828125">
        <ele>825.79998779296875</ele>
        <time>2026-09-26T07:24:28.000Z</time>
      </trkpt>
      <trkpt lat="40.16321011818945407867431640625" lon="9.4916911236941814422607421875">
        <ele>825.4000244140625</ele>
        <time>2026-09-26T07:24:35.000Z</time>
      </trkpt>
      <trkpt lat="40.1632273010909557342529296875" lon="9.49167913757264614105224609375">
        <ele>825.20001220703125</ele>
        <time>2026-09-26T07:24:37.000Z</time>
      </trkpt>
      <trkpt lat="40.163257308304309844970703125" lon="9.491635300219058990478515625">
        <ele>824.5999755859375</ele>
        <time>2026-09-26T07:24:41.000Z</time>
      </trkpt>
      <trkpt lat="40.16328706406056880950927734375" lon="9.491609819233417510986328125">
        <ele>824</ele>
        <time>2026-09-26T07:24:43.000Z</time>
      </trkpt>
      <trkpt lat="40.163335762917995452880859375" lon="9.49156614951789379119873046875">
        <ele>823.20001220703125</ele>
        <time>2026-09-26T07:24:48.000Z</time>
      </trkpt>
      <trkpt lat="40.16339577734470367431640625" lon="9.49151619337499141693115234375">
        <ele>822.4000244140625</ele>
        <time>2026-09-26T07:24:55.000Z</time>
      </trkpt>
      <trkpt lat="40.16339535824954509735107421875" lon="9.49150512926280498504638671875">
        <ele>822.20001220703125</ele>
        <time>2026-09-26T07:24:56.000Z</time>
      </trkpt>
      <trkpt lat="40.16339787282049655914306640625" lon="9.491489119827747344970703125">
        <ele>822.20001220703125</ele>
        <time>2026-09-26T07:24:57.000Z</time>
      </trkpt>
      <trkpt lat="40.16339904628694057464599609375" lon="9.49143421836197376251220703125">
        <ele>821.5999755859375</ele>
        <time>2026-09-26T07:25:02.000Z</time>
      </trkpt>
      <trkpt lat="40.16340223141014575958251953125" lon="9.49137680232524871826171875">
        <ele>820.79998779296875</ele>
        <time>2026-09-26T07:25:06.000Z</time>
      </trkpt>
      <trkpt lat="40.1634103618562221527099609375" lon="9.491343609988689422607421875">
        <ele>820.4000244140625</ele>
        <time>2026-09-26T07:25:08.000Z</time>
      </trkpt>
      <trkpt lat="40.16342754475772380828857421875" lon="9.491315782070159912109375">
        <ele>820</ele>
        <time>2026-09-26T07:25:10.000Z</time>
      </trkpt>
      <trkpt lat="40.1635025627911090850830078125" lon="9.49127110652625560760498046875">
        <ele>820</ele>
        <time>2026-09-26T07:25:15.000Z</time>
      </trkpt>
      <trkpt lat="40.16358244232833385467529296875" lon="9.49115560390055179595947265625">
        <ele>818.79998779296875</ele>
        <time>2026-09-26T07:25:22.000Z</time>
      </trkpt>
      <trkpt lat="40.1635950990021228790283203125" lon="9.49112542904913425445556640625">
        <ele>818.5999755859375</ele>
        <time>2026-09-26T07:25:24.000Z</time>
      </trkpt>
      <trkpt lat="40.1636520959436893463134765625" lon="9.4910762272775173187255859375">
        <ele>817.5999755859375</ele>
        <time>2026-09-26T07:25:28.000Z</time>
      </trkpt>
      <trkpt lat="40.163679085671901702880859375" lon="9.49103347957134246826171875">
        <ele>816.79998779296875</ele>
        <time>2026-09-26T07:25:32.000Z</time>
      </trkpt>
      <trkpt lat="40.1636819355189800262451171875" lon="9.491024427115917205810546875">
        <ele>816.5999755859375</ele>
        <time>2026-09-26T07:25:33.000Z</time>
      </trkpt>
      <trkpt lat="40.16369861550629138946533203125" lon="9.4909255206584930419921875">
        <ele>815.5999755859375</ele>
        <time>2026-09-26T07:25:41.000Z</time>
      </trkpt>
      <trkpt lat="40.16373641788959503173828125" lon="9.490892998874187469482421875">
        <ele>815.4000244140625</ele>
        <time>2026-09-26T07:25:45.000Z</time>
      </trkpt>
      <trkpt lat="40.16377271153032779693603515625" lon="9.490875564515590667724609375">
        <ele>815.4000244140625</ele>
        <time>2026-09-26T07:25:48.000Z</time>
      </trkpt>
      <trkpt lat="40.16378545202314853668212890625" lon="9.490854442119598388671875">
        <ele>815.20001220703125</ele>
        <time>2026-09-26T07:25:50.000Z</time>
      </trkpt>
      <trkpt lat="40.1637976057827472686767578125" lon="9.49080121703445911407470703125">
        <ele>814.4000244140625</ele>
        <time>2026-09-26T07:25:53.000Z</time>
      </trkpt>
      <trkpt lat="40.1638016290962696075439453125" lon="9.4907860457897186279296875">
        <ele>814</ele>
        <time>2026-09-26T07:25:54.000Z</time>
      </trkpt>
      <trkpt lat="40.16381143592298030853271484375" lon="9.490762241184711456298828125">
        <ele>813.20001220703125</ele>
        <time>2026-09-26T07:25:56.000Z</time>
      </trkpt>
      <trkpt lat="40.16384563408792018890380859375" lon="9.4907109439373016357421875">
        <ele>811.5999755859375</ele>
        <time>2026-09-26T07:26:01.000Z</time>
      </trkpt>
      <trkpt lat="40.163849405944347381591796875" lon="9.49069275520741939544677734375">
        <ele>811.20001220703125</ele>
        <time>2026-09-26T07:26:02.000Z</time>
      </trkpt>
      <trkpt lat="40.1638633199036121368408203125" lon="9.4906051643192768096923828125">
        <ele>809.4000244140625</ele>
        <time>2026-09-26T07:26:08.000Z</time>
      </trkpt>
      <trkpt lat="40.16388259828090667724609375" lon="9.490574486553668975830078125">
        <ele>809</ele>
        <time>2026-09-26T07:26:11.000Z</time>
      </trkpt>
      <trkpt lat="40.16392576508224010467529296875" lon="9.49054204858839511871337890625">
        <ele>808.20001220703125</ele>
        <time>2026-09-26T07:26:15.000Z</time>
      </trkpt>
      <trkpt lat="40.16396666876971721649169921875" lon="9.49047717265784740447998046875">
        <ele>806.79998779296875</ele>
        <time>2026-09-26T07:26:20.000Z</time>
      </trkpt>
      <trkpt lat="40.1639816723763942718505859375" lon="9.4904707185924053192138671875">
        <ele>806.5999755859375</ele>
        <time>2026-09-26T07:26:21.000Z</time>
      </trkpt>
      <trkpt lat="40.16399902291595935821533203125" lon="9.490449763834476470947265625">
        <ele>806.4000244140625</ele>
        <time>2026-09-26T07:26:23.000Z</time>
      </trkpt>
      <trkpt lat="40.1639994420111179351806640625" lon="9.49040140025317668914794921875">
        <ele>805.79998779296875</ele>
        <time>2026-09-26T07:26:26.000Z</time>
      </trkpt>
      <trkpt lat="40.16400237567722797393798828125" lon="9.49035077355802059173583984375">
        <ele>805.4000244140625</ele>
        <time>2026-09-26T07:26:29.000Z</time>
      </trkpt>
      <trkpt lat="40.16402986831963062286376953125" lon="9.49033065699040889739990234375">
        <ele>805.20001220703125</ele>
        <time>2026-09-26T07:26:32.000Z</time>
      </trkpt>
      <trkpt lat="40.16407278366386890411376953125" lon="9.49027684517204761505126953125">
        <ele>805</ele>
        <time>2026-09-26T07:26:38.000Z</time>
      </trkpt>
      <trkpt lat="40.164106227457523345947265625" lon="9.4901971332728862762451171875">
        <ele>803.79998779296875</ele>
        <time>2026-09-26T07:26:46.000Z</time>
      </trkpt>
      <trkpt lat="40.1641717739403247833251953125" lon="9.490142650902271270751953125">
        <ele>802.79998779296875</ele>
        <time>2026-09-26T07:26:52.000Z</time>
      </trkpt>
      <trkpt lat="40.16424360685050487518310546875" lon="9.490107782185077667236328125">
        <ele>802.20001220703125</ele>
        <time>2026-09-26T07:26:59.000Z</time>
      </trkpt>
      <trkpt lat="40.164283253252506256103515625" lon="9.4900338537991046905517578125">
        <ele>801.4000244140625</ele>
        <time>2026-09-26T07:27:04.000Z</time>
      </trkpt>
      <trkpt lat="40.16429171897470951080322265625" lon="9.4900003261864185333251953125">
        <ele>801</ele>
        <time>2026-09-26T07:27:06.000Z</time>
      </trkpt>
      <trkpt lat="40.1643152721226215362548828125" lon="9.48994760401546955108642578125">
        <ele>800.4000244140625</ele>
        <time>2026-09-26T07:27:09.000Z</time>
      </trkpt>
      <trkpt lat="40.164333544671535491943359375" lon="9.4898901879787445068359375">
        <ele>799.79998779296875</ele>
        <time>2026-09-26T07:27:12.000Z</time>
      </trkpt>
      <trkpt lat="40.164367742836475372314453125" lon="9.48978063650429248809814453125">
        <ele>798.5999755859375</ele>
        <time>2026-09-26T07:27:20.000Z</time>
      </trkpt>
      <trkpt lat="40.1643709279596805572509765625" lon="9.4897823967039585113525390625">
        <ele>798.5999755859375</ele>
        <time>2026-09-26T07:27:24.000Z</time>
      </trkpt>
      <trkpt lat="40.16436967067420482635498046875" lon="9.4897803850471973419189453125">
        <ele>798.5999755859375</ele>
        <time>2026-09-26T07:27:27.000Z</time>
      </trkpt>
      <trkpt lat="40.1643699221312999725341796875" lon="9.48977879248559474945068359375">
        <ele>798.5999755859375</ele>
        <time>2026-09-26T07:27:29.000Z</time>
      </trkpt>
      <trkpt lat="40.16436950303614139556884765625" lon="9.48977879248559474945068359375">
        <ele>798.5999755859375</ele>
        <time>2026-09-26T07:27:31.000Z</time>
      </trkpt>
      <trkpt lat="40.16436950303614139556884765625" lon="9.48977879248559474945068359375">
        <ele>798.5999755859375</ele>
        <time>2026-09-26T07:27:34.000Z</time>
      </trkpt>
      <trkpt lat="40.16436950303614139556884765625" lon="9.48977879248559474945068359375">
        <ele>798.5999755859375</ele>
        <time>2026-09-26T07:27:41.000Z</time>
      </trkpt>
      <trkpt lat="40.1643695868551731109619140625" lon="9.4897802174091339111328125">
        <ele>798.5999755859375</ele>
        <time>2026-09-26T07:27:55.000Z</time>
      </trkpt>
      <trkpt lat="40.16437252052128314971923828125" lon="9.48977594263851642608642578125">
        <ele>798.4000244140625</ele>
        <time>2026-09-26T07:28:21.000Z</time>
      </trkpt>
      <trkpt lat="40.1643726043403148651123046875" lon="9.4897746853530406951904296875">
        <ele>798.4000244140625</ele>
        <time>2026-09-26T07:28:26.000Z</time>
      </trkpt>
      <trkpt lat="40.1643726043403148651123046875" lon="9.4897746853530406951904296875">
        <ele>798.4000244140625</ele>
        <time>2026-09-26T07:28:27.000Z</time>
      </trkpt>
      <trkpt lat="40.16437344253063201904296875" lon="9.48974995873868465423583984375">
        <ele>798.20001220703125</ele>
        <time>2026-09-26T07:28:35.000Z</time>
      </trkpt>
      <trkpt lat="40.16437352634966373443603515625" lon="9.48967250995337963104248046875">
        <ele>797</ele>
        <time>2026-09-26T07:28:40.000Z</time>
      </trkpt>
      <trkpt lat="40.16435843892395496368408203125" lon="9.48955516330897808074951171875">
        <ele>795</ele>
        <time>2026-09-26T07:28:45.000Z</time>
      </trkpt>
      <trkpt lat="40.1643311977386474609375" lon="9.489523731172084808349609375">
        <ele>794.5999755859375</ele>
        <time>2026-09-26T07:28:48.000Z</time>
      </trkpt>
      <trkpt lat="40.164318792521953582763671875" lon="9.48951761238276958465576171875">
        <ele>794.4000244140625</ele>
        <time>2026-09-26T07:28:49.000Z</time>
      </trkpt>
      <trkpt lat="40.16430345363914966583251953125" lon="9.48949229903519153594970703125">
        <ele>794</ele>
        <time>2026-09-26T07:28:51.000Z</time>
      </trkpt>
      <trkpt lat="40.1642998494207859039306640625" lon="9.4894427619874477386474609375">
        <ele>793.20001220703125</ele>
        <time>2026-09-26T07:28:54.000Z</time>
      </trkpt>
      <trkpt lat="40.16429699957370758056640625" lon="9.48940940201282501220703125">
        <ele>792.5999755859375</ele>
        <time>2026-09-26T07:28:56.000Z</time>
      </trkpt>
      <trkpt lat="40.1642842590808868408203125" lon="9.489401690661907196044921875">
        <ele>792.4000244140625</ele>
        <time>2026-09-26T07:28:58.000Z</time>
      </trkpt>
      <trkpt lat="40.1642683334648609161376953125" lon="9.4893993437290191650390625">
        <ele>792.4000244140625</ele>
        <time>2026-09-26T07:29:00.000Z</time>
      </trkpt>
      <trkpt lat="40.1642539165914058685302734375" lon="9.4893884472548961639404296875">
        <ele>792.20001220703125</ele>
        <time>2026-09-26T07:29:02.000Z</time>
      </trkpt>
      <trkpt lat="40.1642512343823909759521484375" lon="9.48938551358878612518310546875">
        <ele>792.20001220703125</ele>
        <time>2026-09-26T07:29:06.000Z</time>
      </trkpt>
      <trkpt lat="40.16425584442913532257080078125" lon="9.48938216082751750946044921875">
        <ele>792</ele>
        <time>2026-09-26T07:29:10.000Z</time>
      </trkpt>
      <trkpt lat="40.164301693439483642578125" lon="9.48936648666858673095703125">
        <ele>791.5999755859375</ele>
        <time>2026-09-26T07:29:17.000Z</time>
      </trkpt>
      <trkpt lat="40.164316110312938690185546875" lon="9.4893197156488895416259765625">
        <ele>790.4000244140625</ele>
        <time>2026-09-26T07:29:21.000Z</time>
      </trkpt>
      <trkpt lat="40.1643182896077632904052734375" lon="9.48931016027927398681640625">
        <ele>790.20001220703125</ele>
        <time>2026-09-26T07:29:22.000Z</time>
      </trkpt>
      <trkpt lat="40.16431921161711215972900390625" lon="9.4893073104321956634521484375">
        <ele>790.20001220703125</ele>
        <time>2026-09-26T07:29:23.000Z</time>
      </trkpt>
      <trkpt lat="40.1643129251897335052490234375" lon="9.48929415084421634674072265625">
        <ele>790</ele>
        <time>2026-09-26T07:29:26.000Z</time>
      </trkpt>
      <trkpt lat="40.16428358852863311767578125" lon="9.48927126824855804443359375">
        <ele>789.5999755859375</ele>
        <time>2026-09-26T07:29:29.000Z</time>
      </trkpt>
      <trkpt lat="40.16427763737738132476806640625" lon="9.48925944976508617401123046875">
        <ele>789.4000244140625</ele>
        <time>2026-09-26T07:29:30.000Z</time>
      </trkpt>
      <trkpt lat="40.16427512280642986297607421875" lon="9.4892476312816143035888671875">
        <ele>789</ele>
        <time>2026-09-26T07:29:31.000Z</time>
      </trkpt>
      <trkpt lat="40.16426405869424343109130859375" lon="9.4891862757503986358642578125">
        <ele>787.79998779296875</ele>
        <time>2026-09-26T07:29:36.000Z</time>
      </trkpt>
      <trkpt lat="40.1642519049346446990966796875" lon="9.4891631416976451873779296875">
        <ele>787.4000244140625</ele>
        <time>2026-09-26T07:29:38.000Z</time>
      </trkpt>
      <trkpt lat="40.164234638214111328125" lon="9.48911326937377452850341796875">
        <ele>786.4000244140625</ele>
        <time>2026-09-26T07:29:43.000Z</time>
      </trkpt>
      <trkpt lat="40.164214186370372772216796875" lon="9.48906398378312587738037109375">
        <ele>785.4000244140625</ele>
        <time>2026-09-26T07:29:47.000Z</time>
      </trkpt>
      <trkpt lat="40.16418174840509891510009765625" lon="9.48903615586459636688232421875">
        <ele>784.79998779296875</ele>
        <time>2026-09-26T07:29:50.000Z</time>
      </trkpt>
      <trkpt lat="40.1641047187149524688720703125" lon="9.4889673404395580291748046875">
        <ele>783.5999755859375</ele>
        <time>2026-09-26T07:29:56.000Z</time>
      </trkpt>
      <trkpt lat="40.16408518888056278228759765625" lon="9.4889381714165210723876953125">
        <ele>783</ele>
        <time>2026-09-26T07:29:58.000Z</time>
      </trkpt>
      <trkpt lat="40.16405819915235042572021484375" lon="9.4889079965651035308837890625">
        <ele>782.4000244140625</ele>
        <time>2026-09-26T07:30:02.000Z</time>
      </trkpt>
      <trkpt lat="40.16405233182013034820556640625" lon="9.48890321888029575347900390625">
        <ele>782.20001220703125</ele>
        <time>2026-09-26T07:30:04.000Z</time>
      </trkpt>
      <trkpt lat="40.1640353165566921234130859375" lon="9.488925933837890625">
        <ele>782.4000244140625</ele>
        <time>2026-09-26T07:30:09.000Z</time>
      </trkpt>
      <trkpt lat="40.16403255052864551544189453125" lon="9.4889277778565883636474609375">
        <ele>782.4000244140625</ele>
        <time>2026-09-26T07:30:11.000Z</time>
      </trkpt>
      <trkpt lat="40.164031125605106353759765625" lon="9.48892660439014434814453125">
        <ele>782.4000244140625</ele>
        <time>2026-09-26T07:30:15.000Z</time>
      </trkpt>
      <trkpt lat="40.164040513336658477783203125" lon="9.48893129825592041015625">
        <ele>782.5999755859375</ele>
        <time>2026-09-26T07:30:17.000Z</time>
      </trkpt>
      <trkpt lat="40.16405920498073101043701171875" lon="9.4889328069984912872314453125">
        <ele>782.79998779296875</ele>
        <time>2026-09-26T07:30:20.000Z</time>
      </trkpt>
      <trkpt lat="40.16410379670560359954833984375" lon="9.48892199434340000152587890625">
        <ele>782.5999755859375</ele>
        <time>2026-09-26T07:30:27.000Z</time>
      </trkpt>
      <trkpt lat="40.1641367375850677490234375" lon="9.48890808038413524627685546875">
        <ele>782</ele>
        <time>2026-09-26T07:30:34.000Z</time>
      </trkpt>
      <trkpt lat="40.16414687968790531158447265625" lon="9.48890405707061290740966796875">
        <ele>781.79998779296875</ele>
        <time>2026-09-26T07:30:40.000Z</time>
      </trkpt>
      <trkpt lat="40.1641436107456684112548828125" lon="9.48889969848096370697021484375">
        <ele>781.5999755859375</ele>
        <time>2026-09-26T07:30:41.000Z</time>
      </trkpt>
      <trkpt lat="40.16414034180343151092529296875" lon="9.4888825155794620513916015625">
        <ele>781.20001220703125</ele>
        <time>2026-09-26T07:30:43.000Z</time>
      </trkpt>
      <trkpt lat="40.164140425622463226318359375" lon="9.48888008482754230499267578125">
        <ele>781.20001220703125</ele>
        <time>2026-09-26T07:30:46.000Z</time>
      </trkpt>
      <trkpt lat="40.16417068429291248321533203125" lon="9.4888764806091785430908203125">
        <ele>780.79998779296875</ele>
        <time>2026-09-26T07:30:52.000Z</time>
      </trkpt>
      <trkpt lat="40.16417906619608402252197265625" lon="9.48887337930500507354736328125">
        <ele>780.5999755859375</ele>
        <time>2026-09-26T07:30:53.000Z</time>
      </trkpt>
      <trkpt lat="40.16422189772129058837890625" lon="9.488841779530048370361328125">
        <ele>779.20001220703125</ele>
        <time>2026-09-26T07:30:57.000Z</time>
      </trkpt>
      <trkpt lat="40.1642344705760478973388671875" lon="9.4888414442539215087890625">
        <ele>779.20001220703125</ele>
        <time>2026-09-26T07:30:58.000Z</time>
      </trkpt>
      <trkpt lat="40.1642520725727081298828125" lon="9.4888520054519176483154296875">
        <ele>779.20001220703125</ele>
        <time>2026-09-26T07:31:00.000Z</time>
      </trkpt>
      <trkpt lat="40.1642616279423236846923828125" lon="9.4888644106686115264892578125">
        <ele>779.4000244140625</ele>
        <time>2026-09-26T07:31:01.000Z</time>
      </trkpt>
      <trkpt lat="40.16429171897470951080322265625" lon="9.4888969324529170989990234375">
        <ele>780</ele>
        <time>2026-09-26T07:31:04.000Z</time>
      </trkpt>
      <trkpt lat="40.1643045432865619659423828125" lon="9.48890338651835918426513671875">
        <ele>780</ele>
        <time>2026-09-26T07:31:06.000Z</time>
      </trkpt>
      <trkpt lat="40.1643236540257930755615234375" lon="9.48889299295842647552490234375">
        <ele>779.5999755859375</ele>
        <time>2026-09-26T07:31:13.000Z</time>
      </trkpt>
      <trkpt lat="40.1643367297947406768798828125" lon="9.48885393328964710235595703125">
        <ele>778.20001220703125</ele>
        <time>2026-09-26T07:31:19.000Z</time>
      </trkpt>
      <trkpt lat="40.16433848999440670013427734375" lon="9.4888280332088470458984375">
        <ele>777.5999755859375</ele>
        <time>2026-09-26T07:31:24.000Z</time>
      </trkpt>
      <trkpt lat="40.16436547972261905670166015625" lon="9.4888107664883136749267578125">
        <ele>776.4000244140625</ele>
        <time>2026-09-26T07:31:28.000Z</time>
      </trkpt>
      <trkpt lat="40.16437972895801067352294921875" lon="9.488807581365108489990234375">
        <ele>776</ele>
        <time>2026-09-26T07:31:30.000Z</time>
      </trkpt>
      <trkpt lat="40.16443303786218166351318359375" lon="9.4888382591307163238525390625">
        <ele>775.5999755859375</ele>
        <time>2026-09-26T07:31:37.000Z</time>
      </trkpt>
      <trkpt lat="40.164450220763683319091796875" lon="9.488848485052585601806640625">
        <ele>775.4000244140625</ele>
        <time>2026-09-26T07:31:44.000Z</time>
      </trkpt>
      <trkpt lat="40.16447377391159534454345703125" lon="9.4888781569898128509521484375">
        <ele>775.5999755859375</ele>
        <time>2026-09-26T07:31:54.000Z</time>
      </trkpt>
      <trkpt lat="40.16452205367386341094970703125" lon="9.48889986611902713775634765625">
        <ele>775.20001220703125</ele>
        <time>2026-09-26T07:32:16.000Z</time>
      </trkpt>
      <trkpt lat="40.1645556651055812835693359375" lon="9.488918222486972808837890625">
        <ele>774.79998779296875</ele>
        <time>2026-09-26T07:32:22.000Z</time>
      </trkpt>
      <trkpt lat="40.1645739376544952392578125" lon="9.48890690691769123077392578125">
        <ele>774</ele>
        <time>2026-09-26T07:32:26.000Z</time>
      </trkpt>
      <trkpt lat="40.16457854770123958587646484375" lon="9.4889110140502452850341796875">
        <ele>774</ele>
        <time>2026-09-26T07:32:27.000Z</time>
      </trkpt>
      <trkpt lat="40.16458324156701564788818359375" lon="9.48891964741051197052001953125">
        <ele>774.20001220703125</ele>
        <time>2026-09-26T07:32:28.000Z</time>
      </trkpt>
      <trkpt lat="40.1646418310701847076416015625" lon="9.48896147310733795166015625">
        <ele>774.20001220703125</ele>
        <time>2026-09-26T07:32:35.000Z</time>
      </trkpt>
      <trkpt lat="40.164717771112918853759765625" lon="9.48900413699448108673095703125">
        <ele>774</ele>
        <time>2026-09-26T07:32:42.000Z</time>
      </trkpt>
      <trkpt lat="40.16476429067552089691162109375" lon="9.489010088145732879638671875">
        <ele>773</ele>
        <time>2026-09-26T07:32:48.000Z</time>
      </trkpt>
      <trkpt lat="40.16478055156767368316650390625" lon="9.48900036513805389404296875">
        <ele>772.4000244140625</ele>
        <time>2026-09-26T07:32:50.000Z</time>
      </trkpt>
      <trkpt lat="40.1647913642227649688720703125" lon="9.48900145478546619415283203125">
        <ele>772</ele>
        <time>2026-09-26T07:32:51.000Z</time>
      </trkpt>
      <trkpt lat="40.16480485908687114715576171875" lon="9.489003717899322509765625">
        <ele>771.79998779296875</ele>
        <time>2026-09-26T07:32:54.000Z</time>
      </trkpt>
      <trkpt lat="40.16483570449054241180419921875" lon="9.4890169613063335418701171875">
        <ele>771.5999755859375</ele>
        <time>2026-09-26T07:33:00.000Z</time>
      </trkpt>
      <trkpt lat="40.16485230065882205963134765625" lon="9.4890179671347141265869140625">
        <ele>771.20001220703125</ele>
        <time>2026-09-26T07:33:02.000Z</time>
      </trkpt>
      <trkpt lat="40.16488934867084026336669921875" lon="9.4889757223427295684814453125">
        <ele>768.5999755859375</ele>
        <time>2026-09-26T07:33:06.000Z</time>
      </trkpt>
      <trkpt lat="40.16496621072292327880859375" lon="9.48891411535441875457763671875">
        <ele>765.4000244140625</ele>
        <time>2026-09-26T07:33:14.000Z</time>
      </trkpt>
      <trkpt lat="40.164977945387363433837890625" lon="9.4889004528522491455078125">
        <ele>765.4000244140625</ele>
        <time>2026-09-26T07:33:17.000Z</time>
      </trkpt>
      <trkpt lat="40.1650062762200832366943359375" lon="9.488885365426540374755859375">
        <ele>765.4000244140625</ele>
        <time>2026-09-26T07:33:20.000Z</time>
      </trkpt>
      <trkpt lat="40.16509898006916046142578125" lon="9.4888570345938205718994140625">
        <ele>765.79998779296875</ele>
        <time>2026-09-26T07:33:28.000Z</time>
      </trkpt>
      <trkpt lat="40.16515773721039295196533203125" lon="9.48884806595742702484130859375">
        <ele>766</ele>
        <time>2026-09-26T07:33:33.000Z</time>
      </trkpt>
      <trkpt lat="40.16517005860805511474609375" lon="9.4888754747807979583740234375">
        <ele>766</ele>
        <time>2026-09-26T07:33:35.000Z</time>
      </trkpt>
      <trkpt lat="40.165181122720241546630859375" lon="9.488906823098659515380859375">
        <ele>766.20001220703125</ele>
        <time>2026-09-26T07:33:38.000Z</time>
      </trkpt>
      <trkpt lat="40.1652149856090545654296875" lon="9.488923586905002593994140625">
        <ele>766.20001220703125</ele>
        <time>2026-09-26T07:33:42.000Z</time>
      </trkpt>
      <trkpt lat="40.16526636667549610137939453125" lon="9.488969855010509490966796875">
        <ele>766.5999755859375</ele>
        <time>2026-09-26T07:33:48.000Z</time>
      </trkpt>
      <trkpt lat="40.16528313048183917999267578125" lon="9.48898720555007457733154296875">
        <ele>766.79998779296875</ele>
        <time>2026-09-26T07:33:50.000Z</time>
      </trkpt>
      <trkpt lat="40.16531129367649555206298828125" lon="9.48901084251701831817626953125">
        <ele>767</ele>
        <time>2026-09-26T07:33:53.000Z</time>
      </trkpt>
      <trkpt lat="40.165333338081836700439453125" lon="9.48902442120015621185302734375">
        <ele>767.20001220703125</ele>
        <time>2026-09-26T07:33:55.000Z</time>
      </trkpt>
      <trkpt lat="40.16533962450921535491943359375" lon="9.48903598822653293609619140625">
        <ele>767.20001220703125</ele>
        <time>2026-09-26T07:33:56.000Z</time>
      </trkpt>
      <trkpt lat="40.16534297727048397064208984375" lon="9.4890481419861316680908203125">
        <ele>767.20001220703125</ele>
        <time>2026-09-26T07:33:57.000Z</time>
      </trkpt>
      <trkpt lat="40.16535454429686069488525390625" lon="9.48906817473471164703369140625">
        <ele>767.4000244140625</ele>
        <time>2026-09-26T07:33:59.000Z</time>
      </trkpt>
      <trkpt lat="40.16536745242774486541748046875" lon="9.489076137542724609375">
        <ele>767.4000244140625</ele>
        <time>2026-09-26T07:34:02.000Z</time>
      </trkpt>
      <trkpt lat="40.165368206799030303955078125" lon="9.4890746288001537322998046875">
        <ele>767.4000244140625</ele>
        <time>2026-09-26T07:34:07.000Z</time>
      </trkpt>
      <trkpt lat="40.1653697155416011810302734375" lon="9.48907538317143917083740234375">
        <ele>767.4000244140625</ele>
        <time>2026-09-26T07:34:10.000Z</time>
      </trkpt>
      <trkpt lat="40.16536988317966461181640625" lon="9.48907538317143917083740234375">
        <ele>767.4000244140625</ele>
        <time>2026-09-26T07:34:16.000Z</time>
      </trkpt>
      <trkpt lat="40.16536988317966461181640625" lon="9.48907538317143917083740234375">
        <ele>767.4000244140625</ele>
        <time>2026-09-26T07:34:24.000Z</time>
      </trkpt>
      <trkpt lat="40.1653700508177280426025390625" lon="9.489076472818851470947265625">
        <ele>767.4000244140625</ele>
        <time>2026-09-26T07:34:30.000Z</time>
      </trkpt>
      <trkpt lat="40.165370218455791473388671875" lon="9.4890766404569149017333984375">
        <ele>767.4000244140625</ele>
        <time>2026-09-26T07:34:33.000Z</time>
      </trkpt>
      <trkpt lat="40.165370218455791473388671875" lon="9.48907680809497833251953125">
        <ele>767.4000244140625</ele>
        <time>2026-09-26T07:34:36.000Z</time>
      </trkpt>
      <trkpt lat="40.16537063755095005035400390625" lon="9.48907680809497833251953125">
        <ele>767.4000244140625</ele>
        <time>2026-09-26T07:34:39.000Z</time>
      </trkpt>
      <trkpt lat="40.16537114046514034271240234375" lon="9.48907680809497833251953125">
        <ele>767.4000244140625</ele>
        <time>2026-09-26T07:34:41.000Z</time>
      </trkpt>
      <trkpt lat="40.16537181101739406585693359375" lon="9.48907689191401004791259765625">
        <ele>767.4000244140625</ele>
        <time>2026-09-26T07:34:44.000Z</time>
      </trkpt>
      <trkpt lat="40.16537248156964778900146484375" lon="9.4890773110091686248779296875">
        <ele>767.4000244140625</ele>
        <time>2026-09-26T07:34:52.000Z</time>
      </trkpt>
      <trkpt lat="40.16537298448383808135986328125" lon="9.48907773010432720184326171875">
        <ele>767.4000244140625</ele>
        <time>2026-09-26T07:34:56.000Z</time>
      </trkpt>
      <trkpt lat="40.16538052819669246673583984375" lon="9.4890801608562469482421875">
        <ele>767.4000244140625</ele>
        <time>2026-09-26T07:34:58.000Z</time>
      </trkpt>
      <trkpt lat="40.165421180427074432373046875" lon="9.48912969790399074554443359375">
        <ele>767.79998779296875</ele>
        <time>2026-09-26T07:35:04.000Z</time>
      </trkpt>
      <trkpt lat="40.16553123481571674346923828125" lon="9.48920957744121551513671875">
        <ele>767.79998779296875</ele>
        <time>2026-09-26T07:35:11.000Z</time>
      </trkpt>
      <trkpt lat="40.16554548405110836029052734375" lon="9.48922374285757541656494140625">
        <ele>767.79998779296875</ele>
        <time>2026-09-26T07:35:13.000Z</time>
      </trkpt>
      <trkpt lat="40.16555453650653362274169921875" lon="9.489219300448894500732421875">
        <ele>767.79998779296875</ele>
        <time>2026-09-26T07:35:16.000Z</time>
      </trkpt>
      <trkpt lat="40.1655859686434268951416015625" lon="9.48921091854572296142578125">
        <ele>767.79998779296875</ele>
        <time>2026-09-26T07:35:22.000Z</time>
      </trkpt>
      <trkpt lat="40.1656000502407550811767578125" lon="9.48922164738178253173828125">
        <ele>767.79998779296875</ele>
        <time>2026-09-26T07:35:27.000Z</time>
      </trkpt>
      <trkpt lat="40.1656191609799861907958984375" lon="9.489252828061580657958984375">
        <ele>767.5999755859375</ele>
        <time>2026-09-26T07:35:35.000Z</time>
      </trkpt>
      <trkpt lat="40.16561941243708133697509765625" lon="9.48925911448895931243896484375">
        <ele>767.5999755859375</ele>
        <time>2026-09-26T07:35:41.000Z</time>
      </trkpt>
      <trkpt lat="40.16561941243708133697509765625" lon="9.48925911448895931243896484375">
        <ele>767.5999755859375</ele>
        <time>2026-09-26T07:35:42.000Z</time>
      </trkpt>
      <trkpt lat="40.16561941243708133697509765625" lon="9.48925911448895931243896484375">
        <ele>767.5999755859375</ele>
        <time>2026-09-26T07:35:43.000Z</time>
      </trkpt>
      <trkpt lat="40.16561941243708133697509765625" lon="9.48925911448895931243896484375">
        <ele>767.5999755859375</ele>
        <time>2026-09-26T07:35:44.000Z</time>
      </trkpt>
      <trkpt lat="40.16561941243708133697509765625" lon="9.4892590306699275970458984375">
        <ele>767.5999755859375</ele>
        <time>2026-09-26T07:35:47.000Z</time>
      </trkpt>
      <trkpt lat="40.1656201668083667755126953125" lon="9.4892563484609127044677734375">
        <ele>767.5999755859375</ele>
        <time>2026-09-26T07:35:51.000Z</time>
      </trkpt>
      <trkpt lat="40.1656205020844936370849609375" lon="9.4892553426325321197509765625">
        <ele>767.5999755859375</ele>
        <time>2026-09-26T07:35:53.000Z</time>
      </trkpt>
      <trkpt lat="40.1656215079128742218017578125" lon="9.489254839718341827392578125">
        <ele>767.5999755859375</ele>
        <time>2026-09-26T07:35:55.000Z</time>
      </trkpt>
      <trkpt lat="40.1656298898160457611083984375" lon="9.48925056494772434234619140625">
        <ele>767.5999755859375</ele>
        <time>2026-09-26T07:36:07.000Z</time>
      </trkpt>
      <trkpt lat="40.1656319014728069305419921875" lon="9.48925056494772434234619140625">
        <ele>767.5999755859375</ele>
        <time>2026-09-26T07:36:09.000Z</time>
      </trkpt>
      <trkpt lat="40.16563416458666324615478515625" lon="9.48925056494772434234619140625">
        <ele>767.5999755859375</ele>
        <time>2026-09-26T07:36:13.000Z</time>
      </trkpt>
      <trkpt lat="40.1656342484056949615478515625" lon="9.4892506487667560577392578125">
        <ele>767.5999755859375</ele>
        <time>2026-09-26T07:36:19.000Z</time>
      </trkpt>
      <trkpt lat="40.165634416043758392333984375" lon="9.4892529956996440887451171875">
        <ele>767.5999755859375</ele>
        <time>2026-09-26T07:36:25.000Z</time>
      </trkpt>
      <trkpt lat="40.16563475131988525390625" lon="9.48925307951867580413818359375">
        <ele>767.5999755859375</ele>
        <time>2026-09-26T07:36:29.000Z</time>
      </trkpt>
      <trkpt lat="40.16563475131988525390625" lon="9.48925307951867580413818359375">
        <ele>767.5999755859375</ele>
        <time>2026-09-26T07:36:30.000Z</time>
      </trkpt>
      <trkpt lat="40.1656349189579486846923828125" lon="9.48925341479480266571044921875">
        <ele>767.5999755859375</ele>
        <time>2026-09-26T07:36:32.000Z</time>
      </trkpt>
      <trkpt lat="40.1655869744718074798583984375" lon="9.4892328791320323944091796875">
        <ele>767.79998779296875</ele>
        <time>2026-09-26T07:36:54.000Z</time>
      </trkpt>
      <trkpt lat="40.16556425951421260833740234375" lon="9.4892228208482265472412109375">
        <ele>767.79998779296875</ele>
        <time>2026-09-26T07:36:55.000Z</time>
      </trkpt>
      <trkpt lat="40.1655464060604572296142578125" lon="9.48921301402151584625244140625">
        <ele>767.79998779296875</ele>
        <time>2026-09-26T07:36:56.000Z</time>
      </trkpt>
      <trkpt lat="40.16550994478166103363037109375" lon="9.48919306509196758270263671875">
        <ele>767.79998779296875</ele>
        <time>2026-09-26T07:36:58.000Z</time>
      </trkpt>
      <trkpt lat="40.16542528755962848663330078125" lon="9.48916221968829631805419921875">
        <ele>768</ele>
        <time>2026-09-26T07:37:03.000Z</time>
      </trkpt>
      <trkpt lat="40.1653905026614665985107421875" lon="9.48915501125156879425048828125">
        <ele>768</ele>
        <time>2026-09-26T07:37:05.000Z</time>
      </trkpt>
      <trkpt lat="40.16535035334527492523193359375" lon="9.48914092965424060821533203125">
        <ele>767.79998779296875</ele>
        <time>2026-09-26T07:37:08.000Z</time>
      </trkpt>
      <trkpt lat="40.1653177477419376373291015625" lon="9.4891379959881305694580078125">
        <ele>767.79998779296875</ele>
        <time>2026-09-26T07:37:10.000Z</time>
      </trkpt>
      <trkpt lat="40.16527307219803333282470703125" lon="9.48914310894906520843505859375">
        <ele>767.79998779296875</ele>
        <time>2026-09-26T07:37:14.000Z</time>
      </trkpt>
      <trkpt lat="40.16522965393960475921630859375" lon="9.48913841508328914642333984375">
        <ele>767.79998779296875</ele>
        <time>2026-09-26T07:37:17.000Z</time>
      </trkpt>
      <trkpt lat="40.1651895046234130859375" lon="9.4891671650111675262451171875">
        <ele>768</ele>
        <time>2026-09-26T07:37:25.000Z</time>
      </trkpt>
      <trkpt lat="40.16515036113560199737548828125" lon="9.489179737865924835205078125">
        <ele>769.4000244140625</ele>
        <time>2026-09-26T07:37:30.000Z</time>
      </trkpt>
      <trkpt lat="40.1651195995509624481201171875" lon="9.48917680419981479644775390625">
        <ele>770</ele>
        <time>2026-09-26T07:37:33.000Z</time>
      </trkpt>
      <trkpt lat="40.16505396924912929534912109375" lon="9.48915266431868076324462890625">
        <ele>771</ele>
        <time>2026-09-26T07:37:39.000Z</time>
      </trkpt>
      <trkpt lat="40.16502630896866321563720703125" lon="9.4891450367867946624755859375">
        <ele>771.4000244140625</ele>
        <time>2026-09-26T07:37:42.000Z</time>
      </trkpt>
      <trkpt lat="40.16501960344612598419189453125" lon="9.4891467131674289703369140625">
        <ele>771.5999755859375</ele>
        <time>2026-09-26T07:37:43.000Z</time>
      </trkpt>
      <trkpt lat="40.16497157514095306396484375" lon="9.4891445338726043701171875">
        <ele>772.5999755859375</ele>
        <time>2026-09-26T07:37:48.000Z</time>
      </trkpt>
      <trkpt lat="40.16492865979671478271484375" lon="9.48913447558879852294921875">
        <ele>773.4000244140625</ele>
        <time>2026-09-26T07:37:53.000Z</time>
      </trkpt>
      <trkpt lat="40.16489722765982151031494140625" lon="9.4891083240509033203125">
        <ele>773.20001220703125</ele>
        <time>2026-09-26T07:37:56.000Z</time>
      </trkpt>
      <trkpt lat="40.16488708555698394775390625" lon="9.4890957511961460113525390625">
        <ele>773</ele>
        <time>2026-09-26T07:37:57.000Z</time>
      </trkpt>
      <trkpt lat="40.16488172113895416259765625" lon="9.48908443562686443328857421875">
        <ele>772.79998779296875</ele>
        <time>2026-09-26T07:37:58.000Z</time>
      </trkpt>
      <trkpt lat="40.1648654602468013763427734375" lon="9.489065073430538177490234375">
        <ele>772.4000244140625</ele>
        <time>2026-09-26T07:38:01.000Z</time>
      </trkpt>
      <trkpt lat="40.1648486964404582977294921875" lon="9.48905644007027149200439453125">
        <ele>772.5999755859375</ele>
        <time>2026-09-26T07:38:03.000Z</time>
      </trkpt>
      <trkpt lat="40.16482413746416568756103515625" lon="9.4890498183667659759521484375">
        <ele>773</ele>
        <time>2026-09-26T07:38:06.000Z</time>
      </trkpt>
      <trkpt lat="40.1648091338574886322021484375" lon="9.48904462158679962158203125">
        <ele>773.20001220703125</ele>
        <time>2026-09-26T07:38:08.000Z</time>
      </trkpt>
      <trkpt lat="40.1647846587002277374267578125" lon="9.4890441186726093292236328125">
        <ele>773.79998779296875</ele>
        <time>2026-09-26T07:38:11.000Z</time>
      </trkpt>
      <trkpt lat="40.16473880968987941741943359375" lon="9.48903246782720088958740234375">
        <ele>774.4000244140625</ele>
        <time>2026-09-26T07:38:16.000Z</time>
      </trkpt>
      <trkpt lat="40.16470762901008129119873046875" lon="9.48902961798012256622314453125">
        <ele>775</ele>
        <time>2026-09-26T07:38:19.000Z</time>
      </trkpt>
      <trkpt lat="40.164682902395725250244140625" lon="9.48902844451367855072021484375">
        <ele>775.4000244140625</ele>
        <time>2026-09-26T07:38:22.000Z</time>
      </trkpt>
      <trkpt lat="40.16465046443045139312744140625" lon="9.48902207426726818084716796875">
        <ele>776</ele>
        <time>2026-09-26T07:38:27.000Z</time>
      </trkpt>
      <trkpt lat="40.164605118334293365478515625" lon="9.48899843730032444000244140625">
        <ele>776.20001220703125</ele>
        <time>2026-09-26T07:38:32.000Z</time>
      </trkpt>
      <trkpt lat="40.1645925454795360565185546875" lon="9.4889864511787891387939453125">
        <ele>776.20001220703125</ele>
        <time>2026-09-26T07:38:34.000Z</time>
      </trkpt>
      <trkpt lat="40.164552144706249237060546875" lon="9.4889633171260356903076171875">
        <ele>776.4000244140625</ele>
        <time>2026-09-26T07:38:39.000Z</time>
      </trkpt>
      <trkpt lat="40.16452825628221035003662109375" lon="9.4889514148235321044921875">
        <ele>776.5999755859375</ele>
        <time>2026-09-26T07:38:43.000Z</time>
      </trkpt>
      <trkpt lat="40.16447938978672027587890625" lon="9.48892316780984401702880859375">
        <ele>777</ele>
        <time>2026-09-26T07:38:51.000Z</time>
      </trkpt>
      <trkpt lat="40.16445281915366649627685546875" lon="9.4888908974826335906982421875">
        <ele>776.5999755859375</ele>
        <time>2026-09-26T07:38:58.000Z</time>
      </trkpt>
      <trkpt lat="40.16442247666418552398681640625" lon="9.48888695798814296722412109375">
        <ele>777.20001220703125</ele>
        <time>2026-09-26T07:39:04.000Z</time>
      </trkpt>
      <trkpt lat="40.164418034255504608154296875" lon="9.4888798333704471588134765625">
        <ele>777.20001220703125</ele>
        <time>2026-09-26T07:39:05.000Z</time>
      </trkpt>
      <trkpt lat="40.1644084788858890533447265625" lon="9.488869272172451019287109375">
        <ele>777</ele>
        <time>2026-09-26T07:39:11.000Z</time>
      </trkpt>
      <trkpt lat="40.16438911668956279754638671875" lon="9.4888691045343875885009765625">
        <ele>777.5999755859375</ele>
        <time>2026-09-26T07:39:13.000Z</time>
      </trkpt>
      <trkpt lat="40.16434167511761188507080078125" lon="9.48883901350200176239013671875">
        <ele>777.79998779296875</ele>
        <time>2026-09-26T07:39:22.000Z</time>
      </trkpt>
      <trkpt lat="40.16431552357971668243408203125" lon="9.48881822638213634490966796875">
        <ele>777.5999755859375</ele>
        <time>2026-09-26T07:39:27.000Z</time>
      </trkpt>
      <trkpt lat="40.164296664297580718994140625" lon="9.48882468044757843017578125">
        <ele>778</ele>
        <time>2026-09-26T07:39:32.000Z</time>
      </trkpt>
      <trkpt lat="40.1642552576959133148193359375" lon="9.4888548552989959716796875">
        <ele>779.20001220703125</ele>
        <time>2026-09-26T07:39:40.000Z</time>
      </trkpt>
      <trkpt lat="40.164207480847835540771484375" lon="9.48885929770767688751220703125">
        <ele>779.79998779296875</ele>
        <time>2026-09-26T07:39:47.000Z</time>
      </trkpt>
      <trkpt lat="40.164167582988739013671875" lon="9.48888595215976238250732421875">
        <ele>781</ele>
        <time>2026-09-26T07:39:55.000Z</time>
      </trkpt>
      <trkpt lat="40.16415174119174480438232421875" lon="9.48892668820917606353759765625">
        <ele>782.4000244140625</ele>
        <time>2026-09-26T07:40:01.000Z</time>
      </trkpt>
      <trkpt lat="40.164131708443164825439453125" lon="9.48897622525691986083984375">
        <ele>783.79998779296875</ele>
        <time>2026-09-26T07:40:10.000Z</time>
      </trkpt>
      <trkpt lat="40.16415727324783802032470703125" lon="9.48902592994272708892822265625">
        <ele>784.79998779296875</ele>
        <time>2026-09-26T07:40:16.000Z</time>
      </trkpt>
      <trkpt lat="40.164178311824798583984375" lon="9.48909633792936801910400390625">
        <ele>786.20001220703125</ele>
        <time>2026-09-26T07:40:23.000Z</time>
      </trkpt>
      <trkpt lat="40.16419733874499797821044921875" lon="9.48915501125156879425048828125">
        <ele>787.4000244140625</ele>
        <time>2026-09-26T07:40:31.000Z</time>
      </trkpt>
      <trkpt lat="40.1642386615276336669921875" lon="9.4891936518251895904541015625">
        <ele>788</ele>
        <time>2026-09-26T07:40:38.000Z</time>
      </trkpt>
      <trkpt lat="40.16425617970526218414306640625" lon="9.48922843672335147857666015625">
        <ele>788.79998779296875</ele>
        <time>2026-09-26T07:40:43.000Z</time>
      </trkpt>
      <trkpt lat="40.1642539165914058685302734375" lon="9.4892375729978084564208984375">
        <ele>789</ele>
        <time>2026-09-26T07:40:44.000Z</time>
      </trkpt>
      <trkpt lat="40.1642622984945774078369140625" lon="9.48924905620515346527099609375">
        <ele>789.20001220703125</ele>
        <time>2026-09-26T07:40:49.000Z</time>
      </trkpt>
      <trkpt lat="40.16426087357103824615478515625" lon="9.489245451986789703369140625">
        <ele>789</ele>
        <time>2026-09-26T07:40:53.000Z</time>
      </trkpt>
      <trkpt lat="40.1642599515616893768310546875" lon="9.48924402706325054168701171875">
        <ele>789</ele>
        <time>2026-09-26T07:40:56.000Z</time>
      </trkpt>
      <trkpt lat="40.16426003538072109222412109375" lon="9.48924402706325054168701171875">
        <ele>789</ele>
        <time>2026-09-26T07:41:03.000Z</time>
      </trkpt>
      <trkpt lat="40.16426070593297481536865234375" lon="9.48924402706325054168701171875">
        <ele>789</ele>
        <time>2026-09-26T07:41:05.000Z</time>
      </trkpt>
      <trkpt lat="40.16426087357103824615478515625" lon="9.48924402706325054168701171875">
        <ele>789</ele>
        <time>2026-09-26T07:41:06.000Z</time>
      </trkpt>
      <trkpt lat="40.16426087357103824615478515625" lon="9.48924402706325054168701171875">
        <ele>789</ele>
        <time>2026-09-26T07:41:08.000Z</time>
      </trkpt>
      <trkpt lat="40.16426087357103824615478515625" lon="9.48924402706325054168701171875">
        <ele>789</ele>
        <time>2026-09-26T07:41:10.000Z</time>
      </trkpt>
      <trkpt lat="40.16426087357103824615478515625" lon="9.48924369178712368011474609375">
        <ele>789</ele>
        <time>2026-09-26T07:41:13.000Z</time>
      </trkpt>
      <trkpt lat="40.16426087357103824615478515625" lon="9.48924318887293338775634765625">
        <ele>789</ele>
        <time>2026-09-26T07:41:16.000Z</time>
      </trkpt>
      <trkpt lat="40.164260454475879669189453125" lon="9.48924302123486995697021484375">
        <ele>789</ele>
        <time>2026-09-26T07:41:18.000Z</time>
      </trkpt>
      <trkpt lat="40.1642599515616893768310546875" lon="9.4892429374158382415771484375">
        <ele>789</ele>
        <time>2026-09-26T07:41:21.000Z</time>
      </trkpt>
      <trkpt lat="40.1642596162855625152587890625" lon="9.4892426021397113800048828125">
        <ele>789</ele>
        <time>2026-09-26T07:41:25.000Z</time>
      </trkpt>
      <trkpt lat="40.1642596162855625152587890625" lon="9.48924184776842594146728515625">
        <ele>789</ele>
        <time>2026-09-26T07:41:30.000Z</time>
      </trkpt>
      <trkpt lat="40.16425944864749908447265625" lon="9.4892412610352039337158203125">
        <ele>789</ele>
        <time>2026-09-26T07:41:32.000Z</time>
      </trkpt>
      <trkpt lat="40.164259113371372222900390625" lon="9.48924084194004535675048828125">
        <ele>789</ele>
        <time>2026-09-26T07:41:35.000Z</time>
      </trkpt>
      <trkpt lat="40.16425944864749908447265625" lon="9.48924017138779163360595703125">
        <ele>789</ele>
        <time>2026-09-26T07:41:39.000Z</time>
      </trkpt>
      <trkpt lat="40.1642596162855625152587890625" lon="9.48924017138779163360595703125">
        <ele>789</ele>
        <time>2026-09-26T07:41:44.000Z</time>
      </trkpt>
      <trkpt lat="40.1642596162855625152587890625" lon="9.48924000374972820281982421875">
        <ele>789</ele>
        <time>2026-09-26T07:41:48.000Z</time>
      </trkpt>
      <trkpt lat="40.1642592810094356536865234375" lon="9.4892395846545696258544921875">
        <ele>789</ele>
        <time>2026-09-26T07:41:53.000Z</time>
      </trkpt>
      <trkpt lat="40.16425852663815021514892578125" lon="9.4892412610352039337158203125">
        <ele>789</ele>
        <time>2026-09-26T07:42:09.000Z</time>
      </trkpt>
      <trkpt lat="40.1642733626067638397216796875" lon="9.48930840007960796356201171875">
        <ele>790.4000244140625</ele>
        <time>2026-09-26T07:42:15.000Z</time>
      </trkpt>
      <trkpt lat="40.16429540701210498809814453125" lon="9.48943999595940113067626953125">
        <ele>793.20001220703125</ele>
        <time>2026-09-26T07:42:22.000Z</time>
      </trkpt>
      <trkpt lat="40.16432893462479114532470703125" lon="9.48948425240814685821533203125">
        <ele>793.79998779296875</ele>
        <time>2026-09-26T07:42:28.000Z</time>
      </trkpt>
      <trkpt lat="40.16436179168522357940673828125" lon="9.4895369745790958404541015625">
        <ele>794.5999755859375</ele>
        <time>2026-09-26T07:42:32.000Z</time>
      </trkpt>
      <trkpt lat="40.164371430873870849609375" lon="9.4895762018859386444091796875">
        <ele>795.20001220703125</ele>
        <time>2026-09-26T07:42:34.000Z</time>
      </trkpt>
      <trkpt lat="40.16437319107353687286376953125" lon="9.48959221132099628448486328125">
        <ele>795.4000244140625</ele>
        <time>2026-09-26T07:42:35.000Z</time>
      </trkpt>
      <trkpt lat="40.16442708671092987060546875" lon="9.48972858488559722900390625">
        <ele>797.4000244140625</ele>
        <time>2026-09-26T07:42:45.000Z</time>
      </trkpt>
      <trkpt lat="40.1645311899483203887939453125" lon="9.4897686503827571868896484375">
        <ele>796.79998779296875</ele>
        <time>2026-09-26T07:42:54.000Z</time>
      </trkpt>
      <trkpt lat="40.16462230123579502105712890625" lon="9.48978784494102001190185546875">
        <ele>796</ele>
        <time>2026-09-26T07:43:02.000Z</time>
      </trkpt>
      <trkpt lat="40.164631940424442291259765625" lon="9.4897936284542083740234375">
        <ele>796</ele>
        <time>2026-09-26T07:43:03.000Z</time>
      </trkpt>
      <trkpt lat="40.16464057378470897674560546875" lon="9.489799328148365020751953125">
        <ele>796</ele>
        <time>2026-09-26T07:43:09.000Z</time>
      </trkpt>
      <trkpt lat="40.16462146304547786712646484375" lon="9.4898041896522045135498046875">
        <ele>796.4000244140625</ele>
        <time>2026-09-26T07:43:12.000Z</time>
      </trkpt>
      <trkpt lat="40.16459816135466098785400390625" lon="9.4898031838238239288330078125">
        <ele>796.5999755859375</ele>
        <time>2026-09-26T07:43:14.000Z</time>
      </trkpt>
      <trkpt lat="40.1645720936357975006103515625" lon="9.4898041896522045135498046875">
        <ele>796.79998779296875</ele>
        <time>2026-09-26T07:43:16.000Z</time>
      </trkpt>
      <trkpt lat="40.164498500525951385498046875" lon="9.48979069478809833526611328125">
        <ele>797.4000244140625</ele>
        <time>2026-09-26T07:43:23.000Z</time>
      </trkpt>
      <trkpt lat="40.1643846742808818817138671875" lon="9.48978415690362453460693359375">
        <ele>798.4000244140625</ele>
        <time>2026-09-26T07:43:31.000Z</time>
      </trkpt>
      <trkpt lat="40.16435458324849605560302734375" lon="9.48979874141514301300048828125">
        <ele>798.79998779296875</ele>
        <time>2026-09-26T07:43:34.000Z</time>
      </trkpt>
      <trkpt lat="40.16435123048722743988037109375" lon="9.48981299065053462982177734375">
        <ele>799</ele>
        <time>2026-09-26T07:43:36.000Z</time>
      </trkpt>
      <trkpt lat="40.16434653662145137786865234375" lon="9.48983729816973209381103515625">
        <ele>799.20001220703125</ele>
        <time>2026-09-26T07:43:38.000Z</time>
      </trkpt>
      <trkpt lat="40.16432524658739566802978515625" lon="9.48989245109260082244873046875">
        <ele>799.79998779296875</ele>
        <time>2026-09-26T07:43:43.000Z</time>
      </trkpt>
      <trkpt lat="40.16432113945484161376953125" lon="9.48990535922348499298095703125">
        <ele>800</ele>
        <time>2026-09-26T07:43:44.000Z</time>
      </trkpt>
      <trkpt lat="40.16429037787020206451416015625" lon="9.489990435540676116943359375">
        <ele>801</ele>
        <time>2026-09-26T07:43:51.000Z</time>
      </trkpt>
      <trkpt lat="40.1642770506441593170166015625" lon="9.49006143026053905487060546875">
        <ele>801.5999755859375</ele>
        <time>2026-09-26T07:43:57.000Z</time>
      </trkpt>
      <trkpt lat="40.1642773859202861785888671875" lon="9.49006662704050540924072265625">
        <ele>801.79998779296875</ele>
        <time>2026-09-26T07:43:58.000Z</time>
      </trkpt>
      <trkpt lat="40.1642790623009204864501953125" lon="9.49007190763950347900390625">
        <ele>801.79998779296875</ele>
        <time>2026-09-26T07:44:00.000Z</time>
      </trkpt>
      <trkpt lat="40.16427964903414249420166015625" lon="9.49007282964885234832763671875">
        <ele>801.79998779296875</ele>
        <time>2026-09-26T07:44:02.000Z</time>
      </trkpt>
      <trkpt lat="40.16428903676569461822509765625" lon="9.49007517658174037933349609375">
        <ele>801.79998779296875</ele>
        <time>2026-09-26T07:44:05.000Z</time>
      </trkpt>
      <trkpt lat="40.1643176190555095672607421875" lon="9.49011079967021942138671875">
        <ele>802.20001220703125</ele>
        <time>2026-09-26T07:44:10.000Z</time>
      </trkpt>
      <trkpt lat="40.16433144919574260711669921875" lon="9.490117169916629791259765625">
        <ele>802.20001220703125</ele>
        <time>2026-09-26T07:44:11.000Z</time>
      </trkpt>
      <trkpt lat="40.16434201039373874664306640625" lon="9.49012815020978450775146484375">
        <ele>802.4000244140625</ele>
        <time>2026-09-26T07:44:12.000Z</time>
      </trkpt>
      <trkpt lat="40.16438391990959644317626953125" lon="9.49018531478941440582275390625">
        <ele>802.5999755859375</ele>
        <time>2026-09-26T07:44:18.000Z</time>
      </trkpt>
      <trkpt lat="40.16440822742879390716552734375" lon="9.490255303680896759033203125">
        <ele>803</ele>
        <time>2026-09-26T07:44:23.000Z</time>
      </trkpt>
      <trkpt lat="40.16440453939139842987060546875" lon="9.49030031450092792510986328125">
        <ele>803.4000244140625</ele>
        <time>2026-09-26T07:44:27.000Z</time>
      </trkpt>
      <trkpt lat="40.16443169675767421722412109375" lon="9.490344487130641937255859375">
        <ele>803.4000244140625</ele>
        <time>2026-09-26T07:44:33.000Z</time>
      </trkpt>
      <trkpt lat="40.164444856345653533935546875" lon="9.4903493486344814300537109375">
        <ele>803.20001220703125</ele>
        <time>2026-09-26T07:44:34.000Z</time>
      </trkpt>
      <trkpt lat="40.164464972913265228271484375" lon="9.4903729856014251708984375">
        <ele>803</ele>
        <time>2026-09-26T07:44:36.000Z</time>
      </trkpt>
      <trkpt lat="40.1644855923950672149658203125" lon="9.49040626175701618194580078125">
        <ele>803</ele>
        <time>2026-09-26T07:44:39.000Z</time>
      </trkpt>
      <trkpt lat="40.1645161025226116180419921875" lon="9.4904609955847263336181640625">
        <ele>803</ele>
        <time>2026-09-26T07:44:44.000Z</time>
      </trkpt>
      <trkpt lat="40.16451819799840450286865234375" lon="9.49047381989657878875732421875">
        <ele>803</ele>
        <time>2026-09-26T07:44:45.000Z</time>
      </trkpt>
      <trkpt lat="40.1645100675523281097412109375" lon="9.49049770832061767578125">
        <ele>803.4000244140625</ele>
        <time>2026-09-26T07:44:47.000Z</time>
      </trkpt>
      <trkpt lat="40.1645068824291229248046875" lon="9.49050969444215297698974609375">
        <ele>803.4000244140625</ele>
        <time>2026-09-26T07:44:53.000Z</time>
      </trkpt>
      <trkpt lat="40.164550803601741790771484375" lon="9.49054137803614139556884765625">
        <ele>803</ele>
        <time>2026-09-26T07:45:02.000Z</time>
      </trkpt>
      <trkpt lat="40.16459363512694835662841796875" lon="9.49060306884348392486572265625">
        <ele>802.79998779296875</ele>
        <time>2026-09-26T07:45:10.000Z</time>
      </trkpt>
      <trkpt lat="40.1645935513079166412353515625" lon="9.49060298502445220947265625">
        <ele>802.79998779296875</ele>
        <time>2026-09-26T07:45:15.000Z</time>
      </trkpt>
      <trkpt lat="40.164595730602741241455078125" lon="9.49060407467186450958251953125">
        <ele>802.79998779296875</ele>
        <time>2026-09-26T07:45:19.000Z</time>
      </trkpt>
      <trkpt lat="40.164595730602741241455078125" lon="9.49060407467186450958251953125">
        <ele>802.79998779296875</ele>
        <time>2026-09-26T07:45:22.000Z</time>
      </trkpt>
      <trkpt lat="40.16460587270557880401611328125" lon="9.4906143844127655029296875">
        <ele>802.79998779296875</ele>
        <time>2026-09-26T07:45:31.000Z</time>
      </trkpt>
      <trkpt lat="40.16467896290123462677001953125" lon="9.49068672023713588714599609375">
        <ele>802</ele>
        <time>2026-09-26T07:45:37.000Z</time>
      </trkpt>
      <trkpt lat="40.16469555906951427459716796875" lon="9.4906980358064174652099609375">
        <ele>801.79998779296875</ele>
        <time>2026-09-26T07:45:38.000Z</time>
      </trkpt>
      <trkpt lat="40.164784491062164306640625" lon="9.4907674379646778106689453125">
        <ele>800.79998779296875</ele>
        <time>2026-09-26T07:45:46.000Z</time>
      </trkpt>
      <trkpt lat="40.16482807695865631103515625" lon="9.49083910323679447174072265625">
        <ele>800.4000244140625</ele>
        <time>2026-09-26T07:45:53.000Z</time>
      </trkpt>
      <trkpt lat="40.16482950188219547271728515625" lon="9.490850083529949188232421875">
        <ele>800.5999755859375</ele>
        <time>2026-09-26T07:45:55.000Z</time>
      </trkpt>
      <trkpt lat="40.16483101062476634979248046875" lon="9.49085033498704433441162109375">
        <ele>800.5999755859375</ele>
        <time>2026-09-26T07:45:56.000Z</time>
      </trkpt>
      <trkpt lat="40.16484542749822139739990234375" lon="9.49085502885282039642333984375">
        <ele>800.20001220703125</ele>
        <time>2026-09-26T07:45:59.000Z</time>
      </trkpt>
      <trkpt lat="40.1648547314107418060302734375" lon="9.4908532686531543731689453125">
        <ele>800.20001220703125</ele>
        <time>2026-09-26T07:46:07.000Z</time>
      </trkpt>
      <trkpt lat="40.1648547314107418060302734375" lon="9.4908532686531543731689453125">
        <ele>800.20001220703125</ele>
        <time>2026-09-26T07:46:18.000Z</time>
      </trkpt>
      <trkpt lat="40.1648547314107418060302734375" lon="9.4908532686531543731689453125">
        <ele>800.20001220703125</ele>
        <time>2026-09-26T07:46:20.000Z</time>
      </trkpt>
      <trkpt lat="40.16485531814396381378173828125" lon="9.4908532686531543731689453125">
        <ele>800</ele>
        <time>2026-09-26T07:46:23.000Z</time>
      </trkpt>
      <trkpt lat="40.16485548578202724456787109375" lon="9.4908532686531543731689453125">
        <ele>800</ele>
        <time>2026-09-26T07:46:24.000Z</time>
      </trkpt>
      <trkpt lat="40.1648567430675029754638671875" lon="9.49085318483412265777587890625">
        <ele>800</ele>
        <time>2026-09-26T07:46:27.000Z</time>
      </trkpt>
      <trkpt lat="40.16485749743878841400146484375" lon="9.4908531010150909423828125">
        <ele>800</ele>
        <time>2026-09-26T07:46:29.000Z</time>
      </trkpt>
      <trkpt lat="40.16491265036165714263916015625" lon="9.49085352011024951934814453125">
        <ele>799.20001220703125</ele>
        <time>2026-09-26T07:46:33.000Z</time>
      </trkpt>
      <trkpt lat="40.16495950520038604736328125" lon="9.49088922701776027679443359375">
        <ele>798.79998779296875</ele>
        <time>2026-09-26T07:46:37.000Z</time>
      </trkpt>
      <trkpt lat="40.164983980357646942138671875" lon="9.4908960163593292236328125">
        <ele>798.5999755859375</ele>
        <time>2026-09-26T07:46:39.000Z</time>
      </trkpt>
      <trkpt lat="40.16499102115631103515625" lon="9.490907751023769378662109375">
        <ele>798.5999755859375</ele>
        <time>2026-09-26T07:46:40.000Z</time>
      </trkpt>
      <trkpt lat="40.16499898396432399749755859375" lon="9.49093650095164775848388671875">
        <ele>798.79998779296875</ele>
        <time>2026-09-26T07:46:42.000Z</time>
      </trkpt>
      <trkpt lat="40.16501474194228649139404296875" lon="9.490957371890544891357421875">
        <ele>798.79998779296875</ele>
        <time>2026-09-26T07:46:44.000Z</time>
      </trkpt>
      <trkpt lat="40.1650361157953739166259765625" lon="9.4909769855439662933349609375">
        <ele>798.5999755859375</ele>
        <time>2026-09-26T07:46:46.000Z</time>
      </trkpt>
      <trkpt lat="40.1650797016918659210205078125" lon="9.4909934140741825103759765625">
        <ele>798.20001220703125</ele>
        <time>2026-09-26T07:46:50.000Z</time>
      </trkpt>
      <trkpt lat="40.16513695009052753448486328125" lon="9.491025097668170928955078125">
        <ele>797.79998779296875</ele>
        <time>2026-09-26T07:46:56.000Z</time>
      </trkpt>
      <trkpt lat="40.16515589319169521331787109375" lon="9.4910437054932117462158203125">
        <ele>797.79998779296875</ele>
        <time>2026-09-26T07:46:58.000Z</time>
      </trkpt>
      <trkpt lat="40.16517047770321369171142578125" lon="9.4910784065723419189453125">
        <ele>797.79998779296875</ele>
        <time>2026-09-26T07:47:01.000Z</time>
      </trkpt>
      <trkpt lat="40.16519998200237751007080078125" lon="9.4910896383225917816162109375">
        <ele>797.79998779296875</ele>
        <time>2026-09-26T07:47:04.000Z</time>
      </trkpt>
      <trkpt lat="40.16524775885045528411865234375" lon="9.49112609960138797760009765625">
        <ele>798</ele>
        <time>2026-09-26T07:47:09.000Z</time>
      </trkpt>
      <trkpt lat="40.165267288684844970703125" lon="9.49113674461841583251953125">
        <ele>798</ele>
        <time>2026-09-26T07:47:11.000Z</time>
      </trkpt>
      <trkpt lat="40.1653261296451091766357421875" lon="9.4911669194698333740234375">
        <ele>798.20001220703125</ele>
        <time>2026-09-26T07:47:17.000Z</time>
      </trkpt>
      <trkpt lat="40.165336020290851593017578125" lon="9.49117102660238742828369140625">
        <ele>798.20001220703125</ele>
        <time>2026-09-26T07:47:18.000Z</time>
      </trkpt>
      <trkpt lat="40.16534708440303802490234375" lon="9.49117152951657772064208984375">
        <ele>798</ele>
        <time>2026-09-26T07:47:19.000Z</time>
      </trkpt>
      <trkpt lat="40.16540206968784332275390625" lon="9.49115526862442493438720703125">
        <ele>797.79998779296875</ele>
        <time>2026-09-26T07:47:24.000Z</time>
      </trkpt>
      <trkpt lat="40.16541791148483753204345703125" lon="9.49114956893026828765869140625">
        <ele>797.5999755859375</ele>
        <time>2026-09-26T07:47:26.000Z</time>
      </trkpt>
      <trkpt lat="40.16543450765311717987060546875" lon="9.49114671908318996429443359375">
        <ele>797.5999755859375</ele>
        <time>2026-09-26T07:47:27.000Z</time>
      </trkpt>
      <trkpt lat="40.1655135490000247955322265625" lon="9.49114806018769741058349609375">
        <ele>797.4000244140625</ele>
        <time>2026-09-26T07:47:35.000Z</time>
      </trkpt>
      <trkpt lat="40.16553408466279506683349609375" lon="9.4911483116447925567626953125">
        <ele>797.5999755859375</ele>
        <time>2026-09-26T07:47:37.000Z</time>
      </trkpt>
      <trkpt lat="40.1655692048370838165283203125" lon="9.49114906601607799530029296875">
        <ele>797.5999755859375</ele>
        <time>2026-09-26T07:47:40.000Z</time>
      </trkpt>
      <trkpt lat="40.1656067557632923126220703125" lon="9.4911613874137401580810546875">
        <ele>797.79998779296875</ele>
        <time>2026-09-26T07:47:44.000Z</time>
      </trkpt>
      <trkpt lat="40.1656119525432586669921875" lon="9.49117270298302173614501953125">
        <ele>798</ele>
        <time>2026-09-26T07:47:50.000Z</time>
      </trkpt>
      <trkpt lat="40.16561740078032016754150390625" lon="9.49117697775363922119140625">
        <ele>798</ele>
        <time>2026-09-26T07:47:55.000Z</time>
      </trkpt>
      <trkpt lat="40.16563315875828266143798828125" lon="9.4911791570484638214111328125">
        <ele>798.20001220703125</ele>
        <time>2026-09-26T07:47:58.000Z</time>
      </trkpt>
      <trkpt lat="40.1656808517873287200927734375" lon="9.49120773933827877044677734375">
        <ele>798.4000244140625</ele>
        <time>2026-09-26T07:48:05.000Z</time>
      </trkpt>
      <trkpt lat="40.16571429558098316192626953125" lon="9.4912317954003810882568359375">
        <ele>798.79998779296875</ele>
        <time>2026-09-26T07:48:10.000Z</time>
      </trkpt>
      <trkpt lat="40.1657495833933353424072265625" lon="9.4912653230130672454833984375">
        <ele>799</ele>
        <time>2026-09-26T07:48:14.000Z</time>
      </trkpt>
      <trkpt lat="40.1657720468938350677490234375" lon="9.49128250591456890106201171875">
        <ele>799</ele>
        <time>2026-09-26T07:48:16.000Z</time>
      </trkpt>
      <trkpt lat="40.165866427123546600341796875" lon="9.491350315511226654052734375">
        <ele>798.79998779296875</ele>
        <time>2026-09-26T07:48:25.000Z</time>
      </trkpt>
      <trkpt lat="40.16587438993155956268310546875" lon="9.4913585297763347625732421875">
        <ele>798.79998779296875</ele>
        <time>2026-09-26T07:48:26.000Z</time>
      </trkpt>
      <trkpt lat="40.16589752398431301116943359375" lon="9.49138677679002285003662109375">
        <ele>798.79998779296875</ele>
        <time>2026-09-26T07:48:29.000Z</time>
      </trkpt>
      <trkpt lat="40.16590959392488002777099609375" lon="9.49140228331089019775390625">
        <ele>798.79998779296875</ele>
        <time>2026-09-26T07:48:31.000Z</time>
      </trkpt>
      <trkpt lat="40.16592317260801792144775390625" lon="9.49140965938568115234375">
        <ele>798.79998779296875</ele>
        <time>2026-09-26T07:48:32.000Z</time>
      </trkpt>
      <trkpt lat="40.1659939996898174285888671875" lon="9.49144545011222362518310546875">
        <ele>798.5999755859375</ele>
        <time>2026-09-26T07:48:39.000Z</time>
      </trkpt>
      <trkpt lat="40.166030041873455047607421875" lon="9.49143958278000354766845703125">
        <ele>798.20001220703125</ele>
        <time>2026-09-26T07:48:42.000Z</time>
      </trkpt>
      <trkpt lat="40.166052170097827911376953125" lon="9.49146238155663013458251953125">
        <ele>798.20001220703125</ele>
        <time>2026-09-26T07:48:46.000Z</time>
      </trkpt>
      <trkpt lat="40.16605862416326999664306640625" lon="9.4914611242711544036865234375">
        <ele>798.20001220703125</ele>
        <time>2026-09-26T07:48:53.000Z</time>
      </trkpt>
      <trkpt lat="40.166059546172618865966796875" lon="9.4914597831666469573974609375">
        <ele>798</ele>
        <time>2026-09-26T07:48:59.000Z</time>
      </trkpt>
      <trkpt lat="40.166059546172618865966796875" lon="9.4914597831666469573974609375">
        <ele>798</ele>
        <time>2026-09-26T07:49:01.000Z</time>
      </trkpt>
      <trkpt lat="40.16610682010650634765625" lon="9.49150060303509235382080078125">
        <ele>797.79998779296875</ele>
        <time>2026-09-26T07:49:10.000Z</time>
      </trkpt>
      <trkpt lat="40.16620832495391368865966796875" lon="9.49156950227916240692138671875">
        <ele>797.20001220703125</ele>
        <time>2026-09-26T07:49:17.000Z</time>
      </trkpt>
      <trkpt lat="40.1663061417639255523681640625" lon="9.49164636433124542236328125">
        <ele>796.79998779296875</ele>
        <time>2026-09-26T07:49:25.000Z</time>
      </trkpt>
      <trkpt lat="40.16640630550682544708251953125" lon="9.49171065352857112884521484375">
        <ele>797</ele>
        <time>2026-09-26T07:49:32.000Z</time>
      </trkpt>
      <trkpt lat="40.16649045981466770172119140625" lon="9.49174284003674983978271484375">
        <ele>797</ele>
        <time>2026-09-26T07:49:40.000Z</time>
      </trkpt>
      <trkpt lat="40.16655600629746913909912109375" lon="9.4917328655719757080078125">
        <ele>796.4000244140625</ele>
        <time>2026-09-26T07:49:46.000Z</time>
      </trkpt>
      <trkpt lat="40.16657008789479732513427734375" lon="9.4917353801429271697998046875">
        <ele>796.4000244140625</ele>
        <time>2026-09-26T07:49:47.000Z</time>
      </trkpt>
      <trkpt lat="40.166583918035030364990234375" lon="9.4917323626577854156494140625">
        <ele>796</ele>
        <time>2026-09-26T07:49:48.000Z</time>
      </trkpt>
      <trkpt lat="40.16661233268678188323974609375" lon="9.4916978292167186737060546875">
        <ele>795</ele>
        <time>2026-09-26T07:49:53.000Z</time>
      </trkpt>
      <trkpt lat="40.16662339679896831512451171875" lon="9.491694308817386627197265625">
        <ele>795</ele>
        <time>2026-09-26T07:49:54.000Z</time>
      </trkpt>
      <trkpt lat="40.16671844758093357086181640625" lon="9.49170193634927272796630859375">
        <ele>794.4000244140625</ele>
        <time>2026-09-26T07:50:01.000Z</time>
      </trkpt>
      <trkpt lat="40.16680159606039524078369140625" lon="9.49177242815494537353515625">
        <ele>794.5999755859375</ele>
        <time>2026-09-26T07:50:09.000Z</time>
      </trkpt>
      <trkpt lat="40.16685641370713710784912109375" lon="9.49176915921270847320556640625">
        <ele>794</ele>
        <time>2026-09-26T07:50:15.000Z</time>
      </trkpt>
      <trkpt lat="40.16685171984136104583740234375" lon="9.49179899878799915313720703125">
        <ele>794.4000244140625</ele>
        <time>2026-09-26T07:50:19.000Z</time>
      </trkpt>
      <trkpt lat="40.166873931884765625" lon="9.49182875454425811767578125">
        <ele>794.5999755859375</ele>
        <time>2026-09-26T07:50:22.000Z</time>
      </trkpt>
      <trkpt lat="40.1669039390981197357177734375" lon="9.49183654971420764923095703125">
        <ele>794.20001220703125</ele>
        <time>2026-09-26T07:50:26.000Z</time>
      </trkpt>
      <trkpt lat="40.16692883335053920745849609375" lon="9.49183135293424129486083984375">
        <ele>794</ele>
        <time>2026-09-26T07:50:28.000Z</time>
      </trkpt>
      <trkpt lat="40.1669823937118053436279296875" lon="9.4918557442724704742431640625">
        <ele>793.5999755859375</ele>
        <time>2026-09-26T07:50:32.000Z</time>
      </trkpt>
      <trkpt lat="40.1670293323695659637451171875" lon="9.491908550262451171875">
        <ele>793.79998779296875</ele>
        <time>2026-09-26T07:50:37.000Z</time>
      </trkpt>
      <trkpt lat="40.1670400612056255340576171875" lon="9.49193294160068035125732421875">
        <ele>793.79998779296875</ele>
        <time>2026-09-26T07:50:39.000Z</time>
      </trkpt>
      <trkpt lat="40.16704634763300418853759765625" lon="9.49193260632455348968505859375">
        <ele>793.79998779296875</ele>
        <time>2026-09-26T07:50:40.000Z</time>
      </trkpt>
      <trkpt lat="40.1671032607555389404296875" lon="9.49195574037730693817138671875">
        <ele>793.5999755859375</ele>
        <time>2026-09-26T07:50:44.000Z</time>
      </trkpt>
      <trkpt lat="40.1672056876122951507568359375" lon="9.49198826216161251068115234375">
        <ele>793.4000244140625</ele>
        <time>2026-09-26T07:50:53.000Z</time>
      </trkpt>
      <trkpt lat="40.1672244630753993988037109375" lon="9.4920042715966701507568359375">
        <ele>793.5999755859375</ele>
        <time>2026-09-26T07:50:55.000Z</time>
      </trkpt>
      <trkpt lat="40.16726897098124027252197265625" lon="9.4920547306537628173828125">
        <ele>794.20001220703125</ele>
        <time>2026-09-26T07:51:00.000Z</time>
      </trkpt>
      <trkpt lat="40.16727953217923641204833984375" lon="9.49207149446010589599609375">
        <ele>794.4000244140625</ele>
        <time>2026-09-26T07:51:01.000Z</time>
      </trkpt>
      <trkpt lat="40.1672975532710552215576171875" lon="9.49211248196661472320556640625">
        <ele>794.79998779296875</ele>
        <time>2026-09-26T07:51:04.000Z</time>
      </trkpt>
      <trkpt lat="40.1673055998980998992919921875" lon="9.49211533181369304656982421875">
        <ele>794.79998779296875</ele>
        <time>2026-09-26T07:51:05.000Z</time>
      </trkpt>
      <trkpt lat="40.16735631041228771209716796875" lon="9.49215053580701351165771484375">
        <ele>795.20001220703125</ele>
        <time>2026-09-26T07:51:10.000Z</time>
      </trkpt>
      <trkpt lat="40.1673810370266437530517578125" lon="9.49215858243405818939208984375">
        <ele>795.20001220703125</ele>
        <time>2026-09-26T07:51:12.000Z</time>
      </trkpt>
      <trkpt lat="40.16739285551011562347412109375" lon="9.49216428212821483612060546875">
        <ele>795.20001220703125</ele>
        <time>2026-09-26T07:51:13.000Z</time>
      </trkpt>
      <trkpt lat="40.167450271546840667724609375" lon="9.492164365947246551513671875">
        <ele>795</ele>
        <time>2026-09-26T07:51:18.000Z</time>
      </trkpt>
      <trkpt lat="40.16753434203565120697021484375" lon="9.49221524409949779510498046875">
        <ele>795.4000244140625</ele>
        <time>2026-09-26T07:51:25.000Z</time>
      </trkpt>
      <trkpt lat="40.16755412332713603973388671875" lon="9.49222982861101627349853515625">
        <ele>795.5999755859375</ele>
        <time>2026-09-26T07:51:27.000Z</time>
      </trkpt>
      <trkpt lat="40.16763408668339252471923828125" lon="9.4922926090657711029052734375">
        <ele>796.79998779296875</ele>
        <time>2026-09-26T07:51:35.000Z</time>
      </trkpt>
      <trkpt lat="40.16764867119491100311279296875" lon="9.49229856021702289581298828125">
        <ele>796.79998779296875</ele>
        <time>2026-09-26T07:51:36.000Z</time>
      </trkpt>
      <trkpt lat="40.1677206717431545257568359375" lon="9.49236075393855571746826171875">
        <ele>798</ele>
        <time>2026-09-26T07:51:43.000Z</time>
      </trkpt>
      <trkpt lat="40.1677320711314678192138671875" lon="9.492364190518856048583984375">
        <ele>798.20001220703125</ele>
        <time>2026-09-26T07:51:44.000Z</time>
      </trkpt>
      <trkpt lat="40.16780273057520389556884765625" lon="9.4923968799412250518798828125">
        <ele>798.79998779296875</ele>
        <time>2026-09-26T07:51:51.000Z</time>
      </trkpt>
      <trkpt lat="40.167866684496402740478515625" lon="9.4924247078597545623779296875">
        <ele>799.4000244140625</ele>
        <time>2026-09-26T07:51:58.000Z</time>
      </trkpt>
      <trkpt lat="40.16795821487903594970703125" lon="9.49244306422770023345947265625">
        <ele>799.4000244140625</ele>
        <time>2026-09-26T07:52:06.000Z</time>
      </trkpt>
      <trkpt lat="40.1680044829845428466796875" lon="9.49248312972486019134521484375">
        <ele>800.4000244140625</ele>
        <time>2026-09-26T07:52:10.000Z</time>
      </trkpt>
      <trkpt lat="40.168030969798564910888671875" lon="9.4924991391599178314208984375">
        <ele>800.79998779296875</ele>
        <time>2026-09-26T07:52:13.000Z</time>
      </trkpt>
      <trkpt lat="40.1680648326873779296875" lon="9.49252051301300525665283203125">
        <ele>801.20001220703125</ele>
        <time>2026-09-26T07:52:19.000Z</time>
      </trkpt>
      <trkpt lat="40.16812576912343502044677734375" lon="9.49255521409213542938232421875">
        <ele>801.79998779296875</ele>
        <time>2026-09-26T07:52:26.000Z</time>
      </trkpt>
      <trkpt lat="40.16815041191875934600830078125" lon="9.4925651885569095611572265625">
        <ele>802</ele>
        <time>2026-09-26T07:52:29.000Z</time>
      </trkpt>
      <trkpt lat="40.168194584548473358154296875" lon="9.49260567314922809600830078125">
        <ele>802.79998779296875</ele>
        <time>2026-09-26T07:52:35.000Z</time>
      </trkpt>
      <trkpt lat="40.168201960623264312744140625" lon="9.49261003173887729644775390625">
        <ele>803</ele>
        <time>2026-09-26T07:52:36.000Z</time>
      </trkpt>
      <trkpt lat="40.1682577840983867645263671875" lon="9.4926419667899608612060546875">
        <ele>803.4000244140625</ele>
        <time>2026-09-26T07:52:41.000Z</time>
      </trkpt>
      <trkpt lat="40.1682715304195880889892578125" lon="9.4926597364246845245361328125">
        <ele>803.79998779296875</ele>
        <time>2026-09-26T07:52:43.000Z</time>
      </trkpt>
      <trkpt lat="40.16828854568302631378173828125" lon="9.49267306365072727203369140625">
        <ele>804</ele>
        <time>2026-09-26T07:52:45.000Z</time>
      </trkpt>
      <trkpt lat="40.1683369092643260955810546875" lon="9.49268781580030918121337890625">
        <ele>803.79998779296875</ele>
        <time>2026-09-26T07:52:49.000Z</time>
      </trkpt>
      <trkpt lat="40.16834688372910022735595703125" lon="9.492694772779941558837890625">
        <ele>803.79998779296875</ele>
        <time>2026-09-26T07:52:50.000Z</time>
      </trkpt>
      <trkpt lat="40.168425925076007843017578125" lon="9.492726624011993408203125">
        <ele>803.79998779296875</ele>
        <time>2026-09-26T07:52:57.000Z</time>
      </trkpt>
      <trkpt lat="40.16843187622725963592529296875" lon="9.4927358441054821014404296875">
        <ele>804</ele>
        <time>2026-09-26T07:52:59.000Z</time>
      </trkpt>
      <trkpt lat="40.16845383681356906890869140625" lon="9.49274011887609958648681640625">
        <ele>803.79998779296875</ele>
        <time>2026-09-26T07:53:05.000Z</time>
      </trkpt>
      <trkpt lat="40.16848065890371799468994140625" lon="9.49273291043937206268310546875">
        <ele>803.4000244140625</ele>
        <time>2026-09-26T07:53:12.000Z</time>
      </trkpt>
      <trkpt lat="40.1685484685003757476806640625" lon="9.49278035201132297515869140625">
        <ele>803.79998779296875</ele>
        <time>2026-09-26T07:53:20.000Z</time>
      </trkpt>
      <trkpt lat="40.16863471828401088714599609375" lon="9.49279443360865116119384765625">
        <ele>803.20001220703125</ele>
        <time>2026-09-26T07:53:27.000Z</time>
      </trkpt>
      <trkpt lat="40.16867914237082004547119140625" lon="9.49283265508711338043212890625">
        <ele>803.4000244140625</ele>
        <time>2026-09-26T07:53:33.000Z</time>
      </trkpt>
      <trkpt lat="40.16870210878551006317138671875" lon="9.4928354211151599884033203125">
        <ele>803.4000244140625</ele>
        <time>2026-09-26T07:53:35.000Z</time>
      </trkpt>
      <trkpt lat="40.1687677390873432159423828125" lon="9.49284656904637813568115234375">
        <ele>802.79998779296875</ele>
        <time>2026-09-26T07:53:40.000Z</time>
      </trkpt>
      <trkpt lat="40.1688037812709808349609375" lon="9.4928588904440402984619140625">
        <ele>802.79998779296875</ele>
        <time>2026-09-26T07:53:43.000Z</time>
      </trkpt>
      <trkpt lat="40.1688386499881744384765625" lon="9.49287976138293743133544921875">
        <ele>803</ele>
        <time>2026-09-26T07:53:46.000Z</time>
      </trkpt>
      <trkpt lat="40.16889162361621856689453125" lon="9.4928910769522190093994140625">
        <ele>802.79998779296875</ele>
        <time>2026-09-26T07:53:51.000Z</time>
      </trkpt>
      <trkpt lat="40.1689065434038639068603515625" lon="9.49288579635322093963623046875">
        <ele>802.5999755859375</ele>
        <time>2026-09-26T07:53:53.000Z</time>
      </trkpt>
      <trkpt lat="40.1689377240836620330810546875" lon="9.49290968477725982666015625">
        <ele>802.79998779296875</ele>
        <time>2026-09-26T07:53:57.000Z</time>
      </trkpt>
      <trkpt lat="40.1689486205577850341796875" lon="9.4929175637662410736083984375">
        <ele>803</ele>
        <time>2026-09-26T07:53:58.000Z</time>
      </trkpt>
      <trkpt lat="40.16895658336579799652099609375" lon="9.49292535893619060516357421875">
        <ele>803</ele>
        <time>2026-09-26T07:53:59.000Z</time>
      </trkpt>
      <trkpt lat="40.1689655520021915435791015625" lon="9.492934830486774444580078125">
        <ele>803.20001220703125</ele>
        <time>2026-09-26T07:54:00.000Z</time>
      </trkpt>
      <trkpt lat="40.16898692585527896881103515625" lon="9.49295461177825927734375">
        <ele>803.4000244140625</ele>
        <time>2026-09-26T07:54:02.000Z</time>
      </trkpt>
      <trkpt lat="40.16899379901587963104248046875" lon="9.4929567910730838775634765625">
        <ele>803.4000244140625</ele>
        <time>2026-09-26T07:54:03.000Z</time>
      </trkpt>
      <trkpt lat="40.168997906148433685302734375" lon="9.4929591380059719085693359375">
        <ele>803.4000244140625</ele>
        <time>2026-09-26T07:54:04.000Z</time>
      </trkpt>
      <trkpt lat="40.16899866051971912384033203125" lon="9.49296332895755767822265625">
        <ele>803.5999755859375</ele>
        <time>2026-09-26T07:54:05.000Z</time>
      </trkpt>
      <trkpt lat="40.16899966634809970855712890625" lon="9.49296307750046253204345703125">
        <ele>803.5999755859375</ele>
        <time>2026-09-26T07:54:06.000Z</time>
      </trkpt>
      <trkpt lat="40.1690366305410861968994140625" lon="9.492970369756221771240234375">
        <ele>803.4000244140625</ele>
        <time>2026-09-26T07:54:11.000Z</time>
      </trkpt>
      <trkpt lat="40.16905263997614383697509765625" lon="9.4929829426109790802001953125">
        <ele>803.4000244140625</ele>
        <time>2026-09-26T07:54:13.000Z</time>
      </trkpt>
      <trkpt lat="40.16909387893974781036376953125" lon="9.4930027239024639129638671875">
        <ele>803.5999755859375</ele>
        <time>2026-09-26T07:54:18.000Z</time>
      </trkpt>
      <trkpt lat="40.16915389336645603179931640625" lon="9.49303365312516689300537109375">
        <ele>803.5999755859375</ele>
        <time>2026-09-26T07:54:26.000Z</time>
      </trkpt>
      <trkpt lat="40.16920837573707103729248046875" lon="9.49306852184236049652099609375">
        <ele>804</ele>
        <time>2026-09-26T07:54:33.000Z</time>
      </trkpt>
      <trkpt lat="40.16927258111536502838134765625" lon="9.49309065006673336029052734375">
        <ele>804.20001220703125</ele>
        <time>2026-09-26T07:54:41.000Z</time>
      </trkpt>
      <trkpt lat="40.1693289913237094879150390625" lon="9.49314177967607975006103515625">
        <ele>805.4000244140625</ele>
        <time>2026-09-26T07:54:48.000Z</time>
      </trkpt>
      <trkpt lat="40.16933795996010303497314453125" lon="9.49314613826572895050048828125">
        <ele>805.4000244140625</ele>
        <time>2026-09-26T07:54:49.000Z</time>
      </trkpt>
      <trkpt lat="40.1693759299814701080322265625" lon="9.49317145161330699920654296875">
        <ele>806.20001220703125</ele>
        <time>2026-09-26T07:54:55.000Z</time>
      </trkpt>
      <trkpt lat="40.16943720169365406036376953125" lon="9.49321545660495758056640625">
        <ele>807.5999755859375</ele>
        <time>2026-09-26T07:55:02.000Z</time>
      </trkpt>
      <trkpt lat="40.16944474540650844573974609375" lon="9.4932203181087970733642578125">
        <ele>807.5999755859375</ele>
        <time>2026-09-26T07:55:03.000Z</time>
      </trkpt>
      <trkpt lat="40.16945379786193370819091796875" lon="9.49322392232716083526611328125">
        <ele>807.79998779296875</ele>
        <time>2026-09-26T07:55:04.000Z</time>
      </trkpt>
      <trkpt lat="40.16951381228864192962646484375" lon="9.4932582043111324310302734375">
        <ele>808.79998779296875</ele>
        <time>2026-09-26T07:55:10.000Z</time>
      </trkpt>
      <trkpt lat="40.1695816218852996826171875" lon="9.4933064840734004974365234375">
        <ele>810.20001220703125</ele>
        <time>2026-09-26T07:55:18.000Z</time>
      </trkpt>
      <trkpt lat="40.16959226690232753753662109375" lon="9.4933095015585422515869140625">
        <ele>810.4000244140625</ele>
        <time>2026-09-26T07:55:19.000Z</time>
      </trkpt>
      <trkpt lat="40.16963534988462924957275390625" lon="9.49333070777356624603271484375">
        <ele>811</ele>
        <time>2026-09-26T07:55:24.000Z</time>
      </trkpt>
      <trkpt lat="40.16965546645224094390869140625" lon="9.493343867361545562744140625">
        <ele>811.5999755859375</ele>
        <time>2026-09-26T07:55:27.000Z</time>
      </trkpt>
      <trkpt lat="40.16968698240816593170166015625" lon="9.49335903860628604888916015625">
        <ele>812.20001220703125</ele>
        <time>2026-09-26T07:55:30.000Z</time>
      </trkpt>
      <trkpt lat="40.1697296462953090667724609375" lon="9.49339591898024082183837890625">
        <ele>813.79998779296875</ele>
        <time>2026-09-26T07:55:35.000Z</time>
      </trkpt>
      <trkpt lat="40.16975889913737773895263671875" lon="9.493417628109455108642578125">
        <ele>814.79998779296875</ele>
        <time>2026-09-26T07:55:38.000Z</time>
      </trkpt>
      <trkpt lat="40.16976728104054927825927734375" lon="9.4934251718223094940185546875">
        <ele>815</ele>
        <time>2026-09-26T07:55:39.000Z</time>
      </trkpt>
      <trkpt lat="40.1698000542819499969482421875" lon="9.493439085781574249267578125">
        <ele>815.79998779296875</ele>
        <time>2026-09-26T07:55:45.000Z</time>
      </trkpt>
      <trkpt lat="40.16981388442218303680419921875" lon="9.49344436638057231903076171875">
        <ele>816</ele>
        <time>2026-09-26T07:55:47.000Z</time>
      </trkpt>
      <trkpt lat="40.16985143534839153289794921875" lon="9.4934749603271484375">
        <ele>817.20001220703125</ele>
        <time>2026-09-26T07:55:52.000Z</time>
      </trkpt>
      <trkpt lat="40.16992553137242794036865234375" lon="9.493500776588916778564453125">
        <ele>818.4000244140625</ele>
        <time>2026-09-26T07:56:00.000Z</time>
      </trkpt>
      <trkpt lat="40.16999996267259120941162109375" lon="9.4935462065041065216064453125">
        <ele>819.5999755859375</ele>
        <time>2026-09-26T07:56:08.000Z</time>
      </trkpt>
      <trkpt lat="40.17007238231599330902099609375" lon="9.49357126839458942413330078125">
        <ele>820.20001220703125</ele>
        <time>2026-09-26T07:56:15.000Z</time>
      </trkpt>
      <trkpt lat="40.17014832235872745513916015625" lon="9.493561796844005584716796875">
        <ele>819.5999755859375</ele>
        <time>2026-09-26T07:56:22.000Z</time>
      </trkpt>
      <trkpt lat="40.170172713696956634521484375" lon="9.49358023703098297119140625">
        <ele>820.20001220703125</ele>
        <time>2026-09-26T07:56:25.000Z</time>
      </trkpt>
      <trkpt lat="40.170179419219493865966796875" lon="9.4935894571244716644287109375">
        <ele>820.4000244140625</ele>
        <time>2026-09-26T07:56:26.000Z</time>
      </trkpt>
      <trkpt lat="40.17020112834870815277099609375" lon="9.4935978390276432037353515625">
        <ele>820.79998779296875</ele>
        <time>2026-09-26T07:56:28.000Z</time>
      </trkpt>
      <trkpt lat="40.17021487466990947723388671875" lon="9.49359591118991374969482421875">
        <ele>820.79998779296875</ele>
        <time>2026-09-26T07:56:29.000Z</time>
      </trkpt>
      <trkpt lat="40.1702248491346836090087890625" lon="9.49359909631311893463134765625">
        <ele>821</ele>
        <time>2026-09-26T07:56:30.000Z</time>
      </trkpt>
      <trkpt lat="40.17024479806423187255859375" lon="9.49360362254083156585693359375">
        <ele>821.20001220703125</ele>
        <time>2026-09-26T07:56:33.000Z</time>
      </trkpt>
      <trkpt lat="40.170263908803462982177734375" lon="9.493608064949512481689453125">
        <ele>821.5999755859375</ele>
        <time>2026-09-26T07:56:35.000Z</time>
      </trkpt>
      <trkpt lat="40.1703391782939434051513671875" lon="9.4935951568186283111572265625">
        <ele>821.5999755859375</ele>
        <time>2026-09-26T07:56:42.000Z</time>
      </trkpt>
      <trkpt lat="40.17034579999744892120361328125" lon="9.49359272606670856475830078125">
        <ele>821.5999755859375</ele>
        <time>2026-09-26T07:56:43.000Z</time>
      </trkpt>
      <trkpt lat="40.17038854770362377166748046875" lon="9.49361284263432025909423828125">
        <ele>822.5999755859375</ele>
        <time>2026-09-26T07:56:49.000Z</time>
      </trkpt>
      <trkpt lat="40.170396007597446441650390625" lon="9.4936162792146205902099609375">
        <ele>822.5999755859375</ele>
        <time>2026-09-26T07:56:50.000Z</time>
      </trkpt>
      <trkpt lat="40.1704256795346736907958984375" lon="9.49360630474984645843505859375">
        <ele>822.5999755859375</ele>
        <time>2026-09-26T07:56:54.000Z</time>
      </trkpt>
      <trkpt lat="40.170433558523654937744140625" lon="9.49361166916787624359130859375">
        <ele>822.79998779296875</ele>
        <time>2026-09-26T07:56:55.000Z</time>
      </trkpt>
      <trkpt lat="40.1704987697303295135498046875" lon="9.49361166916787624359130859375">
        <ele>823</ele>
        <time>2026-09-26T07:57:04.000Z</time>
      </trkpt>
      <trkpt lat="40.1705483905971050262451171875" lon="9.49362440966069698333740234375">
        <ele>823.5999755859375</ele>
        <time>2026-09-26T07:57:12.000Z</time>
      </trkpt>
      <trkpt lat="40.1705571077764034271240234375" lon="9.49364502914249897003173828125">
        <ele>824.20001220703125</ele>
        <time>2026-09-26T07:57:14.000Z</time>
      </trkpt>
      <trkpt lat="40.1705638132989406585693359375" lon="9.49367143213748931884765625">
        <ele>825.20001220703125</ele>
        <time>2026-09-26T07:57:17.000Z</time>
      </trkpt>
      <trkpt lat="40.17055501230061054229736328125" lon="9.49369096197187900543212890625">
        <ele>826</ele>
        <time>2026-09-26T07:57:19.000Z</time>
      </trkpt>
      <trkpt lat="40.1705648191273212432861328125" lon="9.4937081448733806610107421875">
        <ele>826.5999755859375</ele>
        <time>2026-09-26T07:57:24.000Z</time>
      </trkpt>
      <trkpt lat="40.1705996878445148468017578125" lon="9.493724741041660308837890625">
        <ele>827.20001220703125</ele>
        <time>2026-09-26T07:57:30.000Z</time>
      </trkpt>
      <trkpt lat="40.1706164516508579254150390625" lon="9.49373806826770305633544921875">
        <ele>827.5999755859375</ele>
        <time>2026-09-26T07:57:32.000Z</time>
      </trkpt>
      <trkpt lat="40.17063598148524761199951171875" lon="9.4937500543892383575439453125">
        <ele>828</ele>
        <time>2026-09-26T07:57:35.000Z</time>
      </trkpt>
      <trkpt lat="40.170644111931324005126953125" lon="9.49377628974616527557373046875">
        <ele>829</ele>
        <time>2026-09-26T07:57:40.000Z</time>
      </trkpt>
      <trkpt lat="40.1706462912261486053466796875" lon="9.49380042962729930877685546875">
        <ele>829.79998779296875</ele>
        <time>2026-09-26T07:57:45.000Z</time>
      </trkpt>
      <trkpt lat="40.17065928317606449127197265625" lon="9.4938077218830585479736328125">
        <ele>830.20001220703125</ele>
        <time>2026-09-26T07:57:48.000Z</time>
      </trkpt>
      <trkpt lat="40.1707140170037746429443359375" lon="9.4938325323164463043212890625">
        <ele>831</ele>
        <time>2026-09-26T07:57:58.000Z</time>
      </trkpt>
      <trkpt lat="40.17071527428925037384033203125" lon="9.49383026920258998870849609375">
        <ele>831</ele>
        <time>2026-09-26T07:58:06.000Z</time>
      </trkpt>
      <trkpt lat="40.17071560956537723541259765625" lon="9.49383127503097057342529296875">
        <ele>831</ele>
        <time>2026-09-26T07:58:13.000Z</time>
      </trkpt>
      <trkpt lat="40.17071560956537723541259765625" lon="9.49383026920258998870849609375">
        <ele>831</ele>
        <time>2026-09-26T07:58:21.000Z</time>
      </trkpt>
      <trkpt lat="40.17071560956537723541259765625" lon="9.49383026920258998870849609375">
        <ele>831</ele>
        <time>2026-09-26T07:58:24.000Z</time>
      </trkpt>
      <trkpt lat="40.17071560956537723541259765625" lon="9.49383026920258998870849609375">
        <ele>831</ele>
        <time>2026-09-26T07:58:26.000Z</time>
      </trkpt>
      <trkpt lat="40.17071560956537723541259765625" lon="9.49383026920258998870849609375">
        <ele>831</ele>
        <time>2026-09-26T07:58:28.000Z</time>
      </trkpt>
      <trkpt lat="40.17071560956537723541259765625" lon="9.49383026920258998870849609375">
        <ele>831</ele>
        <time>2026-09-26T07:58:30.000Z</time>
      </trkpt>
      <trkpt lat="40.17071560956537723541259765625" lon="9.49383026920258998870849609375">
        <ele>831</ele>
        <time>2026-09-26T07:58:32.000Z</time>
      </trkpt>
      <trkpt lat="40.17071560956537723541259765625" lon="9.4938303530216217041015625">
        <ele>831</ele>
        <time>2026-09-26T07:58:33.000Z</time>
      </trkpt>
      <trkpt lat="40.17071560956537723541259765625" lon="9.49383043684065341949462890625">
        <ele>831</ele>
        <time>2026-09-26T07:58:35.000Z</time>
      </trkpt>
      <trkpt lat="40.17071552574634552001953125" lon="9.493831358850002288818359375">
        <ele>831</ele>
        <time>2026-09-26T07:58:37.000Z</time>
      </trkpt>
      <trkpt lat="40.170715190470218658447265625" lon="9.49383228085935115814208984375">
        <ele>831</ele>
        <time>2026-09-26T07:58:39.000Z</time>
      </trkpt>
      <trkpt lat="40.1707150228321552276611328125" lon="9.493833370506763458251953125">
        <ele>831</ele>
        <time>2026-09-26T07:58:41.000Z</time>
      </trkpt>
      <trkpt lat="40.1707150228321552276611328125" lon="9.49383429251611232757568359375">
        <ele>831</ele>
        <time>2026-09-26T07:58:42.000Z</time>
      </trkpt>
      <trkpt lat="40.1707150228321552276611328125" lon="9.49383462779223918914794921875">
        <ele>831.20001220703125</ele>
        <time>2026-09-26T07:58:44.000Z</time>
      </trkpt>
      <trkpt lat="40.1707150228321552276611328125" lon="9.49383504688739776611328125">
        <ele>831.20001220703125</ele>
        <time>2026-09-26T07:58:46.000Z</time>
      </trkpt>
      <trkpt lat="40.17071477137506008148193359375" lon="9.49383697472512722015380859375">
        <ele>831.20001220703125</ele>
        <time>2026-09-26T07:58:51.000Z</time>
      </trkpt>
      <trkpt lat="40.170751400291919708251953125" lon="9.49386279098689556121826171875">
        <ele>832.20001220703125</ele>
        <time>2026-09-26T07:59:05.000Z</time>
      </trkpt>
      <trkpt lat="40.1707763783633708953857421875" lon="9.49387393891811370849609375">
        <ele>832.5999755859375</ele>
        <time>2026-09-26T07:59:11.000Z</time>
      </trkpt>
      <trkpt lat="40.17079808749258518218994140625" lon="9.49391492642462253570556640625">
        <ele>833.79998779296875</ele>
        <time>2026-09-26T07:59:18.000Z</time>
      </trkpt>
      <trkpt lat="40.17086111940443515777587890625" lon="9.493956752121448516845703125">
        <ele>835.20001220703125</ele>
        <time>2026-09-26T07:59:26.000Z</time>
      </trkpt>
      <trkpt lat="40.17093546688556671142578125" lon="9.49398550204932689666748046875">
        <ele>836.20001220703125</ele>
        <time>2026-09-26T07:59:34.000Z</time>
      </trkpt>
      <trkpt lat="40.1709775440394878387451171875" lon="9.49401282705366611480712890625">
        <ele>837</ele>
        <time>2026-09-26T07:59:40.000Z</time>
      </trkpt>
      <trkpt lat="40.1709906198084354400634765625" lon="9.49404702521860599517822265625">
        <ele>838.20001220703125</ele>
        <time>2026-09-26T07:59:46.000Z</time>
      </trkpt>
      <trkpt lat="40.1710057072341442108154296875" lon="9.49406881816685199737548828125">
        <ele>838.79998779296875</ele>
        <time>2026-09-26T07:59:54.000Z</time>
      </trkpt>
      <trkpt lat="40.1709983311593532562255859375" lon="9.49410955421626567840576171875">
        <ele>840.20001220703125</ele>
        <time>2026-09-26T08:00:01.000Z</time>
      </trkpt>
      <trkpt lat="40.1709986664354801177978515625" lon="9.4941094703972339630126953125">
        <ele>840.20001220703125</ele>
        <time>2026-09-26T08:00:02.000Z</time>
      </trkpt>
      <trkpt lat="40.1709986664354801177978515625" lon="9.4941094703972339630126953125">
        <ele>840.20001220703125</ele>
        <time>2026-09-26T08:00:05.000Z</time>
      </trkpt>
      <trkpt lat="40.1709986664354801177978515625" lon="9.4941094703972339630126953125">
        <ele>840.20001220703125</ele>
        <time>2026-09-26T08:00:07.000Z</time>
      </trkpt>
      <trkpt lat="40.170995481312274932861328125" lon="9.49413453228771686553955078125">
        <ele>841</ele>
        <time>2026-09-26T08:00:13.000Z</time>
      </trkpt>
      <trkpt lat="40.1709959842264652252197265625" lon="9.49414961971342563629150390625">
        <ele>841.4000244140625</ele>
        <time>2026-09-26T08:00:14.000Z</time>
      </trkpt>
      <trkpt lat="40.1709916256368160247802734375" lon="9.4942036829888820648193359375">
        <ele>842.79998779296875</ele>
        <time>2026-09-26T08:00:17.000Z</time>
      </trkpt>
      <trkpt lat="40.17097595147788524627685546875" lon="9.49424349702894687652587890625">
        <ele>843.79998779296875</ele>
        <time>2026-09-26T08:00:20.000Z</time>
      </trkpt>
      <trkpt lat="40.17096740193665027618408203125" lon="9.4942636974155902862548828125">
        <ele>844.20001220703125</ele>
        <time>2026-09-26T08:00:22.000Z</time>
      </trkpt>
      <trkpt lat="40.170958600938320159912109375" lon="9.49432195164263248443603515625">
        <ele>845.79998779296875</ele>
        <time>2026-09-26T08:00:27.000Z</time>
      </trkpt>
      <trkpt lat="40.17095734365284442901611328125" lon="9.49433737434446811676025390625">
        <ele>846.20001220703125</ele>
        <time>2026-09-26T08:00:28.000Z</time>
      </trkpt>
      <trkpt lat="40.17095348797738552093505859375" lon="9.4943488575518131256103515625">
        <ele>846.4000244140625</ele>
        <time>2026-09-26T08:00:29.000Z</time>
      </trkpt>
      <trkpt lat="40.17093923874199390411376953125" lon="9.494396634399890899658203125">
        <ele>847.20001220703125</ele>
        <time>2026-09-26T08:00:33.000Z</time>
      </trkpt>
      <trkpt lat="40.1709346286952495574951171875" lon="9.4944078661501407623291015625">
        <ele>847.4000244140625</ele>
        <time>2026-09-26T08:00:34.000Z</time>
      </trkpt>
      <trkpt lat="40.17093219794332981109619140625" lon="9.494417421519756317138671875">
        <ele>847.5999755859375</ele>
        <time>2026-09-26T08:00:35.000Z</time>
      </trkpt>
      <trkpt lat="40.17093253321945667266845703125" lon="9.49442722834646701812744140625">
        <ele>847.79998779296875</ele>
        <time>2026-09-26T08:00:36.000Z</time>
      </trkpt>
      <trkpt lat="40.1709443517029285430908203125" lon="9.49446477927267551422119140625">
        <ele>848.5999755859375</ele>
        <time>2026-09-26T08:00:39.000Z</time>
      </trkpt>
      <trkpt lat="40.17095399089157581329345703125" lon="9.494470395147800445556640625">
        <ele>848.79998779296875</ele>
        <time>2026-09-26T08:00:40.000Z</time>
      </trkpt>
      <trkpt lat="40.1710399053990840911865234375" lon="9.49449478648602962493896484375">
        <ele>850</ele>
        <time>2026-09-26T08:00:49.000Z</time>
      </trkpt>
      <trkpt lat="40.17113353125751018524169921875" lon="9.49456837959587574005126953125">
        <ele>851.5999755859375</ele>
        <time>2026-09-26T08:00:58.000Z</time>
      </trkpt>
      <trkpt lat="40.17122891731560230255126953125" lon="9.49458665214478969573974609375">
        <ele>852.20001220703125</ele>
        <time>2026-09-26T08:01:06.000Z</time>
      </trkpt>
      <trkpt lat="40.17124123871326446533203125" lon="9.49459612369537353515625">
        <ele>852.4000244140625</ele>
        <time>2026-09-26T08:01:07.000Z</time>
      </trkpt>
      <trkpt lat="40.17131030559539794921875" lon="9.494631998240947723388671875">
        <ele>853.20001220703125</ele>
        <time>2026-09-26T08:01:13.000Z</time>
      </trkpt>
      <trkpt lat="40.17133000306785106658935546875" lon="9.49463962577283382415771484375">
        <ele>853.4000244140625</ele>
        <time>2026-09-26T08:01:15.000Z</time>
      </trkpt>
      <trkpt lat="40.17140544019639492034912109375" lon="9.4947022385895252227783203125">
        <ele>855</ele>
        <time>2026-09-26T08:01:23.000Z</time>
      </trkpt>
      <trkpt lat="40.1714449189603328704833984375" lon="9.4947183318436145782470703125">
        <ele>855.4000244140625</ele>
        <time>2026-09-26T08:01:27.000Z</time>
      </trkpt>
      <trkpt lat="40.1715109683573246002197265625" lon="9.494733251631259918212890625">
        <ele>856</ele>
        <time>2026-09-26T08:01:32.000Z</time>
      </trkpt>
      <trkpt lat="40.1715870760381221771240234375" lon="9.494766779243946075439453125">
        <ele>857.20001220703125</ele>
        <time>2026-09-26T08:01:39.000Z</time>
      </trkpt>
      <trkpt lat="40.17160291783511638641357421875" lon="9.49476334266364574432373046875">
        <ele>857.20001220703125</ele>
        <time>2026-09-26T08:01:41.000Z</time>
      </trkpt>
      <trkpt lat="40.17162236385047435760498046875" lon="9.49475579895079135894775390625">
        <ele>857</ele>
        <time>2026-09-26T08:01:43.000Z</time>
      </trkpt>
      <trkpt lat="40.17163124866783618927001953125" lon="9.4947625882923603057861328125">
        <ele>857.20001220703125</ele>
        <time>2026-09-26T08:01:44.000Z</time>
      </trkpt>
      <trkpt lat="40.17163845710456371307373046875" lon="9.4947731494903564453125">
        <ele>857.5999755859375</ele>
        <time>2026-09-26T08:01:45.000Z</time>
      </trkpt>
      <trkpt lat="40.1716638542711734771728515625" lon="9.494806341826915740966796875">
        <ele>858.4000244140625</ele>
        <time>2026-09-26T08:01:48.000Z</time>
      </trkpt>
      <trkpt lat="40.17171733081340789794921875" lon="9.49482503347098827362060546875">
        <ele>859.20001220703125</ele>
        <time>2026-09-26T08:01:54.000Z</time>
      </trkpt>
      <trkpt lat="40.17180860973894596099853515625" lon="9.49482251890003681182861328125">
        <ele>859.4000244140625</ele>
        <time>2026-09-26T08:02:03.000Z</time>
      </trkpt>
      <trkpt lat="40.17182218842208385467529296875" lon="9.49484598822891712188720703125">
        <ele>860</ele>
        <time>2026-09-26T08:02:05.000Z</time>
      </trkpt>
      <trkpt lat="40.17182788811624050140380859375" lon="9.49487398378551006317138671875">
        <ele>860.79998779296875</ele>
        <time>2026-09-26T08:02:09.000Z</time>
      </trkpt>
      <trkpt lat="40.1718284748494625091552734375" lon="9.49487306177616119384765625">
        <ele>860.79998779296875</ele>
        <time>2026-09-26T08:02:10.000Z</time>
      </trkpt>
      <trkpt lat="40.1718561351299285888671875" lon="9.49490415863692760467529296875">
        <ele>861.5999755859375</ele>
        <time>2026-09-26T08:02:16.000Z</time>
      </trkpt>
      <trkpt lat="40.17191522754728794097900390625" lon="9.49488203041255474090576171875">
        <ele>861.20001220703125</ele>
        <time>2026-09-26T08:02:22.000Z</time>
      </trkpt>
      <trkpt lat="40.17193836160004138946533203125" lon="9.4948715530335903167724609375">
        <ele>861.20001220703125</ele>
        <time>2026-09-26T08:02:25.000Z</time>
      </trkpt>
      <trkpt lat="40.17198622226715087890625" lon="9.49485403485596179962158203125">
        <ele>860.79998779296875</ele>
        <time>2026-09-26T08:02:32.000Z</time>
      </trkpt>
      <trkpt lat="40.1720329932868480682373046875" lon="9.49483945034444332122802734375">
        <ele>860.79998779296875</ele>
        <time>2026-09-26T08:02:35.000Z</time>
      </trkpt>
      <trkpt lat="40.17206844873726367950439453125" lon="9.4948361814022064208984375">
        <ele>861</ele>
        <time>2026-09-26T08:02:38.000Z</time>
      </trkpt>
      <trkpt lat="40.17216970212757587432861328125" lon="9.49481832794845104217529296875">
        <ele>860.79998779296875</ele>
        <time>2026-09-26T08:02:45.000Z</time>
      </trkpt>
      <trkpt lat="40.1722063310444355010986328125" lon="9.4948105327785015106201171875">
        <ele>860.4000244140625</ele>
        <time>2026-09-26T08:02:48.000Z</time>
      </trkpt>
      <trkpt lat="40.17224128358066082000732421875" lon="9.494843892753124237060546875">
        <ele>860.79998779296875</ele>
        <time>2026-09-26T08:02:52.000Z</time>
      </trkpt>
      <trkpt lat="40.17225184477865695953369140625" lon="9.49483375065028667449951171875">
        <ele>860.5999755859375</ele>
        <time>2026-09-26T08:02:53.000Z</time>
      </trkpt>
      <trkpt lat="40.1723092608153820037841796875" lon="9.49482654221355915069580078125">
        <ele>860.5999755859375</ele>
        <time>2026-09-26T08:02:59.000Z</time>
      </trkpt>
      <trkpt lat="40.1723334006965160369873046875" lon="9.49483190663158893585205078125">
        <ele>860.5999755859375</ele>
        <time>2026-09-26T08:03:01.000Z</time>
      </trkpt>
      <trkpt lat="40.17240171320736408233642578125" lon="9.4948051683604717254638671875">
        <ele>860.20001220703125</ele>
        <time>2026-09-26T08:03:07.000Z</time>
      </trkpt>
      <trkpt lat="40.172427110373973846435546875" lon="9.4948039948940277099609375">
        <ele>860</ele>
        <time>2026-09-26T08:03:10.000Z</time>
      </trkpt>
      <trkpt lat="40.17243507318198680877685546875" lon="9.494812376797199249267578125">
        <ele>860</ele>
        <time>2026-09-26T08:03:13.000Z</time>
      </trkpt>
      <trkpt lat="40.17246700823307037353515625" lon="9.49480508454144001007080078125">
        <ele>859.4000244140625</ele>
        <time>2026-09-26T08:03:21.000Z</time>
      </trkpt>
      <trkpt lat="40.17252693884074687957763671875" lon="9.49480064213275909423828125">
        <ele>858.79998779296875</ele>
        <time>2026-09-26T08:03:28.000Z</time>
      </trkpt>
      <trkpt lat="40.172553174197673797607421875" lon="9.49482478201389312744140625">
        <ele>858.79998779296875</ele>
        <time>2026-09-26T08:03:31.000Z</time>
      </trkpt>
      <trkpt lat="40.172559209167957305908203125" lon="9.4948380254209041595458984375">
        <ele>858.79998779296875</ele>
        <time>2026-09-26T08:03:32.000Z</time>
      </trkpt>
      <trkpt lat="40.1725687645375728607177734375" lon="9.49485688470304012298583984375">
        <ele>858.79998779296875</ele>
        <time>2026-09-26T08:03:34.000Z</time>
      </trkpt>
      <trkpt lat="40.17261595465242862701416015625" lon="9.49491539038717746734619140625">
        <ele>859</ele>
        <time>2026-09-26T08:03:41.000Z</time>
      </trkpt>
      <trkpt lat="40.172630958259105682373046875" lon="9.49493684805929660797119140625">
        <ele>859</ele>
        <time>2026-09-26T08:03:44.000Z</time>
      </trkpt>
      <trkpt lat="40.17264696769416332244873046875" lon="9.49495411477982997894287109375">
        <ele>859</ele>
        <time>2026-09-26T08:03:47.000Z</time>
      </trkpt>
      <trkpt lat="40.17266641370952129364013671875" lon="9.49493885971605777740478515625">
        <ele>858.79998779296875</ele>
        <time>2026-09-26T08:03:50.000Z</time>
      </trkpt>
      <trkpt lat="40.17267764545977115631103515625" lon="9.49493584223091602325439453125">
        <ele>858.5999755859375</ele>
        <time>2026-09-26T08:03:51.000Z</time>
      </trkpt>
      <trkpt lat="40.17272776924073696136474609375" lon="9.4949607364833354949951171875">
        <ele>858.5999755859375</ele>
        <time>2026-09-26T08:03:58.000Z</time>
      </trkpt>
      <trkpt lat="40.17272743396461009979248046875" lon="9.49501614086329936981201171875">
        <ele>859.20001220703125</ele>
        <time>2026-09-26T08:04:05.000Z</time>
      </trkpt>
      <trkpt lat="40.17273078672587871551513671875" lon="9.4950291328132152557373046875">
        <ele>859.20001220703125</ele>
        <time>2026-09-26T08:04:06.000Z</time>
      </trkpt>
      <trkpt lat="40.17272223718464374542236328125" lon="9.495102725923061370849609375">
        <ele>861.4000244140625</ele>
        <time>2026-09-26T08:04:12.000Z</time>
      </trkpt>
      <trkpt lat="40.172726847231388092041015625" lon="9.495144300162792205810546875">
        <ele>862.4000244140625</ele>
        <time>2026-09-26T08:04:18.000Z</time>
      </trkpt>
      <trkpt lat="40.172764398157596588134765625" lon="9.49518947862088680267333984375">
        <ele>863.20001220703125</ele>
        <time>2026-09-26T08:04:26.000Z</time>
      </trkpt>
      <trkpt lat="40.1727493107318878173828125" lon="9.4952427037060260772705078125">
        <ele>865</ele>
        <time>2026-09-26T08:04:33.000Z</time>
      </trkpt>
      <trkpt lat="40.17275593243539333343505859375" lon="9.49527782388031482696533203125">
        <ele>865.79998779296875</ele>
        <time>2026-09-26T08:04:39.000Z</time>
      </trkpt>
      <trkpt lat="40.172767080366611480712890625" lon="9.49533079750835895538330078125">
        <ele>867.5999755859375</ele>
        <time>2026-09-26T08:04:46.000Z</time>
      </trkpt>
      <trkpt lat="40.17276800237596035003662109375" lon="9.49532442726194858551025390625">
        <ele>867.20001220703125</ele>
        <time>2026-09-26T08:04:50.000Z</time>
      </trkpt>
      <trkpt lat="40.17276364378631114959716796875" lon="9.49533884413540363311767578125">
        <ele>867.79998779296875</ele>
        <time>2026-09-26T08:04:55.000Z</time>
      </trkpt>
      <trkpt lat="40.1727417670190334320068359375" lon="9.49530129320919513702392578125">
        <ele>867</ele>
        <time>2026-09-26T08:05:02.000Z</time>
      </trkpt>
      <trkpt lat="40.1727410964667797088623046875" lon="9.49529307894408702850341796875">
        <ele>866.5999755859375</ele>
        <time>2026-09-26T08:05:03.000Z</time>
      </trkpt>
      <trkpt lat="40.1727659069001674652099609375" lon="9.49524077586829662322998046875">
        <ele>864.5999755859375</ele>
        <time>2026-09-26T08:05:09.000Z</time>
      </trkpt>
      <trkpt lat="40.172775797545909881591796875" lon="9.49519492685794830322265625">
        <ele>863</ele>
        <time>2026-09-26T08:05:15.000Z</time>
      </trkpt>
      <trkpt lat="40.17278091050684452056884765625" lon="9.495148323476314544677734375">
        <ele>861.5999755859375</ele>
        <time>2026-09-26T08:05:21.000Z</time>
      </trkpt>
      <trkpt lat="40.17280991189181804656982421875" lon="9.49514052830636501312255859375">
        <ele>860.79998779296875</ele>
        <time>2026-09-26T08:05:27.000Z</time>
      </trkpt>
      <trkpt lat="40.17282198183238506317138671875" lon="9.49506752192974090576171875">
        <ele>859.5999755859375</ele>
        <time>2026-09-26T08:05:38.000Z</time>
      </trkpt>
      <trkpt lat="40.17285198904573917388916015625" lon="9.49502234347164630889892578125">
        <ele>858.79998779296875</ele>
        <time>2026-09-26T08:05:45.000Z</time>
      </trkpt>
      <trkpt lat="40.1728899590671062469482421875" lon="9.49497339315712451934814453125">
        <ele>858</ele>
        <time>2026-09-26T08:05:51.000Z</time>
      </trkpt>
      <trkpt lat="40.17290529794991016387939453125" lon="9.4949164800345897674560546875">
        <ele>857.5999755859375</ele>
        <time>2026-09-26T08:05:58.000Z</time>
      </trkpt>
      <trkpt lat="40.17292256467044353485107421875" lon="9.49491337873041629791259765625">
        <ele>857.4000244140625</ele>
        <time>2026-09-26T08:06:00.000Z</time>
      </trkpt>
      <trkpt lat="40.17294435761868953704833984375" lon="9.4948970340192317962646484375">
        <ele>857</ele>
        <time>2026-09-26T08:06:04.000Z</time>
      </trkpt>
      <trkpt lat="40.17293161712586879730224609375" lon="9.494874067604541778564453125">
        <ele>856.79998779296875</ele>
        <time>2026-09-26T08:06:06.000Z</time>
      </trkpt>
      <trkpt lat="40.17293865792453289031982421875" lon="9.4948568008840084075927734375">
        <ele>856.5999755859375</ele>
        <time>2026-09-26T08:06:09.000Z</time>
      </trkpt>
      <trkpt lat="40.17294100485742092132568359375" lon="9.49485235847532749176025390625">
        <ele>856.5999755859375</ele>
        <time>2026-09-26T08:06:15.000Z</time>
      </trkpt>
      <trkpt lat="40.17295156605541706085205078125" lon="9.49482486583292484283447265625">
        <ele>856.20001220703125</ele>
        <time>2026-09-26T08:06:25.000Z</time>
      </trkpt>
      <trkpt lat="40.1729878596961498260498046875" lon="9.49478320777416229248046875">
        <ele>855.5999755859375</ele>
        <time>2026-09-26T08:06:31.000Z</time>
      </trkpt>
      <trkpt lat="40.17300168983638286590576171875" lon="9.494762755930423736572265625">
        <ele>855.4000244140625</ele>
        <time>2026-09-26T08:06:36.000Z</time>
      </trkpt>
      <trkpt lat="40.1730083115398883819580078125" lon="9.49470098130404949188232421875">
        <ele>854.20001220703125</ele>
        <time>2026-09-26T08:06:42.000Z</time>
      </trkpt>
      <trkpt lat="40.1730596087872982025146484375" lon="9.49469125829637050628662109375">
        <ele>853.5999755859375</ele>
        <time>2026-09-26T08:06:47.000Z</time>
      </trkpt>
      <trkpt lat="40.17310998402535915374755859375" lon="9.494672901928424835205078125">
        <ele>852.79998779296875</ele>
        <time>2026-09-26T08:06:53.000Z</time>
      </trkpt>
      <trkpt lat="40.173132531344890594482421875" lon="9.494663178920745849609375">
        <ele>852.4000244140625</ele>
        <time>2026-09-26T08:06:56.000Z</time>
      </trkpt>
      <trkpt lat="40.173205621540546417236328125" lon="9.49462252669036388397216796875">
        <ele>851</ele>
        <time>2026-09-26T08:07:03.000Z</time>
      </trkpt>
      <trkpt lat="40.17327611334621906280517578125" lon="9.49459411203861236572265625">
        <ele>850.20001220703125</ele>
        <time>2026-09-26T08:07:08.000Z</time>
      </trkpt>
      <trkpt lat="40.17331299372017383575439453125" lon="9.49460241012275218963623046875">
        <ele>850.20001220703125</ele>
        <time>2026-09-26T08:07:13.000Z</time>
      </trkpt>
      <trkpt lat="40.17332858406007289886474609375" lon="9.49460576288402080535888671875">
        <ele>850.4000244140625</ele>
        <time>2026-09-26T08:07:15.000Z</time>
      </trkpt>
      <trkpt lat="40.173341073095798492431640625" lon="9.49462252669036388397216796875">
        <ele>850.5999755859375</ele>
        <time>2026-09-26T08:07:21.000Z</time>
      </trkpt>
      <trkpt lat="40.17334182746708393096923828125" lon="9.49464029632508754730224609375">
        <ele>850.79998779296875</ele>
        <time>2026-09-26T08:07:26.000Z</time>
      </trkpt>
      <trkpt lat="40.17335406504571437835693359375" lon="9.49465521611273288726806640625">
        <ele>851</ele>
        <time>2026-09-26T08:07:32.000Z</time>
      </trkpt>
      <trkpt lat="40.17337225377559661865234375" lon="9.49475529603660106658935546875">
        <ele>852.4000244140625</ele>
        <time>2026-09-26T08:07:39.000Z</time>
      </trkpt>
      <trkpt lat="40.173428244888782501220703125" lon="9.4947930984199047088623046875">
        <ele>853</ele>
        <time>2026-09-26T08:07:45.000Z</time>
      </trkpt>
      <trkpt lat="40.17348088324069976806640625" lon="9.4948174059391021728515625">
        <ele>853.4000244140625</ele>
        <time>2026-09-26T08:07:52.000Z</time>
      </trkpt>
      <trkpt lat="40.173537544906139373779296875" lon="9.49478630907833576202392578125">
        <ele>853</ele>
        <time>2026-09-26T08:07:58.000Z</time>
      </trkpt>
      <trkpt lat="40.17356000840663909912109375" lon="9.494796954095363616943359375">
        <ele>853.4000244140625</ele>
        <time>2026-09-26T08:08:02.000Z</time>
      </trkpt>
      <trkpt lat="40.17356176860630512237548828125" lon="9.49479703791439533233642578125">
        <ele>853.4000244140625</ele>
        <time>2026-09-26T08:08:04.000Z</time>
      </trkpt>
      <trkpt lat="40.17358255572617053985595703125" lon="9.49479267932474613189697265625">
        <ele>853.4000244140625</ele>
        <time>2026-09-26T08:08:09.000Z</time>
      </trkpt>
      <trkpt lat="40.17360694706439971923828125" lon="9.49477608315646648406982421875">
        <ele>853.20001220703125</ele>
        <time>2026-09-26T08:08:13.000Z</time>
      </trkpt>
      <trkpt lat="40.1736225374042987823486328125" lon="9.494763426482677459716796875">
        <ele>853</ele>
        <time>2026-09-26T08:08:16.000Z</time>
      </trkpt>
      <trkpt lat="40.17364826984703540802001953125" lon="9.49475864879786968231201171875">
        <ele>852.79998779296875</ele>
        <time>2026-09-26T08:08:22.000Z</time>
      </trkpt>
      <trkpt lat="40.173675008118152618408203125" lon="9.494754374027252197265625">
        <ele>852.79998779296875</ele>
        <time>2026-09-26T08:08:29.000Z</time>
      </trkpt>
      <trkpt lat="40.17367291264235973358154296875" lon="9.49475328437983989715576171875">
        <ele>852.79998779296875</ele>
        <time>2026-09-26T08:08:33.000Z</time>
      </trkpt>
      <trkpt lat="40.1736880838871002197265625" lon="9.49475244618952274322509765625">
        <ele>852.5999755859375</ele>
        <time>2026-09-26T08:08:36.000Z</time>
      </trkpt>
      <trkpt lat="40.17372739501297473907470703125" lon="9.49478630907833576202392578125">
        <ele>853.4000244140625</ele>
        <time>2026-09-26T08:08:44.000Z</time>
      </trkpt>
      <trkpt lat="40.17373074777424335479736328125" lon="9.49484221637248992919921875">
        <ele>854.5999755859375</ele>
        <time>2026-09-26T08:08:50.000Z</time>
      </trkpt>
      <trkpt lat="40.1737980544567108154296875" lon="9.49483240954577922821044921875">
        <ele>854.4000244140625</ele>
        <time>2026-09-26T08:08:58.000Z</time>
      </trkpt>
      <trkpt lat="40.173882879316806793212890625" lon="9.4947951100766658782958984375">
        <ele>853.20001220703125</ele>
        <time>2026-09-26T08:09:04.000Z</time>
      </trkpt>
      <trkpt lat="40.17395831644535064697265625" lon="9.49476300738751888275146484375">
        <ele>852</ele>
        <time>2026-09-26T08:09:11.000Z</time>
      </trkpt>
      <trkpt lat="40.17398103140294551849365234375" lon="9.4947568885982036590576171875">
        <ele>851.5999755859375</ele>
        <time>2026-09-26T08:09:13.000Z</time>
      </trkpt>
      <trkpt lat="40.1740506850183010101318359375" lon="9.49476518668234348297119140625">
        <ele>851.4000244140625</ele>
        <time>2026-09-26T08:09:19.000Z</time>
      </trkpt>
      <trkpt lat="40.17407205887138843536376953125" lon="9.494772814214229583740234375">
        <ele>851.4000244140625</ele>
        <time>2026-09-26T08:09:21.000Z</time>
      </trkpt>
      <trkpt lat="40.1741923391819000244140625" lon="9.49477273039519786834716796875">
        <ele>850.79998779296875</ele>
        <time>2026-09-26T08:09:31.000Z</time>
      </trkpt>
      <trkpt lat="40.1742290519177913665771484375" lon="9.49476954527199268341064453125">
        <ele>850.4000244140625</ele>
        <time>2026-09-26T08:09:37.000Z</time>
      </trkpt>
      <trkpt lat="40.17430792562663555145263671875" lon="9.4947649352252483367919921875">
        <ele>849.79998779296875</ele>
        <time>2026-09-26T08:09:44.000Z</time>
      </trkpt>
      <trkpt lat="40.17434447072446346282958984375" lon="9.494749344885349273681640625">
        <ele>849</ele>
        <time>2026-09-26T08:09:48.000Z</time>
      </trkpt>
      <trkpt lat="40.1743613183498382568359375" lon="9.49473316781222820281982421875">
        <ele>848.20001220703125</ele>
        <time>2026-09-26T08:09:50.000Z</time>
      </trkpt>
      <trkpt lat="40.17437078990042209625244140625" lon="9.4947342574596405029296875">
        <ele>848</ele>
        <time>2026-09-26T08:09:51.000Z</time>
      </trkpt>
      <trkpt lat="40.17443248070776462554931640625" lon="9.4947441481053829193115234375">
        <ele>847.20001220703125</ele>
        <time>2026-09-26T08:09:56.000Z</time>
      </trkpt>
      <trkpt lat="40.1744550280272960662841796875" lon="9.494760744273662567138671875">
        <ele>847.20001220703125</ele>
        <time>2026-09-26T08:09:58.000Z</time>
      </trkpt>
      <trkpt lat="40.17450557090342044830322265625" lon="9.494807012379169464111328125">
        <ele>847.4000244140625</ele>
        <time>2026-09-26T08:10:03.000Z</time>
      </trkpt>
      <trkpt lat="40.1745706982910633087158203125" lon="9.49485252611339092254638671875">
        <ele>847.4000244140625</ele>
        <time>2026-09-26T08:10:11.000Z</time>
      </trkpt>
      <trkpt lat="40.174574218690395355224609375" lon="9.49485420249402523040771484375">
        <ele>847.4000244140625</ele>
        <time>2026-09-26T08:10:12.000Z</time>
      </trkpt>
      <trkpt lat="40.1745723746716976165771484375" lon="9.494862668216228485107421875">
        <ele>847.5999755859375</ele>
        <time>2026-09-26T08:10:16.000Z</time>
      </trkpt>
      <trkpt lat="40.17457656562328338623046875" lon="9.494872391223907470703125">
        <ele>847.79998779296875</ele>
        <time>2026-09-26T08:10:21.000Z</time>
      </trkpt>
      <trkpt lat="40.17458167858421802520751953125" lon="9.4948772527277469635009765625">
        <ele>847.79998779296875</ele>
        <time>2026-09-26T08:10:24.000Z</time>
      </trkpt>
      <trkpt lat="40.1746012084186077117919921875" lon="9.49488915503025054931640625">
        <ele>847.79998779296875</ele>
        <time>2026-09-26T08:10:32.000Z</time>
      </trkpt>
      <trkpt lat="40.174680165946483612060546875" lon="9.494935758411884307861328125">
        <ele>848.20001220703125</ele>
        <time>2026-09-26T08:10:40.000Z</time>
      </trkpt>
      <trkpt lat="40.174687206745147705078125" lon="9.4949407875537872314453125">
        <ele>848.4000244140625</ele>
        <time>2026-09-26T08:10:41.000Z</time>
      </trkpt>
      <trkpt lat="40.174756944179534912109375" lon="9.494948498904705047607421875">
        <ele>848.20001220703125</ele>
        <time>2026-09-26T08:10:49.000Z</time>
      </trkpt>
      <trkpt lat="40.174829699099063873291015625" lon="9.4949783384799957275390625">
        <ele>848.79998779296875</ele>
        <time>2026-09-26T08:10:56.000Z</time>
      </trkpt>
      <trkpt lat="40.1748536713421344757080078125" lon="9.494997449219226837158203125">
        <ele>849.20001220703125</ele>
        <time>2026-09-26T08:10:58.000Z</time>
      </trkpt>
      <trkpt lat="40.1748768053948879241943359375" lon="9.49501530267298221588134765625">
        <ele>849.5999755859375</ele>
        <time>2026-09-26T08:11:01.000Z</time>
      </trkpt>
      <trkpt lat="40.174891054630279541015625" lon="9.4950227625668048858642578125">
        <ele>849.79998779296875</ele>
        <time>2026-09-26T08:11:04.000Z</time>
      </trkpt>
      <trkpt lat="40.1748925633728504180908203125" lon="9.49502192437648773193359375">
        <ele>849.79998779296875</ele>
        <time>2026-09-26T08:11:05.000Z</time>
      </trkpt>
      <trkpt lat="40.17492927610874176025390625" lon="9.495036341249942779541015625">
        <ele>850.4000244140625</ele>
        <time>2026-09-26T08:11:10.000Z</time>
      </trkpt>
      <trkpt lat="40.1749398373067378997802734375" lon="9.4950515963137149810791015625">
        <ele>851</ele>
        <time>2026-09-26T08:11:12.000Z</time>
      </trkpt>
      <trkpt lat="40.1749710179865360260009765625" lon="9.49505100958049297332763671875">
        <ele>851.5999755859375</ele>
        <time>2026-09-26T08:11:16.000Z</time>
      </trkpt>
      <trkpt lat="40.17499423585832118988037109375" lon="9.4950120337307453155517578125">
        <ele>851.4000244140625</ele>
        <time>2026-09-26T08:11:19.000Z</time>
      </trkpt>
      <trkpt lat="40.1750347204506397247314453125" lon="9.494957216084003448486328125">
        <ele>851.20001220703125</ele>
        <time>2026-09-26T08:11:26.000Z</time>
      </trkpt>
      <trkpt lat="40.1750514842569828033447265625" lon="9.494936428964138031005859375">
        <ele>851</ele>
        <time>2026-09-26T08:11:29.000Z</time>
      </trkpt>
      <trkpt lat="40.17507084645330905914306640625" lon="9.4949312321841716766357421875">
        <ele>851.4000244140625</ele>
        <time>2026-09-26T08:11:33.000Z</time>
      </trkpt>
      <trkpt lat="40.17508543096482753753662109375" lon="9.49492980726063251495361328125">
        <ele>851.5999755859375</ele>
        <time>2026-09-26T08:11:38.000Z</time>
      </trkpt>
      <trkpt lat="40.17508710734546184539794921875" lon="9.49492695741355419158935546875">
        <ele>851.5999755859375</ele>
        <time>2026-09-26T08:11:39.000Z</time>
      </trkpt>
      <trkpt lat="40.175108648836612701416015625" lon="9.49488856829702854156494140625">
        <ele>851</ele>
        <time>2026-09-26T08:11:44.000Z</time>
      </trkpt>
      <trkpt lat="40.17511744983494281768798828125" lon="9.4948725588619709014892578125">
        <ele>850.5999755859375</ele>
        <time>2026-09-26T08:11:46.000Z</time>
      </trkpt>
      <trkpt lat="40.17516799271106719970703125" lon="9.4948470778763294219970703125">
        <ele>850.79998779296875</ele>
        <time>2026-09-26T08:11:53.000Z</time>
      </trkpt>
      <trkpt lat="40.175212584435939788818359375" lon="9.49485688470304012298583984375">
        <ele>851.79998779296875</ele>
        <time>2026-09-26T08:11:57.000Z</time>
      </trkpt>
      <trkpt lat="40.1752330362796783447265625" lon="9.49486476369202136993408203125">
        <ele>852.4000244140625</ele>
        <time>2026-09-26T08:11:59.000Z</time>
      </trkpt>
      <trkpt lat="40.1752389036118984222412109375" lon="9.4948631711304187774658203125">
        <ele>852.4000244140625</ele>
        <time>2026-09-26T08:12:00.000Z</time>
      </trkpt>
      <trkpt lat="40.17530704848468303680419921875" lon="9.494857303798198699951171875">
        <ele>853.20001220703125</ele>
        <time>2026-09-26T08:12:09.000Z</time>
      </trkpt>
      <trkpt lat="40.1753374747931957244873046875" lon="9.49486635625362396240234375">
        <ele>854</ele>
        <time>2026-09-26T08:12:15.000Z</time>
      </trkpt>
      <trkpt lat="40.175342671573162078857421875" lon="9.494869373738765716552734375">
        <ele>854.20001220703125</ele>
        <time>2026-09-26T08:12:16.000Z</time>
      </trkpt>
      <trkpt lat="40.17536655999720096588134765625" lon="9.49485789053142070770263671875">
        <ele>854.79998779296875</ele>
        <time>2026-09-26T08:12:20.000Z</time>
      </trkpt>
      <trkpt lat="40.17537980340421199798583984375" lon="9.4948308169841766357421875">
        <ele>854.79998779296875</ele>
        <time>2026-09-26T08:12:23.000Z</time>
      </trkpt>
      <trkpt lat="40.17538349144160747528076171875" lon="9.49482218362390995025634765625">
        <ele>854.79998779296875</ele>
        <time>2026-09-26T08:12:24.000Z</time>
      </trkpt>
      <trkpt lat="40.1754139177501201629638671875" lon="9.494829140603542327880859375">
        <ele>855.79998779296875</ele>
        <time>2026-09-26T08:12:29.000Z</time>
      </trkpt>
      <trkpt lat="40.17542808316648006439208984375" lon="9.4948370195925235748291015625">
        <ele>856.4000244140625</ele>
        <time>2026-09-26T08:12:31.000Z</time>
      </trkpt>
      <trkpt lat="40.17544166184961795806884765625" lon="9.49484347365796566009521484375">
        <ele>857</ele>
        <time>2026-09-26T08:12:33.000Z</time>
      </trkpt>
      <trkpt lat="40.17545373179018497467041015625" lon="9.4948333315551280975341796875">
        <ele>857.20001220703125</ele>
        <time>2026-09-26T08:12:35.000Z</time>
      </trkpt>
      <trkpt lat="40.1754803024232387542724609375" lon="9.4948195852339267730712890625">
        <ele>857.4000244140625</ele>
        <time>2026-09-26T08:12:38.000Z</time>
      </trkpt>
      <trkpt lat="40.1754863373935222625732421875" lon="9.4948229379951953887939453125">
        <ele>857.5999755859375</ele>
        <time>2026-09-26T08:12:39.000Z</time>
      </trkpt>
      <trkpt lat="40.175543837249279022216796875" lon="9.4948058389127254486083984375">
        <ele>857.5999755859375</ele>
        <time>2026-09-26T08:12:45.000Z</time>
      </trkpt>
      <trkpt lat="40.17557208426296710968017578125" lon="9.49481070041656494140625">
        <ele>857.5999755859375</ele>
        <time>2026-09-26T08:12:48.000Z</time>
      </trkpt>
      <trkpt lat="40.17561282031238079071044921875" lon="9.49485705234110355377197265625">
        <ele>858.4000244140625</ele>
        <time>2026-09-26T08:12:53.000Z</time>
      </trkpt>
      <trkpt lat="40.17561701126396656036376953125" lon="9.49485889635980129241943359375">
        <ele>858.4000244140625</ele>
        <time>2026-09-26T08:12:54.000Z</time>
      </trkpt>
      <trkpt lat="40.175648443400859832763671875" lon="9.49486660771071910858154296875">
        <ele>858.5999755859375</ele>
        <time>2026-09-26T08:12:59.000Z</time>
      </trkpt>
      <trkpt lat="40.1756600104272365570068359375" lon="9.49487063102424144744873046875">
        <ele>858.5999755859375</ele>
        <time>2026-09-26T08:13:00.000Z</time>
      </trkpt>
      <trkpt lat="40.17574341036379337310791015625" lon="9.49490784667432308197021484375">
        <ele>859.4000244140625</ele>
        <time>2026-09-26T08:13:08.000Z</time>
      </trkpt>
      <trkpt lat="40.17581448890268802642822265625" lon="9.49489728547632694244384765625">
        <ele>859.5999755859375</ele>
        <time>2026-09-26T08:13:16.000Z</time>
      </trkpt>
      <trkpt lat="40.175890512764453887939453125" lon="9.49491002596914768218994140625">
        <ele>860.4000244140625</ele>
        <time>2026-09-26T08:13:22.000Z</time>
      </trkpt>
      <trkpt lat="40.17592395655810832977294921875" lon="9.49494187720119953155517578125">
        <ele>861.20001220703125</ele>
        <time>2026-09-26T08:13:25.000Z</time>
      </trkpt>
      <trkpt lat="40.17596418969333171844482421875" lon="9.49495084583759307861328125">
        <ele>861.79998779296875</ele>
        <time>2026-09-26T08:13:28.000Z</time>
      </trkpt>
      <trkpt lat="40.17600827850401401519775390625" lon="9.49495528824627399444580078125">
        <ele>862.20001220703125</ele>
        <time>2026-09-26T08:13:32.000Z</time>
      </trkpt>
      <trkpt lat="40.17607114277780055999755859375" lon="9.49497163295745849609375">
        <ele>862.4000244140625</ele>
        <time>2026-09-26T08:13:37.000Z</time>
      </trkpt>
      <trkpt lat="40.1761692948639392852783203125" lon="9.49497406370937824249267578125">
        <ele>862</ele>
        <time>2026-09-26T08:13:45.000Z</time>
      </trkpt>
      <trkpt lat="40.1762175746262073516845703125" lon="9.49499384500086307525634765625">
        <ele>862.20001220703125</ele>
        <time>2026-09-26T08:13:50.000Z</time>
      </trkpt>
      <trkpt lat="40.17626761458814144134521484375" lon="9.49504044838249683380126953125">
        <ele>862.4000244140625</ele>
        <time>2026-09-26T08:13:54.000Z</time>
      </trkpt>
      <trkpt lat="40.17633886076509952545166015625" lon="9.4951243512332439422607421875">
        <ele>862.79998779296875</ele>
        <time>2026-09-26T08:14:02.000Z</time>
      </trkpt>
      <trkpt lat="40.17645821906626224517822265625" lon="9.495249576866626739501953125">
        <ele>863.20001220703125</ele>
        <time>2026-09-26T08:14:14.000Z</time>
      </trkpt>
      <trkpt lat="40.1765424571931362152099609375" lon="9.495283775031566619873046875">
        <ele>863.20001220703125</ele>
        <time>2026-09-26T08:14:23.000Z</time>
      </trkpt>
      <trkpt lat="40.176613368093967437744140625" lon="9.4953426159918308258056640625">
        <ele>863.5999755859375</ele>
        <time>2026-09-26T08:14:29.000Z</time>
      </trkpt>
      <trkpt lat="40.176635496318340301513671875" lon="9.49535795487463474273681640625">
        <ele>863.5999755859375</ele>
        <time>2026-09-26T08:14:31.000Z</time>
      </trkpt>
      <trkpt lat="40.176715292036533355712890625" lon="9.4953878782689571380615234375">
        <ele>863.5999755859375</ele>
        <time>2026-09-26T08:14:38.000Z</time>
      </trkpt>
      <trkpt lat="40.1767308823764324188232421875" lon="9.49539382942020893096923828125">
        <ele>863.4000244140625</ele>
        <time>2026-09-26T08:14:39.000Z</time>
      </trkpt>
      <trkpt lat="40.1767402701079845428466796875" lon="9.49539734981954097747802734375">
        <ele>863.4000244140625</ele>
        <time>2026-09-26T08:14:40.000Z</time>
      </trkpt>
      <trkpt lat="40.176832638680934906005859375" lon="9.49545719660818576812744140625">
        <ele>863.4000244140625</ele>
        <time>2026-09-26T08:14:48.000Z</time>
      </trkpt>
      <trkpt lat="40.176904387772083282470703125" lon="9.49548267759382724761962890625">
        <ele>862.5999755859375</ele>
        <time>2026-09-26T08:14:54.000Z</time>
      </trkpt>
      <trkpt lat="40.1769377477467060089111328125" lon="9.49549089185893535614013671875">
        <ele>862</ele>
        <time>2026-09-26T08:14:57.000Z</time>
      </trkpt>
      <trkpt lat="40.17698560841381549835205078125" lon="9.49550799094140529632568359375">
        <ele>861.4000244140625</ele>
        <time>2026-09-26T08:15:01.000Z</time>
      </trkpt>
      <trkpt lat="40.1770725287497043609619140625" lon="9.495539255440235137939453125">
        <ele>860</ele>
        <time>2026-09-26T08:15:07.000Z</time>
      </trkpt>
      <trkpt lat="40.17712466418743133544921875" lon="9.4955400936305522918701171875">
        <ele>859</ele>
        <time>2026-09-26T08:15:11.000Z</time>
      </trkpt>
      <trkpt lat="40.17717034555971622467041015625" lon="9.49553799815475940704345703125">
        <ele>857.79998779296875</ele>
        <time>2026-09-26T08:15:15.000Z</time>
      </trkpt>
      <trkpt lat="40.17723237164318561553955078125" lon="9.495515115559101104736328125">
        <ele>856</ele>
        <time>2026-09-26T08:15:22.000Z</time>
      </trkpt>
      <trkpt lat="40.1772529073059558868408203125" lon="9.49551276862621307373046875">
        <ele>855.4000244140625</ele>
        <time>2026-09-26T08:15:24.000Z</time>
      </trkpt>
      <trkpt lat="40.17729238606989383697509765625" lon="9.49551201425492763519287109375">
        <ele>854.4000244140625</ele>
        <time>2026-09-26T08:15:28.000Z</time>
      </trkpt>
      <trkpt lat="40.1773385703563690185546875" lon="9.495518468320369720458984375">
        <ele>853.20001220703125</ele>
        <time>2026-09-26T08:15:32.000Z</time>
      </trkpt>
      <trkpt lat="40.17745382152497768402099609375" lon="9.49552626349031925201416015625">
        <ele>852</ele>
        <time>2026-09-26T08:15:42.000Z</time>
      </trkpt>
      <trkpt lat="40.17754736356437206268310546875" lon="9.49555073864758014678955078125">
        <ele>852.4000244140625</ele>
        <time>2026-09-26T08:15:51.000Z</time>
      </trkpt>
      <trkpt lat="40.17757938243448734283447265625" lon="9.4955709390342235565185546875">
        <ele>852.5999755859375</ele>
        <time>2026-09-26T08:15:54.000Z</time>
      </trkpt>
      <trkpt lat="40.17761777155101299285888671875" lon="9.4956488907337188720703125">
        <ele>853</ele>
        <time>2026-09-26T08:15:59.000Z</time>
      </trkpt>
      <trkpt lat="40.177707709372043609619140625" lon="9.49567814357578754425048828125">
        <ele>853.5999755859375</ele>
        <time>2026-09-26T08:16:06.000Z</time>
      </trkpt>
      <trkpt lat="40.1777548156678676605224609375" lon="9.4957234896719455718994140625">
        <ele>854.4000244140625</ele>
        <time>2026-09-26T08:16:12.000Z</time>
      </trkpt>
      <trkpt lat="40.177788846194744110107421875" lon="9.49573027901351451873779296875">
        <ele>854.79998779296875</ele>
        <time>2026-09-26T08:16:16.000Z</time>
      </trkpt>
      <trkpt lat="40.17781910486519336700439453125" lon="9.49572675861418247222900390625">
        <ele>855</ele>
        <time>2026-09-26T08:16:19.000Z</time>
      </trkpt>
      <trkpt lat="40.17782874405384063720703125" lon="9.49572659097611904144287109375">
        <ele>855.20001220703125</ele>
        <time>2026-09-26T08:16:20.000Z</time>
      </trkpt>
      <trkpt lat="40.17790853977203369140625" lon="9.4957171194255352020263671875">
        <ele>856</ele>
        <time>2026-09-26T08:16:29.000Z</time>
      </trkpt>
      <trkpt lat="40.17794483341276645660400390625" lon="9.49567546136677265167236328125">
        <ele>856.20001220703125</ele>
        <time>2026-09-26T08:16:36.000Z</time>
      </trkpt>
      <trkpt lat="40.1779583282768726348876953125" lon="9.495668672025203704833984375">
        <ele>856.4000244140625</ele>
        <time>2026-09-26T08:16:37.000Z</time>
      </trkpt>
      <trkpt lat="40.17800669185817241668701171875" lon="9.495664648711681365966796875">
        <ele>856.79998779296875</ele>
        <time>2026-09-26T08:16:42.000Z</time>
      </trkpt>
      <trkpt lat="40.178029239177703857421875" lon="9.49567244388163089752197265625">
        <ele>857.20001220703125</ele>
        <time>2026-09-26T08:16:44.000Z</time>
      </trkpt>
      <trkpt lat="40.17806067131459712982177734375" lon="9.49568417854607105255126953125">
        <ele>857.4000244140625</ele>
        <time>2026-09-26T08:16:50.000Z</time>
      </trkpt>
      <trkpt lat="40.17806184478104114532470703125" lon="9.49567747302353382110595703125">
        <ele>857.4000244140625</ele>
        <time>2026-09-26T08:16:51.000Z</time>
      </trkpt>
      <trkpt lat="40.17807148396968841552734375" lon="9.49565132148563861846923828125">
        <ele>857.4000244140625</ele>
        <time>2026-09-26T08:16:57.000Z</time>
      </trkpt>
      <trkpt lat="40.17810643650591373443603515625" lon="9.4956245832145214080810546875">
        <ele>857.5999755859375</ele>
        <time>2026-09-26T08:17:03.000Z</time>
      </trkpt>
      <trkpt lat="40.17810769379138946533203125" lon="9.49562265537679195404052734375">
        <ele>857.5999755859375</ele>
        <time>2026-09-26T08:17:04.000Z</time>
      </trkpt>
      <trkpt lat="40.17810861580073833465576171875" lon="9.49562114663422107696533203125">
        <ele>857.5999755859375</ele>
        <time>2026-09-26T08:17:05.000Z</time>
      </trkpt>
      <trkpt lat="40.17811708152294158935546875" lon="9.49561075307428836822509765625">
        <ele>857.4000244140625</ele>
        <time>2026-09-26T08:17:08.000Z</time>
      </trkpt>
      <trkpt lat="40.17813309095799922943115234375" lon="9.495606310665607452392578125">
        <ele>857.5999755859375</ele>
        <time>2026-09-26T08:17:10.000Z</time>
      </trkpt>
      <trkpt lat="40.17814096994698047637939453125" lon="9.4956044666469097137451171875">
        <ele>857.5999755859375</ele>
        <time>2026-09-26T08:17:14.000Z</time>
      </trkpt>
      <trkpt lat="40.1781499385833740234375" lon="9.495604299008846282958984375">
        <ele>857.5999755859375</ele>
        <time>2026-09-26T08:17:17.000Z</time>
      </trkpt>
      <trkpt lat="40.17816536128520965576171875" lon="9.49560530483722686767578125">
        <ele>857.79998779296875</ele>
        <time>2026-09-26T08:17:19.000Z</time>
      </trkpt>
      <trkpt lat="40.17817349173128604888916015625" lon="9.4956086575984954833984375">
        <ele>857.79998779296875</ele>
        <time>2026-09-26T08:17:24.000Z</time>
      </trkpt>
      <trkpt lat="40.1781732402741909027099609375" lon="9.49560823850333690643310546875">
        <ele>857.79998779296875</ele>
        <time>2026-09-26T08:17:25.000Z</time>
      </trkpt>
      <trkpt lat="40.1781732402741909027099609375" lon="9.49560823850333690643310546875">
        <ele>857.79998779296875</ele>
        <time>2026-09-26T08:17:26.000Z</time>
      </trkpt>
      <trkpt lat="40.1781732402741909027099609375" lon="9.49560823850333690643310546875">
        <ele>857.79998779296875</ele>
        <time>2026-09-26T08:17:29.000Z</time>
      </trkpt>
      <trkpt lat="40.1781732402741909027099609375" lon="9.49560823850333690643310546875">
        <ele>857.79998779296875</ele>
        <time>2026-09-26T08:17:30.000Z</time>
      </trkpt>
      <trkpt lat="40.178238786756992340087890625" lon="9.49553548358380794525146484375">
        <ele>857.5999755859375</ele>
        <time>2026-09-26T08:17:50.000Z</time>
      </trkpt>
      <trkpt lat="40.17831698991358280181884765625" lon="9.49549156241118907928466796875">
        <ele>856.79998779296875</ele>
        <time>2026-09-26T08:17:56.000Z</time>
      </trkpt>
      <trkpt lat="40.17839066684246063232421875" lon="9.495499022305011749267578125">
        <ele>857</ele>
        <time>2026-09-26T08:18:03.000Z</time>
      </trkpt>
      <trkpt lat="40.17840005457401275634765625" lon="9.49547119438648223876953125">
        <ele>856.5999755859375</ele>
        <time>2026-09-26T08:18:06.000Z</time>
      </trkpt>
      <trkpt lat="40.17841522581875324249267578125" lon="9.49546323157846927642822265625">
        <ele>856.4000244140625</ele>
        <time>2026-09-26T08:18:08.000Z</time>
      </trkpt>
      <trkpt lat="40.17843601293861865997314453125" lon="9.4954584538936614990234375">
        <ele>856.20001220703125</ele>
        <time>2026-09-26T08:18:14.000Z</time>
      </trkpt>
      <trkpt lat="40.1784409582614898681640625" lon="9.4954623095691204071044921875">
        <ele>856.20001220703125</ele>
        <time>2026-09-26T08:18:29.000Z</time>
      </trkpt>
      <trkpt lat="40.1784409582614898681640625" lon="9.4954623095691204071044921875">
        <ele>856.20001220703125</ele>
        <time>2026-09-26T08:18:34.000Z</time>
      </trkpt>
      <trkpt lat="40.178440622985363006591796875" lon="9.4954623095691204071044921875">
        <ele>856.20001220703125</ele>
        <time>2026-09-26T08:18:40.000Z</time>
      </trkpt>
      <trkpt lat="40.1784404553472995758056640625" lon="9.495462477207183837890625">
        <ele>856.20001220703125</ele>
        <time>2026-09-26T08:18:44.000Z</time>
      </trkpt>
      <trkpt lat="40.1784404553472995758056640625" lon="9.4954638183116912841796875">
        <ele>856.20001220703125</ele>
        <time>2026-09-26T08:18:48.000Z</time>
      </trkpt>
      <trkpt lat="40.1784407906234264373779296875" lon="9.495468847453594207763671875">
        <ele>856.4000244140625</ele>
        <time>2026-09-26T08:18:54.000Z</time>
      </trkpt>
      <trkpt lat="40.1784411258995532989501953125" lon="9.495468847453594207763671875">
        <ele>856.4000244140625</ele>
        <time>2026-09-26T08:18:58.000Z</time>
      </trkpt>
      <trkpt lat="40.17844120971858501434326171875" lon="9.495468847453594207763671875">
        <ele>856.4000244140625</ele>
        <time>2026-09-26T08:18:59.000Z</time>
      </trkpt>
      <trkpt lat="40.17842612229287624359130859375" lon="9.4954492338001728057861328125">
        <ele>856</ele>
        <time>2026-09-26T08:19:31.000Z</time>
      </trkpt>
      <trkpt lat="40.1784186623990535736083984375" lon="9.49543540365993976593017578125">
        <ele>855.5999755859375</ele>
        <time>2026-09-26T08:19:35.000Z</time>
      </trkpt>
      <trkpt lat="40.17839376814663410186767578125" lon="9.49556867592036724090576171875">
        <ele>858.20001220703125</ele>
        <time>2026-09-26T08:33:20.000Z</time>
      </trkpt>
      <trkpt lat="40.1784183271229267120361328125" lon="9.49540925212204456329345703125">
        <ele>855</ele>
        <time>2026-09-26T08:33:22.000Z</time>
      </trkpt>
      <trkpt lat="40.1784045808017253875732421875" lon="9.49543490074574947357177734375">
        <ele>855.79998779296875</ele>
        <time>2026-09-26T08:33:23.000Z</time>
      </trkpt>
      <trkpt lat="40.17839292995631694793701171875" lon="9.49545015580952167510986328125">
        <ele>856.20001220703125</ele>
        <time>2026-09-26T08:33:25.000Z</time>
      </trkpt>
      <trkpt lat="40.17837725579738616943359375" lon="9.49545015580952167510986328125">
        <ele>856.20001220703125</ele>
        <time>2026-09-26T08:33:27.000Z</time>
      </trkpt>
      <trkpt lat="40.1783864758908748626708984375" lon="9.49546054936945438385009765625">
        <ele>856.4000244140625</ele>
        <time>2026-09-26T08:33:30.000Z</time>
      </trkpt>
      <trkpt lat="40.17838136292994022369384765625" lon="9.49547211639583110809326171875">
        <ele>856.5999755859375</ele>
        <time>2026-09-26T08:33:32.000Z</time>
      </trkpt>
      <trkpt lat="40.17833408899605274200439453125" lon="9.49549575336277484893798828125">
        <ele>857</ele>
        <time>2026-09-26T08:33:39.000Z</time>
      </trkpt>
      <trkpt lat="40.1783271320164203643798828125" lon="9.49549625627696514129638671875">
        <ele>857</ele>
        <time>2026-09-26T08:33:40.000Z</time>
      </trkpt>
      <trkpt lat="40.17829368822276592254638671875" lon="9.49550849385559558868408203125">
        <ele>857.20001220703125</ele>
        <time>2026-09-26T08:33:46.000Z</time>
      </trkpt>
      <trkpt lat="40.17832084558904170989990234375" lon="9.49556079693138599395751953125">
        <ele>858</ele>
        <time>2026-09-26T08:33:54.000Z</time>
      </trkpt>
      <trkpt lat="40.1783442310988903045654296875" lon="9.49561662040650844573974609375">
        <ele>858.4000244140625</ele>
        <time>2026-09-26T08:34:02.000Z</time>
      </trkpt>
      <trkpt lat="40.1783576421439647674560546875" lon="9.49568300507962703704833984375">
        <ele>859</ele>
        <time>2026-09-26T08:34:09.000Z</time>
      </trkpt>
      <trkpt lat="40.17833643592894077301025390625" lon="9.49571904726326465606689453125">
        <ele>859.20001220703125</ele>
        <time>2026-09-26T08:34:12.000Z</time>
      </trkpt>
      <trkpt lat="40.17833459191024303436279296875" lon="9.49572994373738765716552734375">
        <ele>859.20001220703125</ele>
        <time>2026-09-26T08:34:13.000Z</time>
      </trkpt>
      <trkpt lat="40.1783244498074054718017578125" lon="9.49577755294740200042724609375">
        <ele>859.5999755859375</ele>
        <time>2026-09-26T08:34:17.000Z</time>
      </trkpt>
      <trkpt lat="40.178327970206737518310546875" lon="9.4958532415330410003662109375">
        <ele>860.20001220703125</ele>
        <time>2026-09-26T08:34:24.000Z</time>
      </trkpt>
      <trkpt lat="40.17834565602242946624755859375" lon="9.49588023126125335693359375">
        <ele>860.5999755859375</ele>
        <time>2026-09-26T08:34:27.000Z</time>
      </trkpt>
      <trkpt lat="40.17838262021541595458984375" lon="9.495909400284290313720703125">
        <ele>860.79998779296875</ele>
        <time>2026-09-26T08:34:31.000Z</time>
      </trkpt>
      <trkpt lat="40.178395695984363555908203125" lon="9.495942927896976470947265625">
        <ele>861.20001220703125</ele>
        <time>2026-09-26T08:34:34.000Z</time>
      </trkpt>
      <trkpt lat="40.17839812673628330230712890625" lon="9.49595223180949687957763671875">
        <ele>861.20001220703125</ele>
        <time>2026-09-26T08:34:35.000Z</time>
      </trkpt>
      <trkpt lat="40.17841883003711700439453125" lon="9.49600939638912677764892578125">
        <ele>861.79998779296875</ele>
        <time>2026-09-26T08:34:39.000Z</time>
      </trkpt>
      <trkpt lat="40.17842846922576427459716796875" lon="9.49604191817343235015869140625">
        <ele>862</ele>
        <time>2026-09-26T08:34:41.000Z</time>
      </trkpt>
      <trkpt lat="40.17844162881374359130859375" lon="9.49604845605790615081787109375">
        <ele>862.20001220703125</ele>
        <time>2026-09-26T08:34:43.000Z</time>
      </trkpt>
      <trkpt lat="40.17846417613327503204345703125" lon="9.4961207918822765350341796875">
        <ele>862.79998779296875</ele>
        <time>2026-09-26T08:34:49.000Z</time>
      </trkpt>
      <trkpt lat="40.17848714254796504974365234375" lon="9.49623160064220428466796875">
        <ele>865</ele>
        <time>2026-09-26T08:34:58.000Z</time>
      </trkpt>
      <trkpt lat="40.17850876785814762115478515625" lon="9.4963142462074756622314453125">
        <ele>866.5999755859375</ele>
        <time>2026-09-26T08:35:05.000Z</time>
      </trkpt>
      <trkpt lat="40.17851346172392368316650390625" lon="9.4963229633867740631103515625">
        <ele>866.79998779296875</ele>
        <time>2026-09-26T08:35:06.000Z</time>
      </trkpt>
      <trkpt lat="40.178592838346958160400390625" lon="9.49637434445321559906005859375">
        <ele>868.20001220703125</ele>
        <time>2026-09-26T08:35:16.000Z</time>
      </trkpt>
      <trkpt lat="40.17860147170722484588623046875" lon="9.4963802956044673919677734375">
        <ele>868.4000244140625</ele>
        <time>2026-09-26T08:35:17.000Z</time>
      </trkpt>
      <trkpt lat="40.1785916648805141448974609375" lon="9.4964403100311756134033203125">
        <ele>869.4000244140625</ele>
        <time>2026-09-26T08:35:23.000Z</time>
      </trkpt>
      <trkpt lat="40.17859661020338535308837890625" lon="9.49651658535003662109375">
        <ele>870.5999755859375</ele>
        <time>2026-09-26T08:35:30.000Z</time>
      </trkpt>
      <trkpt lat="40.1786027289927005767822265625" lon="9.49652588926255702972412109375">
        <ele>870.79998779296875</ele>
        <time>2026-09-26T08:35:31.000Z</time>
      </trkpt>
      <trkpt lat="40.17864237539470195770263671875" lon="9.4965286552906036376953125">
        <ele>871.4000244140625</ele>
        <time>2026-09-26T08:35:37.000Z</time>
      </trkpt>
      <trkpt lat="40.17866349779069423675537109375" lon="9.4965331815183162689208984375">
        <ele>871.5999755859375</ele>
        <time>2026-09-26T08:35:40.000Z</time>
      </trkpt>
      <trkpt lat="40.17869836650788784027099609375" lon="9.49655673466622829437255859375">
        <ele>872.4000244140625</ele>
        <time>2026-09-26T08:35:44.000Z</time>
      </trkpt>
      <trkpt lat="40.17871110700070858001708984375" lon="9.496571235358715057373046875">
        <ele>872.5999755859375</ele>
        <time>2026-09-26T08:35:46.000Z</time>
      </trkpt>
      <trkpt lat="40.1787502504885196685791015625" lon="9.4965828023850917816162109375">
        <ele>873.20001220703125</ele>
        <time>2026-09-26T08:35:50.000Z</time>
      </trkpt>
      <trkpt lat="40.17879811115562915802001953125" lon="9.49660032056272029876708984375">
        <ele>873.79998779296875</ele>
        <time>2026-09-26T08:35:57.000Z</time>
      </trkpt>
      <trkpt lat="40.17887254245579242706298828125" lon="9.4966283999383449554443359375">
        <ele>874.79998779296875</ele>
        <time>2026-09-26T08:36:05.000Z</time>
      </trkpt>
      <trkpt lat="40.1789135299623012542724609375" lon="9.49664005078375339508056640625">
        <ele>875.4000244140625</ele>
        <time>2026-09-26T08:36:10.000Z</time>
      </trkpt>
      <trkpt lat="40.17893054522573947906494140625" lon="9.49665145017206668853759765625">
        <ele>875.5999755859375</ele>
        <time>2026-09-26T08:36:12.000Z</time>
      </trkpt>
      <trkpt lat="40.1789668388664722442626953125" lon="9.4966642744839191436767578125">
        <ele>876.20001220703125</ele>
        <time>2026-09-26T08:36:15.000Z</time>
      </trkpt>
      <trkpt lat="40.17897563986480236053466796875" lon="9.4966676272451877593994140625">
        <ele>876.20001220703125</ele>
        <time>2026-09-26T08:36:16.000Z</time>
      </trkpt>
      <trkpt lat="40.1790399290621280670166015625" lon="9.49668698944151401519775390625">
        <ele>877</ele>
        <time>2026-09-26T08:36:22.000Z</time>
      </trkpt>
      <trkpt lat="40.17909835092723369598388671875" lon="9.49669252149760723114013671875">
        <ele>877.4000244140625</ele>
        <time>2026-09-26T08:36:26.000Z</time>
      </trkpt>
      <trkpt lat="40.17913070507347583770751953125" lon="9.49670232832431793212890625">
        <ele>877.5999755859375</ele>
        <time>2026-09-26T08:36:29.000Z</time>
      </trkpt>
      <trkpt lat="40.17914059571921825408935546875" lon="9.4967021606862545013427734375">
        <ele>877.5999755859375</ele>
        <time>2026-09-26T08:36:30.000Z</time>
      </trkpt>
      <trkpt lat="40.17919340170919895172119140625" lon="9.49672386981546878814697265625">
        <ele>878</ele>
        <time>2026-09-26T08:36:34.000Z</time>
      </trkpt>
      <trkpt lat="40.17921552993357181549072265625" lon="9.49673661030828952789306640625">
        <ele>878.20001220703125</ele>
        <time>2026-09-26T08:36:36.000Z</time>
      </trkpt>
      <trkpt lat="40.179235897958278656005859375" lon="9.49675974436104297637939453125">
        <ele>878.5999755859375</ele>
        <time>2026-09-26T08:36:39.000Z</time>
      </trkpt>
      <trkpt lat="40.17923765815794467926025390625" lon="9.49676745571196079254150390625">
        <ele>878.5999755859375</ele>
        <time>2026-09-26T08:36:40.000Z</time>
      </trkpt>
      <trkpt lat="40.17924897372722625732421875" lon="9.49678673408925533294677734375">
        <ele>879</ele>
        <time>2026-09-26T08:36:42.000Z</time>
      </trkpt>
      <trkpt lat="40.17926037311553955078125" lon="9.49679494835436344146728515625">
        <ele>879</ele>
        <time>2026-09-26T08:36:43.000Z</time>
      </trkpt>
      <trkpt lat="40.1792702637612819671630859375" lon="9.49680416844785213470458984375">
        <ele>879.20001220703125</ele>
        <time>2026-09-26T08:36:44.000Z</time>
      </trkpt>
      <trkpt lat="40.1793011091649532318115234375" lon="9.49683912098407745361328125">
        <ele>879.5999755859375</ele>
        <time>2026-09-26T08:36:50.000Z</time>
      </trkpt>
      <trkpt lat="40.17930622212588787078857421875" lon="9.4968681223690509796142578125">
        <ele>880</ele>
        <time>2026-09-26T08:36:52.000Z</time>
      </trkpt>
      <trkpt lat="40.1793272607028484344482421875" lon="9.496925957500934600830078125">
        <ele>880.79998779296875</ele>
        <time>2026-09-26T08:36:57.000Z</time>
      </trkpt>
      <trkpt lat="40.17936271615326404571533203125" lon="9.497035257518291473388671875">
        <ele>881.5999755859375</ele>
        <time>2026-09-26T08:37:05.000Z</time>
      </trkpt>
      <trkpt lat="40.17936875112354755401611328125" lon="9.49705009348690509796142578125">
        <ele>881.79998779296875</ele>
        <time>2026-09-26T08:37:06.000Z</time>
      </trkpt>
      <trkpt lat="40.17938098870217800140380859375" lon="9.4970790110528469085693359375">
        <ele>882</ele>
        <time>2026-09-26T08:37:08.000Z</time>
      </trkpt>
      <trkpt lat="40.17941703088581562042236328125" lon="9.4971299730241298675537109375">
        <ele>882.4000244140625</ele>
        <time>2026-09-26T08:37:12.000Z</time>
      </trkpt>
      <trkpt lat="40.17941258847713470458984375" lon="9.49722410179674625396728515625">
        <ele>883</ele>
        <time>2026-09-26T08:37:19.000Z</time>
      </trkpt>
      <trkpt lat="40.1794110797345638275146484375" lon="9.49726198799908161163330078125">
        <ele>883.20001220703125</ele>
        <time>2026-09-26T08:37:22.000Z</time>
      </trkpt>
      <trkpt lat="40.17940144054591655731201171875" lon="9.4973170571029186248779296875">
        <ele>883.4000244140625</ele>
        <time>2026-09-26T08:37:27.000Z</time>
      </trkpt>
      <trkpt lat="40.17943496815860271453857421875" lon="9.49737413786351680755615234375">
        <ele>883.5999755859375</ele>
        <time>2026-09-26T08:37:33.000Z</time>
      </trkpt>
      <trkpt lat="40.17944636754691600799560546875" lon="9.49739123694598674774169921875">
        <ele>883.5999755859375</ele>
        <time>2026-09-26T08:37:35.000Z</time>
      </trkpt>
      <trkpt lat="40.179479308426380157470703125" lon="9.49744555167853832244873046875">
        <ele>883.79998779296875</ele>
        <time>2026-09-26T08:37:39.000Z</time>
      </trkpt>
      <trkpt lat="40.17950688488781452178955078125" lon="9.49747606180608272552490234375">
        <ele>884</ele>
        <time>2026-09-26T08:37:42.000Z</time>
      </trkpt>
      <trkpt lat="40.179523564875125885009765625" lon="9.49749919585883617401123046875">
        <ele>884</ele>
        <time>2026-09-26T08:37:44.000Z</time>
      </trkpt>
      <trkpt lat="40.17953488044440746307373046875" lon="9.49750154279172420501708984375">
        <ele>884</ele>
        <time>2026-09-26T08:37:45.000Z</time>
      </trkpt>
      <trkpt lat="40.17957083880901336669921875" lon="9.49750774540007114410400390625">
        <ele>884</ele>
        <time>2026-09-26T08:37:49.000Z</time>
      </trkpt>
      <trkpt lat="40.1795689947903156280517578125" lon="9.4975061528384685516357421875">
        <ele>884</ele>
        <time>2026-09-26T08:37:51.000Z</time>
      </trkpt>
      <trkpt lat="40.17953756265342235565185546875" lon="9.49753523804247379302978515625">
        <ele>884.20001220703125</ele>
        <time>2026-09-26T08:37:55.000Z</time>
      </trkpt>
      <trkpt lat="40.17953236587345600128173828125" lon="9.4975480623543262481689453125">
        <ele>884.20001220703125</ele>
        <time>2026-09-26T08:37:56.000Z</time>
      </trkpt>
      <trkpt lat="40.17954963259398937225341796875" lon="9.49758016504347324371337890625">
        <ele>884.20001220703125</ele>
        <time>2026-09-26T08:37:59.000Z</time>
      </trkpt>
      <trkpt lat="40.17956840805709362030029296875" lon="9.49758133850991725921630859375">
        <ele>884.20001220703125</ele>
        <time>2026-09-26T08:38:01.000Z</time>
      </trkpt>
      <trkpt lat="40.179577879607677459716796875" lon="9.49757672846317291259765625">
        <ele>884.20001220703125</ele>
        <time>2026-09-26T08:38:02.000Z</time>
      </trkpt>
      <trkpt lat="40.179639570415019989013671875" lon="9.4975950010120868682861328125">
        <ele>884.20001220703125</ele>
        <time>2026-09-26T08:38:07.000Z</time>
      </trkpt>
      <trkpt lat="40.17965273000299930572509765625" lon="9.4976043887436389923095703125">
        <ele>884.20001220703125</ele>
        <time>2026-09-26T08:38:08.000Z</time>
      </trkpt>
      <trkpt lat="40.17967276275157928466796875" lon="9.4976149499416351318359375">
        <ele>884.20001220703125</ele>
        <time>2026-09-26T08:38:10.000Z</time>
      </trkpt>
      <trkpt lat="40.179705955088138580322265625" lon="9.497654847800731658935546875">
        <ele>884</ele>
        <time>2026-09-26T08:38:14.000Z</time>
      </trkpt>
      <trkpt lat="40.17972582019865512847900390625" lon="9.4976939074695110321044921875">
        <ele>884</ele>
        <time>2026-09-26T08:38:17.000Z</time>
      </trkpt>
      <trkpt lat="40.17973269335925579071044921875" lon="9.49772584252059459686279296875">
        <ele>884</ele>
        <time>2026-09-26T08:38:20.000Z</time>
      </trkpt>
      <trkpt lat="40.17973135225474834442138671875" lon="9.49774009175598621368408203125">
        <ele>884.20001220703125</ele>
        <time>2026-09-26T08:38:21.000Z</time>
      </trkpt>
      <trkpt lat="40.1797265745699405670166015625" lon="9.4978263415396213531494140625">
        <ele>884.5999755859375</ele>
        <time>2026-09-26T08:38:27.000Z</time>
      </trkpt>
      <trkpt lat="40.1797275803983211517333984375" lon="9.497839249670505523681640625">
        <ele>884.5999755859375</ele>
        <time>2026-09-26T08:38:28.000Z</time>
      </trkpt>
      <trkpt lat="40.17976001836359500885009765625" lon="9.4979153573513031005859375">
        <ele>884.5999755859375</ele>
        <time>2026-09-26T08:38:35.000Z</time>
      </trkpt>
      <trkpt lat="40.17975029535591602325439453125" lon="9.49806128628551959991455078125">
        <ele>885.20001220703125</ele>
        <time>2026-09-26T08:38:42.000Z</time>
      </trkpt>
      <trkpt lat="40.17974493093788623809814453125" lon="9.498140998184680938720703125">
        <ele>885.79998779296875</ele>
        <time>2026-09-26T08:38:48.000Z</time>
      </trkpt>
      <trkpt lat="40.17976320348680019378662109375" lon="9.498167149722576141357421875">
        <ele>885.79998779296875</ele>
        <time>2026-09-26T08:38:51.000Z</time>
      </trkpt>
      <trkpt lat="40.179804861545562744140625" lon="9.49818701483309268951416015625">
        <ele>885.79998779296875</ele>
        <time>2026-09-26T08:38:55.000Z</time>
      </trkpt>
      <trkpt lat="40.17981684766709804534912109375" lon="9.49819640256464481353759765625">
        <ele>885.5999755859375</ele>
        <time>2026-09-26T08:38:56.000Z</time>
      </trkpt>
      <trkpt lat="40.179848112165927886962890625" lon="9.498217105865478515625">
        <ele>885.5999755859375</ele>
        <time>2026-09-26T08:38:59.000Z</time>
      </trkpt>
      <trkpt lat="40.1798700727522373199462890625" lon="9.49823831208050251007080078125">
        <ele>885.5999755859375</ele>
        <time>2026-09-26T08:39:03.000Z</time>
      </trkpt>
      <trkpt lat="40.179878287017345428466796875" lon="9.49823982082307338714599609375">
        <ele>885.5999755859375</ele>
        <time>2026-09-26T08:39:04.000Z</time>
      </trkpt>
      <trkpt lat="40.17989127896726131439208984375" lon="9.49823923408985137939453125">
        <ele>885.4000244140625</ele>
        <time>2026-09-26T08:39:05.000Z</time>
      </trkpt>
      <trkpt lat="40.17990770749747753143310546875" lon="9.498240239918231964111328125">
        <ele>885.4000244140625</ele>
        <time>2026-09-26T08:39:06.000Z</time>
      </trkpt>
      <trkpt lat="40.17993285320699214935302734375" lon="9.49823252856731414794921875">
        <ele>885.20001220703125</ele>
        <time>2026-09-26T08:39:08.000Z</time>
      </trkpt>
      <trkpt lat="40.17997006885707378387451171875" lon="9.49823361821472644805908203125">
        <ele>885</ele>
        <time>2026-09-26T08:39:11.000Z</time>
      </trkpt>
      <trkpt lat="40.180014073848724365234375" lon="9.49823713861405849456787109375">
        <ele>885</ele>
        <time>2026-09-26T08:39:15.000Z</time>
      </trkpt>
      <trkpt lat="40.1800373755395412445068359375" lon="9.49823512695729732513427734375">
        <ele>884.79998779296875</ele>
        <time>2026-09-26T08:39:17.000Z</time>
      </trkpt>
      <trkpt lat="40.1800715737044811248779296875" lon="9.49825256131589412689208984375">
        <ele>884.79998779296875</ele>
        <time>2026-09-26T08:39:20.000Z</time>
      </trkpt>
      <trkpt lat="40.1802137307822704315185546875" lon="9.498302601277828216552734375">
        <ele>884.4000244140625</ele>
        <time>2026-09-26T08:39:30.000Z</time>
      </trkpt>
      <trkpt lat="40.18022387288510799407958984375" lon="9.49830436147749423980712890625">
        <ele>884.4000244140625</ele>
        <time>2026-09-26T08:39:31.000Z</time>
      </trkpt>
      <trkpt lat="40.18029562197625637054443359375" lon="9.498309977352619171142578125">
        <ele>884</ele>
        <time>2026-09-26T08:39:38.000Z</time>
      </trkpt>
      <trkpt lat="40.180360414087772369384765625" lon="9.49832347221672534942626953125">
        <ele>883.5999755859375</ele>
        <time>2026-09-26T08:39:43.000Z</time>
      </trkpt>
      <trkpt lat="40.180419422686100006103515625" lon="9.498332776129245758056640625">
        <ele>883.4000244140625</ele>
        <time>2026-09-26T08:39:47.000Z</time>
      </trkpt>
      <trkpt lat="40.1804990507662296295166015625" lon="9.4983228854835033416748046875">
        <ele>882.79998779296875</ele>
        <time>2026-09-26T08:39:52.000Z</time>
      </trkpt>
      <trkpt lat="40.1805250346660614013671875" lon="9.4983337819576263427734375">
        <ele>882.79998779296875</ele>
        <time>2026-09-26T08:39:54.000Z</time>
      </trkpt>
      <trkpt lat="40.18053718842566013336181640625" lon="9.498344175517559051513671875">
        <ele>882.79998779296875</ele>
        <time>2026-09-26T08:39:55.000Z</time>
      </trkpt>
      <trkpt lat="40.180585384368896484375" lon="9.49837979860603809356689453125">
        <ele>882.4000244140625</ele>
        <time>2026-09-26T08:40:00.000Z</time>
      </trkpt>
      <trkpt lat="40.1805935986340045928955078125" lon="9.4983755238354206085205078125">
        <ele>882.4000244140625</ele>
        <time>2026-09-26T08:40:01.000Z</time>
      </trkpt>
      <trkpt lat="40.18066476099193096160888671875" lon="9.49836756102740764617919921875">
        <ele>882.20001220703125</ele>
        <time>2026-09-26T08:40:07.000Z</time>
      </trkpt>
      <trkpt lat="40.18067054450511932373046875" lon="9.49837963096797466278076171875">
        <ele>882</ele>
        <time>2026-09-26T08:40:08.000Z</time>
      </trkpt>
      <trkpt lat="40.1807280443608760833740234375" lon="9.4985062815248966217041015625">
        <ele>881.4000244140625</ele>
        <time>2026-09-26T08:40:16.000Z</time>
      </trkpt>
      <trkpt lat="40.18072745762765407562255859375" lon="9.49852061457931995391845703125">
        <ele>881.4000244140625</ele>
        <time>2026-09-26T08:40:17.000Z</time>
      </trkpt>
      <trkpt lat="40.18072980456054210662841796875" lon="9.49854693375527858734130859375">
        <ele>881.20001220703125</ele>
        <time>2026-09-26T08:40:19.000Z</time>
      </trkpt>
      <trkpt lat="40.18074606545269489288330078125" lon="9.49859688989818096160888671875">
        <ele>881</ele>
        <time>2026-09-26T08:40:23.000Z</time>
      </trkpt>
      <trkpt lat="40.18074338324368000030517578125" lon="9.49864567257463932037353515625">
        <ele>880.20001220703125</ele>
        <time>2026-09-26T08:40:27.000Z</time>
      </trkpt>
      <trkpt lat="40.1807458139955997467041015625" lon="9.498659335076808929443359375">
        <ele>880</ele>
        <time>2026-09-26T08:40:29.000Z</time>
      </trkpt>
      <trkpt lat="40.180743634700775146484375" lon="9.498670399188995361328125">
        <ele>879.79998779296875</ele>
        <time>2026-09-26T08:40:30.000Z</time>
      </trkpt>
      <trkpt lat="40.1807216741144657135009765625" lon="9.49869562871754169464111328125">
        <ele>879.4000244140625</ele>
        <time>2026-09-26T08:40:35.000Z</time>
      </trkpt>
      <trkpt lat="40.180716477334499359130859375" lon="9.4986878335475921630859375">
        <ele>879.5999755859375</ele>
        <time>2026-09-26T08:40:43.000Z</time>
      </trkpt>
      <trkpt lat="40.180716477334499359130859375" lon="9.4986893422901630401611328125">
        <ele>879.5999755859375</ele>
        <time>2026-09-26T08:40:53.000Z</time>
      </trkpt>
      <trkpt lat="40.18071656115353107452392578125" lon="9.4986893422901630401611328125">
        <ele>879.5999755859375</ele>
        <time>2026-09-26T08:40:55.000Z</time>
      </trkpt>
      <trkpt lat="40.1807169802486896514892578125" lon="9.4986893422901630401611328125">
        <ele>879.5999755859375</ele>
        <time>2026-09-26T08:40:58.000Z</time>
      </trkpt>
      <trkpt lat="40.180662833154201507568359375" lon="9.49871725402772426605224609375">
        <ele>879.5999755859375</ele>
        <time>2026-09-26T08:41:11.000Z</time>
      </trkpt>
      <trkpt lat="40.18058664165437221527099609375" lon="9.49877626262605190277099609375">
        <ele>879.5999755859375</ele>
        <time>2026-09-26T08:41:19.000Z</time>
      </trkpt>
      <trkpt lat="40.18054992891848087310791015625" lon="9.4987936131656169891357421875">
        <ele>880.20001220703125</ele>
        <time>2026-09-26T08:41:23.000Z</time>
      </trkpt>
      <trkpt lat="40.1805355958640575408935546875" lon="9.498814232647418975830078125">
        <ele>880.4000244140625</ele>
        <time>2026-09-26T08:41:25.000Z</time>
      </trkpt>
      <trkpt lat="40.18052478320896625518798828125" lon="9.49882471002638339996337890625">
        <ele>880.4000244140625</ele>
        <time>2026-09-26T08:41:26.000Z</time>
      </trkpt>
      <trkpt lat="40.18045739270746707916259765625" lon="9.498864524066448211669921875">
        <ele>881.4000244140625</ele>
        <time>2026-09-26T08:41:33.000Z</time>
      </trkpt>
      <trkpt lat="40.1804392039775848388671875" lon="9.4988824613392353057861328125">
        <ele>881.4000244140625</ele>
        <time>2026-09-26T08:41:36.000Z</time>
      </trkpt>
      <trkpt lat="40.18041632138192653656005859375" lon="9.49889637529850006103515625">
        <ele>881.5999755859375</ele>
        <time>2026-09-26T08:41:38.000Z</time>
      </trkpt>
      <trkpt lat="40.18037491478025913238525390625" lon="9.4989361055195331573486328125">
        <ele>881.4000244140625</ele>
        <time>2026-09-26T08:41:43.000Z</time>
      </trkpt>
      <trkpt lat="40.18036787398159503936767578125" lon="9.49894331395626068115234375">
        <ele>881.4000244140625</ele>
        <time>2026-09-26T08:41:44.000Z</time>
      </trkpt>
      <trkpt lat="40.18034373410046100616455078125" lon="9.4989863969385623931884765625">
        <ele>881</ele>
        <time>2026-09-26T08:41:49.000Z</time>
      </trkpt>
      <trkpt lat="40.180261172354221343994140625" lon="9.499015398323535919189453125">
        <ele>882.20001220703125</ele>
        <time>2026-09-26T08:41:56.000Z</time>
      </trkpt>
      <trkpt lat="40.18019311130046844482421875" lon="9.498989246785640716552734375">
        <ele>884.20001220703125</ele>
        <time>2026-09-26T08:42:02.000Z</time>
      </trkpt>
      <trkpt lat="40.18011809326708316802978515625" lon="9.49903476051986217498779296875">
        <ele>884.20001220703125</ele>
        <time>2026-09-26T08:42:10.000Z</time>
      </trkpt>
      <trkpt lat="40.18011323176324367523193359375" lon="9.4990591518580913543701171875">
        <ele>884</ele>
        <time>2026-09-26T08:42:12.000Z</time>
      </trkpt>
      <trkpt lat="40.18009780906140804290771484375" lon="9.49909351766109466552734375">
        <ele>884</ele>
        <time>2026-09-26T08:42:15.000Z</time>
      </trkpt>
      <trkpt lat="40.18008020706474781036376953125" lon="9.49911220930516719818115234375">
        <ele>884.20001220703125</ele>
        <time>2026-09-26T08:42:17.000Z</time>
      </trkpt>
      <trkpt lat="40.180055983364582061767578125" lon="9.49914841912686824798583984375">
        <ele>884.4000244140625</ele>
        <time>2026-09-26T08:42:20.000Z</time>
      </trkpt>
      <trkpt lat="40.1800021715462207794189453125" lon="9.49924103915691375732421875">
        <ele>884.4000244140625</ele>
        <time>2026-09-26T08:42:26.000Z</time>
      </trkpt>
      <trkpt lat="40.17999052070081233978271484375" lon="9.4992690347135066986083984375">
        <ele>884.5999755859375</ele>
        <time>2026-09-26T08:42:28.000Z</time>
      </trkpt>
      <trkpt lat="40.1799669675529003143310546875" lon="9.499276578426361083984375">
        <ele>885</ele>
        <time>2026-09-26T08:42:31.000Z</time>
      </trkpt>
      <trkpt lat="40.179957412183284759521484375" lon="9.49930482544004917144775390625">
        <ele>885.20001220703125</ele>
        <time>2026-09-26T08:42:34.000Z</time>
      </trkpt>
      <trkpt lat="40.17995598725974559783935546875" lon="9.4993176497519016265869140625">
        <ele>885.20001220703125</ele>
        <time>2026-09-26T08:42:35.000Z</time>
      </trkpt>
      <trkpt lat="40.179935954511165618896484375" lon="9.49936500750482082366943359375">
        <ele>885.5999755859375</ele>
        <time>2026-09-26T08:42:38.000Z</time>
      </trkpt>
      <trkpt lat="40.17992530949413776397705078125" lon="9.49939191341400146484375">
        <ele>885.79998779296875</ele>
        <time>2026-09-26T08:42:40.000Z</time>
      </trkpt>
      <trkpt lat="40.1799000799655914306640625" lon="9.49942569248378276824951171875">
        <ele>886</ele>
        <time>2026-09-26T08:42:44.000Z</time>
      </trkpt>
      <trkpt lat="40.17988675273954868316650390625" lon="9.49946357868611812591552734375">
        <ele>886.20001220703125</ele>
        <time>2026-09-26T08:42:48.000Z</time>
      </trkpt>
      <trkpt lat="40.1798875071108341217041015625" lon="9.499480091035366058349609375">
        <ele>886.20001220703125</ele>
        <time>2026-09-26T08:42:49.000Z</time>
      </trkpt>
      <trkpt lat="40.17988490872085094451904296875" lon="9.4994963519275188446044921875">
        <ele>886</ele>
        <time>2026-09-26T08:42:50.000Z</time>
      </trkpt>
      <trkpt lat="40.17987971194088459014892578125" lon="9.499520994722843170166015625">
        <ele>886</ele>
        <time>2026-09-26T08:42:52.000Z</time>
      </trkpt>
      <trkpt lat="40.1798801310360431671142578125" lon="9.49955896474421024322509765625">
        <ele>886</ele>
        <time>2026-09-26T08:42:55.000Z</time>
      </trkpt>
      <trkpt lat="40.1798824779689311981201171875" lon="9.4995744712650775909423828125">
        <ele>885.79998779296875</ele>
        <time>2026-09-26T08:42:56.000Z</time>
      </trkpt>
      <trkpt lat="40.1798824779689311981201171875" lon="9.49960355646908283233642578125">
        <ele>885.79998779296875</ele>
        <time>2026-09-26T08:42:58.000Z</time>
      </trkpt>
      <trkpt lat="40.1798777841031551361083984375" lon="9.49962669052183628082275390625">
        <ele>885.79998779296875</ele>
        <time>2026-09-26T08:43:00.000Z</time>
      </trkpt>
      <trkpt lat="40.1798828132450580596923828125" lon="9.499647729098796844482421875">
        <ele>885.5999755859375</ele>
        <time>2026-09-26T08:43:02.000Z</time>
      </trkpt>
      <trkpt lat="40.1798858307301998138427734375" lon="9.49967513792216777801513671875">
        <ele>885.4000244140625</ele>
        <time>2026-09-26T08:43:04.000Z</time>
      </trkpt>
      <trkpt lat="40.17985515296459197998046875" lon="9.4996955059468746185302734375">
        <ele>886</ele>
        <time>2026-09-26T08:43:07.000Z</time>
      </trkpt>
      <trkpt lat="40.1798201166093349456787109375" lon="9.49970816262066364288330078125">
        <ele>886.79998779296875</ele>
        <time>2026-09-26T08:43:10.000Z</time>
      </trkpt>
      <trkpt lat="40.17978298477828502655029296875" lon="9.49971201829612255096435546875">
        <ele>887.5999755859375</ele>
        <time>2026-09-26T08:43:13.000Z</time>
      </trkpt>
      <trkpt lat="40.1797498762607574462890625" lon="9.49970967136323451995849609375">
        <ele>888.4000244140625</ele>
        <time>2026-09-26T08:43:16.000Z</time>
      </trkpt>
      <trkpt lat="40.179738141596317291259765625" lon="9.49970179237425327301025390625">
        <ele>888.5999755859375</ele>
        <time>2026-09-26T08:43:17.000Z</time>
      </trkpt>
      <trkpt lat="40.17969631589949131011962890625" lon="9.4996831007301807403564453125">
        <ele>889.4000244140625</ele>
        <time>2026-09-26T08:43:20.000Z</time>
      </trkpt>
      <trkpt lat="40.17959824763238430023193359375" lon="9.499690644443035125732421875">
        <ele>891.4000244140625</ele>
        <time>2026-09-26T08:43:29.000Z</time>
      </trkpt>
      <trkpt lat="40.179517529904842376708984375" lon="9.4997280277311801910400390625">
        <ele>894</ele>
        <time>2026-09-26T08:43:38.000Z</time>
      </trkpt>
      <trkpt lat="40.179502107203006744384765625" lon="9.499736241996288299560546875">
        <ele>894.4000244140625</ele>
        <time>2026-09-26T08:43:42.000Z</time>
      </trkpt>
      <trkpt lat="40.17947335727512836456298828125" lon="9.4997514970600605010986328125">
        <ele>895</ele>
        <time>2026-09-26T08:43:45.000Z</time>
      </trkpt>
      <trkpt lat="40.179431028664112091064453125" lon="9.49979617260396480560302734375">
        <ele>896</ele>
        <time>2026-09-26T08:43:52.000Z</time>
      </trkpt>
      <trkpt lat="40.17942658625543117523193359375" lon="9.49979365803301334381103515625">
        <ele>896.20001220703125</ele>
        <time>2026-09-26T08:44:00.000Z</time>
      </trkpt>
      <trkpt lat="40.1794268377125263214111328125" lon="9.4997930712997913360595703125">
        <ele>896.20001220703125</ele>
        <time>2026-09-26T08:44:05.000Z</time>
      </trkpt>
      <trkpt lat="40.1794268377125263214111328125" lon="9.49979801662266254425048828125">
        <ele>896.20001220703125</ele>
        <time>2026-09-26T08:44:20.000Z</time>
      </trkpt>
      <trkpt lat="40.1794268377125263214111328125" lon="9.4997982680797576904296875">
        <ele>896.20001220703125</ele>
        <time>2026-09-26T08:44:21.000Z</time>
      </trkpt>
      <trkpt lat="40.17942725680768489837646484375" lon="9.49980002827942371368408203125">
        <ele>896.20001220703125</ele>
        <time>2026-09-26T08:44:24.000Z</time>
      </trkpt>
      <trkpt lat="40.17942725680768489837646484375" lon="9.49980019591748714447021484375">
        <ele>896.20001220703125</ele>
        <time>2026-09-26T08:44:26.000Z</time>
      </trkpt>
      <trkpt lat="40.17944653518497943878173828125" lon="9.49978158809244632720947265625">
        <ele>895.79998779296875</ele>
        <time>2026-09-26T08:44:35.000Z</time>
      </trkpt>
      <trkpt lat="40.17951828427612781524658203125" lon="9.4997233338654041290283203125">
        <ele>893.79998779296875</ele>
        <time>2026-09-26T08:44:41.000Z</time>
      </trkpt>
      <trkpt lat="40.1795515604317188262939453125" lon="9.49970900081098079681396484375">
        <ele>892.79998779296875</ele>
        <time>2026-09-26T08:44:44.000Z</time>
      </trkpt>
      <trkpt lat="40.1795943081378936767578125" lon="9.4997246749699115753173828125">
        <ele>892</ele>
        <time>2026-09-26T08:44:48.000Z</time>
      </trkpt>
      <trkpt lat="40.179665051400661468505859375" lon="9.49980639852583408355712890625">
        <ele>889.79998779296875</ele>
        <time>2026-09-26T08:44:56.000Z</time>
      </trkpt>
      <trkpt lat="40.179734118282794952392578125" lon="9.49988317675888538360595703125">
        <ele>887.4000244140625</ele>
        <time>2026-09-26T08:45:04.000Z</time>
      </trkpt>
      <trkpt lat="40.1797632873058319091796875" lon="9.49994369409978389739990234375">
        <ele>886.4000244140625</ele>
        <time>2026-09-26T08:45:10.000Z</time>
      </trkpt>
      <trkpt lat="40.17976337112486362457275390625" lon="9.49994914233684539794921875">
        <ele>886.4000244140625</ele>
        <time>2026-09-26T08:45:11.000Z</time>
      </trkpt>
      <trkpt lat="40.17978080548346042633056640625" lon="9.4999211467802524566650390625">
        <ele>885.5999755859375</ele>
        <time>2026-09-26T08:45:16.000Z</time>
      </trkpt>
      <trkpt lat="40.17979488708078861236572265625" lon="9.4999013654887676239013671875">
        <ele>885.20001220703125</ele>
        <time>2026-09-26T08:45:21.000Z</time>
      </trkpt>
      <trkpt lat="40.1797969825565814971923828125" lon="9.499900527298450469970703125">
        <ele>885.20001220703125</ele>
        <time>2026-09-26T08:45:22.000Z</time>
      </trkpt>
      <trkpt lat="40.1798184402287006378173828125" lon="9.49991553090512752532958984375">
        <ele>884.4000244140625</ele>
        <time>2026-09-26T08:45:26.000Z</time>
      </trkpt>
      <trkpt lat="40.1798264868557453155517578125" lon="9.4999278523027896881103515625">
        <ele>884</ele>
        <time>2026-09-26T08:45:28.000Z</time>
      </trkpt>
      <trkpt lat="40.1798343658447265625" lon="9.49994285590946674346923828125">
        <ele>883.79998779296875</ele>
        <time>2026-09-26T08:45:36.000Z</time>
      </trkpt>
      <trkpt lat="40.1798343658447265625" lon="9.49994285590946674346923828125">
        <ele>883.79998779296875</ele>
        <time>2026-09-26T08:45:39.000Z</time>
      </trkpt>
      <trkpt lat="40.1798343658447265625" lon="9.49994285590946674346923828125">
        <ele>883.79998779296875</ele>
        <time>2026-09-26T08:45:42.000Z</time>
      </trkpt>
      <trkpt lat="40.1798343658447265625" lon="9.49994285590946674346923828125">
        <ele>883.79998779296875</ele>
        <time>2026-09-26T08:45:44.000Z</time>
      </trkpt>
      <trkpt lat="40.17983394674956798553466796875" lon="9.49994252063333988189697265625">
        <ele>883.79998779296875</ele>
        <time>2026-09-26T08:45:49.000Z</time>
      </trkpt>
      <trkpt lat="40.1798271574079990386962890625" lon="9.4999462924897670745849609375">
        <ele>884</ele>
        <time>2026-09-26T08:46:36.000Z</time>
      </trkpt>
      <trkpt lat="40.1798268221318721771240234375" lon="9.49994738213717937469482421875">
        <ele>884</ele>
        <time>2026-09-26T08:46:49.000Z</time>
      </trkpt>
      <trkpt lat="40.17982673831284046173095703125" lon="9.49994771741330623626708984375">
        <ele>884</ele>
        <time>2026-09-26T08:46:52.000Z</time>
      </trkpt>
      <trkpt lat="40.17982657067477703094482421875" lon="9.4999479688704013824462890625">
        <ele>884</ele>
        <time>2026-09-26T08:46:55.000Z</time>
      </trkpt>
      <trkpt lat="40.1798264868557453155517578125" lon="9.499948136508464813232421875">
        <ele>884</ele>
        <time>2026-09-26T08:46:56.000Z</time>
      </trkpt>
      <trkpt lat="40.17982640303671360015869140625" lon="9.49994822032749652862548828125">
        <ele>884</ele>
        <time>2026-09-26T08:46:57.000Z</time>
      </trkpt>
      <trkpt lat="40.1798214577138423919677734375" lon="9.49994805268943309783935546875">
        <ele>884.20001220703125</ele>
        <time>2026-09-26T08:47:17.000Z</time>
      </trkpt>
      <trkpt lat="40.1798207871615886688232421875" lon="9.49994771741330623626708984375">
        <ele>884.20001220703125</ele>
        <time>2026-09-26T08:47:21.000Z</time>
      </trkpt>
      <trkpt lat="40.1798207871615886688232421875" lon="9.499946124851703643798828125">
        <ele>884.20001220703125</ele>
        <time>2026-09-26T08:47:37.000Z</time>
      </trkpt>
      <trkpt lat="40.1798236370086669921875" lon="9.49994335882365703582763671875">
        <ele>884.20001220703125</ele>
        <time>2026-09-26T08:47:55.000Z</time>
      </trkpt>
      <trkpt lat="40.179825313389301300048828125" lon="9.49994285590946674346923828125">
        <ele>884</ele>
        <time>2026-09-26T08:48:02.000Z</time>
      </trkpt>
      <trkpt lat="40.1797882653772830963134765625" lon="9.49993262998759746551513671875">
        <ele>885.4000244140625</ele>
        <time>2026-09-26T08:48:11.000Z</time>
      </trkpt>
      <trkpt lat="40.1797027699649333953857421875" lon="9.49986339546740055084228515625">
        <ele>888.4000244140625</ele>
        <time>2026-09-26T08:48:19.000Z</time>
      </trkpt>
      <trkpt lat="40.1796427555382251739501953125" lon="9.4998118467628955841064453125">
        <ele>890.5999755859375</ele>
        <time>2026-09-26T08:48:26.000Z</time>
      </trkpt>
      <trkpt lat="40.1796330325305461883544921875" lon="9.4997991062700748443603515625">
        <ele>891</ele>
        <time>2026-09-26T08:48:29.000Z</time>
      </trkpt>
      <trkpt lat="40.17962389625608921051025390625" lon="9.4997913949191570281982421875">
        <ele>891.20001220703125</ele>
        <time>2026-09-26T08:48:31.000Z</time>
      </trkpt>
      <trkpt lat="40.1796209625899791717529296875" lon="9.4997679255902767181396484375">
        <ele>891.4000244140625</ele>
        <time>2026-09-26T08:48:36.000Z</time>
      </trkpt>
      <trkpt lat="40.1795840822160243988037109375" lon="9.49973146431148052215576171875">
        <ele>892.20001220703125</ele>
        <time>2026-09-26T08:48:41.000Z</time>
      </trkpt>
      <trkpt lat="40.17952792346477508544921875" lon="9.499735571444034576416015625">
        <ele>893.5999755859375</ele>
        <time>2026-09-26T08:48:48.000Z</time>
      </trkpt>
      <trkpt lat="40.1794657297432422637939453125" lon="9.49975962750613689422607421875">
        <ele>895.20001220703125</ele>
        <time>2026-09-26T08:48:55.000Z</time>
      </trkpt>
      <trkpt lat="40.17943111248314380645751953125" lon="9.4998265989124774932861328125">
        <ele>896.20001220703125</ele>
        <time>2026-09-26T08:49:02.000Z</time>
      </trkpt>
      <trkpt lat="40.1794221438467502593994140625" lon="9.49985166080296039581298828125">
        <ele>896.79998779296875</ele>
        <time>2026-09-26T08:49:04.000Z</time>
      </trkpt>
      <trkpt lat="40.1794161088764667510986328125" lon="9.49985970743000507354736328125">
        <ele>897</ele>
        <time>2026-09-26T08:49:05.000Z</time>
      </trkpt>
      <trkpt lat="40.17938978970050811767578125" lon="9.4998949952423572540283203125">
        <ele>898.20001220703125</ele>
        <time>2026-09-26T08:49:11.000Z</time>
      </trkpt>
      <trkpt lat="40.17937947995960712432861328125" lon="9.49989943765103816986083984375">
        <ele>898.4000244140625</ele>
        <time>2026-09-26T08:49:12.000Z</time>
      </trkpt>
      <trkpt lat="40.17932868562638759613037109375" lon="9.499930702149868011474609375">
        <ele>899.79998779296875</ele>
        <time>2026-09-26T08:49:18.000Z</time>
      </trkpt>
      <trkpt lat="40.1792534999549388885498046875" lon="9.4999270141124725341796875">
        <ele>900.79998779296875</ele>
        <time>2026-09-26T08:49:24.000Z</time>
      </trkpt>
      <trkpt lat="40.17924050800502300262451171875" lon="9.49993363581597805023193359375">
        <ele>901.20001220703125</ele>
        <time>2026-09-26T08:49:25.000Z</time>
      </trkpt>
      <trkpt lat="40.1791555993258953094482421875" lon="9.4999556802213191986083984375">
        <ele>903.5999755859375</ele>
        <time>2026-09-26T08:49:31.000Z</time>
      </trkpt>
      <trkpt lat="40.17914126627147197723388671875" lon="9.49995878152549266815185546875">
        <ele>903.79998779296875</ele>
        <time>2026-09-26T08:49:32.000Z</time>
      </trkpt>
      <trkpt lat="40.1791281066834926605224609375" lon="9.4999674148857593536376953125">
        <ele>904.4000244140625</ele>
        <time>2026-09-26T08:49:33.000Z</time>
      </trkpt>
      <trkpt lat="40.17909851856529712677001953125" lon="9.49997722171247005462646484375">
        <ele>905.20001220703125</ele>
        <time>2026-09-26T08:49:36.000Z</time>
      </trkpt>
      <trkpt lat="40.179073624312877655029296875" lon="9.49999272823333740234375">
        <ele>905.79998779296875</ele>
        <time>2026-09-26T08:49:39.000Z</time>
      </trkpt>
      <trkpt lat="40.17906121909618377685546875" lon="9.4999982602894306182861328125">
        <ele>905.79998779296875</ele>
        <time>2026-09-26T08:49:40.000Z</time>
      </trkpt>
      <trkpt lat="40.17904202453792095184326171875" lon="9.500016868114471435546875">
        <ele>905.20001220703125</ele>
        <time>2026-09-26T08:49:42.000Z</time>
      </trkpt>
      <trkpt lat="40.1790322177112102508544921875" lon="9.50002826750278472900390625">
        <ele>904.79998779296875</ele>
        <time>2026-09-26T08:49:43.000Z</time>
      </trkpt>
      <trkpt lat="40.17900891602039337158203125" lon="9.50004461221396923065185546875">
        <ele>904.20001220703125</ele>
        <time>2026-09-26T08:49:45.000Z</time>
      </trkpt>
      <trkpt lat="40.178979076445102691650390625" lon="9.5000488869845867156982421875">
        <ele>903.79998779296875</ele>
        <time>2026-09-26T08:49:47.000Z</time>
      </trkpt>
      <trkpt lat="40.17885762266814708709716796875" lon="9.50004880316555500030517578125">
        <ele>902</ele>
        <time>2026-09-26T08:49:56.000Z</time>
      </trkpt>
      <trkpt lat="40.17874245531857013702392578125" lon="9.500062465667724609375">
        <ele>898.5999755859375</ele>
        <time>2026-09-26T08:50:05.000Z</time>
      </trkpt>
      <trkpt lat="40.1787301339209079742431640625" lon="9.50007428415119647979736328125">
        <ele>898</ele>
        <time>2026-09-26T08:50:07.000Z</time>
      </trkpt>
      <trkpt lat="40.17871613614261150360107421875" lon="9.500086605548858642578125">
        <ele>897.4000244140625</ele>
        <time>2026-09-26T08:50:09.000Z</time>
      </trkpt>
      <trkpt lat="40.17868839204311370849609375" lon="9.50007931329309940338134765625">
        <ele>897.5999755859375</ele>
        <time>2026-09-26T08:50:11.000Z</time>
      </trkpt>
      <trkpt lat="40.17862075008451938629150390625" lon="9.50007495470345020294189453125">
        <ele>897.5999755859375</ele>
        <time>2026-09-26T08:50:17.000Z</time>
      </trkpt>
      <trkpt lat="40.17861320637166500091552734375" lon="9.5000830851495265960693359375">
        <ele>897.20001220703125</ele>
        <time>2026-09-26T08:50:18.000Z</time>
      </trkpt>
      <trkpt lat="40.17856643535196781158447265625" lon="9.50013614259660243988037109375">
        <ele>894</ele>
        <time>2026-09-26T08:50:24.000Z</time>
      </trkpt>
      <trkpt lat="40.17855830490589141845703125" lon="9.5001494698226451873779296875">
        <ele>893.20001220703125</ele>
        <time>2026-09-26T08:50:25.000Z</time>
      </trkpt>
      <trkpt lat="40.17854631878435611724853515625" lon="9.50016397051513195037841796875">
        <ele>892.4000244140625</ele>
        <time>2026-09-26T08:50:26.000Z</time>
      </trkpt>
      <trkpt lat="40.17852050252258777618408203125" lon="9.50018324889242649078369140625">
        <ele>891</ele>
        <time>2026-09-26T08:50:28.000Z</time>
      </trkpt>
      <trkpt lat="40.17845361493527889251708984375" lon="9.5002034492790699005126953125">
        <ele>889.20001220703125</ele>
        <time>2026-09-26T08:50:33.000Z</time>
      </trkpt>
      <trkpt lat="40.17843215726315975189208984375" lon="9.50022733770310878753662109375">
        <ele>887.79998779296875</ele>
        <time>2026-09-26T08:50:36.000Z</time>
      </trkpt>
      <trkpt lat="40.1784153096377849578857421875" lon="9.5002399943768978118896484375">
        <ele>887.20001220703125</ele>
        <time>2026-09-26T08:50:38.000Z</time>
      </trkpt>
      <trkpt lat="40.17840399406850337982177734375" lon="9.50024091638624668121337890625">
        <ele>887</ele>
        <time>2026-09-26T08:50:39.000Z</time>
      </trkpt>
      <trkpt lat="40.17836258746683597564697265625" lon="9.5002527348697185516357421875">
        <ele>886.20001220703125</ele>
        <time>2026-09-26T08:50:42.000Z</time>
      </trkpt>
      <trkpt lat="40.1783331669867038726806640625" lon="9.50027100741863250732421875">
        <ele>885</ele>
        <time>2026-09-26T08:50:45.000Z</time>
      </trkpt>
      <trkpt lat="40.17832897603511810302734375" lon="9.50028307735919952392578125">
        <ele>884.20001220703125</ele>
        <time>2026-09-26T08:50:47.000Z</time>
      </trkpt>
      <trkpt lat="40.17824540846049785614013671875" lon="9.5002933032810688018798828125">
        <ele>882.20001220703125</ele>
        <time>2026-09-26T08:50:55.000Z</time>
      </trkpt>
      <trkpt lat="40.178177095949649810791015625" lon="9.50032138265669345855712890625">
        <ele>877.79998779296875</ele>
        <time>2026-09-26T08:51:03.000Z</time>
      </trkpt>
      <trkpt lat="40.1781578175723552703857421875" lon="9.50032071210443973541259765625">
        <ele>877.5999755859375</ele>
        <time>2026-09-26T08:51:05.000Z</time>
      </trkpt>
      <trkpt lat="40.1781284809112548828125" lon="9.5003321953117847442626953125">
        <ele>875.5999755859375</ele>
        <time>2026-09-26T08:51:08.000Z</time>
      </trkpt>
      <trkpt lat="40.17811381258070468902587890625" lon="9.50033982284367084503173828125">
        <ele>874.5999755859375</ele>
        <time>2026-09-26T08:51:10.000Z</time>
      </trkpt>
      <trkpt lat="40.1780324243009090423583984375" lon="9.50033915229141712188720703125">
        <ele>873.4000244140625</ele>
        <time>2026-09-26T08:51:20.000Z</time>
      </trkpt>
      <trkpt lat="40.17795346677303314208984375" lon="9.5003224723041057586669921875">
        <ele>876</ele>
        <time>2026-09-26T08:51:28.000Z</time>
      </trkpt>
      <trkpt lat="40.1779469288885593414306640625" lon="9.50033529661595821380615234375">
        <ele>875</ele>
        <time>2026-09-26T08:51:30.000Z</time>
      </trkpt>
      <trkpt lat="40.1779264770448207855224609375" lon="9.50034736655652523040771484375">
        <ele>874.4000244140625</ele>
        <time>2026-09-26T08:51:32.000Z</time>
      </trkpt>
      <trkpt lat="40.17787693999707698822021484375" lon="9.50036915950477123260498046875">
        <ele>873.5999755859375</ele>
        <time>2026-09-26T08:51:39.000Z</time>
      </trkpt>
      <trkpt lat="40.177792869508266448974609375" lon="9.5003720931708812713623046875">
        <ele>875.79998779296875</ele>
        <time>2026-09-26T08:51:48.000Z</time>
      </trkpt>
      <trkpt lat="40.177695639431476593017578125" lon="9.50033261440694332122802734375">
        <ele>884.20001220703125</ele>
        <time>2026-09-26T08:51:56.000Z</time>
      </trkpt>
      <trkpt lat="40.1775979064404964447021484375" lon="9.50033311732113361358642578125">
        <ele>889.79998779296875</ele>
        <time>2026-09-26T08:52:04.000Z</time>
      </trkpt>
      <trkpt lat="40.1775730960071086883544921875" lon="9.50033395551145076751708984375">
        <ele>891.20001220703125</ele>
        <time>2026-09-26T08:52:06.000Z</time>
      </trkpt>
      <trkpt lat="40.17756479792296886444091796875" lon="9.500334374606609344482421875">
        <ele>891.5999755859375</ele>
        <time>2026-09-26T08:52:07.000Z</time>
      </trkpt>
      <trkpt lat="40.17751182429492473602294921875" lon="9.50035281479358673095703125">
        <ele>893.5999755859375</ele>
        <time>2026-09-26T08:52:12.000Z</time>
      </trkpt>
      <trkpt lat="40.17746865749359130859375" lon="9.50037603266537189483642578125">
        <ele>895.5999755859375</ele>
        <time>2026-09-26T08:52:16.000Z</time>
      </trkpt>
      <trkpt lat="40.17742197029292583465576171875" lon="9.50037133879959583282470703125">
        <ele>899.4000244140625</ele>
        <time>2026-09-26T08:52:20.000Z</time>
      </trkpt>
      <trkpt lat="40.1773451082408428192138671875" lon="9.50038902461528778076171875">
        <ele>902.20001220703125</ele>
        <time>2026-09-26T08:52:27.000Z</time>
      </trkpt>
      <trkpt lat="40.177210830152034759521484375" lon="9.5003747753798961639404296875">
        <ele>908.4000244140625</ele>
        <time>2026-09-26T08:52:36.000Z</time>
      </trkpt>
      <trkpt lat="40.17718006856739521026611328125" lon="9.50037485919892787933349609375">
        <ele>910</ele>
        <time>2026-09-26T08:52:40.000Z</time>
      </trkpt>
      <trkpt lat="40.17715291120111942291259765625" lon="9.5003928802907466888427734375">
        <ele>911</ele>
        <time>2026-09-26T08:52:43.000Z</time>
      </trkpt>
      <trkpt lat="40.1771308667957782745361328125" lon="9.5003935508430004119873046875">
        <ele>912.20001220703125</ele>
        <time>2026-09-26T08:52:45.000Z</time>
      </trkpt>
      <trkpt lat="40.17706967890262603759765625" lon="9.5003995858132839202880859375">
        <ele>913</ele>
        <time>2026-09-26T08:52:50.000Z</time>
      </trkpt>
      <trkpt lat="40.17705970443785190582275390625" lon="9.5003999210894107818603515625">
        <ele>913.20001220703125</ele>
        <time>2026-09-26T08:52:51.000Z</time>
      </trkpt>
      <trkpt lat="40.17702416516840457916259765625" lon="9.50041660107672214508056640625">
        <ele>913.4000244140625</ele>
        <time>2026-09-26T08:52:55.000Z</time>
      </trkpt>
      <trkpt lat="40.17701460979878902435302734375" lon="9.5004180260002613067626953125">
        <ele>913.5999755859375</ele>
        <time>2026-09-26T08:52:56.000Z</time>
      </trkpt>
      <trkpt lat="40.17700756900012493133544921875" lon="9.50042028911411762237548828125">
        <ele>913.5999755859375</ele>
        <time>2026-09-26T08:52:57.000Z</time>
      </trkpt>
      <trkpt lat="40.17700186930596828460693359375" lon="9.5004254020750522613525390625">
        <ele>913.5999755859375</ele>
        <time>2026-09-26T08:52:58.000Z</time>
      </trkpt>
      <trkpt lat="40.17699717544019222259521484375" lon="9.5004297606647014617919921875">
        <ele>913.4000244140625</ele>
        <time>2026-09-26T08:52:59.000Z</time>
      </trkpt>
      <trkpt lat="40.17698141746222972869873046875" lon="9.50043789111077785491943359375">
        <ele>913</ele>
        <time>2026-09-26T08:53:04.000Z</time>
      </trkpt>
      <trkpt lat="40.176962725818157196044921875" lon="9.50048432685434818267822265625">
        <ele>910.79998779296875</ele>
        <time>2026-09-26T08:53:11.000Z</time>
      </trkpt>
      <trkpt lat="40.176945626735687255859375" lon="9.5005410723388195037841796875">
        <ele>908</ele>
        <time>2026-09-26T08:53:18.000Z</time>
      </trkpt>
      <trkpt lat="40.17690899781882762908935546875" lon="9.5005876757204532623291015625">
        <ele>905</ele>
        <time>2026-09-26T08:53:24.000Z</time>
      </trkpt>
      <trkpt lat="40.17689759843051433563232421875" lon="9.50061173178255558013916015625">
        <ele>903.4000244140625</ele>
        <time>2026-09-26T08:53:26.000Z</time>
      </trkpt>
      <trkpt lat="40.17688988707959651947021484375" lon="9.5006423257291316986083984375">
        <ele>901.20001220703125</ele>
        <time>2026-09-26T08:53:30.000Z</time>
      </trkpt>
      <trkpt lat="40.176889635622501373291015625" lon="9.50064291246235370635986328125">
        <ele>901.20001220703125</ele>
        <time>2026-09-26T08:53:31.000Z</time>
      </trkpt>
      <trkpt lat="40.17688988707959651947021484375" lon="9.50064090080559253692626953125">
        <ele>901.4000244140625</ele>
        <time>2026-09-26T08:53:34.000Z</time>
      </trkpt>
      <trkpt lat="40.1768898032605648040771484375" lon="9.5006399787962436676025390625">
        <ele>901.4000244140625</ele>
        <time>2026-09-26T08:53:37.000Z</time>
      </trkpt>
      <trkpt lat="40.1768898032605648040771484375" lon="9.50064006261527538299560546875">
        <ele>901.4000244140625</ele>
        <time>2026-09-26T08:53:39.000Z</time>
      </trkpt>
      <trkpt lat="40.17686272971332073211669921875" lon="9.5005922019481658935546875">
        <ele>904.5999755859375</ele>
        <time>2026-09-26T08:53:48.000Z</time>
      </trkpt>
      <trkpt lat="40.17682551406323909759521484375" lon="9.50052640400826930999755859375">
        <ele>908.20001220703125</ele>
        <time>2026-09-26T08:53:53.000Z</time>
      </trkpt>
      <trkpt lat="40.176774971187114715576171875" lon="9.5004857517778873443603515625">
        <ele>909.5999755859375</ele>
        <time>2026-09-26T08:53:57.000Z</time>
      </trkpt>
      <trkpt lat="40.17675627954304218292236328125" lon="9.5004733465611934661865234375">
        <ele>910</ele>
        <time>2026-09-26T08:53:59.000Z</time>
      </trkpt>
      <trkpt lat="40.17670129425823688507080078125" lon="9.5004756934940814971923828125">
        <ele>908.79998779296875</ele>
        <time>2026-09-26T08:54:05.000Z</time>
      </trkpt>
      <trkpt lat="40.17668318934738636016845703125" lon="9.50046957470476627349853515625">
        <ele>908.79998779296875</ele>
        <time>2026-09-26T08:54:07.000Z</time>
      </trkpt>
      <trkpt lat="40.17667028121650218963623046875" lon="9.5004750229418277740478515625">
        <ele>908.4000244140625</ele>
        <time>2026-09-26T08:54:09.000Z</time>
      </trkpt>
      <trkpt lat="40.176653601229190826416015625" lon="9.50048164464533329010009765625">
        <ele>907.5999755859375</ele>
        <time>2026-09-26T08:54:12.000Z</time>
      </trkpt>
      <trkpt lat="40.1766477338969707489013671875" lon="9.50048482976853847503662109375">
        <ele>907.4000244140625</ele>
        <time>2026-09-26T08:54:13.000Z</time>
      </trkpt>
      <trkpt lat="40.1766279526054859161376953125" lon="9.5005011744797229766845703125">
        <ele>906</ele>
        <time>2026-09-26T08:54:17.000Z</time>
      </trkpt>
      <trkpt lat="40.17660372890532016754150390625" lon="9.5005152560770511627197265625">
        <ele>904.79998779296875</ele>
        <time>2026-09-26T08:54:20.000Z</time>
      </trkpt>
      <trkpt lat="40.17653147689998149871826171875" lon="9.500536210834980010986328125">
        <ele>902.4000244140625</ele>
        <time>2026-09-26T08:54:28.000Z</time>
      </trkpt>
      <trkpt lat="40.1765209995210170745849609375" lon="9.50053880922496318817138671875">
        <ele>902.20001220703125</ele>
        <time>2026-09-26T08:54:29.000Z</time>
      </trkpt>
      <trkpt lat="40.1765035651624202728271484375" lon="9.5005524717271327972412109375">
        <ele>901.4000244140625</ele>
        <time>2026-09-26T08:54:32.000Z</time>
      </trkpt>
      <trkpt lat="40.1764971949160099029541015625" lon="9.5005605183541774749755859375">
        <ele>901</ele>
        <time>2026-09-26T08:54:35.000Z</time>
      </trkpt>
      <trkpt lat="40.17649744637310504913330078125" lon="9.5005611889064311981201171875">
        <ele>901</ele>
        <time>2026-09-26T08:54:36.000Z</time>
      </trkpt>
      <trkpt lat="40.176498703658580780029296875" lon="9.5005632005631923675537109375">
        <ele>900.79998779296875</ele>
        <time>2026-09-26T08:54:42.000Z</time>
      </trkpt>
      <trkpt lat="40.1764990389347076416015625" lon="9.50056261382997035980224609375">
        <ele>900.79998779296875</ele>
        <time>2026-09-26T08:54:47.000Z</time>
      </trkpt>
      <trkpt lat="40.1764990389347076416015625" lon="9.50056261382997035980224609375">
        <ele>900.79998779296875</ele>
        <time>2026-09-26T08:54:48.000Z</time>
      </trkpt>
      <trkpt lat="40.1764990389347076416015625" lon="9.50056261382997035980224609375">
        <ele>900.79998779296875</ele>
        <time>2026-09-26T08:54:51.000Z</time>
      </trkpt>
      <trkpt lat="40.1764990389347076416015625" lon="9.50056261382997035980224609375">
        <ele>900.79998779296875</ele>
        <time>2026-09-26T08:54:53.000Z</time>
      </trkpt>
      <trkpt lat="40.176483951508998870849609375" lon="9.50056697241961956024169921875">
        <ele>900.5999755859375</ele>
        <time>2026-09-26T08:54:55.000Z</time>
      </trkpt>
      <trkpt lat="40.17647422850131988525390625" lon="9.50056110508739948272705078125">
        <ele>900.5999755859375</ele>
        <time>2026-09-26T08:54:56.000Z</time>
      </trkpt>
      <trkpt lat="40.17643542028963565826416015625" lon="9.50053386390209197998046875">
        <ele>901.5999755859375</ele>
        <time>2026-09-26T08:55:00.000Z</time>
      </trkpt>
      <trkpt lat="40.17640071921050548553466796875" lon="9.5005102269351482391357421875">
        <ele>902.4000244140625</ele>
        <time>2026-09-26T08:55:03.000Z</time>
      </trkpt>
      <trkpt lat="40.17634523101150989532470703125" lon="9.5004921220242977142333984375">
        <ele>902.79998779296875</ele>
        <time>2026-09-26T08:55:09.000Z</time>
      </trkpt>
      <trkpt lat="40.1763416267931461334228515625" lon="9.5004971511662006378173828125">
        <ele>902.4000244140625</ele>
        <time>2026-09-26T08:55:10.000Z</time>
      </trkpt>
      <trkpt lat="40.1763369329273700714111328125" lon="9.5004994980990886688232421875">
        <ele>902.20001220703125</ele>
        <time>2026-09-26T08:55:11.000Z</time>
      </trkpt>
      <trkpt lat="40.176296532154083251953125" lon="9.500510729849338531494140625">
        <ele>901.4000244140625</ele>
        <time>2026-09-26T08:55:15.000Z</time>
      </trkpt>
      <trkpt lat="40.17628588713705539703369140625" lon="9.500510729849338531494140625">
        <ele>901.5999755859375</ele>
        <time>2026-09-26T08:55:16.000Z</time>
      </trkpt>
      <trkpt lat="40.17624079249799251556396484375" lon="9.5005048625171184539794921875">
        <ele>902.79998779296875</ele>
        <time>2026-09-26T08:55:21.000Z</time>
      </trkpt>
      <trkpt lat="40.1761582307517528533935546875" lon="9.50049673207104206085205078125">
        <ele>904.20001220703125</ele>
        <time>2026-09-26T08:55:29.000Z</time>
      </trkpt>
      <trkpt lat="40.1760948635637760162353515625" lon="9.50050880201160907745361328125">
        <ele>904</ele>
        <time>2026-09-26T08:55:35.000Z</time>
      </trkpt>
      <trkpt lat="40.17606326378881931304931640625" lon="9.50051181949675083160400390625">
        <ele>904.20001220703125</ele>
        <time>2026-09-26T08:55:38.000Z</time>
      </trkpt>
      <trkpt lat="40.17601632513105869293212890625" lon="9.500528834760189056396484375">
        <ele>903.79998779296875</ele>
        <time>2026-09-26T08:55:42.000Z</time>
      </trkpt>
      <trkpt lat="40.1759882457554340362548828125" lon="9.50053545646369457244873046875">
        <ele>905.20001220703125</ele>
        <time>2026-09-26T08:55:45.000Z</time>
      </trkpt>
      <trkpt lat="40.1759751699864864349365234375" lon="9.5005326904356479644775390625">
        <ele>906.4000244140625</ele>
        <time>2026-09-26T08:55:46.000Z</time>
      </trkpt>
      <trkpt lat="40.17594893462955951690673828125" lon="9.50053243897855281829833984375">
        <ele>908.5999755859375</ele>
        <time>2026-09-26T08:55:48.000Z</time>
      </trkpt>
      <trkpt lat="40.1759238727390766143798828125" lon="9.50053897686302661895751953125">
        <ele>910.79998779296875</ele>
        <time>2026-09-26T08:55:51.000Z</time>
      </trkpt>
      <trkpt lat="40.17590233124792575836181640625" lon="9.500547610223293304443359375">
        <ele>912.4000244140625</ele>
        <time>2026-09-26T08:55:54.000Z</time>
      </trkpt>
      <trkpt lat="40.1758886687457561492919921875" lon="9.5005682297050952911376953125">
        <ele>913.4000244140625</ele>
        <time>2026-09-26T08:55:57.000Z</time>
      </trkpt>
      <trkpt lat="40.17588238231837749481201171875" lon="9.500573761761188507080078125">
        <ele>913.79998779296875</ele>
        <time>2026-09-26T08:55:58.000Z</time>
      </trkpt>
      <trkpt lat="40.17586813308298587799072265625" lon="9.50058482587337493896484375">
        <ele>915</ele>
        <time>2026-09-26T08:56:00.000Z</time>
      </trkpt>
      <trkpt lat="40.1758561469614505767822265625" lon="9.5005859993398189544677734375">
        <ele>916</ele>
        <time>2026-09-26T08:56:01.000Z</time>
      </trkpt>
      <trkpt lat="40.17581432126462459564208984375" lon="9.50059597380459308624267578125">
        <ele>919.5999755859375</ele>
        <time>2026-09-26T08:56:05.000Z</time>
      </trkpt>
      <trkpt lat="40.17579026520252227783203125" lon="9.50057853944599628448486328125">
        <ele>921.79998779296875</ele>
        <time>2026-09-26T08:56:08.000Z</time>
      </trkpt>
      <trkpt lat="40.17575162462890148162841796875" lon="9.50057518668472766876220703125">
        <ele>925</ele>
        <time>2026-09-26T08:56:11.000Z</time>
      </trkpt>
      <trkpt lat="40.17570669762790203094482421875" lon="9.50058884918689727783203125">
        <ele>926.4000244140625</ele>
        <time>2026-09-26T08:56:15.000Z</time>
      </trkpt>
      <trkpt lat="40.175698734819889068603515625" lon="9.500591196119785308837890625">
        <ele>926.5999755859375</ele>
        <time>2026-09-26T08:56:16.000Z</time>
      </trkpt>
      <trkpt lat="40.17568876035511493682861328125" lon="9.50060536153614521026611328125">
        <ele>926.5999755859375</ele>
        <time>2026-09-26T08:56:18.000Z</time>
      </trkpt>
      <trkpt lat="40.17567082308232784271240234375" lon="9.500606618821620941162109375">
        <ele>927</ele>
        <time>2026-09-26T08:56:20.000Z</time>
      </trkpt>
      <trkpt lat="40.17558918334543704986572265625" lon="9.50055708177387714385986328125">
        <ele>929.79998779296875</ele>
        <time>2026-09-26T08:56:27.000Z</time>
      </trkpt>
      <trkpt lat="40.1755282469093799591064453125" lon="9.50055993162095546722412109375">
        <ele>931.4000244140625</ele>
        <time>2026-09-26T08:56:33.000Z</time>
      </trkpt>
      <trkpt lat="40.175522379577159881591796875" lon="9.5005707442760467529296875">
        <ele>931.4000244140625</ele>
        <time>2026-09-26T08:56:34.000Z</time>
      </trkpt>
      <trkpt lat="40.1754776202142238616943359375" lon="9.500608630478382110595703125">
        <ele>931</ele>
        <time>2026-09-26T08:56:38.000Z</time>
      </trkpt>
      <trkpt lat="40.17545322887599468231201171875" lon="9.5005796290934085845947265625">
        <ele>932.4000244140625</ele>
        <time>2026-09-26T08:56:41.000Z</time>
      </trkpt>
      <trkpt lat="40.17544291913509368896484375" lon="9.500565044581890106201171875">
        <ele>933.20001220703125</ele>
        <time>2026-09-26T08:56:43.000Z</time>
      </trkpt>
      <trkpt lat="40.17540939152240753173828125" lon="9.50056328438222408294677734375">
        <ele>934</ele>
        <time>2026-09-26T08:56:47.000Z</time>
      </trkpt>
      <trkpt lat="40.17533437348902225494384765625" lon="9.5005467720329761505126953125">
        <ele>936</ele>
        <time>2026-09-26T08:56:56.000Z</time>
      </trkpt>
      <trkpt lat="40.17524175345897674560546875" lon="9.500542581081390380859375">
        <ele>938</ele>
        <time>2026-09-26T08:57:06.000Z</time>
      </trkpt>
      <trkpt lat="40.175166986882686614990234375" lon="9.50055825524032115936279296875">
        <ele>939.5999755859375</ele>
        <time>2026-09-26T08:57:15.000Z</time>
      </trkpt>
      <trkpt lat="40.1751638017594814300537109375" lon="9.50058105401694774627685546875">
        <ele>939</ele>
        <time>2026-09-26T08:57:19.000Z</time>
      </trkpt>
      <trkpt lat="40.1751309446990489959716796875" lon="9.50061139650642871856689453125">
        <ele>939.20001220703125</ele>
        <time>2026-09-26T08:57:24.000Z</time>
      </trkpt>
      <trkpt lat="40.1751232333481311798095703125" lon="9.50062095187604427337646484375">
        <ele>939.20001220703125</ele>
        <time>2026-09-26T08:57:25.000Z</time>
      </trkpt>
      <trkpt lat="40.1750860176980495452880859375" lon="9.50064961798489093780517578125">
        <ele>939.5999755859375</ele>
        <time>2026-09-26T08:57:30.000Z</time>
      </trkpt>
      <trkpt lat="40.17504301853477954864501953125" lon="9.5006714947521686553955078125">
        <ele>940.4000244140625</ele>
        <time>2026-09-26T08:57:36.000Z</time>
      </trkpt>
      <trkpt lat="40.17498149536550045013427734375" lon="9.5006567426025867462158203125">
        <ele>943.20001220703125</ele>
        <time>2026-09-26T08:57:43.000Z</time>
      </trkpt>
      <trkpt lat="40.17496456392109394073486328125" lon="9.50064945034682750701904296875">
        <ele>944</ele>
        <time>2026-09-26T08:57:45.000Z</time>
      </trkpt>
      <trkpt lat="40.17487890087068080902099609375" lon="9.50064182281494140625">
        <ele>947</ele>
        <time>2026-09-26T08:57:52.000Z</time>
      </trkpt>
      <trkpt lat="40.1748245023190975189208984375" lon="9.50065364129841327667236328125">
        <ele>948.20001220703125</ele>
        <time>2026-09-26T08:57:58.000Z</time>
      </trkpt>
      <trkpt lat="40.17480857670307159423828125" lon="9.5006644539535045623779296875">
        <ele>948.4000244140625</ele>
        <time>2026-09-26T08:58:00.000Z</time>
      </trkpt>
      <trkpt lat="40.17476499080657958984375" lon="9.50067359022796154022216796875">
        <ele>949.4000244140625</ele>
        <time>2026-09-26T08:58:04.000Z</time>
      </trkpt>
      <trkpt lat="40.174711011350154876708984375" lon="9.50066084973514080047607421875">
        <ele>951.4000244140625</ele>
        <time>2026-09-26T08:58:08.000Z</time>
      </trkpt>
      <trkpt lat="40.17469181679189205169677734375" lon="9.50065322220325469970703125">
        <ele>952.20001220703125</ele>
        <time>2026-09-26T08:58:10.000Z</time>
      </trkpt>
      <trkpt lat="40.17467337660491466522216796875" lon="9.50066369958221912384033203125">
        <ele>952.5999755859375</ele>
        <time>2026-09-26T08:58:13.000Z</time>
      </trkpt>
      <trkpt lat="40.17457296140491962432861328125" lon="9.50074953027069568634033203125">
        <ele>952.4000244140625</ele>
        <time>2026-09-26T08:58:24.000Z</time>
      </trkpt>
      <trkpt lat="40.1745596341788768768310546875" lon="9.5007623545825481414794921875">
        <ele>952.4000244140625</ele>
        <time>2026-09-26T08:58:26.000Z</time>
      </trkpt>
      <trkpt lat="40.1745240949094295501708984375" lon="9.50076092965900897979736328125">
        <ele>953.20001220703125</ele>
        <time>2026-09-26T08:58:29.000Z</time>
      </trkpt>
      <trkpt lat="40.1744211651384830474853515625" lon="9.5007412321865558624267578125">
        <ele>956.4000244140625</ele>
        <time>2026-09-26T08:58:39.000Z</time>
      </trkpt>
      <trkpt lat="40.174410603940486907958984375" lon="9.50072941370308399200439453125">
        <ele>956.79998779296875</ele>
        <time>2026-09-26T08:58:40.000Z</time>
      </trkpt>
      <trkpt lat="40.17439342103898525238037109375" lon="9.50069974176585674285888671875">
        <ele>957.79998779296875</ele>
        <time>2026-09-26T08:58:43.000Z</time>
      </trkpt>
      <trkpt lat="40.17438554205000400543212890625" lon="9.50069437734782695770263671875">
        <ele>958.20001220703125</ele>
        <time>2026-09-26T08:58:44.000Z</time>
      </trkpt>
      <trkpt lat="40.17431781627237796783447265625" lon="9.50063218362629413604736328125">
        <ele>960.5999755859375</ele>
        <time>2026-09-26T08:58:52.000Z</time>
      </trkpt>
      <trkpt lat="40.1743122003972530364990234375" lon="9.50062950141727924346923828125">
        <ele>960.79998779296875</ele>
        <time>2026-09-26T08:58:53.000Z</time>
      </trkpt>
      <trkpt lat="40.17427741549909114837646484375" lon="9.50062698684632778167724609375">
        <ele>961</ele>
        <time>2026-09-26T08:58:57.000Z</time>
      </trkpt>
      <trkpt lat="40.1742552034556865692138671875" lon="9.500647522509098052978515625">
        <ele>960.79998779296875</ele>
        <time>2026-09-26T08:59:00.000Z</time>
      </trkpt>
      <trkpt lat="40.17424019984900951385498046875" lon="9.5006726682186126708984375">
        <ele>960.20001220703125</ele>
        <time>2026-09-26T08:59:03.000Z</time>
      </trkpt>
      <trkpt lat="40.17421991564333438873291015625" lon="9.50069622136652469635009765625">
        <ele>960</ele>
        <time>2026-09-26T08:59:06.000Z</time>
      </trkpt>
      <trkpt lat="40.17420466057956218719482421875" lon="9.50070284307003021240234375">
        <ele>959.79998779296875</ele>
        <time>2026-09-26T08:59:08.000Z</time>
      </trkpt>
      <trkpt lat="40.17410038970410823822021484375" lon="9.50068783946335315704345703125">
        <ele>961</ele>
        <time>2026-09-26T08:59:16.000Z</time>
      </trkpt>
      <trkpt lat="40.17405797727406024932861328125" lon="9.50069747865200042724609375">
        <ele>961.20001220703125</ele>
        <time>2026-09-26T08:59:20.000Z</time>
      </trkpt>
      <trkpt lat="40.17398421652615070343017578125" lon="9.50072891078889369964599609375">
        <ele>961.20001220703125</ele>
        <time>2026-09-26T08:59:26.000Z</time>
      </trkpt>
      <trkpt lat="40.17390576191246509552001953125" lon="9.50072270818054676055908203125">
        <ele>961.4000244140625</ele>
        <time>2026-09-26T08:59:34.000Z</time>
      </trkpt>
      <trkpt lat="40.17389318905770778656005859375" lon="9.50072807259857654571533203125">
        <ele>961.20001220703125</ele>
        <time>2026-09-26T08:59:36.000Z</time>
      </trkpt>
      <trkpt lat="40.17382496036589145660400390625" lon="9.50075590051710605621337890625">
        <ele>959.79998779296875</ele>
        <time>2026-09-26T08:59:44.000Z</time>
      </trkpt>
      <trkpt lat="40.17375304363667964935302734375" lon="9.500767886638641357421875">
        <ele>960.4000244140625</ele>
        <time>2026-09-26T08:59:52.000Z</time>
      </trkpt>
      <trkpt lat="40.1737511157989501953125" lon="9.50076612643897533416748046875">
        <ele>960.4000244140625</ele>
        <time>2026-09-26T09:00:08.000Z</time>
      </trkpt>
      <trkpt lat="40.1737511157989501953125" lon="9.50076612643897533416748046875">
        <ele>960.4000244140625</ele>
        <time>2026-09-26T09:00:12.000Z</time>
      </trkpt>
      <trkpt lat="40.173751451075077056884765625" lon="9.50076629407703876495361328125">
        <ele>960.4000244140625</ele>
        <time>2026-09-26T09:00:15.000Z</time>
      </trkpt>
      <trkpt lat="40.1737519539892673492431640625" lon="9.50076763518154621124267578125">
        <ele>960.4000244140625</ele>
        <time>2026-09-26T09:00:18.000Z</time>
      </trkpt>
      <trkpt lat="40.1737522892653942108154296875" lon="9.5007683895528316497802734375">
        <ele>960.4000244140625</ele>
        <time>2026-09-26T09:00:20.000Z</time>
      </trkpt>
      <trkpt lat="40.1737522892653942108154296875" lon="9.50076847337186336517333984375">
        <ele>960.4000244140625</ele>
        <time>2026-09-26T09:00:22.000Z</time>
      </trkpt>
      <trkpt lat="40.17373460344970226287841796875" lon="9.50076294131577014923095703125">
        <ele>961</ele>
        <time>2026-09-26T09:00:26.000Z</time>
      </trkpt>
      <trkpt lat="40.17369210720062255859375" lon="9.50074969790875911712646484375">
        <ele>962.4000244140625</ele>
        <time>2026-09-26T09:00:33.000Z</time>
      </trkpt>
      <trkpt lat="40.17368934117257595062255859375" lon="9.5007465966045856475830078125">
        <ele>962.5999755859375</ele>
        <time>2026-09-26T09:00:36.000Z</time>
      </trkpt>
      <trkpt lat="40.173690430819988250732421875" lon="9.500745423138141632080078125">
        <ele>962.5999755859375</ele>
        <time>2026-09-26T09:00:39.000Z</time>
      </trkpt>
      <trkpt lat="40.173690430819988250732421875" lon="9.500745423138141632080078125">
        <ele>962.5999755859375</ele>
        <time>2026-09-26T09:00:52.000Z</time>
      </trkpt>
      <trkpt lat="40.173631422221660614013671875" lon="9.50074248947203159332275390625">
        <ele>964.20001220703125</ele>
        <time>2026-09-26T09:01:01.000Z</time>
      </trkpt>
      <trkpt lat="40.17354466952383518218994140625" lon="9.5007665455341339111328125">
        <ele>965.5999755859375</ele>
        <time>2026-09-26T09:01:10.000Z</time>
      </trkpt>
      <trkpt lat="40.17354148440062999725341796875" lon="9.5007747597992420196533203125">
        <ele>965.4000244140625</ele>
        <time>2026-09-26T09:01:11.000Z</time>
      </trkpt>
      <trkpt lat="40.17350493930280208587646484375" lon="9.5007906854152679443359375">
        <ele>965.79998779296875</ele>
        <time>2026-09-26T09:01:16.000Z</time>
      </trkpt>
      <trkpt lat="40.17349555157124996185302734375" lon="9.5007911883294582366943359375">
        <ele>966</ele>
        <time>2026-09-26T09:01:17.000Z</time>
      </trkpt>
      <trkpt lat="40.173422880470752716064453125" lon="9.5007730834186077117919921875">
        <ele>969</ele>
        <time>2026-09-26T09:01:23.000Z</time>
      </trkpt>
      <trkpt lat="40.1733556576073169708251953125" lon="9.500751458108425140380859375">
        <ele>972.20001220703125</ele>
        <time>2026-09-26T09:01:30.000Z</time>
      </trkpt>
      <trkpt lat="40.1733152568340301513671875" lon="9.50074785389006137847900390625">
        <ele>974</ele>
        <time>2026-09-26T09:01:33.000Z</time>
      </trkpt>
      <trkpt lat="40.17330360598862171173095703125" lon="9.5007504522800445556640625">
        <ele>974.5999755859375</ele>
        <time>2026-09-26T09:01:34.000Z</time>
      </trkpt>
      <trkpt lat="40.17327829264104366302490234375" lon="9.50076327659189701080322265625">
        <ele>975.4000244140625</ele>
        <time>2026-09-26T09:01:37.000Z</time>
      </trkpt>
      <trkpt lat="40.17325331456959247589111328125" lon="9.5007700659334659576416015625">
        <ele>976.4000244140625</ele>
        <time>2026-09-26T09:01:40.000Z</time>
      </trkpt>
      <trkpt lat="40.173245854675769805908203125" lon="9.5007754303514957427978515625">
        <ele>976.5999755859375</ele>
        <time>2026-09-26T09:01:41.000Z</time>
      </trkpt>
      <trkpt lat="40.17323470674455165863037109375" lon="9.50077953748404979705810546875">
        <ele>977</ele>
        <time>2026-09-26T09:01:42.000Z</time>
      </trkpt>
      <trkpt lat="40.1731920428574085235595703125" lon="9.500756822526454925537109375">
        <ele>979</ele>
        <time>2026-09-26T09:01:48.000Z</time>
      </trkpt>
      <trkpt lat="40.1731075532734394073486328125" lon="9.50078356079757213592529296875">
        <ele>982.4000244140625</ele>
        <time>2026-09-26T09:01:54.000Z</time>
      </trkpt>
      <trkpt lat="40.17309992574155330657958984375" lon="9.5007838122546672821044921875">
        <ele>982.79998779296875</ele>
        <time>2026-09-26T09:01:55.000Z</time>
      </trkpt>
      <trkpt lat="40.1730746962130069732666015625" lon="9.50076327659189701080322265625">
        <ele>984.20001220703125</ele>
        <time>2026-09-26T09:01:58.000Z</time>
      </trkpt>
      <trkpt lat="40.1730495505034923553466796875" lon="9.50075221247971057891845703125">
        <ele>985.4000244140625</ele>
        <time>2026-09-26T09:02:01.000Z</time>
      </trkpt>
      <trkpt lat="40.17300135456025600433349609375" lon="9.50075782835483551025390625">
        <ele>987.5999755859375</ele>
        <time>2026-09-26T09:02:05.000Z</time>
      </trkpt>
      <trkpt lat="40.17297872342169284820556640625" lon="9.50076277367770671844482421875">
        <ele>988.5999755859375</ele>
        <time>2026-09-26T09:02:07.000Z</time>
      </trkpt>
      <trkpt lat="40.17297218553721904754638671875" lon="9.50075648725032806396484375">
        <ele>989</ele>
        <time>2026-09-26T09:02:08.000Z</time>
      </trkpt>
      <trkpt lat="40.1729456149041652679443359375" lon="9.5007368735969066619873046875">
        <ele>989.79998779296875</ele>
        <time>2026-09-26T09:02:11.000Z</time>
      </trkpt>
      <trkpt lat="40.17293463461101055145263671875" lon="9.5007325150072574615478515625">
        <ele>990</ele>
        <time>2026-09-26T09:02:12.000Z</time>
      </trkpt>
      <trkpt lat="40.1728661544620990753173828125" lon="9.500712566077709197998046875">
        <ele>991.5999755859375</ele>
        <time>2026-09-26T09:02:19.000Z</time>
      </trkpt>
      <trkpt lat="40.17283656634390354156494140625" lon="9.50071491301059722900390625">
        <ele>992.20001220703125</ele>
        <time>2026-09-26T09:02:21.000Z</time>
      </trkpt>
      <trkpt lat="40.1727625541388988494873046875" lon="9.5007087104022502899169921875">
        <ele>994.5999755859375</ele>
        <time>2026-09-26T09:02:27.000Z</time>
      </trkpt>
      <trkpt lat="40.17268820665776729583740234375" lon="9.50067359022796154022216796875">
        <ele>996.79998779296875</ele>
        <time>2026-09-26T09:02:34.000Z</time>
      </trkpt>
      <trkpt lat="40.17267513088881969451904296875" lon="9.50067074038088321685791015625">
        <ele>996.79998779296875</ele>
        <time>2026-09-26T09:02:35.000Z</time>
      </trkpt>
      <trkpt lat="40.172626264393329620361328125" lon="9.50066487304866313934326171875">
        <ele>997</ele>
        <time>2026-09-26T09:02:40.000Z</time>
      </trkpt>
      <trkpt lat="40.1726059801876544952392578125" lon="9.50067467987537384033203125">
        <ele>997.20001220703125</ele>
        <time>2026-09-26T09:02:42.000Z</time>
      </trkpt>
      <trkpt lat="40.17249827273190021514892578125" lon="9.5007244683802127838134765625">
        <ele>998.79998779296875</ele>
        <time>2026-09-26T09:02:52.000Z</time>
      </trkpt>
      <trkpt lat="40.1724676787853240966796875" lon="9.50071650557219982147216796875">
        <ele>999</ele>
        <time>2026-09-26T09:02:55.000Z</time>
      </trkpt>
      <trkpt lat="40.17243213951587677001953125" lon="9.50068884529173374176025390625">
        <ele>999</ele>
        <time>2026-09-26T09:02:59.000Z</time>
      </trkpt>
      <trkpt lat="40.17238293774425983428955078125" lon="9.5006899349391460418701171875">
        <ele>999.5999755859375</ele>
        <time>2026-09-26T09:03:05.000Z</time>
      </trkpt>
      <trkpt lat="40.17235728912055492401123046875" lon="9.50069538317620754241943359375">
        <ele>1000</ele>
        <time>2026-09-26T09:03:08.000Z</time>
      </trkpt>
      <trkpt lat="40.17233130522072315216064453125" lon="9.50073301792144775390625">
        <ele>1001</ele>
        <time>2026-09-26T09:03:14.000Z</time>
      </trkpt>
      <trkpt lat="40.17231957055628299713134765625" lon="9.50080082751810550689697265625">
        <ele>1002.20001220703125</ele>
        <time>2026-09-26T09:03:22.000Z</time>
      </trkpt>
      <trkpt lat="40.17230096273124217987060546875" lon="9.50081910006701946258544921875">
        <ele>1002.5999755859375</ele>
        <time>2026-09-26T09:03:25.000Z</time>
      </trkpt>
      <trkpt lat="40.1722408644855022430419921875" lon="9.500830583274364471435546875">
        <ele>1003.20001220703125</ele>
        <time>2026-09-26T09:03:30.000Z</time>
      </trkpt>
      <trkpt lat="40.1721660979092121124267578125" lon="9.50081951916217803955078125">
        <ele>1003.5999755859375</ele>
        <time>2026-09-26T09:03:37.000Z</time>
      </trkpt>
      <trkpt lat="40.1721023954451084136962890625" lon="9.50081055052578449249267578125">
        <ele>1003.79998779296875</ele>
        <time>2026-09-26T09:03:44.000Z</time>
      </trkpt>
      <trkpt lat="40.17207582481205463409423828125" lon="9.5008364506065845489501953125">
        <ele>1003.79998779296875</ele>
        <time>2026-09-26T09:03:51.000Z</time>
      </trkpt>
      <trkpt lat="40.17205487005412578582763671875" lon="9.50087492354214191436767578125">
        <ele>1002.5999755859375</ele>
        <time>2026-09-26T09:03:58.000Z</time>
      </trkpt>
      <trkpt lat="40.1720447279512882232666015625" lon="9.50087810866534709930419921875">
        <ele>1002.4000244140625</ele>
        <time>2026-09-26T09:03:59.000Z</time>
      </trkpt>
      <trkpt lat="40.17202737741172313690185546875" lon="9.500896967947483062744140625">
        <ele>1001.79998779296875</ele>
        <time>2026-09-26T09:04:06.000Z</time>
      </trkpt>
      <trkpt lat="40.17198110930621623992919921875" lon="9.50093108229339122772216796875">
        <ele>1000.5999755859375</ele>
        <time>2026-09-26T09:04:13.000Z</time>
      </trkpt>
      <trkpt lat="40.17191304825246334075927734375" lon="9.500962682068347930908203125">
        <ele>1000.4000244140625</ele>
        <time>2026-09-26T09:04:20.000Z</time>
      </trkpt>
      <trkpt lat="40.171875916421413421630859375" lon="9.50101339258253574371337890625">
        <ele>1000.20001220703125</ele>
        <time>2026-09-26T09:04:26.000Z</time>
      </trkpt>
      <trkpt lat="40.1718693785369396209716796875" lon="9.50101532042026519775390625">
        <ele>1000.20001220703125</ele>
        <time>2026-09-26T09:04:27.000Z</time>
      </trkpt>
      <trkpt lat="40.1717917621135711669921875" lon="9.50101322494447231292724609375">
        <ele>1001.20001220703125</ele>
        <time>2026-09-26T09:04:34.000Z</time>
      </trkpt>
      <trkpt lat="40.17177457921206951141357421875" lon="9.50101238675415515899658203125">
        <ele>1001.5999755859375</ele>
        <time>2026-09-26T09:04:36.000Z</time>
      </trkpt>
      <trkpt lat="40.17172864638268947601318359375" lon="9.50102328322827816009521484375">
        <ele>1002.79998779296875</ele>
        <time>2026-09-26T09:04:43.000Z</time>
      </trkpt>
      <trkpt lat="40.171676762402057647705078125" lon="9.5010292343795299530029296875">
        <ele>1004.4000244140625</ele>
        <time>2026-09-26T09:04:50.000Z</time>
      </trkpt>
      <trkpt lat="40.1716564781963825225830078125" lon="9.5010285638272762298583984375">
        <ele>1005</ele>
        <time>2026-09-26T09:04:52.000Z</time>
      </trkpt>
      <trkpt lat="40.1715796999633312225341796875" lon="9.50107290409505367279052734375">
        <ele>1007.79998779296875</ele>
        <time>2026-09-26T09:04:59.000Z</time>
      </trkpt>
      <trkpt lat="40.17153628170490264892578125" lon="9.5010825432837009429931640625">
        <ele>1008.4000244140625</ele>
        <time>2026-09-26T09:05:06.000Z</time>
      </trkpt>
      <trkpt lat="40.1715377904474735260009765625" lon="9.5010817050933837890625">
        <ele>1008.4000244140625</ele>
        <time>2026-09-26T09:05:27.000Z</time>
      </trkpt>
      <trkpt lat="40.1715237088501453399658203125" lon="9.5010937750339508056640625">
        <ele>1009</ele>
        <time>2026-09-26T09:05:31.000Z</time>
      </trkpt>
      <trkpt lat="40.17148875631392002105712890625" lon="9.5011187531054019927978515625">
        <ele>1010.4000244140625</ele>
        <time>2026-09-26T09:05:34.000Z</time>
      </trkpt>
      <trkpt lat="40.17147366888821125030517578125" lon="9.50113845057785511016845703125">
        <ele>1010.5999755859375</ele>
        <time>2026-09-26T09:05:36.000Z</time>
      </trkpt>
      <trkpt lat="40.17145724035799503326416015625" lon="9.5011529512703418731689453125">
        <ele>1010.79998779296875</ele>
        <time>2026-09-26T09:05:38.000Z</time>
      </trkpt>
      <trkpt lat="40.17144869081676006317138671875" lon="9.5011608302593231201171875">
        <ele>1011</ele>
        <time>2026-09-26T09:05:39.000Z</time>
      </trkpt>
      <trkpt lat="40.17142069526016712188720703125" lon="9.501178599894046783447265625">
        <ele>1011.4000244140625</ele>
        <time>2026-09-26T09:05:42.000Z</time>
      </trkpt>
      <trkpt lat="40.1713693141937255859375" lon="9.50118153356015682220458984375">
        <ele>1013</ele>
        <time>2026-09-26T09:05:46.000Z</time>
      </trkpt>
      <trkpt lat="40.1713302545249462127685546875" lon="9.50118790380656719207763671875">
        <ele>1015.4000244140625</ele>
        <time>2026-09-26T09:05:49.000Z</time>
      </trkpt>
      <trkpt lat="40.17131240107119083404541015625" lon="9.5012032426893711090087890625">
        <ele>1016.79998779296875</ele>
        <time>2026-09-26T09:05:51.000Z</time>
      </trkpt>
      <trkpt lat="40.17128306441009044647216796875" lon="9.501213468611240386962890625">
        <ele>1018</ele>
        <time>2026-09-26T09:05:54.000Z</time>
      </trkpt>
      <trkpt lat="40.171232521533966064453125" lon="9.50125127099454402923583984375">
        <ele>1019.5999755859375</ele>
        <time>2026-09-26T09:06:02.000Z</time>
      </trkpt>
      <trkpt lat="40.171191953122615814208984375" lon="9.50129368342459201812744140625">
        <ele>1021.20001220703125</ele>
        <time>2026-09-26T09:06:08.000Z</time>
      </trkpt>
      <trkpt lat="40.171136967837810516357421875" lon="9.50132385827600955963134765625">
        <ele>1022</ele>
        <time>2026-09-26T09:06:16.000Z</time>
      </trkpt>
      <trkpt lat="40.17104770056903362274169921875" lon="9.501343555748462677001953125">
        <ele>1023.20001220703125</ele>
        <time>2026-09-26T09:06:24.000Z</time>
      </trkpt>
      <trkpt lat="40.1709763705730438232421875" lon="9.5013490878045558929443359375">
        <ele>1024.5999755859375</ele>
        <time>2026-09-26T09:06:30.000Z</time>
      </trkpt>
      <trkpt lat="40.170965977013111114501953125" lon="9.50134657323360443115234375">
        <ele>1024.800048828125</ele>
        <time>2026-09-26T09:06:31.000Z</time>
      </trkpt>
      <trkpt lat="40.1708806492388248443603515625" lon="9.50137850828468799591064453125">
        <ele>1027</ele>
        <time>2026-09-26T09:06:39.000Z</time>
      </trkpt>
      <trkpt lat="40.17085223458707332611083984375" lon="9.50140968896448612213134765625">
        <ele>1026.5999755859375</ele>
        <time>2026-09-26T09:06:45.000Z</time>
      </trkpt>
      <trkpt lat="40.170795656740665435791015625" lon="9.501428715884685516357421875">
        <ele>1027</ele>
        <time>2026-09-26T09:06:52.000Z</time>
      </trkpt>
      <trkpt lat="40.1707502268254756927490234375" lon="9.50142729096114635467529296875">
        <ele>1029.199951171875</ele>
        <time>2026-09-26T09:06:59.000Z</time>
      </trkpt>
      <trkpt lat="40.17070479691028594970703125" lon="9.5014248602092266082763671875">
        <ele>1030.800048828125</ele>
        <time>2026-09-26T09:07:06.000Z</time>
      </trkpt>
      <trkpt lat="40.170652158558368682861328125" lon="9.50142477639019489288330078125">
        <ele>1032.5999755859375</ele>
        <time>2026-09-26T09:07:11.000Z</time>
      </trkpt>
      <trkpt lat="40.1706483028829097747802734375" lon="9.501425363123416900634765625">
        <ele>1032.5999755859375</ele>
        <time>2026-09-26T09:07:12.000Z</time>
      </trkpt>
      <trkpt lat="40.17065559513866901397705078125" lon="9.50145193375647068023681640625">
        <ele>1032.199951171875</ele>
        <time>2026-09-26T09:07:19.000Z</time>
      </trkpt>
      <trkpt lat="40.1706721074879169464111328125" lon="9.50146953575313091278076171875">
        <ele>1031.4000244140625</ele>
        <time>2026-09-26T09:07:25.000Z</time>
      </trkpt>
      <trkpt lat="40.17062433063983917236328125" lon="9.50148738920688629150390625">
        <ele>1032.800048828125</ele>
        <time>2026-09-26T09:07:33.000Z</time>
      </trkpt>
      <trkpt lat="40.170554257929325103759765625" lon="9.501483701169490814208984375">
        <ele>1035</ele>
        <time>2026-09-26T09:07:40.000Z</time>
      </trkpt>
      <trkpt lat="40.1704823412001132965087890625" lon="9.5014650933444499969482421875">
        <ele>1037.199951171875</ele>
        <time>2026-09-26T09:07:48.000Z</time>
      </trkpt>
      <trkpt lat="40.1704233326017856597900390625" lon="9.50144983828067779541015625">
        <ele>1038.4000244140625</ele>
        <time>2026-09-26T09:07:55.000Z</time>
      </trkpt>
      <trkpt lat="40.170375891029834747314453125" lon="9.50145176611840724945068359375">
        <ele>1039.199951171875</ele>
        <time>2026-09-26T09:08:01.000Z</time>
      </trkpt>
      <trkpt lat="40.170326940715312957763671875" lon="9.50147104449570178985595703125">
        <ele>1039.5999755859375</ele>
        <time>2026-09-26T09:08:09.000Z</time>
      </trkpt>
      <trkpt lat="40.1702798344194889068603515625" lon="9.50148076750338077545166015625">
        <ele>1040</ele>
        <time>2026-09-26T09:08:16.000Z</time>
      </trkpt>
      <trkpt lat="40.17026499845087528228759765625" lon="9.501490406692028045654296875">
        <ele>1040.4000244140625</ele>
        <time>2026-09-26T09:08:22.000Z</time>
      </trkpt>
      <trkpt lat="40.1702084206044673919677734375" lon="9.50149216689169406890869140625">
        <ele>1042.199951171875</ele>
        <time>2026-09-26T09:08:29.000Z</time>
      </trkpt>
      <trkpt lat="40.17014765180647373199462890625" lon="9.50150121934711933135986328125">
        <ele>1043.199951171875</ele>
        <time>2026-09-26T09:08:36.000Z</time>
      </trkpt>
      <trkpt lat="40.17008981667459011077880859375" lon="9.501501806080341339111328125">
        <ele>1043.5999755859375</ele>
        <time>2026-09-26T09:08:43.000Z</time>
      </trkpt>
      <trkpt lat="40.1700820215046405792236328125" lon="9.5014999620616436004638671875">
        <ele>1043.800048828125</ele>
        <time>2026-09-26T09:08:44.000Z</time>
      </trkpt>
      <trkpt lat="40.1700132898986339569091796875" lon="9.50150792486965656280517578125">
        <ele>1044</ele>
        <time>2026-09-26T09:08:53.000Z</time>
      </trkpt>
      <trkpt lat="40.1699613220989704132080078125" lon="9.50149803422391414642333984375">
        <ele>1043.4000244140625</ele>
        <time>2026-09-26T09:09:00.000Z</time>
      </trkpt>
      <trkpt lat="40.16989300958812236785888671875" lon="9.50153457932174205780029296875">
        <ele>1041.800048828125</ele>
        <time>2026-09-26T09:09:10.000Z</time>
      </trkpt>
      <trkpt lat="40.1698811911046504974365234375" lon="9.50153768062591552734375">
        <ele>1041.800048828125</ele>
        <time>2026-09-26T09:09:16.000Z</time>
      </trkpt>
      <trkpt lat="40.1698352582752704620361328125" lon="9.50154748745262622833251953125">
        <ele>1041.5999755859375</ele>
        <time>2026-09-26T09:09:23.000Z</time>
      </trkpt>
      <trkpt lat="40.16980902291834354400634765625" lon="9.5015418715775012969970703125">
        <ele>1041.800048828125</ele>
        <time>2026-09-26T09:09:29.000Z</time>
      </trkpt>
      <trkpt lat="40.16976694576442241668701171875" lon="9.50156760402023792266845703125">
        <ele>1040.5999755859375</ele>
        <time>2026-09-26T09:09:36.000Z</time>
      </trkpt>
      <trkpt lat="40.16972403042018413543701171875" lon="9.50158755294978618621826171875">
        <ele>1039.5999755859375</ele>
        <time>2026-09-26T09:09:44.000Z</time>
      </trkpt>
      <trkpt lat="40.1696870662271976470947265625" lon="9.5015837810933589935302734375">
        <ele>1039.4000244140625</ele>
        <time>2026-09-26T09:09:51.000Z</time>
      </trkpt>
      <trkpt lat="40.169684551656246185302734375" lon="9.50158386491239070892333984375">
        <ele>1039.199951171875</ele>
        <time>2026-09-26T09:09:58.000Z</time>
      </trkpt>
      <trkpt lat="40.1696283929049968719482421875" lon="9.50155084021389484405517578125">
        <ele>1039.800048828125</ele>
        <time>2026-09-26T09:10:04.000Z</time>
      </trkpt>
      <trkpt lat="40.1695811189711093902587890625" lon="9.50155737809836864471435546875">
        <ele>1040</ele>
        <time>2026-09-26T09:10:10.000Z</time>
      </trkpt>
      <trkpt lat="40.16956997103989124298095703125" lon="9.50156374834477901458740234375">
        <ele>1039.800048828125</ele>
        <time>2026-09-26T09:10:20.000Z</time>
      </trkpt>
      <trkpt lat="40.1695683784782886505126953125" lon="9.50156726874411106109619140625">
        <ele>1039.5999755859375</ele>
        <time>2026-09-26T09:10:35.000Z</time>
      </trkpt>
      <trkpt lat="40.1695566438138484954833984375" lon="9.50157313607633113861083984375">
        <ele>1039.5999755859375</ele>
        <time>2026-09-26T09:10:38.000Z</time>
      </trkpt>
      <trkpt lat="40.16954314894974231719970703125" lon="9.50157330371439456939697265625">
        <ele>1039.5999755859375</ele>
        <time>2026-09-26T09:10:40.000Z</time>
      </trkpt>
      <trkpt lat="40.16947098076343536376953125" lon="9.50157724320888519287109375">
        <ele>1041.5999755859375</ele>
        <time>2026-09-26T09:10:46.000Z</time>
      </trkpt>
      <trkpt lat="40.169463269412517547607421875" lon="9.501578919589519500732421875">
        <ele>1041.800048828125</ele>
        <time>2026-09-26T09:10:47.000Z</time>
      </trkpt>
      <trkpt lat="40.16945547424256801605224609375" lon="9.5015821047127246856689453125">
        <ele>1042</ele>
        <time>2026-09-26T09:10:48.000Z</time>
      </trkpt>
      <trkpt lat="40.1694164983928203582763671875" lon="9.5015968568623065948486328125">
        <ele>1043</ele>
        <time>2026-09-26T09:10:55.000Z</time>
      </trkpt>
      <trkpt lat="40.169410295784473419189453125" lon="9.5016159676015377044677734375">
        <ele>1042.800048828125</ele>
        <time>2026-09-26T09:11:01.000Z</time>
      </trkpt>
      <trkpt lat="40.16942244954407215118408203125" lon="9.5016437955200672149658203125">
        <ele>1042.199951171875</ele>
        <time>2026-09-26T09:11:05.000Z</time>
      </trkpt>
      <trkpt lat="40.16943720169365406036376953125" lon="9.50165661983191967010498046875">
        <ele>1041.5999755859375</ele>
        <time>2026-09-26T09:11:08.000Z</time>
      </trkpt>
      <trkpt lat="40.16944290138781070709228515625" lon="9.501690901815891265869140625">
        <ele>1040.4000244140625</ele>
        <time>2026-09-26T09:11:13.000Z</time>
      </trkpt>
      <trkpt lat="40.169448517262935638427734375" lon="9.50171780772507190704345703125">
        <ele>1039.199951171875</ele>
        <time>2026-09-26T09:11:18.000Z</time>
      </trkpt>
      <trkpt lat="40.1694346033036708831787109375" lon="9.50172887183725833892822265625">
        <ele>1039.199951171875</ele>
        <time>2026-09-26T09:11:20.000Z</time>
      </trkpt>
      <trkpt lat="40.1693819649517536163330078125" lon="9.50173708610236644744873046875">
        <ele>1040.5999755859375</ele>
        <time>2026-09-26T09:11:28.000Z</time>
      </trkpt>
      <trkpt lat="40.16936930827796459197998046875" lon="9.50174630619585514068603515625">
        <ele>1040.800048828125</ele>
        <time>2026-09-26T09:11:30.000Z</time>
      </trkpt>
      <trkpt lat="40.1693071983754634857177734375" lon="9.50177480466663837432861328125">
        <ele>1044.199951171875</ele>
        <time>2026-09-26T09:11:38.000Z</time>
      </trkpt>
      <trkpt lat="40.16927693970501422882080078125" lon="9.5017856173217296600341796875">
        <ele>1046.199951171875</ele>
        <time>2026-09-26T09:11:45.000Z</time>
      </trkpt>
      <trkpt lat="40.16927517950534820556640625" lon="9.50181730091571807861328125">
        <ele>1045.199951171875</ele>
        <time>2026-09-26T09:11:50.000Z</time>
      </trkpt>
      <trkpt lat="40.16926847398281097412109375" lon="9.5018233358860015869140625">
        <ele>1045.5999755859375</ele>
        <time>2026-09-26T09:11:51.000Z</time>
      </trkpt>
      <trkpt lat="40.16926805488765239715576171875" lon="9.50185610912740230560302734375">
        <ele>1044.5999755859375</ele>
        <time>2026-09-26T09:11:58.000Z</time>
      </trkpt>
      <trkpt lat="40.1692662946879863739013671875" lon="9.50190003030002117156982421875">
        <ele>1042.800048828125</ele>
        <time>2026-09-26T09:12:05.000Z</time>
      </trkpt>
      <trkpt lat="40.16920904628932476043701171875" lon="9.50190472416579723358154296875">
        <ele>1046.5999755859375</ele>
        <time>2026-09-26T09:12:14.000Z</time>
      </trkpt>
      <trkpt lat="40.1691821403801441192626953125" lon="9.50191042385995388031005859375">
        <ele>1048.199951171875</ele>
        <time>2026-09-26T09:12:21.000Z</time>
      </trkpt>
      <trkpt lat="40.16917803324759006500244140625" lon="9.50191394425928592681884765625">
        <ele>1048.199951171875</ele>
        <time>2026-09-26T09:12:30.000Z</time>
      </trkpt>
      <trkpt lat="40.16917803324759006500244140625" lon="9.50191310606896877288818359375">
        <ele>1048.4000244140625</ele>
        <time>2026-09-26T09:12:40.000Z</time>
      </trkpt>
      <trkpt lat="40.1691774465143680572509765625" lon="9.5019113458693027496337890625">
        <ele>1048.4000244140625</ele>
        <time>2026-09-26T09:12:45.000Z</time>
      </trkpt>
      <trkpt lat="40.1691750995814800262451171875" lon="9.50191075913608074188232421875">
        <ele>1048.5999755859375</ele>
        <time>2026-09-26T09:12:50.000Z</time>
      </trkpt>
      <trkpt lat="40.16915238462388515472412109375" lon="9.50190338306128978729248046875">
        <ele>1050.4000244140625</ele>
        <time>2026-09-26T09:12:59.000Z</time>
      </trkpt>
      <trkpt lat="40.16913830302655696868896484375" lon="9.50190120376646518707275390625">
        <ele>1051.5999755859375</ele>
        <time>2026-09-26T09:13:00.000Z</time>
      </trkpt>
      <trkpt lat="40.169119276106357574462890625" lon="9.5018989406526088714599609375">
        <ele>1053</ele>
        <time>2026-09-26T09:13:01.000Z</time>
      </trkpt>
      <trkpt lat="40.1691070385277271270751953125" lon="9.5018992759287357330322265625">
        <ele>1053.800048828125</ele>
        <time>2026-09-26T09:13:02.000Z</time>
      </trkpt>
      <trkpt lat="40.1690922863781452178955078125" lon="9.501900784671306610107421875">
        <ele>1054.800048828125</ele>
        <time>2026-09-26T09:13:03.000Z</time>
      </trkpt>
      <trkpt lat="40.16907728277146816253662109375" lon="9.50189315713942050933837890625">
        <ele>1056</ele>
        <time>2026-09-26T09:13:04.000Z</time>
      </trkpt>
      <trkpt lat="40.16906605102121829986572265625" lon="9.50188645161688327789306640625">
        <ele>1057</ele>
        <time>2026-09-26T09:13:05.000Z</time>
      </trkpt>
      <trkpt lat="40.16904090531170368194580078125" lon="9.50188024900853633880615234375">
        <ele>1058.800048828125</ele>
        <time>2026-09-26T09:13:07.000Z</time>
      </trkpt>
      <trkpt lat="40.16903243958950042724609375" lon="9.50188259594142436981201171875">
        <ele>1059.199951171875</ele>
        <time>2026-09-26T09:13:08.000Z</time>
      </trkpt>
      <trkpt lat="40.1689405739307403564453125" lon="9.50187572278082370758056640625">
        <ele>1063.800048828125</ele>
        <time>2026-09-26T09:13:19.000Z</time>
      </trkpt>
      <trkpt lat="40.16889941878616809844970703125" lon="9.50185619294643402099609375">
        <ele>1066.5999755859375</ele>
        <time>2026-09-26T09:13:24.000Z</time>
      </trkpt>
      <trkpt lat="40.1688770391047000885009765625" lon="9.50183297507464885711669921875">
        <ele>1069</ele>
        <time>2026-09-26T09:13:26.000Z</time>
      </trkpt>
      <trkpt lat="40.16884761862456798553466796875" lon="9.50181788764894008636474609375">
        <ele>1071.199951171875</ele>
        <time>2026-09-26T09:13:29.000Z</time>
      </trkpt>
      <trkpt lat="40.1688364706933498382568359375" lon="9.50182861648499965667724609375">
        <ele>1071</ele>
        <time>2026-09-26T09:13:35.000Z</time>
      </trkpt>
      <trkpt lat="40.16882456839084625244140625" lon="9.50186298228800296783447265625">
        <ele>1069.199951171875</ele>
        <time>2026-09-26T09:13:42.000Z</time>
      </trkpt>
      <trkpt lat="40.16882733441889286041259765625" lon="9.50187253765761852264404296875">
        <ele>1068.4000244140625</ele>
        <time>2026-09-26T09:13:57.000Z</time>
      </trkpt>
      <trkpt lat="40.168824233114719390869140625" lon="9.5019614696502685546875">
        <ele>1062.4000244140625</ele>
        <time>2026-09-26T09:14:03.000Z</time>
      </trkpt>
      <trkpt lat="40.16881274990737438201904296875" lon="9.50206062756478786468505859375">
        <ele>1048.5999755859375</ele>
        <time>2026-09-26T09:14:11.000Z</time>
      </trkpt>
      <trkpt lat="40.16880336217582225799560546875" lon="9.50208459980785846710205078125">
        <ele>1045</ele>
        <time>2026-09-26T09:14:14.000Z</time>
      </trkpt>
      <trkpt lat="40.16880319453775882720947265625" lon="9.50211502611637115478515625">
        <ele>1040.5999755859375</ele>
        <time>2026-09-26T09:14:18.000Z</time>
      </trkpt>
      <trkpt lat="40.16880369745194911956787109375" lon="9.50212198309600353240966796875">
        <ele>1039.5999755859375</ele>
        <time>2026-09-26T09:14:19.000Z</time>
      </trkpt>
      <trkpt lat="40.16880487091839313507080078125" lon="9.502138160169124603271484375">
        <ele>1037.4000244140625</ele>
        <time>2026-09-26T09:14:22.000Z</time>
      </trkpt>
      <trkpt lat="40.1688039489090442657470703125" lon="9.5021426863968372344970703125">
        <ele>1036.5999755859375</ele>
        <time>2026-09-26T09:14:26.000Z</time>
      </trkpt>
      <trkpt lat="40.16879732720553874969482421875" lon="9.50218836776912212371826171875">
        <ele>1030</ele>
        <time>2026-09-26T09:14:32.000Z</time>
      </trkpt>
      <trkpt lat="40.168802440166473388671875" lon="9.50225651264190673828125">
        <ele>1023.79998779296875</ele>
        <time>2026-09-26T09:14:39.000Z</time>
      </trkpt>
      <trkpt lat="40.16875751316547393798828125" lon="9.50230504386126995086669921875">
        <ele>1029</ele>
        <time>2026-09-26T09:14:47.000Z</time>
      </trkpt>
      <trkpt lat="40.16873882152140140533447265625" lon="9.5023270882666110992431640625">
        <ele>1031.4000244140625</ele>
        <time>2026-09-26T09:14:53.000Z</time>
      </trkpt>
      <trkpt lat="40.1686775498092174530029296875" lon="9.50229330919682979583740234375">
        <ele>1041</ele>
        <time>2026-09-26T09:15:05.000Z</time>
      </trkpt>
      <trkpt lat="40.16864762641489505767822265625" lon="9.50228274799883365631103515625">
        <ele>1045.800048828125</ele>
        <time>2026-09-26T09:15:11.000Z</time>
      </trkpt>
      <trkpt lat="40.16857101581990718841552734375" lon="9.50228760950267314910888671875">
        <ele>1056.199951171875</ele>
        <time>2026-09-26T09:15:19.000Z</time>
      </trkpt>
      <trkpt lat="40.1685427688062191009521484375" lon="9.5022858493030071258544921875">
        <ele>1058.800048828125</ele>
        <time>2026-09-26T09:15:21.000Z</time>
      </trkpt>
      <trkpt lat="40.168492980301380157470703125" lon="9.5022685825824737548828125">
        <ele>1064.4000244140625</ele>
        <time>2026-09-26T09:15:27.000Z</time>
      </trkpt>
      <trkpt lat="40.16841544769704341888427734375" lon="9.5022657327353954315185546875">
        <ele>1071.4000244140625</ele>
        <time>2026-09-26T09:15:36.000Z</time>
      </trkpt>
      <trkpt lat="40.16835828311741352081298828125" lon="9.5022251643240451812744140625">
        <ele>1079.5999755859375</ele>
        <time>2026-09-26T09:15:43.000Z</time>
      </trkpt>
      <trkpt lat="40.16834981739521026611328125" lon="9.50222005136311054229736328125">
        <ele>1080.800048828125</ele>
        <time>2026-09-26T09:15:44.000Z</time>
      </trkpt>
      <trkpt lat="40.16828276216983795166015625" lon="9.502200186252593994140625">
        <ele>1087.199951171875</ele>
        <time>2026-09-26T09:15:52.000Z</time>
      </trkpt>
      <trkpt lat="40.168275721371173858642578125" lon="9.50219440273940563201904296875">
        <ele>1088</ele>
        <time>2026-09-26T09:15:53.000Z</time>
      </trkpt>
      <trkpt lat="40.16825459897518157958984375" lon="9.502193145453929901123046875">
        <ele>1090</ele>
        <time>2026-09-26T09:15:57.000Z</time>
      </trkpt>
      <trkpt lat="40.16825258731842041015625" lon="9.50219146907329559326171875">
        <ele>1090.199951171875</ele>
        <time>2026-09-26T09:15:58.000Z</time>
      </trkpt>
      <trkpt lat="40.16822685487568378448486328125" lon="9.50217814184725284576416015625">
        <ele>1092</ele>
        <time>2026-09-26T09:16:01.000Z</time>
      </trkpt>
      <trkpt lat="40.168194584548473358154296875" lon="9.5021708495914936065673828125">
        <ele>1093</ele>
        <time>2026-09-26T09:16:04.000Z</time>
      </trkpt>
      <trkpt lat="40.16814085654914379119873046875" lon="9.50214997865259647369384765625">
        <ele>1095</ele>
        <time>2026-09-26T09:16:11.000Z</time>
      </trkpt>
      <trkpt lat="40.16808603890240192413330078125" lon="9.50213639996945858001708984375">
        <ele>1096.800048828125</ele>
        <time>2026-09-26T09:16:17.000Z</time>
      </trkpt>
      <trkpt lat="40.16807732172310352325439453125" lon="9.5021306164562702178955078125">
        <ele>1097.199951171875</ele>
        <time>2026-09-26T09:16:18.000Z</time>
      </trkpt>
      <trkpt lat="40.1680391840636730194091796875" lon="9.502099938690662384033203125">
        <ele>1099.199951171875</ele>
        <time>2026-09-26T09:16:23.000Z</time>
      </trkpt>
      <trkpt lat="40.16801412217319011688232421875" lon="9.50205844826996326446533203125">
        <ele>1101.4000244140625</ele>
        <time>2026-09-26T09:16:28.000Z</time>
      </trkpt>
      <trkpt lat="40.16793700866401195526123046875" lon="9.50203145854175090789794921875">
        <ele>1104</ele>
        <time>2026-09-26T09:16:34.000Z</time>
      </trkpt>
      <trkpt lat="40.16786961816251277923583984375" lon="9.50204419903457164764404296875">
        <ele>1104.800048828125</ele>
        <time>2026-09-26T09:16:43.000Z</time>
      </trkpt>
      <trkpt lat="40.16785033978521823883056640625" lon="9.50205006636679172515869140625">
        <ele>1104.800048828125</ele>
        <time>2026-09-26T09:16:46.000Z</time>
      </trkpt>
      <trkpt lat="40.16779887489974498748779296875" lon="9.50202651321887969970703125">
        <ele>1106.800048828125</ele>
        <time>2026-09-26T09:16:53.000Z</time>
      </trkpt>
      <trkpt lat="40.1677830331027507781982421875" lon="9.5020260103046894073486328125">
        <ele>1107</ele>
        <time>2026-09-26T09:16:58.000Z</time>
      </trkpt>
      <trkpt lat="40.16777188517153263092041015625" lon="9.5020271837711334228515625">
        <ele>1107.199951171875</ele>
        <time>2026-09-26T09:17:02.000Z</time>
      </trkpt>
      <trkpt lat="40.16776652075350284576416015625" lon="9.5020320452749729156494140625">
        <ele>1107.199951171875</ele>
        <time>2026-09-26T09:17:04.000Z</time>
      </trkpt>
      <trkpt lat="40.1677257008850574493408203125" lon="9.50203581713140010833740234375">
        <ele>1107.800048828125</ele>
        <time>2026-09-26T09:17:10.000Z</time>
      </trkpt>
      <trkpt lat="40.167692340910434722900390625" lon="9.50206783600151538848876953125">
        <ele>1107.4000244140625</ele>
        <time>2026-09-26T09:17:17.000Z</time>
      </trkpt>
      <trkpt lat="40.16769309528172016143798828125" lon="9.5020632259547710418701171875">
        <ele>1107.5999755859375</ele>
        <time>2026-09-26T09:17:21.000Z</time>
      </trkpt>
      <trkpt lat="40.16769376583397388458251953125" lon="9.5020622201263904571533203125">
        <ele>1107.5999755859375</ele>
        <time>2026-09-26T09:17:32.000Z</time>
      </trkpt>
      <trkpt lat="40.1676799356937408447265625" lon="9.50208594091236591339111328125">
        <ele>1107.199951171875</ele>
        <time>2026-09-26T09:17:45.000Z</time>
      </trkpt>
      <trkpt lat="40.16761665232479572296142578125" lon="9.5021440275013446807861328125">
        <ele>1108.5999755859375</ele>
        <time>2026-09-26T09:17:56.000Z</time>
      </trkpt>
      <trkpt lat="40.16757256351411342620849609375" lon="9.5021795667707920074462890625">
        <ele>1110</ele>
        <time>2026-09-26T09:18:02.000Z</time>
      </trkpt>
      <trkpt lat="40.1676096953451633453369140625" lon="9.50216473080217838287353515625">
        <ele>1108.199951171875</ele>
        <time>2026-09-26T09:18:09.000Z</time>
      </trkpt>
      <trkpt lat="40.16761011444032192230224609375" lon="9.5021644793450832366943359375">
        <ele>1108.199951171875</ele>
        <time>2026-09-26T09:18:10.000Z</time>
      </trkpt>
      <trkpt lat="40.167622268199920654296875" lon="9.5021988451480865478515625">
        <ele>1106.4000244140625</ele>
        <time>2026-09-26T09:18:17.000Z</time>
      </trkpt>
      <trkpt lat="40.16762402839958667755126953125" lon="9.50225156731903553009033203125">
        <ele>1105</ele>
        <time>2026-09-26T09:18:24.000Z</time>
      </trkpt>
      <trkpt lat="40.16761648468673229217529296875" lon="9.5022721029818058013916015625">
        <ele>1105</ele>
        <time>2026-09-26T09:18:31.000Z</time>
      </trkpt>
      <trkpt lat="40.16758513636887073516845703125" lon="9.50229951180517673492431640625">
        <ele>1106.4000244140625</ele>
        <time>2026-09-26T09:18:37.000Z</time>
      </trkpt>
      <trkpt lat="40.16758630983531475067138671875" lon="9.5022982545197010040283203125">
        <ele>1106.4000244140625</ele>
        <time>2026-09-26T09:18:53.000Z</time>
      </trkpt>
      <trkpt lat="40.1675862260162830352783203125" lon="9.5022982545197010040283203125">
        <ele>1106.4000244140625</ele>
        <time>2026-09-26T09:18:57.000Z</time>
      </trkpt>
      <trkpt lat="40.1675862260162830352783203125" lon="9.5022982545197010040283203125">
        <ele>1106.4000244140625</ele>
        <time>2026-09-26T09:18:59.000Z</time>
      </trkpt>
      <trkpt lat="40.1675862260162830352783203125" lon="9.5022954046726226806640625">
        <ele>1106.4000244140625</ele>
        <time>2026-09-26T09:19:01.000Z</time>
      </trkpt>
      <trkpt lat="40.1675862260162830352783203125" lon="9.5022952370345592498779296875">
        <ele>1106.4000244140625</ele>
        <time>2026-09-26T09:19:03.000Z</time>
      </trkpt>
      <trkpt lat="40.1675860583782196044921875" lon="9.5022952370345592498779296875">
        <ele>1106.4000244140625</ele>
        <time>2026-09-26T09:19:06.000Z</time>
      </trkpt>
      <trkpt lat="40.16753015108406543731689453125" lon="9.50230303220450878143310546875">
        <ele>1109.5999755859375</ele>
        <time>2026-09-26T09:19:11.000Z</time>
      </trkpt>
      <trkpt lat="40.1674385368824005126953125" lon="9.50229942798614501953125">
        <ele>1112.800048828125</ele>
        <time>2026-09-26T09:19:18.000Z</time>
      </trkpt>
      <trkpt lat="40.16742051579058170318603515625" lon="9.502309821546077728271484375">
        <ele>1112.199951171875</ele>
        <time>2026-09-26T09:19:20.000Z</time>
      </trkpt>
      <trkpt lat="40.16738950274884700775146484375" lon="9.50232465751469135284423828125">
        <ele>1112.4000244140625</ele>
        <time>2026-09-26T09:19:27.000Z</time>
      </trkpt>
      <trkpt lat="40.1673894189298152923583984375" lon="9.5023260824382305145263671875">
        <ele>1112.199951171875</ele>
        <time>2026-09-26T09:19:37.000Z</time>
      </trkpt>
      <trkpt lat="40.16733057796955108642578125" lon="9.50232088565826416015625">
        <ele>1115.800048828125</ele>
        <time>2026-09-26T09:19:58.000Z</time>
      </trkpt>
      <trkpt lat="40.16725908033549785614013671875" lon="9.5022980868816375732421875">
        <ele>1121.199951171875</ele>
        <time>2026-09-26T09:20:04.000Z</time>
      </trkpt>
      <trkpt lat="40.1671667955815792083740234375" lon="9.502323903143405914306640625">
        <ele>1126.5999755859375</ele>
        <time>2026-09-26T09:20:12.000Z</time>
      </trkpt>
      <trkpt lat="40.16710200347006320953369140625" lon="9.50238517485558986663818359375">
        <ele>1128.4000244140625</ele>
        <time>2026-09-26T09:20:20.000Z</time>
      </trkpt>
      <trkpt lat="40.16702153719961643218994140625" lon="9.50244787149131298065185546875">
        <ele>1130.5999755859375</ele>
        <time>2026-09-26T09:20:29.000Z</time>
      </trkpt>
      <trkpt lat="40.16697359271347522735595703125" lon="9.5024685747921466827392578125">
        <ele>1133.800048828125</ele>
        <time>2026-09-26T09:20:34.000Z</time>
      </trkpt>
      <trkpt lat="40.16696579754352569580078125" lon="9.50247284956276416778564453125">
        <ele>1134.4000244140625</ele>
        <time>2026-09-26T09:20:35.000Z</time>
      </trkpt>
      <trkpt lat="40.16695498488843441009521484375" lon="9.502481482923030853271484375">
        <ele>1135.199951171875</ele>
        <time>2026-09-26T09:20:37.000Z</time>
      </trkpt>
      <trkpt lat="40.16693386249244213104248046875" lon="9.5024907030165195465087890625">
        <ele>1136.5999755859375</ele>
        <time>2026-09-26T09:20:40.000Z</time>
      </trkpt>
      <trkpt lat="40.16687971539795398712158203125" lon="9.5025148428976535797119140625">
        <ele>1139</ele>
        <time>2026-09-26T09:20:44.000Z</time>
      </trkpt>
      <trkpt lat="40.1668325252830982208251953125" lon="9.50254417955875396728515625">
        <ele>1139.800048828125</ele>
        <time>2026-09-26T09:20:49.000Z</time>
      </trkpt>
      <trkpt lat="40.16681383363902568817138671875" lon="9.502553902566432952880859375">
        <ele>1139.800048828125</ele>
        <time>2026-09-26T09:20:51.000Z</time>
      </trkpt>
      <trkpt lat="40.16675298102200031280517578125" lon="9.502559602260589599609375">
        <ele>1141.4000244140625</ele>
        <time>2026-09-26T09:20:56.000Z</time>
      </trkpt>
      <trkpt lat="40.16672196798026561737060546875" lon="9.50257209129631519317626953125">
        <ele>1141.5999755859375</ele>
        <time>2026-09-26T09:21:00.000Z</time>
      </trkpt>
      <trkpt lat="40.1666608639061450958251953125" lon="9.50258516706526279449462890625">
        <ele>1142.800048828125</ele>
        <time>2026-09-26T09:21:06.000Z</time>
      </trkpt>
      <trkpt lat="40.16664502210915088653564453125" lon="9.50259120203554630279541015625">
        <ele>1144.199951171875</ele>
        <time>2026-09-26T09:21:08.000Z</time>
      </trkpt>
      <trkpt lat="40.1666353829205036163330078125" lon="9.50259254314005374908447265625">
        <ele>1145.199951171875</ele>
        <time>2026-09-26T09:21:09.000Z</time>
      </trkpt>
      <trkpt lat="40.16658961772918701171875" lon="9.5026030205190181732177734375">
        <ele>1150.199951171875</ele>
        <time>2026-09-26T09:21:15.000Z</time>
      </trkpt>
      <trkpt lat="40.1665857620537281036376953125" lon="9.502606876194477081298828125">
        <ele>1150.5999755859375</ele>
        <time>2026-09-26T09:21:16.000Z</time>
      </trkpt>
      <trkpt lat="40.16656170599162578582763671875" lon="9.50260612182319164276123046875">
        <ele>1151.800048828125</ele>
        <time>2026-09-26T09:21:19.000Z</time>
      </trkpt>
      <trkpt lat="40.1665270887315273284912109375" lon="9.50262129306793212890625">
        <ele>1152.199951171875</ele>
        <time>2026-09-26T09:21:23.000Z</time>
      </trkpt>
      <trkpt lat="40.16649163328111171722412109375" lon="9.502635709941387176513671875">
        <ele>1152.5999755859375</ele>
        <time>2026-09-26T09:21:28.000Z</time>
      </trkpt>
      <trkpt lat="40.16649213619530200958251953125" lon="9.50263495557010173797607421875">
        <ele>1152.5999755859375</ele>
        <time>2026-09-26T09:21:30.000Z</time>
      </trkpt>
      <trkpt lat="40.1664446108043193817138671875" lon="9.50264275074005126953125">
        <ele>1153</ele>
        <time>2026-09-26T09:21:37.000Z</time>
      </trkpt>
      <trkpt lat="40.16636070795357227325439453125" lon="9.50263210572302341461181640625">
        <ele>1154</ele>
        <time>2026-09-26T09:21:45.000Z</time>
      </trkpt>
      <trkpt lat="40.16627152450382709503173828125" lon="9.5026481151580810546875">
        <ele>1155.4000244140625</ele>
        <time>2026-09-26T09:21:53.000Z</time>
      </trkpt>
      <trkpt lat="40.166202373802661895751953125" lon="9.5026456005871295928955078125">
        <ele>1156</ele>
        <time>2026-09-26T09:22:01.000Z</time>
      </trkpt>
      <trkpt lat="40.1661093346774578094482421875" lon="9.50266429223120212554931640625">
        <ele>1155.800048828125</ele>
        <time>2026-09-26T09:22:08.000Z</time>
      </trkpt>
      <trkpt lat="40.1660000346601009368896484375" lon="9.502677954733371734619140625">
        <ele>1155</ele>
        <time>2026-09-26T09:22:18.000Z</time>
      </trkpt>
      <trkpt lat="40.165911354124546051025390625" lon="9.50271592475473880767822265625">
        <ele>1155.5999755859375</ele>
        <time>2026-09-26T09:22:26.000Z</time>
      </trkpt>
      <trkpt lat="40.1657958514988422393798828125" lon="9.5027109794318675994873046875">
        <ele>1156.5999755859375</ele>
        <time>2026-09-26T09:22:35.000Z</time>
      </trkpt>
      <trkpt lat="40.16572468914091587066650390625" lon="9.50268457643687725067138671875">
        <ele>1157.5999755859375</ele>
        <time>2026-09-26T09:22:40.000Z</time>
      </trkpt>
      <trkpt lat="40.165701471269130706787109375" lon="9.5026735961437225341796875">
        <ele>1158</ele>
        <time>2026-09-26T09:22:42.000Z</time>
      </trkpt>
      <trkpt lat="40.16567791812121868133544921875" lon="9.50267686508595943450927734375">
        <ele>1158.199951171875</ele>
        <time>2026-09-26T09:22:44.000Z</time>
      </trkpt>
      <trkpt lat="40.1656151376664638519287109375" lon="9.5026818104088306427001953125">
        <ele>1158.800048828125</ele>
        <time>2026-09-26T09:22:49.000Z</time>
      </trkpt>
      <trkpt lat="40.16558848321437835693359375" lon="9.5026821456849575042724609375">
        <ele>1159</ele>
        <time>2026-09-26T09:22:51.000Z</time>
      </trkpt>
      <trkpt lat="40.165474154055118560791015625" lon="9.50267552398145198822021484375">
        <ele>1160.4000244140625</ele>
        <time>2026-09-26T09:23:01.000Z</time>
      </trkpt>
      <trkpt lat="40.16544087789952754974365234375" lon="9.50267334468662738800048828125">
        <ele>1160.800048828125</ele>
        <time>2026-09-26T09:23:04.000Z</time>
      </trkpt>
      <trkpt lat="40.16541020013391971588134765625" lon="9.50266831554472446441650390625">
        <ele>1161.4000244140625</ele>
        <time>2026-09-26T09:23:07.000Z</time>
      </trkpt>
      <trkpt lat="40.16534934751689434051513671875" lon="9.5026690699160099029541015625">
        <ele>1162.199951171875</ele>
        <time>2026-09-26T09:23:12.000Z</time>
      </trkpt>
      <trkpt lat="40.16533861868083477020263671875" lon="9.50268239714205265045166015625">
        <ele>1162.4000244140625</ele>
        <time>2026-09-26T09:23:13.000Z</time>
      </trkpt>
      <trkpt lat="40.1652781851589679718017578125" lon="9.50275163166224956512451171875">
        <ele>1163.800048828125</ele>
        <time>2026-09-26T09:23:18.000Z</time>
      </trkpt>
      <trkpt lat="40.165231414139270782470703125" lon="9.5027545653283596038818359375">
        <ele>1165</ele>
        <time>2026-09-26T09:23:21.000Z</time>
      </trkpt>
      <trkpt lat="40.16516511328518390655517578125" lon="9.5027435012161731719970703125">
        <ele>1166.4000244140625</ele>
        <time>2026-09-26T09:23:27.000Z</time>
      </trkpt>
      <trkpt lat="40.16513644717633724212646484375" lon="9.502752386033535003662109375">
        <ele>1166.800048828125</ele>
        <time>2026-09-26T09:23:30.000Z</time>
      </trkpt>
      <trkpt lat="40.1650448329746723175048828125" lon="9.50279085896909236907958984375">
        <ele>1167.5999755859375</ele>
        <time>2026-09-26T09:23:37.000Z</time>
      </trkpt>
      <trkpt lat="40.16502924263477325439453125" lon="9.5027978159487247467041015625">
        <ele>1167.4000244140625</ele>
        <time>2026-09-26T09:23:39.000Z</time>
      </trkpt>
      <trkpt lat="40.16499613411724567413330078125" lon="9.50280929915606975555419921875">
        <ele>1167.4000244140625</ele>
        <time>2026-09-26T09:23:42.000Z</time>
      </trkpt>
      <trkpt lat="40.1649750955402851104736328125" lon="9.50282036326825618743896484375">
        <ele>1167.4000244140625</ele>
        <time>2026-09-26T09:23:44.000Z</time>
      </trkpt>
      <trkpt lat="40.1649130694568157196044921875" lon="9.502830170094966888427734375">
        <ele>1168.5999755859375</ele>
        <time>2026-09-26T09:23:50.000Z</time>
      </trkpt>
      <trkpt lat="40.1648218743503093719482421875" lon="9.50282773934304714202880859375">
        <ele>1169.5999755859375</ele>
        <time>2026-09-26T09:23:58.000Z</time>
      </trkpt>
      <trkpt lat="40.164721123874187469482421875" lon="9.502830840647220611572265625">
        <ele>1170.199951171875</ele>
        <time>2026-09-26T09:24:06.000Z</time>
      </trkpt>
      <trkpt lat="40.16464359126985073089599609375" lon="9.50283662416040897369384765625">
        <ele>1171.4000244140625</ele>
        <time>2026-09-26T09:24:13.000Z</time>
      </trkpt>
      <trkpt lat="40.16454736702144145965576171875" lon="9.5028591714799404144287109375">
        <ele>1173.199951171875</ele>
        <time>2026-09-26T09:24:22.000Z</time>
      </trkpt>
      <trkpt lat="40.16449741087853908538818359375" lon="9.50286202132701873779296875">
        <ele>1174</ele>
        <time>2026-09-26T09:24:26.000Z</time>
      </trkpt>
      <trkpt lat="40.164470672607421875" lon="9.50284685008227825164794921875">
        <ele>1174.5999755859375</ele>
        <time>2026-09-26T09:24:29.000Z</time>
      </trkpt>
      <trkpt lat="40.16435072757303714752197265625" lon="9.50282103382050991058349609375">
        <ele>1177</ele>
        <time>2026-09-26T09:24:40.000Z</time>
      </trkpt>
      <trkpt lat="40.16426422633230686187744140625" lon="9.5027964748442173004150390625">
        <ele>1178.5999755859375</ele>
        <time>2026-09-26T09:24:47.000Z</time>
      </trkpt>
      <trkpt lat="40.16423807479441165924072265625" lon="9.50282069854438304901123046875">
        <ele>1179</ele>
        <time>2026-09-26T09:24:52.000Z</time>
      </trkpt>
      <trkpt lat="40.16421376727521419525146484375" lon="9.5028387196362018585205078125">
        <ele>1179.4000244140625</ele>
        <time>2026-09-26T09:24:55.000Z</time>
      </trkpt>
      <trkpt lat="40.16417085193097591400146484375" lon="9.5028172619640827178955078125">
        <ele>1180.199951171875</ele>
        <time>2026-09-26T09:24:59.000Z</time>
      </trkpt>
      <trkpt lat="40.1641208119690418243408203125" lon="9.50277074240148067474365234375">
        <ele>1181</ele>
        <time>2026-09-26T09:25:05.000Z</time>
      </trkpt>
      <trkpt lat="40.16410664655268192291259765625" lon="9.5027579180896282196044921875">
        <ele>1181.199951171875</ele>
        <time>2026-09-26T09:25:07.000Z</time>
      </trkpt>
      <trkpt lat="40.16408502124249935150146484375" lon="9.50272615067660808563232421875">
        <ele>1181.4000244140625</ele>
        <time>2026-09-26T09:25:10.000Z</time>
      </trkpt>
      <trkpt lat="40.16407915391027927398681640625" lon="9.502717517316341400146484375">
        <ele>1181.4000244140625</ele>
        <time>2026-09-26T09:25:11.000Z</time>
      </trkpt>
      <trkpt lat="40.164069347083568572998046875" lon="9.50272598303854465484619140625">
        <ele>1181.5999755859375</ele>
        <time>2026-09-26T09:25:14.000Z</time>
      </trkpt>
      <trkpt lat="40.164043195545673370361328125" lon="9.5027666352689266204833984375">
        <ele>1182.199951171875</ele>
        <time>2026-09-26T09:25:19.000Z</time>
      </trkpt>
      <trkpt lat="40.16402048058807849884033203125" lon="9.50276453979313373565673828125">
        <ele>1182.199951171875</ele>
        <time>2026-09-26T09:25:23.000Z</time>
      </trkpt>
      <trkpt lat="40.16400388441979885101318359375" lon="9.50280443765223026275634765625">
        <ele>1182.5999755859375</ele>
        <time>2026-09-26T09:25:29.000Z</time>
      </trkpt>
      <trkpt lat="40.1639784872531890869140625" lon="9.502841569483280181884765625">
        <ele>1182.5999755859375</ele>
        <time>2026-09-26T09:25:33.000Z</time>
      </trkpt>
      <trkpt lat="40.16396306455135345458984375" lon="9.502851627767086029052734375">
        <ele>1182.800048828125</ele>
        <time>2026-09-26T09:25:35.000Z</time>
      </trkpt>
      <trkpt lat="40.1639407686889171600341796875" lon="9.50285657308995723724365234375">
        <ele>1183</ele>
        <time>2026-09-26T09:25:37.000Z</time>
      </trkpt>
      <trkpt lat="40.16390967182815074920654296875" lon="9.502851627767086029052734375">
        <ele>1183.199951171875</ele>
        <time>2026-09-26T09:25:40.000Z</time>
      </trkpt>
      <trkpt lat="40.163869522511959075927734375" lon="9.502838887274265289306640625">
        <ele>1183.4000244140625</ele>
        <time>2026-09-26T09:25:44.000Z</time>
      </trkpt>
      <trkpt lat="40.16375678591430187225341796875" lon="9.502808712422847747802734375">
        <ele>1184.5999755859375</ele>
        <time>2026-09-26T09:25:53.000Z</time>
      </trkpt>
      <trkpt lat="40.1636782474815845489501953125" lon="9.50277191586792469024658203125">
        <ele>1186</ele>
        <time>2026-09-26T09:26:01.000Z</time>
      </trkpt>
      <trkpt lat="40.16363725997507572174072265625" lon="9.5027730055153369903564453125">
        <ele>1186.800048828125</ele>
        <time>2026-09-26T09:26:05.000Z</time>
      </trkpt>
      <trkpt lat="40.16359627246856689453125" lon="9.50277593918144702911376953125">
        <ele>1187.5999755859375</ele>
        <time>2026-09-26T09:26:09.000Z</time>
      </trkpt>
      <trkpt lat="40.16358462162315845489501953125" lon="9.50277149677276611328125">
        <ele>1187.800048828125</ele>
        <time>2026-09-26T09:26:10.000Z</time>
      </trkpt>
      <trkpt lat="40.16349770128726959228515625" lon="9.5027290843427181243896484375">
        <ele>1189</ele>
        <time>2026-09-26T09:26:17.000Z</time>
      </trkpt>
      <trkpt lat="40.16347381286323070526123046875" lon="9.50271860696375370025634765625">
        <ele>1189.5999755859375</ele>
        <time>2026-09-26T09:26:20.000Z</time>
      </trkpt>
      <trkpt lat="40.16345034353435039520263671875" lon="9.50269698165357112884521484375">
        <ele>1189.800048828125</ele>
        <time>2026-09-26T09:26:23.000Z</time>
      </trkpt>
      <trkpt lat="40.163440704345703125" lon="9.5026888512074947357177734375">
        <ele>1190</ele>
        <time>2026-09-26T09:26:24.000Z</time>
      </trkpt>
      <trkpt lat="40.16342796385288238525390625" lon="9.502687342464923858642578125">
        <ele>1190.199951171875</ele>
        <time>2026-09-26T09:26:25.000Z</time>
      </trkpt>
      <trkpt lat="40.16338504850864410400390625" lon="9.50269706547260284423828125">
        <ele>1191</ele>
        <time>2026-09-26T09:26:28.000Z</time>
      </trkpt>
      <trkpt lat="40.1633691228926181793212890625" lon="9.5026932097971439361572265625">
        <ele>1191.199951171875</ele>
        <time>2026-09-26T09:26:29.000Z</time>
      </trkpt>
      <trkpt lat="40.1632715575397014617919921875" lon="9.502671249210834503173828125">
        <ele>1192.5999755859375</ele>
        <time>2026-09-26T09:26:38.000Z</time>
      </trkpt>
      <trkpt lat="40.1632135547697544097900390625" lon="9.502631686627864837646484375">
        <ele>1193</ele>
        <time>2026-09-26T09:26:44.000Z</time>
      </trkpt>
      <trkpt lat="40.16315169632434844970703125" lon="9.50259874574840068817138671875">
        <ele>1193.4000244140625</ele>
        <time>2026-09-26T09:26:53.000Z</time>
      </trkpt>
      <trkpt lat="40.16314105130732059478759765625" lon="9.5026030205190181732177734375">
        <ele>1193.4000244140625</ele>
        <time>2026-09-26T09:26:54.000Z</time>
      </trkpt>
      <trkpt lat="40.16308858059346675872802734375" lon="9.50257762335240840911865234375">
        <ele>1193.5999755859375</ele>
        <time>2026-09-26T09:26:58.000Z</time>
      </trkpt>
      <trkpt lat="40.1630412228405475616455078125" lon="9.50257158838212490081787109375">
        <ele>1193.800048828125</ele>
        <time>2026-09-26T09:27:04.000Z</time>
      </trkpt>
      <trkpt lat="40.16303292475640773773193359375" lon="9.50257728807628154754638671875">
        <ele>1193.800048828125</ele>
        <time>2026-09-26T09:27:05.000Z</time>
      </trkpt>
      <trkpt lat="40.1629879139363765716552734375" lon="9.5025946386158466339111328125">
        <ele>1194</ele>
        <time>2026-09-26T09:27:12.000Z</time>
      </trkpt>
      <trkpt lat="40.16298766247928142547607421875" lon="9.50259354896843433380126953125">
        <ele>1194</ele>
        <time>2026-09-26T09:27:13.000Z</time>
      </trkpt>
      <trkpt lat="40.16298732720315456390380859375" lon="9.502598159015178680419921875">
        <ele>1194</ele>
        <time>2026-09-26T09:27:17.000Z</time>
      </trkpt>
      <trkpt lat="40.1629644446074962615966796875" lon="9.502602517604827880859375">
        <ele>1194</ele>
        <time>2026-09-26T09:27:22.000Z</time>
      </trkpt>
      <trkpt lat="40.16296419315040111541748046875" lon="9.502602517604827880859375">
        <ele>1194</ele>
        <time>2026-09-26T09:27:27.000Z</time>
      </trkpt>
      <trkpt lat="40.162964276969432830810546875" lon="9.502602517604827880859375">
        <ele>1194</ele>
        <time>2026-09-26T09:27:33.000Z</time>
      </trkpt>
      <trkpt lat="40.16296503134071826934814453125" lon="9.50260092504322528839111328125">
        <ele>1194</ele>
        <time>2026-09-26T09:27:35.000Z</time>
      </trkpt>
      <trkpt lat="40.1629654504358768463134765625" lon="9.5025996677577495574951171875">
        <ele>1194</ele>
        <time>2026-09-26T09:27:38.000Z</time>
      </trkpt>
      <trkpt lat="40.16296553425490856170654296875" lon="9.50259874574840068817138671875">
        <ele>1194</ele>
        <time>2026-09-26T09:27:40.000Z</time>
      </trkpt>
      <trkpt lat="40.16296620480716228485107421875" lon="9.5025969855487346649169921875">
        <ele>1194</ele>
        <time>2026-09-26T09:27:43.000Z</time>
      </trkpt>
      <trkpt lat="40.163014568388462066650390625" lon="9.50258868746459484100341796875">
        <ele>1193.800048828125</ele>
        <time>2026-09-26T09:27:49.000Z</time>
      </trkpt>
      <trkpt lat="40.16302957199513912200927734375" lon="9.50259220786392688751220703125">
        <ele>1193.800048828125</ele>
        <time>2026-09-26T09:27:50.000Z</time>
      </trkpt>
      <trkpt lat="40.16305287368595600128173828125" lon="9.502602182328701019287109375">
        <ele>1193.5999755859375</ele>
        <time>2026-09-26T09:27:52.000Z</time>
      </trkpt>
      <trkpt lat="40.1630777679383754730224609375" lon="9.50262925587594509124755859375">
        <ele>1193.5999755859375</ele>
        <time>2026-09-26T09:27:56.000Z</time>
      </trkpt>
      <trkpt lat="40.16307701356709003448486328125" lon="9.502634704113006591796875">
        <ele>1193.5999755859375</ele>
        <time>2026-09-26T09:27:57.000Z</time>
      </trkpt>
      <trkpt lat="40.16307433135807514190673828125" lon="9.5026365481317043304443359375">
        <ele>1193.5999755859375</ele>
        <time>2026-09-26T09:28:04.000Z</time>
      </trkpt>
      <trkpt lat="40.16307483427226543426513671875" lon="9.5026342011988162994384765625">
        <ele>1193.5999755859375</ele>
        <time>2026-09-26T09:28:23.000Z</time>
      </trkpt>
      <trkpt lat="40.1630757562816143035888671875" lon="9.50263294391334056854248046875">
        <ele>1193.5999755859375</ele>
        <time>2026-09-26T09:28:27.000Z</time>
      </trkpt>
      <trkpt lat="40.163075923919677734375" lon="9.50263193808495998382568359375">
        <ele>1193.5999755859375</ele>
        <time>2026-09-26T09:28:30.000Z</time>
      </trkpt>
      <trkpt lat="40.1630853116512298583984375" lon="9.5026288367807865142822265625">
        <ele>1193.5999755859375</ele>
        <time>2026-09-26T09:28:44.000Z</time>
      </trkpt>
      <trkpt lat="40.16312965191900730133056640625" lon="9.50263327918946743011474609375">
        <ele>1193.4000244140625</ele>
        <time>2026-09-26T09:28:47.000Z</time>
      </trkpt>
      <trkpt lat="40.16318254172801971435546875" lon="9.502608217298984527587890625">
        <ele>1193.199951171875</ele>
        <time>2026-09-26T09:28:50.000Z</time>
      </trkpt>
      <trkpt lat="40.16324046067893505096435546875" lon="9.50260645709931850433349609375">
        <ele>1193</ele>
        <time>2026-09-26T09:28:53.000Z</time>
      </trkpt>
      <trkpt lat="40.1632903330028057098388671875" lon="9.50263529084622859954833984375">
        <ele>1192.199951171875</ele>
        <time>2026-09-26T09:28:59.000Z</time>
      </trkpt>
      <trkpt lat="40.16329829581081867218017578125" lon="9.502659849822521209716796875">
        <ele>1192.199951171875</ele>
        <time>2026-09-26T09:29:01.000Z</time>
      </trkpt>
      <trkpt lat="40.1633013971149921417236328125" lon="9.50267870910465717315673828125">
        <ele>1192.199951171875</ele>
        <time>2026-09-26T09:29:03.000Z</time>
      </trkpt>
      <trkpt lat="40.16328488476574420928955078125" lon="9.50271047651767730712890625">
        <ele>1192.4000244140625</ele>
        <time>2026-09-26T09:29:07.000Z</time>
      </trkpt>
      <trkpt lat="40.16326728276908397674560546875" lon="9.502763450145721435546875">
        <ele>1192.5999755859375</ele>
        <time>2026-09-26T09:29:13.000Z</time>
      </trkpt>
      <trkpt lat="40.16325387172400951385498046875" lon="9.50282539241015911102294921875">
        <ele>1192.199951171875</ele>
        <time>2026-09-26T09:29:19.000Z</time>
      </trkpt>
      <trkpt lat="40.1632511056959629058837890625" lon="9.5028507895767688751220703125">
        <ele>1191.800048828125</ele>
        <time>2026-09-26T09:29:21.000Z</time>
      </trkpt>
      <trkpt lat="40.16324331052601337432861328125" lon="9.502859674394130706787109375">
        <ele>1191.800048828125</ele>
        <time>2026-09-26T09:29:22.000Z</time>
      </trkpt>
      <trkpt lat="40.16315446235239505767822265625" lon="9.502879120409488677978515625">
        <ele>1191.800048828125</ele>
        <time>2026-09-26T09:29:30.000Z</time>
      </trkpt>
      <trkpt lat="40.16310551203787326812744140625" lon="9.50292865745723247528076171875">
        <ele>1191.199951171875</ele>
        <time>2026-09-26T09:29:38.000Z</time>
      </trkpt>
      <trkpt lat="40.16310316510498523712158203125" lon="9.5029329322278499603271484375">
        <ele>1191.199951171875</ele>
        <time>2026-09-26T09:29:39.000Z</time>
      </trkpt>
      <trkpt lat="40.16310299746692180633544921875" lon="9.5029423199594020843505859375">
        <ele>1191</ele>
        <time>2026-09-26T09:29:40.000Z</time>
      </trkpt>
      <trkpt lat="40.16309939324855804443359375" lon="9.50295464135706424713134765625">
        <ele>1190.800048828125</ele>
        <time>2026-09-26T09:29:41.000Z</time>
      </trkpt>
      <trkpt lat="40.16307986341416835784912109375" lon="9.50296553783118724822998046875">
        <ele>1190.5999755859375</ele>
        <time>2026-09-26T09:29:43.000Z</time>
      </trkpt>
      <trkpt lat="40.16306980513036251068115234375" lon="9.50296805240213871002197265625">
        <ele>1190.5999755859375</ele>
        <time>2026-09-26T09:29:44.000Z</time>
      </trkpt>
      <trkpt lat="40.16302051953971385955810546875" lon="9.5029691420495510101318359375">
        <ele>1190.5999755859375</ele>
        <time>2026-09-26T09:29:49.000Z</time>
      </trkpt>
      <trkpt lat="40.1629775203764438629150390625" lon="9.502981044352054595947265625">
        <ele>1190.4000244140625</ele>
        <time>2026-09-26T09:29:53.000Z</time>
      </trkpt>
      <trkpt lat="40.1629600860178470611572265625" lon="9.5030170865356922149658203125">
        <ele>1189.5999755859375</ele>
        <time>2026-09-26T09:29:56.000Z</time>
      </trkpt>
      <trkpt lat="40.1629228703677654266357421875" lon="9.50303108431398868560791015625">
        <ele>1188.800048828125</ele>
        <time>2026-09-26T09:29:59.000Z</time>
      </trkpt>
      <trkpt lat="40.1628387160599231719970703125" lon="9.50302069075405597686767578125">
        <ele>1187.5999755859375</ele>
        <time>2026-09-26T09:30:07.000Z</time>
      </trkpt>
      <trkpt lat="40.1627683080732822418212890625" lon="9.50300686061382293701171875">
        <ele>1186.5999755859375</ele>
        <time>2026-09-26T09:30:12.000Z</time>
      </trkpt>
      <trkpt lat="40.16270779073238372802734375" lon="9.5030087046325206756591796875">
        <ele>1185.4000244140625</ele>
        <time>2026-09-26T09:30:17.000Z</time>
      </trkpt>
      <trkpt lat="40.1626090519130229949951171875" lon="9.5030211098492145538330078125">
        <ele>1183.5999755859375</ele>
        <time>2026-09-26T09:30:27.000Z</time>
      </trkpt>
      <trkpt lat="40.162600167095661163330078125" lon="9.50302069075405597686767578125">
        <ele>1183.4000244140625</ele>
        <time>2026-09-26T09:30:28.000Z</time>
      </trkpt>
      <trkpt lat="40.1625487022101879119873046875" lon="9.5030088722705841064453125">
        <ele>1183</ele>
        <time>2026-09-26T09:30:33.000Z</time>
      </trkpt>
      <trkpt lat="40.1624684035778045654296875" lon="9.50300292111933231353759765625">
        <ele>1181.800048828125</ele>
        <time>2026-09-26T09:30:42.000Z</time>
      </trkpt>
      <trkpt lat="40.162380896508693695068359375" lon="9.502977691590785980224609375">
        <ele>1181.199951171875</ele>
        <time>2026-09-26T09:30:49.000Z</time>
      </trkpt>
      <trkpt lat="40.16228626482188701629638671875" lon="9.50295916758477687835693359375">
        <ele>1180.800048828125</ele>
        <time>2026-09-26T09:30:57.000Z</time>
      </trkpt>
      <trkpt lat="40.16227620653808116912841796875" lon="9.5029503665864467620849609375">
        <ele>1180.800048828125</ele>
        <time>2026-09-26T09:30:58.000Z</time>
      </trkpt>
      <trkpt lat="40.162240751087665557861328125" lon="9.50290837325155735015869140625">
        <ele>1181.4000244140625</ele>
        <time>2026-09-26T09:31:03.000Z</time>
      </trkpt>
      <trkpt lat="40.1621544174849987030029296875" lon="9.5028910227119922637939453125">
        <ele>1180.5999755859375</ele>
        <time>2026-09-26T09:31:10.000Z</time>
      </trkpt>
      <trkpt lat="40.1621329598128795623779296875" lon="9.502893202006816864013671875">
        <ele>1180.199951171875</ele>
        <time>2026-09-26T09:31:12.000Z</time>
      </trkpt>
      <trkpt lat="40.1621108315885066986083984375" lon="9.50289580039680004119873046875">
        <ele>1180</ele>
        <time>2026-09-26T09:31:14.000Z</time>
      </trkpt>
      <trkpt lat="40.16194336116313934326171875" lon="9.50291524641215801239013671875">
        <ele>1178.800048828125</ele>
        <time>2026-09-26T09:31:27.000Z</time>
      </trkpt>
      <trkpt lat="40.1618355698883533477783203125" lon="9.50291759334504604339599609375">
        <ele>1178.800048828125</ele>
        <time>2026-09-26T09:31:37.000Z</time>
      </trkpt>
      <trkpt lat="40.16167656518518924713134765625" lon="9.50293368659913539886474609375">
        <ele>1180.800048828125</ele>
        <time>2026-09-26T09:31:49.000Z</time>
      </trkpt>
      <trkpt lat="40.16163532622158527374267578125" lon="9.5029369555413722991943359375">
        <ele>1180.5999755859375</ele>
        <time>2026-09-26T09:31:54.000Z</time>
      </trkpt>
      <trkpt lat="40.1616181433200836181640625" lon="9.5029413141310214996337890625">
        <ele>1180.4000244140625</ele>
        <time>2026-09-26T09:31:56.000Z</time>
      </trkpt>
      <trkpt lat="40.16158319078385829925537109375" lon="9.5029473491013050079345703125">
        <ele>1180.199951171875</ele>
        <time>2026-09-26T09:32:03.000Z</time>
      </trkpt>
      <trkpt lat="40.16157514415681362152099609375" lon="9.5029523782432079315185546875">
        <ele>1179.800048828125</ele>
        <time>2026-09-26T09:32:05.000Z</time>
      </trkpt>
      <trkpt lat="40.16153139062225818634033203125" lon="9.50296503491699695587158203125">
        <ele>1180.4000244140625</ele>
        <time>2026-09-26T09:32:13.000Z</time>
      </trkpt>
      <trkpt lat="40.16148143447935581207275390625" lon="9.5029926113784313201904296875">
        <ele>1180.4000244140625</ele>
        <time>2026-09-26T09:32:20.000Z</time>
      </trkpt>
      <trkpt lat="40.16146969981491565704345703125" lon="9.502998478710651397705078125">
        <ele>1180.4000244140625</ele>
        <time>2026-09-26T09:32:21.000Z</time>
      </trkpt>
      <trkpt lat="40.1614255271852016448974609375" lon="9.5030747540295124053955078125">
        <ele>1177.5999755859375</ele>
        <time>2026-09-26T09:32:28.000Z</time>
      </trkpt>
      <trkpt lat="40.1613960228860378265380859375" lon="9.503118507564067840576171875">
        <ele>1176.800048828125</ele>
        <time>2026-09-26T09:32:31.000Z</time>
      </trkpt>
      <trkpt lat="40.16136643476784229278564453125" lon="9.50314222835004329681396484375">
        <ele>1176.4000244140625</ele>
        <time>2026-09-26T09:32:34.000Z</time>
      </trkpt>
      <trkpt lat="40.1613497547805309295654296875" lon="9.5031642727553844451904296875">
        <ele>1175.5999755859375</ele>
        <time>2026-09-26T09:32:36.000Z</time>
      </trkpt>
      <trkpt lat="40.16131329350173473358154296875" lon="9.503203667700290679931640625">
        <ele>1174</ele>
        <time>2026-09-26T09:32:40.000Z</time>
      </trkpt>
      <trkpt lat="40.16128345392644405364990234375" lon="9.5032467506825923919677734375">
        <ele>1172.199951171875</ele>
        <time>2026-09-26T09:32:43.000Z</time>
      </trkpt>
      <trkpt lat="40.16126384027302265167236328125" lon="9.5032668672502040863037109375">
        <ele>1171.800048828125</ele>
        <time>2026-09-26T09:32:45.000Z</time>
      </trkpt>
      <trkpt lat="40.16118890605866909027099609375" lon="9.50335445813834667205810546875">
        <ele>1168.800048828125</ele>
        <time>2026-09-26T09:32:55.000Z</time>
      </trkpt>
      <trkpt lat="40.16116091050207614898681640625" lon="9.50339804403483867645263671875">
        <ele>1167</ele>
        <time>2026-09-26T09:32:59.000Z</time>
      </trkpt>
      <trkpt lat="40.16113542951643466949462890625" lon="9.5034219324588775634765625">
        <ele>1166.199951171875</ele>
        <time>2026-09-26T09:33:01.000Z</time>
      </trkpt>
      <trkpt lat="40.16104473732411861419677734375" lon="9.503512121737003326416015625">
        <ele>1162.800048828125</ele>
        <time>2026-09-26T09:33:11.000Z</time>
      </trkpt>
      <trkpt lat="40.16104239039123058319091796875" lon="9.50353785417973995208740234375">
        <ele>1161.5999755859375</ele>
        <time>2026-09-26T09:33:13.000Z</time>
      </trkpt>
      <trkpt lat="40.161018334329128265380859375" lon="9.50359736569225788116455078125">
        <ele>1158.800048828125</ele>
        <time>2026-09-26T09:33:17.000Z</time>
      </trkpt>
      <trkpt lat="40.1609437353909015655517578125" lon="9.5037008821964263916015625">
        <ele>1156.4000244140625</ele>
        <time>2026-09-26T09:33:25.000Z</time>
      </trkpt>
      <trkpt lat="40.1609289832413196563720703125" lon="9.50374924577772617340087890625">
        <ele>1155.199951171875</ele>
        <time>2026-09-26T09:33:31.000Z</time>
      </trkpt>
      <trkpt lat="40.16091180033981800079345703125" lon="9.50378243811428546905517578125">
        <ele>1154.4000244140625</ele>
        <time>2026-09-26T09:33:39.000Z</time>
      </trkpt>
      <trkpt lat="40.16082630492746829986572265625" lon="9.50384647585451602935791015625">
        <ele>1153.4000244140625</ele>
        <time>2026-09-26T09:33:46.000Z</time>
      </trkpt>
      <trkpt lat="40.160805098712444305419921875" lon="9.50388335622847080230712890625">
        <ele>1152.199951171875</ele>
        <time>2026-09-26T09:33:49.000Z</time>
      </trkpt>
      <trkpt lat="40.16080182977020740509033203125" lon="9.50389869511127471923828125">
        <ele>1151.800048828125</ele>
        <time>2026-09-26T09:33:50.000Z</time>
      </trkpt>
      <trkpt lat="40.16078573651611804962158203125" lon="9.503926523029804229736328125">
        <ele>1151.199951171875</ele>
        <time>2026-09-26T09:33:52.000Z</time>
      </trkpt>
      <trkpt lat="40.1607268117368221282958984375" lon="9.50398989021778106689453125">
        <ele>1150.5999755859375</ele>
        <time>2026-09-26T09:33:59.000Z</time>
      </trkpt>
      <trkpt lat="40.1606369577348232269287109375" lon="9.5040705241262912750244140625">
        <ele>1148.800048828125</ele>
        <time>2026-09-26T09:34:07.000Z</time>
      </trkpt>
      <trkpt lat="40.160487256944179534912109375" lon="9.5041380822658538818359375">
        <ele>1147.5999755859375</ele>
        <time>2026-09-26T09:34:17.000Z</time>
      </trkpt>
      <trkpt lat="40.1604304276406764984130859375" lon="9.50417370535433292388916015625">
        <ele>1147</ele>
        <time>2026-09-26T09:34:23.000Z</time>
      </trkpt>
      <trkpt lat="40.16040645539760589599609375" lon="9.50420044362545013427734375">
        <ele>1146.4000244140625</ele>
        <time>2026-09-26T09:34:29.000Z</time>
      </trkpt>
      <trkpt lat="40.16039296053349971771240234375" lon="9.5042083226144313812255859375">
        <ele>1146.199951171875</ele>
        <time>2026-09-26T09:34:36.000Z</time>
      </trkpt>
      <trkpt lat="40.16039765439927577972412109375" lon="9.50415090657770633697509765625">
        <ele>1147.800048828125</ele>
        <time>2026-09-26T09:34:41.000Z</time>
      </trkpt>
      <trkpt lat="40.160394050180912017822265625" lon="9.50413950718939304351806640625">
        <ele>1148</ele>
        <time>2026-09-26T09:34:42.000Z</time>
      </trkpt>
      <trkpt lat="40.160321630537509918212890625" lon="9.50411620549857616424560546875">
        <ele>1149</ele>
        <time>2026-09-26T09:34:49.000Z</time>
      </trkpt>
      <trkpt lat="40.1602225564420223236083984375" lon="9.50410966761410236358642578125">
        <ele>1149.5999755859375</ele>
        <time>2026-09-26T09:34:57.000Z</time>
      </trkpt>
      <trkpt lat="40.16013831831514835357666015625" lon="9.50409156270325183868408203125">
        <ele>1150.199951171875</ele>
        <time>2026-09-26T09:35:05.000Z</time>
      </trkpt>
      <trkpt lat="40.1601333729922771453857421875" lon="9.50408904813230037689208984375">
        <ele>1150.199951171875</ele>
        <time>2026-09-26T09:35:08.000Z</time>
      </trkpt>
      <trkpt lat="40.16013328917324542999267578125" lon="9.504090808331966400146484375">
        <ele>1150.199951171875</ele>
        <time>2026-09-26T09:35:12.000Z</time>
      </trkpt>
      <trkpt lat="40.16013546846807003021240234375" lon="9.50409189797937870025634765625">
        <ele>1150.199951171875</ele>
        <time>2026-09-26T09:35:20.000Z</time>
      </trkpt>
      <trkpt lat="40.16013647429645061492919921875" lon="9.50409717857837677001953125">
        <ele>1150</ele>
        <time>2026-09-26T09:35:28.000Z</time>
      </trkpt>
      <trkpt lat="40.16014921478927135467529296875" lon="9.5041228272020816802978515625">
        <ele>1149.199951171875</ele>
        <time>2026-09-26T09:35:30.000Z</time>
      </trkpt>
      <trkpt lat="40.16013622283935546875" lon="9.5042053051292896270751953125">
        <ele>1147</ele>
        <time>2026-09-26T09:35:36.000Z</time>
      </trkpt>
      <trkpt lat="40.160119794309139251708984375" lon="9.5042287744581699371337890625">
        <ele>1146.4000244140625</ele>
        <time>2026-09-26T09:35:41.000Z</time>
      </trkpt>
      <trkpt lat="40.16011652536690235137939453125" lon="9.5043102465569972991943359375">
        <ele>1144.199951171875</ele>
        <time>2026-09-26T09:35:51.000Z</time>
      </trkpt>
      <trkpt lat="40.1601241528987884521484375" lon="9.504338242113590240478515625">
        <ele>1143.4000244140625</ele>
        <time>2026-09-26T09:35:56.000Z</time>
      </trkpt>
      <trkpt lat="40.1601263321936130523681640625" lon="9.504350982606410980224609375">
        <ele>1143</ele>
        <time>2026-09-26T09:35:58.000Z</time>
      </trkpt>
      <trkpt lat="40.16011350788176059722900390625" lon="9.50436363928020000457763671875">
        <ele>1142.5999755859375</ele>
        <time>2026-09-26T09:36:00.000Z</time>
      </trkpt>
      <trkpt lat="40.1600995101034641265869140625" lon="9.50437855906784534454345703125">
        <ele>1142.199951171875</ele>
        <time>2026-09-26T09:36:02.000Z</time>
      </trkpt>
      <trkpt lat="40.1600758731365203857421875" lon="9.50441275723278522491455078125">
        <ele>1141.5999755859375</ele>
        <time>2026-09-26T09:36:07.000Z</time>
      </trkpt>
      <trkpt lat="40.160076208412647247314453125" lon="9.50446606613695621490478515625">
        <ele>1140.199951171875</ele>
        <time>2026-09-26T09:36:15.000Z</time>
      </trkpt>
      <trkpt lat="40.1600267551839351654052734375" lon="9.50452105142176151275634765625">
        <ele>1139</ele>
        <time>2026-09-26T09:36:22.000Z</time>
      </trkpt>
      <trkpt lat="40.16000353731215000152587890625" lon="9.504562877118587493896484375">
        <ele>1138</ele>
        <time>2026-09-26T09:36:28.000Z</time>
      </trkpt>
      <trkpt lat="40.159999094903469085693359375" lon="9.50458760373294353485107421875">
        <ele>1137.199951171875</ele>
        <time>2026-09-26T09:36:33.000Z</time>
      </trkpt>
      <trkpt lat="40.15997998416423797607421875" lon="9.5046542398631572723388671875">
        <ele>1135.4000244140625</ele>
        <time>2026-09-26T09:36:41.000Z</time>
      </trkpt>
      <trkpt lat="40.15991427004337310791015625" lon="9.50473956763744354248046875">
        <ele>1133.4000244140625</ele>
        <time>2026-09-26T09:36:50.000Z</time>
      </trkpt>
      <trkpt lat="40.1598671637475490570068359375" lon="9.504796899855136871337890625">
        <ele>1132.5999755859375</ele>
        <time>2026-09-26T09:36:58.000Z</time>
      </trkpt>
      <trkpt lat="40.15985450707376003265380859375" lon="9.50479178689420223236083984375">
        <ele>1132.800048828125</ele>
        <time>2026-09-26T09:37:03.000Z</time>
      </trkpt>
      <trkpt lat="40.15983288176357746124267578125" lon="9.50483202002942562103271484375">
        <ele>1132</ele>
        <time>2026-09-26T09:37:14.000Z</time>
      </trkpt>
      <trkpt lat="40.15977622009813785552978515625" lon="9.5048756897449493408203125">
        <ele>1131.5999755859375</ele>
        <time>2026-09-26T09:37:21.000Z</time>
      </trkpt>
      <trkpt lat="40.1597115956246852874755859375" lon="9.50489823706448078155517578125">
        <ele>1131.5999755859375</ele>
        <time>2026-09-26T09:37:27.000Z</time>
      </trkpt>
      <trkpt lat="40.159688293933868408203125" lon="9.50492103584110736846923828125">
        <ele>1131.4000244140625</ele>
        <time>2026-09-26T09:37:29.000Z</time>
      </trkpt>
      <trkpt lat="40.159682929515838623046875" lon="9.5049284957349300384521484375">
        <ele>1131.199951171875</ele>
        <time>2026-09-26T09:37:30.000Z</time>
      </trkpt>
      <trkpt lat="40.15964596532285213470458984375" lon="9.50496797449886798858642578125">
        <ele>1130.5999755859375</ele>
        <time>2026-09-26T09:37:36.000Z</time>
      </trkpt>
      <trkpt lat="40.15962366946041584014892578125" lon="9.50498255901038646697998046875">
        <ele>1130.5999755859375</ele>
        <time>2026-09-26T09:37:42.000Z</time>
      </trkpt>
      <trkpt lat="40.15957673080265522003173828125" lon="9.50497149489820003509521484375">
        <ele>1131</ele>
        <time>2026-09-26T09:37:47.000Z</time>
      </trkpt>
      <trkpt lat="40.1595754735171794891357421875" lon="9.50496545992791652679443359375">
        <ele>1131.199951171875</ele>
        <time>2026-09-26T09:37:53.000Z</time>
      </trkpt>
      <trkpt lat="40.15957631170749664306640625" lon="9.50496261008083820343017578125">
        <ele>1131.199951171875</ele>
        <time>2026-09-26T09:38:03.000Z</time>
      </trkpt>
      <trkpt lat="40.1595815084874629974365234375" lon="9.5050032623112201690673828125">
        <ele>1130</ele>
        <time>2026-09-26T09:38:17.000Z</time>
      </trkpt>
      <trkpt lat="40.15959517098963260650634765625" lon="9.50503871776163578033447265625">
        <ele>1128.4000244140625</ele>
        <time>2026-09-26T09:38:19.000Z</time>
      </trkpt>
      <trkpt lat="40.15960472635924816131591796875" lon="9.5050941221415996551513671875">
        <ele>1126</ele>
        <time>2026-09-26T09:38:22.000Z</time>
      </trkpt>
      <trkpt lat="40.15960288234055042266845703125" lon="9.505109377205371856689453125">
        <ele>1125.4000244140625</ele>
        <time>2026-09-26T09:38:23.000Z</time>
      </trkpt>
      <trkpt lat="40.159565918147563934326171875" lon="9.50514751486480236053466796875">
        <ele>1123.5999755859375</ele>
        <time>2026-09-26T09:38:29.000Z</time>
      </trkpt>
      <trkpt lat="40.15954253263771533966064453125" lon="9.5051561482250690460205078125">
        <ele>1123.4000244140625</ele>
        <time>2026-09-26T09:38:31.000Z</time>
      </trkpt>
      <trkpt lat="40.15950120985507965087890625" lon="9.5051605068147182464599609375">
        <ele>1123.199951171875</ele>
        <time>2026-09-26T09:38:35.000Z</time>
      </trkpt>
      <trkpt lat="40.15947648324072360992431640625" lon="9.50517869554460048675537109375">
        <ele>1122.4000244140625</ele>
        <time>2026-09-26T09:38:41.000Z</time>
      </trkpt>
      <trkpt lat="40.15942074358463287353515625" lon="9.50521297752857208251953125">
        <ele>1120.800048828125</ele>
        <time>2026-09-26T09:38:48.000Z</time>
      </trkpt>
      <trkpt lat="40.15940959565341472625732421875" lon="9.505212642252445220947265625">
        <ele>1120.800048828125</ele>
        <time>2026-09-26T09:38:49.000Z</time>
      </trkpt>
      <trkpt lat="40.1593810133635997772216796875" lon="9.50523175299167633056640625">
        <ele>1120</ele>
        <time>2026-09-26T09:38:54.000Z</time>
      </trkpt>
      <trkpt lat="40.1593315601348876953125" lon="9.50527458451688289642333984375">
        <ele>1118.199951171875</ele>
        <time>2026-09-26T09:39:02.000Z</time>
      </trkpt>
      <trkpt lat="40.15932577662169933319091796875" lon="9.50529210269451141357421875">
        <ele>1117.199951171875</ele>
        <time>2026-09-26T09:39:04.000Z</time>
      </trkpt>
      <trkpt lat="40.1592992059886455535888671875" lon="9.50532303191721439361572265625">
        <ele>1115.5999755859375</ele>
        <time>2026-09-26T09:39:11.000Z</time>
      </trkpt>
      <trkpt lat="40.15924631617963314056396484375" lon="9.50533074326813220977783203125">
        <ele>1115</ele>
        <time>2026-09-26T09:39:18.000Z</time>
      </trkpt>
      <trkpt lat="40.15917423181235790252685546875" lon="9.5053412206470966339111328125">
        <ele>1114.199951171875</ele>
        <time>2026-09-26T09:39:25.000Z</time>
      </trkpt>
      <trkpt lat="40.15914581716060638427734375" lon="9.50534264557063579559326171875">
        <ele>1114</ele>
        <time>2026-09-26T09:39:30.000Z</time>
      </trkpt>
      <trkpt lat="40.15911505557596683502197265625" lon="9.50534231029450893402099609375">
        <ele>1114</ele>
        <time>2026-09-26T09:39:36.000Z</time>
      </trkpt>
      <trkpt lat="40.15904833562672138214111328125" lon="9.50536544434726238250732421875">
        <ele>1112.4000244140625</ele>
        <time>2026-09-26T09:39:45.000Z</time>
      </trkpt>
      <trkpt lat="40.15900340862572193145751953125" lon="9.50536251068115234375">
        <ele>1111.5999755859375</ele>
        <time>2026-09-26T09:39:52.000Z</time>
      </trkpt>
      <trkpt lat="40.1589681208133697509765625" lon="9.5053650252521038055419921875">
        <ele>1110.800048828125</ele>
        <time>2026-09-26T09:39:58.000Z</time>
      </trkpt>
      <trkpt lat="40.1589320786297321319580078125" lon="9.5053613372147083282470703125">
        <ele>1110.199951171875</ele>
        <time>2026-09-26T09:40:06.000Z</time>
      </trkpt>
      <trkpt lat="40.15889259986579418182373046875" lon="9.5053784362971782684326171875">
        <ele>1108.4000244140625</ele>
        <time>2026-09-26T09:40:12.000Z</time>
      </trkpt>
      <trkpt lat="40.15885236673057079315185546875" lon="9.50539402663707733154296875">
        <ele>1107.199951171875</ele>
        <time>2026-09-26T09:40:20.000Z</time>
      </trkpt>
      <trkpt lat="40.15881531871855258941650390625" lon="9.50541875325143337249755859375">
        <ele>1105.800048828125</ele>
        <time>2026-09-26T09:40:26.000Z</time>
      </trkpt>
      <trkpt lat="40.15880919992923736572265625" lon="9.50542143546044826507568359375">
        <ele>1105.5999755859375</ele>
        <time>2026-09-26T09:40:27.000Z</time>
      </trkpt>
      <trkpt lat="40.15871959738433361053466796875" lon="9.50544943101704120635986328125">
        <ele>1103.800048828125</ele>
        <time>2026-09-26T09:40:36.000Z</time>
      </trkpt>
      <trkpt lat="40.1587134785950183868408203125" lon="9.50543987564742565155029296875">
        <ele>1104</ele>
        <time>2026-09-26T09:40:37.000Z</time>
      </trkpt>
      <trkpt lat="40.15869512222707271575927734375" lon="9.50543082319200038909912109375">
        <ele>1104.199951171875</ele>
        <time>2026-09-26T09:40:40.000Z</time>
      </trkpt>
      <trkpt lat="40.1586571522057056427001953125" lon="9.50542579405009746551513671875">
        <ele>1104.199951171875</ele>
        <time>2026-09-26T09:40:44.000Z</time>
      </trkpt>
      <trkpt lat="40.15862370841205120086669921875" lon="9.50541079044342041015625">
        <ele>1104.5999755859375</ele>
        <time>2026-09-26T09:40:48.000Z</time>
      </trkpt>
      <trkpt lat="40.15852178446948528289794921875" lon="9.50539930723607540130615234375">
        <ele>1104.199951171875</ele>
        <time>2026-09-26T09:40:58.000Z</time>
      </trkpt>
      <trkpt lat="40.1584526337683200836181640625" lon="9.50543082319200038909912109375">
        <ele>1102.800048828125</ele>
        <time>2026-09-26T09:41:06.000Z</time>
      </trkpt>
      <trkpt lat="40.1584402285516262054443359375" lon="9.5054347626864910125732421875">
        <ele>1102.5999755859375</ele>
        <time>2026-09-26T09:41:07.000Z</time>
      </trkpt>
      <trkpt lat="40.1583651266992092132568359375" lon="9.50544289313256740570068359375">
        <ele>1101.800048828125</ele>
        <time>2026-09-26T09:41:14.000Z</time>
      </trkpt>
      <trkpt lat="40.15832179225981235504150390625" lon="9.5054414682090282440185546875">
        <ele>1101.5999755859375</ele>
        <time>2026-09-26T09:41:20.000Z</time>
      </trkpt>
      <trkpt lat="40.15826093964278697967529296875" lon="9.50544473715126514434814453125">
        <ele>1101</ele>
        <time>2026-09-26T09:41:27.000Z</time>
      </trkpt>
      <trkpt lat="40.1582578383386135101318359375" lon="9.50544775463640689849853515625">
        <ele>1100.800048828125</ele>
        <time>2026-09-26T09:41:30.000Z</time>
      </trkpt>
      <trkpt lat="40.15824903734028339385986328125" lon="9.50544674880802631378173828125">
        <ele>1100.800048828125</ele>
        <time>2026-09-26T09:41:35.000Z</time>
      </trkpt>
      <trkpt lat="40.1582439243793487548828125" lon="9.5054475031793117523193359375">
        <ele>1100.800048828125</ele>
        <time>2026-09-26T09:41:45.000Z</time>
      </trkpt>
      <trkpt lat="40.1582444272935390472412109375" lon="9.5054475031793117523193359375">
        <ele>1100.800048828125</ele>
        <time>2026-09-26T09:41:53.000Z</time>
      </trkpt>
      <trkpt lat="40.1582038588821887969970703125" lon="9.505413807928562164306640625">
        <ele>1102</ele>
        <time>2026-09-26T09:41:58.000Z</time>
      </trkpt>
      <trkpt lat="40.158150382339954376220703125" lon="9.505384303629398345947265625">
        <ele>1102.800048828125</ele>
        <time>2026-09-26T09:42:03.000Z</time>
      </trkpt>
      <trkpt lat="40.15814309008419513702392578125" lon="9.50538338162004947662353515625">
        <ele>1102.800048828125</ele>
        <time>2026-09-26T09:42:04.000Z</time>
      </trkpt>
      <trkpt lat="40.1581012643873691558837890625" lon="9.5053804479539394378662109375">
        <ele>1102.5999755859375</ele>
        <time>2026-09-26T09:42:10.000Z</time>
      </trkpt>
      <trkpt lat="40.15805373899638652801513671875" lon="9.505359493196010589599609375">
        <ele>1103.199951171875</ele>
        <time>2026-09-26T09:42:17.000Z</time>
      </trkpt>
      <trkpt lat="40.15802540816366672515869140625" lon="9.5053656958043575286865234375">
        <ele>1102.5999755859375</ele>
        <time>2026-09-26T09:42:25.000Z</time>
      </trkpt>
      <trkpt lat="40.15803135931491851806640625" lon="9.50539679266512393951416015625">
        <ele>1101</ele>
        <time>2026-09-26T09:42:31.000Z</time>
      </trkpt>
      <trkpt lat="40.1580030284821987152099609375" lon="9.5054062642157077789306640625">
        <ele>1100.199951171875</ele>
        <time>2026-09-26T09:42:38.000Z</time>
      </trkpt>
      <trkpt lat="40.15801451168954372406005859375" lon="9.50544725172221660614013671875">
        <ele>1098.4000244140625</ele>
        <time>2026-09-26T09:42:45.000Z</time>
      </trkpt>
      <trkpt lat="40.1579596102237701416015625" lon="9.50551380403339862823486328125">
        <ele>1094.199951171875</ele>
        <time>2026-09-26T09:42:51.000Z</time>
      </trkpt>
      <trkpt lat="40.1579574309289455413818359375" lon="9.5055376924574375152587890625">
        <ele>1093</ele>
        <time>2026-09-26T09:42:56.000Z</time>
      </trkpt>
      <trkpt lat="40.15796690247952938079833984375" lon="9.50553744100034236907958984375">
        <ele>1093</ele>
        <time>2026-09-26T09:42:57.000Z</time>
      </trkpt>
      <trkpt lat="40.15799380838871002197265625" lon="9.50555269606411457061767578125">
        <ele>1092.800048828125</ele>
        <time>2026-09-26T09:43:00.000Z</time>
      </trkpt>
      <trkpt lat="40.158004872500896453857421875" lon="9.5055725611746311187744140625">
        <ele>1091.5999755859375</ele>
        <time>2026-09-26T09:43:02.000Z</time>
      </trkpt>
      <trkpt lat="40.1580333709716796875" lon="9.50556996278464794158935546875">
        <ele>1092.199951171875</ele>
        <time>2026-09-26T09:43:05.000Z</time>
      </trkpt>
      <trkpt lat="40.15805038623511791229248046875" lon="9.50557172298431396484375">
        <ele>1092.4000244140625</ele>
        <time>2026-09-26T09:43:07.000Z</time>
      </trkpt>
      <trkpt lat="40.1580570079386234283447265625" lon="9.505579769611358642578125">
        <ele>1092</ele>
        <time>2026-09-26T09:43:08.000Z</time>
      </trkpt>
      <trkpt lat="40.15807050280272960662841796875" lon="9.50560751371085643768310546875">
        <ele>1090.4000244140625</ele>
        <time>2026-09-26T09:43:10.000Z</time>
      </trkpt>
      <trkpt lat="40.1580942235887050628662109375" lon="9.50561321340501308441162109375">
        <ele>1090.4000244140625</ele>
        <time>2026-09-26T09:43:12.000Z</time>
      </trkpt>
      <trkpt lat="40.15812012366950511932373046875" lon="9.50562737882137298583984375">
        <ele>1090</ele>
        <time>2026-09-26T09:43:15.000Z</time>
      </trkpt>
      <trkpt lat="40.15812314115464687347412109375" lon="9.505649171769618988037109375">
        <ele>1088.800048828125</ele>
        <time>2026-09-26T09:43:17.000Z</time>
      </trkpt>
      <trkpt lat="40.1581254042685031890869140625" lon="9.50568370521068572998046875">
        <ele>1086.5999755859375</ele>
        <time>2026-09-26T09:43:21.000Z</time>
      </trkpt>
      <trkpt lat="40.15813060104846954345703125" lon="9.50570038519799709320068359375">
        <ele>1085.5999755859375</ele>
        <time>2026-09-26T09:43:27.000Z</time>
      </trkpt>
      <trkpt lat="40.15818248502910137176513671875" lon="9.505748413503170013427734375">
        <ele>1083.4000244140625</ele>
        <time>2026-09-26T09:43:33.000Z</time>
      </trkpt>
      <trkpt lat="40.1581084728240966796875" lon="9.505813457071781158447265625">
        <ele>1078.800048828125</ele>
        <time>2026-09-26T09:43:38.000Z</time>
      </trkpt>
      <trkpt lat="40.1580928824841976165771484375" lon="9.50583466328680515289306640625">
        <ele>1077.4000244140625</ele>
        <time>2026-09-26T09:43:44.000Z</time>
      </trkpt>
      <trkpt lat="40.15811727382242679595947265625" lon="9.50584606267511844635009765625">
        <ele>1077</ele>
        <time>2026-09-26T09:43:50.000Z</time>
      </trkpt>
      <trkpt lat="40.15822322107851505279541015625" lon="9.5059137046337127685546875">
        <ele>1074.5999755859375</ele>
        <time>2026-09-26T09:43:57.000Z</time>
      </trkpt>
      <trkpt lat="40.158325396478176116943359375" lon="9.50595670379698276519775390625">
        <ele>1074.4000244140625</ele>
        <time>2026-09-26T09:44:02.000Z</time>
      </trkpt>
      <trkpt lat="40.15835783444344997406005859375" lon="9.50596340931951999664306640625">
        <ele>1074.5999755859375</ele>
        <time>2026-09-26T09:44:04.000Z</time>
      </trkpt>
      <trkpt lat="40.15839857049286365509033203125" lon="9.50597598217427730560302734375">
        <ele>1074.800048828125</ele>
        <time>2026-09-26T09:44:07.000Z</time>
      </trkpt>
      <trkpt lat="40.15843695960938930511474609375" lon="9.505973719060420989990234375">
        <ele>1075.5999755859375</ele>
        <time>2026-09-26T09:44:10.000Z</time>
      </trkpt>
      <trkpt lat="40.15850334428250789642333984375" lon="9.506005905568599700927734375">
        <ele>1075.199951171875</ele>
        <time>2026-09-26T09:44:17.000Z</time>
      </trkpt>
      <trkpt lat="40.15851994045078754425048828125" lon="9.50602577067911624908447265625">
        <ele>1074.4000244140625</ele>
        <time>2026-09-26T09:44:19.000Z</time>
      </trkpt>
      <trkpt lat="40.158565454185009002685546875" lon="9.50605116784572601318359375">
        <ele>1074.199951171875</ele>
        <time>2026-09-26T09:44:23.000Z</time>
      </trkpt>
      <trkpt lat="40.15863980166614055633544921875" lon="9.5061175525188446044921875">
        <ele>1072.4000244140625</ele>
        <time>2026-09-26T09:44:29.000Z</time>
      </trkpt>
      <trkpt lat="40.1587158255279064178466796875" lon="9.50620262883603572845458984375">
        <ele>1070.199951171875</ele>
        <time>2026-09-26T09:44:37.000Z</time>
      </trkpt>
      <trkpt lat="40.15871800482273101806640625" lon="9.50621721334755420684814453125">
        <ele>1069.4000244140625</ele>
        <time>2026-09-26T09:44:38.000Z</time>
      </trkpt>
      <trkpt lat="40.1586833037436008453369140625" lon="9.5062390901148319244384765625">
        <ele>1067.5999755859375</ele>
        <time>2026-09-26T09:44:41.000Z</time>
      </trkpt>
      <trkpt lat="40.15858925879001617431640625" lon="9.5062561891973018646240234375">
        <ele>1064.800048828125</ele>
        <time>2026-09-26T09:44:49.000Z</time>
      </trkpt>
      <trkpt lat="40.15857609920203685760498046875" lon="9.50626582838594913482666015625">
        <ele>1064.199951171875</ele>
        <time>2026-09-26T09:44:51.000Z</time>
      </trkpt>
      <trkpt lat="40.15855279751121997833251953125" lon="9.5062736235558986663818359375">
        <ele>1063.199951171875</ele>
        <time>2026-09-26T09:44:54.000Z</time>
      </trkpt>
      <trkpt lat="40.15848205424845218658447265625" lon="9.506258703768253326416015625">
        <ele>1062.4000244140625</ele>
        <time>2026-09-26T09:45:00.000Z</time>
      </trkpt>
      <trkpt lat="40.1584714092314243316650390625" lon="9.50625996105372905731201171875">
        <ele>1062.199951171875</ele>
        <time>2026-09-26T09:45:01.000Z</time>
      </trkpt>
      <trkpt lat="40.15838817693293094635009765625" lon="9.50625526718795299530029296875">
        <ele>1060.5999755859375</ele>
        <time>2026-09-26T09:45:08.000Z</time>
      </trkpt>
      <trkpt lat="40.15836169011890888214111328125" lon="9.50625903904438018798828125">
        <ele>1059.800048828125</ele>
        <time>2026-09-26T09:45:10.000Z</time>
      </trkpt>
      <trkpt lat="40.1582653820514678955078125" lon="9.506249986588954925537109375">
        <ele>1057.800048828125</ele>
        <time>2026-09-26T09:45:19.000Z</time>
      </trkpt>
      <trkpt lat="40.15824635513126850128173828125" lon="9.506255351006984710693359375">
        <ele>1057</ele>
        <time>2026-09-26T09:45:21.000Z</time>
      </trkpt>
      <trkpt lat="40.1581917889416217803955078125" lon="9.5062597095966339111328125">
        <ele>1056.4000244140625</ele>
        <time>2026-09-26T09:45:25.000Z</time>
      </trkpt>
      <trkpt lat="40.1581274159252643585205078125" lon="9.50626029632985591888427734375">
        <ele>1056.199951171875</ele>
        <time>2026-09-26T09:45:31.000Z</time>
      </trkpt>
      <trkpt lat="40.15810620971024036407470703125" lon="9.5062746293842792510986328125">
        <ele>1055.4000244140625</ele>
        <time>2026-09-26T09:45:33.000Z</time>
      </trkpt>
      <trkpt lat="40.158066563308238983154296875" lon="9.50627873651683330535888671875">
        <ele>1055</ele>
        <time>2026-09-26T09:45:36.000Z</time>
      </trkpt>
      <trkpt lat="40.158012919127941131591796875" lon="9.50627504847943782806396484375">
        <ele>1055</ele>
        <time>2026-09-26T09:45:41.000Z</time>
      </trkpt>
      <trkpt lat="40.1578913815319538116455078125" lon="9.5062920637428760528564453125">
        <ele>1054.800048828125</ele>
        <time>2026-09-26T09:45:49.000Z</time>
      </trkpt>
      <trkpt lat="40.15780873596668243408203125" lon="9.50630874373018741607666015625">
        <ele>1054.199951171875</ele>
        <time>2026-09-26T09:45:57.000Z</time>
      </trkpt>
      <trkpt lat="40.15778417699038982391357421875" lon="9.50631762854754924774169921875">
        <ele>1053.800048828125</ele>
        <time>2026-09-26T09:46:00.000Z</time>
      </trkpt>
      <trkpt lat="40.157757103443145751953125" lon="9.50634495355188846588134765625">
        <ele>1052.4000244140625</ele>
        <time>2026-09-26T09:46:04.000Z</time>
      </trkpt>
      <trkpt lat="40.15776054002344608306884765625" lon="9.506366662681102752685546875">
        <ele>1051.199951171875</ele>
        <time>2026-09-26T09:46:06.000Z</time>
      </trkpt>
      <trkpt lat="40.15778199769556522369384765625" lon="9.5063970051705837249755859375">
        <ele>1049.4000244140625</ele>
        <time>2026-09-26T09:46:09.000Z</time>
      </trkpt>
      <trkpt lat="40.15782323665916919708251953125" lon="9.5063959993422031402587890625">
        <ele>1049.199951171875</ele>
        <time>2026-09-26T09:46:12.000Z</time>
      </trkpt>
      <trkpt lat="40.157839246094226837158203125" lon="9.506402201950550079345703125">
        <ele>1048.800048828125</ele>
        <time>2026-09-26T09:46:13.000Z</time>
      </trkpt>
      <trkpt lat="40.1578883640468120574951171875" lon="9.50644201599061489105224609375">
        <ele>1046.800048828125</ele>
        <time>2026-09-26T09:46:17.000Z</time>
      </trkpt>
      <trkpt lat="40.1579688303172588348388671875" lon="9.50649163685739040374755859375">
        <ele>1044.4000244140625</ele>
        <time>2026-09-26T09:46:25.000Z</time>
      </trkpt>
      <trkpt lat="40.158089697360992431640625" lon="9.5065498910844326019287109375">
        <ele>1042</ele>
        <time>2026-09-26T09:46:35.000Z</time>
      </trkpt>
      <trkpt lat="40.1581525616347789764404296875" lon="9.50659691356122493743896484375">
        <ele>1040</ele>
        <time>2026-09-26T09:46:40.000Z</time>
      </trkpt>
      <trkpt lat="40.158186592161655426025390625" lon="9.5066353864967823028564453125">
        <ele>1038.4000244140625</ele>
        <time>2026-09-26T09:46:43.000Z</time>
      </trkpt>
      <trkpt lat="40.15827820636332035064697265625" lon="9.50673270039260387420654296875">
        <ele>1035.199951171875</ele>
        <time>2026-09-26T09:46:52.000Z</time>
      </trkpt>
      <trkpt lat="40.1583771966397762298583984375" lon="9.50683303177356719970703125">
        <ele>1033</ele>
        <time>2026-09-26T09:47:01.000Z</time>
      </trkpt>
      <trkpt lat="40.15840326435863971710205078125" lon="9.50689162127673625946044921875">
        <ele>1031.199951171875</ele>
        <time>2026-09-26T09:47:05.000Z</time>
      </trkpt>
      <trkpt lat="40.15842170454561710357666015625" lon="9.50691207312047481536865234375">
        <ele>1030.5999755859375</ele>
        <time>2026-09-26T09:47:07.000Z</time>
      </trkpt>
      <trkpt lat="40.15844500623643398284912109375" lon="9.506925232708454132080078125">
        <ele>1030.5999755859375</ele>
        <time>2026-09-26T09:47:09.000Z</time>
      </trkpt>
      <trkpt lat="40.15844617970287799835205078125" lon="9.50692950747907161712646484375">
        <ele>1030.4000244140625</ele>
        <time>2026-09-26T09:47:10.000Z</time>
      </trkpt>
      <trkpt lat="40.1584331877529621124267578125" lon="9.50692933984100818634033203125">
        <ele>1030.199951171875</ele>
        <time>2026-09-26T09:47:12.000Z</time>
      </trkpt>
      <trkpt lat="40.15844785608351230621337890625" lon="9.50692732818424701690673828125">
        <ele>1030.5999755859375</ele>
        <time>2026-09-26T09:47:16.000Z</time>
      </trkpt>
      <trkpt lat="40.15849797986447811126708984375" lon="9.50695867650210857391357421875">
        <ele>1030.199951171875</ele>
        <time>2026-09-26T09:47:21.000Z</time>
      </trkpt>
      <trkpt lat="40.1585525460541248321533203125" lon="9.50699421577155590057373046875">
        <ele>1029.5999755859375</ele>
        <time>2026-09-26T09:47:26.000Z</time>
      </trkpt>
      <trkpt lat="40.15865656547248363494873046875" lon="9.50707987882196903228759765625">
        <ele>1027.800048828125</ele>
        <time>2026-09-26T09:47:36.000Z</time>
      </trkpt>
      <trkpt lat="40.15869847498834133148193359375" lon="9.50712866149842739105224609375">
        <ele>1026.4000244140625</ele>
        <time>2026-09-26T09:47:40.000Z</time>
      </trkpt>
      <trkpt lat="40.15872060321271419525146484375" lon="9.5071436651051044464111328125">
        <ele>1026.199951171875</ele>
        <time>2026-09-26T09:47:42.000Z</time>
      </trkpt>
      <trkpt lat="40.15882370062172412872314453125" lon="9.50722756795585155487060546875">
        <ele>1023.79998779296875</ele>
        <time>2026-09-26T09:47:51.000Z</time>
      </trkpt>
      <trkpt lat="40.1589763350784778594970703125" lon="9.50726310722529888153076171875">
        <ele>1022.5999755859375</ele>
        <time>2026-09-26T09:48:01.000Z</time>
      </trkpt>
      <trkpt lat="40.15915528871119022369384765625" lon="9.5073072798550128936767578125">
        <ele>1020.4000244140625</ele>
        <time>2026-09-26T09:48:13.000Z</time>
      </trkpt>
      <trkpt lat="40.15927649103105068206787109375" lon="9.5073247142136096954345703125">
        <ele>1018.5999755859375</ele>
        <time>2026-09-26T09:48:22.000Z</time>
      </trkpt>
      <trkpt lat="40.1593816839158535003662109375" lon="9.5073522068560123443603515625">
        <ele>1016</ele>
        <time>2026-09-26T09:48:30.000Z</time>
      </trkpt>
      <trkpt lat="40.1594909839332103729248046875" lon="9.50733066536486148834228515625">
        <ele>1014.20001220703125</ele>
        <time>2026-09-26T09:48:38.000Z</time>
      </trkpt>
      <trkpt lat="40.1595754735171794891357421875" lon="9.50732798315584659576416015625">
        <ele>1012.79998779296875</ele>
        <time>2026-09-26T09:48:44.000Z</time>
      </trkpt>
      <trkpt lat="40.159572623670101165771484375" lon="9.50734273530542850494384765625">
        <ele>1012.20001220703125</ele>
        <time>2026-09-26T09:48:45.000Z</time>
      </trkpt>
      <trkpt lat="40.15950649045407772064208984375" lon="9.5074276439845561981201171875">
        <ele>1010.4000244140625</ele>
        <time>2026-09-26T09:48:50.000Z</time>
      </trkpt>
      <trkpt lat="40.159423090517520904541015625" lon="9.50750769115984439849853515625">
        <ele>1010</ele>
        <time>2026-09-26T09:48:58.000Z</time>
      </trkpt>
      <trkpt lat="40.15936441719532012939453125" lon="9.50759821571409702301025390625">
        <ele>1009.20001220703125</ele>
        <time>2026-09-26T09:49:05.000Z</time>
      </trkpt>
      <trkpt lat="40.15934941358864307403564453125" lon="9.507611207664012908935546875">
        <ele>1009.20001220703125</ele>
        <time>2026-09-26T09:49:06.000Z</time>
      </trkpt>
      <trkpt lat="40.15931605361402034759521484375" lon="9.5076422207057476043701171875">
        <ele>1008.79998779296875</ele>
        <time>2026-09-26T09:49:12.000Z</time>
      </trkpt>
      <trkpt lat="40.15924631617963314056396484375" lon="9.50769024901092052459716796875">
        <ele>1008</ele>
        <time>2026-09-26T09:49:19.000Z</time>
      </trkpt>
      <trkpt lat="40.15918395482003688812255859375" lon="9.50774473138153553009033203125">
        <ele>1007.5999755859375</ele>
        <time>2026-09-26T09:49:25.000Z</time>
      </trkpt>
      <trkpt lat="40.159146487712860107421875" lon="9.5077702961862087249755859375">
        <ele>1007.4000244140625</ele>
        <time>2026-09-26T09:49:28.000Z</time>
      </trkpt>
    </trkseg>
  </trk>
</gpx>
