<?xml version="1.0" encoding="UTF-8"?>
<gpx creator="sardegna-trek" version="1.1"
  xsi:schemaLocation="http://www.topografix.com/GPX/1/1 http://www.topografix.com/GPX/11.xsd"
  xmlns="http://www.topografix.com/GPX/1/1"
  xmlns:xsi="http://www.w3.org/2001/XMLSchema-instance">
  <metadata>
    <time>2026-09-14T07:34:25.000Z</time>
  </metadata>
  <trk>
    <name>Hiking to Punta Cusidore</name>
    <trkseg>
      <trkpt lat="40.26904287748038768768310546875" lon="9.409339092671871185302734375">
        <ele>439.399993896484375</ele>
        <time>2026-09-14T07:34:25.000Z</time>
      </trkpt>
      <trkpt lat="40.26904287748038768768310546875" lon="9.40933967940509319305419921875">
        <ele>439.399993896484375</ele>
        <time>2026-09-14T07:34:26.000Z</time>
      </trkpt>
      <trkpt lat="40.2691021375358104705810546875" lon="9.40939567051827907562255859375">
        <ele>439.600006103515625</ele>
        <time>2026-09-14T07:34:38.000Z</time>
      </trkpt>
      <trkpt lat="40.26923574507236480712890625" lon="9.4095105864107608795166015625">
        <ele>440.600006103515625</ele>
        <time>2026-09-14T07:34:47.000Z</time>
      </trkpt>
      <trkpt lat="40.26925452053546905517578125" lon="9.40952156670391559600830078125">
        <ele>440.600006103515625</ele>
        <time>2026-09-14T07:34:52.000Z</time>
      </trkpt>
      <trkpt lat="40.2693193964660167694091796875" lon="9.4094990193843841552734375">
        <ele>440</ele>
        <time>2026-09-14T07:34:58.000Z</time>
      </trkpt>
      <trkpt lat="40.26937614195048809051513671875" lon="9.40952056087553501129150390625">
        <ele>440.20001220703125</ele>
        <time>2026-09-14T07:35:03.000Z</time>
      </trkpt>
      <trkpt lat="40.26939240284264087677001953125" lon="9.4095132686197757720947265625">
        <ele>440.20001220703125</ele>
        <time>2026-09-14T07:35:05.000Z</time>
      </trkpt>
      <trkpt lat="40.2695017866790294647216796875" lon="9.40941293723881244659423828125">
        <ele>439.399993896484375</ele>
        <time>2026-09-14T07:35:16.000Z</time>
      </trkpt>
      <trkpt lat="40.2695084922015666961669921875" lon="9.40940153785049915313720703125">
        <ele>439.20001220703125</ele>
        <time>2026-09-14T07:35:17.000Z</time>
      </trkpt>
      <trkpt lat="40.269586108624935150146484375" lon="9.40930648706853389739990234375">
        <ele>438.600006103515625</ele>
        <time>2026-09-14T07:35:26.000Z</time>
      </trkpt>
      <trkpt lat="40.26964134536683559417724609375" lon="9.40923054702579975128173828125">
        <ele>438.600006103515625</ele>
        <time>2026-09-14T07:35:32.000Z</time>
      </trkpt>
      <trkpt lat="40.26968367397785186767578125" lon="9.40916575491428375244140625">
        <ele>438.600006103515625</ele>
        <time>2026-09-14T07:35:37.000Z</time>
      </trkpt>
      <trkpt lat="40.26973103173077106475830078125" lon="9.40918327309191226959228515625">
        <ele>439.20001220703125</ele>
        <time>2026-09-14T07:35:41.000Z</time>
      </trkpt>
      <trkpt lat="40.26973706670105457305908203125" lon="9.40919660031795501708984375">
        <ele>439.399993896484375</ele>
        <time>2026-09-14T07:35:42.000Z</time>
      </trkpt>
      <trkpt lat="40.26974536478519439697265625" lon="9.409209005534648895263671875">
        <ele>439.600006103515625</ele>
        <time>2026-09-14T07:35:43.000Z</time>
      </trkpt>
      <trkpt lat="40.26983312331140041351318359375" lon="9.40929626114666461944580078125">
        <ele>441.600006103515625</ele>
        <time>2026-09-14T07:35:53.000Z</time>
      </trkpt>
      <trkpt lat="40.2698937244713306427001953125" lon="9.40937773324549198150634765625">
        <ele>443</ele>
        <time>2026-09-14T07:36:01.000Z</time>
      </trkpt>
      <trkpt lat="40.26991727761924266815185546875" lon="9.40941461361944675445556640625">
        <ele>443.600006103515625</ele>
        <time>2026-09-14T07:36:05.000Z</time>
      </trkpt>
      <trkpt lat="40.2699319459497928619384765625" lon="9.40943556837737560272216796875">
        <ele>444.20001220703125</ele>
        <time>2026-09-14T07:36:07.000Z</time>
      </trkpt>
      <trkpt lat="40.269949547946453094482421875" lon="9.40945518203079700469970703125">
        <ele>444.20001220703125</ele>
        <time>2026-09-14T07:36:09.000Z</time>
      </trkpt>
      <trkpt lat="40.26997067034244537353515625" lon="9.4094975106418132781982421875">
        <ele>444.399993896484375</ele>
        <time>2026-09-14T07:36:13.000Z</time>
      </trkpt>
      <trkpt lat="40.26999053545296192169189453125" lon="9.409557692706584930419921875">
        <ele>444.79998779296875</ele>
        <time>2026-09-14T07:36:17.000Z</time>
      </trkpt>
      <trkpt lat="40.2699812315404415130615234375" lon="9.4096063077449798583984375">
        <ele>445.399993896484375</ele>
        <time>2026-09-14T07:36:21.000Z</time>
      </trkpt>
      <trkpt lat="40.26995767839252948760986328125" lon="9.40965928137302398681640625">
        <ele>446.20001220703125</ele>
        <time>2026-09-14T07:36:25.000Z</time>
      </trkpt>
      <trkpt lat="40.26989917270839214324951171875" lon="9.40976866520941257476806640625">
        <ele>447.20001220703125</ele>
        <time>2026-09-14T07:36:34.000Z</time>
      </trkpt>
      <trkpt lat="40.26986883021891117095947265625" lon="9.40984343178570270538330078125">
        <ele>447.399993896484375</ele>
        <time>2026-09-14T07:36:40.000Z</time>
      </trkpt>
      <trkpt lat="40.2698511444032192230224609375" lon="9.40987913869321346282958984375">
        <ele>447.399993896484375</ele>
        <time>2026-09-14T07:36:43.000Z</time>
      </trkpt>
      <trkpt lat="40.26984100230038166046142578125" lon="9.40991015173494815826416015625">
        <ele>448</ele>
        <time>2026-09-14T07:36:45.000Z</time>
      </trkpt>
      <trkpt lat="40.26979858987033367156982421875" lon="9.41002548672258853912353515625">
        <ele>449.79998779296875</ele>
        <time>2026-09-14T07:36:54.000Z</time>
      </trkpt>
      <trkpt lat="40.26979096233844757080078125" lon="9.41005180589854717254638671875">
        <ele>450</ele>
        <time>2026-09-14T07:36:56.000Z</time>
      </trkpt>
      <trkpt lat="40.2697633020579814910888671875" lon="9.41012405790388584136962890625">
        <ele>451.20001220703125</ele>
        <time>2026-09-14T07:37:01.000Z</time>
      </trkpt>
      <trkpt lat="40.2697612904012203216552734375" lon="9.41013646312057971954345703125">
        <ele>451.399993896484375</ele>
        <time>2026-09-14T07:37:02.000Z</time>
      </trkpt>
      <trkpt lat="40.26976036839187145233154296875" lon="9.41017627716064453125">
        <ele>452.20001220703125</ele>
        <time>2026-09-14T07:37:05.000Z</time>
      </trkpt>
      <trkpt lat="40.269755758345127105712890625" lon="9.41019111312925815582275390625">
        <ele>452.399993896484375</ele>
        <time>2026-09-14T07:37:06.000Z</time>
      </trkpt>
      <trkpt lat="40.26975248940289020538330078125" lon="9.41020754165947437286376953125">
        <ele>452.79998779296875</ele>
        <time>2026-09-14T07:37:07.000Z</time>
      </trkpt>
      <trkpt lat="40.26975751854479312896728515625" lon="9.41027241759002208709716796875">
        <ele>453.600006103515625</ele>
        <time>2026-09-14T07:37:11.000Z</time>
      </trkpt>
      <trkpt lat="40.2697445265948772430419921875" lon="9.4103065319359302520751953125">
        <ele>453.79998779296875</ele>
        <time>2026-09-14T07:37:14.000Z</time>
      </trkpt>
      <trkpt lat="40.2697398327291011810302734375" lon="9.41031734459102153778076171875">
        <ele>453.79998779296875</ele>
        <time>2026-09-14T07:37:15.000Z</time>
      </trkpt>
      <trkpt lat="40.269717872142791748046875" lon="9.41039596684277057647705078125">
        <ele>455</ele>
        <time>2026-09-14T07:37:22.000Z</time>
      </trkpt>
      <trkpt lat="40.2697086520493030548095703125" lon="9.41044944338500499725341796875">
        <ele>455.79998779296875</ele>
        <time>2026-09-14T07:37:26.000Z</time>
      </trkpt>
      <trkpt lat="40.2697036229074001312255859375" lon="9.41048129461705684661865234375">
        <ele>456.399993896484375</ele>
        <time>2026-09-14T07:37:28.000Z</time>
      </trkpt>
      <trkpt lat="40.26970001868903636932373046875" lon="9.4105110503733158111572265625">
        <ele>456.79998779296875</ele>
        <time>2026-09-14T07:37:30.000Z</time>
      </trkpt>
      <trkpt lat="40.26969566009938716888427734375" lon="9.4105236232280731201171875">
        <ele>457</ele>
        <time>2026-09-14T07:37:31.000Z</time>
      </trkpt>
      <trkpt lat="40.26968258433043956756591796875" lon="9.410602748394012451171875">
        <ele>457.399993896484375</ele>
        <time>2026-09-14T07:37:37.000Z</time>
      </trkpt>
      <trkpt lat="40.2696801535785198211669921875" lon="9.4106153212487697601318359375">
        <ele>457.399993896484375</ele>
        <time>2026-09-14T07:37:38.000Z</time>
      </trkpt>
      <trkpt lat="40.2696670778095722198486328125" lon="9.4106394611299037933349609375">
        <ele>457.79998779296875</ele>
        <time>2026-09-14T07:37:40.000Z</time>
      </trkpt>
      <trkpt lat="40.2696647308766841888427734375" lon="9.4106684625148773193359375">
        <ele>457.79998779296875</ele>
        <time>2026-09-14T07:37:42.000Z</time>
      </trkpt>
      <trkpt lat="40.26966213248670101165771484375" lon="9.410704672336578369140625">
        <ele>458</ele>
        <time>2026-09-14T07:37:44.000Z</time>
      </trkpt>
      <trkpt lat="40.26965492404997348785400390625" lon="9.4108013994991779327392578125">
        <ele>458</ele>
        <time>2026-09-14T07:37:51.000Z</time>
      </trkpt>
      <trkpt lat="40.26964419521391391754150390625" lon="9.41086015664041042327880859375">
        <ele>458.20001220703125</ele>
        <time>2026-09-14T07:37:55.000Z</time>
      </trkpt>
      <trkpt lat="40.2696134336292743682861328125" lon="9.41093207336962223052978515625">
        <ele>458.79998779296875</ele>
        <time>2026-09-14T07:38:00.000Z</time>
      </trkpt>
      <trkpt lat="40.26958317495882511138916015625" lon="9.411010779440402984619140625">
        <ele>459.20001220703125</ele>
        <time>2026-09-14T07:38:06.000Z</time>
      </trkpt>
      <trkpt lat="40.26957764290273189544677734375" lon="9.41104439087212085723876953125">
        <ele>459.399993896484375</ele>
        <time>2026-09-14T07:38:08.000Z</time>
      </trkpt>
      <trkpt lat="40.26957630179822444915771484375" lon="9.4111390225589275360107421875">
        <ele>460</ele>
        <time>2026-09-14T07:38:13.000Z</time>
      </trkpt>
      <trkpt lat="40.26958954520523548126220703125" lon="9.41119224764406681060791015625">
        <ele>460.20001220703125</ele>
        <time>2026-09-14T07:38:16.000Z</time>
      </trkpt>
      <trkpt lat="40.26961795985698699951171875" lon="9.41130439750850200653076171875">
        <ele>460.79998779296875</ele>
        <time>2026-09-14T07:38:24.000Z</time>
      </trkpt>
      <trkpt lat="40.26962223462760448455810546875" lon="9.41131688654422760009765625">
        <ele>461</ele>
        <time>2026-09-14T07:38:25.000Z</time>
      </trkpt>
      <trkpt lat="40.26965660043060779571533203125" lon="9.41139676608145236968994140625">
        <ele>461.600006103515625</ele>
        <time>2026-09-14T07:38:31.000Z</time>
      </trkpt>
      <trkpt lat="40.26967160403728485107421875" lon="9.4114253483712673187255859375">
        <ele>461.79998779296875</ele>
        <time>2026-09-14T07:38:33.000Z</time>
      </trkpt>
      <trkpt lat="40.2696828357875347137451171875" lon="9.411437250673770904541015625">
        <ele>461.79998779296875</ele>
        <time>2026-09-14T07:38:34.000Z</time>
      </trkpt>
      <trkpt lat="40.269708149135112762451171875" lon="9.411460049450397491455078125">
        <ele>461.600006103515625</ele>
        <time>2026-09-14T07:38:36.000Z</time>
      </trkpt>
      <trkpt lat="40.2697515673935413360595703125" lon="9.41156356595456600189208984375">
        <ele>462.600006103515625</ele>
        <time>2026-09-14T07:38:42.000Z</time>
      </trkpt>
      <trkpt lat="40.2697701752185821533203125" lon="9.4116057269275188446044921875">
        <ele>463</ele>
        <time>2026-09-14T07:38:45.000Z</time>
      </trkpt>
      <trkpt lat="40.26979557238519191741943359375" lon="9.4116456247866153717041015625">
        <ele>463.20001220703125</ele>
        <time>2026-09-14T07:38:49.000Z</time>
      </trkpt>
      <trkpt lat="40.2698062174022197723388671875" lon="9.411652497947216033935546875">
        <ele>463.20001220703125</ele>
        <time>2026-09-14T07:38:50.000Z</time>
      </trkpt>
      <trkpt lat="40.26981602422893047332763671875" lon="9.41166163422167301177978515625">
        <ele>463.20001220703125</ele>
        <time>2026-09-14T07:38:51.000Z</time>
      </trkpt>
      <trkpt lat="40.26989581994712352752685546875" lon="9.4117646478116512298583984375">
        <ele>464.399993896484375</ele>
        <time>2026-09-14T07:38:59.000Z</time>
      </trkpt>
      <trkpt lat="40.2699061296880245208740234375" lon="9.411776550114154815673828125">
        <ele>464.600006103515625</ele>
        <time>2026-09-14T07:39:00.000Z</time>
      </trkpt>
      <trkpt lat="40.2699587680399417877197265625" lon="9.4118286855518817901611328125">
        <ele>465</ele>
        <time>2026-09-14T07:39:04.000Z</time>
      </trkpt>
      <trkpt lat="40.2699829079210758209228515625" lon="9.4118620455265045166015625">
        <ele>465.600006103515625</ele>
        <time>2026-09-14T07:39:06.000Z</time>
      </trkpt>
      <trkpt lat="40.2700137533247470855712890625" lon="9.411966316401958465576171875">
        <ele>468</ele>
        <time>2026-09-14T07:39:12.000Z</time>
      </trkpt>
      <trkpt lat="40.2700093947350978851318359375" lon="9.4119778834283351898193359375">
        <ele>468.399993896484375</ele>
        <time>2026-09-14T07:39:13.000Z</time>
      </trkpt>
      <trkpt lat="40.26999975554645061492919921875" lon="9.41199758090078830718994140625">
        <ele>469</ele>
        <time>2026-09-14T07:39:15.000Z</time>
      </trkpt>
      <trkpt lat="40.2699909545481204986572265625" lon="9.41201887093484401702880859375">
        <ele>469.79998779296875</ele>
        <time>2026-09-14T07:39:17.000Z</time>
      </trkpt>
      <trkpt lat="40.2699899487197399139404296875" lon="9.41203127615153789520263671875">
        <ele>470</ele>
        <time>2026-09-14T07:39:18.000Z</time>
      </trkpt>
      <trkpt lat="40.26999355293810367584228515625" lon="9.412084333598613739013671875">
        <ele>471.399993896484375</ele>
        <time>2026-09-14T07:39:23.000Z</time>
      </trkpt>
      <trkpt lat="40.2699912898242473602294921875" lon="9.4121396541595458984375">
        <ele>472.79998779296875</ele>
        <time>2026-09-14T07:39:27.000Z</time>
      </trkpt>
      <trkpt lat="40.269989110529422760009765625" lon="9.41216203384101390838623046875">
        <ele>473.399993896484375</ele>
        <time>2026-09-14T07:39:29.000Z</time>
      </trkpt>
      <trkpt lat="40.26997142471373081207275390625" lon="9.41218583844602108001708984375">
        <ele>474.20001220703125</ele>
        <time>2026-09-14T07:39:31.000Z</time>
      </trkpt>
      <trkpt lat="40.26996874250471591949462890625" lon="9.41220796667039394378662109375">
        <ele>474.79998779296875</ele>
        <time>2026-09-14T07:39:33.000Z</time>
      </trkpt>
      <trkpt lat="40.26996220462024211883544921875" lon="9.4122348725795745849609375">
        <ele>475.600006103515625</ele>
        <time>2026-09-14T07:39:36.000Z</time>
      </trkpt>
      <trkpt lat="40.26995851658284664154052734375" lon="9.4122749380767345428466796875">
        <ele>477</ele>
        <time>2026-09-14T07:39:39.000Z</time>
      </trkpt>
      <trkpt lat="40.2699798904359340667724609375" lon="9.4123507104814052581787109375">
        <ele>478.79998779296875</ele>
        <time>2026-09-14T07:39:45.000Z</time>
      </trkpt>
      <trkpt lat="40.26998282410204410552978515625" lon="9.412359260022640228271484375">
        <ele>479</ele>
        <time>2026-09-14T07:39:46.000Z</time>
      </trkpt>
      <trkpt lat="40.26996421627700328826904296875" lon="9.41239354200661182403564453125">
        <ele>480.600006103515625</ele>
        <time>2026-09-14T07:39:51.000Z</time>
      </trkpt>
      <trkpt lat="40.26994242332875728607177734375" lon="9.4124620221555233001708984375">
        <ele>483.399993896484375</ele>
        <time>2026-09-14T07:40:00.000Z</time>
      </trkpt>
      <trkpt lat="40.26992549188435077667236328125" lon="9.4125165045261383056640625">
        <ele>485.399993896484375</ele>
        <time>2026-09-14T07:40:07.000Z</time>
      </trkpt>
      <trkpt lat="40.26991057209670543670654296875" lon="9.412613399326801300048828125">
        <ele>488.600006103515625</ele>
        <time>2026-09-14T07:40:17.000Z</time>
      </trkpt>
      <trkpt lat="40.26988073252141475677490234375" lon="9.412664361298084259033203125">
        <ele>490.79998779296875</ele>
        <time>2026-09-14T07:40:23.000Z</time>
      </trkpt>
      <trkpt lat="40.2698675729334354400634765625" lon="9.4126910157501697540283203125">
        <ele>491.79998779296875</ele>
        <time>2026-09-14T07:40:29.000Z</time>
      </trkpt>
      <trkpt lat="40.26989716105163097381591796875" lon="9.41268456168472766876220703125">
        <ele>491</ele>
        <time>2026-09-14T07:40:34.000Z</time>
      </trkpt>
      <trkpt lat="40.269964300096035003662109375" lon="9.41270065493881702423095703125">
        <ele>489.79998779296875</ele>
        <time>2026-09-14T07:40:43.000Z</time>
      </trkpt>
      <trkpt lat="40.26998617686331272125244140625" lon="9.4127728231251239776611328125">
        <ele>491.20001220703125</ele>
        <time>2026-09-14T07:40:51.000Z</time>
      </trkpt>
      <trkpt lat="40.26994175277650356292724609375" lon="9.41286762244999408721923828125">
        <ele>494.399993896484375</ele>
        <time>2026-09-14T07:41:00.000Z</time>
      </trkpt>
      <trkpt lat="40.269936807453632354736328125" lon="9.4129039160907268524169921875">
        <ele>495.20001220703125</ele>
        <time>2026-09-14T07:41:04.000Z</time>
      </trkpt>
      <trkpt lat="40.269930101931095123291015625" lon="9.41294775344431400299072265625">
        <ele>496.20001220703125</ele>
        <time>2026-09-14T07:41:08.000Z</time>
      </trkpt>
      <trkpt lat="40.26990897953510284423828125" lon="9.4130256213247776031494140625">
        <ele>498.20001220703125</ele>
        <time>2026-09-14T07:41:16.000Z</time>
      </trkpt>
      <trkpt lat="40.26987972669303417205810546875" lon="9.41314212977886199951171875">
        <ele>500.20001220703125</ele>
        <time>2026-09-14T07:41:26.000Z</time>
      </trkpt>
      <trkpt lat="40.2698585204780101776123046875" lon="9.413244388997554779052734375">
        <ele>502</ele>
        <time>2026-09-14T07:41:35.000Z</time>
      </trkpt>
      <trkpt lat="40.26982038281857967376708984375" lon="9.413338936865329742431640625">
        <ele>503.600006103515625</ele>
        <time>2026-09-14T07:41:45.000Z</time>
      </trkpt>
      <trkpt lat="40.26980529539287090301513671875" lon="9.4133665971457958221435546875">
        <ele>504.20001220703125</ele>
        <time>2026-09-14T07:41:48.000Z</time>
      </trkpt>
      <trkpt lat="40.26979356072843074798583984375" lon="9.41341563127934932708740234375">
        <ele>505</ele>
        <time>2026-09-14T07:41:52.000Z</time>
      </trkpt>
      <trkpt lat="40.26977729983627796173095703125" lon="9.41345972009003162384033203125">
        <ele>505.79998779296875</ele>
        <time>2026-09-14T07:41:56.000Z</time>
      </trkpt>
      <trkpt lat="40.26977009139955043792724609375" lon="9.41348553635179996490478515625">
        <ele>506.399993896484375</ele>
        <time>2026-09-14T07:41:58.000Z</time>
      </trkpt>
      <trkpt lat="40.26976640336215496063232421875" lon="9.41351554356515407562255859375">
        <ele>506.79998779296875</ele>
        <time>2026-09-14T07:42:00.000Z</time>
      </trkpt>
      <trkpt lat="40.26974746026098728179931640625" lon="9.413589723408222198486328125">
        <ele>508</ele>
        <time>2026-09-14T07:42:08.000Z</time>
      </trkpt>
      <trkpt lat="40.26973891071975231170654296875" lon="9.41360640339553356170654296875">
        <ele>508.399993896484375</ele>
        <time>2026-09-14T07:42:10.000Z</time>
      </trkpt>
      <trkpt lat="40.269718207418918609619140625" lon="9.413676224648952484130859375">
        <ele>510</ele>
        <time>2026-09-14T07:42:17.000Z</time>
      </trkpt>
      <trkpt lat="40.26970781385898590087890625" lon="9.413730539381504058837890625">
        <ele>511.399993896484375</ele>
        <time>2026-09-14T07:42:24.000Z</time>
      </trkpt>
      <trkpt lat="40.26969172060489654541015625" lon="9.41376079805195331573486328125">
        <ele>512.20001220703125</ele>
        <time>2026-09-14T07:42:27.000Z</time>
      </trkpt>
      <trkpt lat="40.26968367397785186767578125" lon="9.41376817412674427032470703125">
        <ele>512.5999755859375</ele>
        <time>2026-09-14T07:42:28.000Z</time>
      </trkpt>
      <trkpt lat="40.26964989490807056427001953125" lon="9.41380555741488933563232421875">
        <ele>513.79998779296875</ele>
        <time>2026-09-14T07:42:33.000Z</time>
      </trkpt>
      <trkpt lat="40.26963899843394756317138671875" lon="9.4138145260512828826904296875">
        <ele>514.20001220703125</ele>
        <time>2026-09-14T07:42:34.000Z</time>
      </trkpt>
      <trkpt lat="40.26958686299622058868408203125" lon="9.4138594530522823333740234375">
        <ele>516.4000244140625</ele>
        <time>2026-09-14T07:42:39.000Z</time>
      </trkpt>
      <trkpt lat="40.2695530839264392852783203125" lon="9.41388870589435100555419921875">
        <ele>517.79998779296875</ele>
        <time>2026-09-14T07:42:43.000Z</time>
      </trkpt>
      <trkpt lat="40.2695239149034023284912109375" lon="9.41392089240252971649169921875">
        <ele>519.20001220703125</ele>
        <time>2026-09-14T07:42:46.000Z</time>
      </trkpt>
      <trkpt lat="40.2694582007825374603271484375" lon="9.4139637239277362823486328125">
        <ele>521.5999755859375</ele>
        <time>2026-09-14T07:42:54.000Z</time>
      </trkpt>
      <trkpt lat="40.26944856159389019012451171875" lon="9.41403404809534549713134765625">
        <ele>523.5999755859375</ele>
        <time>2026-09-14T07:43:00.000Z</time>
      </trkpt>
      <trkpt lat="40.269478149712085723876953125" lon="9.41411283798515796661376953125">
        <ele>524.79998779296875</ele>
        <time>2026-09-14T07:43:07.000Z</time>
      </trkpt>
      <trkpt lat="40.2694897167384624481201171875" lon="9.41412247717380523681640625">
        <ele>524.79998779296875</ele>
        <time>2026-09-14T07:43:08.000Z</time>
      </trkpt>
      <trkpt lat="40.2695463784039020538330078125" lon="9.414164386689662933349609375">
        <ele>524.20001220703125</ele>
        <time>2026-09-14T07:43:14.000Z</time>
      </trkpt>
      <trkpt lat="40.26955266483128070831298828125" lon="9.41417536698281764984130859375">
        <ele>524.20001220703125</ele>
        <time>2026-09-14T07:43:15.000Z</time>
      </trkpt>
      <trkpt lat="40.26956775225698947906494140625" lon="9.41419347189366817474365234375">
        <ele>524</ele>
        <time>2026-09-14T07:43:17.000Z</time>
      </trkpt>
      <trkpt lat="40.26959407143294811248779296875" lon="9.4142279215157032012939453125">
        <ele>523.79998779296875</ele>
        <time>2026-09-14T07:43:20.000Z</time>
      </trkpt>
      <trkpt lat="40.2696027047932147979736328125" lon="9.41424275748431682586669921875">
        <ele>523.79998779296875</ele>
        <time>2026-09-14T07:43:21.000Z</time>
      </trkpt>
      <trkpt lat="40.26961016468703746795654296875" lon="9.414256922900676727294921875">
        <ele>523.79998779296875</ele>
        <time>2026-09-14T07:43:22.000Z</time>
      </trkpt>
      <trkpt lat="40.26961334981024265289306640625" lon="9.41430092789232730865478515625">
        <ele>524.4000244140625</ele>
        <time>2026-09-14T07:43:25.000Z</time>
      </trkpt>
      <trkpt lat="40.2696387469768524169921875" lon="9.41433797590434551239013671875">
        <ele>524.4000244140625</ele>
        <time>2026-09-14T07:43:28.000Z</time>
      </trkpt>
      <trkpt lat="40.26967453770339488983154296875" lon="9.4144458509981632232666015625">
        <ele>524.5999755859375</ele>
        <time>2026-09-14T07:43:37.000Z</time>
      </trkpt>
      <trkpt lat="40.26968258433043956756591796875" lon="9.41455565392971038818359375">
        <ele>525.4000244140625</ele>
        <time>2026-09-14T07:43:46.000Z</time>
      </trkpt>
      <trkpt lat="40.26963539421558380126953125" lon="9.4146792031824588775634765625">
        <ele>528.4000244140625</ele>
        <time>2026-09-14T07:43:56.000Z</time>
      </trkpt>
      <trkpt lat="40.2696494758129119873046875" lon="9.41473661921918392181396484375">
        <ele>529.20001220703125</ele>
        <time>2026-09-14T07:44:01.000Z</time>
      </trkpt>
      <trkpt lat="40.26965140365064144134521484375" lon="9.414811469614505767822265625">
        <ele>530.5999755859375</ele>
        <time>2026-09-14T07:44:04.000Z</time>
      </trkpt>
      <trkpt lat="40.269629023969173431396484375" lon="9.41491632722318172454833984375">
        <ele>533.5999755859375</ele>
        <time>2026-09-14T07:44:14.000Z</time>
      </trkpt>
      <trkpt lat="40.2696333825588226318359375" lon="9.41499411128461360931396484375">
        <ele>535</ele>
        <time>2026-09-14T07:44:21.000Z</time>
      </trkpt>
      <trkpt lat="40.26963229291141033172607421875" lon="9.41509502939879894256591796875">
        <ele>537.20001220703125</ele>
        <time>2026-09-14T07:44:30.000Z</time>
      </trkpt>
      <trkpt lat="40.26963262818753719329833984375" lon="9.41510760225355625152587890625">
        <ele>537.4000244140625</ele>
        <time>2026-09-14T07:44:31.000Z</time>
      </trkpt>
      <trkpt lat="40.26963581331074237823486328125" lon="9.41518220119178295135498046875">
        <ele>539</ele>
        <time>2026-09-14T07:44:37.000Z</time>
      </trkpt>
      <trkpt lat="40.2696345560252666473388671875" lon="9.41519242711365222930908203125">
        <ele>539.20001220703125</ele>
        <time>2026-09-14T07:44:38.000Z</time>
      </trkpt>
      <trkpt lat="40.26961184106767177581787109375" lon="9.41525110043585300445556640625">
        <ele>540.5999755859375</ele>
        <time>2026-09-14T07:44:43.000Z</time>
      </trkpt>
      <trkpt lat="40.269599519670009613037109375" lon="9.4152840413153171539306640625">
        <ele>541.4000244140625</ele>
        <time>2026-09-14T07:44:46.000Z</time>
      </trkpt>
      <trkpt lat="40.269594490528106689453125" lon="9.4152951054275035858154296875">
        <ele>541.5999755859375</ele>
        <time>2026-09-14T07:44:47.000Z</time>
      </trkpt>
      <trkpt lat="40.2695886231958866119384765625" lon="9.41536593250930309295654296875">
        <ele>543</ele>
        <time>2026-09-14T07:44:55.000Z</time>
      </trkpt>
      <trkpt lat="40.269586108624935150146484375" lon="9.41544891335070133209228515625">
        <ele>544.5999755859375</ele>
        <time>2026-09-14T07:45:03.000Z</time>
      </trkpt>
      <trkpt lat="40.2695835940539836883544921875" lon="9.41545930691063404083251953125">
        <ele>544.79998779296875</ele>
        <time>2026-09-14T07:45:04.000Z</time>
      </trkpt>
      <trkpt lat="40.26957730762660503387451171875" lon="9.41553172655403614044189453125">
        <ele>545.79998779296875</ele>
        <time>2026-09-14T07:45:11.000Z</time>
      </trkpt>
      <trkpt lat="40.26955300010740756988525390625" lon="9.4155971892178058624267578125">
        <ele>547</ele>
        <time>2026-09-14T07:45:18.000Z</time>
      </trkpt>
      <trkpt lat="40.26953103952109813690185546875" lon="9.41567547619342803955078125">
        <ele>548.4000244140625</ele>
        <time>2026-09-14T07:45:24.000Z</time>
      </trkpt>
      <trkpt lat="40.26952718384563922882080078125" lon="9.41568897105753421783447265625">
        <ele>548.5999755859375</ele>
        <time>2026-09-14T07:45:26.000Z</time>
      </trkpt>
      <trkpt lat="40.2695172093808650970458984375" lon="9.415744207799434661865234375">
        <ele>549.5999755859375</ele>
        <time>2026-09-14T07:45:31.000Z</time>
      </trkpt>
      <trkpt lat="40.26951695792376995086669921875" lon="9.41577647812664508819580078125">
        <ele>550</ele>
        <time>2026-09-14T07:45:34.000Z</time>
      </trkpt>
      <trkpt lat="40.26952248997986316680908203125" lon="9.415822327136993408203125">
        <ele>550.5999755859375</ele>
        <time>2026-09-14T07:45:39.000Z</time>
      </trkpt>
      <trkpt lat="40.26952349580824375152587890625" lon="9.41583280451595783233642578125">
        <ele>550.79998779296875</ele>
        <time>2026-09-14T07:45:40.000Z</time>
      </trkpt>
      <trkpt lat="40.26951377280056476593017578125" lon="9.4158657453954219818115234375">
        <ele>551.4000244140625</ele>
        <time>2026-09-14T07:45:44.000Z</time>
      </trkpt>
      <trkpt lat="40.2695068158209323883056640625" lon="9.41591897048056125640869140625">
        <ele>552.20001220703125</ele>
        <time>2026-09-14T07:45:48.000Z</time>
      </trkpt>
      <trkpt lat="40.26948812417685985565185546875" lon="9.4160431064665317535400390625">
        <ele>554.20001220703125</ele>
        <time>2026-09-14T07:45:57.000Z</time>
      </trkpt>
      <trkpt lat="40.26951578445732593536376953125" lon="9.4161316193640232086181640625">
        <ele>555.20001220703125</ele>
        <time>2026-09-14T07:46:04.000Z</time>
      </trkpt>
      <trkpt lat="40.269517712295055389404296875" lon="9.416152574121952056884765625">
        <ele>555.4000244140625</ele>
        <time>2026-09-14T07:46:06.000Z</time>
      </trkpt>
      <trkpt lat="40.26949550025165081024169921875" lon="9.41623480059206485748291015625">
        <ele>557</ele>
        <time>2026-09-14T07:46:12.000Z</time>
      </trkpt>
      <trkpt lat="40.269458033144474029541015625" lon="9.4162930548191070556640625">
        <ele>558.5999755859375</ele>
        <time>2026-09-14T07:46:20.000Z</time>
      </trkpt>
      <trkpt lat="40.2694860287010669708251953125" lon="9.41630286164581775665283203125">
        <ele>558.4000244140625</ele>
        <time>2026-09-14T07:46:24.000Z</time>
      </trkpt>
      <trkpt lat="40.26949566788971424102783203125" lon="9.41631074063479900360107421875">
        <ele>558.4000244140625</ele>
        <time>2026-09-14T07:46:25.000Z</time>
      </trkpt>
      <trkpt lat="40.269505642354488372802734375" lon="9.4163386523723602294921875">
        <ele>558.79998779296875</ele>
        <time>2026-09-14T07:46:29.000Z</time>
      </trkpt>
      <trkpt lat="40.26950421743094921112060546875" lon="9.4163455255329608917236328125">
        <ele>558.79998779296875</ele>
        <time>2026-09-14T07:46:30.000Z</time>
      </trkpt>
      <trkpt lat="40.26953590102493762969970703125" lon="9.41640562377870082855224609375">
        <ele>559.4000244140625</ele>
        <time>2026-09-14T07:46:38.000Z</time>
      </trkpt>
      <trkpt lat="40.26960161514580249786376953125" lon="9.41648474894464015960693359375">
        <ele>560</ele>
        <time>2026-09-14T07:46:44.000Z</time>
      </trkpt>
      <trkpt lat="40.26971158571541309356689453125" lon="9.41662020049989223480224609375">
        <ele>559.79998779296875</ele>
        <time>2026-09-14T07:46:53.000Z</time>
      </trkpt>
      <trkpt lat="40.26971988379955291748046875" lon="9.4166336953639984130859375">
        <ele>559.79998779296875</ele>
        <time>2026-09-14T07:46:54.000Z</time>
      </trkpt>
      <trkpt lat="40.26974963955581188201904296875" lon="9.41667334176599979400634765625">
        <ele>559.4000244140625</ele>
        <time>2026-09-14T07:46:58.000Z</time>
      </trkpt>
      <trkpt lat="40.269765816628932952880859375" lon="9.4166900217533111572265625">
        <ele>559</ele>
        <time>2026-09-14T07:47:00.000Z</time>
      </trkpt>
      <trkpt lat="40.2698008529841899871826171875" lon="9.41672732122242450714111328125">
        <ele>558.20001220703125</ele>
        <time>2026-09-14T07:47:04.000Z</time>
      </trkpt>
      <trkpt lat="40.2698318660259246826171875" lon="9.416752047836780548095703125">
        <ele>557.5999755859375</ele>
        <time>2026-09-14T07:47:07.000Z</time>
      </trkpt>
      <trkpt lat="40.26983882300555706024169921875" lon="9.416763447225093841552734375">
        <ele>557.4000244140625</ele>
        <time>2026-09-14T07:47:08.000Z</time>
      </trkpt>
      <trkpt lat="40.26987268589437007904052734375" lon="9.41680728457868099212646484375">
        <ele>556.79998779296875</ele>
        <time>2026-09-14T07:47:12.000Z</time>
      </trkpt>
      <trkpt lat="40.26989129371941089630126953125" lon="9.41682689823210239410400390625">
        <ele>556.4000244140625</ele>
        <time>2026-09-14T07:47:14.000Z</time>
      </trkpt>
      <trkpt lat="40.26990286074578762054443359375" lon="9.41684047691524028778076171875">
        <ele>556.20001220703125</ele>
        <time>2026-09-14T07:47:15.000Z</time>
      </trkpt>
      <trkpt lat="40.26994225569069385528564453125" lon="9.416898228228092193603515625">
        <ele>555.4000244140625</ele>
        <time>2026-09-14T07:47:19.000Z</time>
      </trkpt>
      <trkpt lat="40.2699527330696582794189453125" lon="9.41693477332592010498046875">
        <ele>555.20001220703125</ele>
        <time>2026-09-14T07:47:22.000Z</time>
      </trkpt>
      <trkpt lat="40.26995717547833919525146484375" lon="9.416947849094867706298828125">
        <ele>555</ele>
        <time>2026-09-14T07:47:23.000Z</time>
      </trkpt>
      <trkpt lat="40.26995650492608547210693359375" lon="9.41696452908217906951904296875">
        <ele>555</ele>
        <time>2026-09-14T07:47:24.000Z</time>
      </trkpt>
      <trkpt lat="40.26995323598384857177734375" lon="9.416991434991359710693359375">
        <ele>555.20001220703125</ele>
        <time>2026-09-14T07:47:26.000Z</time>
      </trkpt>
      <trkpt lat="40.26994384825229644775390625" lon="9.41701213829219341278076171875">
        <ele>555.5999755859375</ele>
        <time>2026-09-14T07:47:28.000Z</time>
      </trkpt>
      <trkpt lat="40.26992465369403362274169921875" lon="9.4170271418988704681396484375">
        <ele>556.4000244140625</ele>
        <time>2026-09-14T07:47:31.000Z</time>
      </trkpt>
      <trkpt lat="40.26991576887667179107666015625" lon="9.417035691440105438232421875">
        <ele>556.79998779296875</ele>
        <time>2026-09-14T07:47:32.000Z</time>
      </trkpt>
      <trkpt lat="40.26987939141690731048583984375" lon="9.41707651130855083465576171875">
        <ele>558.4000244140625</ele>
        <time>2026-09-14T07:47:38.000Z</time>
      </trkpt>
      <trkpt lat="40.2698749490082263946533203125" lon="9.4170797802507877349853515625">
        <ele>558.5999755859375</ele>
        <time>2026-09-14T07:47:39.000Z</time>
      </trkpt>
      <trkpt lat="40.26985709555447101593017578125" lon="9.41709059290587902069091796875">
        <ele>559.4000244140625</ele>
        <time>2026-09-14T07:47:41.000Z</time>
      </trkpt>
      <trkpt lat="40.26980294845998287200927734375" lon="9.4171387888491153717041015625">
        <ele>562.20001220703125</ele>
        <time>2026-09-14T07:47:50.000Z</time>
      </trkpt>
      <trkpt lat="40.26977612636983394622802734375" lon="9.41716267727315425872802734375">
        <ele>563.79998779296875</ele>
        <time>2026-09-14T07:47:55.000Z</time>
      </trkpt>
      <trkpt lat="40.269757770001888275146484375" lon="9.41717776469886302947998046875">
        <ele>564.79998779296875</ele>
        <time>2026-09-14T07:47:58.000Z</time>
      </trkpt>
      <trkpt lat="40.26975265704095363616943359375" lon="9.41718555986881256103515625">
        <ele>565.20001220703125</ele>
        <time>2026-09-14T07:47:59.000Z</time>
      </trkpt>
      <trkpt lat="40.26974595151841640472412109375" lon="9.41721908748149871826171875">
        <ele>565.4000244140625</ele>
        <time>2026-09-14T07:48:02.000Z</time>
      </trkpt>
      <trkpt lat="40.26972390711307525634765625" lon="9.41723492927849292755126953125">
        <ele>566.4000244140625</ele>
        <time>2026-09-14T07:48:05.000Z</time>
      </trkpt>
      <trkpt lat="40.269717872142791748046875" lon="9.41724012605845928192138671875">
        <ele>566.5999755859375</ele>
        <time>2026-09-14T07:48:06.000Z</time>
      </trkpt>
      <trkpt lat="40.26968543417751789093017578125" lon="9.41724448464810848236083984375">
        <ele>568.20001220703125</ele>
        <time>2026-09-14T07:48:10.000Z</time>
      </trkpt>
      <trkpt lat="40.269651822745800018310546875" lon="9.4172202609479427337646484375">
        <ele>570</ele>
        <time>2026-09-14T07:48:14.000Z</time>
      </trkpt>
      <trkpt lat="40.26961636729538440704345703125" lon="9.41720123402774333953857421875">
        <ele>571</ele>
        <time>2026-09-14T07:48:19.000Z</time>
      </trkpt>
      <trkpt lat="40.26959390379488468170166015625" lon="9.417197294533252716064453125">
        <ele>571.5999755859375</ele>
        <time>2026-09-14T07:48:22.000Z</time>
      </trkpt>
      <trkpt lat="40.26954344473779201507568359375" lon="9.41720324568450450897216796875">
        <ele>572.79998779296875</ele>
        <time>2026-09-14T07:48:28.000Z</time>
      </trkpt>
      <trkpt lat="40.269506983458995819091796875" lon="9.417199306190013885498046875">
        <ele>573.79998779296875</ele>
        <time>2026-09-14T07:48:32.000Z</time>
      </trkpt>
      <trkpt lat="40.26949348859488964080810546875" lon="9.41719503141939640045166015625">
        <ele>574.20001220703125</ele>
        <time>2026-09-14T07:48:34.000Z</time>
      </trkpt>
      <trkpt lat="40.2694169618189334869384765625" lon="9.4171776808798313140869140625">
        <ele>575.79998779296875</ele>
        <time>2026-09-14T07:48:42.000Z</time>
      </trkpt>
      <trkpt lat="40.26930204592645168304443359375" lon="9.41716351546347141265869140625">
        <ele>577.79998779296875</ele>
        <time>2026-09-14T07:48:53.000Z</time>
      </trkpt>
      <trkpt lat="40.269218981266021728515625" lon="9.41713719628751277923583984375">
        <ele>578.79998779296875</ele>
        <time>2026-09-14T07:49:01.000Z</time>
      </trkpt>
      <trkpt lat="40.26920355856418609619140625" lon="9.41713434644043445587158203125">
        <ele>579</ele>
        <time>2026-09-14T07:49:03.000Z</time>
      </trkpt>
      <trkpt lat="40.2691587992012500762939453125" lon="9.41712629981338977813720703125">
        <ele>579.5999755859375</ele>
        <time>2026-09-14T07:49:07.000Z</time>
      </trkpt>
      <trkpt lat="40.2691041491925716400146484375" lon="9.4171159900724887847900390625">
        <ele>580.4000244140625</ele>
        <time>2026-09-14T07:49:12.000Z</time>
      </trkpt>
      <trkpt lat="40.26902854442596435546875" lon="9.4171166606247425079345703125">
        <ele>581.79998779296875</ele>
        <time>2026-09-14T07:49:20.000Z</time>
      </trkpt>
      <trkpt lat="40.2690451405942440032958984375" lon="9.41716066561639308929443359375">
        <ele>582</ele>
        <time>2026-09-14T07:49:26.000Z</time>
      </trkpt>
      <trkpt lat="40.26905159465968608856201171875" lon="9.41718078218400478363037109375">
        <ele>582.20001220703125</ele>
        <time>2026-09-14T07:49:28.000Z</time>
      </trkpt>
      <trkpt lat="40.269091241061687469482421875" lon="9.4172316603362560272216796875">
        <ele>581.4000244140625</ele>
        <time>2026-09-14T07:49:35.000Z</time>
      </trkpt>
      <trkpt lat="40.26910708285868167877197265625" lon="9.417248256504535675048828125">
        <ele>581</ele>
        <time>2026-09-14T07:49:37.000Z</time>
      </trkpt>
      <trkpt lat="40.2691219188272953033447265625" lon="9.41726736724376678466796875">
        <ele>580.5999755859375</ele>
        <time>2026-09-14T07:49:39.000Z</time>
      </trkpt>
      <trkpt lat="40.26913516223430633544921875" lon="9.4172896631062030792236328125">
        <ele>580.20001220703125</ele>
        <time>2026-09-14T07:49:41.000Z</time>
      </trkpt>
      <trkpt lat="40.2691534347832202911376953125" lon="9.41735051572322845458984375">
        <ele>580</ele>
        <time>2026-09-14T07:49:46.000Z</time>
      </trkpt>
      <trkpt lat="40.26915519498288631439208984375" lon="9.41736300475895404815673828125">
        <ele>579.79998779296875</ele>
        <time>2026-09-14T07:49:47.000Z</time>
      </trkpt>
      <trkpt lat="40.26917112059891223907470703125" lon="9.41745386458933353424072265625">
        <ele>579.5999755859375</ele>
        <time>2026-09-14T07:49:55.000Z</time>
      </trkpt>
      <trkpt lat="40.269135497510433197021484375" lon="9.41753600724041461944580078125">
        <ele>579.4000244140625</ele>
        <time>2026-09-14T07:50:03.000Z</time>
      </trkpt>
      <trkpt lat="40.26909224689006805419921875" lon="9.41758395172655582427978515625">
        <ele>579.79998779296875</ele>
        <time>2026-09-14T07:50:09.000Z</time>
      </trkpt>
      <trkpt lat="40.26908931322395801544189453125" lon="9.41758831031620502471923828125">
        <ele>580</ele>
        <time>2026-09-14T07:50:10.000Z</time>
      </trkpt>
      <trkpt lat="40.2690803445875644683837890625" lon="9.4176111929118633270263671875">
        <ele>580</ele>
        <time>2026-09-14T07:50:12.000Z</time>
      </trkpt>
      <trkpt lat="40.26907221414148807525634765625" lon="9.41761982627213001251220703125">
        <ele>580.20001220703125</ele>
        <time>2026-09-14T07:50:13.000Z</time>
      </trkpt>
      <trkpt lat="40.269024185836315155029296875" lon="9.4176919944584369659423828125">
        <ele>581.20001220703125</ele>
        <time>2026-09-14T07:50:22.000Z</time>
      </trkpt>
      <trkpt lat="40.26894832961261272430419921875" lon="9.4177245162427425384521484375">
        <ele>585.4000244140625</ele>
        <time>2026-09-14T07:50:31.000Z</time>
      </trkpt>
      <trkpt lat="40.2689177356660366058349609375" lon="9.41772275604307651519775390625">
        <ele>587</ele>
        <time>2026-09-14T07:50:34.000Z</time>
      </trkpt>
      <trkpt lat="40.26889636181294918060302734375" lon="9.41772468388080596923828125">
        <ele>588.20001220703125</ele>
        <time>2026-09-14T07:50:36.000Z</time>
      </trkpt>
      <trkpt lat="40.26886560022830963134765625" lon="9.41772342659533023834228515625">
        <ele>589.79998779296875</ele>
        <time>2026-09-14T07:50:39.000Z</time>
      </trkpt>
      <trkpt lat="40.2688077650964260101318359375" lon="9.417733065783977508544921875">
        <ele>592.5999755859375</ele>
        <time>2026-09-14T07:50:46.000Z</time>
      </trkpt>
      <trkpt lat="40.26874582283198833465576171875" lon="9.41779584623873233795166015625">
        <ele>595.79998779296875</ele>
        <time>2026-09-14T07:50:56.000Z</time>
      </trkpt>
      <trkpt lat="40.2686977945268154144287109375" lon="9.41783641465008258819580078125">
        <ele>598.20001220703125</ele>
        <time>2026-09-14T07:51:02.000Z</time>
      </trkpt>
      <trkpt lat="40.2686793543398380279541015625" lon="9.41786994226276874542236328125">
        <ele>599</ele>
        <time>2026-09-14T07:51:05.000Z</time>
      </trkpt>
      <trkpt lat="40.2686763368546962738037109375" lon="9.41788519732654094696044921875">
        <ele>599</ele>
        <time>2026-09-14T07:51:06.000Z</time>
      </trkpt>
      <trkpt lat="40.2686143107712268829345703125" lon="9.41798896528780460357666015625">
        <ele>603.5999755859375</ele>
        <time>2026-09-14T07:51:14.000Z</time>
      </trkpt>
      <trkpt lat="40.26859209872782230377197265625" lon="9.418042190372943878173828125">
        <ele>605.4000244140625</ele>
        <time>2026-09-14T07:51:18.000Z</time>
      </trkpt>
      <trkpt lat="40.26858069933950901031494140625" lon="9.418077059090137481689453125">
        <ele>606.4000244140625</ele>
        <time>2026-09-14T07:51:21.000Z</time>
      </trkpt>
      <trkpt lat="40.2685871534049510955810546875" lon="9.4181154482066631317138671875">
        <ele>606.20001220703125</ele>
        <time>2026-09-14T07:51:24.000Z</time>
      </trkpt>
      <trkpt lat="40.26858908124268054962158203125" lon="9.418130032718181610107421875">
        <ele>606</ele>
        <time>2026-09-14T07:51:25.000Z</time>
      </trkpt>
      <trkpt lat="40.2685978822410106658935546875" lon="9.418154172599315643310546875">
        <ele>605.5999755859375</ele>
        <time>2026-09-14T07:51:27.000Z</time>
      </trkpt>
      <trkpt lat="40.26860265992581844329833984375" lon="9.4182163663208484649658203125">
        <ele>605.5999755859375</ele>
        <time>2026-09-14T07:51:31.000Z</time>
      </trkpt>
      <trkpt lat="40.26859662495553493499755859375" lon="9.41825014539062976837158203125">
        <ele>606</ele>
        <time>2026-09-14T07:51:33.000Z</time>
      </trkpt>
      <trkpt lat="40.26858774013817310333251953125" lon="9.418265484273433685302734375">
        <ele>606.5999755859375</ele>
        <time>2026-09-14T07:51:34.000Z</time>
      </trkpt>
      <trkpt lat="40.2685613371431827545166015625" lon="9.41829104907810688018798828125">
        <ele>608.20001220703125</ele>
        <time>2026-09-14T07:51:37.000Z</time>
      </trkpt>
      <trkpt lat="40.2685412205755710601806640625" lon="9.41830630414187908172607421875">
        <ele>609.20001220703125</ele>
        <time>2026-09-14T07:51:39.000Z</time>
      </trkpt>
      <trkpt lat="40.2684590779244899749755859375" lon="9.4183642230927944183349609375">
        <ele>612.20001220703125</ele>
        <time>2026-09-14T07:51:47.000Z</time>
      </trkpt>
      <trkpt lat="40.268454216420650482177734375" lon="9.4183729402720928192138671875">
        <ele>612.4000244140625</ele>
        <time>2026-09-14T07:51:48.000Z</time>
      </trkpt>
      <trkpt lat="40.2684268914163112640380859375" lon="9.41838174127042293548583984375">
        <ele>613.4000244140625</ele>
        <time>2026-09-14T07:51:53.000Z</time>
      </trkpt>
      <trkpt lat="40.268390178680419921875" lon="9.41838241182267665863037109375">
        <ele>615</ele>
        <time>2026-09-14T07:52:00.000Z</time>
      </trkpt>
      <trkpt lat="40.268373079597949981689453125" lon="9.418386518955230712890625">
        <ele>615.5999755859375</ele>
        <time>2026-09-14T07:52:03.000Z</time>
      </trkpt>
      <trkpt lat="40.26836545206606388092041015625" lon="9.4183851778507232666015625">
        <ele>616</ele>
        <time>2026-09-14T07:52:04.000Z</time>
      </trkpt>
      <trkpt lat="40.2683620154857635498046875" lon="9.41837805323302745819091796875">
        <ele>616</ele>
        <time>2026-09-14T07:52:07.000Z</time>
      </trkpt>
      <trkpt lat="40.26832111179828643798828125" lon="9.41838593222200870513916015625">
        <ele>617.5999755859375</ele>
        <time>2026-09-14T07:52:12.000Z</time>
      </trkpt>
      <trkpt lat="40.26829822920262813568115234375" lon="9.41838710568845272064208984375">
        <ele>618.5999755859375</ele>
        <time>2026-09-14T07:52:17.000Z</time>
      </trkpt>
      <trkpt lat="40.26828448288142681121826171875" lon="9.4183851778507232666015625">
        <ele>619.20001220703125</ele>
        <time>2026-09-14T07:52:19.000Z</time>
      </trkpt>
      <trkpt lat="40.26825271546840667724609375" lon="9.4184146821498870849609375">
        <ele>620</ele>
        <time>2026-09-14T07:52:29.000Z</time>
      </trkpt>
      <trkpt lat="40.268229581415653228759765625" lon="9.41843823529779911041259765625">
        <ele>620.20001220703125</ele>
        <time>2026-09-14T07:52:34.000Z</time>
      </trkpt>
      <trkpt lat="40.26820770464837551116943359375" lon="9.4184624589979648590087890625">
        <ele>620.5999755859375</ele>
        <time>2026-09-14T07:52:37.000Z</time>
      </trkpt>
      <trkpt lat="40.2681908570230007171630859375" lon="9.4184859283268451690673828125">
        <ele>620.79998779296875</ele>
        <time>2026-09-14T07:52:39.000Z</time>
      </trkpt>
      <trkpt lat="40.268181301653385162353515625" lon="9.4185305200517177581787109375">
        <ele>621.20001220703125</ele>
        <time>2026-09-14T07:52:42.000Z</time>
      </trkpt>
      <trkpt lat="40.2681945450603961944580078125" lon="9.41855424083769321441650390625">
        <ele>621</ele>
        <time>2026-09-14T07:52:47.000Z</time>
      </trkpt>
      <trkpt lat="40.26818775571882724761962890625" lon="9.41858056001365184783935546875">
        <ele>621.5999755859375</ele>
        <time>2026-09-14T07:52:49.000Z</time>
      </trkpt>
      <trkpt lat="40.26818155311048030853271484375" lon="9.41865180619060993194580078125">
        <ele>621.20001220703125</ele>
        <time>2026-09-14T07:52:55.000Z</time>
      </trkpt>
      <trkpt lat="40.2681921981275081634521484375" lon="9.41870377399027347564697265625">
        <ele>620.20001220703125</ele>
        <time>2026-09-14T07:53:00.000Z</time>
      </trkpt>
      <trkpt lat="40.26820016093552112579345703125" lon="9.41873344592750072479248046875">
        <ele>619.5999755859375</ele>
        <time>2026-09-14T07:53:03.000Z</time>
      </trkpt>
      <trkpt lat="40.26820099912583827972412109375" lon="9.4187377206981182098388671875">
        <ele>619.5999755859375</ele>
        <time>2026-09-14T07:53:04.000Z</time>
      </trkpt>
      <trkpt lat="40.26819965802133083343505859375" lon="9.418745934963226318359375">
        <ele>619.5999755859375</ele>
        <time>2026-09-14T07:53:05.000Z</time>
      </trkpt>
      <trkpt lat="40.26819312013685703277587890625" lon="9.4187806360423564910888671875">
        <ele>619.4000244140625</ele>
        <time>2026-09-14T07:53:08.000Z</time>
      </trkpt>
      <trkpt lat="40.26819379068911075592041015625" lon="9.41881441511213779449462890625">
        <ele>619.4000244140625</ele>
        <time>2026-09-14T07:53:12.000Z</time>
      </trkpt>
      <trkpt lat="40.268186666071414947509765625" lon="9.418825395405292510986328125">
        <ele>619.79998779296875</ele>
        <time>2026-09-14T07:53:13.000Z</time>
      </trkpt>
      <trkpt lat="40.2681744284927845001220703125" lon="9.4188389740884304046630859375">
        <ele>620.5999755859375</ele>
        <time>2026-09-14T07:53:14.000Z</time>
      </trkpt>
      <trkpt lat="40.26814886368811130523681640625" lon="9.4189016707241535186767578125">
        <ele>622.20001220703125</ele>
        <time>2026-09-14T07:53:18.000Z</time>
      </trkpt>
      <trkpt lat="40.26814685203135013580322265625" lon="9.4189422391355037689208984375">
        <ele>622.4000244140625</ele>
        <time>2026-09-14T07:53:22.000Z</time>
      </trkpt>
      <trkpt lat="40.26813193224370479583740234375" lon="9.41897928714752197265625">
        <ele>623.4000244140625</ele>
        <time>2026-09-14T07:53:27.000Z</time>
      </trkpt>
      <trkpt lat="40.26811399497091770172119140625" lon="9.41900585778057575225830078125">
        <ele>624.5999755859375</ele>
        <time>2026-09-14T07:53:30.000Z</time>
      </trkpt>
      <trkpt lat="40.268116928637027740478515625" lon="9.419045336544513702392578125">
        <ele>625.20001220703125</ele>
        <time>2026-09-14T07:53:33.000Z</time>
      </trkpt>
      <trkpt lat="40.26811122894287109375" lon="9.4191105477511882781982421875">
        <ele>627</ele>
        <time>2026-09-14T07:53:39.000Z</time>
      </trkpt>
      <trkpt lat="40.26808097027242183685302734375" lon="9.4191967137157917022705078125">
        <ele>632.5999755859375</ele>
        <time>2026-09-14T07:53:50.000Z</time>
      </trkpt>
      <trkpt lat="40.2680570818483829498291015625" lon="9.419255219399929046630859375">
        <ele>636.20001220703125</ele>
        <time>2026-09-14T07:53:56.000Z</time>
      </trkpt>
      <trkpt lat="40.2680554054677486419677734375" lon="9.41928380168974399566650390625">
        <ele>637</ele>
        <time>2026-09-14T07:54:00.000Z</time>
      </trkpt>
      <trkpt lat="40.2680808864533901214599609375" lon="9.4193750806152820587158203125">
        <ele>638.4000244140625</ele>
        <time>2026-09-14T07:54:08.000Z</time>
      </trkpt>
      <trkpt lat="40.26807962916791439056396484375" lon="9.4194374419748783111572265625">
        <ele>640.5999755859375</ele>
        <time>2026-09-14T07:54:14.000Z</time>
      </trkpt>
      <trkpt lat="40.26808029972016811370849609375" lon="9.4194689579308032989501953125">
        <ele>642.20001220703125</ele>
        <time>2026-09-14T07:54:21.000Z</time>
      </trkpt>
      <trkpt lat="40.2680790424346923828125" lon="9.41951229237020015716552734375">
        <ele>644.4000244140625</ele>
        <time>2026-09-14T07:54:29.000Z</time>
      </trkpt>
      <trkpt lat="40.26808113791048526763916015625" lon="9.41952033899724483489990234375">
        <ele>644.5999755859375</ele>
        <time>2026-09-14T07:54:31.000Z</time>
      </trkpt>
      <trkpt lat="40.26809044182300567626953125" lon="9.4195236079394817352294921875">
        <ele>644.4000244140625</ele>
        <time>2026-09-14T07:54:35.000Z</time>
      </trkpt>
      <trkpt lat="40.26808734051883220672607421875" lon="9.4195433892309665679931640625">
        <ele>645</ele>
        <time>2026-09-14T07:54:38.000Z</time>
      </trkpt>
      <trkpt lat="40.26809639297425746917724609375" lon="9.41956576891243457794189453125">
        <ele>645.4000244140625</ele>
        <time>2026-09-14T07:54:41.000Z</time>
      </trkpt>
      <trkpt lat="40.2680664695799350738525390625" lon="9.41959460265934467315673828125">
        <ele>647</ele>
        <time>2026-09-14T07:54:47.000Z</time>
      </trkpt>
      <trkpt lat="40.26803889311850070953369140625" lon="9.41961572505533695220947265625">
        <ele>648.4000244140625</ele>
        <time>2026-09-14T07:54:54.000Z</time>
      </trkpt>
      <trkpt lat="40.26805532164871692657470703125" lon="9.41966165788471698760986328125">
        <ele>649.20001220703125</ele>
        <time>2026-09-14T07:55:00.000Z</time>
      </trkpt>
      <trkpt lat="40.26807610876858234405517578125" lon="9.419713877141475677490234375">
        <ele>650.4000244140625</ele>
        <time>2026-09-14T07:55:07.000Z</time>
      </trkpt>
      <trkpt lat="40.2680691517889499664306640625" lon="9.41974765621125698089599609375">
        <ele>651.79998779296875</ele>
        <time>2026-09-14T07:55:14.000Z</time>
      </trkpt>
      <trkpt lat="40.2680232189595699310302734375" lon="9.4197691977024078369140625">
        <ele>653.20001220703125</ele>
        <time>2026-09-14T07:55:21.000Z</time>
      </trkpt>
      <trkpt lat="40.268017351627349853515625" lon="9.41977833397686481475830078125">
        <ele>653.4000244140625</ele>
        <time>2026-09-14T07:55:25.000Z</time>
      </trkpt>
      <trkpt lat="40.26800469495356082916259765625" lon="9.419780932366847991943359375">
        <ele>653.5999755859375</ele>
        <time>2026-09-14T07:55:27.000Z</time>
      </trkpt>
      <trkpt lat="40.26798558421432971954345703125" lon="9.41980381496250629425048828125">
        <ele>654.4000244140625</ele>
        <time>2026-09-14T07:55:32.000Z</time>
      </trkpt>
      <trkpt lat="40.26797586120665073394775390625" lon="9.419831894338130950927734375">
        <ele>655</ele>
        <time>2026-09-14T07:55:37.000Z</time>
      </trkpt>
      <trkpt lat="40.26796882040798664093017578125" lon="9.4198427908122539520263671875">
        <ele>655.4000244140625</ele>
        <time>2026-09-14T07:55:39.000Z</time>
      </trkpt>
      <trkpt lat="40.2679906971752643585205078125" lon="9.4198659248650074005126953125">
        <ele>655.5999755859375</ele>
        <time>2026-09-14T07:55:45.000Z</time>
      </trkpt>
      <trkpt lat="40.26801542378962039947509765625" lon="9.41988117992877960205078125">
        <ele>655.5999755859375</ele>
        <time>2026-09-14T07:55:51.000Z</time>
      </trkpt>
      <trkpt lat="40.267967395484447479248046875" lon="9.41994211636483669281005859375">
        <ele>657.5999755859375</ele>
        <time>2026-09-14T07:55:58.000Z</time>
      </trkpt>
      <trkpt lat="40.26796043850481510162353515625" lon="9.41999056376516819000244140625">
        <ele>658.5999755859375</ele>
        <time>2026-09-14T07:56:03.000Z</time>
      </trkpt>
      <trkpt lat="40.26792741380631923675537109375" lon="9.42000925540924072265625">
        <ele>659.5999755859375</ele>
        <time>2026-09-14T07:56:09.000Z</time>
      </trkpt>
      <trkpt lat="40.2679021842777729034423828125" lon="9.42005611024796962738037109375">
        <ele>661.20001220703125</ele>
        <time>2026-09-14T07:56:15.000Z</time>
      </trkpt>
      <trkpt lat="40.2679021842777729034423828125" lon="9.4200647436082363128662109375">
        <ele>661.4000244140625</ele>
        <time>2026-09-14T07:56:16.000Z</time>
      </trkpt>
      <trkpt lat="40.26795289479196071624755859375" lon="9.42007890902459621429443359375">
        <ele>661.4000244140625</ele>
        <time>2026-09-14T07:56:22.000Z</time>
      </trkpt>
      <trkpt lat="40.26797988452017307281494140625" lon="9.42005493678152561187744140625">
        <ele>660.4000244140625</ele>
        <time>2026-09-14T07:56:25.000Z</time>
      </trkpt>
      <trkpt lat="40.26801140047609806060791015625" lon="9.42003448493778705596923828125">
        <ele>659.79998779296875</ele>
        <time>2026-09-14T07:56:28.000Z</time>
      </trkpt>
      <trkpt lat="40.26806219480931758880615234375" lon="9.42007035948336124420166015625">
        <ele>661</ele>
        <time>2026-09-14T07:56:35.000Z</time>
      </trkpt>
      <trkpt lat="40.2681419067084789276123046875" lon="9.4200776517391204833984375">
        <ele>660.5999755859375</ele>
        <time>2026-09-14T07:56:43.000Z</time>
      </trkpt>
      <trkpt lat="40.2681486122310161590576171875" lon="9.4200789928436279296875">
        <ele>660.5999755859375</ele>
        <time>2026-09-14T07:56:44.000Z</time>
      </trkpt>
      <trkpt lat="40.26818222366273403167724609375" lon="9.42009382881224155426025390625">
        <ele>661</ele>
        <time>2026-09-14T07:56:49.000Z</time>
      </trkpt>
      <trkpt lat="40.26820753701031208038330078125" lon="9.4200982712209224700927734375">
        <ele>660.79998779296875</ele>
        <time>2026-09-14T07:56:53.000Z</time>
      </trkpt>
      <trkpt lat="40.2682294137775897979736328125" lon="9.42011377774178981781005859375">
        <ele>661.4000244140625</ele>
        <time>2026-09-14T07:56:56.000Z</time>
      </trkpt>
      <trkpt lat="40.268234945833683013916015625" lon="9.42011830396950244903564453125">
        <ele>661.4000244140625</ele>
        <time>2026-09-14T07:56:57.000Z</time>
      </trkpt>
      <trkpt lat="40.26825481094419956207275390625" lon="9.4201368279755115509033203125">
        <ele>662</ele>
        <time>2026-09-14T07:57:01.000Z</time>
      </trkpt>
      <trkpt lat="40.268270485103130340576171875" lon="9.42014043219387531280517578125">
        <ele>662</ele>
        <time>2026-09-14T07:57:03.000Z</time>
      </trkpt>
      <trkpt lat="40.26831499300897121429443359375" lon="9.42017714492976665496826171875">
        <ele>663.79998779296875</ele>
        <time>2026-09-14T07:57:10.000Z</time>
      </trkpt>
      <trkpt lat="40.26833117008209228515625" lon="9.42019541747868061065673828125">
        <ele>664.5999755859375</ele>
        <time>2026-09-14T07:57:13.000Z</time>
      </trkpt>
      <trkpt lat="40.26838422752916812896728515625" lon="9.4202303700149059295654296875">
        <ele>666.4000244140625</ele>
        <time>2026-09-14T07:57:19.000Z</time>
      </trkpt>
      <trkpt lat="40.268468968570232391357421875" lon="9.4203088246285915374755859375">
        <ele>669.79998779296875</ele>
        <time>2026-09-14T07:57:30.000Z</time>
      </trkpt>
      <trkpt lat="40.2684912644326686859130859375" lon="9.4203326292335987091064453125">
        <ele>670.79998779296875</ele>
        <time>2026-09-14T07:57:33.000Z</time>
      </trkpt>
      <trkpt lat="40.26849755086004734039306640625" lon="9.4203413464128971099853515625">
        <ele>671.20001220703125</ele>
        <time>2026-09-14T07:57:34.000Z</time>
      </trkpt>
      <trkpt lat="40.268554128706455230712890625" lon="9.42035593092441558837890625">
        <ele>671.79998779296875</ele>
        <time>2026-09-14T07:57:39.000Z</time>
      </trkpt>
      <trkpt lat="40.2686243690550327301025390625" lon="9.42044503055512905120849609375">
        <ele>674.20001220703125</ele>
        <time>2026-09-14T07:57:48.000Z</time>
      </trkpt>
      <trkpt lat="40.2686461620032787322998046875" lon="9.42050286568701267242431640625">
        <ele>676</ele>
        <time>2026-09-14T07:57:53.000Z</time>
      </trkpt>
      <trkpt lat="40.26866720058023929595947265625" lon="9.4205140136182308197021484375">
        <ele>676</ele>
        <time>2026-09-14T07:57:55.000Z</time>
      </trkpt>
      <trkpt lat="40.26867206208407878875732421875" lon="9.420525245368480682373046875">
        <ele>676.4000244140625</ele>
        <time>2026-09-14T07:57:56.000Z</time>
      </trkpt>
      <trkpt lat="40.2687215991318225860595703125" lon="9.4206140935420989990234375">
        <ele>678.20001220703125</ele>
        <time>2026-09-14T07:58:04.000Z</time>
      </trkpt>
      <trkpt lat="40.26874179951846599578857421875" lon="9.42063915543258190155029296875">
        <ele>678.5999755859375</ele>
        <time>2026-09-14T07:58:07.000Z</time>
      </trkpt>
      <trkpt lat="40.268745236098766326904296875" lon="9.42064837552607059478759765625">
        <ele>678.79998779296875</ele>
        <time>2026-09-14T07:58:08.000Z</time>
      </trkpt>
      <trkpt lat="40.268754623830318450927734375" lon="9.42067645490169525146484375">
        <ele>679.4000244140625</ele>
        <time>2026-09-14T07:58:10.000Z</time>
      </trkpt>
      <trkpt lat="40.26879661716520786285400390625" lon="9.42078969441354274749755859375">
        <ele>682</ele>
        <time>2026-09-14T07:58:18.000Z</time>
      </trkpt>
      <trkpt lat="40.2688153088092803955078125" lon="9.42083529196679592132568359375">
        <ele>682.79998779296875</ele>
        <time>2026-09-14T07:58:21.000Z</time>
      </trkpt>
      <trkpt lat="40.26881421916186809539794921875" lon="9.42087133415043354034423828125">
        <ele>683.5999755859375</ele>
        <time>2026-09-14T07:58:23.000Z</time>
      </trkpt>
      <trkpt lat="40.26881061494350433349609375" lon="9.42090100608766078948974609375">
        <ele>684.20001220703125</ele>
        <time>2026-09-14T07:58:25.000Z</time>
      </trkpt>
      <trkpt lat="40.26882243342697620391845703125" lon="9.42095280624926090240478515625">
        <ele>685.20001220703125</ele>
        <time>2026-09-14T07:58:31.000Z</time>
      </trkpt>
      <trkpt lat="40.26887373067438602447509765625" lon="9.42097594030201435089111328125">
        <ele>683.4000244140625</ele>
        <time>2026-09-14T07:58:38.000Z</time>
      </trkpt>
      <trkpt lat="40.26887976564466953277587890625" lon="9.42097996361553668975830078125">
        <ele>683.20001220703125</ele>
        <time>2026-09-14T07:58:39.000Z</time>
      </trkpt>
      <trkpt lat="40.26889233849942684173583984375" lon="9.42101131193339824676513671875">
        <ele>683.4000244140625</ele>
        <time>2026-09-14T07:58:43.000Z</time>
      </trkpt>
      <trkpt lat="40.2689225971698760986328125" lon="9.42107266746461391448974609375">
        <ele>683.4000244140625</ele>
        <time>2026-09-14T07:58:50.000Z</time>
      </trkpt>
      <trkpt lat="40.26892938651144504547119140625" lon="9.42107400856912136077880859375">
        <ele>683.20001220703125</ele>
        <time>2026-09-14T07:58:51.000Z</time>
      </trkpt>
      <trkpt lat="40.268952436745166778564453125" lon="9.42109831608831882476806640625">
        <ele>682.79998779296875</ele>
        <time>2026-09-14T07:58:54.000Z</time>
      </trkpt>
      <trkpt lat="40.26896081864833831787109375" lon="9.421142823994159698486328125">
        <ele>684.4000244140625</ele>
        <time>2026-09-14T07:58:57.000Z</time>
      </trkpt>
      <trkpt lat="40.26897163130342960357666015625" lon="9.42116461694240570068359375">
        <ele>685</ele>
        <time>2026-09-14T07:58:59.000Z</time>
      </trkpt>
      <trkpt lat="40.26897783391177654266357421875" lon="9.42117626778781414031982421875">
        <ele>685.20001220703125</ele>
        <time>2026-09-14T07:59:00.000Z</time>
      </trkpt>
      <trkpt lat="40.2689982019364833831787109375" lon="9.42121281288564205169677734375">
        <ele>685.79998779296875</ele>
        <time>2026-09-14T07:59:03.000Z</time>
      </trkpt>
      <trkpt lat="40.26902661658823490142822265625" lon="9.42124843597412109375">
        <ele>686.20001220703125</ele>
        <time>2026-09-14T07:59:08.000Z</time>
      </trkpt>
      <trkpt lat="40.2690448053181171417236328125" lon="9.4212626852095127105712890625">
        <ele>686</ele>
        <time>2026-09-14T07:59:10.000Z</time>
      </trkpt>
      <trkpt lat="40.2690567076206207275390625" lon="9.4212858192622661590576171875">
        <ele>686.4000244140625</ele>
        <time>2026-09-14T07:59:13.000Z</time>
      </trkpt>
      <trkpt lat="40.269085206091403961181640625" lon="9.42130006849765777587890625">
        <ele>685.79998779296875</ele>
        <time>2026-09-14T07:59:16.000Z</time>
      </trkpt>
      <trkpt lat="40.26912971399724483489990234375" lon="9.42132378928363323211669921875">
        <ele>685.5999755859375</ele>
        <time>2026-09-14T07:59:22.000Z</time>
      </trkpt>
      <trkpt lat="40.26918612420558929443359375" lon="9.421374164521694183349609375">
        <ele>686.79998779296875</ele>
        <time>2026-09-14T07:59:28.000Z</time>
      </trkpt>
      <trkpt lat="40.26919056661427021026611328125" lon="9.42138346843421459197998046875">
        <ele>687</ele>
        <time>2026-09-14T07:59:29.000Z</time>
      </trkpt>
      <trkpt lat="40.26924421079456806182861328125" lon="9.42145706154406070709228515625">
        <ele>689</ele>
        <time>2026-09-14T07:59:37.000Z</time>
      </trkpt>
      <trkpt lat="40.26926902122795581817626953125" lon="9.4215443171560764312744140625">
        <ele>692</ele>
        <time>2026-09-14T07:59:45.000Z</time>
      </trkpt>
      <trkpt lat="40.26928578503429889678955078125" lon="9.42161447368562221527099609375">
        <ele>694.4000244140625</ele>
        <time>2026-09-14T07:59:51.000Z</time>
      </trkpt>
      <trkpt lat="40.2692900598049163818359375" lon="9.421627633273601531982421875">
        <ele>695</ele>
        <time>2026-09-14T07:59:52.000Z</time>
      </trkpt>
      <trkpt lat="40.26930472813546657562255859375" lon="9.4217052496969699859619140625">
        <ele>696.5999755859375</ele>
        <time>2026-09-14T08:00:00.000Z</time>
      </trkpt>
      <trkpt lat="40.26930791325867176055908203125" lon="9.42171555943787097930908203125">
        <ele>696.79998779296875</ele>
        <time>2026-09-14T08:00:01.000Z</time>
      </trkpt>
      <trkpt lat="40.26929953135550022125244140625" lon="9.42174397408962249755859375">
        <ele>697.5999755859375</ele>
        <time>2026-09-14T08:00:03.000Z</time>
      </trkpt>
      <trkpt lat="40.26929936371743679046630859375" lon="9.42176920361816883087158203125">
        <ele>698.20001220703125</ele>
        <time>2026-09-14T08:00:05.000Z</time>
      </trkpt>
      <trkpt lat="40.26929584331810474395751953125" lon="9.4218936748802661895751953125">
        <ele>701.20001220703125</ele>
        <time>2026-09-14T08:00:14.000Z</time>
      </trkpt>
      <trkpt lat="40.26929668150842189788818359375" lon="9.42198813892900943756103515625">
        <ele>704</ele>
        <time>2026-09-14T08:00:23.000Z</time>
      </trkpt>
      <trkpt lat="40.2693086676299571990966796875" lon="9.422058798372745513916015625">
        <ele>705.79998779296875</ele>
        <time>2026-09-14T08:00:29.000Z</time>
      </trkpt>
      <trkpt lat="40.26933808811008930206298828125" lon="9.42216382361948490142822265625">
        <ele>708</ele>
        <time>2026-09-14T08:00:38.000Z</time>
      </trkpt>
      <trkpt lat="40.2693705260753631591796875" lon="9.42224764265120029449462890625">
        <ele>709.5999755859375</ele>
        <time>2026-09-14T08:00:45.000Z</time>
      </trkpt>
      <trkpt lat="40.2693807519972324371337890625" lon="9.42226055078208446502685546875">
        <ele>709.79998779296875</ele>
        <time>2026-09-14T08:00:49.000Z</time>
      </trkpt>
      <trkpt lat="40.269438922405242919921875" lon="9.42233380861580371856689453125">
        <ele>708.5999755859375</ele>
        <time>2026-09-14T08:00:58.000Z</time>
      </trkpt>
      <trkpt lat="40.26944906450808048248291015625" lon="9.42243757657706737518310546875">
        <ele>711.20001220703125</ele>
        <time>2026-09-14T08:01:08.000Z</time>
      </trkpt>
      <trkpt lat="40.2694628946483135223388671875" lon="9.42245232872664928436279296875">
        <ele>710.79998779296875</ele>
        <time>2026-09-14T08:01:15.000Z</time>
      </trkpt>
      <trkpt lat="40.2694568596780300140380859375" lon="9.42247278057038784027099609375">
        <ele>711.79998779296875</ele>
        <time>2026-09-14T08:01:22.000Z</time>
      </trkpt>
      <trkpt lat="40.26945392601191997528076171875" lon="9.42246909253299236297607421875">
        <ele>711.79998779296875</ele>
        <time>2026-09-14T08:01:33.000Z</time>
      </trkpt>
      <trkpt lat="40.2693871222436428070068359375" lon="9.4224643148481845855712890625">
        <ele>715.20001220703125</ele>
        <time>2026-09-14T08:01:53.000Z</time>
      </trkpt>
      <trkpt lat="40.26932031847536563873291015625" lon="9.422476552426815032958984375">
        <ele>717.5999755859375</ele>
        <time>2026-09-14T08:02:00.000Z</time>
      </trkpt>
      <trkpt lat="40.2692811749875545501708984375" lon="9.4224621355533599853515625">
        <ele>718.4000244140625</ele>
        <time>2026-09-14T08:02:05.000Z</time>
      </trkpt>
      <trkpt lat="40.26926851831376552581787109375" lon="9.4224606268107891082763671875">
        <ele>718.5999755859375</ele>
        <time>2026-09-14T08:02:12.000Z</time>
      </trkpt>
      <trkpt lat="40.2691986970603466033935546875" lon="9.422466494143009185791015625">
        <ele>720.79998779296875</ele>
        <time>2026-09-14T08:02:18.000Z</time>
      </trkpt>
      <trkpt lat="40.269184112548828125" lon="9.4224648177623748779296875">
        <ele>721.20001220703125</ele>
        <time>2026-09-14T08:02:19.000Z</time>
      </trkpt>
      <trkpt lat="40.269101299345493316650390625" lon="9.422447718679904937744140625">
        <ele>723</ele>
        <time>2026-09-14T08:02:26.000Z</time>
      </trkpt>
      <trkpt lat="40.26902175508439540863037109375" lon="9.42243372090160846710205078125">
        <ele>723</ele>
        <time>2026-09-14T08:02:30.000Z</time>
      </trkpt>
      <trkpt lat="40.26900113560259342193603515625" lon="9.4224267639219760894775390625">
        <ele>722.79998779296875</ele>
        <time>2026-09-14T08:02:33.000Z</time>
      </trkpt>
      <trkpt lat="40.26895671151578426361083984375" lon="9.42239449359476566314697265625">
        <ele>722.20001220703125</ele>
        <time>2026-09-14T08:02:39.000Z</time>
      </trkpt>
      <trkpt lat="40.26895402930676937103271484375" lon="9.42238099873065948486328125">
        <ele>721.79998779296875</ele>
        <time>2026-09-14T08:02:40.000Z</time>
      </trkpt>
      <trkpt lat="40.2689448930323123931884765625" lon="9.42236683331429958343505859375">
        <ele>721.5999755859375</ele>
        <time>2026-09-14T08:02:41.000Z</time>
      </trkpt>
      <trkpt lat="40.26889485307037830352783203125" lon="9.4223020412027835845947265625">
        <ele>720.20001220703125</ele>
        <time>2026-09-14T08:02:46.000Z</time>
      </trkpt>
      <trkpt lat="40.26880030520260334014892578125" lon="9.42226289771497249603271484375">
        <ele>720.20001220703125</ele>
        <time>2026-09-14T08:02:54.000Z</time>
      </trkpt>
      <trkpt lat="40.268789827823638916015625" lon="9.42226298153400421142578125">
        <ele>720.5999755859375</ele>
        <time>2026-09-14T08:02:55.000Z</time>
      </trkpt>
      <trkpt lat="40.26877415366470813751220703125" lon="9.422261975705623626708984375">
        <ele>721.20001220703125</ele>
        <time>2026-09-14T08:02:56.000Z</time>
      </trkpt>
      <trkpt lat="40.26875470764935016632080078125" lon="9.42225149832665920257568359375">
        <ele>721.5999755859375</ele>
        <time>2026-09-14T08:02:58.000Z</time>
      </trkpt>
      <trkpt lat="40.26873777620494365692138671875" lon="9.42224110476672649383544921875">
        <ele>722</ele>
        <time>2026-09-14T08:03:00.000Z</time>
      </trkpt>
      <trkpt lat="40.268687568604946136474609375" lon="9.42221126519143581390380859375">
        <ele>723.20001220703125</ele>
        <time>2026-09-14T08:03:07.000Z</time>
      </trkpt>
      <trkpt lat="40.26864138431847095489501953125" lon="9.42219668067991733551025390625">
        <ele>724.5999755859375</ele>
        <time>2026-09-14T08:03:15.000Z</time>
      </trkpt>
      <trkpt lat="40.2686153165996074676513671875" lon="9.4221858680248260498046875">
        <ele>725.20001220703125</ele>
        <time>2026-09-14T08:03:21.000Z</time>
      </trkpt>
      <trkpt lat="40.268583633005619049072265625" lon="9.4221632368862628936767578125">
        <ele>726</ele>
        <time>2026-09-14T08:03:25.000Z</time>
      </trkpt>
      <trkpt lat="40.26855018921196460723876953125" lon="9.42215166985988616943359375">
        <ele>727</ele>
        <time>2026-09-14T08:03:28.000Z</time>
      </trkpt>
      <trkpt lat="40.26854105293750762939453125" lon="9.42214873619377613067626953125">
        <ele>727.20001220703125</ele>
        <time>2026-09-14T08:03:29.000Z</time>
      </trkpt>
      <trkpt lat="40.26851280592381954193115234375" lon="9.42213465459644794464111328125">
        <ele>728</ele>
        <time>2026-09-14T08:03:33.000Z</time>
      </trkpt>
      <trkpt lat="40.26850475929677486419677734375" lon="9.422135911881923675537109375">
        <ele>728.20001220703125</ele>
        <time>2026-09-14T08:03:34.000Z</time>
      </trkpt>
      <trkpt lat="40.2684585750102996826171875" lon="9.42209827713668346405029296875">
        <ele>729</ele>
        <time>2026-09-14T08:03:41.000Z</time>
      </trkpt>
      <trkpt lat="40.2684198506176471710205078125" lon="9.4220598042011260986328125">
        <ele>729.5999755859375</ele>
        <time>2026-09-14T08:03:47.000Z</time>
      </trkpt>
      <trkpt lat="40.2683749236166477203369140625" lon="9.4220401905477046966552734375">
        <ele>730.79998779296875</ele>
        <time>2026-09-14T08:03:54.000Z</time>
      </trkpt>
      <trkpt lat="40.26836243458092212677001953125" lon="9.42204161547124385833740234375">
        <ele>731.20001220703125</ele>
        <time>2026-09-14T08:03:55.000Z</time>
      </trkpt>
      <trkpt lat="40.2683400548994541168212890625" lon="9.42204815335571765899658203125">
        <ele>732.20001220703125</ele>
        <time>2026-09-14T08:03:57.000Z</time>
      </trkpt>
      <trkpt lat="40.2682790346443653106689453125" lon="9.42205536179244518280029296875">
        <ele>734.5999755859375</ele>
        <time>2026-09-14T08:04:01.000Z</time>
      </trkpt>
      <trkpt lat="40.26826570741832256317138671875" lon="9.4220458902418613433837890625">
        <ele>734.79998779296875</ele>
        <time>2026-09-14T08:04:03.000Z</time>
      </trkpt>
      <trkpt lat="40.26825011707842350006103515625" lon="9.422034658491611480712890625">
        <ele>734.79998779296875</ele>
        <time>2026-09-14T08:04:05.000Z</time>
      </trkpt>
      <trkpt lat="40.26823394000530242919921875" lon="9.4220217503607273101806640625">
        <ele>734.79998779296875</ele>
        <time>2026-09-14T08:04:07.000Z</time>
      </trkpt>
      <trkpt lat="40.26813595555722713470458984375" lon="9.42202426493167877197265625">
        <ele>736.5999755859375</ele>
        <time>2026-09-14T08:04:13.000Z</time>
      </trkpt>
      <trkpt lat="40.26809941045939922332763671875" lon="9.422007501125335693359375">
        <ele>736.79998779296875</ele>
        <time>2026-09-14T08:04:17.000Z</time>
      </trkpt>
      <trkpt lat="40.2680892683565616607666015625" lon="9.42199199460446834564208984375">
        <ele>736.79998779296875</ele>
        <time>2026-09-14T08:04:18.000Z</time>
      </trkpt>
      <trkpt lat="40.26807711459696292877197265625" lon="9.4219691120088100433349609375">
        <ele>736.4000244140625</ele>
        <time>2026-09-14T08:04:20.000Z</time>
      </trkpt>
      <trkpt lat="40.268056578934192657470703125" lon="9.42194069735705852508544921875">
        <ele>736.20001220703125</ele>
        <time>2026-09-14T08:04:23.000Z</time>
      </trkpt>
      <trkpt lat="40.26805247180163860321044921875" lon="9.42193801514804363250732421875">
        <ele>736.20001220703125</ele>
        <time>2026-09-14T08:04:24.000Z</time>
      </trkpt>
      <trkpt lat="40.26801399886608123779296875" lon="9.42192393355071544647216796875">
        <ele>736.5999755859375</ele>
        <time>2026-09-14T08:04:28.000Z</time>
      </trkpt>
      <trkpt lat="40.26798994280397891998291015625" lon="9.4219060800969600677490234375">
        <ele>736.4000244140625</ele>
        <time>2026-09-14T08:04:31.000Z</time>
      </trkpt>
      <trkpt lat="40.26792875491082668304443359375" lon="9.42187246866524219512939453125">
        <ele>736.79998779296875</ele>
        <time>2026-09-14T08:04:39.000Z</time>
      </trkpt>
      <trkpt lat="40.26791819371283054351806640625" lon="9.4218742288649082183837890625">
        <ele>737.20001220703125</ele>
        <time>2026-09-14T08:04:40.000Z</time>
      </trkpt>
      <trkpt lat="40.2679031901061534881591796875" lon="9.4218722172081470489501953125">
        <ele>737.5999755859375</ele>
        <time>2026-09-14T08:04:42.000Z</time>
      </trkpt>
      <trkpt lat="40.267897658050060272216796875" lon="9.42187313921749591827392578125">
        <ele>737.79998779296875</ele>
        <time>2026-09-14T08:04:43.000Z</time>
      </trkpt>
      <trkpt lat="40.2678921259939670562744140625" lon="9.42187313921749591827392578125">
        <ele>738</ele>
        <time>2026-09-14T08:04:44.000Z</time>
      </trkpt>
      <trkpt lat="40.2678874321281909942626953125" lon="9.42187850363552570343017578125">
        <ele>738.4000244140625</ele>
        <time>2026-09-14T08:04:45.000Z</time>
      </trkpt>
      <trkpt lat="40.267884917557239532470703125" lon="9.4218742288649082183837890625">
        <ele>738.4000244140625</ele>
        <time>2026-09-14T08:04:47.000Z</time>
      </trkpt>
      <trkpt lat="40.26787192560732364654541015625" lon="9.421879090368747711181640625">
        <ele>739</ele>
        <time>2026-09-14T08:04:48.000Z</time>
      </trkpt>
      <trkpt lat="40.26782649569213390350341796875" lon="9.421893171966075897216796875">
        <ele>741</ele>
        <time>2026-09-14T08:04:52.000Z</time>
      </trkpt>
      <trkpt lat="40.26778626255691051483154296875" lon="9.4218460656702518463134765625">
        <ele>740.4000244140625</ele>
        <time>2026-09-14T08:05:01.000Z</time>
      </trkpt>
      <trkpt lat="40.26775424368679523468017578125" lon="9.42185050807893276214599609375">
        <ele>741.5999755859375</ele>
        <time>2026-09-14T08:05:07.000Z</time>
      </trkpt>
      <trkpt lat="40.2677191235125064849853515625" lon="9.42183206789195537567138671875">
        <ele>741.79998779296875</ele>
        <time>2026-09-14T08:05:12.000Z</time>
      </trkpt>
      <trkpt lat="40.26771618984639644622802734375" lon="9.4218282960355281829833984375">
        <ele>741.79998779296875</ele>
        <time>2026-09-14T08:05:14.000Z</time>
      </trkpt>
      <trkpt lat="40.2676646411418914794921875" lon="9.4218371808528900146484375">
        <ele>742.20001220703125</ele>
        <time>2026-09-14T08:05:21.000Z</time>
      </trkpt>
      <trkpt lat="40.2676456980407238006591796875" lon="9.4218373484909534454345703125">
        <ele>742</ele>
        <time>2026-09-14T08:05:27.000Z</time>
      </trkpt>
      <trkpt lat="40.26760772801935672760009765625" lon="9.42187967710196971893310546875">
        <ele>744.4000244140625</ele>
        <time>2026-09-14T08:05:33.000Z</time>
      </trkpt>
      <trkpt lat="40.2675659023225307464599609375" lon="9.42195117473602294921875">
        <ele>748.20001220703125</ele>
        <time>2026-09-14T08:05:41.000Z</time>
      </trkpt>
      <trkpt lat="40.26755475439131259918212890625" lon="9.4219847023487091064453125">
        <ele>749.5999755859375</ele>
        <time>2026-09-14T08:05:44.000Z</time>
      </trkpt>
      <trkpt lat="40.26750194840133190155029296875" lon="9.42202116362750530242919921875">
        <ele>751.5999755859375</ele>
        <time>2026-09-14T08:05:50.000Z</time>
      </trkpt>
      <trkpt lat="40.2674525789916515350341796875" lon="9.42207749001681804656982421875">
        <ele>754.4000244140625</ele>
        <time>2026-09-14T08:05:59.000Z</time>
      </trkpt>
      <trkpt lat="40.2673776447772979736328125" lon="9.4221213273704051971435546875">
        <ele>757</ele>
        <time>2026-09-14T08:06:10.000Z</time>
      </trkpt>
      <trkpt lat="40.26733313687145709991455078125" lon="9.422154016792774200439453125">
        <ele>759</ele>
        <time>2026-09-14T08:06:16.000Z</time>
      </trkpt>
      <trkpt lat="40.267288796603679656982421875" lon="9.4222064875066280364990234375">
        <ele>761.79998779296875</ele>
        <time>2026-09-14T08:06:24.000Z</time>
      </trkpt>
      <trkpt lat="40.26721813715994358062744140625" lon="9.42226440645754337310791015625">
        <ele>765</ele>
        <time>2026-09-14T08:06:33.000Z</time>
      </trkpt>
      <trkpt lat="40.26721260510385036468505859375" lon="9.42226943559944629669189453125">
        <ele>765.20001220703125</ele>
        <time>2026-09-14T08:06:34.000Z</time>
      </trkpt>
      <trkpt lat="40.267180837690830230712890625" lon="9.42231302149593830108642578125">
        <ele>767</ele>
        <time>2026-09-14T08:06:39.000Z</time>
      </trkpt>
      <trkpt lat="40.267160050570964813232421875" lon="9.422330372035503387451171875">
        <ele>767.5999755859375</ele>
        <time>2026-09-14T08:06:41.000Z</time>
      </trkpt>
      <trkpt lat="40.2670814283192157745361328125" lon="9.4223843514919281005859375">
        <ele>770.4000244140625</ele>
        <time>2026-09-14T08:06:48.000Z</time>
      </trkpt>
      <trkpt lat="40.26703340001404285430908203125" lon="9.42240891046822071075439453125">
        <ele>771.5999755859375</ele>
        <time>2026-09-14T08:06:52.000Z</time>
      </trkpt>
      <trkpt lat="40.26699953712522983551025390625" lon="9.42242324352264404296875">
        <ele>772.4000244140625</ele>
        <time>2026-09-14T08:06:55.000Z</time>
      </trkpt>
      <trkpt lat="40.266927368938922882080078125" lon="9.42243305034935474395751953125">
        <ele>773.20001220703125</ele>
        <time>2026-09-14T08:07:02.000Z</time>
      </trkpt>
      <trkpt lat="40.26690649800002574920654296875" lon="9.42243942059576511383056640625">
        <ele>773.5999755859375</ele>
        <time>2026-09-14T08:07:04.000Z</time>
      </trkpt>
      <trkpt lat="40.26685721240937709808349609375" lon="9.4224321283400058746337890625">
        <ele>773.79998779296875</ele>
        <time>2026-09-14T08:07:07.000Z</time>
      </trkpt>
      <trkpt lat="40.26675813831388950347900390625" lon="9.42243221215903759002685546875">
        <ele>774</ele>
        <time>2026-09-14T08:07:15.000Z</time>
      </trkpt>
      <trkpt lat="40.26669703423976898193359375" lon="9.422434978187084197998046875">
        <ele>774</ele>
        <time>2026-09-14T08:07:21.000Z</time>
      </trkpt>
      <trkpt lat="40.26666945777833461761474609375" lon="9.42243539728224277496337890625">
        <ele>774</ele>
        <time>2026-09-14T08:07:25.000Z</time>
      </trkpt>
      <trkpt lat="40.2666522748768329620361328125" lon="9.4224250875413417816162109375">
        <ele>773.79998779296875</ele>
        <time>2026-09-14T08:07:27.000Z</time>
      </trkpt>
      <trkpt lat="40.26660583913326263427734375" lon="9.4224022887647151947021484375">
        <ele>773.4000244140625</ele>
        <time>2026-09-14T08:07:33.000Z</time>
      </trkpt>
      <trkpt lat="40.2665795199573040008544921875" lon="9.42238410003483295440673828125">
        <ele>773.4000244140625</ele>
        <time>2026-09-14T08:07:36.000Z</time>
      </trkpt>
      <trkpt lat="40.26655194349586963653564453125" lon="9.42233783192932605743408203125">
        <ele>773</ele>
        <time>2026-09-14T08:07:40.000Z</time>
      </trkpt>
      <trkpt lat="40.2665486745536327362060546875" lon="9.4222219102084636688232421875">
        <ele>770.5999755859375</ele>
        <time>2026-09-14T08:07:46.000Z</time>
      </trkpt>
      <trkpt lat="40.2665097825229167938232421875" lon="9.4221675954759120941162109375">
        <ele>770.20001220703125</ele>
        <time>2026-09-14T08:07:50.000Z</time>
      </trkpt>
      <trkpt lat="40.2664816193282604217529296875" lon="9.42210607230663299560546875">
        <ele>769.5999755859375</ele>
        <time>2026-09-14T08:07:54.000Z</time>
      </trkpt>
      <trkpt lat="40.26645957492291927337646484375" lon="9.4220650009810924530029296875">
        <ele>769.20001220703125</ele>
        <time>2026-09-14T08:07:57.000Z</time>
      </trkpt>
      <trkpt lat="40.26644733734428882598876953125" lon="9.42205167375504970550537109375">
        <ele>769.20001220703125</ele>
        <time>2026-09-14T08:07:59.000Z</time>
      </trkpt>
      <trkpt lat="40.26644264347851276397705078125" lon="9.4220479018986225128173828125">
        <ele>769.20001220703125</ele>
        <time>2026-09-14T08:08:00.000Z</time>
      </trkpt>
      <trkpt lat="40.26642587967216968536376953125" lon="9.422029964625835418701171875">
        <ele>769.20001220703125</ele>
        <time>2026-09-14T08:08:02.000Z</time>
      </trkpt>
      <trkpt lat="40.26641716249287128448486328125" lon="9.42201898433268070220947265625">
        <ele>769</ele>
        <time>2026-09-14T08:08:03.000Z</time>
      </trkpt>
      <trkpt lat="40.26638682000339031219482421875" lon="9.4219878874719142913818359375">
        <ele>769</ele>
        <time>2026-09-14T08:08:06.000Z</time>
      </trkpt>
      <trkpt lat="40.266365110874176025390625" lon="9.42191890440881252288818359375">
        <ele>768</ele>
        <time>2026-09-14T08:08:13.000Z</time>
      </trkpt>
      <trkpt lat="40.2663369476795196533203125" lon="9.42188302986323833465576171875">
        <ele>768.20001220703125</ele>
        <time>2026-09-14T08:08:16.000Z</time>
      </trkpt>
      <trkpt lat="40.266286320984363555908203125" lon="9.42179585807025432586669921875">
        <ele>767.79998779296875</ele>
        <time>2026-09-14T08:08:21.000Z</time>
      </trkpt>
      <trkpt lat="40.26625103317201137542724609375" lon="9.42175646312534809112548828125">
        <ele>767.5999755859375</ele>
        <time>2026-09-14T08:08:27.000Z</time>
      </trkpt>
      <trkpt lat="40.2661867439746856689453125" lon="9.421765767037868499755859375">
        <ele>768.79998779296875</ele>
        <time>2026-09-14T08:08:33.000Z</time>
      </trkpt>
      <trkpt lat="40.2661393024027347564697265625" lon="9.42177213728427886962890625">
        <ele>770.20001220703125</ele>
        <time>2026-09-14T08:08:40.000Z</time>
      </trkpt>
      <trkpt lat="40.2661154977977275848388671875" lon="9.4217652641236782073974609375">
        <ele>770.79998779296875</ele>
        <time>2026-09-14T08:08:43.000Z</time>
      </trkpt>
      <trkpt lat="40.2660950459539890289306640625" lon="9.421771802008152008056640625">
        <ele>771.79998779296875</ele>
        <time>2026-09-14T08:08:46.000Z</time>
      </trkpt>
      <trkpt lat="40.26607031933963298797607421875" lon="9.4217625819146633148193359375">
        <ele>772.4000244140625</ele>
        <time>2026-09-14T08:08:51.000Z</time>
      </trkpt>
      <trkpt lat="40.26599789969623088836669921875" lon="9.4217652641236782073974609375">
        <ele>775.4000244140625</ele>
        <time>2026-09-14T08:08:58.000Z</time>
      </trkpt>
      <trkpt lat="40.26597828604280948638916015625" lon="9.4217609055340290069580078125">
        <ele>776.20001220703125</ele>
        <time>2026-09-14T08:09:03.000Z</time>
      </trkpt>
      <trkpt lat="40.26597778312861919403076171875" lon="9.42176920361816883087158203125">
        <ele>776.4000244140625</ele>
        <time>2026-09-14T08:09:08.000Z</time>
      </trkpt>
      <trkpt lat="40.26597711257636547088623046875" lon="9.42177406512200832366943359375">
        <ele>776.5999755859375</ele>
        <time>2026-09-14T08:09:10.000Z</time>
      </trkpt>
      <trkpt lat="40.26597141288220882415771484375" lon="9.42177255637943744659423828125">
        <ele>776.79998779296875</ele>
        <time>2026-09-14T08:09:12.000Z</time>
      </trkpt>
      <trkpt lat="40.26596940122544765472412109375" lon="9.4217780046164989471435546875">
        <ele>777.20001220703125</ele>
        <time>2026-09-14T08:09:14.000Z</time>
      </trkpt>
      <trkpt lat="40.26594727300107479095458984375" lon="9.4218001328408718109130859375">
        <ele>778.79998779296875</ele>
        <time>2026-09-14T08:09:23.000Z</time>
      </trkpt>
      <trkpt lat="40.26593889109790325164794921875" lon="9.42179468460381031036376953125">
        <ele>779</ele>
        <time>2026-09-14T08:09:30.000Z</time>
      </trkpt>
      <trkpt lat="40.26594995521008968353271484375" lon="9.42179418168962001800537109375">
        <ele>778.5999755859375</ele>
        <time>2026-09-14T08:09:33.000Z</time>
      </trkpt>
      <trkpt lat="40.26595314033329486846923828125" lon="9.42179418168962001800537109375">
        <ele>778.4000244140625</ele>
        <time>2026-09-14T08:09:36.000Z</time>
      </trkpt>
      <trkpt lat="40.26595062576234340667724609375" lon="9.42180122248828411102294921875">
        <ele>778.79998779296875</ele>
        <time>2026-09-14T08:09:38.000Z</time>
      </trkpt>
      <trkpt lat="40.26595062576234340667724609375" lon="9.42180122248828411102294921875">
        <ele>778.79998779296875</ele>
        <time>2026-09-14T08:09:43.000Z</time>
      </trkpt>
      <trkpt lat="40.26595062576234340667724609375" lon="9.42180122248828411102294921875">
        <ele>778.79998779296875</ele>
        <time>2026-09-14T08:09:45.000Z</time>
      </trkpt>
      <trkpt lat="40.26595062576234340667724609375" lon="9.42179904319345951080322265625">
        <ele>778.5999755859375</ele>
        <time>2026-09-14T08:09:49.000Z</time>
      </trkpt>
      <trkpt lat="40.265951715409755706787109375" lon="9.4217956066131591796875">
        <ele>778.5999755859375</ele>
        <time>2026-09-14T08:09:55.000Z</time>
      </trkpt>
      <trkpt lat="40.2659599296748638153076171875" lon="9.42175495438277721405029296875">
        <ele>776.5999755859375</ele>
        <time>2026-09-14T08:10:13.000Z</time>
      </trkpt>
      <trkpt lat="40.2659498713910579681396484375" lon="9.421751685440540313720703125">
        <ele>777</ele>
        <time>2026-09-14T08:10:37.000Z</time>
      </trkpt>
      <trkpt lat="40.26592028327286243438720703125" lon="9.42176048643887042999267578125">
        <ele>778.5999755859375</ele>
        <time>2026-09-14T08:11:46.000Z</time>
      </trkpt>
      <trkpt lat="40.26583562605082988739013671875" lon="9.4217924214899539947509765625">
        <ele>787.79998779296875</ele>
        <time>2026-09-14T08:11:54.000Z</time>
      </trkpt>
      <trkpt lat="40.26581534184515476226806640625" lon="9.42181195132434368133544921875">
        <ele>791.4000244140625</ele>
        <time>2026-09-14T08:11:56.000Z</time>
      </trkpt>
      <trkpt lat="40.26578843593597412109375" lon="9.42183248698711395263671875">
        <ele>796</ele>
        <time>2026-09-14T08:11:58.000Z</time>
      </trkpt>
      <trkpt lat="40.26575884781777858734130859375" lon="9.42185754887759685516357421875">
        <ele>800</ele>
        <time>2026-09-14T08:12:00.000Z</time>
      </trkpt>
      <trkpt lat="40.2657523937523365020751953125" lon="9.4218541122972965240478515625">
        <ele>799.79998779296875</ele>
        <time>2026-09-14T08:12:01.000Z</time>
      </trkpt>
      <trkpt lat="40.26574308983981609344482421875" lon="9.4218460656702518463134765625">
        <ele>799</ele>
        <time>2026-09-14T08:12:03.000Z</time>
      </trkpt>
      <trkpt lat="40.26573504321277141571044921875" lon="9.4218477420508861541748046875">
        <ele>799</ele>
        <time>2026-09-14T08:12:05.000Z</time>
      </trkpt>
      <trkpt lat="40.2657081373035907745361328125" lon="9.4218621589243412017822265625">
        <ele>800.20001220703125</ele>
        <time>2026-09-14T08:12:07.000Z</time>
      </trkpt>
      <trkpt lat="40.2656896971166133880615234375" lon="9.42186995409429073333740234375">
        <ele>802.4000244140625</ele>
        <time>2026-09-14T08:12:08.000Z</time>
      </trkpt>
      <trkpt lat="40.2656534872949123382568359375" lon="9.4218591414391994476318359375">
        <ele>802.79998779296875</ele>
        <time>2026-09-14T08:12:12.000Z</time>
      </trkpt>
      <trkpt lat="40.26565474458038806915283203125" lon="9.4218635000288486480712890625">
        <ele>803.4000244140625</ele>
        <time>2026-09-14T08:12:15.000Z</time>
      </trkpt>
      <trkpt lat="40.26563462801277637481689453125" lon="9.42183324135839939117431640625">
        <ele>799.79998779296875</ele>
        <time>2026-09-14T08:12:22.000Z</time>
      </trkpt>
      <trkpt lat="40.26563546620309352874755859375" lon="9.4218329899013042449951171875">
        <ele>799.79998779296875</ele>
        <time>2026-09-14T08:12:23.000Z</time>
      </trkpt>
      <trkpt lat="40.2656290121376514434814453125" lon="9.42184262908995151519775390625">
        <ele>801.5999755859375</ele>
        <time>2026-09-14T08:12:30.000Z</time>
      </trkpt>
      <trkpt lat="40.2656290121376514434814453125" lon="9.42184262908995151519775390625">
        <ele>801.5999755859375</ele>
        <time>2026-09-14T08:12:39.000Z</time>
      </trkpt>
      <trkpt lat="40.26563898660242557525634765625" lon="9.42187364213168621063232421875">
        <ele>805.79998779296875</ele>
        <time>2026-09-14T08:12:58.000Z</time>
      </trkpt>
      <trkpt lat="40.265639908611774444580078125" lon="9.42187565378844738006591796875">
        <ele>806.20001220703125</ele>
        <time>2026-09-14T08:13:01.000Z</time>
      </trkpt>
      <trkpt lat="40.26564083062112331390380859375" lon="9.42187649197876453399658203125">
        <ele>806.20001220703125</ele>
        <time>2026-09-14T08:13:05.000Z</time>
      </trkpt>
      <trkpt lat="40.26563261635601520538330078125" lon="9.421897195279598236083984375">
        <ele>809.79998779296875</ele>
        <time>2026-09-14T08:13:09.000Z</time>
      </trkpt>
      <trkpt lat="40.2656380645930767059326171875" lon="9.42190448753535747528076171875">
        <ele>810.5999755859375</ele>
        <time>2026-09-14T08:13:14.000Z</time>
      </trkpt>
      <trkpt lat="40.26565407402813434600830078125" lon="9.42189459688961505889892578125">
        <ele>808.20001220703125</ele>
        <time>2026-09-14T08:13:23.000Z</time>
      </trkpt>
      <trkpt lat="40.26552281342446804046630859375" lon="9.4219364225864410400390625">
        <ele>821.4000244140625</ele>
        <time>2026-09-14T08:13:56.000Z</time>
      </trkpt>
      <trkpt lat="40.2654550038278102874755859375" lon="9.42189862020313739776611328125">
        <ele>818.4000244140625</ele>
        <time>2026-09-14T08:14:02.000Z</time>
      </trkpt>
      <trkpt lat="40.26543564163148403167724609375" lon="9.421884119510650634765625">
        <ele>816.4000244140625</ele>
        <time>2026-09-14T08:14:04.000Z</time>
      </trkpt>
      <trkpt lat="40.2654070593416690826416015625" lon="9.42187163047492504119873046875">
        <ele>814.20001220703125</ele>
        <time>2026-09-14T08:14:07.000Z</time>
      </trkpt>
      <trkpt lat="40.2653611265122890472412109375" lon="9.4218862988054752349853515625">
        <ele>814.20001220703125</ele>
        <time>2026-09-14T08:14:13.000Z</time>
      </trkpt>
      <trkpt lat="40.2653078176081180572509765625" lon="9.4218832813203334808349609375">
        <ele>812.20001220703125</ele>
        <time>2026-09-14T08:14:20.000Z</time>
      </trkpt>
      <trkpt lat="40.26523212902247905731201171875" lon="9.42190892994403839111328125">
        <ele>812.20001220703125</ele>
        <time>2026-09-14T08:14:25.000Z</time>
      </trkpt>
      <trkpt lat="40.26521234773099422454833984375" lon="9.4219382666051387786865234375">
        <ele>815</ele>
        <time>2026-09-14T08:14:27.000Z</time>
      </trkpt>
      <trkpt lat="40.2651086635887622833251953125" lon="9.42198864184319972991943359375">
        <ele>824.79998779296875</ele>
        <time>2026-09-14T08:14:34.000Z</time>
      </trkpt>
      <trkpt lat="40.26507697999477386474609375" lon="9.4219471514225006103515625">
        <ele>820.79998779296875</ele>
        <time>2026-09-14T08:14:37.000Z</time>
      </trkpt>
      <trkpt lat="40.26504873298108577728271484375" lon="9.4219087623059749603271484375">
        <ele>817.5999755859375</ele>
        <time>2026-09-14T08:14:40.000Z</time>
      </trkpt>
      <trkpt lat="40.26503331027925014495849609375" lon="9.42190800793468952178955078125">
        <ele>818</ele>
        <time>2026-09-14T08:14:41.000Z</time>
      </trkpt>
      <trkpt lat="40.2649946697056293487548828125" lon="9.42190264351665973663330078125">
        <ele>819</ele>
        <time>2026-09-14T08:14:44.000Z</time>
      </trkpt>
      <trkpt lat="40.26497497223317623138427734375" lon="9.4218933396041393280029296875">
        <ele>818.79998779296875</ele>
        <time>2026-09-14T08:14:45.000Z</time>
      </trkpt>
      <trkpt lat="40.26493616402149200439453125" lon="9.42187448032200336456298828125">
        <ele>818.4000244140625</ele>
        <time>2026-09-14T08:14:50.000Z</time>
      </trkpt>
      <trkpt lat="40.26493540965020656585693359375" lon="9.42187406122684478759765625">
        <ele>818.4000244140625</ele>
        <time>2026-09-14T08:14:51.000Z</time>
      </trkpt>
      <trkpt lat="40.2649021334946155548095703125" lon="9.421879760921001434326171875">
        <ele>819</ele>
        <time>2026-09-14T08:14:53.000Z</time>
      </trkpt>
      <trkpt lat="40.2648642472922801971435546875" lon="9.4218935072422027587890625">
        <ele>819.20001220703125</ele>
        <time>2026-09-14T08:14:57.000Z</time>
      </trkpt>
      <trkpt lat="40.2648287080228328704833984375" lon="9.42188587971031665802001953125">
        <ele>817.79998779296875</ele>
        <time>2026-09-14T08:15:02.000Z</time>
      </trkpt>
      <trkpt lat="40.264818482100963592529296875" lon="9.42185503430664539337158203125">
        <ele>815.4000244140625</ele>
        <time>2026-09-14T08:15:05.000Z</time>
      </trkpt>
      <trkpt lat="40.26479140855371952056884765625" lon="9.42179686389863491058349609375">
        <ele>810.79998779296875</ele>
        <time>2026-09-14T08:15:08.000Z</time>
      </trkpt>
      <trkpt lat="40.264754109084606170654296875" lon="9.42171136848628520965576171875">
        <ele>803.20001220703125</ele>
        <time>2026-09-14T08:15:15.000Z</time>
      </trkpt>
      <trkpt lat="40.26473642326891422271728515625" lon="9.4216847978532314300537109375">
        <ele>800.79998779296875</ele>
        <time>2026-09-14T08:15:17.000Z</time>
      </trkpt>
      <trkpt lat="40.2647153846919536590576171875" lon="9.4216492585837841033935546875">
        <ele>797.4000244140625</ele>
        <time>2026-09-14T08:15:21.000Z</time>
      </trkpt>
      <trkpt lat="40.264712534844875335693359375" lon="9.42165219224989414215087890625">
        <ele>797.5999755859375</ele>
        <time>2026-09-14T08:15:22.000Z</time>
      </trkpt>
      <trkpt lat="40.26471949182450771331787109375" lon="9.4216371886432170867919921875">
        <ele>796.5999755859375</ele>
        <time>2026-09-14T08:15:24.000Z</time>
      </trkpt>
      <trkpt lat="40.26471622288227081298828125" lon="9.4216331653296947479248046875">
        <ele>796.4000244140625</ele>
        <time>2026-09-14T08:15:28.000Z</time>
      </trkpt>
      <trkpt lat="40.26472502388060092926025390625" lon="9.42161095328629016876220703125">
        <ele>795.5999755859375</ele>
        <time>2026-09-14T08:15:35.000Z</time>
      </trkpt>
      <trkpt lat="40.2647338248789310455322265625" lon="9.4216147251427173614501953125">
        <ele>795.5999755859375</ele>
        <time>2026-09-14T08:15:43.000Z</time>
      </trkpt>
      <trkpt lat="40.26473424397408962249755859375" lon="9.42160391248762607574462890625">
        <ele>795.20001220703125</ele>
        <time>2026-09-14T08:15:50.000Z</time>
      </trkpt>
      <trkpt lat="40.2647328190505504608154296875" lon="9.42159636877477169036865234375">
        <ele>795</ele>
        <time>2026-09-14T08:15:54.000Z</time>
      </trkpt>
      <trkpt lat="40.26472921483218669891357421875" lon="9.42159536294639110565185546875">
        <ele>794.79998779296875</ele>
        <time>2026-09-14T08:15:56.000Z</time>
      </trkpt>
      <trkpt lat="40.26472921483218669891357421875" lon="9.42159175872802734375">
        <ele>794.79998779296875</ele>
        <time>2026-09-14T08:15:58.000Z</time>
      </trkpt>
      <trkpt lat="40.26473022066056728363037109375" lon="9.42159586586058139801025390625">
        <ele>794.79998779296875</ele>
        <time>2026-09-14T08:15:59.000Z</time>
      </trkpt>
      <trkpt lat="40.2647276222705841064453125" lon="9.42159502767026424407958984375">
        <ele>794.79998779296875</ele>
        <time>2026-09-14T08:16:07.000Z</time>
      </trkpt>
      <trkpt lat="40.264720916748046875" lon="9.42159779369831085205078125">
        <ele>795</ele>
        <time>2026-09-14T08:16:18.000Z</time>
      </trkpt>
      <trkpt lat="40.26466668583452701568603515625" lon="9.42158396355807781219482421875">
        <ele>794.4000244140625</ele>
        <time>2026-09-14T08:16:21.000Z</time>
      </trkpt>
      <trkpt lat="40.26461186818778514862060546875" lon="9.42159318365156650543212890625">
        <ele>795.79998779296875</ele>
        <time>2026-09-14T08:16:24.000Z</time>
      </trkpt>
      <trkpt lat="40.26459426619112491607666015625" lon="9.42159184254705905914306640625">
        <ele>796</ele>
        <time>2026-09-14T08:16:25.000Z</time>
      </trkpt>
      <trkpt lat="40.264563001692295074462890625" lon="9.4215858913958072662353515625">
        <ele>796.4000244140625</ele>
        <time>2026-09-14T08:16:27.000Z</time>
      </trkpt>
      <trkpt lat="40.2645460702478885650634765625" lon="9.42157004959881305694580078125">
        <ele>796.20001220703125</ele>
        <time>2026-09-14T08:16:29.000Z</time>
      </trkpt>
      <trkpt lat="40.2645346708595752716064453125" lon="9.42156770266592502593994140625">
        <ele>796.4000244140625</ele>
        <time>2026-09-14T08:16:30.000Z</time>
      </trkpt>
      <trkpt lat="40.2645135484635829925537109375" lon="9.42158027552068233489990234375">
        <ele>797.4000244140625</ele>
        <time>2026-09-14T08:16:32.000Z</time>
      </trkpt>
      <trkpt lat="40.26449452154338359832763671875" lon="9.42158572375774383544921875">
        <ele>798</ele>
        <time>2026-09-14T08:16:34.000Z</time>
      </trkpt>
      <trkpt lat="40.26447926647961139678955078125" lon="9.42159201018512248992919921875">
        <ele>798.5999755859375</ele>
        <time>2026-09-14T08:16:36.000Z</time>
      </trkpt>
      <trkpt lat="40.26444221846759319305419921875" lon="9.421576671302318572998046875">
        <ele>798.5999755859375</ele>
        <time>2026-09-14T08:16:40.000Z</time>
      </trkpt>
      <trkpt lat="40.26441439054906368255615234375" lon="9.42158061079680919647216796875">
        <ele>799.4000244140625</ele>
        <time>2026-09-14T08:16:42.000Z</time>
      </trkpt>
      <trkpt lat="40.26437901891767978668212890625" lon="9.4215609133243560791015625">
        <ele>799.4000244140625</ele>
        <time>2026-09-14T08:16:45.000Z</time>
      </trkpt>
      <trkpt lat="40.26436577551066875457763671875" lon="9.4215158186852931976318359375">
        <ele>797.79998779296875</ele>
        <time>2026-09-14T08:16:48.000Z</time>
      </trkpt>
      <trkpt lat="40.26434901170432567596435546875" lon="9.4215003959834575653076171875">
        <ele>797.5999755859375</ele>
        <time>2026-09-14T08:16:50.000Z</time>
      </trkpt>
      <trkpt lat="40.26431313715875148773193359375" lon="9.4214926846325397491455078125">
        <ele>798.4000244140625</ele>
        <time>2026-09-14T08:16:54.000Z</time>
      </trkpt>
      <trkpt lat="40.26430944912135601043701171875" lon="9.42148706875741481781005859375">
        <ele>798.20001220703125</ele>
        <time>2026-09-14T08:16:55.000Z</time>
      </trkpt>
      <trkpt lat="40.26429913938045501708984375" lon="9.4214786030352115631103515625">
        <ele>798.20001220703125</ele>
        <time>2026-09-14T08:16:56.000Z</time>
      </trkpt>
      <trkpt lat="40.264259912073612213134765625" lon="9.4214346818625926971435546875">
        <ele>797.4000244140625</ele>
        <time>2026-09-14T08:17:01.000Z</time>
      </trkpt>
      <trkpt lat="40.26423200033605098724365234375" lon="9.42142210900783538818359375">
        <ele>797.5999755859375</ele>
        <time>2026-09-14T08:17:03.000Z</time>
      </trkpt>
      <trkpt lat="40.26414759457111358642578125" lon="9.42133870907127857208251953125">
        <ele>796.20001220703125</ele>
        <time>2026-09-14T08:17:09.000Z</time>
      </trkpt>
      <trkpt lat="40.2640884183347225189208984375" lon="9.42127735354006290435791015625">
        <ele>794.20001220703125</ele>
        <time>2026-09-14T08:17:15.000Z</time>
      </trkpt>
      <trkpt lat="40.26401725597679615020751953125" lon="9.4212737493216991424560546875">
        <ele>794.79998779296875</ele>
        <time>2026-09-14T08:17:22.000Z</time>
      </trkpt>
      <trkpt lat="40.26399127207696437835693359375" lon="9.42126813344657421112060546875">
        <ele>795.20001220703125</ele>
        <time>2026-09-14T08:17:27.000Z</time>
      </trkpt>
      <trkpt lat="40.26394986547529697418212890625" lon="9.4212589971721172332763671875">
        <ele>795.79998779296875</ele>
        <time>2026-09-14T08:17:34.000Z</time>
      </trkpt>
      <trkpt lat="40.26393025182187557220458984375" lon="9.42127014510333538055419921875">
        <ele>797.4000244140625</ele>
        <time>2026-09-14T08:17:38.000Z</time>
      </trkpt>
      <trkpt lat="40.2639100514352321624755859375" lon="9.42126251757144927978515625">
        <ele>797.5999755859375</ele>
        <time>2026-09-14T08:17:41.000Z</time>
      </trkpt>
      <trkpt lat="40.26389169506728649139404296875" lon="9.4212398864328861236572265625">
        <ele>796.4000244140625</ele>
        <time>2026-09-14T08:17:46.000Z</time>
      </trkpt>
      <trkpt lat="40.26387157849967479705810546875" lon="9.42126075737178325653076171875">
        <ele>798.79998779296875</ele>
        <time>2026-09-14T08:17:48.000Z</time>
      </trkpt>
      <trkpt lat="40.26384693570435047149658203125" lon="9.421272240579128265380859375">
        <ele>800.5999755859375</ele>
        <time>2026-09-14T08:17:51.000Z</time>
      </trkpt>
      <trkpt lat="40.26383109390735626220703125" lon="9.421272575855255126953125">
        <ele>801.20001220703125</ele>
        <time>2026-09-14T08:17:52.000Z</time>
      </trkpt>
      <trkpt lat="40.2638047747313976287841796875" lon="9.42127584479749202728271484375">
        <ele>801.79998779296875</ele>
        <time>2026-09-14T08:17:56.000Z</time>
      </trkpt>
      <trkpt lat="40.2637819759547710418701171875" lon="9.421297721564769744873046875">
        <ele>803.4000244140625</ele>
        <time>2026-09-14T08:17:59.000Z</time>
      </trkpt>
      <trkpt lat="40.2637088857591152191162109375" lon="9.42133233882486820220947265625">
        <ele>804.4000244140625</ele>
        <time>2026-09-14T08:18:05.000Z</time>
      </trkpt>
      <trkpt lat="40.26366655714809894561767578125" lon="9.421335943043231964111328125">
        <ele>803.79998779296875</ele>
        <time>2026-09-14T08:18:08.000Z</time>
      </trkpt>
      <trkpt lat="40.263658426702022552490234375" lon="9.42134709097445011138916015625">
        <ele>804.20001220703125</ele>
        <time>2026-09-14T08:18:10.000Z</time>
      </trkpt>
      <trkpt lat="40.26364677585661411285400390625" lon="9.4213387928903102874755859375">
        <ele>803.4000244140625</ele>
        <time>2026-09-14T08:18:11.000Z</time>
      </trkpt>
      <trkpt lat="40.263592712581157684326171875" lon="9.42132479511201381683349609375">
        <ele>801.4000244140625</ele>
        <time>2026-09-14T08:18:15.000Z</time>
      </trkpt>
      <trkpt lat="40.26356530375778675079345703125" lon="9.42132965661585330963134765625">
        <ele>801.20001220703125</ele>
        <time>2026-09-14T08:18:17.000Z</time>
      </trkpt>
      <trkpt lat="40.2635556645691394805908203125" lon="9.4213102944195270538330078125">
        <ele>799.79998779296875</ele>
        <time>2026-09-14T08:18:19.000Z</time>
      </trkpt>
      <trkpt lat="40.26354988105595111846923828125" lon="9.4213029183447360992431640625">
        <ele>799.20001220703125</ele>
        <time>2026-09-14T08:18:20.000Z</time>
      </trkpt>
      <trkpt lat="40.26350612752139568328857421875" lon="9.42128598690032958984375">
        <ele>798.79998779296875</ele>
        <time>2026-09-14T08:18:23.000Z</time>
      </trkpt>
      <trkpt lat="40.26346690021455287933349609375" lon="9.42130350507795810699462890625">
        <ele>801</ele>
        <time>2026-09-14T08:18:25.000Z</time>
      </trkpt>
      <trkpt lat="40.2634329535067081451416015625" lon="9.4213221967220306396484375">
        <ele>803.5999755859375</ele>
        <time>2026-09-14T08:18:27.000Z</time>
      </trkpt>
      <trkpt lat="40.263416357338428497314453125" lon="9.421366788446903228759765625">
        <ele>807.5999755859375</ele>
        <time>2026-09-14T08:18:33.000Z</time>
      </trkpt>
      <trkpt lat="40.2634272538125514984130859375" lon="9.4213733263313770294189453125">
        <ele>807.79998779296875</ele>
        <time>2026-09-14T08:18:34.000Z</time>
      </trkpt>
      <trkpt lat="40.26344158686697483062744140625" lon="9.42142319865524768829345703125">
        <ele>812.4000244140625</ele>
        <time>2026-09-14T08:18:40.000Z</time>
      </trkpt>
      <trkpt lat="40.26343706063926219940185546875" lon="9.42142806015908718109130859375">
        <ele>813</ele>
        <time>2026-09-14T08:18:41.000Z</time>
      </trkpt>
      <trkpt lat="40.2633876912295818328857421875" lon="9.4214589893817901611328125">
        <ele>818</ele>
        <time>2026-09-14T08:18:46.000Z</time>
      </trkpt>
      <trkpt lat="40.26333496905863285064697265625" lon="9.42141674458980560302734375">
        <ele>815.5999755859375</ele>
        <time>2026-09-14T08:18:53.000Z</time>
      </trkpt>
      <trkpt lat="40.2633172832429409027099609375" lon="9.42139738239347934722900390625">
        <ele>814.20001220703125</ele>
        <time>2026-09-14T08:18:57.000Z</time>
      </trkpt>
      <trkpt lat="40.26329557411372661590576171875" lon="9.4214045070111751556396484375">
        <ele>815.5999755859375</ele>
        <time>2026-09-14T08:18:59.000Z</time>
      </trkpt>
      <trkpt lat="40.2632814086973667144775390625" lon="9.4213937781751155853271484375">
        <ele>815</ele>
        <time>2026-09-14T08:19:01.000Z</time>
      </trkpt>
      <trkpt lat="40.2632428519427776336669921875" lon="9.4213793613016605377197265625">
        <ele>814.79998779296875</ele>
        <time>2026-09-14T08:19:05.000Z</time>
      </trkpt>
      <trkpt lat="40.26320521719753742218017578125" lon="9.42132881842553615570068359375">
        <ele>813.79998779296875</ele>
        <time>2026-09-14T08:19:10.000Z</time>
      </trkpt>
      <trkpt lat="40.26318392716348171234130859375" lon="9.421323873102664947509765625">
        <ele>814.4000244140625</ele>
        <time>2026-09-14T08:19:16.000Z</time>
      </trkpt>
      <trkpt lat="40.2631987631320953369140625" lon="9.42133686505258083343505859375">
        <ele>814.20001220703125</ele>
        <time>2026-09-14T08:19:21.000Z</time>
      </trkpt>
      <trkpt lat="40.2632103301584720611572265625" lon="9.42132311873137950897216796875">
        <ele>813.5999755859375</ele>
        <time>2026-09-14T08:19:22.000Z</time>
      </trkpt>
      <trkpt lat="40.26323296129703521728515625" lon="9.4213424809277057647705078125">
        <ele>813.4000244140625</ele>
        <time>2026-09-14T08:19:26.000Z</time>
      </trkpt>
      <trkpt lat="40.26326942257583141326904296875" lon="9.42138548009097576141357421875">
        <ele>814.5999755859375</ele>
        <time>2026-09-14T08:19:31.000Z</time>
      </trkpt>
      <trkpt lat="40.26326724328100681304931640625" lon="9.4214058481156826019287109375">
        <ele>816.5999755859375</ele>
        <time>2026-09-14T08:19:34.000Z</time>
      </trkpt>
      <trkpt lat="40.26325399987399578094482421875" lon="9.4214199297130107879638671875">
        <ele>818.20001220703125</ele>
        <time>2026-09-14T08:19:36.000Z</time>
      </trkpt>
      <trkpt lat="40.2632525749504566192626953125" lon="9.42142210900783538818359375">
        <ele>818.4000244140625</ele>
        <time>2026-09-14T08:19:37.000Z</time>
      </trkpt>
      <trkpt lat="40.26324612088501453399658203125" lon="9.421428479254245758056640625">
        <ele>819.20001220703125</ele>
        <time>2026-09-14T08:19:42.000Z</time>
      </trkpt>
      <trkpt lat="40.26323254220187664031982421875" lon="9.421386234462261199951171875">
        <ele>815.79998779296875</ele>
        <time>2026-09-14T08:19:48.000Z</time>
      </trkpt>
      <trkpt lat="40.2632121741771697998046875" lon="9.4214021600782871246337890625">
        <ele>817.79998779296875</ele>
        <time>2026-09-14T08:19:53.000Z</time>
      </trkpt>
      <trkpt lat="40.2631888724863529205322265625" lon="9.421435855329036712646484375">
        <ele>821.4000244140625</ele>
        <time>2026-09-14T08:19:59.000Z</time>
      </trkpt>
      <trkpt lat="40.26316800154745578765869140625" lon="9.4214742444455623626708984375">
        <ele>825.5999755859375</ele>
        <time>2026-09-14T08:20:04.000Z</time>
      </trkpt>
      <trkpt lat="40.26314034126698970794677734375" lon="9.42146661691367626190185546875">
        <ele>825.5999755859375</ele>
        <time>2026-09-14T08:20:09.000Z</time>
      </trkpt>
      <trkpt lat="40.26312273927032947540283203125" lon="9.42151690833270549774169921875">
        <ele>830</ele>
        <time>2026-09-14T08:20:11.000Z</time>
      </trkpt>
      <trkpt lat="40.26310061104595661163330078125" lon="9.4215587340295314788818359375">
        <ele>831.79998779296875</ele>
        <time>2026-09-14T08:20:15.000Z</time>
      </trkpt>
      <trkpt lat="40.2630983479321002960205078125" lon="9.4215689599514007568359375">
        <ele>832.4000244140625</ele>
        <time>2026-09-14T08:20:16.000Z</time>
      </trkpt>
      <trkpt lat="40.26305048726499080657958984375" lon="9.4215429760515689849853515625">
        <ele>830.5999755859375</ele>
        <time>2026-09-14T08:20:21.000Z</time>
      </trkpt>
      <trkpt lat="40.26304596103727817535400390625" lon="9.42152403295040130615234375">
        <ele>829.5999755859375</ele>
        <time>2026-09-14T08:20:27.000Z</time>
      </trkpt>
      <trkpt lat="40.26304512284696102142333984375" lon="9.42152730189263820648193359375">
        <ele>829.5999755859375</ele>
        <time>2026-09-14T08:20:35.000Z</time>
      </trkpt>
      <trkpt lat="40.26301377452909946441650390625" lon="9.421535432338714599609375">
        <ele>829.79998779296875</ele>
        <time>2026-09-14T08:20:41.000Z</time>
      </trkpt>
      <trkpt lat="40.2629967592656612396240234375" lon="9.421533755958080291748046875">
        <ele>829.4000244140625</ele>
        <time>2026-09-14T08:20:43.000Z</time>
      </trkpt>
      <trkpt lat="40.2629340626299381256103515625" lon="9.4215394556522369384765625">
        <ele>833.5999755859375</ele>
        <time>2026-09-14T08:20:50.000Z</time>
      </trkpt>
      <trkpt lat="40.262875221669673919677734375" lon="9.421551525592803955078125">
        <ele>838.4000244140625</ele>
        <time>2026-09-14T08:20:55.000Z</time>
      </trkpt>
      <trkpt lat="40.2628693543374538421630859375" lon="9.42154775373637676239013671875">
        <ele>838.5999755859375</ele>
        <time>2026-09-14T08:20:56.000Z</time>
      </trkpt>
      <trkpt lat="40.26282853446900844573974609375" lon="9.421523027122020721435546875">
        <ele>840</ele>
        <time>2026-09-14T08:21:03.000Z</time>
      </trkpt>
      <trkpt lat="40.26276432909071445465087890625" lon="9.4215126335620880126953125">
        <ele>843.5999755859375</ele>
        <time>2026-09-14T08:21:10.000Z</time>
      </trkpt>
      <trkpt lat="40.26275510899722576141357421875" lon="9.42150567658245563507080078125">
        <ele>843.79998779296875</ele>
        <time>2026-09-14T08:21:12.000Z</time>
      </trkpt>
      <trkpt lat="40.26271521113812923431396484375" lon="9.42147633992135524749755859375">
        <ele>845.20001220703125</ele>
        <time>2026-09-14T08:21:17.000Z</time>
      </trkpt>
      <trkpt lat="40.262657292187213897705078125" lon="9.4214363582432270050048828125">
        <ele>846.20001220703125</ele>
        <time>2026-09-14T08:21:25.000Z</time>
      </trkpt>
      <trkpt lat="40.262622423470020294189453125" lon="9.421413727104663848876953125">
        <ele>846.79998779296875</ele>
        <time>2026-09-14T08:21:29.000Z</time>
      </trkpt>
      <trkpt lat="40.2626086771488189697265625" lon="9.42136871628463268280029296875">
        <ele>845.5999755859375</ele>
        <time>2026-09-14T08:21:33.000Z</time>
      </trkpt>
      <trkpt lat="40.26261714287102222442626953125" lon="9.42135446704924106597900390625">
        <ele>845</ele>
        <time>2026-09-14T08:21:34.000Z</time>
      </trkpt>
      <trkpt lat="40.26262409985065460205078125" lon="9.4213411398231983184814453125">
        <ele>844.4000244140625</ele>
        <time>2026-09-14T08:21:35.000Z</time>
      </trkpt>
      <trkpt lat="40.2626309730112552642822265625" lon="9.421312473714351654052734375">
        <ele>843.79998779296875</ele>
        <time>2026-09-14T08:21:37.000Z</time>
      </trkpt>
      <trkpt lat="40.262626111507415771484375" lon="9.42128003574907779693603515625">
        <ele>843.4000244140625</ele>
        <time>2026-09-14T08:21:39.000Z</time>
      </trkpt>
      <trkpt lat="40.262621752917766571044921875" lon="9.42121381871402263641357421875">
        <ele>842.4000244140625</ele>
        <time>2026-09-14T08:21:43.000Z</time>
      </trkpt>
      <trkpt lat="40.262626111507415771484375" lon="9.4211808778345584869384765625">
        <ele>841.5999755859375</ele>
        <time>2026-09-14T08:21:46.000Z</time>
      </trkpt>
      <trkpt lat="40.26257053948938846588134765625" lon="9.42114525474607944488525390625">
        <ele>843.5999755859375</ele>
        <time>2026-09-14T08:21:51.000Z</time>
      </trkpt>
      <trkpt lat="40.26255126111209392547607421875" lon="9.4211201928555965423583984375">
        <ele>844</ele>
        <time>2026-09-14T08:21:54.000Z</time>
      </trkpt>
      <trkpt lat="40.262543298304080963134765625" lon="9.42110686562955379486083984375">
        <ele>844.20001220703125</ele>
        <time>2026-09-14T08:21:57.000Z</time>
      </trkpt>
      <trkpt lat="40.26253785006701946258544921875" lon="9.42114374600350856781005859375">
        <ele>845.20001220703125</ele>
        <time>2026-09-14T08:22:03.000Z</time>
      </trkpt>
      <trkpt lat="40.262541957199573516845703125" lon="9.42117894999682903289794921875">
        <ele>845.5999755859375</ele>
        <time>2026-09-14T08:22:07.000Z</time>
      </trkpt>
      <trkpt lat="40.262547992169857025146484375" lon="9.4211952947080135345458984375">
        <ele>845.5999755859375</ele>
        <time>2026-09-14T08:22:09.000Z</time>
      </trkpt>
      <trkpt lat="40.26254321448504924774169921875" lon="9.42122069187462329864501953125">
        <ele>846.20001220703125</ele>
        <time>2026-09-14T08:22:15.000Z</time>
      </trkpt>
      <trkpt lat="40.26253382675349712371826171875" lon="9.4212697260081768035888671875">
        <ele>847.20001220703125</ele>
        <time>2026-09-14T08:22:22.000Z</time>
      </trkpt>
      <trkpt lat="40.262525193393230438232421875" lon="9.4213102944195270538330078125">
        <ele>848.20001220703125</ele>
        <time>2026-09-14T08:22:27.000Z</time>
      </trkpt>
      <trkpt lat="40.2624982036650180816650390625" lon="9.4213555566966533660888671875">
        <ele>850</ele>
        <time>2026-09-14T08:22:33.000Z</time>
      </trkpt>
      <trkpt lat="40.26249862276017665863037109375" lon="9.42140626721084117889404296875">
        <ele>851.79998779296875</ele>
        <time>2026-09-14T08:22:39.000Z</time>
      </trkpt>
      <trkpt lat="40.26247431524097919464111328125" lon="9.42143308930099010467529296875">
        <ele>853.4000244140625</ele>
        <time>2026-09-14T08:22:45.000Z</time>
      </trkpt>
      <trkpt lat="40.26247113011777400970458984375" lon="9.4214643537998199462890625">
        <ele>854</ele>
        <time>2026-09-14T08:22:50.000Z</time>
      </trkpt>
      <trkpt lat="40.2624633349478244781494140625" lon="9.42150601185858249664306640625">
        <ele>854.79998779296875</ele>
        <time>2026-09-14T08:22:56.000Z</time>
      </trkpt>
      <trkpt lat="40.2624656818807125091552734375" lon="9.42153551615774631500244140625">
        <ele>855.4000244140625</ele>
        <time>2026-09-14T08:22:59.000Z</time>
      </trkpt>
      <trkpt lat="40.26247565634548664093017578125" lon="9.4215624220669269561767578125">
        <ele>855.5999755859375</ele>
        <time>2026-09-14T08:23:02.000Z</time>
      </trkpt>
      <trkpt lat="40.2624160610139369964599609375" lon="9.421575330197811126708984375">
        <ele>857.4000244140625</ele>
        <time>2026-09-14T08:23:07.000Z</time>
      </trkpt>
      <trkpt lat="40.26241622865200042724609375" lon="9.42160391248762607574462890625">
        <ele>858</ele>
        <time>2026-09-14T08:23:11.000Z</time>
      </trkpt>
      <trkpt lat="40.2624046616256237030029296875" lon="9.4216402061283588409423828125">
        <ele>858.79998779296875</ele>
        <time>2026-09-14T08:23:18.000Z</time>
      </trkpt>
      <trkpt lat="40.262417905032634735107421875" lon="9.4216693751513957977294921875">
        <ele>859.20001220703125</ele>
        <time>2026-09-14T08:23:23.000Z</time>
      </trkpt>
      <trkpt lat="40.26242368854582309722900390625" lon="9.42169460467994213104248046875">
        <ele>860</ele>
        <time>2026-09-14T08:23:27.000Z</time>
      </trkpt>
      <trkpt lat="40.2624294720590114593505859375" lon="9.4216881506145000457763671875">
        <ele>859.5999755859375</ele>
        <time>2026-09-14T08:23:29.000Z</time>
      </trkpt>
      <trkpt lat="40.26240675710141658782958984375" lon="9.42167465575039386749267578125">
        <ele>859.79998779296875</ele>
        <time>2026-09-14T08:23:32.000Z</time>
      </trkpt>
      <trkpt lat="40.26236367411911487579345703125" lon="9.42161983810365200042724609375">
        <ele>859.79998779296875</ele>
        <time>2026-09-14T08:23:39.000Z</time>
      </trkpt>
      <trkpt lat="40.26233031414449214935302734375" lon="9.4216011464595794677734375">
        <ele>860.5999755859375</ele>
        <time>2026-09-14T08:23:44.000Z</time>
      </trkpt>
      <trkpt lat="40.262304581701755523681640625" lon="9.42160408012568950653076171875">
        <ele>861.4000244140625</ele>
        <time>2026-09-14T08:23:47.000Z</time>
      </trkpt>
      <trkpt lat="40.26229930110275745391845703125" lon="9.4216036610305309295654296875">
        <ele>861.5999755859375</ele>
        <time>2026-09-14T08:23:48.000Z</time>
      </trkpt>
      <trkpt lat="40.26227683760225772857666015625" lon="9.4215956144034862518310546875">
        <ele>862.20001220703125</ele>
        <time>2026-09-14T08:23:51.000Z</time>
      </trkpt>
      <trkpt lat="40.26223207823932170867919921875" lon="9.4215976260602474212646484375">
        <ele>863.4000244140625</ele>
        <time>2026-09-14T08:23:55.000Z</time>
      </trkpt>
      <trkpt lat="40.26222042739391326904296875" lon="9.42158312536776065826416015625">
        <ele>863.79998779296875</ele>
        <time>2026-09-14T08:23:57.000Z</time>
      </trkpt>
      <trkpt lat="40.26221506297588348388671875" lon="9.4215734861791133880615234375">
        <ele>863.79998779296875</ele>
        <time>2026-09-14T08:23:58.000Z</time>
      </trkpt>
      <trkpt lat="40.26219402439892292022705078125" lon="9.42156200297176837921142578125">
        <ele>864.4000244140625</ele>
        <time>2026-09-14T08:24:02.000Z</time>
      </trkpt>
      <trkpt lat="40.26218513958156108856201171875" lon="9.421556554734706878662109375">
        <ele>864.5999755859375</ele>
        <time>2026-09-14T08:24:03.000Z</time>
      </trkpt>
      <trkpt lat="40.262170471251010894775390625" lon="9.42155261524021625518798828125">
        <ele>865</ele>
        <time>2026-09-14T08:24:04.000Z</time>
      </trkpt>
      <trkpt lat="40.26212562806904315948486328125" lon="9.42152914591133594512939453125">
        <ele>867.5999755859375</ele>
        <time>2026-09-14T08:24:11.000Z</time>
      </trkpt>
      <trkpt lat="40.2621143124997615814208984375" lon="9.42149058915674686431884765625">
        <ele>868.4000244140625</ele>
        <time>2026-09-14T08:24:14.000Z</time>
      </trkpt>
      <trkpt lat="40.26209838688373565673828125" lon="9.42146946676075458526611328125">
        <ele>869.5999755859375</ele>
        <time>2026-09-14T08:24:16.000Z</time>
      </trkpt>
      <trkpt lat="40.262106768786907196044921875" lon="9.42140257917344570159912109375">
        <ele>868.4000244140625</ele>
        <time>2026-09-14T08:24:23.000Z</time>
      </trkpt>
      <trkpt lat="40.262112803757190704345703125" lon="9.42136670462787151336669921875">
        <ele>867.5999755859375</ele>
        <time>2026-09-14T08:24:28.000Z</time>
      </trkpt>
      <trkpt lat="40.26211313903331756591796875" lon="9.4213143177330493927001953125">
        <ele>867.4000244140625</ele>
        <time>2026-09-14T08:24:34.000Z</time>
      </trkpt>
      <trkpt lat="40.26207952760159969329833984375" lon="9.42123569548130035400390625">
        <ele>869.4000244140625</ele>
        <time>2026-09-14T08:24:40.000Z</time>
      </trkpt>
      <trkpt lat="40.26207215152680873870849609375" lon="9.42115011624991893768310546875">
        <ele>869.20001220703125</ele>
        <time>2026-09-14T08:24:47.000Z</time>
      </trkpt>
      <trkpt lat="40.26205706410109996795654296875" lon="9.421138465404510498046875">
        <ele>870.4000244140625</ele>
        <time>2026-09-14T08:24:48.000Z</time>
      </trkpt>
      <trkpt lat="40.26208220981061458587646484375" lon="9.4210893474519252777099609375">
        <ele>867.5999755859375</ele>
        <time>2026-09-14T08:24:52.000Z</time>
      </trkpt>
      <trkpt lat="40.2620908431708812713623046875" lon="9.4210269860923290252685546875">
        <ele>867.4000244140625</ele>
        <time>2026-09-14T08:25:00.000Z</time>
      </trkpt>
      <trkpt lat="40.2620749175548553466796875" lon="9.420962445437908172607421875">
        <ele>868.79998779296875</ele>
        <time>2026-09-14T08:25:07.000Z</time>
      </trkpt>
      <trkpt lat="40.2620754204690456390380859375" lon="9.420941658318042755126953125">
        <ele>868.79998779296875</ele>
        <time>2026-09-14T08:25:09.000Z</time>
      </trkpt>
      <trkpt lat="40.26208631694316864013671875" lon="9.42086211405694484710693359375">
        <ele>867.79998779296875</ele>
        <time>2026-09-14T08:25:15.000Z</time>
      </trkpt>
      <trkpt lat="40.2620817907154560089111328125" lon="9.420853145420551300048828125">
        <ele>868.20001220703125</ele>
        <time>2026-09-14T08:25:17.000Z</time>
      </trkpt>
      <trkpt lat="40.26206561364233493804931640625" lon="9.42085708491504192352294921875">
        <ele>869.79998779296875</ele>
        <time>2026-09-14T08:25:20.000Z</time>
      </trkpt>
      <trkpt lat="40.2620589919388294219970703125" lon="9.42086747847497463226318359375">
        <ele>870.4000244140625</ele>
        <time>2026-09-14T08:25:21.000Z</time>
      </trkpt>
      <trkpt lat="40.26205278933048248291015625" lon="9.42087636329233646392822265625">
        <ele>871</ele>
        <time>2026-09-14T08:25:22.000Z</time>
      </trkpt>
      <trkpt lat="40.26201113127171993255615234375" lon="9.420917518436908721923828125">
        <ele>875</ele>
        <time>2026-09-14T08:25:28.000Z</time>
      </trkpt>
      <trkpt lat="40.26200073771178722381591796875" lon="9.42097644321620464324951171875">
        <ele>875.79998779296875</ele>
        <time>2026-09-14T08:25:34.000Z</time>
      </trkpt>
      <trkpt lat="40.261957235634326934814453125" lon="9.42104257643222808837890625">
        <ele>879.20001220703125</ele>
        <time>2026-09-14T08:25:41.000Z</time>
      </trkpt>
      <trkpt lat="40.2619379572570323944091796875" lon="9.42107987590134143829345703125">
        <ele>880.79998779296875</ele>
        <time>2026-09-14T08:25:45.000Z</time>
      </trkpt>
      <trkpt lat="40.26191742159426212310791015625" lon="9.4211268983781337738037109375">
        <ele>882.79998779296875</ele>
        <time>2026-09-14T08:25:49.000Z</time>
      </trkpt>
      <trkpt lat="40.2619144879281520843505859375" lon="9.4211612641811370849609375">
        <ele>883.20001220703125</ele>
        <time>2026-09-14T08:25:53.000Z</time>
      </trkpt>
      <trkpt lat="40.2619295753538608551025390625" lon="9.4212103821337223052978515625">
        <ele>882.20001220703125</ele>
        <time>2026-09-14T08:25:58.000Z</time>
      </trkpt>
      <trkpt lat="40.26191507466137409210205078125" lon="9.4212328456342220306396484375">
        <ele>883.4000244140625</ele>
        <time>2026-09-14T08:26:00.000Z</time>
      </trkpt>
      <trkpt lat="40.2618970535695552825927734375" lon="9.4212727434933185577392578125">
        <ele>885.20001220703125</ele>
        <time>2026-09-14T08:26:04.000Z</time>
      </trkpt>
      <trkpt lat="40.2618665434420108795166015625" lon="9.42130945622920989990234375">
        <ele>887.4000244140625</ele>
        <time>2026-09-14T08:26:09.000Z</time>
      </trkpt>
      <trkpt lat="40.2618350274860858917236328125" lon="9.42133619450032711029052734375">
        <ele>889.20001220703125</ele>
        <time>2026-09-14T08:26:16.000Z</time>
      </trkpt>
      <trkpt lat="40.2618055231869220733642578125" lon="9.4213837198913097381591796875">
        <ele>890.20001220703125</ele>
        <time>2026-09-14T08:26:22.000Z</time>
      </trkpt>
      <trkpt lat="40.2617911063134670257568359375" lon="9.4214447401463985443115234375">
        <ele>890.5999755859375</ele>
        <time>2026-09-14T08:26:27.000Z</time>
      </trkpt>
      <trkpt lat="40.26177945546805858612060546875" lon="9.421463347971439361572265625">
        <ele>891</ele>
        <time>2026-09-14T08:26:28.000Z</time>
      </trkpt>
      <trkpt lat="40.261776186525821685791015625" lon="9.42147902213037014007568359375">
        <ele>891</ele>
        <time>2026-09-14T08:26:29.000Z</time>
      </trkpt>
      <trkpt lat="40.26176185347139835357666015625" lon="9.42150869406759738922119140625">
        <ele>891.4000244140625</ele>
        <time>2026-09-14T08:26:32.000Z</time>
      </trkpt>
      <trkpt lat="40.2617569081485271453857421875" lon="9.42152663134038448333740234375">
        <ele>891.5999755859375</ele>
        <time>2026-09-14T08:26:34.000Z</time>
      </trkpt>
      <trkpt lat="40.26175498031079769134521484375" lon="9.42155580036342144012451171875">
        <ele>892</ele>
        <time>2026-09-14T08:26:39.000Z</time>
      </trkpt>
      <trkpt lat="40.26173888705670833587646484375" lon="9.42159418947994709014892578125">
        <ele>893.20001220703125</ele>
        <time>2026-09-14T08:26:43.000Z</time>
      </trkpt>
      <trkpt lat="40.26172178797423839569091796875" lon="9.42162117920815944671630859375">
        <ele>894.4000244140625</ele>
        <time>2026-09-14T08:26:45.000Z</time>
      </trkpt>
      <trkpt lat="40.26170686818659305572509765625" lon="9.42167348228394985198974609375">
        <ele>896</ele>
        <time>2026-09-14T08:26:50.000Z</time>
      </trkpt>
      <trkpt lat="40.26169630698859691619873046875" lon="9.42172192968428134918212890625">
        <ele>897.20001220703125</ele>
        <time>2026-09-14T08:26:55.000Z</time>
      </trkpt>
      <trkpt lat="40.26167267002165317535400390625" lon="9.4217223487794399261474609375">
        <ele>898.5999755859375</ele>
        <time>2026-09-14T08:26:57.000Z</time>
      </trkpt>
      <trkpt lat="40.26164970360696315765380859375" lon="9.42174036987125873565673828125">
        <ele>900.4000244140625</ele>
        <time>2026-09-14T08:27:03.000Z</time>
      </trkpt>
      <trkpt lat="40.2616445906460285186767578125" lon="9.4217723049223423004150390625">
        <ele>901.20001220703125</ele>
        <time>2026-09-14T08:27:09.000Z</time>
      </trkpt>
      <trkpt lat="40.2615872584283351898193359375" lon="9.42173752002418041229248046875">
        <ele>904.20001220703125</ele>
        <time>2026-09-14T08:27:14.000Z</time>
      </trkpt>
      <trkpt lat="40.2615787088871002197265625" lon="9.4217230193316936492919921875">
        <ele>904.5999755859375</ele>
        <time>2026-09-14T08:27:15.000Z</time>
      </trkpt>
      <trkpt lat="40.26158147491514682769775390625" lon="9.42170080728828907012939453125">
        <ele>904.20001220703125</ele>
        <time>2026-09-14T08:27:16.000Z</time>
      </trkpt>
      <trkpt lat="40.26158197782933712005615234375" lon="9.42165655083954334259033203125">
        <ele>903.4000244140625</ele>
        <time>2026-09-14T08:27:18.000Z</time>
      </trkpt>
      <trkpt lat="40.26154677383601665496826171875" lon="9.4216199219226837158203125">
        <ele>905.4000244140625</ele>
        <time>2026-09-14T08:27:22.000Z</time>
      </trkpt>
      <trkpt lat="40.2615438401699066162109375" lon="9.421612210571765899658203125">
        <ele>905.5999755859375</ele>
        <time>2026-09-14T08:27:23.000Z</time>
      </trkpt>
      <trkpt lat="40.261522047221660614013671875" lon="9.4215845502912998199462890625">
        <ele>907</ele>
        <time>2026-09-14T08:27:27.000Z</time>
      </trkpt>
      <trkpt lat="40.261509306728839874267578125" lon="9.42155177704989910125732421875">
        <ele>907.5999755859375</ele>
        <time>2026-09-14T08:27:31.000Z</time>
      </trkpt>
      <trkpt lat="40.2614779584109783172607421875" lon="9.4215037487447261810302734375">
        <ele>909.4000244140625</ele>
        <time>2026-09-14T08:27:37.000Z</time>
      </trkpt>
      <trkpt lat="40.2614689059555530548095703125" lon="9.421488158404827117919921875">
        <ele>909.79998779296875</ele>
        <time>2026-09-14T08:27:38.000Z</time>
      </trkpt>
      <trkpt lat="40.26145725511014461517333984375" lon="9.42147307097911834716796875">
        <ele>910.5999755859375</ele>
        <time>2026-09-14T08:27:39.000Z</time>
      </trkpt>
      <trkpt lat="40.2614343725144863128662109375" lon="9.42144063301384449005126953125">
        <ele>911.79998779296875</ele>
        <time>2026-09-14T08:27:42.000Z</time>
      </trkpt>
      <trkpt lat="40.2614370547235012054443359375" lon="9.4214293174445629119873046875">
        <ele>911.5999755859375</ele>
        <time>2026-09-14T08:27:43.000Z</time>
      </trkpt>
      <trkpt lat="40.2614330314099788665771484375" lon="9.4214199297130107879638671875">
        <ele>911.79998779296875</ele>
        <time>2026-09-14T08:27:44.000Z</time>
      </trkpt>
      <trkpt lat="40.26144166477024555206298828125" lon="9.421373493969440460205078125">
        <ele>911</ele>
        <time>2026-09-14T08:27:48.000Z</time>
      </trkpt>
      <trkpt lat="40.26144367642700672149658203125" lon="9.42135396413505077362060546875">
        <ele>910.5999755859375</ele>
        <time>2026-09-14T08:27:49.000Z</time>
      </trkpt>
      <trkpt lat="40.2614256553351879119873046875" lon="9.42133015953004360198974609375">
        <ele>911.5999755859375</ele>
        <time>2026-09-14T08:27:51.000Z</time>
      </trkpt>
      <trkpt lat="40.26139564812183380126953125" lon="9.4212948717176914215087890625">
        <ele>913.4000244140625</ele>
        <time>2026-09-14T08:27:54.000Z</time>
      </trkpt>
      <trkpt lat="40.26142724789679050445556640625" lon="9.42118749953806400299072265625">
        <ele>910.5999755859375</ele>
        <time>2026-09-14T08:28:01.000Z</time>
      </trkpt>
      <trkpt lat="40.261471755802631378173828125" lon="9.421126060187816619873046875">
        <ele>908.5999755859375</ele>
        <time>2026-09-14T08:28:06.000Z</time>
      </trkpt>
      <trkpt lat="40.26146999560296535491943359375" lon="9.4211104698479175567626953125">
        <ele>908.79998779296875</ele>
        <time>2026-09-14T08:28:07.000Z</time>
      </trkpt>
      <trkpt lat="40.26146228425204753875732421875" lon="9.42106403410434722900390625">
        <ele>909.79998779296875</ele>
        <time>2026-09-14T08:28:11.000Z</time>
      </trkpt>
      <trkpt lat="40.26147536002099514007568359375" lon="9.42103310488164424896240234375">
        <ele>909.4000244140625</ele>
        <time>2026-09-14T08:28:14.000Z</time>
      </trkpt>
      <trkpt lat="40.26147753931581974029541015625" lon="9.42102287895977497100830078125">
        <ele>909.4000244140625</ele>
        <time>2026-09-14T08:28:15.000Z</time>
      </trkpt>
      <trkpt lat="40.26149463839828968048095703125" lon="9.42097275517880916595458984375">
        <ele>909</ele>
        <time>2026-09-14T08:28:21.000Z</time>
      </trkpt>
      <trkpt lat="40.26150955818593502044677734375" lon="9.42085683345794677734375">
        <ele>909.4000244140625</ele>
        <time>2026-09-14T08:28:30.000Z</time>
      </trkpt>
      <trkpt lat="40.26150218211114406585693359375" lon="9.4208420813083648681640625">
        <ele>910</ele>
        <time>2026-09-14T08:28:31.000Z</time>
      </trkpt>
      <trkpt lat="40.2614729292690753936767578125" lon="9.4207943044602870941162109375">
        <ele>911.79998779296875</ele>
        <time>2026-09-14T08:28:37.000Z</time>
      </trkpt>
      <trkpt lat="40.26143361814320087432861328125" lon="9.42076706327497959136962890625">
        <ele>914</ele>
        <time>2026-09-14T08:28:41.000Z</time>
      </trkpt>
      <trkpt lat="40.26140009053051471710205078125" lon="9.420730769634246826171875">
        <ele>915.79998779296875</ele>
        <time>2026-09-14T08:28:44.000Z</time>
      </trkpt>
      <trkpt lat="40.2613850869238376617431640625" lon="9.4207198731601238250732421875">
        <ele>916.5999755859375</ele>
        <time>2026-09-14T08:28:45.000Z</time>
      </trkpt>
      <trkpt lat="40.2613413333892822265625" lon="9.4206668995320796966552734375">
        <ele>919</ele>
        <time>2026-09-14T08:28:51.000Z</time>
      </trkpt>
      <trkpt lat="40.2613361366093158721923828125" lon="9.42065809853374958038330078125">
        <ele>919.20001220703125</ele>
        <time>2026-09-14T08:28:52.000Z</time>
      </trkpt>
      <trkpt lat="40.26133554987609386444091796875" lon="9.42063664086163043975830078125">
        <ele>919.4000244140625</ele>
        <time>2026-09-14T08:28:54.000Z</time>
      </trkpt>
      <trkpt lat="40.2613280899822711944580078125" lon="9.42060948349535465240478515625">
        <ele>919.79998779296875</ele>
        <time>2026-09-14T08:28:56.000Z</time>
      </trkpt>
      <trkpt lat="40.26132524013519287109375" lon="9.420599006116390228271484375">
        <ele>919.79998779296875</ele>
        <time>2026-09-14T08:28:57.000Z</time>
      </trkpt>
      <trkpt lat="40.26132456958293914794921875" lon="9.4206189550459384918212890625">
        <ele>919.79998779296875</ele>
        <time>2026-09-14T08:29:02.000Z</time>
      </trkpt>
      <trkpt lat="40.2613230608403682708740234375" lon="9.42063697613775730133056640625">
        <ele>920</ele>
        <time>2026-09-14T08:29:03.000Z</time>
      </trkpt>
      <trkpt lat="40.26130168698728084564208984375" lon="9.42068944685161113739013671875">
        <ele>921</ele>
        <time>2026-09-14T08:29:07.000Z</time>
      </trkpt>
      <trkpt lat="40.26128995232284069061279296875" lon="9.42074946127831935882568359375">
        <ele>921.5999755859375</ele>
        <time>2026-09-14T08:29:13.000Z</time>
      </trkpt>
      <trkpt lat="40.261285342276096343994140625" lon="9.420785419642925262451171875">
        <ele>921.79998779296875</ele>
        <time>2026-09-14T08:29:17.000Z</time>
      </trkpt>
      <trkpt lat="40.26129104197025299072265625" lon="9.4208355434238910675048828125">
        <ele>921.4000244140625</ele>
        <time>2026-09-14T08:29:22.000Z</time>
      </trkpt>
      <trkpt lat="40.2612917125225067138671875" lon="9.4208486191928386688232421875">
        <ele>921.20001220703125</ele>
        <time>2026-09-14T08:29:23.000Z</time>
      </trkpt>
      <trkpt lat="40.2612684108316898345947265625" lon="9.42092028446495532989501953125">
        <ele>921.5999755859375</ele>
        <time>2026-09-14T08:29:31.000Z</time>
      </trkpt>
      <trkpt lat="40.26126128621399402618408203125" lon="9.420944340527057647705078125">
        <ele>921.5999755859375</ele>
        <time>2026-09-14T08:29:33.000Z</time>
      </trkpt>
      <trkpt lat="40.26124904863536357879638671875" lon="9.42096387036144733428955078125">
        <ele>922</ele>
        <time>2026-09-14T08:29:35.000Z</time>
      </trkpt>
      <trkpt lat="40.26123194955289363861083984375" lon="9.42102505825459957122802734375">
        <ele>922.5999755859375</ele>
        <time>2026-09-14T08:29:40.000Z</time>
      </trkpt>
      <trkpt lat="40.2612327039241790771484375" lon="9.42103327251970767974853515625">
        <ele>922.5999755859375</ele>
        <time>2026-09-14T08:29:41.000Z</time>
      </trkpt>
      <trkpt lat="40.2612090669572353363037109375" lon="9.42105724476277828216552734375">
        <ele>924.20001220703125</ele>
        <time>2026-09-14T08:29:46.000Z</time>
      </trkpt>
      <trkpt lat="40.2611644752323627471923828125" lon="9.421129412949085235595703125">
        <ele>927.5999755859375</ele>
        <time>2026-09-14T08:29:53.000Z</time>
      </trkpt>
      <trkpt lat="40.261124074459075927734375" lon="9.421215914189815521240234375">
        <ele>930.4000244140625</ele>
        <time>2026-09-14T08:30:00.000Z</time>
      </trkpt>
      <trkpt lat="40.2611205540597438812255859375" lon="9.42130199633538722991943359375">
        <ele>930.5999755859375</ele>
        <time>2026-09-14T08:30:07.000Z</time>
      </trkpt>
      <trkpt lat="40.26110253296792507171630859375" lon="9.421324543654918670654296875">
        <ele>931.5999755859375</ele>
        <time>2026-09-14T08:30:09.000Z</time>
      </trkpt>
      <trkpt lat="40.26106950826942920684814453125" lon="9.4213166646659374237060546875">
        <ele>933.5999755859375</ele>
        <time>2026-09-14T08:30:12.000Z</time>
      </trkpt>
      <trkpt lat="40.26106716133654117584228515625" lon="9.4213020801544189453125">
        <ele>933.79998779296875</ele>
        <time>2026-09-14T08:30:13.000Z</time>
      </trkpt>
      <trkpt lat="40.2610878646373748779296875" lon="9.42120510153472423553466796875">
        <ele>932.5999755859375</ele>
        <time>2026-09-14T08:30:18.000Z</time>
      </trkpt>
      <trkpt lat="40.2610752917826175689697265625" lon="9.421180374920368194580078125">
        <ele>933.20001220703125</ele>
        <time>2026-09-14T08:30:20.000Z</time>
      </trkpt>
      <trkpt lat="40.26107311248779296875" lon="9.42117140628397464752197265625">
        <ele>933.4000244140625</ele>
        <time>2026-09-14T08:30:21.000Z</time>
      </trkpt>
      <trkpt lat="40.2610420994460582733154296875" lon="9.421118684113025665283203125">
        <ele>935.20001220703125</ele>
        <time>2026-09-14T08:30:28.000Z</time>
      </trkpt>
      <trkpt lat="40.261000692844390869140625" lon="9.42104517482221126556396484375">
        <ele>936.79998779296875</ele>
        <time>2026-09-14T08:30:37.000Z</time>
      </trkpt>
      <trkpt lat="40.260990299284458160400390625" lon="9.42096034996211528778076171875">
        <ele>936.79998779296875</ele>
        <time>2026-09-14T08:30:44.000Z</time>
      </trkpt>
      <trkpt lat="40.2609752118587493896484375" lon="9.42095029167830944061279296875">
        <ele>937.5999755859375</ele>
        <time>2026-09-14T08:30:45.000Z</time>
      </trkpt>
      <trkpt lat="40.26093204505741596221923828125" lon="9.42090553231537342071533203125">
        <ele>939.20001220703125</ele>
        <time>2026-09-14T08:30:50.000Z</time>
      </trkpt>
      <trkpt lat="40.2609136886894702911376953125" lon="9.42088491283357143402099609375">
        <ele>940</ele>
        <time>2026-09-14T08:30:53.000Z</time>
      </trkpt>
      <trkpt lat="40.26089969091117382049560546875" lon="9.42088164389133453369140625">
        <ele>940.5999755859375</ele>
        <time>2026-09-14T08:30:54.000Z</time>
      </trkpt>
      <trkpt lat="40.26085359044373035430908203125" lon="9.4208528101444244384765625">
        <ele>942.4000244140625</ele>
        <time>2026-09-14T08:30:59.000Z</time>
      </trkpt>
      <trkpt lat="40.2608131058514118194580078125" lon="9.42084501497447490692138671875">
        <ele>944.20001220703125</ele>
        <time>2026-09-14T08:31:05.000Z</time>
      </trkpt>
      <trkpt lat="40.26075954549014568328857421875" lon="9.42086286842823028564453125">
        <ele>947</ele>
        <time>2026-09-14T08:31:13.000Z</time>
      </trkpt>
      <trkpt lat="40.260712020099163055419921875" lon="9.42084300331771373748779296875">
        <ele>947.5999755859375</ele>
        <time>2026-09-14T08:31:20.000Z</time>
      </trkpt>
      <trkpt lat="40.26070053689181804656982421875" lon="9.42083059810101985931396484375">
        <ele>947.79998779296875</ele>
        <time>2026-09-14T08:31:21.000Z</time>
      </trkpt>
      <trkpt lat="40.2606846950948238372802734375" lon="9.4208325259387493133544921875">
        <ele>948</ele>
        <time>2026-09-14T08:31:23.000Z</time>
      </trkpt>
      <trkpt lat="40.260683856904506683349609375" lon="9.42083059810101985931396484375">
        <ele>948</ele>
        <time>2026-09-14T08:31:24.000Z</time>
      </trkpt>
      <trkpt lat="40.26068645529448986053466796875" lon="9.4208241440355777740478515625">
        <ele>948</ele>
        <time>2026-09-14T08:31:26.000Z</time>
      </trkpt>
      <trkpt lat="40.2606669254601001739501953125" lon="9.42084317095577716827392578125">
        <ele>948.5999755859375</ele>
        <time>2026-09-14T08:31:32.000Z</time>
      </trkpt>
      <trkpt lat="40.26066206395626068115234375" lon="9.42089413292706012725830078125">
        <ele>949.4000244140625</ele>
        <time>2026-09-14T08:31:38.000Z</time>
      </trkpt>
      <trkpt lat="40.26066332124173641204833984375" lon="9.4209012575447559356689453125">
        <ele>949.5999755859375</ele>
        <time>2026-09-14T08:31:39.000Z</time>
      </trkpt>
      <trkpt lat="40.2606937475502490997314453125" lon="9.42095129750669002532958984375">
        <ele>949.5999755859375</ele>
        <time>2026-09-14T08:31:46.000Z</time>
      </trkpt>
      <trkpt lat="40.26070355437695980072021484375" lon="9.42100309766829013824462890625">
        <ele>950.20001220703125</ele>
        <time>2026-09-14T08:31:53.000Z</time>
      </trkpt>
      <trkpt lat="40.2607069909572601318359375" lon="9.42105171270668506622314453125">
        <ele>951</ele>
        <time>2026-09-14T08:31:57.000Z</time>
      </trkpt>
      <trkpt lat="40.2607017941772937774658203125" lon="9.42108012735843658447265625">
        <ele>951.79998779296875</ele>
        <time>2026-09-14T08:32:00.000Z</time>
      </trkpt>
      <trkpt lat="40.260668098926544189453125" lon="9.42109756171703338623046875">
        <ele>953.20001220703125</ele>
        <time>2026-09-14T08:32:06.000Z</time>
      </trkpt>
      <trkpt lat="40.2606404386460781097412109375" lon="9.4211154989898204803466796875">
        <ele>954</ele>
        <time>2026-09-14T08:32:12.000Z</time>
      </trkpt>
      <trkpt lat="40.2606139518320560455322265625" lon="9.42113486118614673614501953125">
        <ele>955</ele>
        <time>2026-09-14T08:32:15.000Z</time>
      </trkpt>
      <trkpt lat="40.26057916693389415740966796875" lon="9.4211503677070140838623046875">
        <ele>956</ele>
        <time>2026-09-14T08:32:19.000Z</time>
      </trkpt>
      <trkpt lat="40.2605505846440792083740234375" lon="9.42117710597813129425048828125">
        <ele>957.4000244140625</ele>
        <time>2026-09-14T08:32:22.000Z</time>
      </trkpt>
      <trkpt lat="40.260531641542911529541015625" lon="9.4211855717003345489501953125">
        <ele>958.4000244140625</ele>
        <time>2026-09-14T08:32:29.000Z</time>
      </trkpt>
      <trkpt lat="40.26048839092254638671875" lon="9.4212247990071773529052734375">
        <ele>961</ele>
        <time>2026-09-14T08:32:34.000Z</time>
      </trkpt>
      <trkpt lat="40.2604657597839832305908203125" lon="9.42124131135642528533935546875">
        <ele>961.20001220703125</ele>
        <time>2026-09-14T08:32:37.000Z</time>
      </trkpt>
      <trkpt lat="40.26040934957563877105712890625" lon="9.4212724082171916961669921875">
        <ele>962</ele>
        <time>2026-09-14T08:32:45.000Z</time>
      </trkpt>
      <trkpt lat="40.260386802256107330322265625" lon="9.421327225863933563232421875">
        <ele>964.20001220703125</ele>
        <time>2026-09-14T08:32:50.000Z</time>
      </trkpt>
      <trkpt lat="40.26037163101136684417724609375" lon="9.42135932855308055877685546875">
        <ele>965.5999755859375</ele>
        <time>2026-09-14T08:32:56.000Z</time>
      </trkpt>
      <trkpt lat="40.26032485999166965484619140625" lon="9.4213991425931453704833984375">
        <ele>967.4000244140625</ele>
        <time>2026-09-14T08:33:04.000Z</time>
      </trkpt>
      <trkpt lat="40.26029837317764759063720703125" lon="9.42141833715140819549560546875">
        <ele>968.20001220703125</ele>
        <time>2026-09-14T08:33:09.000Z</time>
      </trkpt>
      <trkpt lat="40.2602241933345794677734375" lon="9.4214563071727752685546875">
        <ele>971.20001220703125</ele>
        <time>2026-09-14T08:33:18.000Z</time>
      </trkpt>
      <trkpt lat="40.26021002791821956634521484375" lon="9.42147600464522838592529296875">
        <ele>972</ele>
        <time>2026-09-14T08:33:21.000Z</time>
      </trkpt>
      <trkpt lat="40.260186307132244110107421875" lon="9.4214965403079986572265625">
        <ele>972.5999755859375</ele>
        <time>2026-09-14T08:33:25.000Z</time>
      </trkpt>
      <trkpt lat="40.26018622331321239471435546875" lon="9.42150081507861614227294921875">
        <ele>972.5999755859375</ele>
        <time>2026-09-14T08:33:26.000Z</time>
      </trkpt>
      <trkpt lat="40.26015269570052623748779296875" lon="9.42151472903788089752197265625">
        <ele>973.20001220703125</ele>
        <time>2026-09-14T08:33:32.000Z</time>
      </trkpt>
      <trkpt lat="40.2601271308958530426025390625" lon="9.4215305708348751068115234375">
        <ele>973.79998779296875</ele>
        <time>2026-09-14T08:33:38.000Z</time>
      </trkpt>
      <trkpt lat="40.2600389532744884490966796875" lon="9.421578347682952880859375">
        <ele>977.20001220703125</ele>
        <time>2026-09-14T08:33:45.000Z</time>
      </trkpt>
      <trkpt lat="40.25995940901339054107666015625" lon="9.4215905852615833282470703125">
        <ele>979.5999755859375</ele>
        <time>2026-09-14T08:33:50.000Z</time>
      </trkpt>
      <trkpt lat="40.25993518531322479248046875" lon="9.42159804515540599822998046875">
        <ele>980.4000244140625</ele>
        <time>2026-09-14T08:33:52.000Z</time>
      </trkpt>
      <trkpt lat="40.2599199302494525909423828125" lon="9.421604163944721221923828125">
        <ele>980.5999755859375</ele>
        <time>2026-09-14T08:33:54.000Z</time>
      </trkpt>
      <trkpt lat="40.25989134795963764190673828125" lon="9.42161522805690765380859375">
        <ele>980.79998779296875</ele>
        <time>2026-09-14T08:33:57.000Z</time>
      </trkpt>
      <trkpt lat="40.25983300991356372833251953125" lon="9.421655796468257904052734375">
        <ele>982.5999755859375</ele>
        <time>2026-09-14T08:34:05.000Z</time>
      </trkpt>
      <trkpt lat="40.25981825776398181915283203125" lon="9.42166459746658802032470703125">
        <ele>982.79998779296875</ele>
        <time>2026-09-14T08:34:07.000Z</time>
      </trkpt>
      <trkpt lat="40.2597794495522975921630859375" lon="9.4216760806739330291748046875">
        <ele>983.20001220703125</ele>
        <time>2026-09-14T08:34:12.000Z</time>
      </trkpt>
      <trkpt lat="40.25971801020205020904541015625" lon="9.42171639762818813323974609375">
        <ele>984.20001220703125</ele>
        <time>2026-09-14T08:34:20.000Z</time>
      </trkpt>
      <trkpt lat="40.25964475236833095550537109375" lon="9.42177138291299343109130859375">
        <ele>985</ele>
        <time>2026-09-14T08:34:27.000Z</time>
      </trkpt>
      <trkpt lat="40.259626396000385284423828125" lon="9.42177188582718372344970703125">
        <ele>984.5999755859375</ele>
        <time>2026-09-14T08:34:29.000Z</time>
      </trkpt>
      <trkpt lat="40.25951005518436431884765625" lon="9.421791918575763702392578125">
        <ele>982.20001220703125</ele>
        <time>2026-09-14T08:34:37.000Z</time>
      </trkpt>
      <trkpt lat="40.259487926959991455078125" lon="9.4218326546251773834228515625">
        <ele>983.20001220703125</ele>
        <time>2026-09-14T08:34:43.000Z</time>
      </trkpt>
      <trkpt lat="40.25949656032025814056396484375" lon="9.421848244965076446533203125">
        <ele>983.79998779296875</ele>
        <time>2026-09-14T08:34:45.000Z</time>
      </trkpt>
      <trkpt lat="40.259501002728939056396484375" lon="9.4218417070806026458740234375">
        <ele>983.79998779296875</ele>
        <time>2026-09-14T08:34:47.000Z</time>
      </trkpt>
      <trkpt lat="40.2594374679028987884521484375" lon="9.42189627327024936676025390625">
        <ele>984.79998779296875</ele>
        <time>2026-09-14T08:34:55.000Z</time>
      </trkpt>
      <trkpt lat="40.25935557670891284942626953125" lon="9.4219161383807659149169921875">
        <ele>984.79998779296875</ele>
        <time>2026-09-14T08:35:03.000Z</time>
      </trkpt>
      <trkpt lat="40.25931551121175289154052734375" lon="9.421976320445537567138671875">
        <ele>986.79998779296875</ele>
        <time>2026-09-14T08:35:11.000Z</time>
      </trkpt>
      <trkpt lat="40.25929857976734638214111328125" lon="9.4220358319580554962158203125">
        <ele>988.5999755859375</ele>
        <time>2026-09-14T08:35:17.000Z</time>
      </trkpt>
      <trkpt lat="40.2592557482421398162841796875" lon="9.42208486609160900115966796875">
        <ele>990.20001220703125</ele>
        <time>2026-09-14T08:35:23.000Z</time>
      </trkpt>
      <trkpt lat="40.2592285908758640289306640625" lon="9.42211001180112361907958984375">
        <ele>991</ele>
        <time>2026-09-14T08:35:27.000Z</time>
      </trkpt>
      <trkpt lat="40.2591776289045810699462890625" lon="9.4221340678632259368896484375">
        <ele>991.79998779296875</ele>
        <time>2026-09-14T08:35:33.000Z</time>
      </trkpt>
      <trkpt lat="40.259154997766017913818359375" lon="9.42213918082416057586669921875">
        <ele>992</ele>
        <time>2026-09-14T08:35:36.000Z</time>
      </trkpt>
      <trkpt lat="40.2591491304337978363037109375" lon="9.422162733972072601318359375">
        <ele>992.79998779296875</ele>
        <time>2026-09-14T08:35:38.000Z</time>
      </trkpt>
      <trkpt lat="40.25913563556969165802001953125" lon="9.422174803912639617919921875">
        <ele>993.20001220703125</ele>
        <time>2026-09-14T08:35:41.000Z</time>
      </trkpt>
      <trkpt lat="40.25912876240909099578857421875" lon="9.422175474464893341064453125">
        <ele>993.20001220703125</ele>
        <time>2026-09-14T08:35:42.000Z</time>
      </trkpt>
      <trkpt lat="40.25912608020007610321044921875" lon="9.4221867062151432037353515625">
        <ele>993.5999755859375</ele>
        <time>2026-09-14T08:35:43.000Z</time>
      </trkpt>
      <trkpt lat="40.259053073823451995849609375" lon="9.422228448092937469482421875">
        <ele>996.5999755859375</ele>
        <time>2026-09-14T08:35:50.000Z</time>
      </trkpt>
      <trkpt lat="40.259000100195407867431640625" lon="9.42225350998342037200927734375">
        <ele>999.4000244140625</ele>
        <time>2026-09-14T08:35:56.000Z</time>
      </trkpt>
      <trkpt lat="40.2589429356157779693603515625" lon="9.42226641811430454254150390625">
        <ele>1001.5999755859375</ele>
        <time>2026-09-14T08:36:03.000Z</time>
      </trkpt>
      <trkpt lat="40.25891351513564586639404296875" lon="9.42229961045086383819580078125">
        <ele>1004</ele>
        <time>2026-09-14T08:36:07.000Z</time>
      </trkpt>
      <trkpt lat="40.25890052318572998046875" lon="9.42230396904051303863525390625">
        <ele>1004.4000244140625</ele>
        <time>2026-09-14T08:36:08.000Z</time>
      </trkpt>
      <trkpt lat="40.2588591165840625762939453125" lon="9.42231251858174800872802734375">
        <ele>1005.5999755859375</ele>
        <time>2026-09-14T08:36:11.000Z</time>
      </trkpt>
      <trkpt lat="40.25884377770125865936279296875" lon="9.42231218330562114715576171875">
        <ele>1005.79998779296875</ele>
        <time>2026-09-14T08:36:13.000Z</time>
      </trkpt>
      <trkpt lat="40.2588326297700405120849609375" lon="9.42231637425720691680908203125">
        <ele>1006.20001220703125</ele>
        <time>2026-09-14T08:36:14.000Z</time>
      </trkpt>
      <trkpt lat="40.25882081128656864166259765625" lon="9.42232106812298297882080078125">
        <ele>1006.5999755859375</ele>
        <time>2026-09-14T08:36:15.000Z</time>
      </trkpt>
      <trkpt lat="40.258800946176052093505859375" lon="9.42231805063784122467041015625">
        <ele>1006.5999755859375</ele>
        <time>2026-09-14T08:36:17.000Z</time>
      </trkpt>
      <trkpt lat="40.25877554900944232940673828125" lon="9.42233137786388397216796875">
        <ele>1007.4000244140625</ele>
        <time>2026-09-14T08:36:19.000Z</time>
      </trkpt>
      <trkpt lat="40.25875509716570377349853515625" lon="9.42233045585453510284423828125">
        <ele>1007.5999755859375</ele>
        <time>2026-09-14T08:36:20.000Z</time>
      </trkpt>
      <trkpt lat="40.258734561502933502197265625" lon="9.4223362393677234649658203125">
        <ele>1008</ele>
        <time>2026-09-14T08:36:21.000Z</time>
      </trkpt>
      <trkpt lat="40.25870933197438716888427734375" lon="9.42231620661914348602294921875">
        <ele>1007.20001220703125</ele>
        <time>2026-09-14T08:36:24.000Z</time>
      </trkpt>
      <trkpt lat="40.25868787430226802825927734375" lon="9.42232324741780757904052734375">
        <ele>1007.79998779296875</ele>
        <time>2026-09-14T08:36:27.000Z</time>
      </trkpt>
      <trkpt lat="40.2586827613413333892822265625" lon="9.42232475616037845611572265625">
        <ele>1007.79998779296875</ele>
        <time>2026-09-14T08:36:28.000Z</time>
      </trkpt>
      <trkpt lat="40.2586757205426692962646484375" lon="9.42232458852231502532958984375">
        <ele>1007.79998779296875</ele>
        <time>2026-09-14T08:36:29.000Z</time>
      </trkpt>
      <trkpt lat="40.2586478926241397857666015625" lon="9.4223506562411785125732421875">
        <ele>1009.20001220703125</ele>
        <time>2026-09-14T08:36:33.000Z</time>
      </trkpt>
      <trkpt lat="40.2586358226835727691650390625" lon="9.422359876334667205810546875">
        <ele>1009.5999755859375</ele>
        <time>2026-09-14T08:36:34.000Z</time>
      </trkpt>
      <trkpt lat="40.258586704730987548828125" lon="9.422372281551361083984375">
        <ele>1010.20001220703125</ele>
        <time>2026-09-14T08:36:40.000Z</time>
      </trkpt>
      <trkpt lat="40.258568935096263885498046875" lon="9.4223727844655513763427734375">
        <ele>1010.4000244140625</ele>
        <time>2026-09-14T08:36:42.000Z</time>
      </trkpt>
      <trkpt lat="40.25855661369860172271728515625" lon="9.422371946275234222412109375">
        <ele>1010.4000244140625</ele>
        <time>2026-09-14T08:36:43.000Z</time>
      </trkpt>
      <trkpt lat="40.258535407483577728271484375" lon="9.42237295210361480712890625">
        <ele>1010.5999755859375</ele>
        <time>2026-09-14T08:36:47.000Z</time>
      </trkpt>
      <trkpt lat="40.2585183084011077880859375" lon="9.42236884497106075286865234375">
        <ele>1011</ele>
        <time>2026-09-14T08:36:50.000Z</time>
      </trkpt>
      <trkpt lat="40.2584909833967685699462890625" lon="9.422372281551361083984375">
        <ele>1012</ele>
        <time>2026-09-14T08:36:54.000Z</time>
      </trkpt>
      <trkpt lat="40.25844479911029338836669921875" lon="9.4223714433610439300537109375">
        <ele>1013.20001220703125</ele>
        <time>2026-09-14T08:36:58.000Z</time>
      </trkpt>
      <trkpt lat="40.25841328315436840057373046875" lon="9.42235258407890796661376953125">
        <ele>1013.4000244140625</ele>
        <time>2026-09-14T08:37:01.000Z</time>
      </trkpt>
      <trkpt lat="40.25840959511697292327880859375" lon="9.42234839312732219696044921875">
        <ele>1013.20001220703125</ele>
        <time>2026-09-14T08:37:02.000Z</time>
      </trkpt>
      <trkpt lat="40.25840959511697292327880859375" lon="9.42234604619443416595458984375">
        <ele>1013.20001220703125</ele>
        <time>2026-09-14T08:37:07.000Z</time>
      </trkpt>
      <trkpt lat="40.2584038116037845611572265625" lon="9.42234688438475131988525390625">
        <ele>1013.4000244140625</ele>
        <time>2026-09-14T08:37:16.000Z</time>
      </trkpt>
      <trkpt lat="40.2584038116037845611572265625" lon="9.42234839312732219696044921875">
        <ele>1013.4000244140625</ele>
        <time>2026-09-14T08:37:26.000Z</time>
      </trkpt>
      <trkpt lat="40.2584044821560382843017578125" lon="9.42235727794468402862548828125">
        <ele>1013.79998779296875</ele>
        <time>2026-09-14T08:37:44.000Z</time>
      </trkpt>
      <trkpt lat="40.2584007941186428070068359375" lon="9.4223550148308277130126953125">
        <ele>1013.79998779296875</ele>
        <time>2026-09-14T08:37:47.000Z</time>
      </trkpt>
      <trkpt lat="40.2583659254014492034912109375" lon="9.42232676781713962554931640625">
        <ele>1013.5999755859375</ele>
        <time>2026-09-14T08:37:50.000Z</time>
      </trkpt>
      <trkpt lat="40.25832929648458957672119140625" lon="9.42229340784251689910888671875">
        <ele>1013.20001220703125</ele>
        <time>2026-09-14T08:37:53.000Z</time>
      </trkpt>
      <trkpt lat="40.25829040445387363433837890625" lon="9.42225803621113300323486328125">
        <ele>1012.79998779296875</ele>
        <time>2026-09-14T08:37:56.000Z</time>
      </trkpt>
      <trkpt lat="40.2582790888845920562744140625" lon="9.42224898375570774078369140625">
        <ele>1012.79998779296875</ele>
        <time>2026-09-14T08:37:57.000Z</time>
      </trkpt>
      <trkpt lat="40.2582603134214878082275390625" lon="9.4222312979400157928466796875">
        <ele>1012.4000244140625</ele>
        <time>2026-09-14T08:38:00.000Z</time>
      </trkpt>
      <trkpt lat="40.25823893956840038299560546875" lon="9.422215037047863006591796875">
        <ele>1012.4000244140625</ele>
        <time>2026-09-14T08:38:02.000Z</time>
      </trkpt>
      <trkpt lat="40.25820876471698284149169921875" lon="9.422211349010467529296875">
        <ele>1013</ele>
        <time>2026-09-14T08:38:05.000Z</time>
      </trkpt>
      <trkpt lat="40.25817775167524814605712890625" lon="9.422198943793773651123046875">
        <ele>1013.20001220703125</ele>
        <time>2026-09-14T08:38:09.000Z</time>
      </trkpt>
      <trkpt lat="40.2581226825714111328125" lon="9.422164075076580047607421875">
        <ele>1013</ele>
        <time>2026-09-14T08:38:14.000Z</time>
      </trkpt>
      <trkpt lat="40.25811019353568553924560546875" lon="9.4221590459346771240234375">
        <ele>1013</ele>
        <time>2026-09-14T08:38:16.000Z</time>
      </trkpt>
      <trkpt lat="40.258059985935688018798828125" lon="9.4221404381096363067626953125">
        <ele>1013.4000244140625</ele>
        <time>2026-09-14T08:38:22.000Z</time>
      </trkpt>
      <trkpt lat="40.25796912610530853271484375" lon="9.42211738787591457366943359375">
        <ele>1014.79998779296875</ele>
        <time>2026-09-14T08:38:29.000Z</time>
      </trkpt>
      <trkpt lat="40.2579126320779323577880859375" lon="9.4220785796642303466796875">
        <ele>1014.79998779296875</ele>
        <time>2026-09-14T08:38:37.000Z</time>
      </trkpt>
      <trkpt lat="40.25786678306758403778076171875" lon="9.4220462255179882049560546875">
        <ele>1014.79998779296875</ele>
        <time>2026-09-14T08:38:43.000Z</time>
      </trkpt>
      <trkpt lat="40.25779302231967449188232421875" lon="9.42201890051364898681640625">
        <ele>1015.79998779296875</ele>
        <time>2026-09-14T08:38:51.000Z</time>
      </trkpt>
      <trkpt lat="40.257772989571094512939453125" lon="9.4220247678458690643310546875">
        <ele>1016.79998779296875</ele>
        <time>2026-09-14T08:38:56.000Z</time>
      </trkpt>
      <trkpt lat="40.25774625129997730255126953125" lon="9.42203767597675323486328125">
        <ele>1018.20001220703125</ele>
        <time>2026-09-14T08:39:02.000Z</time>
      </trkpt>
      <trkpt lat="40.2577389590442180633544921875" lon="9.4220410287380218505859375">
        <ele>1018.5999755859375</ele>
        <time>2026-09-14T08:39:03.000Z</time>
      </trkpt>
      <trkpt lat="40.2576841413974761962890625" lon="9.42201353609561920166015625">
        <ele>1019.4000244140625</ele>
        <time>2026-09-14T08:39:09.000Z</time>
      </trkpt>
      <trkpt lat="40.2576729096472263336181640625" lon="9.42201026715338230133056640625">
        <ele>1019.79998779296875</ele>
        <time>2026-09-14T08:39:10.000Z</time>
      </trkpt>
      <trkpt lat="40.25762370787560939788818359375" lon="9.42198545671999454498291015625">
        <ele>1020.5999755859375</ele>
        <time>2026-09-14T08:39:16.000Z</time>
      </trkpt>
      <trkpt lat="40.2575602568686008453369140625" lon="9.42193700931966304779052734375">
        <ele>1021.20001220703125</ele>
        <time>2026-09-14T08:39:24.000Z</time>
      </trkpt>
      <trkpt lat="40.2575418166816234588623046875" lon="9.4219295494258403778076171875">
        <ele>1021.5999755859375</ele>
        <time>2026-09-14T08:39:26.000Z</time>
      </trkpt>
      <trkpt lat="40.2575233764946460723876953125" lon="9.421922676265239715576171875">
        <ele>1022</ele>
        <time>2026-09-14T08:39:28.000Z</time>
      </trkpt>
      <trkpt lat="40.25750736705958843231201171875" lon="9.4219131208956241607666015625">
        <ele>1022.4000244140625</ele>
        <time>2026-09-14T08:39:30.000Z</time>
      </trkpt>
      <trkpt lat="40.25749563239514827728271484375" lon="9.421903230249881744384765625">
        <ele>1022.5999755859375</ele>
        <time>2026-09-14T08:39:31.000Z</time>
      </trkpt>
      <trkpt lat="40.257477946579456329345703125" lon="9.42184858024120330810546875">
        <ele>1021.5999755859375</ele>
        <time>2026-09-14T08:39:37.000Z</time>
      </trkpt>
      <trkpt lat="40.25745757855474948883056640625" lon="9.42184279672801494598388671875">
        <ele>1022.4000244140625</ele>
        <time>2026-09-14T08:39:39.000Z</time>
      </trkpt>
      <trkpt lat="40.25742061436176300048828125" lon="9.4218229316174983978271484375">
        <ele>1023</ele>
        <time>2026-09-14T08:39:43.000Z</time>
      </trkpt>
      <trkpt lat="40.25738532654941082000732421875" lon="9.42181027494370937347412109375">
        <ele>1023.20001220703125</ele>
        <time>2026-09-14T08:39:46.000Z</time>
      </trkpt>
      <trkpt lat="40.25734157301485538482666015625" lon="9.42179921083152294158935546875">
        <ele>1023.5999755859375</ele>
        <time>2026-09-14T08:39:50.000Z</time>
      </trkpt>
      <trkpt lat="40.2573218755424022674560546875" lon="9.421783871948719024658203125">
        <ele>1023.4000244140625</ele>
        <time>2026-09-14T08:39:52.000Z</time>
      </trkpt>
      <trkpt lat="40.25730125606060028076171875" lon="9.42176400683820247650146484375">
        <ele>1023.20001220703125</ele>
        <time>2026-09-14T08:39:54.000Z</time>
      </trkpt>
      <trkpt lat="40.25726261548697948455810546875" lon="9.42174741066992282867431640625">
        <ele>1023.4000244140625</ele>
        <time>2026-09-14T08:39:57.000Z</time>
      </trkpt>
      <trkpt lat="40.2571914531290531158447265625" lon="9.421742968261241912841796875">
        <ele>1024.5999755859375</ele>
        <time>2026-09-14T08:40:05.000Z</time>
      </trkpt>
      <trkpt lat="40.257172845304012298583984375" lon="9.42175344564020633697509765625">
        <ele>1025.199951171875</ele>
        <time>2026-09-14T08:40:07.000Z</time>
      </trkpt>
      <trkpt lat="40.2571039460599422454833984375" lon="9.42178948782384395599365234375">
        <ele>1026.5999755859375</ele>
        <time>2026-09-14T08:40:14.000Z</time>
      </trkpt>
      <trkpt lat="40.2570073865354061126708984375" lon="9.42183877341449260711669921875">
        <ele>1027.800048828125</ele>
        <time>2026-09-14T08:40:23.000Z</time>
      </trkpt>
      <trkpt lat="40.25700026191771030426025390625" lon="9.421838857233524322509765625">
        <ele>1027.800048828125</ele>
        <time>2026-09-14T08:40:29.000Z</time>
      </trkpt>
      <trkpt lat="40.25700260885059833526611328125" lon="9.4218371808528900146484375">
        <ele>1027.800048828125</ele>
        <time>2026-09-14T08:40:46.000Z</time>
      </trkpt>
      <trkpt lat="40.25698869489133358001708984375" lon="9.42184849642217159271240234375">
        <ele>1028</ele>
        <time>2026-09-14T08:40:51.000Z</time>
      </trkpt>
      <trkpt lat="40.256894566118717193603515625" lon="9.4219255261123180389404296875">
        <ele>1029.199951171875</ele>
        <time>2026-09-14T08:40:59.000Z</time>
      </trkpt>
      <trkpt lat="40.25680546648800373077392578125" lon="9.4220542721450328826904296875">
        <ele>1031.199951171875</ele>
        <time>2026-09-14T08:41:09.000Z</time>
      </trkpt>
      <trkpt lat="40.25672768242657184600830078125" lon="9.42213331349194049835205078125">
        <ele>1031.5999755859375</ele>
        <time>2026-09-14T08:41:17.000Z</time>
      </trkpt>
      <trkpt lat="40.2566939033567905426025390625" lon="9.4221605546772480010986328125">
        <ele>1031.4000244140625</ele>
        <time>2026-09-14T08:41:20.000Z</time>
      </trkpt>
      <trkpt lat="40.2566198073327541351318359375" lon="9.42221847362816333770751953125">
        <ele>1030.800048828125</ele>
        <time>2026-09-14T08:41:27.000Z</time>
      </trkpt>
      <trkpt lat="40.25657898746430873870849609375" lon="9.42225770093500614166259765625">
        <ele>1031.199951171875</ele>
        <time>2026-09-14T08:41:31.000Z</time>
      </trkpt>
      <trkpt lat="40.2564639039337635040283203125" lon="9.4223365746438503265380859375">
        <ele>1033</ele>
        <time>2026-09-14T08:41:42.000Z</time>
      </trkpt>
      <trkpt lat="40.256392657756805419921875" lon="9.4223825074732303619384765625">
        <ele>1034</ele>
        <time>2026-09-14T08:41:48.000Z</time>
      </trkpt>
      <trkpt lat="40.25635535828769207000732421875" lon="9.42241595126688480377197265625">
        <ele>1034.5999755859375</ele>
        <time>2026-09-14T08:41:52.000Z</time>
      </trkpt>
      <trkpt lat="40.25625963695347309112548828125" lon="9.4224666617810726165771484375">
        <ele>1036.199951171875</ele>
        <time>2026-09-14T08:42:00.000Z</time>
      </trkpt>
      <trkpt lat="40.2561168931424617767333984375" lon="9.42255123518407344818115234375">
        <ele>1038.800048828125</ele>
        <time>2026-09-14T08:42:13.000Z</time>
      </trkpt>
      <trkpt lat="40.25609233416616916656494140625" lon="9.42255224101245403289794921875">
        <ele>1039</ele>
        <time>2026-09-14T08:42:15.000Z</time>
      </trkpt>
      <trkpt lat="40.2560813538730144500732421875" lon="9.4225491397082805633544921875">
        <ele>1039.199951171875</ele>
        <time>2026-09-14T08:42:16.000Z</time>
      </trkpt>
      <trkpt lat="40.2560609020292758941650390625" lon="9.4225541688501834869384765625">
        <ele>1039.4000244140625</ele>
        <time>2026-09-14T08:42:18.000Z</time>
      </trkpt>
      <trkpt lat="40.25603483431041240692138671875" lon="9.42255861125886440277099609375">
        <ele>1039.800048828125</ele>
        <time>2026-09-14T08:42:20.000Z</time>
      </trkpt>
      <trkpt lat="40.2560203336179256439208984375" lon="9.42256146110594272613525390625">
        <ele>1040</ele>
        <time>2026-09-14T08:42:21.000Z</time>
      </trkpt>
      <trkpt lat="40.25599560700356960296630859375" lon="9.42256397567689418792724609375">
        <ele>1040.199951171875</ele>
        <time>2026-09-14T08:42:23.000Z</time>
      </trkpt>
      <trkpt lat="40.25598621927201747894287109375" lon="9.4225680828094482421875">
        <ele>1040.4000244140625</ele>
        <time>2026-09-14T08:42:24.000Z</time>
      </trkpt>
      <trkpt lat="40.255965180695056915283203125" lon="9.4225665740668773651123046875">
        <ele>1040.4000244140625</ele>
        <time>2026-09-14T08:42:26.000Z</time>
      </trkpt>
      <trkpt lat="40.255898125469684600830078125" lon="9.42255693487823009490966796875">
        <ele>1040.800048828125</ele>
        <time>2026-09-14T08:42:31.000Z</time>
      </trkpt>
      <trkpt lat="40.25579846464097499847412109375" lon="9.4225350581109523773193359375">
        <ele>1041.199951171875</ele>
        <time>2026-09-14T08:42:40.000Z</time>
      </trkpt>
      <trkpt lat="40.25570156984031200408935546875" lon="9.422493316233158111572265625">
        <ele>1043</ele>
        <time>2026-09-14T08:42:49.000Z</time>
      </trkpt>
      <trkpt lat="40.25562982074916362762451171875" lon="9.42249205894768238067626953125">
        <ele>1045.800048828125</ele>
        <time>2026-09-14T08:42:56.000Z</time>
      </trkpt>
      <trkpt lat="40.2556188404560089111328125" lon="9.42256447859108448028564453125">
        <ele>1048.5999755859375</ele>
        <time>2026-09-14T08:43:03.000Z</time>
      </trkpt>
      <trkpt lat="40.25562713854014873504638671875" lon="9.42257051356136798858642578125">
        <ele>1048.4000244140625</ele>
        <time>2026-09-14T08:43:04.000Z</time>
      </trkpt>
      <trkpt lat="40.255725793540477752685546875" lon="9.42262172698974609375">
        <ele>1046.199951171875</ele>
        <time>2026-09-14T08:43:13.000Z</time>
      </trkpt>
      <trkpt lat="40.25580751709640026092529296875" lon="9.4226943142712116241455078125">
        <ele>1046.199951171875</ele>
        <time>2026-09-14T08:43:21.000Z</time>
      </trkpt>
      <trkpt lat="40.25582696311175823211669921875" lon="9.4227094016969203948974609375">
        <ele>1046.4000244140625</ele>
        <time>2026-09-14T08:43:23.000Z</time>
      </trkpt>
      <trkpt lat="40.25584858842194080352783203125" lon="9.42272775806486606597900390625">
        <ele>1046.5999755859375</ele>
        <time>2026-09-14T08:43:27.000Z</time>
      </trkpt>
      <trkpt lat="40.2559272944927215576171875" lon="9.42281819880008697509765625">
        <ele>1048.4000244140625</ele>
        <time>2026-09-14T08:43:37.000Z</time>
      </trkpt>
      <trkpt lat="40.256020165979862213134765625" lon="9.42290604114532470703125">
        <ele>1049.800048828125</ele>
        <time>2026-09-14T08:43:47.000Z</time>
      </trkpt>
      <trkpt lat="40.256028883159160614013671875" lon="9.4229152612388134002685546875">
        <ele>1050</ele>
        <time>2026-09-14T08:43:48.000Z</time>
      </trkpt>
      <trkpt lat="40.25612452067434787750244140625" lon="9.4229662232100963592529296875">
        <ele>1050.5999755859375</ele>
        <time>2026-09-14T08:43:56.000Z</time>
      </trkpt>
      <trkpt lat="40.2562064118683338165283203125" lon="9.42301408387720584869384765625">
        <ele>1051.5999755859375</ele>
        <time>2026-09-14T08:44:04.000Z</time>
      </trkpt>
      <trkpt lat="40.2562828548252582550048828125" lon="9.4230419956147670745849609375">
        <ele>1051.800048828125</ele>
        <time>2026-09-14T08:44:11.000Z</time>
      </trkpt>
      <trkpt lat="40.2563921548426151275634765625" lon="9.42312153987586498260498046875">
        <ele>1054.800048828125</ele>
        <time>2026-09-14T08:44:23.000Z</time>
      </trkpt>
      <trkpt lat="40.2565334737300872802734375" lon="9.42320443689823150634765625">
        <ele>1059</ele>
        <time>2026-09-14T08:44:35.000Z</time>
      </trkpt>
      <trkpt lat="40.256623663008213043212890625" lon="9.42327207885682582855224609375">
        <ele>1062</ele>
        <time>2026-09-14T08:44:43.000Z</time>
      </trkpt>
      <trkpt lat="40.25663363747298717498779296875" lon="9.42328129895031452178955078125">
        <ele>1062.4000244140625</ele>
        <time>2026-09-14T08:44:44.000Z</time>
      </trkpt>
      <trkpt lat="40.25673287920653820037841796875" lon="9.42331700585782527923583984375">
        <ele>1064.199951171875</ele>
        <time>2026-09-14T08:44:53.000Z</time>
      </trkpt>
      <trkpt lat="40.256837904453277587890625" lon="9.42334986291825771331787109375">
        <ele>1066</ele>
        <time>2026-09-14T08:45:03.000Z</time>
      </trkpt>
      <trkpt lat="40.2569007687270641326904296875" lon="9.423369057476520538330078125">
        <ele>1067.199951171875</ele>
        <time>2026-09-14T08:45:09.000Z</time>
      </trkpt>
      <trkpt lat="40.25691191665828227996826171875" lon="9.4233687222003936767578125">
        <ele>1067.4000244140625</ele>
        <time>2026-09-14T08:45:11.000Z</time>
      </trkpt>
      <trkpt lat="40.25698970071971416473388671875" lon="9.42336126230657100677490234375">
        <ele>1068</ele>
        <time>2026-09-14T08:45:18.000Z</time>
      </trkpt>
      <trkpt lat="40.2571036107838153839111328125" lon="9.42342798225581645965576171875">
        <ele>1071.5999755859375</ele>
        <time>2026-09-14T08:45:29.000Z</time>
      </trkpt>
      <trkpt lat="40.2571163512766361236572265625" lon="9.4234325923025608062744140625">
        <ele>1072</ele>
        <time>2026-09-14T08:45:30.000Z</time>
      </trkpt>
      <trkpt lat="40.25721902959048748016357421875" lon="9.42346603609621524810791015625">
        <ele>1073.5999755859375</ele>
        <time>2026-09-14T08:45:40.000Z</time>
      </trkpt>
      <trkpt lat="40.25730050168931484222412109375" lon="9.42348380573093891143798828125">
        <ele>1074.199951171875</ele>
        <time>2026-09-14T08:45:48.000Z</time>
      </trkpt>
      <trkpt lat="40.25742572732269763946533203125" lon="9.42348984070122241973876953125">
        <ele>1075.4000244140625</ele>
        <time>2026-09-14T08:45:59.000Z</time>
      </trkpt>
      <trkpt lat="40.25753737427294254302978515625" lon="9.42352722398936748504638671875">
        <ele>1076.4000244140625</ele>
        <time>2026-09-14T08:46:09.000Z</time>
      </trkpt>
      <trkpt lat="40.2576390467584133148193359375" lon="9.4235698878765106201171875">
        <ele>1077.4000244140625</ele>
        <time>2026-09-14T08:46:19.000Z</time>
      </trkpt>
      <trkpt lat="40.257761590182781219482421875" lon="9.42361079156398773193359375">
        <ele>1079</ele>
        <time>2026-09-14T08:46:30.000Z</time>
      </trkpt>
      <trkpt lat="40.25785421021282672882080078125" lon="9.4236703030765056610107421875">
        <ele>1081.800048828125</ele>
        <time>2026-09-14T08:46:39.000Z</time>
      </trkpt>
      <trkpt lat="40.257980190217494964599609375" lon="9.423743225634098052978515625">
        <ele>1085.199951171875</ele>
        <time>2026-09-14T08:46:50.000Z</time>
      </trkpt>
      <trkpt lat="40.25806300342082977294921875" lon="9.42380600608885288238525390625">
        <ele>1087.800048828125</ele>
        <time>2026-09-14T08:46:57.000Z</time>
      </trkpt>
      <trkpt lat="40.25816802866756916046142578125" lon="9.4238600693643093109130859375">
        <ele>1090</ele>
        <time>2026-09-14T08:47:06.000Z</time>
      </trkpt>
      <trkpt lat="40.25827012024819850921630859375" lon="9.423874653875827789306640625">
        <ele>1090.4000244140625</ele>
        <time>2026-09-14T08:47:14.000Z</time>
      </trkpt>
      <trkpt lat="40.2583867125213146209716796875" lon="9.42393810488283634185791015625">
        <ele>1093.800048828125</ele>
        <time>2026-09-14T08:47:23.000Z</time>
      </trkpt>
      <trkpt lat="40.2584993652999401092529296875" lon="9.42395352758467197418212890625">
        <ele>1094.800048828125</ele>
        <time>2026-09-14T08:47:31.000Z</time>
      </trkpt>
      <trkpt lat="40.2585255168378353118896484375" lon="9.42396626807749271392822265625">
        <ele>1095.5999755859375</ele>
        <time>2026-09-14T08:47:33.000Z</time>
      </trkpt>
      <trkpt lat="40.25853582657873630523681640625" lon="9.4239856302738189697265625">
        <ele>1096.4000244140625</ele>
        <time>2026-09-14T08:47:35.000Z</time>
      </trkpt>
      <trkpt lat="40.2585379220545291900634765625" lon="9.42401178181171417236328125">
        <ele>1097.800048828125</ele>
        <time>2026-09-14T08:47:37.000Z</time>
      </trkpt>
      <trkpt lat="40.25847044773399829864501953125" lon="9.42408093251287937164306640625">
        <ele>1100.5999755859375</ele>
        <time>2026-09-14T08:47:44.000Z</time>
      </trkpt>
      <trkpt lat="40.2583466470241546630859375" lon="9.424077160656452178955078125">
        <ele>1099.199951171875</ele>
        <time>2026-09-14T08:47:53.000Z</time>
      </trkpt>
      <trkpt lat="40.25829912163317203521728515625" lon="9.424076490104198455810546875">
        <ele>1098.5999755859375</ele>
        <time>2026-09-14T08:47:57.000Z</time>
      </trkpt>
      <trkpt lat="40.25826190598309040069580078125" lon="9.42405628971755504608154296875">
        <ele>1097.4000244140625</ele>
        <time>2026-09-14T08:47:59.000Z</time>
      </trkpt>
      <trkpt lat="40.25821077637374401092529296875" lon="9.42406550981104373931884765625">
        <ele>1098</ele>
        <time>2026-09-14T08:48:02.000Z</time>
      </trkpt>
      <trkpt lat="40.25818697176873683929443359375" lon="9.42406903021037578582763671875">
        <ele>1098.199951171875</ele>
        <time>2026-09-14T08:48:04.000Z</time>
      </trkpt>
      <trkpt lat="40.25817297399044036865234375" lon="9.424067437648773193359375">
        <ele>1098.4000244140625</ele>
        <time>2026-09-14T08:48:05.000Z</time>
      </trkpt>
      <trkpt lat="40.25813139975070953369140625" lon="9.42407020367681980133056640625">
        <ele>1099</ele>
        <time>2026-09-14T08:48:08.000Z</time>
      </trkpt>
      <trkpt lat="40.25808689184486865997314453125" lon="9.424071125686168670654296875">
        <ele>1099.4000244140625</ele>
        <time>2026-09-14T08:48:13.000Z</time>
      </trkpt>
      <trkpt lat="40.25798396207392215728759765625" lon="9.4241058267652988433837890625">
        <ele>1102.199951171875</ele>
        <time>2026-09-14T08:48:21.000Z</time>
      </trkpt>
      <trkpt lat="40.25790919549763202667236328125" lon="9.42411177791655063629150390625">
        <ele>1102.5999755859375</ele>
        <time>2026-09-14T08:48:27.000Z</time>
      </trkpt>
      <trkpt lat="40.257862508296966552734375" lon="9.42413457669317722320556640625">
        <ele>1104.199951171875</ele>
        <time>2026-09-14T08:48:30.000Z</time>
      </trkpt>
      <trkpt lat="40.2577701397240161895751953125" lon="9.4241400249302387237548828125">
        <ele>1105.199951171875</ele>
        <time>2026-09-14T08:48:37.000Z</time>
      </trkpt>
      <trkpt lat="40.25763359852135181427001953125" lon="9.42416642792522907257080078125">
        <ele>1106.800048828125</ele>
        <time>2026-09-14T08:48:47.000Z</time>
      </trkpt>
      <trkpt lat="40.25752848945558071136474609375" lon="9.42418880760669708251953125">
        <ele>1107.4000244140625</ele>
        <time>2026-09-14T08:48:54.000Z</time>
      </trkpt>
      <trkpt lat="40.25746629573404788970947265625" lon="9.42426818422973155975341796875">
        <ele>1112.800048828125</ele>
        <time>2026-09-14T08:49:02.000Z</time>
      </trkpt>
      <trkpt lat="40.2574921958148479461669921875" lon="9.424333982169628143310546875">
        <ele>1118</ele>
        <time>2026-09-14T08:49:09.000Z</time>
      </trkpt>
      <trkpt lat="40.2575964666903018951416015625" lon="9.42432115785777568817138671875">
        <ele>1118.5999755859375</ele>
        <time>2026-09-14T08:49:16.000Z</time>
      </trkpt>
      <trkpt lat="40.2576735801994800567626953125" lon="9.4243209064006805419921875">
        <ele>1119.4000244140625</ele>
        <time>2026-09-14T08:49:23.000Z</time>
      </trkpt>
      <trkpt lat="40.25771087966859340667724609375" lon="9.42433406598865985870361328125">
        <ele>1121</ele>
        <time>2026-09-14T08:49:26.000Z</time>
      </trkpt>
      <trkpt lat="40.25776536203920841217041015625" lon="9.42434362135827541351318359375">
        <ele>1120.5999755859375</ele>
        <time>2026-09-14T08:49:30.000Z</time>
      </trkpt>
      <trkpt lat="40.25788773782551288604736328125" lon="9.42436926998198032379150390625">
        <ele>1120.5999755859375</ele>
        <time>2026-09-14T08:49:39.000Z</time>
      </trkpt>
      <trkpt lat="40.25789628736674785614013671875" lon="9.4243691861629486083984375">
        <ele>1120.4000244140625</ele>
        <time>2026-09-14T08:49:40.000Z</time>
      </trkpt>
      <trkpt lat="40.2580060064792633056640625" lon="9.4243864528834819793701171875">
        <ele>1120.199951171875</ele>
        <time>2026-09-14T08:49:49.000Z</time>
      </trkpt>
      <trkpt lat="40.25810969062149524688720703125" lon="9.42443179897964000701904296875">
        <ele>1122.199951171875</ele>
        <time>2026-09-14T08:49:57.000Z</time>
      </trkpt>
      <trkpt lat="40.25815176777541637420654296875" lon="9.4244308769702911376953125">
        <ele>1121.5999755859375</ele>
        <time>2026-09-14T08:50:01.000Z</time>
      </trkpt>
      <trkpt lat="40.25819635950028896331787109375" lon="9.4244374148547649383544921875">
        <ele>1121.5999755859375</ele>
        <time>2026-09-14T08:50:04.000Z</time>
      </trkpt>
      <trkpt lat="40.25831588543951511383056640625" lon="9.42443632520735263824462890625">
        <ele>1120.4000244140625</ele>
        <time>2026-09-14T08:50:13.000Z</time>
      </trkpt>
      <trkpt lat="40.25844119489192962646484375" lon="9.4244612194597721099853515625">
        <ele>1121.199951171875</ele>
        <time>2026-09-14T08:50:23.000Z</time>
      </trkpt>
      <trkpt lat="40.2585359103977680206298828125" lon="9.4244980998337268829345703125">
        <ele>1122.5999755859375</ele>
        <time>2026-09-14T08:50:32.000Z</time>
      </trkpt>
      <trkpt lat="40.25857740081846714019775390625" lon="9.4245188869535923004150390625">
        <ele>1123.4000244140625</ele>
        <time>2026-09-14T08:50:36.000Z</time>
      </trkpt>
      <trkpt lat="40.258648060262203216552734375" lon="9.4245611317455768585205078125">
        <ele>1125.4000244140625</ele>
        <time>2026-09-14T08:50:43.000Z</time>
      </trkpt>
      <trkpt lat="40.25874939747154712677001953125" lon="9.4245899654924869537353515625">
        <ele>1126</ele>
        <time>2026-09-14T08:50:52.000Z</time>
      </trkpt>
      <trkpt lat="40.25877102278172969818115234375" lon="9.42460899241268634796142578125">
        <ele>1126.800048828125</ele>
        <time>2026-09-14T08:50:54.000Z</time>
      </trkpt>
      <trkpt lat="40.2588750422000885009765625" lon="9.42465861327946186065673828125">
        <ele>1128.5999755859375</ele>
        <time>2026-09-14T08:51:04.000Z</time>
      </trkpt>
      <trkpt lat="40.2590037882328033447265625" lon="9.42467923276126384735107421875">
        <ele>1128.5999755859375</ele>
        <time>2026-09-14T08:51:15.000Z</time>
      </trkpt>
      <trkpt lat="40.2590669877827167510986328125" lon="9.42468794994056224822998046875">
        <ele>1128.4000244140625</ele>
        <time>2026-09-14T08:51:21.000Z</time>
      </trkpt>
      <trkpt lat="40.25909892283380031585693359375" lon="9.424705803394317626953125">
        <ele>1129.199951171875</ele>
        <time>2026-09-14T08:51:24.000Z</time>
      </trkpt>
      <trkpt lat="40.259150303900241851806640625" lon="9.42477428354322910308837890625">
        <ele>1131.5999755859375</ele>
        <time>2026-09-14T08:51:30.000Z</time>
      </trkpt>
      <trkpt lat="40.2591501362621784210205078125" lon="9.4247887842357158660888671875">
        <ele>1132.5999755859375</ele>
        <time>2026-09-14T08:51:31.000Z</time>
      </trkpt>
      <trkpt lat="40.25909297168254852294921875" lon="9.4248561747372150421142578125">
        <ele>1138.5999755859375</ele>
        <time>2026-09-14T08:51:38.000Z</time>
      </trkpt>
      <trkpt lat="40.2590736933052539825439453125" lon="9.424861371517181396484375">
        <ele>1139</ele>
        <time>2026-09-14T08:51:40.000Z</time>
      </trkpt>
      <trkpt lat="40.25901460088789463043212890625" lon="9.42485391162335872650146484375">
        <ele>1139.199951171875</ele>
        <time>2026-09-14T08:51:45.000Z</time>
      </trkpt>
      <trkpt lat="40.25893966667354106903076171875" lon="9.424855001270771026611328125">
        <ele>1140.800048828125</ele>
        <time>2026-09-14T08:51:51.000Z</time>
      </trkpt>
      <trkpt lat="40.2588973380625247955322265625" lon="9.42485910840332508087158203125">
        <ele>1142.4000244140625</ele>
        <time>2026-09-14T08:51:55.000Z</time>
      </trkpt>
      <trkpt lat="40.2588737010955810546875" lon="9.42486246116459369659423828125">
        <ele>1143.199951171875</ele>
        <time>2026-09-14T08:51:57.000Z</time>
      </trkpt>
      <trkpt lat="40.25879767723381519317626953125" lon="9.424882829189300537109375">
        <ele>1146.4000244140625</ele>
        <time>2026-09-14T08:52:03.000Z</time>
      </trkpt>
      <trkpt lat="40.2587072364985942840576171875" lon="9.4248772971332073211669921875">
        <ele>1145.5999755859375</ele>
        <time>2026-09-14T08:52:11.000Z</time>
      </trkpt>
      <trkpt lat="40.25862081907689571380615234375" lon="9.42488945089280605316162109375">
        <ele>1143.5999755859375</ele>
        <time>2026-09-14T08:52:19.000Z</time>
      </trkpt>
      <trkpt lat="40.25853817351162433624267578125" lon="9.42491375841200351715087890625">
        <ele>1142.800048828125</ele>
        <time>2026-09-14T08:52:27.000Z</time>
      </trkpt>
      <trkpt lat="40.2584681846201419830322265625" lon="9.42493706010282039642333984375">
        <ele>1145.199951171875</ele>
        <time>2026-09-14T08:52:33.000Z</time>
      </trkpt>
      <trkpt lat="40.25846399366855621337890625" lon="9.4249466992914676666259765625">
        <ele>1145.5999755859375</ele>
        <time>2026-09-14T08:52:34.000Z</time>
      </trkpt>
      <trkpt lat="40.25839786045253276824951171875" lon="9.42496237345039844512939453125">
        <ele>1147.4000244140625</ele>
        <time>2026-09-14T08:52:40.000Z</time>
      </trkpt>
      <trkpt lat="40.25828034617006778717041015625" lon="9.42497737705707550048828125">
        <ele>1149.800048828125</ele>
        <time>2026-09-14T08:52:50.000Z</time>
      </trkpt>
      <trkpt lat="40.25819954462349414825439453125" lon="9.424991793930530548095703125">
        <ele>1151.800048828125</ele>
        <time>2026-09-14T08:52:57.000Z</time>
      </trkpt>
      <trkpt lat="40.25806970894336700439453125" lon="9.42500294186174869537353515625">
        <ele>1155</ele>
        <time>2026-09-14T08:53:07.000Z</time>
      </trkpt>
      <trkpt lat="40.25794406421482563018798828125" lon="9.4250177778303623199462890625">
        <ele>1159</ele>
        <time>2026-09-14T08:53:16.000Z</time>
      </trkpt>
      <trkpt lat="40.25782755576074123382568359375" lon="9.42506027407944202423095703125">
        <ele>1164.199951171875</ele>
        <time>2026-09-14T08:53:25.000Z</time>
      </trkpt>
      <trkpt lat="40.25772043503820896148681640625" lon="9.4250907003879547119140625">
        <ele>1166.5999755859375</ele>
        <time>2026-09-14T08:53:34.000Z</time>
      </trkpt>
      <trkpt lat="40.257592611014842987060546875" lon="9.42511475645005702972412109375">
        <ele>1166.199951171875</ele>
        <time>2026-09-14T08:53:43.000Z</time>
      </trkpt>
      <trkpt lat="40.25757576338946819305419921875" lon="9.425118863582611083984375">
        <ele>1166</ele>
        <time>2026-09-14T08:53:44.000Z</time>
      </trkpt>
      <trkpt lat="40.25751440785825252532958984375" lon="9.42513805814087390899658203125">
        <ele>1167.4000244140625</ele>
        <time>2026-09-14T08:53:50.000Z</time>
      </trkpt>
      <trkpt lat="40.25748901069164276123046875" lon="9.4251864217221736907958984375">
        <ele>1170</ele>
        <time>2026-09-14T08:53:55.000Z</time>
      </trkpt>
      <trkpt lat="40.25749462656676769256591796875" lon="9.42519287578761577606201171875">
        <ele>1170.4000244140625</ele>
        <time>2026-09-14T08:53:56.000Z</time>
      </trkpt>
      <trkpt lat="40.25750317610800266265869140625" lon="9.4251971505582332611083984375">
        <ele>1170.4000244140625</ele>
        <time>2026-09-14T08:53:57.000Z</time>
      </trkpt>
      <trkpt lat="40.2575810439884662628173828125" lon="9.42519589327275753021240234375">
        <ele>1169.800048828125</ele>
        <time>2026-09-14T08:54:03.000Z</time>
      </trkpt>
      <trkpt lat="40.25766042061150074005126953125" lon="9.42520410753786563873291015625">
        <ele>1169.800048828125</ele>
        <time>2026-09-14T08:54:10.000Z</time>
      </trkpt>
      <trkpt lat="40.257680453360080718994140625" lon="9.4252025149762630462646484375">
        <ele>1170</ele>
        <time>2026-09-14T08:54:12.000Z</time>
      </trkpt>
      <trkpt lat="40.25776661932468414306640625" lon="9.42519664764404296875">
        <ele>1169.5999755859375</ele>
        <time>2026-09-14T08:54:19.000Z</time>
      </trkpt>
      <trkpt lat="40.257897712290287017822265625" lon="9.42518684081733226776123046875">
        <ele>1168.4000244140625</ele>
        <time>2026-09-14T08:54:28.000Z</time>
      </trkpt>
      <trkpt lat="40.25792025960981845855712890625" lon="9.42519170232117176055908203125">
        <ele>1168.4000244140625</ele>
        <time>2026-09-14T08:54:30.000Z</time>
      </trkpt>
      <trkpt lat="40.25799997150897979736328125" lon="9.42520729266107082366943359375">
        <ele>1167</ele>
        <time>2026-09-14T08:54:36.000Z</time>
      </trkpt>
      <trkpt lat="40.25810918770730495452880859375" lon="9.425226487219333648681640625">
        <ele>1164.199951171875</ele>
        <time>2026-09-14T08:54:45.000Z</time>
      </trkpt>
      <trkpt lat="40.2582056634128093719482421875" lon="9.42523713223636150360107421875">
        <ele>1161.199951171875</ele>
        <time>2026-09-14T08:54:52.000Z</time>
      </trkpt>
      <trkpt lat="40.25834522210061550140380859375" lon="9.42522824741899967193603515625">
        <ele>1161.800048828125</ele>
        <time>2026-09-14T08:55:03.000Z</time>
      </trkpt>
      <trkpt lat="40.25841495953500270843505859375" lon="9.42523210309445858001708984375">
        <ele>1164.4000244140625</ele>
        <time>2026-09-14T08:55:09.000Z</time>
      </trkpt>
      <trkpt lat="40.2584383450448513031005859375" lon="9.42523394711315631866455078125">
        <ele>1165.4000244140625</ele>
        <time>2026-09-14T08:55:11.000Z</time>
      </trkpt>
      <trkpt lat="40.258582346141338348388671875" lon="9.42524693906307220458984375">
        <ele>1171.4000244140625</ele>
        <time>2026-09-14T08:55:21.000Z</time>
      </trkpt>
      <trkpt lat="40.25860053487122058868408203125" lon="9.42527434788644313812255859375">
        <ele>1174.4000244140625</ele>
        <time>2026-09-14T08:55:24.000Z</time>
      </trkpt>
      <trkpt lat="40.2585848607122898101806640625" lon="9.42531961016356945037841796875">
        <ele>1177</ele>
        <time>2026-09-14T08:55:27.000Z</time>
      </trkpt>
      <trkpt lat="40.25856248103082180023193359375" lon="9.4253443367779254913330078125">
        <ele>1180</ele>
        <time>2026-09-14T08:55:29.000Z</time>
      </trkpt>
      <trkpt lat="40.25853431783616542816162109375" lon="9.425357915461063385009765625">
        <ele>1181.199951171875</ele>
        <time>2026-09-14T08:55:32.000Z</time>
      </trkpt>
      <trkpt lat="40.258526690304279327392578125" lon="9.4253530539572238922119140625">
        <ele>1180.4000244140625</ele>
        <time>2026-09-14T08:55:33.000Z</time>
      </trkpt>
      <trkpt lat="40.2584405243396759033203125" lon="9.42535967566072940826416015625">
        <ele>1178</ele>
        <time>2026-09-14T08:55:40.000Z</time>
      </trkpt>
      <trkpt lat="40.25841998867690563201904296875" lon="9.42536084912717342376708984375">
        <ele>1177.4000244140625</ele>
        <time>2026-09-14T08:55:42.000Z</time>
      </trkpt>
      <trkpt lat="40.25826509110629558563232421875" lon="9.4254140742123126983642578125">
        <ele>1175.800048828125</ele>
        <time>2026-09-14T08:55:53.000Z</time>
      </trkpt>
      <trkpt lat="40.258171968162059783935546875" lon="9.42546545527875423431396484375">
        <ele>1183.4000244140625</ele>
        <time>2026-09-14T08:56:01.000Z</time>
      </trkpt>
      <trkpt lat="40.25808270089328289031982421875" lon="9.42547299899160861968994140625">
        <ele>1183.199951171875</ele>
        <time>2026-09-14T08:56:09.000Z</time>
      </trkpt>
      <trkpt lat="40.25801078416407108306884765625" lon="9.42546981386840343475341796875">
        <ele>1182.4000244140625</ele>
        <time>2026-09-14T08:56:18.000Z</time>
      </trkpt>
      <trkpt lat="40.2579753287136554718017578125" lon="9.425492696464061737060546875">
        <ele>1183.5999755859375</ele>
        <time>2026-09-14T08:56:21.000Z</time>
      </trkpt>
      <trkpt lat="40.25793300010263919830322265625" lon="9.42549663595855236053466796875">
        <ele>1184</ele>
        <time>2026-09-14T08:56:25.000Z</time>
      </trkpt>
      <trkpt lat="40.25786343030631542205810546875" lon="9.4255310855805873870849609375">
        <ele>1185.800048828125</ele>
        <time>2026-09-14T08:56:32.000Z</time>
      </trkpt>
      <trkpt lat="40.257745496928691864013671875" lon="9.42558229900896549224853515625">
        <ele>1189.5999755859375</ele>
        <time>2026-09-14T08:56:43.000Z</time>
      </trkpt>
      <trkpt lat="40.25764189660549163818359375" lon="9.425638206303119659423828125">
        <ele>1195</ele>
        <time>2026-09-14T08:56:53.000Z</time>
      </trkpt>
      <trkpt lat="40.2576242946088314056396484375" lon="9.42564700730144977569580078125">
        <ele>1196</ele>
        <time>2026-09-14T08:56:55.000Z</time>
      </trkpt>
      <trkpt lat="40.25753603316843509674072265625" lon="9.42566804587841033935546875">
        <ele>1199</ele>
        <time>2026-09-14T08:57:04.000Z</time>
      </trkpt>
      <trkpt lat="40.25743947364389896392822265625" lon="9.42568036727607250213623046875">
        <ele>1200.800048828125</ele>
        <time>2026-09-14T08:57:13.000Z</time>
      </trkpt>
      <trkpt lat="40.25742597877979278564453125" lon="9.425683133304119110107421875">
        <ele>1201.199951171875</ele>
        <time>2026-09-14T08:57:14.000Z</time>
      </trkpt>
      <trkpt lat="40.257357247173786163330078125" lon="9.42570316605269908905029296875">
        <ele>1203.5999755859375</ele>
        <time>2026-09-14T08:57:22.000Z</time>
      </trkpt>
      <trkpt lat="40.25729396380484104156494140625" lon="9.42575178109109401702880859375">
        <ele>1207</ele>
        <time>2026-09-14T08:57:29.000Z</time>
      </trkpt>
      <trkpt lat="40.2572642080485820770263671875" lon="9.4257533736526966094970703125">
        <ele>1207.199951171875</ele>
        <time>2026-09-14T08:57:31.000Z</time>
      </trkpt>
      <trkpt lat="40.25714208371937274932861328125" lon="9.4257996417582035064697265625">
        <ele>1210.5999755859375</ele>
        <time>2026-09-14T08:57:41.000Z</time>
      </trkpt>
      <trkpt lat="40.257058851420879364013671875" lon="9.42579620517790317535400390625">
        <ele>1211.5999755859375</ele>
        <time>2026-09-14T08:57:47.000Z</time>
      </trkpt>
      <trkpt lat="40.257041752338409423828125" lon="9.42579117603600025177001953125">
        <ele>1211.5999755859375</ele>
        <time>2026-09-14T08:57:49.000Z</time>
      </trkpt>
      <trkpt lat="40.256870426237583160400390625" lon="9.42576737143099308013916015625">
        <ele>1213.199951171875</ele>
        <time>2026-09-14T08:58:00.000Z</time>
      </trkpt>
      <trkpt lat="40.2567606233060359954833984375" lon="9.42579318769276142120361328125">
        <ele>1215</ele>
        <time>2026-09-14T08:58:09.000Z</time>
      </trkpt>
      <trkpt lat="40.25666565634310245513916015625" lon="9.425806514918804168701171875">
        <ele>1215.5999755859375</ele>
        <time>2026-09-14T08:58:17.000Z</time>
      </trkpt>
      <trkpt lat="40.25654495693743228912353515625" lon="9.42578983493149280548095703125">
        <ele>1214.5999755859375</ele>
        <time>2026-09-14T08:58:28.000Z</time>
      </trkpt>
      <trkpt lat="40.2564583718776702880859375" lon="9.42575898952782154083251953125">
        <ele>1212.800048828125</ele>
        <time>2026-09-14T08:58:36.000Z</time>
      </trkpt>
      <trkpt lat="40.25638888590037822723388671875" lon="9.42573686130344867706298828125">
        <ele>1211.199951171875</ele>
        <time>2026-09-14T08:58:44.000Z</time>
      </trkpt>
      <trkpt lat="40.256313197314739227294921875" lon="9.4257845543324947357177734375">
        <ele>1212.199951171875</ele>
        <time>2026-09-14T08:58:52.000Z</time>
      </trkpt>
      <trkpt lat="40.2563056536018848419189453125" lon="9.42579335533082485198974609375">
        <ele>1212.5999755859375</ele>
        <time>2026-09-14T08:58:53.000Z</time>
      </trkpt>
      <trkpt lat="40.256222672760486602783203125" lon="9.4259183295071125030517578125">
        <ele>1213.4000244140625</ele>
        <time>2026-09-14T08:59:02.000Z</time>
      </trkpt>
      <trkpt lat="40.25613248348236083984375" lon="9.4259847141802310943603515625">
        <ele>1212.5999755859375</ele>
        <time>2026-09-14T08:59:11.000Z</time>
      </trkpt>
      <trkpt lat="40.25611144490540027618408203125" lon="9.42601027898490428924560546875">
        <ele>1212.199951171875</ele>
        <time>2026-09-14T08:59:13.000Z</time>
      </trkpt>
      <trkpt lat="40.25609099306166172027587890625" lon="9.4260474108159542083740234375">
        <ele>1211.800048828125</ele>
        <time>2026-09-14T08:59:16.000Z</time>
      </trkpt>
      <trkpt lat="40.25608395226299762725830078125" lon="9.4261030666530132293701171875">
        <ele>1211.4000244140625</ele>
        <time>2026-09-14T08:59:20.000Z</time>
      </trkpt>
      <trkpt lat="40.25614329613745212554931640625" lon="9.42621999420225620269775390625">
        <ele>1210.199951171875</ele>
        <time>2026-09-14T08:59:28.000Z</time>
      </trkpt>
      <trkpt lat="40.25618537329137325286865234375" lon="9.42624446935951709747314453125">
        <ele>1210.4000244140625</ele>
        <time>2026-09-14T08:59:33.000Z</time>
      </trkpt>
      <trkpt lat="40.25617472827434539794921875" lon="9.42626349627971649169921875">
        <ele>1210</ele>
        <time>2026-09-14T08:59:35.000Z</time>
      </trkpt>
      <trkpt lat="40.25617782957851886749267578125" lon="9.42626978270709514617919921875">
        <ele>1209.800048828125</ele>
        <time>2026-09-14T08:59:36.000Z</time>
      </trkpt>
      <trkpt lat="40.25619677267968654632568359375" lon="9.426314793527126312255859375">
        <ele>1209.4000244140625</ele>
        <time>2026-09-14T08:59:39.000Z</time>
      </trkpt>
      <trkpt lat="40.25619082152843475341796875" lon="9.426353685557842254638671875">
        <ele>1208.800048828125</ele>
        <time>2026-09-14T08:59:41.000Z</time>
      </trkpt>
      <trkpt lat="40.256185792386531829833984375" lon="9.42636885680258274078369140625">
        <ele>1208.5999755859375</ele>
        <time>2026-09-14T08:59:44.000Z</time>
      </trkpt>
      <trkpt lat="40.25619057007133960723876953125" lon="9.42637807689607143402099609375">
        <ele>1208.4000244140625</ele>
        <time>2026-09-14T08:59:50.000Z</time>
      </trkpt>
      <trkpt lat="40.2562570385634899139404296875" lon="9.42638897337019443511962890625">
        <ele>1209</ele>
        <time>2026-09-14T08:59:57.000Z</time>
      </trkpt>
      <trkpt lat="40.25625846348702907562255859375" lon="9.42639215849339962005615234375">
        <ele>1208.800048828125</ele>
        <time>2026-09-14T09:00:10.000Z</time>
      </trkpt>
      <trkpt lat="40.25625963695347309112548828125" lon="9.4263917393982410430908203125">
        <ele>1209</ele>
        <time>2026-09-14T09:00:26.000Z</time>
      </trkpt>
      <trkpt lat="40.2562543563544750213623046875" lon="9.42640305496752262115478515625">
        <ele>1208.5999755859375</ele>
        <time>2026-09-14T09:01:21.000Z</time>
      </trkpt>
      <trkpt lat="40.25626785121858119964599609375" lon="9.4264125265181064605712890625">
        <ele>1208.5999755859375</ele>
        <time>2026-09-14T09:01:29.000Z</time>
      </trkpt>
      <trkpt lat="40.25629752315580844879150390625" lon="9.4264313019812107086181640625">
        <ele>1208.5999755859375</ele>
        <time>2026-09-14T09:01:31.000Z</time>
      </trkpt>
      <trkpt lat="40.2563086710870265960693359375" lon="9.4264400191605091094970703125">
        <ele>1208.5999755859375</ele>
        <time>2026-09-14T09:01:32.000Z</time>
      </trkpt>
      <trkpt lat="40.2563304640352725982666015625" lon="9.42652660422027111053466796875">
        <ele>1207.4000244140625</ele>
        <time>2026-09-14T09:01:39.000Z</time>
      </trkpt>
      <trkpt lat="40.2562947571277618408203125" lon="9.42654806189239025115966796875">
        <ele>1206.4000244140625</ele>
        <time>2026-09-14T09:01:43.000Z</time>
      </trkpt>
      <trkpt lat="40.2562791667878627777099609375" lon="9.4265644066035747528076171875">
        <ele>1206</ele>
        <time>2026-09-14T09:01:46.000Z</time>
      </trkpt>
      <trkpt lat="40.2562168054282665252685546875" lon="9.42661360837519168853759765625">
        <ele>1204.4000244140625</ele>
        <time>2026-09-14T09:01:53.000Z</time>
      </trkpt>
      <trkpt lat="40.256199873983860015869140625" lon="9.42664026282727718353271484375">
        <ele>1203.800048828125</ele>
        <time>2026-09-14T09:01:55.000Z</time>
      </trkpt>
      <trkpt lat="40.25617615319788455963134765625" lon="9.42668401636183261871337890625">
        <ele>1203.199951171875</ele>
        <time>2026-09-14T09:01:58.000Z</time>
      </trkpt>
      <trkpt lat="40.25616827420890331268310546875" lon="9.42669793032109737396240234375">
        <ele>1203</ele>
        <time>2026-09-14T09:01:59.000Z</time>
      </trkpt>
      <trkpt lat="40.2561645023524761199951171875" lon="9.42671469412744045257568359375">
        <ele>1202.800048828125</ele>
        <time>2026-09-14T09:02:00.000Z</time>
      </trkpt>
      <trkpt lat="40.25617313571274280548095703125" lon="9.42674621008336544036865234375">
        <ele>1202.5999755859375</ele>
        <time>2026-09-14T09:02:02.000Z</time>
      </trkpt>
      <trkpt lat="40.25619593448936939239501953125" lon="9.42676842212677001953125">
        <ele>1202.800048828125</ele>
        <time>2026-09-14T09:02:04.000Z</time>
      </trkpt>
      <trkpt lat="40.25622460059821605682373046875" lon="9.4268188811838626861572265625">
        <ele>1202.800048828125</ele>
        <time>2026-09-14T09:02:08.000Z</time>
      </trkpt>
      <trkpt lat="40.25625360198318958282470703125" lon="9.4268587790429592132568359375">
        <ele>1202.800048828125</ele>
        <time>2026-09-14T09:02:12.000Z</time>
      </trkpt>
      <trkpt lat="40.25624890811741352081298828125" lon="9.4269174523651599884033203125">
        <ele>1201.800048828125</ele>
        <time>2026-09-14T09:02:17.000Z</time>
      </trkpt>
      <trkpt lat="40.256248824298381805419921875" lon="9.42691938020288944244384765625">
        <ele>1201.800048828125</ele>
        <time>2026-09-14T09:02:18.000Z</time>
      </trkpt>
      <trkpt lat="40.25625896640121936798095703125" lon="9.4269204698503017425537109375">
        <ele>1202</ele>
        <time>2026-09-14T09:02:22.000Z</time>
      </trkpt>
      <trkpt lat="40.25627673603594303131103515625" lon="9.42693782038986682891845703125">
        <ele>1202.199951171875</ele>
        <time>2026-09-14T09:02:24.000Z</time>
      </trkpt>
      <trkpt lat="40.256281010806560516357421875" lon="9.426953829824924468994140625">
        <ele>1202</ele>
        <time>2026-09-14T09:02:27.000Z</time>
      </trkpt>
      <trkpt lat="40.25628629140555858612060546875" lon="9.42695684731006622314453125">
        <ele>1202.199951171875</ele>
        <time>2026-09-14T09:02:30.000Z</time>
      </trkpt>
      <trkpt lat="40.25633297860622406005859375" lon="9.42704829387366771697998046875">
        <ele>1202.4000244140625</ele>
        <time>2026-09-14T09:02:38.000Z</time>
      </trkpt>
      <trkpt lat="40.2563468925654888153076171875" lon="9.42707947455346584320068359375">
        <ele>1202.4000244140625</ele>
        <time>2026-09-14T09:02:40.000Z</time>
      </trkpt>
      <trkpt lat="40.256361477077007293701171875" lon="9.42715130746364593505859375">
        <ele>1202.199951171875</ele>
        <time>2026-09-14T09:02:47.000Z</time>
      </trkpt>
      <trkpt lat="40.256360806524753570556640625" lon="9.42715130746364593505859375">
        <ele>1202.199951171875</ele>
        <time>2026-09-14T09:02:48.000Z</time>
      </trkpt>
      <trkpt lat="40.2563626505434513092041015625" lon="9.427149295806884765625">
        <ele>1202.199951171875</ele>
        <time>2026-09-14T09:02:52.000Z</time>
      </trkpt>
      <trkpt lat="40.2563468925654888153076171875" lon="9.427167735993862152099609375">
        <ele>1201.800048828125</ele>
        <time>2026-09-14T09:02:58.000Z</time>
      </trkpt>
      <trkpt lat="40.25634236633777618408203125" lon="9.42717536352574825286865234375">
        <ele>1201.5999755859375</ele>
        <time>2026-09-14T09:02:59.000Z</time>
      </trkpt>
      <trkpt lat="40.2563432045280933380126953125" lon="9.42721408791840076446533203125">
        <ele>1201.5999755859375</ele>
        <time>2026-09-14T09:03:03.000Z</time>
      </trkpt>
      <trkpt lat="40.25634043850004673004150390625" lon="9.42724057473242282867431640625">
        <ele>1201.4000244140625</ele>
        <time>2026-09-14T09:03:06.000Z</time>
      </trkpt>
      <trkpt lat="40.25637396611273288726806640625" lon="9.4273060373961925506591796875">
        <ele>1202.199951171875</ele>
        <time>2026-09-14T09:03:14.000Z</time>
      </trkpt>
      <trkpt lat="40.256408751010894775390625" lon="9.42737284116446971893310546875">
        <ele>1203</ele>
        <time>2026-09-14T09:03:19.000Z</time>
      </trkpt>
      <trkpt lat="40.2564100921154022216796875" lon="9.42738625220954418182373046875">
        <ele>1202.800048828125</ele>
        <time>2026-09-14T09:03:20.000Z</time>
      </trkpt>
      <trkpt lat="40.256422497332096099853515625" lon="9.42743201740086078643798828125">
        <ele>1203</ele>
        <time>2026-09-14T09:03:23.000Z</time>
      </trkpt>
      <trkpt lat="40.2564411051571369171142578125" lon="9.42750460468232631683349609375">
        <ele>1203.4000244140625</ele>
        <time>2026-09-14T09:03:28.000Z</time>
      </trkpt>
      <trkpt lat="40.256484858691692352294921875" lon="9.427618347108364105224609375">
        <ele>1204.199951171875</ele>
        <time>2026-09-14T09:03:37.000Z</time>
      </trkpt>
      <trkpt lat="40.25653691031038761138916015625" lon="9.42765288054943084716796875">
        <ele>1205.5999755859375</ele>
        <time>2026-09-14T09:03:44.000Z</time>
      </trkpt>
      <trkpt lat="40.25658317841589450836181640625" lon="9.4276664592325687408447265625">
        <ele>1206.800048828125</ele>
        <time>2026-09-14T09:03:50.000Z</time>
      </trkpt>
      <trkpt lat="40.2565951645374298095703125" lon="9.42766964435577392578125">
        <ele>1207.199951171875</ele>
        <time>2026-09-14T09:03:53.000Z</time>
      </trkpt>
      <trkpt lat="40.25661804713308811187744140625" lon="9.42767475731670856475830078125">
        <ele>1207.800048828125</ele>
        <time>2026-09-14T09:03:58.000Z</time>
      </trkpt>
      <trkpt lat="40.256635062396526336669921875" lon="9.427709877490997314453125">
        <ele>1208</ele>
        <time>2026-09-14T09:04:01.000Z</time>
      </trkpt>
      <trkpt lat="40.25665157474577426910400390625" lon="9.4277459196746349334716796875">
        <ele>1208.199951171875</ele>
        <time>2026-09-14T09:04:05.000Z</time>
      </trkpt>
      <trkpt lat="40.25666783563792705535888671875" lon="9.4277670420706272125244140625">
        <ele>1208.4000244140625</ele>
        <time>2026-09-14T09:04:07.000Z</time>
      </trkpt>
      <trkpt lat="40.2567220665514469146728515625" lon="9.427798055112361907958984375">
        <ele>1209.5999755859375</ele>
        <time>2026-09-14T09:04:13.000Z</time>
      </trkpt>
      <trkpt lat="40.2567344717681407928466796875" lon="9.4278005696833133697509765625">
        <ele>1209.800048828125</ele>
        <time>2026-09-14T09:04:17.000Z</time>
      </trkpt>
      <trkpt lat="40.256793312728404998779296875" lon="9.42782412283122539520263671875">
        <ele>1211</ele>
        <time>2026-09-14T09:04:23.000Z</time>
      </trkpt>
      <trkpt lat="40.25679557584226131439208984375" lon="9.42782999016344547271728515625">
        <ele>1211</ele>
        <time>2026-09-14T09:04:28.000Z</time>
      </trkpt>
      <trkpt lat="40.2568199671804904937744140625" lon="9.42789335735142230987548828125">
        <ele>1211.199951171875</ele>
        <time>2026-09-14T09:04:37.000Z</time>
      </trkpt>
      <trkpt lat="40.25685441680252552032470703125" lon="9.428018666803836822509765625">
        <ele>1211.5999755859375</ele>
        <time>2026-09-14T09:04:45.000Z</time>
      </trkpt>
      <trkpt lat="40.25690822862088680267333984375" lon="9.42813475616276264190673828125">
        <ele>1212.199951171875</ele>
        <time>2026-09-14T09:04:55.000Z</time>
      </trkpt>
      <trkpt lat="40.25691543705761432647705078125" lon="9.428152777254581451416015625">
        <ele>1212.199951171875</ele>
        <time>2026-09-14T09:04:57.000Z</time>
      </trkpt>
      <trkpt lat="40.25694427080452442169189453125" lon="9.4282250292599201202392578125">
        <ele>1212.5999755859375</ele>
        <time>2026-09-14T09:05:05.000Z</time>
      </trkpt>
      <trkpt lat="40.256973691284656524658203125" lon="9.42826484329998493194580078125">
        <ele>1213</ele>
        <time>2026-09-14T09:05:10.000Z</time>
      </trkpt>
      <trkpt lat="40.25699506513774394989013671875" lon="9.428296275436878204345703125">
        <ele>1213.199951171875</ele>
        <time>2026-09-14T09:05:14.000Z</time>
      </trkpt>
      <trkpt lat="40.25700244121253490447998046875" lon="9.42831479944288730621337890625">
        <ele>1213.199951171875</ele>
        <time>2026-09-14T09:05:18.000Z</time>
      </trkpt>
      <trkpt lat="40.25701585225760936737060546875" lon="9.42832066677510738372802734375">
        <ele>1213.5999755859375</ele>
        <time>2026-09-14T09:05:20.000Z</time>
      </trkpt>
      <trkpt lat="40.25703546591103076934814453125" lon="9.42835385911166667938232421875">
        <ele>1214</ele>
        <time>2026-09-14T09:05:23.000Z</time>
      </trkpt>
      <trkpt lat="40.2570731006562709808349609375" lon="9.42841923795640468597412109375">
        <ele>1215</ele>
        <time>2026-09-14T09:05:28.000Z</time>
      </trkpt>
      <trkpt lat="40.2570861764252185821533203125" lon="9.42843080498278141021728515625">
        <ele>1215.199951171875</ele>
        <time>2026-09-14T09:05:30.000Z</time>
      </trkpt>
      <trkpt lat="40.25713403709232807159423828125" lon="9.4284677691757678985595703125">
        <ele>1216.199951171875</ele>
        <time>2026-09-14T09:05:35.000Z</time>
      </trkpt>
      <trkpt lat="40.2571582607924938201904296875" lon="9.42849752493202686309814453125">
        <ele>1216.800048828125</ele>
        <time>2026-09-14T09:05:39.000Z</time>
      </trkpt>
      <trkpt lat="40.2571770362555980682373046875" lon="9.428514204919338226318359375">
        <ele>1217.199951171875</ele>
        <time>2026-09-14T09:05:41.000Z</time>
      </trkpt>
      <trkpt lat="40.25725088082253932952880859375" lon="9.42858628928661346435546875">
        <ele>1219</ele>
        <time>2026-09-14T09:05:50.000Z</time>
      </trkpt>
      <trkpt lat="40.25730636902153491973876953125" lon="9.42864395678043365478515625">
        <ele>1220.4000244140625</ele>
        <time>2026-09-14T09:05:58.000Z</time>
      </trkpt>
      <trkpt lat="40.257312320172786712646484375" lon="9.42865376360714435577392578125">
        <ele>1220.5999755859375</ele>
        <time>2026-09-14T09:05:59.000Z</time>
      </trkpt>
      <trkpt lat="40.25737233459949493408203125" lon="9.428720064461231231689453125">
        <ele>1222.199951171875</ele>
        <time>2026-09-14T09:06:07.000Z</time>
      </trkpt>
      <trkpt lat="40.25744249112904071807861328125" lon="9.42879508249461650848388671875">
        <ele>1224</ele>
        <time>2026-09-14T09:06:17.000Z</time>
      </trkpt>
      <trkpt lat="40.25747367180883884429931640625" lon="9.42883766256272792816162109375">
        <ele>1224.5999755859375</ele>
        <time>2026-09-14T09:06:23.000Z</time>
      </trkpt>
      <trkpt lat="40.25748708285391330718994140625" lon="9.4288459606468677520751953125">
        <ele>1224.800048828125</ele>
        <time>2026-09-14T09:06:25.000Z</time>
      </trkpt>
      <trkpt lat="40.25753402151167392730712890625" lon="9.42887890152633190155029296875">
        <ele>1225.800048828125</ele>
        <time>2026-09-14T09:06:32.000Z</time>
      </trkpt>
      <trkpt lat="40.25758531875908374786376953125" lon="9.42893623374402523040771484375">
        <ele>1226</ele>
        <time>2026-09-14T09:06:40.000Z</time>
      </trkpt>
      <trkpt lat="40.25762706063687801361083984375" lon="9.4289933145046234130859375">
        <ele>1226.199951171875</ele>
        <time>2026-09-14T09:06:47.000Z</time>
      </trkpt>
      <trkpt lat="40.2576903440058231353759765625" lon="9.4290508143603801727294921875">
        <ele>1226.5999755859375</ele>
        <time>2026-09-14T09:06:56.000Z</time>
      </trkpt>
      <trkpt lat="40.25772772729396820068359375" lon="9.4290866889059543609619140625">
        <ele>1226.800048828125</ele>
        <time>2026-09-14T09:07:03.000Z</time>
      </trkpt>
      <trkpt lat="40.257735438644886016845703125" lon="9.429083168506622314453125">
        <ele>1227</ele>
        <time>2026-09-14T09:07:07.000Z</time>
      </trkpt>
      <trkpt lat="40.25773711502552032470703125" lon="9.429080151021480560302734375">
        <ele>1227.199951171875</ele>
        <time>2026-09-14T09:07:09.000Z</time>
      </trkpt>
      <trkpt lat="40.2577771805226802825927734375" lon="9.42908191122114658355712890625">
        <ele>1227.5999755859375</ele>
        <time>2026-09-14T09:07:14.000Z</time>
      </trkpt>
      <trkpt lat="40.25779486633837223052978515625" lon="9.42907822318375110626220703125">
        <ele>1228</ele>
        <time>2026-09-14T09:07:16.000Z</time>
      </trkpt>
      <trkpt lat="40.25787784717977046966552734375" lon="9.4290555082261562347412109375">
        <ele>1229.4000244140625</ele>
        <time>2026-09-14T09:07:23.000Z</time>
      </trkpt>
      <trkpt lat="40.25798966176807880401611328125" lon="9.42907101474702358245849609375">
        <ele>1231.4000244140625</ele>
        <time>2026-09-14T09:07:33.000Z</time>
      </trkpt>
      <trkpt lat="40.25807498954236507415771484375" lon="9.4291386567056179046630859375">
        <ele>1232</ele>
        <time>2026-09-14T09:07:42.000Z</time>
      </trkpt>
      <trkpt lat="40.2580926753580570220947265625" lon="9.429155252873897552490234375">
        <ele>1232.199951171875</ele>
        <time>2026-09-14T09:07:44.000Z</time>
      </trkpt>
      <trkpt lat="40.25812871754169464111328125" lon="9.42921417765319347381591796875">
        <ele>1231.800048828125</ele>
        <time>2026-09-14T09:07:49.000Z</time>
      </trkpt>
      <trkpt lat="40.25816383771598339080810546875" lon="9.4292452745139598846435546875">
        <ele>1232</ele>
        <time>2026-09-14T09:07:54.000Z</time>
      </trkpt>
      <trkpt lat="40.25818931870162487030029296875" lon="9.42927268333733081817626953125">
        <ele>1232</ele>
        <time>2026-09-14T09:07:57.000Z</time>
      </trkpt>
      <trkpt lat="40.25823072530329227447509765625" lon="9.42932121455669403076171875">
        <ele>1232</ele>
        <time>2026-09-14T09:08:04.000Z</time>
      </trkpt>
      <trkpt lat="40.2583085931837558746337890625" lon="9.42938961088657379150390625">
        <ele>1232.199951171875</ele>
        <time>2026-09-14T09:08:11.000Z</time>
      </trkpt>
      <trkpt lat="40.25834790430963039398193359375" lon="9.42945188842713832855224609375">
        <ele>1231.800048828125</ele>
        <time>2026-09-14T09:08:17.000Z</time>
      </trkpt>
      <trkpt lat="40.258366428315639495849609375" lon="9.42947569303214550018310546875">
        <ele>1231.800048828125</ele>
        <time>2026-09-14T09:08:19.000Z</time>
      </trkpt>
      <trkpt lat="40.25844831950962543487548828125" lon="9.429554902017116546630859375">
        <ele>1231.800048828125</ele>
        <time>2026-09-14T09:08:29.000Z</time>
      </trkpt>
      <trkpt lat="40.25845435447990894317626953125" lon="9.42956529557704925537109375">
        <ele>1231.5999755859375</ele>
        <time>2026-09-14T09:08:30.000Z</time>
      </trkpt>
      <trkpt lat="40.2584604732692241668701171875" lon="9.4296227954328060150146484375">
        <ele>1231</ele>
        <time>2026-09-14T09:08:35.000Z</time>
      </trkpt>
      <trkpt lat="40.25849944911897182464599609375" lon="9.42978322505950927734375">
        <ele>1229.4000244140625</ele>
        <time>2026-09-14T09:08:45.000Z</time>
      </trkpt>
      <trkpt lat="40.25850581936538219451904296875" lon="9.429870732128620147705078125">
        <ele>1228.4000244140625</ele>
        <time>2026-09-14T09:08:51.000Z</time>
      </trkpt>
      <trkpt lat="40.258508585393428802490234375" lon="9.429882131516933441162109375">
        <ele>1228.4000244140625</ele>
        <time>2026-09-14T09:08:52.000Z</time>
      </trkpt>
      <trkpt lat="40.25851252488791942596435546875" lon="9.42992747761309146881103515625">
        <ele>1228</ele>
        <time>2026-09-14T09:08:55.000Z</time>
      </trkpt>
      <trkpt lat="40.25851604528725147247314453125" lon="9.43001230247318744659423828125">
        <ele>1227.4000244140625</ele>
        <time>2026-09-14T09:09:00.000Z</time>
      </trkpt>
      <trkpt lat="40.25853775441646575927734375" lon="9.43011623807251453399658203125">
        <ele>1226.4000244140625</ele>
        <time>2026-09-14T09:09:06.000Z</time>
      </trkpt>
      <trkpt lat="40.25855443440377712249755859375" lon="9.4301359355449676513671875">
        <ele>1226.4000244140625</ele>
        <time>2026-09-14T09:09:08.000Z</time>
      </trkpt>
      <trkpt lat="40.25863054208457469940185546875" lon="9.43018983118236064910888671875">
        <ele>1226</ele>
        <time>2026-09-14T09:09:16.000Z</time>
      </trkpt>
      <trkpt lat="40.25864009745419025421142578125" lon="9.4302065111696720123291015625">
        <ele>1226</ele>
        <time>2026-09-14T09:09:21.000Z</time>
      </trkpt>
      <trkpt lat="40.25866742245852947235107421875" lon="9.4302175752818584442138671875">
        <ele>1225.800048828125</ele>
        <time>2026-09-14T09:09:31.000Z</time>
      </trkpt>
      <trkpt lat="40.2586971782147884368896484375" lon="9.43026962690055370330810546875">
        <ele>1225.4000244140625</ele>
        <time>2026-09-14T09:09:44.000Z</time>
      </trkpt>
      <trkpt lat="40.2587947435677051544189453125" lon="9.430379010736942291259765625">
        <ele>1224.5999755859375</ele>
        <time>2026-09-14T09:09:52.000Z</time>
      </trkpt>
      <trkpt lat="40.25888836942613124847412109375" lon="9.43047028966248035430908203125">
        <ele>1223.800048828125</ele>
        <time>2026-09-14T09:10:00.000Z</time>
      </trkpt>
      <trkpt lat="40.25892977602779865264892578125" lon="9.43052158690989017486572265625">
        <ele>1223.199951171875</ele>
        <time>2026-09-14T09:10:04.000Z</time>
      </trkpt>
      <trkpt lat="40.25894268415868282318115234375" lon="9.430562742054462432861328125">
        <ele>1222.800048828125</ele>
        <time>2026-09-14T09:10:07.000Z</time>
      </trkpt>
      <trkpt lat="40.25895508937537670135498046875" lon="9.43058780394494533538818359375">
        <ele>1222.4000244140625</ele>
        <time>2026-09-14T09:10:09.000Z</time>
      </trkpt>
      <trkpt lat="40.2590113319456577301025390625" lon="9.4306410290300846099853515625">
        <ele>1221.800048828125</ele>
        <time>2026-09-14T09:10:15.000Z</time>
      </trkpt>
      <trkpt lat="40.25907075963914394378662109375" lon="9.43073549307882785797119140625">
        <ele>1220.800048828125</ele>
        <time>2026-09-14T09:10:24.000Z</time>
      </trkpt>
      <trkpt lat="40.2590995095670223236083984375" lon="9.43081277422606945037841796875">
        <ele>1220</ele>
        <time>2026-09-14T09:10:29.000Z</time>
      </trkpt>
      <trkpt lat="40.2591405808925628662109375" lon="9.43086482584476470947265625">
        <ele>1219.800048828125</ele>
        <time>2026-09-14T09:10:33.000Z</time>
      </trkpt>
      <trkpt lat="40.25918525643646717071533203125" lon="9.4309481419622898101806640625">
        <ele>1219.199951171875</ele>
        <time>2026-09-14T09:10:40.000Z</time>
      </trkpt>
      <trkpt lat="40.2591808140277862548828125" lon="9.43098292686045169830322265625">
        <ele>1218.800048828125</ele>
        <time>2026-09-14T09:10:43.000Z</time>
      </trkpt>
      <trkpt lat="40.25918425060808658599853515625" lon="9.4310396723449230194091796875">
        <ele>1218.199951171875</ele>
        <time>2026-09-14T09:10:47.000Z</time>
      </trkpt>
      <trkpt lat="40.25919632054865360260009765625" lon="9.4311861880123615264892578125">
        <ele>1217</ele>
        <time>2026-09-14T09:10:55.000Z</time>
      </trkpt>
      <trkpt lat="40.25920419953763484954833984375" lon="9.43122080527245998382568359375">
        <ele>1217</ele>
        <time>2026-09-14T09:10:58.000Z</time>
      </trkpt>
      <trkpt lat="40.25920805521309375762939453125" lon="9.431289620697498321533203125">
        <ele>1216.5999755859375</ele>
        <time>2026-09-14T09:11:03.000Z</time>
      </trkpt>
      <trkpt lat="40.25920805521309375762939453125" lon="9.43130814470350742340087890625">
        <ele>1216.5999755859375</ele>
        <time>2026-09-14T09:11:04.000Z</time>
      </trkpt>
      <trkpt lat="40.25924543850123882293701171875" lon="9.43143420852720737457275390625">
        <ele>1216</ele>
        <time>2026-09-14T09:11:12.000Z</time>
      </trkpt>
      <trkpt lat="40.25927058421075344085693359375" lon="9.4315439276397228240966796875">
        <ele>1215.4000244140625</ele>
        <time>2026-09-14T09:11:19.000Z</time>
      </trkpt>
      <trkpt lat="40.25922976434230804443359375" lon="9.4316237233579158782958984375">
        <ele>1215</ele>
        <time>2026-09-14T09:11:26.000Z</time>
      </trkpt>
      <trkpt lat="40.25920470245182514190673828125" lon="9.43174551241099834442138671875">
        <ele>1215</ele>
        <time>2026-09-14T09:11:34.000Z</time>
      </trkpt>
      <trkpt lat="40.25918743573129177093505859375" lon="9.43177141249179840087890625">
        <ele>1215.199951171875</ele>
        <time>2026-09-14T09:11:36.000Z</time>
      </trkpt>
      <trkpt lat="40.259153656661510467529296875" lon="9.43184525705873966217041015625">
        <ele>1215.5999755859375</ele>
        <time>2026-09-14T09:11:41.000Z</time>
      </trkpt>
      <trkpt lat="40.25908785872161388397216796875" lon="9.43190728314220905303955078125">
        <ele>1216</ele>
        <time>2026-09-14T09:11:48.000Z</time>
      </trkpt>
      <trkpt lat="40.2590830810368061065673828125" lon="9.43191222846508026123046875">
        <ele>1216</ele>
        <time>2026-09-14T09:11:49.000Z</time>
      </trkpt>
      <trkpt lat="40.25906925089657306671142578125" lon="9.43196897394955158233642578125">
        <ele>1216.4000244140625</ele>
        <time>2026-09-14T09:11:53.000Z</time>
      </trkpt>
      <trkpt lat="40.259028933942317962646484375" lon="9.43205178715288639068603515625">
        <ele>1217.199951171875</ele>
        <time>2026-09-14T09:12:00.000Z</time>
      </trkpt>
      <trkpt lat="40.25902113877236843109130859375" lon="9.43207852542400360107421875">
        <ele>1217.4000244140625</ele>
        <time>2026-09-14T09:12:02.000Z</time>
      </trkpt>
      <trkpt lat="40.25898811407387256622314453125" lon="9.432176761329174041748046875">
        <ele>1218.199951171875</ele>
        <time>2026-09-14T09:12:10.000Z</time>
      </trkpt>
      <trkpt lat="40.25890647433698177337646484375" lon="9.4322117976844310760498046875">
        <ele>1218.800048828125</ele>
        <time>2026-09-14T09:12:17.000Z</time>
      </trkpt>
      <trkpt lat="40.258875377476215362548828125" lon="9.432214312255382537841796875">
        <ele>1219</ele>
        <time>2026-09-14T09:12:20.000Z</time>
      </trkpt>
      <trkpt lat="40.25877605192363262176513671875" lon="9.43224909715354442596435546875">
        <ele>1219.4000244140625</ele>
        <time>2026-09-14T09:12:29.000Z</time>
      </trkpt>
      <trkpt lat="40.25874285958707332611083984375" lon="9.432336352765560150146484375">
        <ele>1220</ele>
        <time>2026-09-14T09:12:37.000Z</time>
      </trkpt>
      <trkpt lat="40.25872693397104740142822265625" lon="9.43235638551414012908935546875">
        <ele>1220.199951171875</ele>
        <time>2026-09-14T09:12:39.000Z</time>
      </trkpt>
      <trkpt lat="40.258699357509613037109375" lon="9.43237088620662689208984375">
        <ele>1220.199951171875</ele>
        <time>2026-09-14T09:12:43.000Z</time>
      </trkpt>
      <trkpt lat="40.25868385098874568939208984375" lon="9.43243081681430339813232421875">
        <ele>1220.5999755859375</ele>
        <time>2026-09-14T09:12:49.000Z</time>
      </trkpt>
      <trkpt lat="40.25867295451462268829345703125" lon="9.43249233998358249664306640625">
        <ele>1221.199951171875</ele>
        <time>2026-09-14T09:12:54.000Z</time>
      </trkpt>
      <trkpt lat="40.2586639858782291412353515625" lon="9.43251547403633594512939453125">
        <ele>1221.4000244140625</ele>
        <time>2026-09-14T09:12:56.000Z</time>
      </trkpt>
      <trkpt lat="40.25865233503282070159912109375" lon="9.43259845487773418426513671875">
        <ele>1222.5999755859375</ele>
        <time>2026-09-14T09:13:01.000Z</time>
      </trkpt>
      <trkpt lat="40.2586465515196323394775390625" lon="9.43263265304267406463623046875">
        <ele>1223</ele>
        <time>2026-09-14T09:13:04.000Z</time>
      </trkpt>
      <trkpt lat="40.25858343578875064849853515625" lon="9.432720243930816650390625">
        <ele>1223.800048828125</ele>
        <time>2026-09-14T09:13:11.000Z</time>
      </trkpt>
      <trkpt lat="40.2585483156144618988037109375" lon="9.4328074157238006591796875">
        <ele>1224.5999755859375</ele>
        <time>2026-09-14T09:13:18.000Z</time>
      </trkpt>
      <trkpt lat="40.258528031408786773681640625" lon="9.432843290269374847412109375">
        <ele>1224.800048828125</ele>
        <time>2026-09-14T09:13:21.000Z</time>
      </trkpt>
      <trkpt lat="40.2585228346288204193115234375" lon="9.43286248482763767242431640625">
        <ele>1224.800048828125</ele>
        <time>2026-09-14T09:13:23.000Z</time>
      </trkpt>
      <trkpt lat="40.25850288569927215576171875" lon="9.43291093222796916961669921875">
        <ele>1225.199951171875</ele>
        <time>2026-09-14T09:13:28.000Z</time>
      </trkpt>
      <trkpt lat="40.258479081094264984130859375" lon="9.432953260838985443115234375">
        <ele>1225.4000244140625</ele>
        <time>2026-09-14T09:13:32.000Z</time>
      </trkpt>
      <trkpt lat="40.25845804251730442047119140625" lon="9.432972371578216552734375">
        <ele>1225.199951171875</ele>
        <time>2026-09-14T09:13:34.000Z</time>
      </trkpt>
      <trkpt lat="40.25844211690127849578857421875" lon="9.43300598300993442535400390625">
        <ele>1225</ele>
        <time>2026-09-14T09:13:37.000Z</time>
      </trkpt>
      <trkpt lat="40.2584544382989406585693359375" lon="9.43305644206702709197998046875">
        <ele>1225.4000244140625</ele>
        <time>2026-09-14T09:13:41.000Z</time>
      </trkpt>
      <trkpt lat="40.25848838500678539276123046875" lon="9.43314470350742340087890625">
        <ele>1226.4000244140625</ele>
        <time>2026-09-14T09:13:48.000Z</time>
      </trkpt>
      <trkpt lat="40.258507914841175079345703125" lon="9.433165155351161956787109375">
        <ele>1226.800048828125</ele>
        <time>2026-09-14T09:13:51.000Z</time>
      </trkpt>
      <trkpt lat="40.2585523389279842376708984375" lon="9.43321502767503261566162109375">
        <ele>1227.800048828125</ele>
        <time>2026-09-14T09:13:57.000Z</time>
      </trkpt>
      <trkpt lat="40.25855259038507938385009765625" lon="9.43324369378387928009033203125">
        <ele>1228</ele>
        <time>2026-09-14T09:14:00.000Z</time>
      </trkpt>
      <trkpt lat="40.2585647441446781158447265625" lon="9.4332794845104217529296875">
        <ele>1228.4000244140625</ele>
        <time>2026-09-14T09:14:06.000Z</time>
      </trkpt>
      <trkpt lat="40.2585851959884166717529296875" lon="9.43333639763295650482177734375">
        <ele>1229</ele>
        <time>2026-09-14T09:14:13.000Z</time>
      </trkpt>
      <trkpt lat="40.258586369454860687255859375" lon="9.43335399962961673736572265625">
        <ele>1229.199951171875</ele>
        <time>2026-09-14T09:14:14.000Z</time>
      </trkpt>
      <trkpt lat="40.25859064422547817230224609375" lon="9.4334425963461399078369140625">
        <ele>1229</ele>
        <time>2026-09-14T09:14:19.000Z</time>
      </trkpt>
      <trkpt lat="40.25859542191028594970703125" lon="9.43345324136316776275634765625">
        <ele>1229.199951171875</ele>
        <time>2026-09-14T09:14:20.000Z</time>
      </trkpt>
      <trkpt lat="40.25862517766654491424560546875" lon="9.43346799351274967193603515625">
        <ele>1230</ele>
        <time>2026-09-14T09:14:24.000Z</time>
      </trkpt>
      <trkpt lat="40.25867764838039875030517578125" lon="9.433545358479022979736328125">
        <ele>1231.4000244140625</ele>
        <time>2026-09-14T09:14:32.000Z</time>
      </trkpt>
      <trkpt lat="40.25870715267956256866455078125" lon="9.4336487911641597747802734375">
        <ele>1232.199951171875</ele>
        <time>2026-09-14T09:14:39.000Z</time>
      </trkpt>
      <trkpt lat="40.25871871970593929290771484375" lon="9.43370218388736248016357421875">
        <ele>1232.5999755859375</ele>
        <time>2026-09-14T09:14:44.000Z</time>
      </trkpt>
      <trkpt lat="40.25873598642647266387939453125" lon="9.43372716195881366729736328125">
        <ele>1233.199951171875</ele>
        <time>2026-09-14T09:14:47.000Z</time>
      </trkpt>
      <trkpt lat="40.258757360279560089111328125" lon="9.4338204525411128997802734375">
        <ele>1234</ele>
        <time>2026-09-14T09:14:54.000Z</time>
      </trkpt>
      <trkpt lat="40.258758366107940673828125" lon="9.43387962877750396728515625">
        <ele>1234.4000244140625</ele>
        <time>2026-09-14T09:14:58.000Z</time>
      </trkpt>
      <trkpt lat="40.25876247324049472808837890625" lon="9.43388591520488262176513671875">
        <ele>1234.5999755859375</ele>
        <time>2026-09-14T09:14:59.000Z</time>
      </trkpt>
      <trkpt lat="40.2587731182575225830078125" lon="9.433906115591526031494140625">
        <ele>1234.800048828125</ele>
        <time>2026-09-14T09:15:01.000Z</time>
      </trkpt>
      <trkpt lat="40.258772782981395721435546875" lon="9.43396252579987049102783203125">
        <ele>1234.800048828125</ele>
        <time>2026-09-14T09:15:05.000Z</time>
      </trkpt>
      <trkpt lat="40.25878326036036014556884765625" lon="9.4340115599334239959716796875">
        <ele>1235</ele>
        <time>2026-09-14T09:15:11.000Z</time>
      </trkpt>
      <trkpt lat="40.2587923966348171234130859375" lon="9.434080459177494049072265625">
        <ele>1235.199951171875</ele>
        <time>2026-09-14T09:15:17.000Z</time>
      </trkpt>
      <trkpt lat="40.2587967552244663238525390625" lon="9.43409328348934650421142578125">
        <ele>1235.4000244140625</ele>
        <time>2026-09-14T09:15:18.000Z</time>
      </trkpt>
      <trkpt lat="40.25879566557705402374267578125" lon="9.43413502536714076995849609375">
        <ele>1235.4000244140625</ele>
        <time>2026-09-14T09:15:22.000Z</time>
      </trkpt>
      <trkpt lat="40.2587763033807277679443359375" lon="9.434174001216888427734375">
        <ele>1235.199951171875</ele>
        <time>2026-09-14T09:15:26.000Z</time>
      </trkpt>
      <trkpt lat="40.258768089115619659423828125" lon="9.43422622047364711761474609375">
        <ele>1235.199951171875</ele>
        <time>2026-09-14T09:15:30.000Z</time>
      </trkpt>
      <trkpt lat="40.258758366107940673828125" lon="9.43425136618316173553466796875">
        <ele>1235</ele>
        <time>2026-09-14T09:15:32.000Z</time>
      </trkpt>
      <trkpt lat="40.2587194740772247314453125" lon="9.434331245720386505126953125">
        <ele>1234.4000244140625</ele>
        <time>2026-09-14T09:15:39.000Z</time>
      </trkpt>
      <trkpt lat="40.25864529423415660858154296875" lon="9.43437525071203708648681640625">
        <ele>1233</ele>
        <time>2026-09-14T09:15:46.000Z</time>
      </trkpt>
      <trkpt lat="40.25859768502414226531982421875" lon="9.43438882939517498016357421875">
        <ele>1232</ele>
        <time>2026-09-14T09:15:51.000Z</time>
      </trkpt>
      <trkpt lat="40.25856717489659786224365234375" lon="9.434404335916042327880859375">
        <ele>1231.4000244140625</ele>
        <time>2026-09-14T09:15:55.000Z</time>
      </trkpt>
      <trkpt lat="40.25853146798908710479736328125" lon="9.43441146053373813629150390625">
        <ele>1230.5999755859375</ele>
        <time>2026-09-14T09:15:59.000Z</time>
      </trkpt>
      <trkpt lat="40.25850699283182621002197265625" lon="9.43441598676145076751708984375">
        <ele>1230</ele>
        <time>2026-09-14T09:16:01.000Z</time>
      </trkpt>
      <trkpt lat="40.25848838500678539276123046875" lon="9.43445420823991298675537109375">
        <ele>1230</ele>
        <time>2026-09-14T09:16:05.000Z</time>
      </trkpt>
      <trkpt lat="40.25848545134067535400390625" lon="9.43449712358415126800537109375">
        <ele>1230.199951171875</ele>
        <time>2026-09-14T09:16:08.000Z</time>
      </trkpt>
      <trkpt lat="40.258479416370391845703125" lon="9.43450852297246456146240234375">
        <ele>1230.199951171875</ele>
        <time>2026-09-14T09:16:09.000Z</time>
      </trkpt>
      <trkpt lat="40.25843189097940921783447265625" lon="9.43454758264124393463134765625">
        <ele>1229.4000244140625</ele>
        <time>2026-09-14T09:16:15.000Z</time>
      </trkpt>
      <trkpt lat="40.258422754704952239990234375" lon="9.43454682826995849609375">
        <ele>1229.199951171875</ele>
        <time>2026-09-14T09:16:16.000Z</time>
      </trkpt>
      <trkpt lat="40.25838796980679035186767578125" lon="9.434565939009189605712890625">
        <ele>1228.5999755859375</ele>
        <time>2026-09-14T09:16:21.000Z</time>
      </trkpt>
      <trkpt lat="40.25837791152298450469970703125" lon="9.4345775060355663299560546875">
        <ele>1228.199951171875</ele>
        <time>2026-09-14T09:16:22.000Z</time>
      </trkpt>
      <trkpt lat="40.25835896842181682586669921875" lon="9.43458027206361293792724609375">
        <ele>1227.5999755859375</ele>
        <time>2026-09-14T09:16:24.000Z</time>
      </trkpt>
      <trkpt lat="40.258350670337677001953125" lon="9.43457993678748607635498046875">
        <ele>1227.4000244140625</ele>
        <time>2026-09-14T09:16:26.000Z</time>
      </trkpt>
      <trkpt lat="40.25834304280579090118408203125" lon="9.43461715243756771087646484375">
        <ele>1227.199951171875</ele>
        <time>2026-09-14T09:16:29.000Z</time>
      </trkpt>
      <trkpt lat="40.25832208804786205291748046875" lon="9.4346428848803043365478515625">
        <ele>1226.5999755859375</ele>
        <time>2026-09-14T09:16:32.000Z</time>
      </trkpt>
      <trkpt lat="40.2583183161914348602294921875" lon="9.4346469081938266754150390625">
        <ele>1226.5999755859375</ele>
        <time>2026-09-14T09:16:33.000Z</time>
      </trkpt>
      <trkpt lat="40.2583059109747409820556640625" lon="9.434699378907680511474609375">
        <ele>1226.199951171875</ele>
        <time>2026-09-14T09:16:39.000Z</time>
      </trkpt>
      <trkpt lat="40.258334241807460784912109375" lon="9.43481261841952800750732421875">
        <ele>1227.4000244140625</ele>
        <time>2026-09-14T09:16:50.000Z</time>
      </trkpt>
      <trkpt lat="40.2583494968712329864501953125" lon="9.43489794619381427764892578125">
        <ele>1228.4000244140625</ele>
        <time>2026-09-14T09:17:00.000Z</time>
      </trkpt>
      <trkpt lat="40.25836919434368610382080078125" lon="9.43496282212436199188232421875">
        <ele>1229.4000244140625</ele>
        <time>2026-09-14T09:17:05.000Z</time>
      </trkpt>
      <trkpt lat="40.25836550630629062652587890625" lon="9.43505083210766315460205078125">
        <ele>1229.800048828125</ele>
        <time>2026-09-14T09:17:13.000Z</time>
      </trkpt>
      <trkpt lat="40.2583987824618816375732421875" lon="9.43513331003487110137939453125">
        <ele>1230.800048828125</ele>
        <time>2026-09-14T09:17:19.000Z</time>
      </trkpt>
      <trkpt lat="40.2584014646708965301513671875" lon="9.435169436037540435791015625">
        <ele>1230.800048828125</ele>
        <time>2026-09-14T09:17:23.000Z</time>
      </trkpt>
      <trkpt lat="40.25838947854936122894287109375" lon="9.43518443964421749114990234375">
        <ele>1230.5999755859375</ele>
        <time>2026-09-14T09:17:25.000Z</time>
      </trkpt>
      <trkpt lat="40.25838076137006282806396484375" lon="9.43519114516675472259521484375">
        <ele>1230.199951171875</ele>
        <time>2026-09-14T09:17:26.000Z</time>
      </trkpt>
      <trkpt lat="40.25834337808191776275634765625" lon="9.4352148659527301788330078125">
        <ele>1229.199951171875</ele>
        <time>2026-09-14T09:17:31.000Z</time>
      </trkpt>
      <trkpt lat="40.2583303861320018768310546875" lon="9.435252584517002105712890625">
        <ele>1228.800048828125</ele>
        <time>2026-09-14T09:17:34.000Z</time>
      </trkpt>
      <trkpt lat="40.25831605307757854461669921875" lon="9.435309581458568572998046875">
        <ele>1228</ele>
        <time>2026-09-14T09:17:38.000Z</time>
      </trkpt>
      <trkpt lat="40.2583059109747409820556640625" lon="9.435343779623508453369140625">
        <ele>1227.800048828125</ele>
        <time>2026-09-14T09:17:41.000Z</time>
      </trkpt>
      <trkpt lat="40.2582787536084651947021484375" lon="9.43542868830263614654541015625">
        <ele>1227.199951171875</ele>
        <time>2026-09-14T09:17:46.000Z</time>
      </trkpt>
      <trkpt lat="40.25824807584285736083984375" lon="9.43548451177775859832763671875">
        <ele>1226.5999755859375</ele>
        <time>2026-09-14T09:17:52.000Z</time>
      </trkpt>
      <trkpt lat="40.2581785060465335845947265625" lon="9.43557671271264553070068359375">
        <ele>1224.800048828125</ele>
        <time>2026-09-14T09:18:00.000Z</time>
      </trkpt>
      <trkpt lat="40.2581583894789218902587890625" lon="9.435612000524997711181640625">
        <ele>1224.199951171875</ele>
        <time>2026-09-14T09:18:04.000Z</time>
      </trkpt>
      <trkpt lat="40.2581577189266681671142578125" lon="9.43564527668058872222900390625">
        <ele>1224.199951171875</ele>
        <time>2026-09-14T09:18:07.000Z</time>
      </trkpt>
      <trkpt lat="40.25815662927925586700439453125" lon="9.43572792224586009979248046875">
        <ele>1224.199951171875</ele>
        <time>2026-09-14T09:18:15.000Z</time>
      </trkpt>
      <trkpt lat="40.2581655979156494140625" lon="9.43582112900912761688232421875">
        <ele>1224.4000244140625</ele>
        <time>2026-09-14T09:18:22.000Z</time>
      </trkpt>
      <trkpt lat="40.2581604011356830596923828125" lon="9.435835294425487518310546875">
        <ele>1224.4000244140625</ele>
        <time>2026-09-14T09:18:23.000Z</time>
      </trkpt>
      <trkpt lat="40.25810667313635349273681640625" lon="9.4359015114605426788330078125">
        <ele>1223.199951171875</ele>
        <time>2026-09-14T09:18:29.000Z</time>
      </trkpt>
      <trkpt lat="40.2581020630896091461181640625" lon="9.4359816424548625946044921875">
        <ele>1223.4000244140625</ele>
        <time>2026-09-14T09:18:36.000Z</time>
      </trkpt>
      <trkpt lat="40.25811396539211273193359375" lon="9.4360302574932575225830078125">
        <ele>1224</ele>
        <time>2026-09-14T09:18:40.000Z</time>
      </trkpt>
      <trkpt lat="40.25811287574470043182373046875" lon="9.436116926372051239013671875">
        <ele>1224.199951171875</ele>
        <time>2026-09-14T09:18:47.000Z</time>
      </trkpt>
      <trkpt lat="40.25807750411331653594970703125" lon="9.43620015867054462432861328125">
        <ele>1223.800048828125</ele>
        <time>2026-09-14T09:18:56.000Z</time>
      </trkpt>
      <trkpt lat="40.25803358294069766998291015625" lon="9.43628900684416294097900390625">
        <ele>1224.4000244140625</ele>
        <time>2026-09-14T09:19:05.000Z</time>
      </trkpt>
      <trkpt lat="40.258029811084270477294921875" lon="9.43630945868790149688720703125">
        <ele>1224.800048828125</ele>
        <time>2026-09-14T09:19:12.000Z</time>
      </trkpt>
      <trkpt lat="40.2580316551029682159423828125" lon="9.43630912341177463531494140625">
        <ele>1224.800048828125</ele>
        <time>2026-09-14T09:19:28.000Z</time>
      </trkpt>
      <trkpt lat="40.25803106836974620819091796875" lon="9.436309039592742919921875">
        <ele>1224.800048828125</ele>
        <time>2026-09-14T09:19:43.000Z</time>
      </trkpt>
      <trkpt lat="40.2580323256552219390869140625" lon="9.4363157451152801513671875">
        <ele>1224.800048828125</ele>
        <time>2026-09-14T09:19:59.000Z</time>
      </trkpt>
      <trkpt lat="40.25805336423218250274658203125" lon="9.436324797570705413818359375">
        <ele>1225.199951171875</ele>
        <time>2026-09-14T09:20:16.000Z</time>
      </trkpt>
      <trkpt lat="40.25811740197241306304931640625" lon="9.43641565740108489990234375">
        <ele>1227.4000244140625</ele>
        <time>2026-09-14T09:20:42.000Z</time>
      </trkpt>
      <trkpt lat="40.25809661485254764556884765625" lon="9.4364114664494991302490234375">
        <ele>1227</ele>
        <time>2026-09-14T09:21:28.000Z</time>
      </trkpt>
      <trkpt lat="40.258082449436187744140625" lon="9.43641968071460723876953125">
        <ele>1226.800048828125</ele>
        <time>2026-09-14T09:21:36.000Z</time>
      </trkpt>
      <trkpt lat="40.2580822817981243133544921875" lon="9.4364201836287975311279296875">
        <ele>1226.800048828125</ele>
        <time>2026-09-14T09:21:41.000Z</time>
      </trkpt>
      <trkpt lat="40.258083455264568328857421875" lon="9.43642144091427326202392578125">
        <ele>1227</ele>
        <time>2026-09-14T09:21:59.000Z</time>
      </trkpt>
      <trkpt lat="40.258083455264568328857421875" lon="9.43642772734165191650390625">
        <ele>1227</ele>
        <time>2026-09-14T09:22:07.000Z</time>
      </trkpt>
      <trkpt lat="40.2580963633954524993896484375" lon="9.4364061020314693450927734375">
        <ele>1227</ele>
        <time>2026-09-14T09:22:36.000Z</time>
      </trkpt>
      <trkpt lat="40.25809711776673793792724609375" lon="9.436403922736644744873046875">
        <ele>1227</ele>
        <time>2026-09-14T09:22:39.000Z</time>
      </trkpt>
      <trkpt lat="40.2580972015857696533203125" lon="9.4364037550985813140869140625">
        <ele>1227</ele>
        <time>2026-09-14T09:22:41.000Z</time>
      </trkpt>
      <trkpt lat="40.2580972015857696533203125" lon="9.43640367127954959869384765625">
        <ele>1227</ele>
        <time>2026-09-14T09:22:45.000Z</time>
      </trkpt>
      <trkpt lat="40.25809711776673793792724609375" lon="9.43640367127954959869384765625">
        <ele>1227</ele>
        <time>2026-09-14T09:22:54.000Z</time>
      </trkpt>
      <trkpt lat="40.2580779232084751129150390625" lon="9.43637668155133724212646484375">
        <ele>1226.4000244140625</ele>
        <time>2026-09-14T09:23:17.000Z</time>
      </trkpt>
      <trkpt lat="40.2580648474395275115966796875" lon="9.4363806210458278656005859375">
        <ele>1226.199951171875</ele>
        <time>2026-09-14T09:23:19.000Z</time>
      </trkpt>
      <trkpt lat="40.2580420486629009246826171875" lon="9.43639193661510944366455078125">
        <ele>1226</ele>
        <time>2026-09-14T09:23:21.000Z</time>
      </trkpt>
      <trkpt lat="40.25798119604587554931640625" lon="9.43636042065918445587158203125">
        <ele>1224.5999755859375</ele>
        <time>2026-09-14T09:23:27.000Z</time>
      </trkpt>
      <trkpt lat="40.25796636007726192474365234375" lon="9.43635103292763233184814453125">
        <ele>1224.199951171875</ele>
        <time>2026-09-14T09:23:29.000Z</time>
      </trkpt>
      <trkpt lat="40.25794926099479198455810546875" lon="9.43636829964816570281982421875">
        <ele>1223.800048828125</ele>
        <time>2026-09-14T09:23:32.000Z</time>
      </trkpt>
      <trkpt lat="40.25794364511966705322265625" lon="9.43637735210359096527099609375">
        <ele>1223.800048828125</ele>
        <time>2026-09-14T09:23:33.000Z</time>
      </trkpt>
      <trkpt lat="40.25791740976274013519287109375" lon="9.43640853278338909149169921875">
        <ele>1223.4000244140625</ele>
        <time>2026-09-14T09:23:41.000Z</time>
      </trkpt>
      <trkpt lat="40.25790835730731487274169921875" lon="9.4364158250391483306884765625">
        <ele>1223.199951171875</ele>
        <time>2026-09-14T09:23:42.000Z</time>
      </trkpt>
      <trkpt lat="40.25789293460547924041748046875" lon="9.436439462006092071533203125">
        <ele>1223</ele>
        <time>2026-09-14T09:23:49.000Z</time>
      </trkpt>
      <trkpt lat="40.257889330387115478515625" lon="9.4364386238157749176025390625">
        <ele>1222.800048828125</ele>
        <time>2026-09-14T09:24:00.000Z</time>
      </trkpt>
      <trkpt lat="40.25788907893002033233642578125" lon="9.43643845617771148681640625">
        <ele>1222.800048828125</ele>
        <time>2026-09-14T09:24:32.000Z</time>
      </trkpt>
      <trkpt lat="40.2578603290021419525146484375" lon="9.43647692911326885223388671875">
        <ele>1222.4000244140625</ele>
        <time>2026-09-14T09:24:56.000Z</time>
      </trkpt>
      <trkpt lat="40.25785437785089015960693359375" lon="9.43646821193397045135498046875">
        <ele>1222.199951171875</ele>
        <time>2026-09-14T09:25:15.000Z</time>
      </trkpt>
      <trkpt lat="40.257856138050556182861328125" lon="9.436462931334972381591796875">
        <ele>1222.199951171875</ele>
        <time>2026-09-14T09:25:23.000Z</time>
      </trkpt>
      <trkpt lat="40.25786259211599826812744140625" lon="9.4364708103239536285400390625">
        <ele>1222.4000244140625</ele>
        <time>2026-09-14T09:25:48.000Z</time>
      </trkpt>
      <trkpt lat="40.257862843573093414306640625" lon="9.4364731572568416595458984375">
        <ele>1222.4000244140625</ele>
        <time>2026-09-14T09:25:50.000Z</time>
      </trkpt>
      <trkpt lat="40.25786745361983776092529296875" lon="9.4364553876221179962158203125">
        <ele>1222.4000244140625</ele>
        <time>2026-09-14T09:26:45.000Z</time>
      </trkpt>
      <trkpt lat="40.2578713931143283843994140625" lon="9.436451531946659088134765625">
        <ele>1222.4000244140625</ele>
        <time>2026-09-14T09:26:58.000Z</time>
      </trkpt>
      <trkpt lat="40.25782763957977294921875" lon="9.43653090856969356536865234375">
        <ele>1222.199951171875</ele>
        <time>2026-09-14T09:27:06.000Z</time>
      </trkpt>
      <trkpt lat="40.25772747583687305450439453125" lon="9.4366619177162647247314453125">
        <ele>1221.4000244140625</ele>
        <time>2026-09-14T09:27:16.000Z</time>
      </trkpt>
      <trkpt lat="40.25764449499547481536865234375" lon="9.43671916611492633819580078125">
        <ele>1219.5999755859375</ele>
        <time>2026-09-14T09:27:25.000Z</time>
      </trkpt>
      <trkpt lat="40.2576330117881298065185546875" lon="9.4367306493222713470458984375">
        <ele>1219.4000244140625</ele>
        <time>2026-09-14T09:27:26.000Z</time>
      </trkpt>
      <trkpt lat="40.2575676329433917999267578125" lon="9.43680130876600742340087890625">
        <ele>1218</ele>
        <time>2026-09-14T09:27:32.000Z</time>
      </trkpt>
      <trkpt lat="40.25749647058546543121337890625" lon="9.43685931153595447540283203125">
        <ele>1216.4000244140625</ele>
        <time>2026-09-14T09:27:39.000Z</time>
      </trkpt>
      <trkpt lat="40.257420279085636138916015625" lon="9.43695888854563236236572265625">
        <ele>1215</ele>
        <time>2026-09-14T09:27:48.000Z</time>
      </trkpt>
      <trkpt lat="40.25740921497344970703125" lon="9.437059722840785980224609375">
        <ele>1215.199951171875</ele>
        <time>2026-09-14T09:27:55.000Z</time>
      </trkpt>
      <trkpt lat="40.25740527547895908355712890625" lon="9.43707623519003391265869140625">
        <ele>1215.199951171875</ele>
        <time>2026-09-14T09:27:56.000Z</time>
      </trkpt>
      <trkpt lat="40.2573999948799610137939453125" lon="9.4371527619659900665283203125">
        <ele>1215.4000244140625</ele>
        <time>2026-09-14T09:28:02.000Z</time>
      </trkpt>
      <trkpt lat="40.2573999948799610137939453125" lon="9.43716625683009624481201171875">
        <ele>1215.4000244140625</ele>
        <time>2026-09-14T09:28:03.000Z</time>
      </trkpt>
      <trkpt lat="40.25741214863955974578857421875" lon="9.4372550211846828460693359375">
        <ele>1215.800048828125</ele>
        <time>2026-09-14T09:28:10.000Z</time>
      </trkpt>
      <trkpt lat="40.25742354802787303924560546875" lon="9.43734244443476200103759765625">
        <ele>1216</ele>
        <time>2026-09-14T09:28:16.000Z</time>
      </trkpt>
      <trkpt lat="40.257410220801830291748046875" lon="9.4373951666057109832763671875">
        <ele>1215.800048828125</ele>
        <time>2026-09-14T09:28:20.000Z</time>
      </trkpt>
      <trkpt lat="40.25738633237779140472412109375" lon="9.43746976554393768310546875">
        <ele>1215.800048828125</ele>
        <time>2026-09-14T09:28:27.000Z</time>
      </trkpt>
      <trkpt lat="40.2573828957974910736083984375" lon="9.4374756328761577606201171875">
        <ele>1215.800048828125</ele>
        <time>2026-09-14T09:28:28.000Z</time>
      </trkpt>
      <trkpt lat="40.2573778666555881500244140625" lon="9.4375212304294109344482421875">
        <ele>1215.5999755859375</ele>
        <time>2026-09-14T09:28:31.000Z</time>
      </trkpt>
      <trkpt lat="40.25738331489264965057373046875" lon="9.43756624124944210052490234375">
        <ele>1215.5999755859375</ele>
        <time>2026-09-14T09:28:35.000Z</time>
      </trkpt>
      <trkpt lat="40.2573902718722820281982421875" lon="9.43759021349251270294189453125">
        <ele>1215.4000244140625</ele>
        <time>2026-09-14T09:28:37.000Z</time>
      </trkpt>
      <trkpt lat="40.2574177645146846771240234375" lon="9.43765978328883647918701171875">
        <ele>1215.4000244140625</ele>
        <time>2026-09-14T09:28:42.000Z</time>
      </trkpt>
      <trkpt lat="40.257465876638889312744140625" lon="9.43776187486946582794189453125">
        <ele>1215.199951171875</ele>
        <time>2026-09-14T09:28:50.000Z</time>
      </trkpt>
      <trkpt lat="40.25748255662620067596435546875" lon="9.43780546076595783233642578125">
        <ele>1215</ele>
        <time>2026-09-14T09:28:54.000Z</time>
      </trkpt>
      <trkpt lat="40.257467888295650482177734375" lon="9.43782985210418701171875">
        <ele>1214.5999755859375</ele>
        <time>2026-09-14T09:28:56.000Z</time>
      </trkpt>
      <trkpt lat="40.25744047947227954864501953125" lon="9.437877796590328216552734375">
        <ele>1213.800048828125</ele>
        <time>2026-09-14T09:29:00.000Z</time>
      </trkpt>
      <trkpt lat="40.25743897072970867156982421875" lon="9.4378923811018466949462890625">
        <ele>1213.5999755859375</ele>
        <time>2026-09-14T09:29:01.000Z</time>
      </trkpt>
      <trkpt lat="40.257426314055919647216796875" lon="9.43795348517596721649169921875">
        <ele>1212.800048828125</ele>
        <time>2026-09-14T09:29:05.000Z</time>
      </trkpt>
      <trkpt lat="40.257421620190143585205078125" lon="9.43797058425843715667724609375">
        <ele>1212.5999755859375</ele>
        <time>2026-09-14T09:29:06.000Z</time>
      </trkpt>
      <trkpt lat="40.25739806704223155975341796875" lon="9.43804937414824962615966796875">
        <ele>1211.800048828125</ele>
        <time>2026-09-14T09:29:12.000Z</time>
      </trkpt>
      <trkpt lat="40.25737409479916095733642578125" lon="9.43809128366410732269287109375">
        <ele>1211.4000244140625</ele>
        <time>2026-09-14T09:29:15.000Z</time>
      </trkpt>
      <trkpt lat="40.25736588053405284881591796875" lon="9.43810402415692806243896484375">
        <ele>1211.199951171875</ele>
        <time>2026-09-14T09:29:16.000Z</time>
      </trkpt>
      <trkpt lat="40.25735230185091495513916015625" lon="9.4381589256227016448974609375">
        <ele>1210.5999755859375</ele>
        <time>2026-09-14T09:29:21.000Z</time>
      </trkpt>
      <trkpt lat="40.25735850445926189422607421875" lon="9.43819270469248294830322265625">
        <ele>1210.4000244140625</ele>
        <time>2026-09-14T09:29:24.000Z</time>
      </trkpt>
      <trkpt lat="40.2573493681848049163818359375" lon="9.438239224255084991455078125">
        <ele>1209.800048828125</ele>
        <time>2026-09-14T09:29:27.000Z</time>
      </trkpt>
      <trkpt lat="40.2573419921100139617919921875" lon="9.43825087510049343109130859375">
        <ele>1209.5999755859375</ele>
        <time>2026-09-14T09:29:28.000Z</time>
      </trkpt>
      <trkpt lat="40.25732883252203464508056640625" lon="9.43826914764940738677978515625">
        <ele>1209.4000244140625</ele>
        <time>2026-09-14T09:29:30.000Z</time>
      </trkpt>
      <trkpt lat="40.25731508620083332061767578125" lon="9.43830569274723529815673828125">
        <ele>1208.800048828125</ele>
        <time>2026-09-14T09:29:33.000Z</time>
      </trkpt>
      <trkpt lat="40.2572819776833057403564453125" lon="9.43840258754789829254150390625">
        <ele>1208.199951171875</ele>
        <time>2026-09-14T09:29:43.000Z</time>
      </trkpt>
      <trkpt lat="40.25727334432303905487060546875" lon="9.4384797848761081695556640625">
        <ele>1207.5999755859375</ele>
        <time>2026-09-14T09:29:51.000Z</time>
      </trkpt>
      <trkpt lat="40.2572766132652759552001953125" lon="9.43849093280732631683349609375">
        <ele>1207.4000244140625</ele>
        <time>2026-09-14T09:29:52.000Z</time>
      </trkpt>
      <trkpt lat="40.25727711617946624755859375" lon="9.438531585037708282470703125">
        <ele>1207</ele>
        <time>2026-09-14T09:29:57.000Z</time>
      </trkpt>
      <trkpt lat="40.2572598494589328765869140625" lon="9.438520856201648712158203125">
        <ele>1207</ele>
        <time>2026-09-14T09:29:59.000Z</time>
      </trkpt>
      <trkpt lat="40.2572233043611049652099609375" lon="9.43851624615490436553955078125">
        <ele>1206.5999755859375</ele>
        <time>2026-09-14T09:30:02.000Z</time>
      </trkpt>
      <trkpt lat="40.2572068758308887481689453125" lon="9.438522197306156158447265625">
        <ele>1206.4000244140625</ele>
        <time>2026-09-14T09:30:04.000Z</time>
      </trkpt>
      <trkpt lat="40.25718365795910358428955078125" lon="9.43852731026709079742431640625">
        <ele>1206</ele>
        <time>2026-09-14T09:30:08.000Z</time>
      </trkpt>
      <trkpt lat="40.2571827359497547149658203125" lon="9.438524208962917327880859375">
        <ele>1206</ele>
        <time>2026-09-14T09:30:22.000Z</time>
      </trkpt>
      <trkpt lat="40.2571827359497547149658203125" lon="9.438524208962917327880859375">
        <ele>1206</ele>
        <time>2026-09-14T09:30:27.000Z</time>
      </trkpt>
      <trkpt lat="40.2571874298155307769775390625" lon="9.43852110765874385833740234375">
        <ele>1206.199951171875</ele>
        <time>2026-09-14T09:30:45.000Z</time>
      </trkpt>
      <trkpt lat="40.2571894414722919464111328125" lon="9.43851985037326812744140625">
        <ele>1206.199951171875</ele>
        <time>2026-09-14T09:30:57.000Z</time>
      </trkpt>
      <trkpt lat="40.257190279662609100341796875" lon="9.43851892836391925811767578125">
        <ele>1206.199951171875</ele>
        <time>2026-09-14T09:30:59.000Z</time>
      </trkpt>
      <trkpt lat="40.25719120167195796966552734375" lon="9.43851842544972896575927734375">
        <ele>1206.199951171875</ele>
        <time>2026-09-14T09:31:01.000Z</time>
      </trkpt>
      <trkpt lat="40.25719388388097286224365234375" lon="9.43851758725941181182861328125">
        <ele>1206.199951171875</ele>
        <time>2026-09-14T09:31:19.000Z</time>
      </trkpt>
      <trkpt lat="40.25716437958180904388427734375" lon="9.4385830499231815338134765625">
        <ele>1205.199951171875</ele>
        <time>2026-09-14T09:31:26.000Z</time>
      </trkpt>
      <trkpt lat="40.25715432129800319671630859375" lon="9.4385988079011440277099609375">
        <ele>1205</ele>
        <time>2026-09-14T09:31:27.000Z</time>
      </trkpt>
      <trkpt lat="40.257082320749759674072265625" lon="9.43865605629980564117431640625">
        <ele>1204</ele>
        <time>2026-09-14T09:31:33.000Z</time>
      </trkpt>
      <trkpt lat="40.257032699882984161376953125" lon="9.43874406628310680389404296875">
        <ele>1203</ele>
        <time>2026-09-14T09:31:41.000Z</time>
      </trkpt>
      <trkpt lat="40.25702792219817638397216796875" lon="9.43879988975822925567626953125">
        <ele>1202.199951171875</ele>
        <time>2026-09-14T09:31:45.000Z</time>
      </trkpt>
      <trkpt lat="40.25702523998916149139404296875" lon="9.4388619996607303619384765625">
        <ele>1201.199951171875</ele>
        <time>2026-09-14T09:31:50.000Z</time>
      </trkpt>
      <trkpt lat="40.25703161023557186126708984375" lon="9.43895948119461536407470703125">
        <ele>1200.4000244140625</ele>
        <time>2026-09-14T09:31:57.000Z</time>
      </trkpt>
      <trkpt lat="40.25704116560518741607666015625" lon="9.43900155834853649139404296875">
        <ele>1200.199951171875</ele>
        <time>2026-09-14T09:32:03.000Z</time>
      </trkpt>
      <trkpt lat="40.2570432610809803009033203125" lon="9.43899820558726787567138671875">
        <ele>1200.199951171875</ele>
        <time>2026-09-14T09:32:17.000Z</time>
      </trkpt>
      <trkpt lat="40.2570432610809803009033203125" lon="9.43899820558726787567138671875">
        <ele>1200.199951171875</ele>
        <time>2026-09-14T09:32:23.000Z</time>
      </trkpt>
      <trkpt lat="40.25704443454742431640625" lon="9.43899217061698436737060546875">
        <ele>1200.4000244140625</ele>
        <time>2026-09-14T09:32:38.000Z</time>
      </trkpt>
      <trkpt lat="40.257046110928058624267578125" lon="9.4389877282083034515380859375">
        <ele>1200.4000244140625</ele>
        <time>2026-09-14T09:32:43.000Z</time>
      </trkpt>
      <trkpt lat="40.25704644620418548583984375" lon="9.438986219465732574462890625">
        <ele>1200.4000244140625</ele>
        <time>2026-09-14T09:32:45.000Z</time>
      </trkpt>
      <trkpt lat="40.25704703293740749359130859375" lon="9.438983537256717681884765625">
        <ele>1200.4000244140625</ele>
        <time>2026-09-14T09:32:54.000Z</time>
      </trkpt>
      <trkpt lat="40.257047116756439208984375" lon="9.438983537256717681884765625">
        <ele>1200.4000244140625</ele>
        <time>2026-09-14T09:32:57.000Z</time>
      </trkpt>
      <trkpt lat="40.257047452032566070556640625" lon="9.43898295052349567413330078125">
        <ele>1200.4000244140625</ele>
        <time>2026-09-14T09:33:04.000Z</time>
      </trkpt>
      <trkpt lat="40.25704820640385150909423828125" lon="9.43898261524736881256103515625">
        <ele>1200.4000244140625</ele>
        <time>2026-09-14T09:33:19.000Z</time>
      </trkpt>
      <trkpt lat="40.25700478814542293548583984375" lon="9.43906559608876705169677734375">
        <ele>1199.199951171875</ele>
        <time>2026-09-14T09:33:31.000Z</time>
      </trkpt>
      <trkpt lat="40.25697813369333744049072265625" lon="9.43911219947040081024169921875">
        <ele>1198.4000244140625</ele>
        <time>2026-09-14T09:33:34.000Z</time>
      </trkpt>
      <trkpt lat="40.25696891359984874725341796875" lon="9.4391587190330028533935546875">
        <ele>1197.800048828125</ele>
        <time>2026-09-14T09:33:37.000Z</time>
      </trkpt>
      <trkpt lat="40.25696371681988239288330078125" lon="9.4391808472573757171630859375">
        <ele>1197.5999755859375</ele>
        <time>2026-09-14T09:33:39.000Z</time>
      </trkpt>
      <trkpt lat="40.25695684365928173065185546875" lon="9.439190067350864410400390625">
        <ele>1197.4000244140625</ele>
        <time>2026-09-14T09:33:40.000Z</time>
      </trkpt>
      <trkpt lat="40.25691292248666286468505859375" lon="9.439287297427654266357421875">
        <ele>1196.199951171875</ele>
        <time>2026-09-14T09:33:47.000Z</time>
      </trkpt>
      <trkpt lat="40.25690102018415927886962890625" lon="9.43933683447539806365966796875">
        <ele>1195.800048828125</ele>
        <time>2026-09-14T09:33:50.000Z</time>
      </trkpt>
      <trkpt lat="40.25684905238449573516845703125" lon="9.43948569707572460174560546875">
        <ele>1194.4000244140625</ele>
        <time>2026-09-14T09:33:58.000Z</time>
      </trkpt>
      <trkpt lat="40.25679565966129302978515625" lon="9.4395960867404937744140625">
        <ele>1193.199951171875</ele>
        <time>2026-09-14T09:34:06.000Z</time>
      </trkpt>
      <trkpt lat="40.25676959194242954254150390625" lon="9.43968594074249267578125">
        <ele>1192.199951171875</ele>
        <time>2026-09-14T09:34:14.000Z</time>
      </trkpt>
      <trkpt lat="40.2567472122609615325927734375" lon="9.43973111920058727264404296875">
        <ele>1191.5999755859375</ele>
        <time>2026-09-14T09:34:17.000Z</time>
      </trkpt>
      <trkpt lat="40.25673757307231426239013671875" lon="9.43974352441728115081787109375">
        <ele>1191.4000244140625</ele>
        <time>2026-09-14T09:34:18.000Z</time>
      </trkpt>
      <trkpt lat="40.25672432966530323028564453125" lon="9.439776800572872161865234375">
        <ele>1191</ele>
        <time>2026-09-14T09:34:20.000Z</time>
      </trkpt>
      <trkpt lat="40.2567193843424320220947265625" lon="9.439794234931468963623046875">
        <ele>1190.800048828125</ele>
        <time>2026-09-14T09:34:21.000Z</time>
      </trkpt>
      <trkpt lat="40.25671661831438541412353515625" lon="9.439930021762847900390625">
        <ele>1188.800048828125</ele>
        <time>2026-09-14T09:34:29.000Z</time>
      </trkpt>
      <trkpt lat="40.25672768242657184600830078125" lon="9.440041668713092803955078125">
        <ele>1187.4000244140625</ele>
        <time>2026-09-14T09:34:38.000Z</time>
      </trkpt>
      <trkpt lat="40.256680659949779510498046875" lon="9.44018357433378696441650390625">
        <ele>1185.800048828125</ele>
        <time>2026-09-14T09:34:49.000Z</time>
      </trkpt>
      <trkpt lat="40.25666557252407073974609375" lon="9.44021701812744140625">
        <ele>1185.4000244140625</ele>
        <time>2026-09-14T09:34:52.000Z</time>
      </trkpt>
      <trkpt lat="40.25664545595645904541015625" lon="9.44026605226099491119384765625">
        <ele>1185</ele>
        <time>2026-09-14T09:34:56.000Z</time>
      </trkpt>
      <trkpt lat="40.25664386339485645294189453125" lon="9.4402738474309444427490234375">
        <ele>1184.800048828125</ele>
        <time>2026-09-14T09:34:58.000Z</time>
      </trkpt>
      <trkpt lat="40.2566365711390972137451171875" lon="9.44028675556182861328125">
        <ele>1184.800048828125</ele>
        <time>2026-09-14T09:35:01.000Z</time>
      </trkpt>
      <trkpt lat="40.256616286933422088623046875" lon="9.4403077103197574615478515625">
        <ele>1184.5999755859375</ele>
        <time>2026-09-14T09:35:04.000Z</time>
      </trkpt>
      <trkpt lat="40.25660815648734569549560546875" lon="9.4403197802603244781494140625">
        <ele>1184.5999755859375</ele>
        <time>2026-09-14T09:35:05.000Z</time>
      </trkpt>
      <trkpt lat="40.25659558363258838653564453125" lon="9.44033176638185977935791015625">
        <ele>1184.4000244140625</ele>
        <time>2026-09-14T09:35:06.000Z</time>
      </trkpt>
      <trkpt lat="40.25655484758317470550537109375" lon="9.44040653295814990997314453125">
        <ele>1183.4000244140625</ele>
        <time>2026-09-14T09:35:12.000Z</time>
      </trkpt>
      <trkpt lat="40.25654898025095462799072265625" lon="9.44041617214679718017578125">
        <ele>1183.4000244140625</ele>
        <time>2026-09-14T09:35:13.000Z</time>
      </trkpt>
      <trkpt lat="40.2565302886068820953369140625" lon="9.44043821655213832855224609375">
        <ele>1183</ele>
        <time>2026-09-14T09:35:16.000Z</time>
      </trkpt>
      <trkpt lat="40.25650723837316036224365234375" lon="9.440462775528430938720703125">
        <ele>1182.5999755859375</ele>
        <time>2026-09-14T09:35:19.000Z</time>
      </trkpt>
      <trkpt lat="40.25647513568401336669921875" lon="9.4405004940927028656005859375">
        <ele>1181.5999755859375</ele>
        <time>2026-09-14T09:35:23.000Z</time>
      </trkpt>
      <trkpt lat="40.25643046014010906219482421875" lon="9.44052924402058124542236328125">
        <ele>1180.5999755859375</ele>
        <time>2026-09-14T09:35:27.000Z</time>
      </trkpt>
      <trkpt lat="40.25641034357249736785888671875" lon="9.440548606216907501220703125">
        <ele>1180.199951171875</ele>
        <time>2026-09-14T09:35:29.000Z</time>
      </trkpt>
      <trkpt lat="40.25637027807533740997314453125" lon="9.44062731228768825531005859375">
        <ele>1178.800048828125</ele>
        <time>2026-09-14T09:35:36.000Z</time>
      </trkpt>
      <trkpt lat="40.25635921396315097808837890625" lon="9.44063921459019184112548828125">
        <ele>1178.5999755859375</ele>
        <time>2026-09-14T09:35:37.000Z</time>
      </trkpt>
      <trkpt lat="40.25632484816014766693115234375" lon="9.44069000892341136932373046875">
        <ele>1178</ele>
        <time>2026-09-14T09:35:42.000Z</time>
      </trkpt>
      <trkpt lat="40.25631747208535671234130859375" lon="9.4407033361494541168212890625">
        <ele>1177.800048828125</ele>
        <time>2026-09-14T09:35:43.000Z</time>
      </trkpt>
      <trkpt lat="40.25631344877183437347412109375" lon="9.440718591213226318359375">
        <ele>1177.5999755859375</ele>
        <time>2026-09-14T09:35:44.000Z</time>
      </trkpt>
      <trkpt lat="40.25630841962993144989013671875" lon="9.44072864949703216552734375">
        <ele>1177.4000244140625</ele>
        <time>2026-09-14T09:35:45.000Z</time>
      </trkpt>
      <trkpt lat="40.25630238465964794158935546875" lon="9.44074331782758235931396484375">
        <ele>1177.199951171875</ele>
        <time>2026-09-14T09:35:46.000Z</time>
      </trkpt>
      <trkpt lat="40.25629886426031589508056640625" lon="9.44075605832040309906005859375">
        <ele>1177</ele>
        <time>2026-09-14T09:35:47.000Z</time>
      </trkpt>
      <trkpt lat="40.2562945894896984100341796875" lon="9.440767876803874969482421875">
        <ele>1176.800048828125</ele>
        <time>2026-09-14T09:35:48.000Z</time>
      </trkpt>
      <trkpt lat="40.2562801726162433624267578125" lon="9.44078304804861545562744140625">
        <ele>1176.4000244140625</ele>
        <time>2026-09-14T09:35:50.000Z</time>
      </trkpt>
      <trkpt lat="40.25625259615480899810791015625" lon="9.4407931901514530181884765625">
        <ele>1175.800048828125</ele>
        <time>2026-09-14T09:35:52.000Z</time>
      </trkpt>
      <trkpt lat="40.25622828863561153411865234375" lon="9.44079930894076824188232421875">
        <ele>1175.4000244140625</ele>
        <time>2026-09-14T09:35:54.000Z</time>
      </trkpt>
      <trkpt lat="40.25620113126933574676513671875" lon="9.4408049248158931732177734375">
        <ele>1174.800048828125</ele>
        <time>2026-09-14T09:35:57.000Z</time>
      </trkpt>
      <trkpt lat="40.25617883540689945220947265625" lon="9.44079746492207050323486328125">
        <ele>1174.5999755859375</ele>
        <time>2026-09-14T09:36:00.000Z</time>
      </trkpt>
      <trkpt lat="40.2561311423778533935546875" lon="9.4407807849347591400146484375">
        <ele>1173.800048828125</ele>
        <time>2026-09-14T09:36:07.000Z</time>
      </trkpt>
      <trkpt lat="40.256126783788204193115234375" lon="9.44081783294677734375">
        <ele>1173.4000244140625</ele>
        <time>2026-09-14T09:36:12.000Z</time>
      </trkpt>
      <trkpt lat="40.25606065057218074798583984375" lon="9.44084289483726024627685546875">
        <ele>1172.199951171875</ele>
        <time>2026-09-14T09:36:17.000Z</time>
      </trkpt>
      <trkpt lat="40.25603181682527065277099609375" lon="9.44084892980754375457763671875">
        <ele>1171.800048828125</ele>
        <time>2026-09-14T09:36:20.000Z</time>
      </trkpt>
      <trkpt lat="40.25602477602660655975341796875" lon="9.44085848517715930938720703125">
        <ele>1171.800048828125</ele>
        <time>2026-09-14T09:36:23.000Z</time>
      </trkpt>
      <trkpt lat="40.25604304857552051544189453125" lon="9.44083392620086669921875">
        <ele>1172</ele>
        <time>2026-09-14T09:36:30.000Z</time>
      </trkpt>
      <trkpt lat="40.25606668554246425628662109375" lon="9.44083635695278644561767578125">
        <ele>1172.4000244140625</ele>
        <time>2026-09-14T09:36:33.000Z</time>
      </trkpt>
      <trkpt lat="40.2561024762690067291259765625" lon="9.4408468343317508697509765625">
        <ele>1173</ele>
        <time>2026-09-14T09:36:37.000Z</time>
      </trkpt>
      <trkpt lat="40.2561232633888721466064453125" lon="9.440870471298694610595703125">
        <ele>1173.199951171875</ele>
        <time>2026-09-14T09:36:42.000Z</time>
      </trkpt>
      <trkpt lat="40.25612267665565013885498046875" lon="9.4408723153173923492431640625">
        <ele>1173.199951171875</ele>
        <time>2026-09-14T09:36:43.000Z</time>
      </trkpt>
      <trkpt lat="40.256134830415248870849609375" lon="9.4409011490643024444580078125">
        <ele>1173.4000244140625</ele>
        <time>2026-09-14T09:36:49.000Z</time>
      </trkpt>
      <trkpt lat="40.2561504207551479339599609375" lon="9.44088363088667392730712890625">
        <ele>1173.5999755859375</ele>
        <time>2026-09-14T09:36:54.000Z</time>
      </trkpt>
      <trkpt lat="40.25615704245865345001220703125" lon="9.4408656097948551177978515625">
        <ele>1173.800048828125</ele>
        <time>2026-09-14T09:36:56.000Z</time>
      </trkpt>
      <trkpt lat="40.2561614848673343658447265625" lon="9.44085513241589069366455078125">
        <ele>1174</ele>
        <time>2026-09-14T09:37:01.000Z</time>
      </trkpt>
      <trkpt lat="40.25617078877985477447509765625" lon="9.44084800779819488525390625">
        <ele>1174.199951171875</ele>
        <time>2026-09-14T09:37:02.000Z</time>
      </trkpt>
      <trkpt lat="40.25621856562793254852294921875" lon="9.44080132059752941131591796875">
        <ele>1175.199951171875</ele>
        <time>2026-09-14T09:37:08.000Z</time>
      </trkpt>
      <trkpt lat="40.2562955953180789947509765625" lon="9.440710544586181640625">
        <ele>1177.199951171875</ele>
        <time>2026-09-14T09:37:16.000Z</time>
      </trkpt>
      <trkpt lat="40.25630657561123371124267578125" lon="9.44070442579686641693115234375">
        <ele>1177.4000244140625</ele>
        <time>2026-09-14T09:37:17.000Z</time>
      </trkpt>
      <trkpt lat="40.2563415281474590301513671875" lon="9.4406731612980365753173828125">
        <ele>1178.199951171875</ele>
        <time>2026-09-14T09:37:21.000Z</time>
      </trkpt>
      <trkpt lat="40.25643087923526763916015625" lon="9.4406178407371044158935546875">
        <ele>1179.800048828125</ele>
        <time>2026-09-14T09:37:28.000Z</time>
      </trkpt>
      <trkpt lat="40.25655426084995269775390625" lon="9.440541230142116546630859375">
        <ele>1182.4000244140625</ele>
        <time>2026-09-14T09:37:40.000Z</time>
      </trkpt>
      <trkpt lat="40.256591141223907470703125" lon="9.4405001588165760040283203125">
        <ele>1183.199951171875</ele>
        <time>2026-09-14T09:37:45.000Z</time>
      </trkpt>
      <trkpt lat="40.25660497136414051055908203125" lon="9.4404731690883636474609375">
        <ele>1183.4000244140625</ele>
        <time>2026-09-14T09:37:49.000Z</time>
      </trkpt>
      <trkpt lat="40.256608240306377410888671875" lon="9.44046688266098499298095703125">
        <ele>1183.4000244140625</ele>
        <time>2026-09-14T09:37:50.000Z</time>
      </trkpt>
      <trkpt lat="40.2566124312579631805419921875" lon="9.4404538907110691070556640625">
        <ele>1183.5999755859375</ele>
        <time>2026-09-14T09:37:55.000Z</time>
      </trkpt>
      <trkpt lat="40.25662290863692760467529296875" lon="9.44041491486132144927978515625">
        <ele>1183.800048828125</ele>
        <time>2026-09-14T09:38:02.000Z</time>
      </trkpt>
      <trkpt lat="40.2566332183778285980224609375" lon="9.44040502421557903289794921875">
        <ele>1183.800048828125</ele>
        <time>2026-09-14T09:38:06.000Z</time>
      </trkpt>
      <trkpt lat="40.2566405944526195526123046875" lon="9.44040250964462757110595703125">
        <ele>1183.800048828125</ele>
        <time>2026-09-14T09:38:08.000Z</time>
      </trkpt>
      <trkpt lat="40.256661213934421539306640625" lon="9.440380968153476715087890625">
        <ele>1184</ele>
        <time>2026-09-14T09:38:12.000Z</time>
      </trkpt>
      <trkpt lat="40.2566970884799957275390625" lon="9.44038960151374340057373046875">
        <ele>1183.800048828125</ele>
        <time>2026-09-14T09:38:15.000Z</time>
      </trkpt>
      <trkpt lat="40.25670873932540416717529296875" lon="9.4403980672359466552734375">
        <ele>1183.5999755859375</ele>
        <time>2026-09-14T09:38:16.000Z</time>
      </trkpt>
      <trkpt lat="40.25676481425762176513671875" lon="9.4404579140245914459228515625">
        <ele>1183</ele>
        <time>2026-09-14T09:38:23.000Z</time>
      </trkpt>
      <trkpt lat="40.256786607205867767333984375" lon="9.4404740072786808013916015625">
        <ele>1182.800048828125</ele>
        <time>2026-09-14T09:38:25.000Z</time>
      </trkpt>
      <trkpt lat="40.2568219788372516632080078125" lon="9.4405501149594783782958984375">
        <ele>1182.199951171875</ele>
        <time>2026-09-14T09:38:32.000Z</time>
      </trkpt>
      <trkpt lat="40.25682650506496429443359375" lon="9.44056495092809200286865234375">
        <ele>1182</ele>
        <time>2026-09-14T09:38:33.000Z</time>
      </trkpt>
      <trkpt lat="40.25690697133541107177734375" lon="9.4406657852232456207275390625">
        <ele>1181</ele>
        <time>2026-09-14T09:38:41.000Z</time>
      </trkpt>
      <trkpt lat="40.25697981007397174835205078125" lon="9.4407506100833415985107421875">
        <ele>1180.4000244140625</ele>
        <time>2026-09-14T09:38:49.000Z</time>
      </trkpt>
      <trkpt lat="40.256998501718044281005859375" lon="9.44080551154911518096923828125">
        <ele>1180</ele>
        <time>2026-09-14T09:38:54.000Z</time>
      </trkpt>
      <trkpt lat="40.257004201412200927734375" lon="9.4408485107123851776123046875">
        <ele>1179.5999755859375</ele>
        <time>2026-09-14T09:38:57.000Z</time>
      </trkpt>
      <trkpt lat="40.25699573568999767303466796875" lon="9.4409142248332500457763671875">
        <ele>1178.5999755859375</ele>
        <time>2026-09-14T09:39:03.000Z</time>
      </trkpt>
      <trkpt lat="40.25699137710034847259521484375" lon="9.44093476049602031707763671875">
        <ele>1178.4000244140625</ele>
        <time>2026-09-14T09:39:05.000Z</time>
      </trkpt>
      <trkpt lat="40.25700512342154979705810546875" lon="9.4410122931003570556640625">
        <ele>1177.4000244140625</ele>
        <time>2026-09-14T09:39:10.000Z</time>
      </trkpt>
      <trkpt lat="40.25700931437313556671142578125" lon="9.44102427922189235687255859375">
        <ele>1177.199951171875</ele>
        <time>2026-09-14T09:39:11.000Z</time>
      </trkpt>
      <trkpt lat="40.25703328661620616912841796875" lon="9.441077001392841339111328125">
        <ele>1176.5999755859375</ele>
        <time>2026-09-14T09:39:16.000Z</time>
      </trkpt>
      <trkpt lat="40.2570385672152042388916015625" lon="9.441087730228900909423828125">
        <ele>1176.4000244140625</ele>
        <time>2026-09-14T09:39:17.000Z</time>
      </trkpt>
      <trkpt lat="40.25707251392304897308349609375" lon="9.4411318190395832061767578125">
        <ele>1175.5999755859375</ele>
        <time>2026-09-14T09:39:21.000Z</time>
      </trkpt>
      <trkpt lat="40.25710553862154483795166015625" lon="9.44115553982555866241455078125">
        <ele>1175</ele>
        <time>2026-09-14T09:39:25.000Z</time>
      </trkpt>
      <trkpt lat="40.25716253556311130523681640625" lon="9.44118236191570758819580078125">
        <ele>1174.4000244140625</ele>
        <time>2026-09-14T09:39:30.000Z</time>
      </trkpt>
      <trkpt lat="40.25720930658280849456787109375" lon="9.44123282097280025482177734375">
        <ele>1173.800048828125</ele>
        <time>2026-09-14T09:39:37.000Z</time>
      </trkpt>
      <trkpt lat="40.25723554193973541259765625" lon="9.441329799592494964599609375">
        <ele>1172</ele>
        <time>2026-09-14T09:39:44.000Z</time>
      </trkpt>
      <trkpt lat="40.25724166072905063629150390625" lon="9.441374726593494415283203125">
        <ele>1171.199951171875</ele>
        <time>2026-09-14T09:39:47.000Z</time>
      </trkpt>
      <trkpt lat="40.25724987499415874481201171875" lon="9.441442452371120452880859375">
        <ele>1169.800048828125</ele>
        <time>2026-09-14T09:39:51.000Z</time>
      </trkpt>
      <trkpt lat="40.2572678960859775543212890625" lon="9.44148008711636066436767578125">
        <ele>1169</ele>
        <time>2026-09-14T09:39:54.000Z</time>
      </trkpt>
      <trkpt lat="40.25729580782353878021240234375" lon="9.44159290753304958343505859375">
        <ele>1167.4000244140625</ele>
        <time>2026-09-14T09:40:02.000Z</time>
      </trkpt>
      <trkpt lat="40.2573027648031711578369140625" lon="9.44160900078713893890380859375">
        <ele>1167</ele>
        <time>2026-09-14T09:40:03.000Z</time>
      </trkpt>
      <trkpt lat="40.2573463506996631622314453125" lon="9.44164931774139404296875">
        <ele>1166.4000244140625</ele>
        <time>2026-09-14T09:40:08.000Z</time>
      </trkpt>
      <trkpt lat="40.25737426243722438812255859375" lon="9.44167253561317920684814453125">
        <ele>1165.800048828125</ele>
        <time>2026-09-14T09:40:12.000Z</time>
      </trkpt>
      <trkpt lat="40.25742597877979278564453125" lon="9.44171126000583171844482421875">
        <ele>1165</ele>
        <time>2026-09-14T09:40:17.000Z</time>
      </trkpt>
      <trkpt lat="40.25747065432369709014892578125" lon="9.44174529053270816802978515625">
        <ele>1164.4000244140625</ele>
        <time>2026-09-14T09:40:21.000Z</time>
      </trkpt>
      <trkpt lat="40.25755606591701507568359375" lon="9.44184972904622554779052734375">
        <ele>1162.800048828125</ele>
        <time>2026-09-14T09:40:30.000Z</time>
      </trkpt>
      <trkpt lat="40.257616750895977020263671875" lon="9.44199708290398120880126953125">
        <ele>1160.5999755859375</ele>
        <time>2026-09-14T09:40:40.000Z</time>
      </trkpt>
      <trkpt lat="40.25765891186892986297607421875" lon="9.44216690026223659515380859375">
        <ele>1158.4000244140625</ele>
        <time>2026-09-14T09:40:50.000Z</time>
      </trkpt>
      <trkpt lat="40.25766897015273571014404296875" lon="9.44227536208927631378173828125">
        <ele>1157</ele>
        <time>2026-09-14T09:40:59.000Z</time>
      </trkpt>
      <trkpt lat="40.25766779668629169464111328125" lon="9.44228860549628734588623046875">
        <ele>1156.800048828125</ele>
        <time>2026-09-14T09:41:00.000Z</time>
      </trkpt>
      <trkpt lat="40.25761716999113559722900390625" lon="9.4424678944051265716552734375">
        <ele>1154.199951171875</ele>
        <time>2026-09-14T09:41:11.000Z</time>
      </trkpt>
      <trkpt lat="40.25760996155440807342529296875" lon="9.4424901902675628662109375">
        <ele>1153.800048828125</ele>
        <time>2026-09-14T09:41:13.000Z</time>
      </trkpt>
      <trkpt lat="40.25759160518646240234375" lon="9.44251039065420627593994140625">
        <ele>1153.199951171875</ele>
        <time>2026-09-14T09:41:16.000Z</time>
      </trkpt>
      <trkpt lat="40.25758950971066951751708984375" lon="9.44252296350896358489990234375">
        <ele>1153</ele>
        <time>2026-09-14T09:41:17.000Z</time>
      </trkpt>
      <trkpt lat="40.2575900964438915252685546875" lon="9.44256864488124847412109375">
        <ele>1152.199951171875</ele>
        <time>2026-09-14T09:41:20.000Z</time>
      </trkpt>
      <trkpt lat="40.2575854025781154632568359375" lon="9.4425956346094608306884765625">
        <ele>1151.5999755859375</ele>
        <time>2026-09-14T09:41:22.000Z</time>
      </trkpt>
      <trkpt lat="40.25757324881851673126220703125" lon="9.44261583499610424041748046875">
        <ele>1151.199951171875</ele>
        <time>2026-09-14T09:41:24.000Z</time>
      </trkpt>
      <trkpt lat="40.2575535513460636138916015625" lon="9.44263276644051074981689453125">
        <ele>1150.5999755859375</ele>
        <time>2026-09-14T09:41:28.000Z</time>
      </trkpt>
      <trkpt lat="40.2575446665287017822265625" lon="9.4427109695971012115478515625">
        <ele>1148.800048828125</ele>
        <time>2026-09-14T09:41:35.000Z</time>
      </trkpt>
      <trkpt lat="40.25754592381417751312255859375" lon="9.4427602551877498626708984375">
        <ele>1147.5999755859375</ele>
        <time>2026-09-14T09:41:42.000Z</time>
      </trkpt>
      <trkpt lat="40.25754961185157299041748046875" lon="9.44281633011996746063232421875">
        <ele>1146.800048828125</ele>
        <time>2026-09-14T09:41:48.000Z</time>
      </trkpt>
      <trkpt lat="40.2575438283383846282958984375" lon="9.4428335130214691162109375">
        <ele>1146.4000244140625</ele>
        <time>2026-09-14T09:41:49.000Z</time>
      </trkpt>
      <trkpt lat="40.25751105509698390960693359375" lon="9.442920684814453125">
        <ele>1144.199951171875</ele>
        <time>2026-09-14T09:41:55.000Z</time>
      </trkpt>
      <trkpt lat="40.25748942978680133819580078125" lon="9.4429577328264713287353515625">
        <ele>1143.199951171875</ele>
        <time>2026-09-14T09:41:58.000Z</time>
      </trkpt>
      <trkpt lat="40.25748708285391330718994140625" lon="9.442982040345668792724609375">
        <ele>1142.800048828125</ele>
        <time>2026-09-14T09:42:00.000Z</time>
      </trkpt>
      <trkpt lat="40.25750233791768550872802734375" lon="9.44301833398640155792236328125">
        <ele>1142.4000244140625</ele>
        <time>2026-09-14T09:42:03.000Z</time>
      </trkpt>
      <trkpt lat="40.25750552304089069366455078125" lon="9.44302730262279510498046875">
        <ele>1142.199951171875</ele>
        <time>2026-09-14T09:42:04.000Z</time>
      </trkpt>
      <trkpt lat="40.25752094574272632598876953125" lon="9.4431153126060962677001953125">
        <ele>1141.4000244140625</ele>
        <time>2026-09-14T09:42:10.000Z</time>
      </trkpt>
      <trkpt lat="40.257526226341724395751953125" lon="9.4431468285620212554931640625">
        <ele>1141</ele>
        <time>2026-09-14T09:42:12.000Z</time>
      </trkpt>
      <trkpt lat="40.25750719942152500152587890625" lon="9.443245232105255126953125">
        <ele>1139</ele>
        <time>2026-09-14T09:42:19.000Z</time>
      </trkpt>
      <trkpt lat="40.2575019188225269317626953125" lon="9.443256296217441558837890625">
        <ele>1138.5999755859375</ele>
        <time>2026-09-14T09:42:20.000Z</time>
      </trkpt>
      <trkpt lat="40.25745891965925693511962890625" lon="9.44330281578004360198974609375">
        <ele>1136.800048828125</ele>
        <time>2026-09-14T09:42:25.000Z</time>
      </trkpt>
      <trkpt lat="40.25742488913238048553466796875" lon="9.44339283742010593414306640625">
        <ele>1135.199951171875</ele>
        <time>2026-09-14T09:42:33.000Z</time>
      </trkpt>
      <trkpt lat="40.2573624439537525177001953125" lon="9.44347464479506015777587890625">
        <ele>1134.4000244140625</ele>
        <time>2026-09-14T09:42:40.000Z</time>
      </trkpt>
      <trkpt lat="40.257331430912017822265625" lon="9.4434921629726886749267578125">
        <ele>1134.199951171875</ele>
        <time>2026-09-14T09:42:44.000Z</time>
      </trkpt>
      <trkpt lat="40.257326066493988037109375" lon="9.44352191872894763946533203125">
        <ele>1133.5999755859375</ele>
        <time>2026-09-14T09:42:46.000Z</time>
      </trkpt>
      <trkpt lat="40.25730687193572521209716796875" lon="9.443547986447811126708984375">
        <ele>1133</ele>
        <time>2026-09-14T09:42:50.000Z</time>
      </trkpt>
      <trkpt lat="40.2572598494589328765869140625" lon="9.44358645938336849212646484375">
        <ele>1132</ele>
        <time>2026-09-14T09:42:58.000Z</time>
      </trkpt>
      <trkpt lat="40.25723780505359172821044921875" lon="9.4435870461165904998779296875">
        <ele>1131.800048828125</ele>
        <time>2026-09-14T09:43:00.000Z</time>
      </trkpt>
      <trkpt lat="40.257167816162109375" lon="9.4436021335422992706298828125">
        <ele>1131</ele>
        <time>2026-09-14T09:43:05.000Z</time>
      </trkpt>
      <trkpt lat="40.25716270320117473602294921875" lon="9.4435987807810306549072265625">
        <ele>1131</ele>
        <time>2026-09-14T09:43:06.000Z</time>
      </trkpt>
      <trkpt lat="40.25717091746628284454345703125" lon="9.44360188208520412445068359375">
        <ele>1131</ele>
        <time>2026-09-14T09:43:09.000Z</time>
      </trkpt>
      <trkpt lat="40.25717041455209255218505859375" lon="9.443613700568675994873046875">
        <ele>1131</ele>
        <time>2026-09-14T09:43:16.000Z</time>
      </trkpt>
      <trkpt lat="40.2571723423898220062255859375" lon="9.443613700568675994873046875">
        <ele>1131</ele>
        <time>2026-09-14T09:43:31.000Z</time>
      </trkpt>
      <trkpt lat="40.257172845304012298583984375" lon="9.443613700568675994873046875">
        <ele>1131</ele>
        <time>2026-09-14T09:43:35.000Z</time>
      </trkpt>
      <trkpt lat="40.2571753598749637603759765625" lon="9.443598948419094085693359375">
        <ele>1131.199951171875</ele>
        <time>2026-09-14T09:44:14.000Z</time>
      </trkpt>
      <trkpt lat="40.25717309676110744476318359375" lon="9.44358880631625652313232421875">
        <ele>1131.199951171875</ele>
        <time>2026-09-14T09:44:30.000Z</time>
      </trkpt>
      <trkpt lat="40.25717225857079029083251953125" lon="9.44358645938336849212646484375">
        <ele>1131.199951171875</ele>
        <time>2026-09-14T09:44:34.000Z</time>
      </trkpt>
      <trkpt lat="40.257172174751758575439453125" lon="9.4435850344598293304443359375">
        <ele>1131.4000244140625</ele>
        <time>2026-09-14T09:44:36.000Z</time>
      </trkpt>
      <trkpt lat="40.2571720071136951446533203125" lon="9.44358193315565586090087890625">
        <ele>1131.4000244140625</ele>
        <time>2026-09-14T09:44:42.000Z</time>
      </trkpt>
      <trkpt lat="40.25720360688865184783935546875" lon="9.44366357289254665374755859375">
        <ele>1131</ele>
        <time>2026-09-14T09:44:47.000Z</time>
      </trkpt>
      <trkpt lat="40.25721282698214054107666015625" lon="9.443782679736614227294921875">
        <ele>1129.800048828125</ele>
        <time>2026-09-14T09:44:53.000Z</time>
      </trkpt>
      <trkpt lat="40.25721383281052112579345703125" lon="9.44381327368319034576416015625">
        <ele>1129.4000244140625</ele>
        <time>2026-09-14T09:44:55.000Z</time>
      </trkpt>
      <trkpt lat="40.25719606317579746246337890625" lon="9.443926513195037841796875">
        <ele>1128.5999755859375</ele>
        <time>2026-09-14T09:45:03.000Z</time>
      </trkpt>
      <trkpt lat="40.25719170458614826202392578125" lon="9.443993233144283294677734375">
        <ele>1128.199951171875</ele>
        <time>2026-09-14T09:45:08.000Z</time>
      </trkpt>
      <trkpt lat="40.25720125995576381683349609375" lon="9.444063641130924224853515625">
        <ele>1128.199951171875</ele>
        <time>2026-09-14T09:45:13.000Z</time>
      </trkpt>
      <trkpt lat="40.25720695964992046356201171875" lon="9.444118626415729522705078125">
        <ele>1128</ele>
        <time>2026-09-14T09:45:16.000Z</time>
      </trkpt>
      <trkpt lat="40.2572266571223735809326171875" lon="9.44417486898601055145263671875">
        <ele>1128.199951171875</ele>
        <time>2026-09-14T09:45:19.000Z</time>
      </trkpt>
      <trkpt lat="40.25724149309098720550537109375" lon="9.44426036439836025238037109375">
        <ele>1128.199951171875</ele>
        <time>2026-09-14T09:45:24.000Z</time>
      </trkpt>
      <trkpt lat="40.2572494558990001678466796875" lon="9.44428785704076290130615234375">
        <ele>1128.199951171875</ele>
        <time>2026-09-14T09:45:26.000Z</time>
      </trkpt>
      <trkpt lat="40.25725590996444225311279296875" lon="9.44434451870620250701904296875">
        <ele>1128.199951171875</ele>
        <time>2026-09-14T09:45:30.000Z</time>
      </trkpt>
      <trkpt lat="40.25725188665091991424560546875" lon="9.44439330138266086578369140625">
        <ele>1127.800048828125</ele>
        <time>2026-09-14T09:45:33.000Z</time>
      </trkpt>
      <trkpt lat="40.25730050168931484222412109375" lon="9.44448818452656269073486328125">
        <ele>1128</ele>
        <time>2026-09-14T09:45:41.000Z</time>
      </trkpt>
      <trkpt lat="40.25730553083121776580810546875" lon="9.444502182304859161376953125">
        <ele>1128</ele>
        <time>2026-09-14T09:45:42.000Z</time>
      </trkpt>
      <trkpt lat="40.25732128880918025970458984375" lon="9.4446119852364063262939453125">
        <ele>1127</ele>
        <time>2026-09-14T09:45:50.000Z</time>
      </trkpt>
      <trkpt lat="40.25732849724590778350830078125" lon="9.44466613233089447021484375">
        <ele>1126.4000244140625</ele>
        <time>2026-09-14T09:45:56.000Z</time>
      </trkpt>
      <trkpt lat="40.25736294686794281005859375" lon="9.44473947398364543914794921875">
        <ele>1126</ele>
        <time>2026-09-14T09:46:05.000Z</time>
      </trkpt>
      <trkpt lat="40.257372669875621795654296875" lon="9.44474986754357814788818359375">
        <ele>1126</ele>
        <time>2026-09-14T09:46:06.000Z</time>
      </trkpt>
      <trkpt lat="40.257380716502666473388671875" lon="9.444761686027050018310546875">
        <ele>1125.800048828125</ele>
        <time>2026-09-14T09:46:07.000Z</time>
      </trkpt>
      <trkpt lat="40.25739119388163089752197265625" lon="9.44477073848247528076171875">
        <ele>1126</ele>
        <time>2026-09-14T09:46:08.000Z</time>
      </trkpt>
      <trkpt lat="40.2574117295444011688232421875" lon="9.444802589714527130126953125">
        <ele>1125.800048828125</ele>
        <time>2026-09-14T09:46:11.000Z</time>
      </trkpt>
      <trkpt lat="40.25740074925124645233154296875" lon="9.4448262266814708709716796875">
        <ele>1125.199951171875</ele>
        <time>2026-09-14T09:46:16.000Z</time>
      </trkpt>
      <trkpt lat="40.25739907287061214447021484375" lon="9.4448607601225376129150390625">
        <ele>1124.5999755859375</ele>
        <time>2026-09-14T09:46:21.000Z</time>
      </trkpt>
      <trkpt lat="40.2573513798415660858154296875" lon="9.44488766603171825408935546875">
        <ele>1123</ele>
        <time>2026-09-14T09:46:28.000Z</time>
      </trkpt>
      <trkpt lat="40.257366634905338287353515625" lon="9.4449328444898128509521484375">
        <ele>1122.4000244140625</ele>
        <time>2026-09-14T09:46:33.000Z</time>
      </trkpt>
      <trkpt lat="40.25738549418747425079345703125" lon="9.44497332908213138580322265625">
        <ele>1121.800048828125</ele>
        <time>2026-09-14T09:46:39.000Z</time>
      </trkpt>
      <trkpt lat="40.2573949657380580902099609375" lon="9.44499227218329906463623046875">
        <ele>1121.5999755859375</ele>
        <time>2026-09-14T09:46:41.000Z</time>
      </trkpt>
      <trkpt lat="40.25738951750099658966064453125" lon="9.44501624442636966705322265625">
        <ele>1120.5999755859375</ele>
        <time>2026-09-14T09:46:43.000Z</time>
      </trkpt>
      <trkpt lat="40.25738172233104705810546875" lon="9.44501875899732112884521484375">
        <ele>1120.199951171875</ele>
        <time>2026-09-14T09:46:44.000Z</time>
      </trkpt>
      <trkpt lat="40.25737493298947811126708984375" lon="9.445020854473114013671875">
        <ele>1120</ele>
        <time>2026-09-14T09:46:45.000Z</time>
      </trkpt>
      <trkpt lat="40.25735515169799327850341796875" lon="9.44503552280366420745849609375">
        <ele>1118.800048828125</ele>
        <time>2026-09-14T09:46:48.000Z</time>
      </trkpt>
      <trkpt lat="40.2573185227811336517333984375" lon="9.44506888277828693389892578125">
        <ele>1116.5999755859375</ele>
        <time>2026-09-14T09:46:53.000Z</time>
      </trkpt>
      <trkpt lat="40.25731173343956470489501953125" lon="9.445076175034046173095703125">
        <ele>1116.199951171875</ele>
        <time>2026-09-14T09:46:54.000Z</time>
      </trkpt>
      <trkpt lat="40.25730335153639316558837890625" lon="9.44508078508079051971435546875">
        <ele>1115.800048828125</ele>
        <time>2026-09-14T09:46:55.000Z</time>
      </trkpt>
      <trkpt lat="40.257272757589817047119140625" lon="9.4450907595455646514892578125">
        <ele>1114.4000244140625</ele>
        <time>2026-09-14T09:46:58.000Z</time>
      </trkpt>
      <trkpt lat="40.2572383917868137359619140625" lon="9.44511498324573040008544921875">
        <ele>1113</ele>
        <time>2026-09-14T09:47:02.000Z</time>
      </trkpt>
      <trkpt lat="40.25723445229232311248779296875" lon="9.4451393745839595794677734375">
        <ele>1112.4000244140625</ele>
        <time>2026-09-14T09:47:04.000Z</time>
      </trkpt>
      <trkpt lat="40.25722875259816646575927734375" lon="9.44517801515758037567138671875">
        <ele>1111.4000244140625</ele>
        <time>2026-09-14T09:47:10.000Z</time>
      </trkpt>
      <trkpt lat="40.25722841732203960418701171875" lon="9.44517734460532665252685546875">
        <ele>1111.4000244140625</ele>
        <time>2026-09-14T09:47:12.000Z</time>
      </trkpt>
      <trkpt lat="40.25723151862621307373046875" lon="9.44517734460532665252685546875">
        <ele>1111.4000244140625</ele>
        <time>2026-09-14T09:47:16.000Z</time>
      </trkpt>
      <trkpt lat="40.2572313509881496429443359375" lon="9.4451772607862949371337890625">
        <ele>1111.4000244140625</ele>
        <time>2026-09-14T09:47:20.000Z</time>
      </trkpt>
      <trkpt lat="40.2572313509881496429443359375" lon="9.4451772607862949371337890625">
        <ele>1111.4000244140625</ele>
        <time>2026-09-14T09:47:26.000Z</time>
      </trkpt>
      <trkpt lat="40.2571974880993366241455078125" lon="9.44526652805507183074951171875">
        <ele>1108.800048828125</ele>
        <time>2026-09-14T09:47:33.000Z</time>
      </trkpt>
      <trkpt lat="40.25719354860484600067138671875" lon="9.44528848864138126373291015625">
        <ele>1108.199951171875</ele>
        <time>2026-09-14T09:47:34.000Z</time>
      </trkpt>
      <trkpt lat="40.25719463825225830078125" lon="9.44534364156424999237060546875">
        <ele>1107</ele>
        <time>2026-09-14T09:47:37.000Z</time>
      </trkpt>
      <trkpt lat="40.25719463825225830078125" lon="9.44537230767309665679931640625">
        <ele>1106.4000244140625</ele>
        <time>2026-09-14T09:47:39.000Z</time>
      </trkpt>
      <trkpt lat="40.25719187222421169281005859375" lon="9.44538186304271221160888671875">
        <ele>1106</ele>
        <time>2026-09-14T09:47:40.000Z</time>
      </trkpt>
      <trkpt lat="40.25717276148498058319091796875" lon="9.44548395462334156036376953125">
        <ele>1103.5999755859375</ele>
        <time>2026-09-14T09:47:49.000Z</time>
      </trkpt>
      <trkpt lat="40.25716245174407958984375" lon="9.44550608284771442413330078125">
        <ele>1102.800048828125</ele>
        <time>2026-09-14T09:47:51.000Z</time>
      </trkpt>
      <trkpt lat="40.25712934322655200958251953125" lon="9.44553676061332225799560546875">
        <ele>1101.5999755859375</ele>
        <time>2026-09-14T09:47:55.000Z</time>
      </trkpt>
      <trkpt lat="40.257123224437236785888671875" lon="9.445562660694122314453125">
        <ele>1101</ele>
        <time>2026-09-14T09:47:57.000Z</time>
      </trkpt>
      <trkpt lat="40.25711207650601863861083984375" lon="9.4455903209745883941650390625">
        <ele>1100.4000244140625</ele>
        <time>2026-09-14T09:48:00.000Z</time>
      </trkpt>
      <trkpt lat="40.25711308233439922332763671875" lon="9.44559954106807708740234375">
        <ele>1100.199951171875</ele>
        <time>2026-09-14T09:48:01.000Z</time>
      </trkpt>
      <trkpt lat="40.257131271064281463623046875" lon="9.44563901983201503753662109375">
        <ele>1099.5999755859375</ele>
        <time>2026-09-14T09:48:06.000Z</time>
      </trkpt>
      <trkpt lat="40.25711224414408206939697265625" lon="9.44572401233017444610595703125">
        <ele>1097.4000244140625</ele>
        <time>2026-09-14T09:48:12.000Z</time>
      </trkpt>
      <trkpt lat="40.2571047842502593994140625" lon="9.4457973539829254150390625">
        <ele>1095.800048828125</ele>
        <time>2026-09-14T09:48:18.000Z</time>
      </trkpt>
      <trkpt lat="40.25710520334541797637939453125" lon="9.44583146832883358001708984375">
        <ele>1094.800048828125</ele>
        <time>2026-09-14T09:48:21.000Z</time>
      </trkpt>
      <trkpt lat="40.25712062604725360870361328125" lon="9.44589181803166866302490234375">
        <ele>1092.800048828125</ele>
        <time>2026-09-14T09:48:28.000Z</time>
      </trkpt>
      <trkpt lat="40.2571411617100238800048828125" lon="9.44595200009644031524658203125">
        <ele>1091</ele>
        <time>2026-09-14T09:48:35.000Z</time>
      </trkpt>
      <trkpt lat="40.25714862160384654998779296875" lon="9.44595736451447010040283203125">
        <ele>1091</ele>
        <time>2026-09-14T09:48:36.000Z</time>
      </trkpt>
      <trkpt lat="40.257154405117034912109375" lon="9.44596725516021251678466796875">
        <ele>1090.5999755859375</ele>
        <time>2026-09-14T09:48:37.000Z</time>
      </trkpt>
      <trkpt lat="40.257184915244579315185546875" lon="9.4459963403642177581787109375">
        <ele>1090.199951171875</ele>
        <time>2026-09-14T09:48:41.000Z</time>
      </trkpt>
      <trkpt lat="40.25722456164658069610595703125" lon="9.44602106697857379913330078125">
        <ele>1090.199951171875</ele>
        <time>2026-09-14T09:48:47.000Z</time>
      </trkpt>
      <trkpt lat="40.2572407387197017669677734375" lon="9.44603112526237964630126953125">
        <ele>1090.199951171875</ele>
        <time>2026-09-14T09:48:49.000Z</time>
      </trkpt>
      <trkpt lat="40.25723780505359172821044921875" lon="9.4460697658360004425048828125">
        <ele>1088.800048828125</ele>
        <time>2026-09-14T09:48:54.000Z</time>
      </trkpt>
      <trkpt lat="40.25723814032971858978271484375" lon="9.4460888765752315521240234375">
        <ele>1088</ele>
        <time>2026-09-14T09:48:58.000Z</time>
      </trkpt>
      <trkpt lat="40.257239229977130889892578125" lon="9.4461006112396717071533203125">
        <ele>1087.5999755859375</ele>
        <time>2026-09-14T09:48:59.000Z</time>
      </trkpt>
      <trkpt lat="40.2572523057460784912109375" lon="9.44612936116755008697509765625">
        <ele>1087</ele>
        <time>2026-09-14T09:49:02.000Z</time>
      </trkpt>
      <trkpt lat="40.257292203605175018310546875" lon="9.44618560373783111572265625">
        <ele>1085.800048828125</ele>
        <time>2026-09-14T09:49:07.000Z</time>
      </trkpt>
      <trkpt lat="40.2572970651090145111083984375" lon="9.44623614661395549774169921875">
        <ele>1084</ele>
        <time>2026-09-14T09:49:11.000Z</time>
      </trkpt>
      <trkpt lat="40.2573044411838054656982421875" lon="9.4462655670940876007080078125">
        <ele>1083.199951171875</ele>
        <time>2026-09-14T09:49:14.000Z</time>
      </trkpt>
      <trkpt lat="40.25732271373271942138671875" lon="9.4463252462446689605712890625">
        <ele>1081.5999755859375</ele>
        <time>2026-09-14T09:49:20.000Z</time>
      </trkpt>
      <trkpt lat="40.2573252283036708831787109375" lon="9.44633270613849163055419921875">
        <ele>1081.4000244140625</ele>
        <time>2026-09-14T09:49:21.000Z</time>
      </trkpt>
      <trkpt lat="40.25732162408530712127685546875" lon="9.44638702087104320526123046875">
        <ele>1079.5999755859375</ele>
        <time>2026-09-14T09:49:27.000Z</time>
      </trkpt>
      <trkpt lat="40.257333777844905853271484375" lon="9.4464895315468311309814453125">
        <ele>1076.800048828125</ele>
        <time>2026-09-14T09:49:36.000Z</time>
      </trkpt>
      <trkpt lat="40.25733553804457187652587890625" lon="9.4465052895247936248779296875">
        <ele>1076.4000244140625</ele>
        <time>2026-09-14T09:49:37.000Z</time>
      </trkpt>
      <trkpt lat="40.25732430629432201385498046875" lon="9.44657008163630962371826171875">
        <ele>1074.4000244140625</ele>
        <time>2026-09-14T09:49:41.000Z</time>
      </trkpt>
      <trkpt lat="40.25731408037245273590087890625" lon="9.44660344161093235015869140625">
        <ele>1073.199951171875</ele>
        <time>2026-09-14T09:49:44.000Z</time>
      </trkpt>
      <trkpt lat="40.25732698850333690643310546875" lon="9.446629174053668975830078125">
        <ele>1072.800048828125</ele>
        <time>2026-09-14T09:49:47.000Z</time>
      </trkpt>
      <trkpt lat="40.257361270487308502197265625" lon="9.4466273300349712371826171875">
        <ele>1073.4000244140625</ele>
        <time>2026-09-14T09:49:53.000Z</time>
      </trkpt>
      <trkpt lat="40.2573966421186923980712890625" lon="9.446624815464019775390625">
        <ele>1074.199951171875</ele>
        <time>2026-09-14T09:49:57.000Z</time>
      </trkpt>
      <trkpt lat="40.25741348974406719207763671875" lon="9.44664501585066318511962890625">
        <ele>1073.800048828125</ele>
        <time>2026-09-14T09:49:59.000Z</time>
      </trkpt>
      <trkpt lat="40.2574534714221954345703125" lon="9.446676783263683319091796875">
        <ele>1073.5999755859375</ele>
        <time>2026-09-14T09:50:05.000Z</time>
      </trkpt>
      <trkpt lat="40.2575059421360492706298828125" lon="9.4466853328049182891845703125">
        <ele>1074.4000244140625</ele>
        <time>2026-09-14T09:50:09.000Z</time>
      </trkpt>
      <trkpt lat="40.2575461752712726593017578125" lon="9.446729756891727447509765625">
        <ele>1073.800048828125</ele>
        <time>2026-09-14T09:50:13.000Z</time>
      </trkpt>
      <trkpt lat="40.2576356939971446990966796875" lon="9.44680376909673213958740234375">
        <ele>1073.199951171875</ele>
        <time>2026-09-14T09:50:22.000Z</time>
      </trkpt>
      <trkpt lat="40.25768724270164966583251953125" lon="9.4468804635107517242431640625">
        <ele>1072</ele>
        <time>2026-09-14T09:50:31.000Z</time>
      </trkpt>
      <trkpt lat="40.25770450942218303680419921875" lon="9.44697207771241664886474609375">
        <ele>1070</ele>
        <time>2026-09-14T09:50:38.000Z</time>
      </trkpt>
      <trkpt lat="40.25770920328795909881591796875" lon="9.446985237300395965576171875">
        <ele>1069.800048828125</ele>
        <time>2026-09-14T09:50:39.000Z</time>
      </trkpt>
      <trkpt lat="40.25772311724722385406494140625" lon="9.447001330554485321044921875">
        <ele>1070</ele>
        <time>2026-09-14T09:50:41.000Z</time>
      </trkpt>
      <trkpt lat="40.2577429823577404022216796875" lon="9.44702379405498504638671875">
        <ele>1070.4000244140625</ele>
        <time>2026-09-14T09:50:44.000Z</time>
      </trkpt>
      <trkpt lat="40.25776368565857410430908203125" lon="9.4470725767314434051513671875">
        <ele>1070.199951171875</ele>
        <time>2026-09-14T09:50:50.000Z</time>
      </trkpt>
      <trkpt lat="40.25776402093470096588134765625" lon="9.44707668386399745941162109375">
        <ele>1070.199951171875</ele>
        <time>2026-09-14T09:50:56.000Z</time>
      </trkpt>
      <trkpt lat="40.2577895857393741607666015625" lon="9.447101913392543792724609375">
        <ele>1070.5999755859375</ele>
        <time>2026-09-14T09:51:00.000Z</time>
      </trkpt>
      <trkpt lat="40.2577939443290233612060546875" lon="9.447111301124095916748046875">
        <ele>1070.5999755859375</ele>
        <time>2026-09-14T09:51:01.000Z</time>
      </trkpt>
      <trkpt lat="40.25778396986424922943115234375" lon="9.4471677951514720916748046875">
        <ele>1069</ele>
        <time>2026-09-14T09:51:06.000Z</time>
      </trkpt>
      <trkpt lat="40.25780509226024150848388671875" lon="9.4472472555935382843017578125">
        <ele>1068.199951171875</ele>
        <time>2026-09-14T09:51:13.000Z</time>
      </trkpt>
      <trkpt lat="40.25784398429095745086669921875" lon="9.447333253920078277587890625">
        <ele>1068</ele>
        <time>2026-09-14T09:51:21.000Z</time>
      </trkpt>
      <trkpt lat="40.257862843573093414306640625" lon="9.44742838852107524871826171875">
        <ele>1066</ele>
        <time>2026-09-14T09:51:29.000Z</time>
      </trkpt>
      <trkpt lat="40.257900059223175048828125" lon="9.4474804401397705078125">
        <ele>1066.4000244140625</ele>
        <time>2026-09-14T09:51:34.000Z</time>
      </trkpt>
      <trkpt lat="40.25791439227759838104248046875" lon="9.44749410264194011688232421875">
        <ele>1066.800048828125</ele>
        <time>2026-09-14T09:51:36.000Z</time>
      </trkpt>
      <trkpt lat="40.25792344473302364349365234375" lon="9.4475034065544605255126953125">
        <ele>1067</ele>
        <time>2026-09-14T09:51:37.000Z</time>
      </trkpt>
      <trkpt lat="40.2579387836158275604248046875" lon="9.44753282703459262847900390625">
        <ele>1066.800048828125</ele>
        <time>2026-09-14T09:51:39.000Z</time>
      </trkpt>
      <trkpt lat="40.25794674642384052276611328125" lon="9.44754590280354022979736328125">
        <ele>1066.800048828125</ele>
        <time>2026-09-14T09:51:40.000Z</time>
      </trkpt>
      <trkpt lat="40.25795009918510913848876953125" lon="9.4475555419921875">
        <ele>1066.5999755859375</ele>
        <time>2026-09-14T09:51:41.000Z</time>
      </trkpt>
      <trkpt lat="40.2579669468104839324951171875" lon="9.44756568409502506256103515625">
        <ele>1067.199951171875</ele>
        <time>2026-09-14T09:51:45.000Z</time>
      </trkpt>
      <trkpt lat="40.257996954023838043212890625" lon="9.4476167298853397369384765625">
        <ele>1067.199951171875</ele>
        <time>2026-09-14T09:51:51.000Z</time>
      </trkpt>
      <trkpt lat="40.25801581330597400665283203125" lon="9.4476874731481075286865234375">
        <ele>1065.800048828125</ele>
        <time>2026-09-14T09:51:56.000Z</time>
      </trkpt>
      <trkpt lat="40.25803308002650737762451171875" lon="9.44780406542122364044189453125">
        <ele>1063.199951171875</ele>
        <time>2026-09-14T09:52:03.000Z</time>
      </trkpt>
      <trkpt lat="40.25804162956774234771728515625" lon="9.44788252003490924835205078125">
        <ele>1062.199951171875</ele>
        <time>2026-09-14T09:52:09.000Z</time>
      </trkpt>
      <trkpt lat="40.258028469979763031005859375" lon="9.44792501628398895263671875">
        <ele>1060.800048828125</ele>
        <time>2026-09-14T09:52:15.000Z</time>
      </trkpt>
      <trkpt lat="40.25802637450397014617919921875" lon="9.447926692664623260498046875">
        <ele>1060.800048828125</ele>
        <time>2026-09-14T09:52:16.000Z</time>
      </trkpt>
      <trkpt lat="40.25802670978009700775146484375" lon="9.44792409427464008331298828125">
        <ele>1060.800048828125</ele>
        <time>2026-09-14T09:52:20.000Z</time>
      </trkpt>
      <trkpt lat="40.25802268646657466888427734375" lon="9.44793918170034885406494140625">
        <ele>1060.4000244140625</ele>
        <time>2026-09-14T09:52:23.000Z</time>
      </trkpt>
      <trkpt lat="40.257986895740032196044921875" lon="9.448005817830562591552734375">
        <ele>1057.5999755859375</ele>
        <time>2026-09-14T09:52:32.000Z</time>
      </trkpt>
      <trkpt lat="40.25798320770263671875" lon="9.44805820472538471221923828125">
        <ele>1056.4000244140625</ele>
        <time>2026-09-14T09:52:39.000Z</time>
      </trkpt>
      <trkpt lat="40.25794775225222110748291015625" lon="9.44811411201953887939453125">
        <ele>1054</ele>
        <time>2026-09-14T09:52:45.000Z</time>
      </trkpt>
      <trkpt lat="40.25791841559112071990966796875" lon="9.44810665212571620941162109375">
        <ele>1053</ele>
        <time>2026-09-14T09:52:50.000Z</time>
      </trkpt>
      <trkpt lat="40.25787985883653163909912109375" lon="9.44813691079616546630859375">
        <ele>1051</ele>
        <time>2026-09-14T09:52:56.000Z</time>
      </trkpt>
      <trkpt lat="40.25782939977943897247314453125" lon="9.448209665715694427490234375">
        <ele>1047.4000244140625</ele>
        <time>2026-09-14T09:53:05.000Z</time>
      </trkpt>
      <trkpt lat="40.2578083612024784088134765625" lon="9.44824822247028350830078125">
        <ele>1045.4000244140625</ele>
        <time>2026-09-14T09:53:11.000Z</time>
      </trkpt>
      <trkpt lat="40.25784649886190891265869140625" lon="9.44831619970500469207763671875">
        <ele>1045.4000244140625</ele>
        <time>2026-09-14T09:53:19.000Z</time>
      </trkpt>
      <trkpt lat="40.25786845944821834564208984375" lon="9.448343105614185333251953125">
        <ele>1046</ele>
        <time>2026-09-14T09:53:23.000Z</time>
      </trkpt>
      <trkpt lat="40.25787767954170703887939453125" lon="9.4483714364469051361083984375">
        <ele>1045.800048828125</ele>
        <time>2026-09-14T09:53:25.000Z</time>
      </trkpt>
      <trkpt lat="40.25787751190364360809326171875" lon="9.44838694296777248382568359375">
        <ele>1045.5999755859375</ele>
        <time>2026-09-14T09:53:26.000Z</time>
      </trkpt>
      <trkpt lat="40.2578804455697536468505859375" lon="9.4484795629978179931640625">
        <ele>1044</ele>
        <time>2026-09-14T09:53:33.000Z</time>
      </trkpt>
      <trkpt lat="40.25788924656808376312255859375" lon="9.448491297662258148193359375">
        <ele>1044.199951171875</ele>
        <time>2026-09-14T09:53:34.000Z</time>
      </trkpt>
      <trkpt lat="40.25790567509829998016357421875" lon="9.448536895215511322021484375">
        <ele>1044</ele>
        <time>2026-09-14T09:53:40.000Z</time>
      </trkpt>
      <trkpt lat="40.2579156495630741119384765625" lon="9.44856279529631137847900390625">
        <ele>1044</ele>
        <time>2026-09-14T09:53:50.000Z</time>
      </trkpt>
      <trkpt lat="40.2578921802341938018798828125" lon="9.44860638119280338287353515625">
        <ele>1041.5999755859375</ele>
        <time>2026-09-14T09:53:58.000Z</time>
      </trkpt>
      <trkpt lat="40.257871560752391815185546875" lon="9.4486217200756072998046875">
        <ele>1040</ele>
        <time>2026-09-14T09:54:03.000Z</time>
      </trkpt>
      <trkpt lat="40.25786510668694972991943359375" lon="9.44860093295574188232421875">
        <ele>1040.199951171875</ele>
        <time>2026-09-14T09:54:11.000Z</time>
      </trkpt>
      <trkpt lat="40.25786896236240863800048828125" lon="9.44858592934906482696533203125">
        <ele>1040.800048828125</ele>
        <time>2026-09-14T09:54:19.000Z</time>
      </trkpt>
      <trkpt lat="40.2578690461814403533935546875" lon="9.4485850073397159576416015625">
        <ele>1040.800048828125</ele>
        <time>2026-09-14T09:54:45.000Z</time>
      </trkpt>
      <trkpt lat="40.2578700520098209381103515625" lon="9.44858341477811336517333984375">
        <ele>1041</ele>
        <time>2026-09-14T09:54:56.000Z</time>
      </trkpt>
      <trkpt lat="40.25786628015339374542236328125" lon="9.4485927186906337738037109375">
        <ele>1040.5999755859375</ele>
        <time>2026-09-14T09:55:16.000Z</time>
      </trkpt>
      <trkpt lat="40.25786451995372772216796875" lon="9.44858944974839687347412109375">
        <ele>1040.5999755859375</ele>
        <time>2026-09-14T09:55:33.000Z</time>
      </trkpt>
      <trkpt lat="40.2578616701066493988037109375" lon="9.448586516082286834716796875">
        <ele>1040.4000244140625</ele>
        <time>2026-09-14T09:55:45.000Z</time>
      </trkpt>
      <trkpt lat="40.25786586105823516845703125" lon="9.44858727045357227325439453125">
        <ele>1040.5999755859375</ele>
        <time>2026-09-14T09:56:25.000Z</time>
      </trkpt>
      <trkpt lat="40.25786594487726688385009765625" lon="9.44858727045357227325439453125">
        <ele>1040.5999755859375</ele>
        <time>2026-09-14T09:56:26.000Z</time>
      </trkpt>
      <trkpt lat="40.2578660286962985992431640625" lon="9.4485873542726039886474609375">
        <ele>1040.5999755859375</ele>
        <time>2026-09-14T09:56:28.000Z</time>
      </trkpt>
      <trkpt lat="40.25787055492401123046875" lon="9.44858710281550884246826171875">
        <ele>1040.800048828125</ele>
        <time>2026-09-14T09:57:11.000Z</time>
      </trkpt>
      <trkpt lat="40.2578707225620746612548828125" lon="9.4485870189964771270751953125">
        <ele>1040.800048828125</ele>
        <time>2026-09-14T09:57:20.000Z</time>
      </trkpt>
      <trkpt lat="40.2578707225620746612548828125" lon="9.44858659990131855010986328125">
        <ele>1041</ele>
        <time>2026-09-14T09:57:43.000Z</time>
      </trkpt>
      <trkpt lat="40.25787063874304294586181640625" lon="9.44858743809163570404052734375">
        <ele>1040.800048828125</ele>
        <time>2026-09-14T09:57:52.000Z</time>
      </trkpt>
      <trkpt lat="40.25787097401916980743408203125" lon="9.44858752191066741943359375">
        <ele>1040.800048828125</ele>
        <time>2026-09-14T09:58:07.000Z</time>
      </trkpt>
      <trkpt lat="40.25787063874304294586181640625" lon="9.4485876895487308502197265625">
        <ele>1040.800048828125</ele>
        <time>2026-09-14T09:58:12.000Z</time>
      </trkpt>
      <trkpt lat="40.25786988437175750732421875" lon="9.448587857186794281005859375">
        <ele>1040.800048828125</ele>
        <time>2026-09-14T09:58:28.000Z</time>
      </trkpt>
      <trkpt lat="40.2578697167336940765380859375" lon="9.44858777336776256561279296875">
        <ele>1040.800048828125</ele>
        <time>2026-09-14T09:58:31.000Z</time>
      </trkpt>
      <trkpt lat="40.2578692138195037841796875" lon="9.4485880248248577117919921875">
        <ele>1040.800048828125</ele>
        <time>2026-09-14T09:58:47.000Z</time>
      </trkpt>
      <trkpt lat="40.25786812417209148406982421875" lon="9.44859012030065059661865234375">
        <ele>1040.5999755859375</ele>
        <time>2026-09-14T09:59:07.000Z</time>
      </trkpt>
      <trkpt lat="40.2578680403530597686767578125" lon="9.44859028793871402740478515625">
        <ele>1040.5999755859375</ele>
        <time>2026-09-14T09:59:09.000Z</time>
      </trkpt>
      <trkpt lat="40.257867537438869476318359375" lon="9.44859062321484088897705078125">
        <ele>1040.5999755859375</ele>
        <time>2026-09-14T09:59:17.000Z</time>
      </trkpt>
      <trkpt lat="40.25786695070564746856689453125" lon="9.448591209948062896728515625">
        <ele>1040.5999755859375</ele>
        <time>2026-09-14T09:59:25.000Z</time>
      </trkpt>
      <trkpt lat="40.2578663639724254608154296875" lon="9.4485920481383800506591796875">
        <ele>1040.5999755859375</ele>
        <time>2026-09-14T10:00:01.000Z</time>
      </trkpt>
      <trkpt lat="40.25786586105823516845703125" lon="9.44859213195741176605224609375">
        <ele>1040.5999755859375</ele>
        <time>2026-09-14T10:00:07.000Z</time>
      </trkpt>
      <trkpt lat="40.25786586105823516845703125" lon="9.44859263487160205841064453125">
        <ele>1040.4000244140625</ele>
        <time>2026-09-14T10:00:14.000Z</time>
      </trkpt>
      <trkpt lat="40.2578670345246791839599609375" lon="9.44859431125223636627197265625">
        <ele>1040.5999755859375</ele>
        <time>2026-09-14T10:00:48.000Z</time>
      </trkpt>
      <trkpt lat="40.25786728598177433013916015625" lon="9.4485957361757755279541015625">
        <ele>1040.4000244140625</ele>
        <time>2026-09-14T10:01:04.000Z</time>
      </trkpt>
      <trkpt lat="40.25786678306758403778076171875" lon="9.4485964067280292510986328125">
        <ele>1040.4000244140625</ele>
        <time>2026-09-14T10:01:13.000Z</time>
      </trkpt>
      <trkpt lat="40.25786611251533031463623046875" lon="9.44859690964221954345703125">
        <ele>1040.4000244140625</ele>
        <time>2026-09-14T10:01:32.000Z</time>
      </trkpt>
      <trkpt lat="40.25786628015339374542236328125" lon="9.448597244918346405029296875">
        <ele>1040.4000244140625</ele>
        <time>2026-09-14T10:01:43.000Z</time>
      </trkpt>
      <trkpt lat="40.25786644779145717620849609375" lon="9.44859716109931468963623046875">
        <ele>1040.4000244140625</ele>
        <time>2026-09-14T10:01:46.000Z</time>
      </trkpt>
      <trkpt lat="40.25786644779145717620849609375" lon="9.448597244918346405029296875">
        <ele>1040.4000244140625</ele>
        <time>2026-09-14T10:01:52.000Z</time>
      </trkpt>
      <trkpt lat="40.2578660286962985992431640625" lon="9.448597244918346405029296875">
        <ele>1040.4000244140625</ele>
        <time>2026-09-14T10:02:01.000Z</time>
      </trkpt>
      <trkpt lat="40.2578660286962985992431640625" lon="9.4485987536609172821044921875">
        <ele>1040.4000244140625</ele>
        <time>2026-09-14T10:02:42.000Z</time>
      </trkpt>
      <trkpt lat="40.2578660286962985992431640625" lon="9.4485987536609172821044921875">
        <ele>1040.4000244140625</ele>
        <time>2026-09-14T10:02:44.000Z</time>
      </trkpt>
      <trkpt lat="40.25786628015339374542236328125" lon="9.44859866984188556671142578125">
        <ele>1040.4000244140625</ele>
        <time>2026-09-14T10:02:47.000Z</time>
      </trkpt>
      <trkpt lat="40.25786628015339374542236328125" lon="9.44859883747994899749755859375">
        <ele>1040.4000244140625</ele>
        <time>2026-09-14T10:02:56.000Z</time>
      </trkpt>
      <trkpt lat="40.25786628015339374542236328125" lon="9.44859917275607585906982421875">
        <ele>1040.4000244140625</ele>
        <time>2026-09-14T10:03:05.000Z</time>
      </trkpt>
      <trkpt lat="40.25786628015339374542236328125" lon="9.44859959185123443603515625">
        <ele>1040.4000244140625</ele>
        <time>2026-09-14T10:03:22.000Z</time>
      </trkpt>
      <trkpt lat="40.25786611251533031463623046875" lon="9.4485997594892978668212890625">
        <ele>1040.4000244140625</ele>
        <time>2026-09-14T10:03:26.000Z</time>
      </trkpt>
      <trkpt lat="40.257866196334362030029296875" lon="9.4485997594892978668212890625">
        <ele>1040.4000244140625</ele>
        <time>2026-09-14T10:03:28.000Z</time>
      </trkpt>
      <trkpt lat="40.25781531818211078643798828125" lon="9.4486658088862895965576171875">
        <ele>1036</ele>
        <time>2026-09-14T10:10:10.000Z</time>
      </trkpt>
      <trkpt lat="40.25781028904020786285400390625" lon="9.4486708380281925201416015625">
        <ele>1035.5999755859375</ele>
        <time>2026-09-14T10:10:11.000Z</time>
      </trkpt>
      <trkpt lat="40.25780727155506610870361328125" lon="9.44869372062385082244873046875">
        <ele>1034.800048828125</ele>
        <time>2026-09-14T10:10:14.000Z</time>
      </trkpt>
      <trkpt lat="40.2577587403357028961181640625" lon="9.44874837063252925872802734375">
        <ele>1032.199951171875</ele>
        <time>2026-09-14T10:10:21.000Z</time>
      </trkpt>
      <trkpt lat="40.25774910114705562591552734375" lon="9.44876127876341342926025390625">
        <ele>1031.800048828125</ele>
        <time>2026-09-14T10:10:23.000Z</time>
      </trkpt>
      <trkpt lat="40.25776385329663753509521484375" lon="9.44881458766758441925048828125">
        <ele>1031.800048828125</ele>
        <time>2026-09-14T10:10:28.000Z</time>
      </trkpt>
      <trkpt lat="40.257758907973766326904296875" lon="9.448863454163074493408203125">
        <ele>1031</ele>
        <time>2026-09-14T10:10:33.000Z</time>
      </trkpt>
      <trkpt lat="40.2577630989253520965576171875" lon="9.44888851605355739593505859375">
        <ele>1030.800048828125</ele>
        <time>2026-09-14T10:10:35.000Z</time>
      </trkpt>
      <trkpt lat="40.257764942944049835205078125" lon="9.44890092127025127410888671875">
        <ele>1030.5999755859375</ele>
        <time>2026-09-14T10:10:36.000Z</time>
      </trkpt>
      <trkpt lat="40.25776452384889125823974609375" lon="9.44892489351332187652587890625">
        <ele>1030.199951171875</ele>
        <time>2026-09-14T10:10:38.000Z</time>
      </trkpt>
      <trkpt lat="40.25776402093470096588134765625" lon="9.4489367119967937469482421875">
        <ele>1030</ele>
        <time>2026-09-14T10:10:39.000Z</time>
      </trkpt>
      <trkpt lat="40.25776184163987636566162109375" lon="9.44897434674203395843505859375">
        <ele>1029.4000244140625</ele>
        <time>2026-09-14T10:10:42.000Z</time>
      </trkpt>
      <trkpt lat="40.25777223519980907440185546875" lon="9.44906654767692089080810546875">
        <ele>1028.4000244140625</ele>
        <time>2026-09-14T10:10:51.000Z</time>
      </trkpt>
      <trkpt lat="40.257777683436870574951171875" lon="9.4490979798138141632080078125">
        <ele>1028.199951171875</ele>
        <time>2026-09-14T10:10:54.000Z</time>
      </trkpt>
      <trkpt lat="40.25779545307159423828125" lon="9.4491362012922763824462890625">
        <ele>1028.199951171875</ele>
        <time>2026-09-14T10:10:57.000Z</time>
      </trkpt>
      <trkpt lat="40.25780458934605121612548828125" lon="9.449150450527667999267578125">
        <ele>1028.4000244140625</ele>
        <time>2026-09-14T10:10:58.000Z</time>
      </trkpt>
      <trkpt lat="40.2578113786876201629638671875" lon="9.44916226901113986968994140625">
        <ele>1028.5999755859375</ele>
        <time>2026-09-14T10:10:59.000Z</time>
      </trkpt>
      <trkpt lat="40.2578412182629108428955078125" lon="9.44920769892632961273193359375">
        <ele>1029.199951171875</ele>
        <time>2026-09-14T10:11:05.000Z</time>
      </trkpt>
      <trkpt lat="40.25786728598177433013916015625" lon="9.44922110997140407562255859375">
        <ele>1030</ele>
        <time>2026-09-14T10:11:09.000Z</time>
      </trkpt>
      <trkpt lat="40.25789896957576274871826171875" lon="9.44928648881614208221435546875">
        <ele>1030.4000244140625</ele>
        <time>2026-09-14T10:11:15.000Z</time>
      </trkpt>
      <trkpt lat="40.25791422463953495025634765625" lon="9.44929453544318675994873046875">
        <ele>1030.800048828125</ele>
        <time>2026-09-14T10:11:21.000Z</time>
      </trkpt>
      <trkpt lat="40.25794356130063533782958984375" lon="9.44929487071931362152099609375">
        <ele>1031.800048828125</ele>
        <time>2026-09-14T10:11:25.000Z</time>
      </trkpt>
      <trkpt lat="40.25795529596507549285888671875" lon="9.44930559955537319183349609375">
        <ele>1032.199951171875</ele>
        <time>2026-09-14T10:11:27.000Z</time>
      </trkpt>
      <trkpt lat="40.25795998983085155487060546875" lon="9.44931884296238422393798828125">
        <ele>1032.199951171875</ele>
        <time>2026-09-14T10:11:28.000Z</time>
      </trkpt>
      <trkpt lat="40.25797558017075061798095703125" lon="9.44936226122081279754638671875">
        <ele>1032.199951171875</ele>
        <time>2026-09-14T10:11:31.000Z</time>
      </trkpt>
      <trkpt lat="40.25798999704420566558837890625" lon="9.44942780770361423492431640625">
        <ele>1032.199951171875</ele>
        <time>2026-09-14T10:11:36.000Z</time>
      </trkpt>
      <trkpt lat="40.2580033242702484130859375" lon="9.449504502117633819580078125">
        <ele>1031.5999755859375</ele>
        <time>2026-09-14T10:11:43.000Z</time>
      </trkpt>
      <trkpt lat="40.25800340808928012847900390625" lon="9.44951414130628108978271484375">
        <ele>1031.5999755859375</ele>
        <time>2026-09-14T10:11:44.000Z</time>
      </trkpt>
      <trkpt lat="40.2580313198268413543701171875" lon="9.4496146403253078460693359375">
        <ele>1031.5999755859375</ele>
        <time>2026-09-14T10:11:52.000Z</time>
      </trkpt>
      <trkpt lat="40.25806107558310031890869140625" lon="9.449709691107273101806640625">
        <ele>1031.5999755859375</ele>
        <time>2026-09-14T10:12:00.000Z</time>
      </trkpt>
      <trkpt lat="40.258063338696956634521484375" lon="9.44972553290426731109619140625">
        <ele>1031.5999755859375</ele>
        <time>2026-09-14T10:12:01.000Z</time>
      </trkpt>
      <trkpt lat="40.25806903839111328125" lon="9.4497527740895748138427734375">
        <ele>1031.4000244140625</ele>
        <time>2026-09-14T10:12:03.000Z</time>
      </trkpt>
      <trkpt lat="40.25807247497141361236572265625" lon="9.44978621788322925567626953125">
        <ele>1031.199951171875</ele>
        <time>2026-09-14T10:12:07.000Z</time>
      </trkpt>
      <trkpt lat="40.2580769173800945281982421875" lon="9.449808262288570404052734375">
        <ele>1031</ele>
        <time>2026-09-14T10:12:10.000Z</time>
      </trkpt>
      <trkpt lat="40.2580933459103107452392578125" lon="9.4498754851520061492919921875">
        <ele>1030.800048828125</ele>
        <time>2026-09-14T10:12:17.000Z</time>
      </trkpt>
      <trkpt lat="40.2580909989774227142333984375" lon="9.44990339688956737518310546875">
        <ele>1030.4000244140625</ele>
        <time>2026-09-14T10:12:19.000Z</time>
      </trkpt>
      <trkpt lat="40.25808370672166347503662109375" lon="9.44992854259908199310302734375">
        <ele>1029.5999755859375</ele>
        <time>2026-09-14T10:12:21.000Z</time>
      </trkpt>
      <trkpt lat="40.25807566009461879730224609375" lon="9.44995519705116748809814453125">
        <ele>1028.800048828125</ele>
        <time>2026-09-14T10:12:24.000Z</time>
      </trkpt>
      <trkpt lat="40.2580718882381916046142578125" lon="9.450002722442150115966796875">
        <ele>1028</ele>
        <time>2026-09-14T10:12:28.000Z</time>
      </trkpt>
      <trkpt lat="40.25807649828493595123291015625" lon="9.45004488341510295867919921875">
        <ele>1028</ele>
        <time>2026-09-14T10:12:31.000Z</time>
      </trkpt>
      <trkpt lat="40.25807381607592105865478515625" lon="9.45007422007620334625244140625">
        <ele>1027.5999755859375</ele>
        <time>2026-09-14T10:12:33.000Z</time>
      </trkpt>
      <trkpt lat="40.25806979276239871978759765625" lon="9.45008360780775547027587890625">
        <ele>1027.4000244140625</ele>
        <time>2026-09-14T10:12:34.000Z</time>
      </trkpt>
      <trkpt lat="40.25806367397308349609375" lon="9.45011344738304615020751953125">
        <ele>1027</ele>
        <time>2026-09-14T10:12:37.000Z</time>
      </trkpt>
      <trkpt lat="40.258043892681598663330078125" lon="9.4501540996134281158447265625">
        <ele>1026</ele>
        <time>2026-09-14T10:12:40.000Z</time>
      </trkpt>
      <trkpt lat="40.25804347358644008636474609375" lon="9.450187124311923980712890625">
        <ele>1025.800048828125</ele>
        <time>2026-09-14T10:12:42.000Z</time>
      </trkpt>
      <trkpt lat="40.25803861208260059356689453125" lon="9.45019827224314212799072265625">
        <ele>1025.5999755859375</ele>
        <time>2026-09-14T10:12:43.000Z</time>
      </trkpt>
      <trkpt lat="40.2580410428345203399658203125" lon="9.4503214024007320404052734375">
        <ele>1025.199951171875</ele>
        <time>2026-09-14T10:12:51.000Z</time>
      </trkpt>
      <trkpt lat="40.25805051438510417938232421875" lon="9.45034847594797611236572265625">
        <ele>1025.5999755859375</ele>
        <time>2026-09-14T10:12:54.000Z</time>
      </trkpt>
      <trkpt lat="40.25807599537074565887451171875" lon="9.4504109211266040802001953125">
        <ele>1026.5999755859375</ele>
        <time>2026-09-14T10:12:59.000Z</time>
      </trkpt>
      <trkpt lat="40.2580792643129825592041015625" lon="9.45042307488620281219482421875">
        <ele>1026.5999755859375</ele>
        <time>2026-09-14T10:13:00.000Z</time>
      </trkpt>
      <trkpt lat="40.258097536861896514892578125" lon="9.45052533410489559173583984375">
        <ele>1027.199951171875</ele>
        <time>2026-09-14T10:13:07.000Z</time>
      </trkpt>
      <trkpt lat="40.2581060864031314849853515625" lon="9.45055768825113773345947265625">
        <ele>1027.5999755859375</ele>
        <time>2026-09-14T10:13:10.000Z</time>
      </trkpt>
      <trkpt lat="40.25811321102082729339599609375" lon="9.45058769546449184417724609375">
        <ele>1027.800048828125</ele>
        <time>2026-09-14T10:13:12.000Z</time>
      </trkpt>
      <trkpt lat="40.25811438448727130889892578125" lon="9.4506026990711688995361328125">
        <ele>1027.800048828125</ele>
        <time>2026-09-14T10:13:13.000Z</time>
      </trkpt>
      <trkpt lat="40.25810868479311466217041015625" lon="9.450635053217411041259765625">
        <ele>1027.5999755859375</ele>
        <time>2026-09-14T10:13:15.000Z</time>
      </trkpt>
      <trkpt lat="40.25810449384152889251708984375" lon="9.4506647251546382904052734375">
        <ele>1027.4000244140625</ele>
        <time>2026-09-14T10:13:17.000Z</time>
      </trkpt>
      <trkpt lat="40.25811069644987583160400390625" lon="9.45067562162876129150390625">
        <ele>1027.800048828125</ele>
        <time>2026-09-14T10:13:18.000Z</time>
      </trkpt>
      <trkpt lat="40.25811857543885707855224609375" lon="9.45069582201540470123291015625">
        <ele>1028</ele>
        <time>2026-09-14T10:13:20.000Z</time>
      </trkpt>
      <trkpt lat="40.2581188268959522247314453125" lon="9.450723230838775634765625">
        <ele>1028.199951171875</ele>
        <time>2026-09-14T10:13:22.000Z</time>
      </trkpt>
      <trkpt lat="40.2581161446869373321533203125" lon="9.4507478736340999603271484375">
        <ele>1028</ele>
        <time>2026-09-14T10:13:24.000Z</time>
      </trkpt>
      <trkpt lat="40.25809979997575283050537109375" lon="9.45081383921205997467041015625">
        <ele>1027.199951171875</ele>
        <time>2026-09-14T10:13:30.000Z</time>
      </trkpt>
      <trkpt lat="40.25809912942349910736083984375" lon="9.4508266635239124298095703125">
        <ele>1027.199951171875</ele>
        <time>2026-09-14T10:13:31.000Z</time>
      </trkpt>
      <trkpt lat="40.25809586048126220703125" lon="9.45088609121739864349365234375">
        <ele>1026.800048828125</ele>
        <time>2026-09-14T10:13:35.000Z</time>
      </trkpt>
      <trkpt lat="40.2580970339477062225341796875" lon="9.4509171880781650543212890625">
        <ele>1026.800048828125</ele>
        <time>2026-09-14T10:13:37.000Z</time>
      </trkpt>
      <trkpt lat="40.258093178272247314453125" lon="9.450930096209049224853515625">
        <ele>1026.4000244140625</ele>
        <time>2026-09-14T10:13:38.000Z</time>
      </trkpt>
      <trkpt lat="40.2580591477453708648681640625" lon="9.45103310979902744293212890625">
        <ele>1023</ele>
        <time>2026-09-14T10:13:46.000Z</time>
      </trkpt>
      <trkpt lat="40.2580534480512142181396484375" lon="9.45104082114994525909423828125">
        <ele>1022.5999755859375</ele>
        <time>2026-09-14T10:13:47.000Z</time>
      </trkpt>
      <trkpt lat="40.2580427192151546478271484375" lon="9.45112916640937328338623046875">
        <ele>1020.5999755859375</ele>
        <time>2026-09-14T10:13:55.000Z</time>
      </trkpt>
      <trkpt lat="40.25803148746490478515625" lon="9.45120141841471195220947265625">
        <ele>1019.5999755859375</ele>
        <time>2026-09-14T10:14:01.000Z</time>
      </trkpt>
      <trkpt lat="40.25803157128393650054931640625" lon="9.4512132368981838226318359375">
        <ele>1019.5999755859375</ele>
        <time>2026-09-14T10:14:02.000Z</time>
      </trkpt>
      <trkpt lat="40.25803676806390285491943359375" lon="9.45122404955327510833740234375">
        <ele>1019.79998779296875</ele>
        <time>2026-09-14T10:14:03.000Z</time>
      </trkpt>
      <trkpt lat="40.258049257099628448486328125" lon="9.4512890093028545379638671875">
        <ele>1020.20001220703125</ele>
        <time>2026-09-14T10:14:08.000Z</time>
      </trkpt>
      <trkpt lat="40.25804464705288410186767578125" lon="9.45135648362338542938232421875">
        <ele>1019.79998779296875</ele>
        <time>2026-09-14T10:14:13.000Z</time>
      </trkpt>
      <trkpt lat="40.25803308002650737762451171875" lon="9.45138146169483661651611328125">
        <ele>1019</ele>
        <time>2026-09-14T10:14:15.000Z</time>
      </trkpt>
      <trkpt lat="40.25801799260079860687255859375" lon="9.451499395072460174560546875">
        <ele>1018</ele>
        <time>2026-09-14T10:14:24.000Z</time>
      </trkpt>
      <trkpt lat="40.25801698677241802215576171875" lon="9.45152412168681621551513671875">
        <ele>1017.79998779296875</ele>
        <time>2026-09-14T10:14:26.000Z</time>
      </trkpt>
      <trkpt lat="40.2580085210502147674560546875" lon="9.45154666900634765625">
        <ele>1017.4000244140625</ele>
        <time>2026-09-14T10:14:28.000Z</time>
      </trkpt>
      <trkpt lat="40.25800072588026523590087890625" lon="9.45161632262170314788818359375">
        <ele>1016.79998779296875</ele>
        <time>2026-09-14T10:14:33.000Z</time>
      </trkpt>
      <trkpt lat="40.25800131261348724365234375" lon="9.45164658129215240478515625">
        <ele>1016.5999755859375</ele>
        <time>2026-09-14T10:14:35.000Z</time>
      </trkpt>
      <trkpt lat="40.25800910778343677520751953125" lon="9.45171489380300045013427734375">
        <ele>1016.5999755859375</ele>
        <time>2026-09-14T10:14:40.000Z</time>
      </trkpt>
      <trkpt lat="40.258035175502300262451171875" lon="9.4518432207405567169189453125">
        <ele>1017.4000244140625</ele>
        <time>2026-09-14T10:14:49.000Z</time>
      </trkpt>
      <trkpt lat="40.258039534091949462890625" lon="9.45185906253755092620849609375">
        <ele>1017.4000244140625</ele>
        <time>2026-09-14T10:14:50.000Z</time>
      </trkpt>
      <trkpt lat="40.25806660763919353485107421875" lon="9.45201982744038105010986328125">
        <ele>1017.79998779296875</ele>
        <time>2026-09-14T10:15:01.000Z</time>
      </trkpt>
      <trkpt lat="40.25807146914303302764892578125" lon="9.45202552713453769683837890625">
        <ele>1018</ele>
        <time>2026-09-14T10:15:02.000Z</time>
      </trkpt>
      <trkpt lat="40.258118994534015655517578125" lon="9.45206676609814167022705078125">
        <ele>1019.5999755859375</ele>
        <time>2026-09-14T10:15:08.000Z</time>
      </trkpt>
      <trkpt lat="40.2581919170916080474853515625" lon="9.452147148549556732177734375">
        <ele>1022.20001220703125</ele>
        <time>2026-09-14T10:15:17.000Z</time>
      </trkpt>
      <trkpt lat="40.25819719769060611724853515625" lon="9.4521570391952991485595703125">
        <ele>1022.4000244140625</ele>
        <time>2026-09-14T10:15:18.000Z</time>
      </trkpt>
      <trkpt lat="40.2582096867263317108154296875" lon="9.45222585462033748626708984375">
        <ele>1022.4000244140625</ele>
        <time>2026-09-14T10:15:23.000Z</time>
      </trkpt>
      <trkpt lat="40.2582291327416896820068359375" lon="9.45233456790447235107421875">
        <ele>1021.5999755859375</ele>
        <time>2026-09-14T10:15:30.000Z</time>
      </trkpt>
      <trkpt lat="40.25822854600846767425537109375" lon="9.45236164145171642303466796875">
        <ele>1021.20001220703125</ele>
        <time>2026-09-14T10:15:32.000Z</time>
      </trkpt>
      <trkpt lat="40.258239693939685821533203125" lon="9.4524406827986240386962890625">
        <ele>1020.5999755859375</ele>
        <time>2026-09-14T10:15:38.000Z</time>
      </trkpt>
      <trkpt lat="40.25824497453868389129638671875" lon="9.452475719153881072998046875">
        <ele>1020.20001220703125</ele>
        <time>2026-09-14T10:15:40.000Z</time>
      </trkpt>
      <trkpt lat="40.25825151242315769195556640625" lon="9.45251167751848697662353515625">
        <ele>1019.79998779296875</ele>
        <time>2026-09-14T10:15:43.000Z</time>
      </trkpt>
      <trkpt lat="40.25826324708759784698486328125" lon="9.452550150454044342041015625">
        <ele>1019.79998779296875</ele>
        <time>2026-09-14T10:15:46.000Z</time>
      </trkpt>
      <trkpt lat="40.25826710276305675506591796875" lon="9.45257638581097126007080078125">
        <ele>1019.4000244140625</ele>
        <time>2026-09-14T10:15:48.000Z</time>
      </trkpt>
      <trkpt lat="40.25827565230429172515869140625" lon="9.45262466557323932647705078125">
        <ele>1018.79998779296875</ele>
        <time>2026-09-14T10:15:52.000Z</time>
      </trkpt>
      <trkpt lat="40.258302390575408935546875" lon="9.45274217985570430755615234375">
        <ele>1017.4000244140625</ele>
        <time>2026-09-14T10:16:01.000Z</time>
      </trkpt>
      <trkpt lat="40.258305072784423828125" lon="9.45276816375553607940673828125">
        <ele>1017</ele>
        <time>2026-09-14T10:16:03.000Z</time>
      </trkpt>
      <trkpt lat="40.2583386003971099853515625" lon="9.452818371355533599853515625">
        <ele>1016.5999755859375</ele>
        <time>2026-09-14T10:16:08.000Z</time>
      </trkpt>
      <trkpt lat="40.25838755071163177490234375" lon="9.45291199721395969390869140625">
        <ele>1015.5999755859375</ele>
        <time>2026-09-14T10:16:15.000Z</time>
      </trkpt>
      <trkpt lat="40.25838595815002918243408203125" lon="9.45293538272380828857421875">
        <ele>1015</ele>
        <time>2026-09-14T10:16:17.000Z</time>
      </trkpt>
      <trkpt lat="40.25839584879577159881591796875" lon="9.4529841654002666473388671875">
        <ele>1013.79998779296875</ele>
        <time>2026-09-14T10:16:22.000Z</time>
      </trkpt>
      <trkpt lat="40.25842317380011081695556640625" lon="9.4530599378049373626708984375">
        <ele>1012.5999755859375</ele>
        <time>2026-09-14T10:16:27.000Z</time>
      </trkpt>
      <trkpt lat="40.25845116935670375823974609375" lon="9.45311936549842357635498046875">
        <ele>1011.79998779296875</ele>
        <time>2026-09-14T10:16:31.000Z</time>
      </trkpt>
      <trkpt lat="40.258473716676235198974609375" lon="9.45312841795384883880615234375">
        <ele>1012.20001220703125</ele>
        <time>2026-09-14T10:16:33.000Z</time>
      </trkpt>
      <trkpt lat="40.258513949811458587646484375" lon="9.45317703299224376678466796875">
        <ele>1012.20001220703125</ele>
        <time>2026-09-14T10:16:39.000Z</time>
      </trkpt>
      <trkpt lat="40.258521325886249542236328125" lon="9.4531833194196224212646484375">
        <ele>1012.20001220703125</ele>
        <time>2026-09-14T10:16:40.000Z</time>
      </trkpt>
      <trkpt lat="40.2585295401513576507568359375" lon="9.453192539513111114501953125">
        <ele>1012.20001220703125</ele>
        <time>2026-09-14T10:16:41.000Z</time>
      </trkpt>
      <trkpt lat="40.25859416462481021881103515625" lon="9.45328230969607830047607421875">
        <ele>1010.4000244140625</ele>
        <time>2026-09-14T10:16:49.000Z</time>
      </trkpt>
      <trkpt lat="40.25860078632831573486328125" lon="9.4532887637615203857421875">
        <ele>1010.4000244140625</ele>
        <time>2026-09-14T10:16:50.000Z</time>
      </trkpt>
      <trkpt lat="40.258635990321636199951171875" lon="9.45330460555851459503173828125">
        <ele>1010.20001220703125</ele>
        <time>2026-09-14T10:16:54.000Z</time>
      </trkpt>
      <trkpt lat="40.2586604654788970947265625" lon="9.453325308859348297119140625">
        <ele>1009.5999755859375</ele>
        <time>2026-09-14T10:16:58.000Z</time>
      </trkpt>
      <trkpt lat="40.25868527591228485107421875" lon="9.45334852673113346099853515625">
        <ele>1009</ele>
        <time>2026-09-14T10:17:01.000Z</time>
      </trkpt>
      <trkpt lat="40.25870849378407001495361328125" lon="9.45336721837520599365234375">
        <ele>1008.4000244140625</ele>
        <time>2026-09-14T10:17:04.000Z</time>
      </trkpt>
      <trkpt lat="40.25872307829558849334716796875" lon="9.45339680649340152740478515625">
        <ele>1007.5999755859375</ele>
        <time>2026-09-14T10:17:07.000Z</time>
      </trkpt>
      <trkpt lat="40.25874705053865909576416015625" lon="9.45345103740692138671875">
        <ele>1005.79998779296875</ele>
        <time>2026-09-14T10:17:12.000Z</time>
      </trkpt>
      <trkpt lat="40.258763730525970458984375" lon="9.45346537046134471893310546875">
        <ele>1005.4000244140625</ele>
        <time>2026-09-14T10:17:14.000Z</time>
      </trkpt>
      <trkpt lat="40.2588178776204586029052734375" lon="9.4535621814429759979248046875">
        <ele>1002.20001220703125</ele>
        <time>2026-09-14T10:17:22.000Z</time>
      </trkpt>
      <trkpt lat="40.25883304886519908905029296875" lon="9.45358389057219028472900390625">
        <ele>1001.4000244140625</ele>
        <time>2026-09-14T10:17:27.000Z</time>
      </trkpt>
      <trkpt lat="40.258833803236484527587890625" lon="9.4535943679511547088623046875">
        <ele>1001</ele>
        <time>2026-09-14T10:17:29.000Z</time>
      </trkpt>
      <trkpt lat="40.258844532072544097900390625" lon="9.45363803766667842864990234375">
        <ele>999.4000244140625</ele>
        <time>2026-09-14T10:17:32.000Z</time>
      </trkpt>
      <trkpt lat="40.2588319592177867889404296875" lon="9.4536587409675121307373046875">
        <ele>998.5999755859375</ele>
        <time>2026-09-14T10:17:34.000Z</time>
      </trkpt>
      <trkpt lat="40.25882215239107608795166015625" lon="9.4536661170423030853271484375">
        <ele>998.4000244140625</ele>
        <time>2026-09-14T10:17:35.000Z</time>
      </trkpt>
      <trkpt lat="40.2588026225566864013671875" lon="9.45369713008403778076171875">
        <ele>996.79998779296875</ele>
        <time>2026-09-14T10:17:38.000Z</time>
      </trkpt>
      <trkpt lat="40.25881393812596797943115234375" lon="9.45374063216149806976318359375">
        <ele>995.20001220703125</ele>
        <time>2026-09-14T10:17:41.000Z</time>
      </trkpt>
      <trkpt lat="40.2588187158107757568359375" lon="9.4537620060145854949951171875">
        <ele>994.4000244140625</ele>
        <time>2026-09-14T10:17:43.000Z</time>
      </trkpt>
      <trkpt lat="40.25884126313030719757080078125" lon="9.45377130992710590362548828125">
        <ele>994</ele>
        <time>2026-09-14T10:17:46.000Z</time>
      </trkpt>
      <trkpt lat="40.25885760784149169921875" lon="9.45377516560256481170654296875">
        <ele>993.79998779296875</ele>
        <time>2026-09-14T10:17:48.000Z</time>
      </trkpt>
      <trkpt lat="40.25885693728923797607421875" lon="9.45379192940890789031982421875">
        <ele>993.20001220703125</ele>
        <time>2026-09-14T10:17:50.000Z</time>
      </trkpt>
      <trkpt lat="40.25885551236569881439208984375" lon="9.453802406787872314453125">
        <ele>992.79998779296875</ele>
        <time>2026-09-14T10:17:51.000Z</time>
      </trkpt>
      <trkpt lat="40.258898846805095672607421875" lon="9.45384909398853778839111328125">
        <ele>990.79998779296875</ele>
        <time>2026-09-14T10:17:58.000Z</time>
      </trkpt>
      <trkpt lat="40.25890781544148921966552734375" lon="9.45390441454946994781494140625">
        <ele>988.5999755859375</ele>
        <time>2026-09-14T10:18:04.000Z</time>
      </trkpt>
      <trkpt lat="40.258906222879886627197265625" lon="9.4539432227611541748046875">
        <ele>987.20001220703125</ele>
        <time>2026-09-14T10:18:07.000Z</time>
      </trkpt>
      <trkpt lat="40.25890831835567951202392578125" lon="9.4539628364145755767822265625">
        <ele>986.5999755859375</ele>
        <time>2026-09-14T10:18:10.000Z</time>
      </trkpt>
      <trkpt lat="40.2589117549359798431396484375" lon="9.45396945811808109283447265625">
        <ele>986.4000244140625</ele>
        <time>2026-09-14T10:18:11.000Z</time>
      </trkpt>
      <trkpt lat="40.25892198085784912109375" lon="9.45401337929069995880126953125">
        <ele>984.5999755859375</ele>
        <time>2026-09-14T10:18:16.000Z</time>
      </trkpt>
      <trkpt lat="40.2589328773319721221923828125" lon="9.45405629463493824005126953125">
        <ele>983.20001220703125</ele>
        <time>2026-09-14T10:18:22.000Z</time>
      </trkpt>
      <trkpt lat="40.25892340578138828277587890625" lon="9.454101808369159698486328125">
        <ele>981.5999755859375</ele>
        <time>2026-09-14T10:18:28.000Z</time>
      </trkpt>
      <trkpt lat="40.2589204721152782440185546875" lon="9.454107172787189483642578125">
        <ele>981.4000244140625</ele>
        <time>2026-09-14T10:18:29.000Z</time>
      </trkpt>
      <trkpt lat="40.25890395976603031158447265625" lon="9.45411681197583675384521484375">
        <ele>981</ele>
        <time>2026-09-14T10:18:31.000Z</time>
      </trkpt>
      <trkpt lat="40.2588336355984210968017578125" lon="9.45412117056548595428466796875">
        <ele>981.20001220703125</ele>
        <time>2026-09-14T10:18:39.000Z</time>
      </trkpt>
      <trkpt lat="40.25880622677505016326904296875" lon="9.45416190661489963531494140625">
        <ele>979.79998779296875</ele>
        <time>2026-09-14T10:18:46.000Z</time>
      </trkpt>
      <trkpt lat="40.2588369883596897125244140625" lon="9.45422443561255931854248046875">
        <ele>977.79998779296875</ele>
        <time>2026-09-14T10:18:53.000Z</time>
      </trkpt>
      <trkpt lat="40.25884076021611690521240234375" lon="9.45423264987766742706298828125">
        <ele>977.5999755859375</ele>
        <time>2026-09-14T10:18:54.000Z</time>
      </trkpt>
      <trkpt lat="40.25885283015668392181396484375" lon="9.45426441729068756103515625">
        <ele>976.5999755859375</ele>
        <time>2026-09-14T10:18:57.000Z</time>
      </trkpt>
      <trkpt lat="40.2588664926588535308837890625" lon="9.4542857073247432708740234375">
        <ele>975.79998779296875</ele>
        <time>2026-09-14T10:18:59.000Z</time>
      </trkpt>
      <trkpt lat="40.25890211574733257293701171875" lon="9.45435167290270328521728515625">
        <ele>973.79998779296875</ele>
        <time>2026-09-14T10:19:04.000Z</time>
      </trkpt>
      <trkpt lat="40.25892843492329120635986328125" lon="9.4544287025928497314453125">
        <ele>971.4000244140625</ele>
        <time>2026-09-14T10:19:11.000Z</time>
      </trkpt>
      <trkpt lat="40.2589342184364795684814453125" lon="9.45445351302623748779296875">
        <ele>970.79998779296875</ele>
        <time>2026-09-14T10:19:13.000Z</time>
      </trkpt>
      <trkpt lat="40.2589667402207851409912109375" lon="9.45455585606396198272705078125">
        <ele>968.4000244140625</ele>
        <time>2026-09-14T10:19:21.000Z</time>
      </trkpt>
      <trkpt lat="40.258989371359348297119140625" lon="9.45457748137414455413818359375">
        <ele>968</ele>
        <time>2026-09-14T10:19:24.000Z</time>
      </trkpt>
      <trkpt lat="40.25900177657604217529296875" lon="9.45459525100886821746826171875">
        <ele>967.5999755859375</ele>
        <time>2026-09-14T10:19:26.000Z</time>
      </trkpt>
      <trkpt lat="40.25901242159307003021240234375" lon="9.45461804978549480438232421875">
        <ele>967</ele>
        <time>2026-09-14T10:19:29.000Z</time>
      </trkpt>
      <trkpt lat="40.2590173669159412384033203125" lon="9.45463011972606182098388671875">
        <ele>966.79998779296875</ele>
        <time>2026-09-14T10:19:30.000Z</time>
      </trkpt>
      <trkpt lat="40.2590582706034183502197265625" lon="9.45471393875777721405029296875">
        <ele>964.79998779296875</ele>
        <time>2026-09-14T10:19:37.000Z</time>
      </trkpt>
      <trkpt lat="40.25906355120241641998291015625" lon="9.45472332648932933807373046875">
        <ele>964.5999755859375</ele>
        <time>2026-09-14T10:19:38.000Z</time>
      </trkpt>
      <trkpt lat="40.2590683288872241973876953125" lon="9.4547344744205474853515625">
        <ele>964.4000244140625</ele>
        <time>2026-09-14T10:19:39.000Z</time>
      </trkpt>
      <trkpt lat="40.25906925089657306671142578125" lon="9.45474444888532161712646484375">
        <ele>964.20001220703125</ele>
        <time>2026-09-14T10:19:40.000Z</time>
      </trkpt>
      <trkpt lat="40.25906723923981189727783203125" lon="9.4547527469694614410400390625">
        <ele>964</ele>
        <time>2026-09-14T10:19:41.000Z</time>
      </trkpt>
      <trkpt lat="40.2590663172304630279541015625" lon="9.45476339198648929595947265625">
        <ele>963.79998779296875</ele>
        <time>2026-09-14T10:19:42.000Z</time>
      </trkpt>
      <trkpt lat="40.25906925089657306671142578125" lon="9.45477495901286602020263671875">
        <ele>963.4000244140625</ele>
        <time>2026-09-14T10:19:43.000Z</time>
      </trkpt>
      <trkpt lat="40.2591003477573394775390625" lon="9.45485492236912250518798828125">
        <ele>961.79998779296875</ele>
        <time>2026-09-14T10:19:50.000Z</time>
      </trkpt>
      <trkpt lat="40.25909540243446826934814453125" lon="9.45487864315509796142578125">
        <ele>961.4000244140625</ele>
        <time>2026-09-14T10:19:52.000Z</time>
      </trkpt>
      <trkpt lat="40.25908869691193103790283203125" lon="9.45492499507963657379150390625">
        <ele>960.4000244140625</ele>
        <time>2026-09-14T10:19:57.000Z</time>
      </trkpt>
      <trkpt lat="40.25908266194164752960205078125" lon="9.45493538863956928253173828125">
        <ele>960</ele>
        <time>2026-09-14T10:19:58.000Z</time>
      </trkpt>
      <trkpt lat="40.2590663172304630279541015625" lon="9.4549525715410709381103515625">
        <ele>959.5999755859375</ele>
        <time>2026-09-14T10:20:00.000Z</time>
      </trkpt>
      <trkpt lat="40.25905483402311801910400390625" lon="9.4549803994596004486083984375">
        <ele>958.79998779296875</ele>
        <time>2026-09-14T10:20:03.000Z</time>
      </trkpt>
      <trkpt lat="40.259060449898242950439453125" lon="9.4550162740051746368408203125">
        <ele>958</ele>
        <time>2026-09-14T10:20:06.000Z</time>
      </trkpt>
      <trkpt lat="40.25907293893396854400634765625" lon="9.45507905445992946624755859375">
        <ele>956.5999755859375</ele>
        <time>2026-09-14T10:20:11.000Z</time>
      </trkpt>
      <trkpt lat="40.25908358395099639892578125" lon="9.455168657004833221435546875">
        <ele>954.4000244140625</ele>
        <time>2026-09-14T10:20:17.000Z</time>
      </trkpt>
      <trkpt lat="40.25908090174198150634765625" lon="9.45517829619348049163818359375">
        <ele>954</ele>
        <time>2026-09-14T10:20:18.000Z</time>
      </trkpt>
      <trkpt lat="40.2590869367122650146484375" lon="9.45525859482586383819580078125">
        <ele>952</ele>
        <time>2026-09-14T10:20:24.000Z</time>
      </trkpt>
      <trkpt lat="40.2590958215296268463134765625" lon="9.45531358011066913604736328125">
        <ele>951</ele>
        <time>2026-09-14T10:20:28.000Z</time>
      </trkpt>
      <trkpt lat="40.25910227559506893157958984375" lon="9.4553433358669281005859375">
        <ele>950.20001220703125</ele>
        <time>2026-09-14T10:20:30.000Z</time>
      </trkpt>
      <trkpt lat="40.25909892283380031585693359375" lon="9.45539354346692562103271484375">
        <ele>949.20001220703125</ele>
        <time>2026-09-14T10:20:33.000Z</time>
      </trkpt>
      <trkpt lat="40.259095318615436553955078125" lon="9.4554232992231845855712890625">
        <ele>948.5999755859375</ele>
        <time>2026-09-14T10:20:35.000Z</time>
      </trkpt>
      <trkpt lat="40.25909372605383396148681640625" lon="9.45543922483921051025390625">
        <ele>948.20001220703125</ele>
        <time>2026-09-14T10:20:36.000Z</time>
      </trkpt>
      <trkpt lat="40.25910981930792331695556640625" lon="9.45561599917709827423095703125">
        <ele>945.20001220703125</ele>
        <time>2026-09-14T10:20:45.000Z</time>
      </trkpt>
      <trkpt lat="40.25911099277436733245849609375" lon="9.45565774105489253997802734375">
        <ele>944.5999755859375</ele>
        <time>2026-09-14T10:20:47.000Z</time>
      </trkpt>
      <trkpt lat="40.25911635719239711761474609375" lon="9.45574474520981311798095703125">
        <ele>943.79998779296875</ele>
        <time>2026-09-14T10:20:52.000Z</time>
      </trkpt>
      <trkpt lat="40.25912021286785602569580078125" lon="9.4557967968285083770751953125">
        <ele>943.20001220703125</ele>
        <time>2026-09-14T10:20:55.000Z</time>
      </trkpt>
      <trkpt lat="40.25911903940141201019287109375" lon="9.45585253648459911346435546875">
        <ele>942.79998779296875</ele>
        <time>2026-09-14T10:20:59.000Z</time>
      </trkpt>
      <trkpt lat="40.25914083234965801239013671875" lon="9.45597860030829906463623046875">
        <ele>941.79998779296875</ele>
        <time>2026-09-14T10:21:08.000Z</time>
      </trkpt>
      <trkpt lat="40.2591486275196075439453125" lon="9.4560640119016170501708984375">
        <ele>941.20001220703125</ele>
        <time>2026-09-14T10:21:13.000Z</time>
      </trkpt>
      <trkpt lat="40.25915038771927356719970703125" lon="9.456171132624149322509765625">
        <ele>940.4000244140625</ele>
        <time>2026-09-14T10:21:19.000Z</time>
      </trkpt>
      <trkpt lat="40.259158350527286529541015625" lon="9.45628956891596317291259765625">
        <ele>939.5999755859375</ele>
        <time>2026-09-14T10:21:27.000Z</time>
      </trkpt>
      <trkpt lat="40.259165726602077484130859375" lon="9.456342794001102447509765625">
        <ele>939.20001220703125</ele>
        <time>2026-09-14T10:21:31.000Z</time>
      </trkpt>
      <trkpt lat="40.25918676517903804779052734375" lon="9.45641010068356990814208984375">
        <ele>938.79998779296875</ele>
        <time>2026-09-14T10:21:35.000Z</time>
      </trkpt>
      <trkpt lat="40.25919933803379535675048828125" lon="9.45652157999575138092041015625">
        <ele>938</ele>
        <time>2026-09-14T10:21:43.000Z</time>
      </trkpt>
      <trkpt lat="40.25917184539139270782470703125" lon="9.4566574506461620330810546875">
        <ele>937</ele>
        <time>2026-09-14T10:21:51.000Z</time>
      </trkpt>
      <trkpt lat="40.25916807353496551513671875" lon="9.45667161606252193450927734375">
        <ele>937</ele>
        <time>2026-09-14T10:21:52.000Z</time>
      </trkpt>
      <trkpt lat="40.2591648884117603302001953125" lon="9.45667974650859832763671875">
        <ele>937</ele>
        <time>2026-09-14T10:21:53.000Z</time>
      </trkpt>
      <trkpt lat="40.25916111655533313751220703125" lon="9.4566815905272960662841796875">
        <ele>937</ele>
        <time>2026-09-14T10:21:56.000Z</time>
      </trkpt>
      <trkpt lat="40.25916044600307941436767578125" lon="9.45668217726051807403564453125">
        <ele>937</ele>
        <time>2026-09-14T10:21:59.000Z</time>
      </trkpt>
      <trkpt lat="40.2591622062027454376220703125" lon="9.456684775650501251220703125">
        <ele>937</ele>
        <time>2026-09-14T10:22:02.000Z</time>
      </trkpt>
      <trkpt lat="40.25916195474565029144287109375" lon="9.4566852785646915435791015625">
        <ele>937</ele>
        <time>2026-09-14T10:22:05.000Z</time>
      </trkpt>
      <trkpt lat="40.25916195474565029144287109375" lon="9.4566852785646915435791015625">
        <ele>937</ele>
        <time>2026-09-14T10:22:11.000Z</time>
      </trkpt>
      <trkpt lat="40.25916195474565029144287109375" lon="9.45668519474565982818603515625">
        <ele>937</ele>
        <time>2026-09-14T10:22:14.000Z</time>
      </trkpt>
      <trkpt lat="40.259162373840808868408203125" lon="9.4566805846989154815673828125">
        <ele>937</ele>
        <time>2026-09-14T10:22:24.000Z</time>
      </trkpt>
      <trkpt lat="40.25916413404047489166259765625" lon="9.45667882449924945831298828125">
        <ele>937</ele>
        <time>2026-09-14T10:22:28.000Z</time>
      </trkpt>
      <trkpt lat="40.25916446931660175323486328125" lon="9.45667832158505916595458984375">
        <ele>937</ele>
        <time>2026-09-14T10:22:31.000Z</time>
      </trkpt>
      <trkpt lat="40.259160697460174560546875" lon="9.45668301545083522796630859375">
        <ele>937</ele>
        <time>2026-09-14T10:22:34.000Z</time>
      </trkpt>
      <trkpt lat="40.259117446839809417724609375" lon="9.4567281939089298248291015625">
        <ele>937</ele>
        <time>2026-09-14T10:22:37.000Z</time>
      </trkpt>
      <trkpt lat="40.25904159061610698699951171875" lon="9.45687144063413143157958984375">
        <ele>938.5999755859375</ele>
        <time>2026-09-14T10:22:45.000Z</time>
      </trkpt>
      <trkpt lat="40.259031616151332855224609375" lon="9.4568804092705249786376953125">
        <ele>939</ele>
        <time>2026-09-14T10:22:46.000Z</time>
      </trkpt>
      <trkpt lat="40.2590136788785457611083984375" lon="9.4568856060504913330078125">
        <ele>939.4000244140625</ele>
        <time>2026-09-14T10:22:48.000Z</time>
      </trkpt>
      <trkpt lat="40.258999764919281005859375" lon="9.45687881670892238616943359375">
        <ele>939.79998779296875</ele>
        <time>2026-09-14T10:22:50.000Z</time>
      </trkpt>
      <trkpt lat="40.25897185318171977996826171875" lon="9.4568951614201068878173828125">
        <ele>940.4000244140625</ele>
        <time>2026-09-14T10:22:53.000Z</time>
      </trkpt>
      <trkpt lat="40.25896816514432430267333984375" lon="9.45691804401576519012451171875">
        <ele>940.4000244140625</ele>
        <time>2026-09-14T10:22:55.000Z</time>
      </trkpt>
      <trkpt lat="40.25896732695400714874267578125" lon="9.4569323770701885223388671875">
        <ele>940.4000244140625</ele>
        <time>2026-09-14T10:22:56.000Z</time>
      </trkpt>
      <trkpt lat="40.25894788093864917755126953125" lon="9.456978477537631988525390625">
        <ele>941.20001220703125</ele>
        <time>2026-09-14T10:23:00.000Z</time>
      </trkpt>
      <trkpt lat="40.258927680552005767822265625" lon="9.45702038705348968505859375">
        <ele>942</ele>
        <time>2026-09-14T10:23:03.000Z</time>
      </trkpt>
      <trkpt lat="40.25889507494866847991943359375" lon="9.45715307258069515228271484375">
        <ele>942.5999755859375</ele>
        <time>2026-09-14T10:23:11.000Z</time>
      </trkpt>
      <trkpt lat="40.25887847878038883209228515625" lon="9.4571895338594913482666015625">
        <ele>943</ele>
        <time>2026-09-14T10:23:14.000Z</time>
      </trkpt>
      <trkpt lat="40.258860290050506591796875" lon="9.45723957382142543792724609375">
        <ele>943.79998779296875</ele>
        <time>2026-09-14T10:23:17.000Z</time>
      </trkpt>
      <trkpt lat="40.258813686668872833251953125" lon="9.45733965374529361724853515625">
        <ele>943.5999755859375</ele>
        <time>2026-09-14T10:23:25.000Z</time>
      </trkpt>
      <trkpt lat="40.2587565220892429351806640625" lon="9.45748650468885898590087890625">
        <ele>942.5999755859375</ele>
        <time>2026-09-14T10:23:36.000Z</time>
      </trkpt>
      <trkpt lat="40.2587152831256389617919921875" lon="9.4575006701052188873291015625">
        <ele>942.20001220703125</ele>
        <time>2026-09-14T10:23:40.000Z</time>
      </trkpt>
      <trkpt lat="40.25870095007121562957763671875" lon="9.45750393904745578765869140625">
        <ele>942.20001220703125</ele>
        <time>2026-09-14T10:23:42.000Z</time>
      </trkpt>
      <trkpt lat="40.25867798365652561187744140625" lon="9.45751793682575225830078125">
        <ele>942</ele>
        <time>2026-09-14T10:23:48.000Z</time>
      </trkpt>
      <trkpt lat="40.25865837000310420989990234375" lon="9.45752807892858982086181640625">
        <ele>941.79998779296875</ele>
        <time>2026-09-14T10:23:55.000Z</time>
      </trkpt>
      <trkpt lat="40.25865971110761165618896484375" lon="9.457527659833431243896484375">
        <ele>941.79998779296875</ele>
        <time>2026-09-14T10:23:58.000Z</time>
      </trkpt>
      <trkpt lat="40.25865845382213592529296875" lon="9.45752858184278011322021484375">
        <ele>941.79998779296875</ele>
        <time>2026-09-14T10:24:02.000Z</time>
      </trkpt>
      <trkpt lat="40.2586274407804012298583984375" lon="9.457571245729923248291015625">
        <ele>941.5999755859375</ele>
        <time>2026-09-14T10:24:10.000Z</time>
      </trkpt>
      <trkpt lat="40.25856382213532924652099609375" lon="9.4576341100037097930908203125">
        <ele>939.4000244140625</ele>
        <time>2026-09-14T10:24:19.000Z</time>
      </trkpt>
      <trkpt lat="40.25856331922113895416259765625" lon="9.457635618746280670166015625">
        <ele>939.20001220703125</ele>
        <time>2026-09-14T10:24:22.000Z</time>
      </trkpt>
      <trkpt lat="40.25856382213532924652099609375" lon="9.457632265985012054443359375">
        <ele>939.4000244140625</ele>
        <time>2026-09-14T10:24:24.000Z</time>
      </trkpt>
      <trkpt lat="40.258574970066547393798828125" lon="9.45759865455329418182373046875">
        <ele>940</ele>
        <time>2026-09-14T10:24:28.000Z</time>
      </trkpt>
      <trkpt lat="40.2586147002875804901123046875" lon="9.457573927938938140869140625">
        <ele>941.20001220703125</ele>
        <time>2026-09-14T10:24:33.000Z</time>
      </trkpt>
      <trkpt lat="40.2586291171610355377197265625" lon="9.4575573317706584930419921875">
        <ele>941.5999755859375</ele>
        <time>2026-09-14T10:24:35.000Z</time>
      </trkpt>
      <trkpt lat="40.258680917322635650634765625" lon="9.45753872394561767578125">
        <ele>942</ele>
        <time>2026-09-14T10:24:42.000Z</time>
      </trkpt>
      <trkpt lat="40.258683599531650543212890625" lon="9.45753880776464939117431640625">
        <ele>942</ele>
        <time>2026-09-14T10:24:48.000Z</time>
      </trkpt>
      <trkpt lat="40.25873112492263317108154296875" lon="9.457504861056804656982421875">
        <ele>942.4000244140625</ele>
        <time>2026-09-14T10:24:55.000Z</time>
      </trkpt>
      <trkpt lat="40.258802287280559539794921875" lon="9.45753361098468303680419921875">
        <ele>942.79998779296875</ele>
        <time>2026-09-14T10:25:03.000Z</time>
      </trkpt>
      <trkpt lat="40.25881544686853885650634765625" lon="9.45753872394561767578125">
        <ele>943</ele>
        <time>2026-09-14T10:25:04.000Z</time>
      </trkpt>
      <trkpt lat="40.258828438818454742431640625" lon="9.4575454294681549072265625">
        <ele>943</ele>
        <time>2026-09-14T10:25:05.000Z</time>
      </trkpt>
      <trkpt lat="40.2588522434234619140625" lon="9.4575576670467853546142578125">
        <ele>943.20001220703125</ele>
        <time>2026-09-14T10:25:07.000Z</time>
      </trkpt>
      <trkpt lat="40.25891016237437725067138671875" lon="9.45759228430688381195068359375">
        <ele>943.5999755859375</ele>
        <time>2026-09-14T10:25:13.000Z</time>
      </trkpt>
      <trkpt lat="40.25899599306285381317138671875" lon="9.4576458446681499481201171875">
        <ele>944.20001220703125</ele>
        <time>2026-09-14T10:25:21.000Z</time>
      </trkpt>
      <trkpt lat="40.2590291015803813934326171875" lon="9.45766554214060306549072265625">
        <ele>944.20001220703125</ele>
        <time>2026-09-14T10:25:24.000Z</time>
      </trkpt>
      <trkpt lat="40.25907360948622226715087890625" lon="9.45769689045846462249755859375">
        <ele>944.5999755859375</ele>
        <time>2026-09-14T10:25:28.000Z</time>
      </trkpt>
      <trkpt lat="40.25908350013196468353271484375" lon="9.45770393125712871551513671875">
        <ele>944.5999755859375</ele>
        <time>2026-09-14T10:25:29.000Z</time>
      </trkpt>
      <trkpt lat="40.2590901218354701995849609375" lon="9.45770711638033390045166015625">
        <ele>944.5999755859375</ele>
        <time>2026-09-14T10:25:32.000Z</time>
      </trkpt>
      <trkpt lat="40.25910194031894207000732421875" lon="9.4577088765799999237060546875">
        <ele>944.5999755859375</ele>
        <time>2026-09-14T10:25:40.000Z</time>
      </trkpt>
      <trkpt lat="40.25910160504281520843505859375" lon="9.4577078707516193389892578125">
        <ele>944.5999755859375</ele>
        <time>2026-09-14T10:25:49.000Z</time>
      </trkpt>
      <trkpt lat="40.25916564278304576873779296875" lon="9.45774818770587444305419921875">
        <ele>946.79998779296875</ele>
        <time>2026-09-14T10:25:58.000Z</time>
      </trkpt>
      <trkpt lat="40.25925398804247379302978515625" lon="9.4578087888658046722412109375">
        <ele>949.4000244140625</ele>
        <time>2026-09-14T10:26:05.000Z</time>
      </trkpt>
      <trkpt lat="40.25926530361175537109375" lon="9.45782043971121311187744140625">
        <ele>949.79998779296875</ele>
        <time>2026-09-14T10:26:06.000Z</time>
      </trkpt>
      <trkpt lat="40.25934367440640926361083984375" lon="9.45785723626613616943359375">
        <ele>952</ele>
        <time>2026-09-14T10:26:14.000Z</time>
      </trkpt>
      <trkpt lat="40.25936312042176723480224609375" lon="9.45787006057798862457275390625">
        <ele>952.5999755859375</ele>
        <time>2026-09-14T10:26:16.000Z</time>
      </trkpt>
      <trkpt lat="40.2593754418194293975830078125" lon="9.45788950659334659576416015625">
        <ele>953</ele>
        <time>2026-09-14T10:26:18.000Z</time>
      </trkpt>
      <trkpt lat="40.25938424281775951385498046875" lon="9.457904510200023651123046875">
        <ele>953.20001220703125</ele>
        <time>2026-09-14T10:26:20.000Z</time>
      </trkpt>
      <trkpt lat="40.25939161889255046844482421875" lon="9.4579355232417583465576171875">
        <ele>953.5999755859375</ele>
        <time>2026-09-14T10:26:22.000Z</time>
      </trkpt>
      <trkpt lat="40.2593927085399627685546875" lon="9.45801842026412487030029296875">
        <ele>953.5999755859375</ele>
        <time>2026-09-14T10:26:26.000Z</time>
      </trkpt>
      <trkpt lat="40.25939463637769222259521484375" lon="9.45809050463140010833740234375">
        <ele>953.79998779296875</ele>
        <time>2026-09-14T10:26:31.000Z</time>
      </trkpt>
      <trkpt lat="40.2593948878347873687744140625" lon="9.45815764367580413818359375">
        <ele>953.5999755859375</ele>
        <time>2026-09-14T10:26:35.000Z</time>
      </trkpt>
      <trkpt lat="40.25939916260540485382080078125" lon="9.45826317183673381805419921875">
        <ele>953.4000244140625</ele>
        <time>2026-09-14T10:26:42.000Z</time>
      </trkpt>
      <trkpt lat="40.25940410792827606201171875" lon="9.45829686708748340606689453125">
        <ele>953.5999755859375</ele>
        <time>2026-09-14T10:26:44.000Z</time>
      </trkpt>
      <trkpt lat="40.2594186924397945404052734375" lon="9.4583365134894847869873046875">
        <ele>954.5999755859375</ele>
        <time>2026-09-14T10:26:47.000Z</time>
      </trkpt>
      <trkpt lat="40.259422548115253448486328125" lon="9.4583500921726226806640625">
        <ele>955</ele>
        <time>2026-09-14T10:26:48.000Z</time>
      </trkpt>
      <trkpt lat="40.259425230324268341064453125" lon="9.458363838493824005126953125">
        <ele>955.4000244140625</ele>
        <time>2026-09-14T10:26:49.000Z</time>
      </trkpt>
      <trkpt lat="40.25942967273294925689697265625" lon="9.45839392952620983123779296875">
        <ele>955.5999755859375</ele>
        <time>2026-09-14T10:26:51.000Z</time>
      </trkpt>
      <trkpt lat="40.25944576598703861236572265625" lon="9.45849291980266571044921875">
        <ele>956.20001220703125</ele>
        <time>2026-09-14T10:26:57.000Z</time>
      </trkpt>
      <trkpt lat="40.2594946324825286865234375" lon="9.45860180072486400604248046875">
        <ele>959.20001220703125</ele>
        <time>2026-09-14T10:27:05.000Z</time>
      </trkpt>
      <trkpt lat="40.259499661624431610107421875" lon="9.4586023874580860137939453125">
        <ele>959.5999755859375</ele>
        <time>2026-09-14T10:27:09.000Z</time>
      </trkpt>
      <trkpt lat="40.25950008071959018707275390625" lon="9.45860146544873714447021484375">
        <ele>959.5999755859375</ele>
        <time>2026-09-14T10:27:10.000Z</time>
      </trkpt>
      <trkpt lat="40.25952103547751903533935546875" lon="9.45860297419130802154541015625">
        <ele>961.4000244140625</ele>
        <time>2026-09-14T10:27:13.000Z</time>
      </trkpt>
      <trkpt lat="40.25953645817935466766357421875" lon="9.45860364474356174468994140625">
        <ele>962.5999755859375</ele>
        <time>2026-09-14T10:27:16.000Z</time>
      </trkpt>
      <trkpt lat="40.2595789544284343719482421875" lon="9.458636753261089324951171875">
        <ele>965.5999755859375</ele>
        <time>2026-09-14T10:27:22.000Z</time>
      </trkpt>
      <trkpt lat="40.25962430052459239959716796875" lon="9.45865997113287448883056640625">
        <ele>969</ele>
        <time>2026-09-14T10:27:29.000Z</time>
      </trkpt>
      <trkpt lat="40.2596460096538066864013671875" lon="9.45866215042769908905029296875">
        <ele>970.79998779296875</ele>
        <time>2026-09-14T10:27:31.000Z</time>
      </trkpt>
      <trkpt lat="40.25969252921640872955322265625" lon="9.45864538662135601043701171875">
        <ele>974</ele>
        <time>2026-09-14T10:27:38.000Z</time>
      </trkpt>
      <trkpt lat="40.25971214286983013153076171875" lon="9.45861160755157470703125">
        <ele>975.5999755859375</ele>
        <time>2026-09-14T10:27:45.000Z</time>
      </trkpt>
      <trkpt lat="40.25970778428018093109130859375" lon="9.45860113017261028289794921875">
        <ele>975.4000244140625</ele>
        <time>2026-09-14T10:27:46.000Z</time>
      </trkpt>
      <trkpt lat="40.25968967936933040618896484375" lon="9.458485879004001617431640625">
        <ele>972.5999755859375</ele>
        <time>2026-09-14T10:27:53.000Z</time>
      </trkpt>
      <trkpt lat="40.25968716479837894439697265625" lon="9.45843265391886234283447265625">
        <ele>971.5999755859375</ele>
        <time>2026-09-14T10:27:57.000Z</time>
      </trkpt>
      <trkpt lat="40.25970744900405406951904296875" lon="9.458408094942569732666015625">
        <ele>972.5999755859375</ele>
        <time>2026-09-14T10:28:00.000Z</time>
      </trkpt>
      <trkpt lat="40.25972169823944568634033203125" lon="9.4584243558347225189208984375">
        <ele>973.79998779296875</ele>
        <time>2026-09-14T10:28:03.000Z</time>
      </trkpt>
      <trkpt lat="40.25972739793360233306884765625" lon="9.45842720568180084228515625">
        <ele>974.20001220703125</ele>
        <time>2026-09-14T10:28:04.000Z</time>
      </trkpt>
      <trkpt lat="40.25977198965847492218017578125" lon="9.458412118256092071533203125">
        <ele>977</ele>
        <time>2026-09-14T10:28:12.000Z</time>
      </trkpt>
      <trkpt lat="40.25977266021072864532470703125" lon="9.4584106095135211944580078125">
        <ele>977</ele>
        <time>2026-09-14T10:28:13.000Z</time>
      </trkpt>
      <trkpt lat="40.25977869518101215362548828125" lon="9.45841806940734386444091796875">
        <ele>977.5999755859375</ele>
        <time>2026-09-14T10:28:16.000Z</time>
      </trkpt>
      <trkpt lat="40.2597874961793422698974609375" lon="9.4584079273045063018798828125">
        <ele>978.20001220703125</ele>
        <time>2026-09-14T10:28:20.000Z</time>
      </trkpt>
      <trkpt lat="40.25982479564845561981201171875" lon="9.4583871401846408843994140625">
        <ele>980.5999755859375</ele>
        <time>2026-09-14T10:28:26.000Z</time>
      </trkpt>
      <trkpt lat="40.25985538959503173828125" lon="9.4583717174828052520751953125">
        <ele>982.79998779296875</ele>
        <time>2026-09-14T10:28:34.000Z</time>
      </trkpt>
      <trkpt lat="40.25989889167249202728271484375" lon="9.45841555483639240264892578125">
        <ele>986.20001220703125</ele>
        <time>2026-09-14T10:28:45.000Z</time>
      </trkpt>
      <trkpt lat="40.25992755778133869171142578125" lon="9.458420164883136749267578125">
        <ele>988.20001220703125</ele>
        <time>2026-09-14T10:28:51.000Z</time>
      </trkpt>
      <trkpt lat="40.25993091054260730743408203125" lon="9.45841890759766101837158203125">
        <ele>988.5999755859375</ele>
        <time>2026-09-14T10:28:52.000Z</time>
      </trkpt>
      <trkpt lat="40.25993258692324161529541015625" lon="9.4584166444838047027587890625">
        <ele>988.5999755859375</ele>
        <time>2026-09-14T10:28:53.000Z</time>
      </trkpt>
      <trkpt lat="40.25995035655796527862548828125" lon="9.458437263965606689453125">
        <ele>989.79998779296875</ele>
        <time>2026-09-14T10:28:59.000Z</time>
      </trkpt>
      <trkpt lat="40.25997298769652843475341796875" lon="9.458478502929210662841796875">
        <ele>991.4000244140625</ele>
        <time>2026-09-14T10:29:05.000Z</time>
      </trkpt>
      <trkpt lat="40.25997851975262165069580078125" lon="9.4584535248577594757080078125">
        <ele>991.5999755859375</ele>
        <time>2026-09-14T10:29:10.000Z</time>
      </trkpt>
      <trkpt lat="40.25999511592090129852294921875" lon="9.4584639184176921844482421875">
        <ele>992.5999755859375</ele>
        <time>2026-09-14T10:29:14.000Z</time>
      </trkpt>
      <trkpt lat="40.259985812008380889892578125" lon="9.4584595598280429840087890625">
        <ele>992</ele>
        <time>2026-09-14T10:29:15.000Z</time>
      </trkpt>
      <trkpt lat="40.259962342679500579833984375" lon="9.45845067501068115234375">
        <ele>990.5999755859375</ele>
        <time>2026-09-14T10:29:17.000Z</time>
      </trkpt>
      <trkpt lat="40.259901322424411773681640625" lon="9.45839560590684413909912109375">
        <ele>986.20001220703125</ele>
        <time>2026-09-14T10:29:24.000Z</time>
      </trkpt>
      <trkpt lat="40.2598937787115573883056640625" lon="9.45840440690517425537109375">
        <ele>985.79998779296875</ele>
        <time>2026-09-14T10:29:28.000Z</time>
      </trkpt>
      <trkpt lat="40.25994700379669666290283203125" lon="9.4584085978567600250244140625">
        <ele>989.4000244140625</ele>
        <time>2026-09-14T10:29:31.000Z</time>
      </trkpt>
      <trkpt lat="40.2599658630788326263427734375" lon="9.45842259563505649566650390625">
        <ele>990.5999755859375</ele>
        <time>2026-09-14T10:29:34.000Z</time>
      </trkpt>
      <trkpt lat="40.26002177037298679351806640625" lon="9.45842527784407138824462890625">
        <ele>993.79998779296875</ele>
        <time>2026-09-14T10:29:39.000Z</time>
      </trkpt>
      <trkpt lat="40.260000564157962799072265625" lon="9.4583849608898162841796875">
        <ele>992.20001220703125</ele>
        <time>2026-09-14T10:29:43.000Z</time>
      </trkpt>
      <trkpt lat="40.259989835321903228759765625" lon="9.45833290927112102508544921875">
        <ele>990.79998779296875</ele>
        <time>2026-09-14T10:29:50.000Z</time>
      </trkpt>
      <trkpt lat="40.25996611453592777252197265625" lon="9.45830918848514556884765625">
        <ele>989</ele>
        <time>2026-09-14T10:29:53.000Z</time>
      </trkpt>
      <trkpt lat="40.25991238653659820556640625" lon="9.45824825204908847808837890625">
        <ele>984.20001220703125</ele>
        <time>2026-09-14T10:30:01.000Z</time>
      </trkpt>
      <trkpt lat="40.2599041722714900970458984375" lon="9.45825009606778621673583984375">
        <ele>984</ele>
        <time>2026-09-14T10:30:02.000Z</time>
      </trkpt>
      <trkpt lat="40.2596942894160747528076171875" lon="9.4584531895816326141357421875">
        <ele>972.4000244140625</ele>
        <time>2026-09-14T10:30:39.000Z</time>
      </trkpt>
      <trkpt lat="40.259755142033100128173828125" lon="9.45841069333255290985107421875">
        <ele>975.79998779296875</ele>
        <time>2026-09-14T10:30:41.000Z</time>
      </trkpt>
      <trkpt lat="40.25980870239436626434326171875" lon="9.4583730585873126983642578125">
        <ele>979.4000244140625</ele>
        <time>2026-09-14T10:30:43.000Z</time>
      </trkpt>
      <trkpt lat="40.259843654930591583251953125" lon="9.45840038359165191650390625">
        <ele>982.20001220703125</ele>
        <time>2026-09-14T10:30:47.000Z</time>
      </trkpt>
      <trkpt lat="40.25984558276832103729248046875" lon="9.45845109410583972930908203125">
        <ele>982.5999755859375</ele>
        <time>2026-09-14T10:30:54.000Z</time>
      </trkpt>
      <trkpt lat="40.2598401345312595367431640625" lon="9.45845411159098148345947265625">
        <ele>982.20001220703125</ele>
        <time>2026-09-14T10:30:56.000Z</time>
      </trkpt>
      <trkpt lat="40.25984575040638446807861328125" lon="9.458453357219696044921875">
        <ele>982.5999755859375</ele>
        <time>2026-09-14T10:30:58.000Z</time>
      </trkpt>
      <trkpt lat="40.25984457693994045257568359375" lon="9.4584552012383937835693359375">
        <ele>982.5999755859375</ele>
        <time>2026-09-14T10:31:01.000Z</time>
      </trkpt>
      <trkpt lat="40.25984474457800388336181640625" lon="9.45845511741936206817626953125">
        <ele>982.5999755859375</ele>
        <time>2026-09-14T10:31:08.000Z</time>
      </trkpt>
      <trkpt lat="40.2598755061626434326171875" lon="9.458525441586971282958984375">
        <ele>985.4000244140625</ele>
        <time>2026-09-14T10:31:20.000Z</time>
      </trkpt>
      <trkpt lat="40.2598786912858486175537109375" lon="9.458589814603328704833984375">
        <ele>986.4000244140625</ele>
        <time>2026-09-14T10:31:26.000Z</time>
      </trkpt>
      <trkpt lat="40.25986402295529842376708984375" lon="9.4586265273392200469970703125">
        <ele>985.4000244140625</ele>
        <time>2026-09-14T10:31:30.000Z</time>
      </trkpt>
      <trkpt lat="40.259859077632427215576171875" lon="9.4586451351642608642578125">
        <ele>984.79998779296875</ele>
        <time>2026-09-14T10:31:32.000Z</time>
      </trkpt>
      <trkpt lat="40.25981708429753780364990234375" lon="9.4586617313325405120849609375">
        <ele>982</ele>
        <time>2026-09-14T10:31:38.000Z</time>
      </trkpt>
      <trkpt lat="40.25981691665947437286376953125" lon="9.45862661115825176239013671875">
        <ele>982.20001220703125</ele>
        <time>2026-09-14T10:31:44.000Z</time>
      </trkpt>
      <trkpt lat="40.25979663245379924774169921875" lon="9.45866055786609649658203125">
        <ele>980.79998779296875</ele>
        <time>2026-09-14T10:31:48.000Z</time>
      </trkpt>
      <trkpt lat="40.259783975780010223388671875" lon="9.4586727954447269439697265625">
        <ele>979.79998779296875</ele>
        <time>2026-09-14T10:31:50.000Z</time>
      </trkpt>
      <trkpt lat="40.2597103826701641082763671875" lon="9.45868276990950107574462890625">
        <ele>975</ele>
        <time>2026-09-14T10:31:57.000Z</time>
      </trkpt>
      <trkpt lat="40.25970057584345340728759765625" lon="9.4585584662854671478271484375">
        <ele>974.4000244140625</ele>
        <time>2026-09-14T10:32:04.000Z</time>
      </trkpt>
      <trkpt lat="40.25969336740672588348388671875" lon="9.458534829318523406982421875">
        <ele>973.5999755859375</ele>
        <time>2026-09-14T10:32:06.000Z</time>
      </trkpt>
      <trkpt lat="40.2596711553633213043212890625" lon="9.458470456302165985107421875">
        <ele>971.20001220703125</ele>
        <time>2026-09-14T10:32:11.000Z</time>
      </trkpt>
      <trkpt lat="40.2596594206988811492919921875" lon="9.4583294726908206939697265625">
        <ele>968.4000244140625</ele>
        <time>2026-09-14T10:32:20.000Z</time>
      </trkpt>
      <trkpt lat="40.25965631939470767974853515625" lon="9.45814683102071285247802734375">
        <ele>966.20001220703125</ele>
        <time>2026-09-14T10:32:31.000Z</time>
      </trkpt>
      <trkpt lat="40.2596289105713367462158203125" lon="9.45802914910018444061279296875">
        <ele>963.79998779296875</ele>
        <time>2026-09-14T10:32:40.000Z</time>
      </trkpt>
      <trkpt lat="40.25961491279304027557373046875" lon="9.457922279834747314453125">
        <ele>962.5999755859375</ele>
        <time>2026-09-14T10:32:47.000Z</time>
      </trkpt>
      <trkpt lat="40.25961063802242279052734375" lon="9.45789068005979061126708984375">
        <ele>962.20001220703125</ele>
        <time>2026-09-14T10:32:53.000Z</time>
      </trkpt>
      <trkpt lat="40.25959529913961887359619140625" lon="9.457815997302532196044921875">
        <ele>961.20001220703125</ele>
        <time>2026-09-14T10:33:00.000Z</time>
      </trkpt>
      <trkpt lat="40.2595752663910388946533203125" lon="9.45772957988083362579345703125">
        <ele>959.4000244140625</ele>
        <time>2026-09-14T10:33:07.000Z</time>
      </trkpt>
      <trkpt lat="40.25956227444112300872802734375" lon="9.45765095762908458709716796875">
        <ele>957.4000244140625</ele>
        <time>2026-09-14T10:33:15.000Z</time>
      </trkpt>
      <trkpt lat="40.25957149453461170196533203125" lon="9.45751667954027652740478515625">
        <ele>953.79998779296875</ele>
        <time>2026-09-14T10:33:24.000Z</time>
      </trkpt>
      <trkpt lat="40.25957736186683177947998046875" lon="9.4574550725519657135009765625">
        <ele>952.20001220703125</ele>
        <time>2026-09-14T10:33:28.000Z</time>
      </trkpt>
      <trkpt lat="40.2595900185406208038330078125" lon="9.45738860405981540679931640625">
        <ele>950.4000244140625</ele>
        <time>2026-09-14T10:33:33.000Z</time>
      </trkpt>
      <trkpt lat="40.25959177874028682708740234375" lon="9.4573216326534748077392578125">
        <ele>948</ele>
        <time>2026-09-14T10:33:38.000Z</time>
      </trkpt>
      <trkpt lat="40.25957954116165637969970703125" lon="9.457272849977016448974609375">
        <ele>946.20001220703125</ele>
        <time>2026-09-14T10:33:43.000Z</time>
      </trkpt>
      <trkpt lat="40.2595816366374492645263671875" lon="9.45723588578402996063232421875">
        <ele>944.79998779296875</ele>
        <time>2026-09-14T10:33:46.000Z</time>
      </trkpt>
      <trkpt lat="40.2595906890928745269775390625" lon="9.45718391798436641693115234375">
        <ele>943.5999755859375</ele>
        <time>2026-09-14T10:33:49.000Z</time>
      </trkpt>
      <trkpt lat="40.2595967240631580352783203125" lon="9.4571590237319469451904296875">
        <ele>943.4000244140625</ele>
        <time>2026-09-14T10:33:51.000Z</time>
      </trkpt>
      <trkpt lat="40.259580127894878387451171875" lon="9.45705651305615901947021484375">
        <ele>940.79998779296875</ele>
        <time>2026-09-14T10:33:59.000Z</time>
      </trkpt>
      <trkpt lat="40.2596027590334415435791015625" lon="9.45697319693863391876220703125">
        <ele>938.79998779296875</ele>
        <time>2026-09-14T10:34:06.000Z</time>
      </trkpt>
      <trkpt lat="40.259672664105892181396484375" lon="9.4569162838160991668701171875">
        <ele>937.79998779296875</ele>
        <time>2026-09-14T10:34:13.000Z</time>
      </trkpt>
      <trkpt lat="40.25978255085647106170654296875" lon="9.4568346440792083740234375">
        <ele>936.79998779296875</ele>
        <time>2026-09-14T10:34:24.000Z</time>
      </trkpt>
      <trkpt lat="40.25989235378801822662353515625" lon="9.45680337958037853240966796875">
        <ele>936</ele>
        <time>2026-09-14T10:34:34.000Z</time>
      </trkpt>
      <trkpt lat="40.25997432880103588104248046875" lon="9.45678971707820892333984375">
        <ele>936</ele>
        <time>2026-09-14T10:34:40.000Z</time>
      </trkpt>
      <trkpt lat="40.260020680725574493408203125" lon="9.456775970757007598876953125">
        <ele>936.5999755859375</ele>
        <time>2026-09-14T10:34:44.000Z</time>
      </trkpt>
      <trkpt lat="40.26011782698333263397216796875" lon="9.45680857636034488677978515625">
        <ele>938</ele>
        <time>2026-09-14T10:34:53.000Z</time>
      </trkpt>
      <trkpt lat="40.26017390191555023193359375" lon="9.4568294472992420196533203125">
        <ele>938.5999755859375</ele>
        <time>2026-09-14T10:34:59.000Z</time>
      </trkpt>
      <trkpt lat="40.26018991135060787200927734375" lon="9.45682534016668796539306640625">
        <ele>938.5999755859375</ele>
        <time>2026-09-14T10:35:01.000Z</time>
      </trkpt>
      <trkpt lat="40.2602371014654636383056640625" lon="9.4568009488284587860107421875">
        <ele>938.4000244140625</ele>
        <time>2026-09-14T10:35:07.000Z</time>
      </trkpt>
      <trkpt lat="40.26026266627013683319091796875" lon="9.45678544230759143829345703125">
        <ele>938.20001220703125</ele>
        <time>2026-09-14T10:35:14.000Z</time>
      </trkpt>
      <trkpt lat="40.26029082946479320526123046875" lon="9.45678359828889369964599609375">
        <ele>938.4000244140625</ele>
        <time>2026-09-14T10:35:24.000Z</time>
      </trkpt>
      <trkpt lat="40.26038847863674163818359375" lon="9.45673448033630847930908203125">
        <ele>936.20001220703125</ele>
        <time>2026-09-14T10:35:35.000Z</time>
      </trkpt>
      <trkpt lat="40.26044606231153011322021484375" lon="9.45665719918906688690185546875">
        <ele>932.5999755859375</ele>
        <time>2026-09-14T10:35:46.000Z</time>
      </trkpt>
      <trkpt lat="40.2604811824858188629150390625" lon="9.4566333107650279998779296875">
        <ele>931.20001220703125</ele>
        <time>2026-09-14T10:35:53.000Z</time>
      </trkpt>
      <trkpt lat="40.260484032332897186279296875" lon="9.45661939680576324462890625">
        <ele>930.20001220703125</ele>
        <time>2026-09-14T10:35:54.000Z</time>
      </trkpt>
      <trkpt lat="40.260490737855434417724609375" lon="9.4565793313086032867431640625">
        <ele>927.4000244140625</ele>
        <time>2026-09-14T10:35:58.000Z</time>
      </trkpt>
      <trkpt lat="40.26050993241369724273681640625" lon="9.4565139524638652801513671875">
        <ele>922.20001220703125</ele>
        <time>2026-09-14T10:36:06.000Z</time>
      </trkpt>
      <trkpt lat="40.260556451976299285888671875" lon="9.45652795024216175079345703125">
        <ele>920.5999755859375</ele>
        <time>2026-09-14T10:36:12.000Z</time>
      </trkpt>
      <trkpt lat="40.2605834417045116424560546875" lon="9.456523843109607696533203125">
        <ele>919</ele>
        <time>2026-09-14T10:36:17.000Z</time>
      </trkpt>
      <trkpt lat="40.2605951763689517974853515625" lon="9.45648930966854095458984375">
        <ele>916.20001220703125</ele>
        <time>2026-09-14T10:36:21.000Z</time>
      </trkpt>
      <trkpt lat="40.26060364209115505218505859375" lon="9.4564619846642017364501953125">
        <ele>914.4000244140625</ele>
        <time>2026-09-14T10:36:23.000Z</time>
      </trkpt>
      <trkpt lat="40.26064521633088588714599609375" lon="9.45642066188156604766845703125">
        <ele>910.4000244140625</ele>
        <time>2026-09-14T10:36:29.000Z</time>
      </trkpt>
      <trkpt lat="40.26066650636494159698486328125" lon="9.45637137629091739654541015625">
        <ele>907.20001220703125</ele>
        <time>2026-09-14T10:36:35.000Z</time>
      </trkpt>
      <trkpt lat="40.260699950158596038818359375" lon="9.45628839544951915740966796875">
        <ele>903.20001220703125</ele>
        <time>2026-09-14T10:36:44.000Z</time>
      </trkpt>
      <trkpt lat="40.260770022869110107421875" lon="9.4562735594809055328369140625">
        <ele>899.5999755859375</ele>
        <time>2026-09-14T10:36:53.000Z</time>
      </trkpt>
      <trkpt lat="40.2608384191989898681640625" lon="9.456260986626148223876953125">
        <ele>897</ele>
        <time>2026-09-14T10:37:01.000Z</time>
      </trkpt>
      <trkpt lat="40.2608840167522430419921875" lon="9.4562571309506893157958984375">
        <ele>895.4000244140625</ele>
        <time>2026-09-14T10:37:06.000Z</time>
      </trkpt>
      <trkpt lat="40.26090438477694988250732421875" lon="9.4562517665326595306396484375">
        <ele>894.4000244140625</ele>
        <time>2026-09-14T10:37:08.000Z</time>
      </trkpt>
      <trkpt lat="40.2609197236597537994384765625" lon="9.4562440551817417144775390625">
        <ele>893.79998779296875</ele>
        <time>2026-09-14T10:37:10.000Z</time>
      </trkpt>
      <trkpt lat="40.2609502337872982025146484375" lon="9.456216730177402496337890625">
        <ele>891.79998779296875</ele>
        <time>2026-09-14T10:37:15.000Z</time>
      </trkpt>
      <trkpt lat="40.2609535865485668182373046875" lon="9.45620927028357982635498046875">
        <ele>891.5999755859375</ele>
        <time>2026-09-14T10:37:16.000Z</time>
      </trkpt>
      <trkpt lat="40.26100513525307178497314453125" lon="9.45618219673633575439453125">
        <ele>889</ele>
        <time>2026-09-14T10:37:24.000Z</time>
      </trkpt>
      <trkpt lat="40.26103497482836246490478515625" lon="9.45616518147289752960205078125">
        <ele>887.4000244140625</ele>
        <time>2026-09-14T10:37:28.000Z</time>
      </trkpt>
      <trkpt lat="40.2610685862600803375244140625" lon="9.4561625830829143524169921875">
        <ele>885.79998779296875</ele>
        <time>2026-09-14T10:37:31.000Z</time>
      </trkpt>
      <trkpt lat="40.26106665842235088348388671875" lon="9.45614389143884181976318359375">
        <ele>885.4000244140625</ele>
        <time>2026-09-14T10:37:35.000Z</time>
      </trkpt>
      <trkpt lat="40.2610588632524013519287109375" lon="9.4561354257166385650634765625">
        <ele>885.4000244140625</ele>
        <time>2026-09-14T10:37:36.000Z</time>
      </trkpt>
      <trkpt lat="40.26100547052919864654541015625" lon="9.45606895722448825836181640625">
        <ele>885.4000244140625</ele>
        <time>2026-09-14T10:37:43.000Z</time>
      </trkpt>
      <trkpt lat="40.260986946523189544677734375" lon="9.45601363666355609893798828125">
        <ele>884.20001220703125</ele>
        <time>2026-09-14T10:37:47.000Z</time>
      </trkpt>
      <trkpt lat="40.2609807439148426055908203125" lon="9.45595077238976955413818359375">
        <ele>882.20001220703125</ele>
        <time>2026-09-14T10:37:51.000Z</time>
      </trkpt>
      <trkpt lat="40.26095568202435970306396484375" lon="9.455927051603794097900390625">
        <ele>882.4000244140625</ele>
        <time>2026-09-14T10:37:53.000Z</time>
      </trkpt>
      <trkpt lat="40.26094830594956874847412109375" lon="9.4559146463871002197265625">
        <ele>882.20001220703125</ele>
        <time>2026-09-14T10:37:54.000Z</time>
      </trkpt>
      <trkpt lat="40.26093992404639720916748046875" lon="9.45590592920780181884765625">
        <ele>882.20001220703125</ele>
        <time>2026-09-14T10:37:55.000Z</time>
      </trkpt>
      <trkpt lat="40.2609130181372165679931640625" lon="9.45584784261882305145263671875">
        <ele>881.20001220703125</ele>
        <time>2026-09-14T10:38:02.000Z</time>
      </trkpt>
      <trkpt lat="40.260940007865428924560546875" lon="9.45583216845989227294921875">
        <ele>879.79998779296875</ele>
        <time>2026-09-14T10:38:05.000Z</time>
      </trkpt>
      <trkpt lat="40.26096490211784839630126953125" lon="9.45582487620413303375244140625">
        <ele>878.79998779296875</ele>
        <time>2026-09-14T10:38:07.000Z</time>
      </trkpt>
      <trkpt lat="40.2609851025044918060302734375" lon="9.45581280626356601715087890625">
        <ele>877.79998779296875</ele>
        <time>2026-09-14T10:38:09.000Z</time>
      </trkpt>
      <trkpt lat="40.2610310353338718414306640625" lon="9.45577089674770832061767578125">
        <ele>875</ele>
        <time>2026-09-14T10:38:14.000Z</time>
      </trkpt>
      <trkpt lat="40.26106632314622402191162109375" lon="9.45575413294136524200439453125">
        <ele>873</ele>
        <time>2026-09-14T10:38:18.000Z</time>
      </trkpt>
      <trkpt lat="40.26109901256859302520751953125" lon="9.4557215273380279541015625">
        <ele>870.79998779296875</ele>
        <time>2026-09-14T10:38:22.000Z</time>
      </trkpt>
      <trkpt lat="40.261133126914501190185546875" lon="9.45571281015872955322265625">
        <ele>869.4000244140625</ele>
        <time>2026-09-14T10:38:26.000Z</time>
      </trkpt>
      <trkpt lat="40.26115198619663715362548828125" lon="9.45570417679846286773681640625">
        <ele>868.4000244140625</ele>
        <time>2026-09-14T10:38:28.000Z</time>
      </trkpt>
      <trkpt lat="40.2611581049859523773193359375" lon="9.4557049311697483062744140625">
        <ele>868.20001220703125</ele>
        <time>2026-09-14T10:38:29.000Z</time>
      </trkpt>
      <trkpt lat="40.2611621282994747161865234375" lon="9.45570132695138454437255859375">
        <ele>867.79998779296875</ele>
        <time>2026-09-14T10:38:30.000Z</time>
      </trkpt>
      <trkpt lat="40.261176712810993194580078125" lon="9.45568406023085117340087890625">
        <ele>866.79998779296875</ele>
        <time>2026-09-14T10:38:32.000Z</time>
      </trkpt>
      <trkpt lat="40.26118702255189418792724609375" lon="9.45567928254604339599609375">
        <ele>866.4000244140625</ele>
        <time>2026-09-14T10:38:34.000Z</time>
      </trkpt>
      <trkpt lat="40.2612466178834438323974609375" lon="9.4556479342281818389892578125">
        <ele>863.79998779296875</ele>
        <time>2026-09-14T10:38:41.000Z</time>
      </trkpt>
      <trkpt lat="40.26128693483769893646240234375" lon="9.45561415515840053558349609375">
        <ele>861.79998779296875</ele>
        <time>2026-09-14T10:38:49.000Z</time>
      </trkpt>
      <trkpt lat="40.26129414327442646026611328125" lon="9.45559605024755001068115234375">
        <ele>861.20001220703125</ele>
        <time>2026-09-14T10:38:52.000Z</time>
      </trkpt>
      <trkpt lat="40.26129481382668018341064453125" lon="9.45558540523052215576171875">
        <ele>860.79998779296875</ele>
        <time>2026-09-14T10:38:53.000Z</time>
      </trkpt>
      <trkpt lat="40.26129699312150478363037109375" lon="9.4555610977113246917724609375">
        <ele>860.20001220703125</ele>
        <time>2026-09-14T10:38:55.000Z</time>
      </trkpt>
      <trkpt lat="40.261310152709484100341796875" lon="9.45554391480982303619384765625">
        <ele>859.4000244140625</ele>
        <time>2026-09-14T10:38:57.000Z</time>
      </trkpt>
      <trkpt lat="40.2613292634487152099609375" lon="9.45546948350965976715087890625">
        <ele>857.4000244140625</ele>
        <time>2026-09-14T10:39:04.000Z</time>
      </trkpt>
      <trkpt lat="40.26133186183869838714599609375" lon="9.455461688339710235595703125">
        <ele>857.20001220703125</ele>
        <time>2026-09-14T10:39:05.000Z</time>
      </trkpt>
      <trkpt lat="40.26132314465939998626708984375" lon="9.4554253108799457550048828125">
        <ele>856.79998779296875</ele>
        <time>2026-09-14T10:39:09.000Z</time>
      </trkpt>
      <trkpt lat="40.26132347993552684783935546875" lon="9.45540033280849456787109375">
        <ele>856.4000244140625</ele>
        <time>2026-09-14T10:39:11.000Z</time>
      </trkpt>
      <trkpt lat="40.261343009769916534423828125" lon="9.455376528203487396240234375">
        <ele>855.4000244140625</ele>
        <time>2026-09-14T10:39:14.000Z</time>
      </trkpt>
      <trkpt lat="40.2613783814013004302978515625" lon="9.45536772720515727996826171875">
        <ele>854.20001220703125</ele>
        <time>2026-09-14T10:39:18.000Z</time>
      </trkpt>
      <trkpt lat="40.26140277273952960968017578125" lon="9.45536144077777862548828125">
        <ele>853.4000244140625</ele>
        <time>2026-09-14T10:39:25.000Z</time>
      </trkpt>
      <trkpt lat="40.26145608164370059967041015625" lon="9.45532129146158695220947265625">
        <ele>850.4000244140625</ele>
        <time>2026-09-14T10:39:32.000Z</time>
      </trkpt>
      <trkpt lat="40.26151777245104312896728515625" lon="9.45531760342419147491455078125">
        <ele>847.79998779296875</ele>
        <time>2026-09-14T10:39:40.000Z</time>
      </trkpt>
      <trkpt lat="40.26156705804169178009033203125" lon="9.45529430173337459564208984375">
        <ele>845.20001220703125</ele>
        <time>2026-09-14T10:39:47.000Z</time>
      </trkpt>
      <trkpt lat="40.261601507663726806640625" lon="9.4551892764866352081298828125">
        <ele>842.79998779296875</ele>
        <time>2026-09-14T10:39:56.000Z</time>
      </trkpt>
      <trkpt lat="40.26160930283367633819580078125" lon="9.4551668129861354827880859375">
        <ele>842.4000244140625</ele>
        <time>2026-09-14T10:39:58.000Z</time>
      </trkpt>
      <trkpt lat="40.26164417155086994171142578125" lon="9.45517846383154392242431640625">
        <ele>841.79998779296875</ele>
        <time>2026-09-14T10:40:02.000Z</time>
      </trkpt>
      <trkpt lat="40.261715836822986602783203125" lon="9.455125741660594940185546875">
        <ele>840</ele>
        <time>2026-09-14T10:40:10.000Z</time>
      </trkpt>
      <trkpt lat="40.2617257274687290191650390625" lon="9.45510084740817546844482421875">
        <ele>839.79998779296875</ele>
        <time>2026-09-14T10:40:13.000Z</time>
      </trkpt>
      <trkpt lat="40.26173821650445461273193359375" lon="9.45508726872503757476806640625">
        <ele>839.5999755859375</ele>
        <time>2026-09-14T10:40:15.000Z</time>
      </trkpt>
      <trkpt lat="40.26174089871346950531005859375" lon="9.45508575998246669769287109375">
        <ele>839.4000244140625</ele>
        <time>2026-09-14T10:40:16.000Z</time>
      </trkpt>
      <trkpt lat="40.26174810715019702911376953125" lon="9.45508609525859355926513671875">
        <ele>839.4000244140625</ele>
        <time>2026-09-14T10:40:17.000Z</time>
      </trkpt>
      <trkpt lat="40.26175640523433685302734375" lon="9.4550672359764575958251953125">
        <ele>839.20001220703125</ele>
        <time>2026-09-14T10:40:19.000Z</time>
      </trkpt>
      <trkpt lat="40.2617879211902618408203125" lon="9.45503463037312030792236328125">
        <ele>838.5999755859375</ele>
        <time>2026-09-14T10:40:23.000Z</time>
      </trkpt>
      <trkpt lat="40.2618387155234813690185546875" lon="9.45502214133739471435546875">
        <ele>837.79998779296875</ele>
        <time>2026-09-14T10:40:29.000Z</time>
      </trkpt>
      <trkpt lat="40.26189344935119152069091796875" lon="9.4549871049821376800537109375">
        <ele>837</ele>
        <time>2026-09-14T10:40:36.000Z</time>
      </trkpt>
      <trkpt lat="40.2619349397718906402587890625" lon="9.45498735643923282623291015625">
        <ele>837</ele>
        <time>2026-09-14T10:40:41.000Z</time>
      </trkpt>
      <trkpt lat="40.26195111684501171112060546875" lon="9.4550001807510852813720703125">
        <ele>837</ele>
        <time>2026-09-14T10:40:43.000Z</time>
      </trkpt>
      <trkpt lat="40.26200945489108562469482421875" lon="9.4550139270722866058349609375">
        <ele>837.20001220703125</ele>
        <time>2026-09-14T10:40:49.000Z</time>
      </trkpt>
      <trkpt lat="40.26203393004834651947021484375" lon="9.4550209678709506988525390625">
        <ele>837.20001220703125</ele>
        <time>2026-09-14T10:40:51.000Z</time>
      </trkpt>
      <trkpt lat="40.26205572299659252166748046875" lon="9.4550192914903163909912109375">
        <ele>837.20001220703125</ele>
        <time>2026-09-14T10:40:53.000Z</time>
      </trkpt>
      <trkpt lat="40.26207734830677509307861328125" lon="9.45499959401786327362060546875">
        <ele>837</ele>
        <time>2026-09-14T10:40:55.000Z</time>
      </trkpt>
      <trkpt lat="40.26208371855318546295166015625" lon="9.45498769171535968780517578125">
        <ele>837</ele>
        <time>2026-09-14T10:40:56.000Z</time>
      </trkpt>
      <trkpt lat="40.26208656840026378631591796875" lon="9.45497143082320690155029296875">
        <ele>837.20001220703125</ele>
        <time>2026-09-14T10:40:57.000Z</time>
      </trkpt>
      <trkpt lat="40.262095369398593902587890625" lon="9.45489113219082355499267578125">
        <ele>837.5999755859375</ele>
        <time>2026-09-14T10:41:05.000Z</time>
      </trkpt>
      <trkpt lat="40.26211313903331756591796875" lon="9.45485458709299564361572265625">
        <ele>837.4000244140625</ele>
        <time>2026-09-14T10:41:11.000Z</time>
      </trkpt>
      <trkpt lat="40.26211154647171497344970703125" lon="9.4548516534268856048583984375">
        <ele>837.4000244140625</ele>
        <time>2026-09-14T10:41:20.000Z</time>
      </trkpt>
      <trkpt lat="40.2621159888803958892822265625" lon="9.45484838448464870452880859375">
        <ele>837.4000244140625</ele>
        <time>2026-09-14T10:41:23.000Z</time>
      </trkpt>
      <trkpt lat="40.262115485966205596923828125" lon="9.4548422656953334808349609375">
        <ele>837.4000244140625</ele>
        <time>2026-09-14T10:41:25.000Z</time>
      </trkpt>
      <trkpt lat="40.262114815413951873779296875" lon="9.45483899675309658050537109375">
        <ele>837.4000244140625</ele>
        <time>2026-09-14T10:41:29.000Z</time>
      </trkpt>
      <trkpt lat="40.2621139772236347198486328125" lon="9.45483882911503314971923828125">
        <ele>837.4000244140625</ele>
        <time>2026-09-14T10:41:46.000Z</time>
      </trkpt>
      <trkpt lat="40.26211389340460300445556640625" lon="9.454835392534732818603515625">
        <ele>837.4000244140625</ele>
        <time>2026-09-14T10:41:54.000Z</time>
      </trkpt>
      <trkpt lat="40.262165777385234832763671875" lon="9.4548137672245502471923828125">
        <ele>836.79998779296875</ele>
        <time>2026-09-14T10:41:59.000Z</time>
      </trkpt>
      <trkpt lat="40.26218379847705364227294921875" lon="9.45480111055076122283935546875">
        <ele>836.5999755859375</ele>
        <time>2026-09-14T10:42:02.000Z</time>
      </trkpt>
      <trkpt lat="40.2621964551508426666259765625" lon="9.45479306392371654510498046875">
        <ele>836.20001220703125</ele>
        <time>2026-09-14T10:42:05.000Z</time>
      </trkpt>
      <trkpt lat="40.26223157532513141632080078125" lon="9.45479289628565311431884765625">
        <ele>835.5999755859375</ele>
        <time>2026-09-14T10:42:09.000Z</time>
      </trkpt>
      <trkpt lat="40.26226309128105640411376953125" lon="9.45481485687196254730224609375">
        <ele>835</ele>
        <time>2026-09-14T10:42:12.000Z</time>
      </trkpt>
      <trkpt lat="40.2623010613024234771728515625" lon="9.45487285964190959930419921875">
        <ele>834.4000244140625</ele>
        <time>2026-09-14T10:42:16.000Z</time>
      </trkpt>
      <trkpt lat="40.262321345508098602294921875" lon="9.45489582605659961700439453125">
        <ele>834</ele>
        <time>2026-09-14T10:42:18.000Z</time>
      </trkpt>
      <trkpt lat="40.26240256614983081817626953125" lon="9.45501937530934810638427734375">
        <ele>832.5999755859375</ele>
        <time>2026-09-14T10:42:27.000Z</time>
      </trkpt>
      <trkpt lat="40.26245671324431896209716796875" lon="9.45510931313037872314453125">
        <ele>830.5999755859375</ele>
        <time>2026-09-14T10:42:34.000Z</time>
      </trkpt>
      <trkpt lat="40.26246459223330020904541015625" lon="9.4551121629774570465087890625">
        <ele>830.20001220703125</ele>
        <time>2026-09-14T10:42:35.000Z</time>
      </trkpt>
      <trkpt lat="40.262561738491058349609375" lon="9.4551855884492397308349609375">
        <ele>824.5999755859375</ele>
        <time>2026-09-14T10:42:44.000Z</time>
      </trkpt>
      <trkpt lat="40.2626313082873821258544921875" lon="9.4552442617714405059814453125">
        <ele>820.5999755859375</ele>
        <time>2026-09-14T10:42:50.000Z</time>
      </trkpt>
      <trkpt lat="40.26264580897986888885498046875" lon="9.455252476036548614501953125">
        <ele>819.79998779296875</ele>
        <time>2026-09-14T10:42:52.000Z</time>
      </trkpt>
      <trkpt lat="40.2627241797745227813720703125" lon="9.45526764728128910064697265625">
        <ele>815.5999755859375</ele>
        <time>2026-09-14T10:43:00.000Z</time>
      </trkpt>
      <trkpt lat="40.262728035449981689453125" lon="9.45527753792703151702880859375">
        <ele>815.20001220703125</ele>
        <time>2026-09-14T10:43:01.000Z</time>
      </trkpt>
      <trkpt lat="40.262746475636959075927734375" lon="9.455308802425861358642578125">
        <ele>813.79998779296875</ele>
        <time>2026-09-14T10:43:05.000Z</time>
      </trkpt>
      <trkpt lat="40.2627577073872089385986328125" lon="9.45530704222619533538818359375">
        <ele>813.4000244140625</ele>
        <time>2026-09-14T10:43:09.000Z</time>
      </trkpt>
      <trkpt lat="40.26277522556483745574951171875" lon="9.4553180225193500518798828125">
        <ele>812.4000244140625</ele>
        <time>2026-09-14T10:43:13.000Z</time>
      </trkpt>
      <trkpt lat="40.26278327219188213348388671875" lon="9.455320872366428375244140625">
        <ele>812</ele>
        <time>2026-09-14T10:43:14.000Z</time>
      </trkpt>
      <trkpt lat="40.26281378231942653656005859375" lon="9.45529036223888397216796875">
        <ele>812</ele>
        <time>2026-09-14T10:43:20.000Z</time>
      </trkpt>
      <trkpt lat="40.26285870932042598724365234375" lon="9.4553471915423870086669921875">
        <ele>808.79998779296875</ele>
        <time>2026-09-14T10:43:28.000Z</time>
      </trkpt>
      <trkpt lat="40.26287597604095935821533203125" lon="9.45538599975407123565673828125">
        <ele>807.20001220703125</ele>
        <time>2026-09-14T10:43:35.000Z</time>
      </trkpt>
      <trkpt lat="40.262918137013912200927734375" lon="9.4554058648645877838134765625">
        <ele>805.20001220703125</ele>
        <time>2026-09-14T10:43:42.000Z</time>
      </trkpt>
      <trkpt lat="40.2629313804209232330322265625" lon="9.45540301501750946044921875">
        <ele>805</ele>
        <time>2026-09-14T10:43:49.000Z</time>
      </trkpt>
      <trkpt lat="40.26295526884496212005615234375" lon="9.4554232992231845855712890625">
        <ele>803.5999755859375</ele>
        <time>2026-09-14T10:43:55.000Z</time>
      </trkpt>
      <trkpt lat="40.26296339929103851318359375" lon="9.4554253108799457550048828125">
        <ele>803.20001220703125</ele>
        <time>2026-09-14T10:43:57.000Z</time>
      </trkpt>
      <trkpt lat="40.262967757880687713623046875" lon="9.4554289989173412322998046875">
        <ele>803</ele>
        <time>2026-09-14T10:44:00.000Z</time>
      </trkpt>
      <trkpt lat="40.26296683587133884429931640625" lon="9.4554318487644195556640625">
        <ele>803</ele>
        <time>2026-09-14T10:44:02.000Z</time>
      </trkpt>
      <trkpt lat="40.2629675902426242828369140625" lon="9.45543277077376842498779296875">
        <ele>802.79998779296875</ele>
        <time>2026-09-14T10:44:03.000Z</time>
      </trkpt>
      <trkpt lat="40.26297622360289096832275390625" lon="9.45542824454605579376220703125">
        <ele>802.79998779296875</ele>
        <time>2026-09-14T10:44:05.000Z</time>
      </trkpt>
      <trkpt lat="40.26298209093511104583740234375" lon="9.45543075911700725555419921875">
        <ele>802.4000244140625</ele>
        <time>2026-09-14T10:44:06.000Z</time>
      </trkpt>
      <trkpt lat="40.26302643120288848876953125" lon="9.45544567890465259552001953125">
        <ele>799.5999755859375</ele>
        <time>2026-09-14T10:44:13.000Z</time>
      </trkpt>
      <trkpt lat="40.2630403451621532440185546875" lon="9.4554353691637516021728515625">
        <ele>799</ele>
        <time>2026-09-14T10:44:19.000Z</time>
      </trkpt>
      <trkpt lat="40.2630621381103992462158203125" lon="9.45544316433370113372802734375">
        <ele>797.4000244140625</ele>
        <time>2026-09-14T10:44:24.000Z</time>
      </trkpt>
      <trkpt lat="40.26307596825063228607177734375" lon="9.45547543466091156005859375">
        <ele>795.5999755859375</ele>
        <time>2026-09-14T10:44:30.000Z</time>
      </trkpt>
      <trkpt lat="40.263108909130096435546875" lon="9.455497898161411285400390625">
        <ele>793</ele>
        <time>2026-09-14T10:44:38.000Z</time>
      </trkpt>
      <trkpt lat="40.26310983113944530487060546875" lon="9.4554940424859523773193359375">
        <ele>793</ele>
        <time>2026-09-14T10:44:44.000Z</time>
      </trkpt>
      <trkpt lat="40.26315190829336643218994140625" lon="9.45549345575273036956787109375">
        <ele>790.5999755859375</ele>
        <time>2026-09-14T10:44:51.000Z</time>
      </trkpt>
      <trkpt lat="40.26315509341657161712646484375" lon="9.45549379102885723114013671875">
        <ele>790.4000244140625</ele>
        <time>2026-09-14T10:44:52.000Z</time>
      </trkpt>
      <trkpt lat="40.2631580270826816558837890625" lon="9.455493874847888946533203125">
        <ele>790.20001220703125</ele>
        <time>2026-09-14T10:44:53.000Z</time>
      </trkpt>
      <trkpt lat="40.263174287974834442138671875" lon="9.4555087946355342864990234375">
        <ele>788.5999755859375</ele>
        <time>2026-09-14T10:45:01.000Z</time>
      </trkpt>
      <trkpt lat="40.2631912194192409515380859375" lon="9.45548079907894134521484375">
        <ele>788.4000244140625</ele>
        <time>2026-09-14T10:45:13.000Z</time>
      </trkpt>
      <trkpt lat="40.263210497796535491943359375" lon="9.45544668473303318023681640625">
        <ele>788.5999755859375</ele>
        <time>2026-09-14T10:45:20.000Z</time>
      </trkpt>
      <trkpt lat="40.26321980170905590057373046875" lon="9.45539739914238452911376953125">
        <ele>790.20001220703125</ele>
        <time>2026-09-14T10:45:27.000Z</time>
      </trkpt>
      <trkpt lat="40.26325634680688381195068359375" lon="9.45541885681450366973876953125">
        <ele>787.4000244140625</ele>
        <time>2026-09-14T10:45:35.000Z</time>
      </trkpt>
      <trkpt lat="40.26328886859118938446044921875" lon="9.45547015406191349029541015625">
        <ele>784</ele>
        <time>2026-09-14T10:45:41.000Z</time>
      </trkpt>
      <trkpt lat="40.26330278255045413970947265625" lon="9.455540478229522705078125">
        <ele>780.5999755859375</ele>
        <time>2026-09-14T10:45:49.000Z</time>
      </trkpt>
      <trkpt lat="40.26330462656915187835693359375" lon="9.4555466808378696441650390625">
        <ele>780.4000244140625</ele>
        <time>2026-09-14T10:45:54.000Z</time>
      </trkpt>
      <trkpt lat="40.263306386768817901611328125" lon="9.455552883446216583251953125">
        <ele>780.20001220703125</ele>
        <time>2026-09-14T10:45:55.000Z</time>
      </trkpt>
      <trkpt lat="40.263292975723743438720703125" lon="9.45559890009462833404541015625">
        <ele>780</ele>
        <time>2026-09-14T10:46:02.000Z</time>
      </trkpt>
      <trkpt lat="40.2632998488843441009521484375" lon="9.45561893284320831298828125">
        <ele>779.4000244140625</ele>
        <time>2026-09-14T10:46:10.000Z</time>
      </trkpt>
      <trkpt lat="40.2633005194365978240966796875" lon="9.45562169887125492095947265625">
        <ele>779.4000244140625</ele>
        <time>2026-09-14T10:46:11.000Z</time>
      </trkpt>
      <trkpt lat="40.26330227963626384735107421875" lon="9.45561734028160572052001953125">
        <ele>779.4000244140625</ele>
        <time>2026-09-14T10:46:12.000Z</time>
      </trkpt>
      <trkpt lat="40.26331032626330852508544921875" lon="9.45562823675572872161865234375">
        <ele>778.79998779296875</ele>
        <time>2026-09-14T10:46:17.000Z</time>
      </trkpt>
      <trkpt lat="40.26333622634410858154296875" lon="9.45564885623753070831298828125">
        <ele>777.20001220703125</ele>
        <time>2026-09-14T10:46:23.000Z</time>
      </trkpt>
      <trkpt lat="40.2633555047214031219482421875" lon="9.45565220899879932403564453125">
        <ele>776.4000244140625</ele>
        <time>2026-09-14T10:46:28.000Z</time>
      </trkpt>
      <trkpt lat="40.263365395367145538330078125" lon="9.45566226728260517120361328125">
        <ele>775.79998779296875</ele>
        <time>2026-09-14T10:46:30.000Z</time>
      </trkpt>
      <trkpt lat="40.26342767290771007537841796875" lon="9.4556972198188304901123046875">
        <ele>772.4000244140625</ele>
        <time>2026-09-14T10:46:40.000Z</time>
      </trkpt>
      <trkpt lat="40.2634574286639690399169921875" lon="9.45571775548160076141357421875">
        <ele>770.5999755859375</ele>
        <time>2026-09-14T10:46:47.000Z</time>
      </trkpt>
      <trkpt lat="40.26349824853241443634033203125" lon="9.45575765334069728851318359375">
        <ele>768.20001220703125</ele>
        <time>2026-09-14T10:46:55.000Z</time>
      </trkpt>
      <trkpt lat="40.26354133151471614837646484375" lon="9.45573535747826099395751953125">
        <ele>766.79998779296875</ele>
        <time>2026-09-14T10:47:02.000Z</time>
      </trkpt>
      <trkpt lat="40.263547785580158233642578125" lon="9.455742649734020233154296875">
        <ele>766.4000244140625</ele>
        <time>2026-09-14T10:47:06.000Z</time>
      </trkpt>
      <trkpt lat="40.2635697461664676666259765625" lon="9.45573703385889530181884765625">
        <ele>765.79998779296875</ele>
        <time>2026-09-14T10:47:11.000Z</time>
      </trkpt>
      <trkpt lat="40.2636106498539447784423828125" lon="9.4557408057153224945068359375">
        <ele>764.5999755859375</ele>
        <time>2026-09-14T10:47:18.000Z</time>
      </trkpt>
      <trkpt lat="40.2636539004743099212646484375" lon="9.4557724893093109130859375">
        <ele>762.79998779296875</ele>
        <time>2026-09-14T10:47:27.000Z</time>
      </trkpt>
      <trkpt lat="40.2636837400496006011962890625" lon="9.45581012405455112457275390625">
        <ele>761.20001220703125</ele>
        <time>2026-09-14T10:47:33.000Z</time>
      </trkpt>
      <trkpt lat="40.26371047832071781158447265625" lon="9.455824792385101318359375">
        <ele>760.20001220703125</ele>
        <time>2026-09-14T10:47:39.000Z</time>
      </trkpt>
      <trkpt lat="40.2637414075434207916259765625" lon="9.4558377005159854888916015625">
        <ele>759.5999755859375</ele>
        <time>2026-09-14T10:47:45.000Z</time>
      </trkpt>
      <trkpt lat="40.26377686299383640289306640625" lon="9.45586997084319591522216796875">
        <ele>758.79998779296875</ele>
        <time>2026-09-14T10:47:51.000Z</time>
      </trkpt>
      <trkpt lat="40.26379480026662349700927734375" lon="9.455859325826168060302734375">
        <ele>758.20001220703125</ele>
        <time>2026-09-14T10:47:56.000Z</time>
      </trkpt>
      <trkpt lat="40.2638098038733005523681640625" lon="9.45582940243184566497802734375">
        <ele>757.4000244140625</ele>
        <time>2026-09-14T10:48:03.000Z</time>
      </trkpt>
      <trkpt lat="40.26382614858448505401611328125" lon="9.4558162428438663482666015625">
        <ele>756.5999755859375</ele>
        <time>2026-09-14T10:48:06.000Z</time>
      </trkpt>
      <trkpt lat="40.26384877972304821014404296875" lon="9.455833844840526580810546875">
        <ele>754.5999755859375</ele>
        <time>2026-09-14T10:48:11.000Z</time>
      </trkpt>
      <trkpt lat="40.2638530544936656951904296875" lon="9.45583627559244632720947265625">
        <ele>754.20001220703125</ele>
        <time>2026-09-14T10:48:14.000Z</time>
      </trkpt>
      <trkpt lat="40.26386839337646961212158203125" lon="9.45584884844720363616943359375">
        <ele>752.79998779296875</ele>
        <time>2026-09-14T10:48:18.000Z</time>
      </trkpt>
      <trkpt lat="40.2638842351734638214111328125" lon="9.45584532804787158966064453125">
        <ele>751.20001220703125</ele>
        <time>2026-09-14T10:48:20.000Z</time>
      </trkpt>
      <trkpt lat="40.26390217244625091552734375" lon="9.45582906715571880340576171875">
        <ele>749.4000244140625</ele>
        <time>2026-09-14T10:48:23.000Z</time>
      </trkpt>
      <trkpt lat="40.263918600976467132568359375" lon="9.45584583096206188201904296875">
        <ele>748</ele>
        <time>2026-09-14T10:48:26.000Z</time>
      </trkpt>
      <trkpt lat="40.2639559842646121978759765625" lon="9.45591506548225879669189453125">
        <ele>744.79998779296875</ele>
        <time>2026-09-14T10:48:33.000Z</time>
      </trkpt>
      <trkpt lat="40.2639926970005035400390625" lon="9.4559687934815883636474609375">
        <ele>741.5999755859375</ele>
        <time>2026-09-14T10:48:39.000Z</time>
      </trkpt>
      <trkpt lat="40.2639938704669475555419921875" lon="9.455970637500286102294921875">
        <ele>741.5999755859375</ele>
        <time>2026-09-14T10:48:40.000Z</time>
      </trkpt>
      <trkpt lat="40.26401884853839874267578125" lon="9.45598932914435863494873046875">
        <ele>739.20001220703125</ele>
        <time>2026-09-14T10:48:45.000Z</time>
      </trkpt>
      <trkpt lat="40.26402848772704601287841796875" lon="9.45600441657006740570068359375">
        <ele>738.4000244140625</ele>
        <time>2026-09-14T10:48:47.000Z</time>
      </trkpt>
      <trkpt lat="40.2640543878078460693359375" lon="9.45601078681647777557373046875">
        <ele>736</ele>
        <time>2026-09-14T10:48:55.000Z</time>
      </trkpt>
      <trkpt lat="40.26410107500851154327392578125" lon="9.455950520932674407958984375">
        <ele>731</ele>
        <time>2026-09-14T10:49:03.000Z</time>
      </trkpt>
      <trkpt lat="40.26413929648697376251220703125" lon="9.45601698942482471466064453125">
        <ele>727.4000244140625</ele>
        <time>2026-09-14T10:49:10.000Z</time>
      </trkpt>
      <trkpt lat="40.26416712440550327301025390625" lon="9.456067197024822235107421875">
        <ele>724.79998779296875</ele>
        <time>2026-09-14T10:49:17.000Z</time>
      </trkpt>
      <trkpt lat="40.2641960419714450836181640625" lon="9.45609636604785919189453125">
        <ele>722</ele>
        <time>2026-09-14T10:49:24.000Z</time>
      </trkpt>
      <trkpt lat="40.26422001421451568603515625" lon="9.45613768883049488067626953125">
        <ele>720.4000244140625</ele>
        <time>2026-09-14T10:49:31.000Z</time>
      </trkpt>
      <trkpt lat="40.26423920877277851104736328125" lon="9.45611438713967800140380859375">
        <ele>718</ele>
        <time>2026-09-14T10:49:35.000Z</time>
      </trkpt>
      <trkpt lat="40.2642480097711086273193359375" lon="9.4561119563877582550048828125">
        <ele>717</ele>
        <time>2026-09-14T10:49:38.000Z</time>
      </trkpt>
      <trkpt lat="40.26427776552736759185791015625" lon="9.4561518542468547821044921875">
        <ele>714.79998779296875</ele>
        <time>2026-09-14T10:49:44.000Z</time>
      </trkpt>
      <trkpt lat="40.26428036391735076904296875" lon="9.45616752840578556060791015625">
        <ele>714.79998779296875</ele>
        <time>2026-09-14T10:49:47.000Z</time>
      </trkpt>
      <trkpt lat="40.26429804973304271697998046875" lon="9.4561694562435150146484375">
        <ele>713</ele>
        <time>2026-09-14T10:49:50.000Z</time>
      </trkpt>
      <trkpt lat="40.2643251232802867889404296875" lon="9.4562095217406749725341796875">
        <ele>711</ele>
        <time>2026-09-14T10:49:56.000Z</time>
      </trkpt>
      <trkpt lat="40.2643482573330402374267578125" lon="9.45623852312564849853515625">
        <ele>709.20001220703125</ele>
        <time>2026-09-14T10:50:02.000Z</time>
      </trkpt>
      <trkpt lat="40.26437097229063510894775390625" lon="9.45630465634167194366455078125">
        <ele>708.20001220703125</ele>
        <time>2026-09-14T10:50:09.000Z</time>
      </trkpt>
      <trkpt lat="40.26440902613103389739990234375" lon="9.4563523493707180023193359375">
        <ele>705.79998779296875</ele>
        <time>2026-09-14T10:50:15.000Z</time>
      </trkpt>
      <trkpt lat="40.26441841386258602142333984375" lon="9.456363581120967864990234375">
        <ele>705.20001220703125</ele>
        <time>2026-09-14T10:50:20.000Z</time>
      </trkpt>
      <trkpt lat="40.26443459093570709228515625" lon="9.45631940849125385284423828125">
        <ele>702.79998779296875</ele>
        <time>2026-09-14T10:50:27.000Z</time>
      </trkpt>
      <trkpt lat="40.26446099393069744110107421875" lon="9.45636332966387271881103515625">
        <ele>701.4000244140625</ele>
        <time>2026-09-14T10:50:34.000Z</time>
      </trkpt>
      <trkpt lat="40.264470465481281280517578125" lon="9.4563922472298145294189453125">
        <ele>700.79998779296875</ele>
        <time>2026-09-14T10:50:39.000Z</time>
      </trkpt>
      <trkpt lat="40.2644719742238521575927734375" lon="9.45638327859342098236083984375">
        <ele>700.5999755859375</ele>
        <time>2026-09-14T10:50:41.000Z</time>
      </trkpt>
      <trkpt lat="40.2645041607320308685302734375" lon="9.456393420696258544921875">
        <ele>697.79998779296875</ele>
        <time>2026-09-14T10:50:47.000Z</time>
      </trkpt>
      <trkpt lat="40.26453425176441669464111328125" lon="9.456466846168041229248046875">
        <ele>695.4000244140625</ele>
        <time>2026-09-14T10:50:56.000Z</time>
      </trkpt>
      <trkpt lat="40.2645561285316944122314453125" lon="9.45652124471962451934814453125">
        <ele>693.5999755859375</ele>
        <time>2026-09-14T10:51:02.000Z</time>
      </trkpt>
      <trkpt lat="40.2645792625844478607177734375" lon="9.456497021019458770751953125">
        <ele>691.4000244140625</ele>
        <time>2026-09-14T10:51:07.000Z</time>
      </trkpt>
      <trkpt lat="40.26458772830665111541748046875" lon="9.45643474347889423370361328125">
        <ele>690.4000244140625</ele>
        <time>2026-09-14T10:51:15.000Z</time>
      </trkpt>
      <trkpt lat="40.26460180990397930145263671875" lon="9.45634321309626102447509765625">
        <ele>688.20001220703125</ele>
        <time>2026-09-14T10:51:22.000Z</time>
      </trkpt>
      <trkpt lat="40.26460097171366214752197265625" lon="9.45626459084451198577880859375">
        <ele>687.79998779296875</ele>
        <time>2026-09-14T10:51:28.000Z</time>
      </trkpt>
      <trkpt lat="40.2646337449550628662109375" lon="9.4562137126922607421875">
        <ele>685.5999755859375</ele>
        <time>2026-09-14T10:51:32.000Z</time>
      </trkpt>
      <trkpt lat="40.26463483460247516632080078125" lon="9.45619300939142704010009765625">
        <ele>685.5999755859375</ele>
        <time>2026-09-14T10:51:35.000Z</time>
      </trkpt>
      <trkpt lat="40.264630056917667388916015625" lon="9.45619158446788787841796875">
        <ele>685.79998779296875</ele>
        <time>2026-09-14T10:51:36.000Z</time>
      </trkpt>
      <trkpt lat="40.26463667862117290496826171875" lon="9.45615998469293117523193359375">
        <ele>685.4000244140625</ele>
        <time>2026-09-14T10:51:40.000Z</time>
      </trkpt>
      <trkpt lat="40.2646496705710887908935546875" lon="9.4561149738729000091552734375">
        <ele>684.4000244140625</ele>
        <time>2026-09-14T10:51:45.000Z</time>
      </trkpt>
      <trkpt lat="40.2646671049296855926513671875" lon="9.45604632608592510223388671875">
        <ele>684.20001220703125</ele>
        <time>2026-09-14T10:51:52.000Z</time>
      </trkpt>
      <trkpt lat="40.26470147073268890380859375" lon="9.45597005076706409454345703125">
        <ele>683.5999755859375</ele>
        <time>2026-09-14T10:52:00.000Z</time>
      </trkpt>
      <trkpt lat="40.26473692618310451507568359375" lon="9.45588388480246067047119140625">
        <ele>683</ele>
        <time>2026-09-14T10:52:07.000Z</time>
      </trkpt>
      <trkpt lat="40.26475084014236927032470703125" lon="9.45584918372333049774169921875">
        <ele>682.79998779296875</ele>
        <time>2026-09-14T10:52:11.000Z</time>
      </trkpt>
      <trkpt lat="40.26477062143385410308837890625" lon="9.45584281347692012786865234375">
        <ele>682</ele>
        <time>2026-09-14T10:52:13.000Z</time>
      </trkpt>
      <trkpt lat="40.26480046100914478302001953125" lon="9.45588656701147556304931640625">
        <ele>680.4000244140625</ele>
        <time>2026-09-14T10:52:20.000Z</time>
      </trkpt>
      <trkpt lat="40.26480364613234996795654296875" lon="9.455868043005466461181640625">
        <ele>680.4000244140625</ele>
        <time>2026-09-14T10:52:22.000Z</time>
      </trkpt>
      <trkpt lat="40.2648156322538852691650390625" lon="9.45586293004453182220458984375">
        <ele>679.79998779296875</ele>
        <time>2026-09-14T10:52:24.000Z</time>
      </trkpt>
      <trkpt lat="40.26482284069061279296875" lon="9.45587332360446453094482421875">
        <ele>679.4000244140625</ele>
        <time>2026-09-14T10:52:25.000Z</time>
      </trkpt>
      <trkpt lat="40.264833904802799224853515625" lon="9.45591590367257595062255859375">
        <ele>678.5999755859375</ele>
        <time>2026-09-14T10:52:29.000Z</time>
      </trkpt>
      <trkpt lat="40.26483289897441864013671875" lon="9.45592126809060573577880859375">
        <ele>678.5999755859375</ele>
        <time>2026-09-14T10:52:33.000Z</time>
      </trkpt>
      <trkpt lat="40.26487690396606922149658203125" lon="9.45593216456472873687744140625">
        <ele>676.5999755859375</ele>
        <time>2026-09-14T10:52:40.000Z</time>
      </trkpt>
      <trkpt lat="40.26488662697374820709228515625" lon="9.45600139908492565155029296875">
        <ele>675.79998779296875</ele>
        <time>2026-09-14T10:52:45.000Z</time>
      </trkpt>
      <trkpt lat="40.264888219535350799560546875" lon="9.45602905936539173126220703125">
        <ele>675.5999755859375</ele>
        <time>2026-09-14T10:52:47.000Z</time>
      </trkpt>
      <trkpt lat="40.2649033069610595703125" lon="9.4560646824538707733154296875">
        <ele>674.5999755859375</ele>
        <time>2026-09-14T10:52:51.000Z</time>
      </trkpt>
      <trkpt lat="40.264928452670574188232421875" lon="9.456112124025821685791015625">
        <ele>673</ele>
        <time>2026-09-14T10:52:59.000Z</time>
      </trkpt>
      <trkpt lat="40.26494957506656646728515625" lon="9.45614003576338291168212890625">
        <ele>670.79998779296875</ele>
        <time>2026-09-14T10:53:04.000Z</time>
      </trkpt>
      <trkpt lat="40.26496541686356067657470703125" lon="9.45608387701213359832763671875">
        <ele>669.5999755859375</ele>
        <time>2026-09-14T10:53:11.000Z</time>
      </trkpt>
      <trkpt lat="40.2649929933249950408935546875" lon="9.45605370216071605682373046875">
        <ele>666.79998779296875</ele>
        <time>2026-09-14T10:53:18.000Z</time>
      </trkpt>
      <trkpt lat="40.265035741031169891357421875" lon="9.4560676999390125274658203125">
        <ele>662</ele>
        <time>2026-09-14T10:53:25.000Z</time>
      </trkpt>
      <trkpt lat="40.26504420675337314605712890625" lon="9.45608169771730899810791015625">
        <ele>661</ele>
        <time>2026-09-14T10:53:27.000Z</time>
      </trkpt>
      <trkpt lat="40.2650466375052928924560546875" lon="9.45608890615403652191162109375">
        <ele>660.5999755859375</ele>
        <time>2026-09-14T10:53:28.000Z</time>
      </trkpt>
      <trkpt lat="40.26506298221647739410400390625" lon="9.456090666353702545166015625">
        <ele>658.79998779296875</ele>
        <time>2026-09-14T10:53:33.000Z</time>
      </trkpt>
      <trkpt lat="40.26508209295570850372314453125" lon="9.45604272186756134033203125">
        <ele>657</ele>
        <time>2026-09-14T10:53:38.000Z</time>
      </trkpt>
      <trkpt lat="40.26509433053433895111083984375" lon="9.45603257976472377777099609375">
        <ele>655.5999755859375</ele>
        <time>2026-09-14T10:53:40.000Z</time>
      </trkpt>
      <trkpt lat="40.2651274390518665313720703125" lon="9.45597960613667964935302734375">
        <ele>653.4000244140625</ele>
        <time>2026-09-14T10:53:48.000Z</time>
      </trkpt>
      <trkpt lat="40.26516281068325042724609375" lon="9.45596233941614627838134765625">
        <ele>651.4000244140625</ele>
        <time>2026-09-14T10:53:54.000Z</time>
      </trkpt>
      <trkpt lat="40.26516817510128021240234375" lon="9.45595496334135532379150390625">
        <ele>651.20001220703125</ele>
        <time>2026-09-14T10:53:56.000Z</time>
      </trkpt>
      <trkpt lat="40.26517077349126338958740234375" lon="9.4559476710855960845947265625">
        <ele>651.20001220703125</ele>
        <time>2026-09-14T10:53:57.000Z</time>
      </trkpt>
      <trkpt lat="40.26517622172832489013671875" lon="9.4559429772198200225830078125">
        <ele>651</ele>
        <time>2026-09-14T10:53:58.000Z</time>
      </trkpt>
      <trkpt lat="40.26519776321947574615478515625" lon="9.4559587351977825164794921875">
        <ele>648.79998779296875</ele>
        <time>2026-09-14T10:54:02.000Z</time>
      </trkpt>
      <trkpt lat="40.2652142755687236785888671875" lon="9.455998800694942474365234375">
        <ele>645.79998779296875</ele>
        <time>2026-09-14T10:54:09.000Z</time>
      </trkpt>
      <trkpt lat="40.2652347274124622344970703125" lon="9.45598010905086994171142578125">
        <ele>645.5999755859375</ele>
        <time>2026-09-14T10:54:15.000Z</time>
      </trkpt>
      <trkpt lat="40.2652649022638797760009765625" lon="9.45599435828626155853271484375">
        <ele>643.4000244140625</ele>
        <time>2026-09-14T10:54:21.000Z</time>
      </trkpt>
      <trkpt lat="40.2652937360107898712158203125" lon="9.45603827945888042449951171875">
        <ele>640</ele>
        <time>2026-09-14T10:54:27.000Z</time>
      </trkpt>
      <trkpt lat="40.26531376875936985015869140625" lon="9.45609611459076404571533203125">
        <ele>636.5999755859375</ele>
        <time>2026-09-14T10:54:33.000Z</time>
      </trkpt>
      <trkpt lat="40.2653309516608715057373046875" lon="9.45611673407256603240966796875">
        <ele>635.5999755859375</ele>
        <time>2026-09-14T10:54:39.000Z</time>
      </trkpt>
      <trkpt lat="40.2653574384748935699462890625" lon="9.45601455867290496826171875">
        <ele>637.5999755859375</ele>
        <time>2026-09-14T10:54:47.000Z</time>
      </trkpt>
      <trkpt lat="40.26538032107055187225341796875" lon="9.45602989755570888519287109375">
        <ele>635.5999755859375</ele>
        <time>2026-09-14T10:54:52.000Z</time>
      </trkpt>
      <trkpt lat="40.26537629775702953338623046875" lon="9.45612578652799129486083984375">
        <ele>633</ele>
        <time>2026-09-14T10:55:00.000Z</time>
      </trkpt>
      <trkpt lat="40.26539876125752925872802734375" lon="9.45623978041112422943115234375">
        <ele>631.4000244140625</ele>
        <time>2026-09-14T10:55:08.000Z</time>
      </trkpt>
      <trkpt lat="40.26542725972831249237060546875" lon="9.45633566938340663909912109375">
        <ele>629.79998779296875</ele>
        <time>2026-09-14T10:55:17.000Z</time>
      </trkpt>
      <trkpt lat="40.265439413487911224365234375" lon="9.45642133243381977081298828125">
        <ele>629.20001220703125</ele>
        <time>2026-09-14T10:55:23.000Z</time>
      </trkpt>
      <trkpt lat="40.265443436801433563232421875" lon="9.45645569823682308197021484375">
        <ele>629.20001220703125</ele>
        <time>2026-09-14T10:55:25.000Z</time>
      </trkpt>
      <trkpt lat="40.2654630504548549652099609375" lon="9.45648637600243091583251953125">
        <ele>628</ele>
        <time>2026-09-14T10:55:30.000Z</time>
      </trkpt>
      <trkpt lat="40.2654653973877429962158203125" lon="9.45647866465151309967041015625">
        <ele>627.79998779296875</ele>
        <time>2026-09-14T10:55:31.000Z</time>
      </trkpt>
      <trkpt lat="40.26549196802079677581787109375" lon="9.45639585144817829132080078125">
        <ele>626</ele>
        <time>2026-09-14T10:55:39.000Z</time>
      </trkpt>
      <trkpt lat="40.2655153535306453704833984375" lon="9.456302560865879058837890625">
        <ele>624.79998779296875</ele>
        <time>2026-09-14T10:55:44.000Z</time>
      </trkpt>
      <trkpt lat="40.26554108597338199615478515625" lon="9.456261657178401947021484375">
        <ele>623.4000244140625</ele>
        <time>2026-09-14T10:55:48.000Z</time>
      </trkpt>
      <trkpt lat="40.26555516757071018218994140625" lon="9.456232152879238128662109375">
        <ele>622.5999755859375</ele>
        <time>2026-09-14T10:55:51.000Z</time>
      </trkpt>
      <trkpt lat="40.2655814029276371002197265625" lon="9.45623676292598247528076171875">
        <ele>621</ele>
        <time>2026-09-14T10:55:54.000Z</time>
      </trkpt>
      <trkpt lat="40.26558701880276203155517578125" lon="9.4562561251223087310791015625">
        <ele>620.5999755859375</ele>
        <time>2026-09-14T10:55:56.000Z</time>
      </trkpt>
      <trkpt lat="40.26562071405351161956787109375" lon="9.4563466496765613555908203125">
        <ele>618.20001220703125</ele>
        <time>2026-09-14T10:56:04.000Z</time>
      </trkpt>
      <trkpt lat="40.2656497992575168609619140625" lon="9.45647615008056163787841796875">
        <ele>616.20001220703125</ele>
        <time>2026-09-14T10:56:11.000Z</time>
      </trkpt>
      <trkpt lat="40.2656457759439945220947265625" lon="9.45661059580743312835693359375">
        <ele>616.79998779296875</ele>
        <time>2026-09-14T10:56:19.000Z</time>
      </trkpt>
      <trkpt lat="40.2656658925116062164306640625" lon="9.4567030481994152069091796875">
        <ele>615.20001220703125</ele>
        <time>2026-09-14T10:56:25.000Z</time>
      </trkpt>
      <trkpt lat="40.26567108929157257080078125" lon="9.45671302266418933868408203125">
        <ele>614.79998779296875</ele>
        <time>2026-09-14T10:56:26.000Z</time>
      </trkpt>
      <trkpt lat="40.26567653752863407135009765625" lon="9.456743784248828887939453125">
        <ele>614.4000244140625</ele>
        <time>2026-09-14T10:56:29.000Z</time>
      </trkpt>
      <trkpt lat="40.2656836621463298797607421875" lon="9.45673515088856220245361328125">
        <ele>614</ele>
        <time>2026-09-14T10:56:33.000Z</time>
      </trkpt>
      <trkpt lat="40.26570721529424190521240234375" lon="9.456656612455844879150390625">
        <ele>613</ele>
        <time>2026-09-14T10:56:41.000Z</time>
      </trkpt>
      <trkpt lat="40.26574929244816303253173828125" lon="9.456676729023456573486328125">
        <ele>610</ele>
        <time>2026-09-14T10:56:47.000Z</time>
      </trkpt>
      <trkpt lat="40.2657664753496646881103515625" lon="9.45668133907020092010498046875">
        <ele>609</ele>
        <time>2026-09-14T10:56:52.000Z</time>
      </trkpt>
      <trkpt lat="40.26578801684081554412841796875" lon="9.45667245425283908843994140625">
        <ele>607.5999755859375</ele>
        <time>2026-09-14T10:56:55.000Z</time>
      </trkpt>
      <trkpt lat="40.26579380035400390625" lon="9.4566862843930721282958984375">
        <ele>607.20001220703125</ele>
        <time>2026-09-14T10:56:56.000Z</time>
      </trkpt>
      <trkpt lat="40.2657978236675262451171875" lon="9.45669977925717830657958984375">
        <ele>606.79998779296875</ele>
        <time>2026-09-14T10:56:57.000Z</time>
      </trkpt>
      <trkpt lat="40.26584367267787456512451171875" lon="9.456721656024456024169921875">
        <ele>603.5999755859375</ele>
        <time>2026-09-14T10:57:04.000Z</time>
      </trkpt>
      <trkpt lat="40.265888683497905731201171875" lon="9.456725008785724639892578125">
        <ele>600.4000244140625</ele>
        <time>2026-09-14T10:57:10.000Z</time>
      </trkpt>
      <trkpt lat="40.26592765934765338897705078125" lon="9.45676700212061405181884765625">
        <ele>597.5999755859375</ele>
        <time>2026-09-14T10:57:15.000Z</time>
      </trkpt>
      <trkpt lat="40.265940986573696136474609375" lon="9.4567808322608470916748046875">
        <ele>596.5999755859375</ele>
        <time>2026-09-14T10:57:16.000Z</time>
      </trkpt>
      <trkpt lat="40.26596345007419586181640625" lon="9.4568418525159358978271484375">
        <ele>595</ele>
        <time>2026-09-14T10:57:21.000Z</time>
      </trkpt>
      <trkpt lat="40.265964455902576446533203125" lon="9.45685316808521747589111328125">
        <ele>594.79998779296875</ele>
        <time>2026-09-14T10:57:22.000Z</time>
      </trkpt>
      <trkpt lat="40.2659827284514904022216796875" lon="9.45688066072762012481689453125">
        <ele>593.4000244140625</ele>
        <time>2026-09-14T10:57:26.000Z</time>
      </trkpt>
      <trkpt lat="40.26598985306918621063232421875" lon="9.45687093771994113922119140625">
        <ele>593</ele>
        <time>2026-09-14T10:57:27.000Z</time>
      </trkpt>
      <trkpt lat="40.266014076769351959228515625" lon="9.4568374939262866973876953125">
        <ele>591.4000244140625</ele>
        <time>2026-09-14T10:57:30.000Z</time>
      </trkpt>
      <trkpt lat="40.2660380490124225616455078125" lon="9.456804804503917694091796875">
        <ele>589.5999755859375</ele>
        <time>2026-09-14T10:57:34.000Z</time>
      </trkpt>
      <trkpt lat="40.26607098989188671112060546875" lon="9.45675794966518878936767578125">
        <ele>588</ele>
        <time>2026-09-14T10:57:38.000Z</time>
      </trkpt>
      <trkpt lat="40.26609890162944793701171875" lon="9.45674705319106578826904296875">
        <ele>586.79998779296875</ele>
        <time>2026-09-14T10:57:41.000Z</time>
      </trkpt>
      <trkpt lat="40.2661211974918842315673828125" lon="9.45676264353096485137939453125">
        <ele>585.79998779296875</ele>
        <time>2026-09-14T10:57:43.000Z</time>
      </trkpt>
      <trkpt lat="40.2661268971860408782958984375" lon="9.4567962549626827239990234375">
        <ele>585.5999755859375</ele>
        <time>2026-09-14T10:57:45.000Z</time>
      </trkpt>
      <trkpt lat="40.26611926965415477752685546875" lon="9.45683221332728862762451171875">
        <ele>585.79998779296875</ele>
        <time>2026-09-14T10:57:47.000Z</time>
      </trkpt>
      <trkpt lat="40.2661158330738544464111328125" lon="9.4568646512925624847412109375">
        <ele>586</ele>
        <time>2026-09-14T10:57:50.000Z</time>
      </trkpt>
      <trkpt lat="40.26611625216901302337646484375" lon="9.456932209432125091552734375">
        <ele>586</ele>
        <time>2026-09-14T10:57:54.000Z</time>
      </trkpt>
      <trkpt lat="40.266136787831783294677734375" lon="9.4569843448698520660400390625">
        <ele>583.5999755859375</ele>
        <time>2026-09-14T10:57:58.000Z</time>
      </trkpt>
      <trkpt lat="40.266155898571014404296875" lon="9.45699247531592845916748046875">
        <ele>582.5999755859375</ele>
        <time>2026-09-14T10:58:00.000Z</time>
      </trkpt>
      <trkpt lat="40.2661775238811969757080078125" lon="9.45697889663279056549072265625">
        <ele>582</ele>
        <time>2026-09-14T10:58:02.000Z</time>
      </trkpt>
      <trkpt lat="40.26618339121341705322265625" lon="9.45697009563446044921875">
        <ele>582</ele>
        <time>2026-09-14T10:58:03.000Z</time>
      </trkpt>
      <trkpt lat="40.26618607342243194580078125" lon="9.45694771595299243927001953125">
        <ele>582.5999755859375</ele>
        <time>2026-09-14T10:58:05.000Z</time>
      </trkpt>
      <trkpt lat="40.26619822718203067779541015625" lon="9.45689289830625057220458984375">
        <ele>582.4000244140625</ele>
        <time>2026-09-14T10:58:09.000Z</time>
      </trkpt>
      <trkpt lat="40.2662117220461368560791015625" lon="9.45689164102077484130859375">
        <ele>581.79998779296875</ele>
        <time>2026-09-14T10:58:11.000Z</time>
      </trkpt>
      <trkpt lat="40.26622840203344821929931640625" lon="9.45694796741008758544921875">
        <ele>580.5999755859375</ele>
        <time>2026-09-14T10:58:16.000Z</time>
      </trkpt>
      <trkpt lat="40.26627550832927227020263671875" lon="9.45698124356567859649658203125">
        <ele>577.5999755859375</ele>
        <time>2026-09-14T10:58:21.000Z</time>
      </trkpt>
      <trkpt lat="40.266292355954647064208984375" lon="9.45701762102544307708740234375">
        <ele>576</ele>
        <time>2026-09-14T10:58:27.000Z</time>
      </trkpt>
      <trkpt lat="40.26629562489688396453857421875" lon="9.45701812393963336944580078125">
        <ele>575.79998779296875</ele>
        <time>2026-09-14T10:58:28.000Z</time>
      </trkpt>
      <trkpt lat="40.2663066051900386810302734375" lon="9.45701560936868190765380859375">
        <ele>575.4000244140625</ele>
        <time>2026-09-14T10:58:30.000Z</time>
      </trkpt>
      <trkpt lat="40.266314484179019927978515625" lon="9.45701879449188709259033203125">
        <ele>575</ele>
        <time>2026-09-14T10:58:31.000Z</time>
      </trkpt>
      <trkpt lat="40.26632227934896945953369140625" lon="9.45704125799238681793212890625">
        <ele>574</ele>
        <time>2026-09-14T10:58:33.000Z</time>
      </trkpt>
      <trkpt lat="40.26633233763277530670166015625" lon="9.45711820386350154876708984375">
        <ele>571.20001220703125</ele>
        <time>2026-09-14T10:58:40.000Z</time>
      </trkpt>
      <trkpt lat="40.26633753441274166107177734375" lon="9.4571764580905437469482421875">
        <ele>569.4000244140625</ele>
        <time>2026-09-14T10:58:46.000Z</time>
      </trkpt>
      <trkpt lat="40.2663423120975494384765625" lon="9.45719028823077678680419921875">
        <ele>568.79998779296875</ele>
        <time>2026-09-14T10:58:47.000Z</time>
      </trkpt>
      <trkpt lat="40.2663449943065643310546875" lon="9.45722046308219432830810546875">
        <ele>567.79998779296875</ele>
        <time>2026-09-14T10:58:49.000Z</time>
      </trkpt>
      <trkpt lat="40.2663434855639934539794921875" lon="9.457251727581024169921875">
        <ele>567.5999755859375</ele>
        <time>2026-09-14T10:58:51.000Z</time>
      </trkpt>
      <trkpt lat="40.26635178364813327789306640625" lon="9.4572746939957141876220703125">
        <ele>567</ele>
        <time>2026-09-14T10:58:53.000Z</time>
      </trkpt>
      <trkpt lat="40.266366787254810333251953125" lon="9.457294642925262451171875">
        <ele>566</ele>
        <time>2026-09-14T10:58:55.000Z</time>
      </trkpt>
      <trkpt lat="40.266372151672840118408203125" lon="9.4573080539703369140625">
        <ele>565.5999755859375</ele>
        <time>2026-09-14T10:58:56.000Z</time>
      </trkpt>
      <trkpt lat="40.26638816110789775848388671875" lon="9.45732942782342433929443359375">
        <ele>564.4000244140625</ele>
        <time>2026-09-14T10:58:58.000Z</time>
      </trkpt>
      <trkpt lat="40.266400314867496490478515625" lon="9.457341916859149932861328125">
        <ele>563.5999755859375</ele>
        <time>2026-09-14T10:58:59.000Z</time>
      </trkpt>
      <trkpt lat="40.26645102538168430328369140625" lon="9.457463957369327545166015625">
        <ele>559.79998779296875</ele>
        <time>2026-09-14T10:59:07.000Z</time>
      </trkpt>
      <trkpt lat="40.26648304425179958343505859375" lon="9.4575385563075542449951171875">
        <ele>557.5999755859375</ele>
        <time>2026-09-14T10:59:15.000Z</time>
      </trkpt>
      <trkpt lat="40.26648245751857757568359375" lon="9.45756630040705204010009765625">
        <ele>557.5999755859375</ele>
        <time>2026-09-14T10:59:21.000Z</time>
      </trkpt>
      <trkpt lat="40.26647977530956268310546875" lon="9.45756261236965656280517578125">
        <ele>557.79998779296875</ele>
        <time>2026-09-14T10:59:34.000Z</time>
      </trkpt>
      <trkpt lat="40.26647709310054779052734375" lon="9.4575630314648151397705078125">
        <ele>558</ele>
        <time>2026-09-14T10:59:47.000Z</time>
      </trkpt>
      <trkpt lat="40.26647365652024745941162109375" lon="9.45756361819803714752197265625">
        <ele>558.20001220703125</ele>
        <time>2026-09-14T11:00:03.000Z</time>
      </trkpt>
      <trkpt lat="40.2664832957088947296142578125" lon="9.457465969026088714599609375">
        <ele>558</ele>
        <time>2026-09-14T11:00:21.000Z</time>
      </trkpt>
      <trkpt lat="40.2664906717836856842041015625" lon="9.45741207338869571685791015625">
        <ele>558</ele>
        <time>2026-09-14T11:00:24.000Z</time>
      </trkpt>
      <trkpt lat="40.2664930187165737152099609375" lon="9.4573296792805194854736328125">
        <ele>559.20001220703125</ele>
        <time>2026-09-14T11:00:28.000Z</time>
      </trkpt>
      <trkpt lat="40.26651774533092975616455078125" lon="9.45718802511692047119140625">
        <ele>561.20001220703125</ele>
        <time>2026-09-14T11:00:37.000Z</time>
      </trkpt>
      <trkpt lat="40.2665161527693271636962890625" lon="9.45714603178203105926513671875">
        <ele>562.5999755859375</ele>
        <time>2026-09-14T11:00:39.000Z</time>
      </trkpt>
      <trkpt lat="40.2665309049189090728759765625" lon="9.4570805691182613372802734375">
        <ele>563</ele>
        <time>2026-09-14T11:00:43.000Z</time>
      </trkpt>
      <trkpt lat="40.26653350330889225006103515625" lon="9.4570708461105823516845703125">
        <ele>563</ele>
        <time>2026-09-14T11:00:44.000Z</time>
      </trkpt>
      <trkpt lat="40.2665563859045505523681640625" lon="9.45702214725315570831298828125">
        <ele>562.4000244140625</ele>
        <time>2026-09-14T11:00:48.000Z</time>
      </trkpt>
      <trkpt lat="40.266573987901210784912109375" lon="9.45699934847652912139892578125">
        <ele>561.5999755859375</ele>
        <time>2026-09-14T11:00:50.000Z</time>
      </trkpt>
      <trkpt lat="40.2666197530925273895263671875" lon="9.4568743743002414703369140625">
        <ele>561.20001220703125</ele>
        <time>2026-09-14T11:00:59.000Z</time>
      </trkpt>
      <trkpt lat="40.26671472005546092987060546875" lon="9.45676985196769237518310546875">
        <ele>558.5999755859375</ele>
        <time>2026-09-14T11:01:08.000Z</time>
      </trkpt>
      <trkpt lat="40.26672913692891597747802734375" lon="9.4567536748945713043212890625">
        <ele>558.20001220703125</ele>
        <time>2026-09-14T11:01:10.000Z</time>
      </trkpt>
      <trkpt lat="40.26673064567148685455322265625" lon="9.45673406124114990234375">
        <ele>558.5999755859375</ele>
        <time>2026-09-14T11:01:15.000Z</time>
      </trkpt>
      <trkpt lat="40.2667307294905185699462890625" lon="9.45673297159373760223388671875">
        <ele>558.5999755859375</ele>
        <time>2026-09-14T11:01:16.000Z</time>
      </trkpt>
      <trkpt lat="40.26674338616430759429931640625" lon="9.45669793523848056793212890625">
        <ele>558.5999755859375</ele>
        <time>2026-09-14T11:01:21.000Z</time>
      </trkpt>
      <trkpt lat="40.26676249690353870391845703125" lon="9.456680081784725189208984375">
        <ele>558</ele>
        <time>2026-09-14T11:01:24.000Z</time>
      </trkpt>
      <trkpt lat="40.26677641086280345916748046875" lon="9.45663859136402606964111328125">
        <ele>557.79998779296875</ele>
        <time>2026-09-14T11:01:28.000Z</time>
      </trkpt>
      <trkpt lat="40.26677842251956462860107421875" lon="9.45663372986018657684326171875">
        <ele>557.79998779296875</ele>
        <time>2026-09-14T11:01:30.000Z</time>
      </trkpt>
      <trkpt lat="40.26677037589251995086669921875" lon="9.4566433690488338470458984375">
        <ele>558.20001220703125</ele>
        <time>2026-09-14T11:01:35.000Z</time>
      </trkpt>
      <trkpt lat="40.26675545610487461090087890625" lon="9.45663473568856716156005859375">
        <ele>558.79998779296875</ele>
        <time>2026-09-14T11:01:43.000Z</time>
      </trkpt>
      <trkpt lat="40.26675210334360599517822265625" lon="9.45657807402312755584716796875">
        <ele>559.20001220703125</ele>
        <time>2026-09-14T11:01:49.000Z</time>
      </trkpt>
      <trkpt lat="40.2667629159986972808837890625" lon="9.45653415285050868988037109375">
        <ele>559</ele>
        <time>2026-09-14T11:01:55.000Z</time>
      </trkpt>
      <trkpt lat="40.2668115310370922088623046875" lon="9.45653532631695270538330078125">
        <ele>557</ele>
        <time>2026-09-14T11:02:01.000Z</time>
      </trkpt>
      <trkpt lat="40.2668651752173900604248046875" lon="9.4564894773066043853759765625">
        <ele>555.4000244140625</ele>
        <time>2026-09-14T11:02:08.000Z</time>
      </trkpt>
      <trkpt lat="40.26688084937632083892822265625" lon="9.4564779102802276611328125">
        <ele>554.79998779296875</ele>
        <time>2026-09-14T11:02:09.000Z</time>
      </trkpt>
      <trkpt lat="40.26689375750720500946044921875" lon="9.45646542124450206756591796875">
        <ele>554.5999755859375</ele>
        <time>2026-09-14T11:02:10.000Z</time>
      </trkpt>
      <trkpt lat="40.26691588573157787322998046875" lon="9.4564435444772243499755859375">
        <ele>554</ele>
        <time>2026-09-14T11:02:12.000Z</time>
      </trkpt>
      <trkpt lat="40.26695796288549900054931640625" lon="9.456372968852519989013671875">
        <ele>553.5999755859375</ele>
        <time>2026-09-14T11:02:18.000Z</time>
      </trkpt>
      <trkpt lat="40.2669902332127094268798828125" lon="9.45634639821946620941162109375">
        <ele>553</ele>
        <time>2026-09-14T11:02:23.000Z</time>
      </trkpt>
      <trkpt lat="40.267034657299518585205078125" lon="9.4562752358615398406982421875">
        <ele>552.79998779296875</ele>
        <time>2026-09-14T11:02:31.000Z</time>
      </trkpt>
      <trkpt lat="40.26710473001003265380859375" lon="9.45623181760311126708984375">
        <ele>551</ele>
        <time>2026-09-14T11:02:36.000Z</time>
      </trkpt>
      <trkpt lat="40.2671085856854915618896484375" lon="9.45621865801513195037841796875">
        <ele>551</ele>
        <time>2026-09-14T11:02:37.000Z</time>
      </trkpt>
      <trkpt lat="40.267107747495174407958984375" lon="9.45618756115436553955078125">
        <ele>551.5999755859375</ele>
        <time>2026-09-14T11:02:40.000Z</time>
      </trkpt>
      <trkpt lat="40.26711554266512393951416015625" lon="9.4561632536351680755615234375">
        <ele>551.5999755859375</ele>
        <time>2026-09-14T11:02:44.000Z</time>
      </trkpt>
      <trkpt lat="40.26713113300502300262451171875" lon="9.45610248483717441558837890625">
        <ele>551.79998779296875</ele>
        <time>2026-09-14T11:02:51.000Z</time>
      </trkpt>
      <trkpt lat="40.26714873500168323516845703125" lon="9.45603207685053348541259765625">
        <ele>552.4000244140625</ele>
        <time>2026-09-14T11:02:57.000Z</time>
      </trkpt>
      <trkpt lat="40.26714907027781009674072265625" lon="9.45602185092866420745849609375">
        <ele>552.4000244140625</ele>
        <time>2026-09-14T11:02:58.000Z</time>
      </trkpt>
      <trkpt lat="40.267141945660114288330078125" lon="9.455966949462890625">
        <ele>553.5999755859375</ele>
        <time>2026-09-14T11:03:04.000Z</time>
      </trkpt>
      <trkpt lat="40.26718343608081340789794921875" lon="9.4558786042034626007080078125">
        <ele>553</ele>
        <time>2026-09-14T11:03:10.000Z</time>
      </trkpt>
      <trkpt lat="40.26721595786511898040771484375" lon="9.4558095373213291168212890625">
        <ele>552.20001220703125</ele>
        <time>2026-09-14T11:03:16.000Z</time>
      </trkpt>
      <trkpt lat="40.26722350157797336578369140625" lon="9.455778859555721282958984375">
        <ele>552.20001220703125</ele>
        <time>2026-09-14T11:03:21.000Z</time>
      </trkpt>
      <trkpt lat="40.26728921569883823394775390625" lon="9.4556737504899501800537109375">
        <ele>550.4000244140625</ele>
        <time>2026-09-14T11:03:30.000Z</time>
      </trkpt>
      <trkpt lat="40.26735283434391021728515625" lon="9.45555212907493114471435546875">
        <ele>549</ele>
        <time>2026-09-14T11:03:39.000Z</time>
      </trkpt>
      <trkpt lat="40.26736699976027011871337890625" lon="9.45550762116909027099609375">
        <ele>549</ele>
        <time>2026-09-14T11:03:43.000Z</time>
      </trkpt>
      <trkpt lat="40.2673754654824733734130859375" lon="9.4554720818996429443359375">
        <ele>549.20001220703125</ele>
        <time>2026-09-14T11:03:46.000Z</time>
      </trkpt>
      <trkpt lat="40.26737085543572902679443359375" lon="9.45544668473303318023681640625">
        <ele>549.79998779296875</ele>
        <time>2026-09-14T11:03:48.000Z</time>
      </trkpt>
      <trkpt lat="40.2673731185495853424072265625" lon="9.45541483350098133087158203125">
        <ele>550</ele>
        <time>2026-09-14T11:03:50.000Z</time>
      </trkpt>
      <trkpt lat="40.2673776447772979736328125" lon="9.45539773441851139068603515625">
        <ele>549.79998779296875</ele>
        <time>2026-09-14T11:03:51.000Z</time>
      </trkpt>
      <trkpt lat="40.2673737891018390655517578125" lon="9.455369822680950164794921875">
        <ele>550.4000244140625</ele>
        <time>2026-09-14T11:03:53.000Z</time>
      </trkpt>
      <trkpt lat="40.26737772859632968902587890625" lon="9.45534794591367244720458984375">
        <ele>550.4000244140625</ele>
        <time>2026-09-14T11:03:55.000Z</time>
      </trkpt>
      <trkpt lat="40.267375297844409942626953125" lon="9.45531425066292285919189453125">
        <ele>551</ele>
        <time>2026-09-14T11:03:58.000Z</time>
      </trkpt>
      <trkpt lat="40.26737160980701446533203125" lon="9.455281309783458709716796875">
        <ele>551.5999755859375</ele>
        <time>2026-09-14T11:04:00.000Z</time>
      </trkpt>
      <trkpt lat="40.2673684246838092803955078125" lon="9.4552117399871349334716796875">
        <ele>553.4000244140625</ele>
        <time>2026-09-14T11:04:05.000Z</time>
      </trkpt>
      <trkpt lat="40.267373621463775634765625" lon="9.45517745800316333770751953125">
        <ele>554</ele>
        <time>2026-09-14T11:04:07.000Z</time>
      </trkpt>
      <trkpt lat="40.2673701010644435882568359375" lon="9.4551192037761211395263671875">
        <ele>555.5999755859375</ele>
        <time>2026-09-14T11:04:12.000Z</time>
      </trkpt>
      <trkpt lat="40.267363898456096649169921875" lon="9.4550876878201961517333984375">
        <ele>556.79998779296875</ele>
        <time>2026-09-14T11:04:14.000Z</time>
      </trkpt>
      <trkpt lat="40.26735275052487850189208984375" lon="9.45507980883121490478515625">
        <ele>557.79998779296875</ele>
        <time>2026-09-14T11:04:15.000Z</time>
      </trkpt>
      <trkpt lat="40.26733581908047199249267578125" lon="9.45505759678781032562255859375">
        <ele>559.4000244140625</ele>
        <time>2026-09-14T11:04:17.000Z</time>
      </trkpt>
      <trkpt lat="40.26733749546110630035400390625" lon="9.455050639808177947998046875">
        <ele>559.4000244140625</ele>
        <time>2026-09-14T11:04:19.000Z</time>
      </trkpt>
      <trkpt lat="40.2673583664000034332275390625" lon="9.45504586212337017059326171875">
        <ele>558.20001220703125</ele>
        <time>2026-09-14T11:04:27.000Z</time>
      </trkpt>
      <trkpt lat="40.26736130006611347198486328125" lon="9.45504452101886272430419921875">
        <ele>558</ele>
        <time>2026-09-14T11:04:29.000Z</time>
      </trkpt>
      <trkpt lat="40.26736113242805004119873046875" lon="9.45504452101886272430419921875">
        <ele>558.20001220703125</ele>
        <time>2026-09-14T11:04:37.000Z</time>
      </trkpt>
      <trkpt lat="40.2673610486090183258056640625" lon="9.45504452101886272430419921875">
        <ele>558.20001220703125</ele>
        <time>2026-09-14T11:04:39.000Z</time>
      </trkpt>
      <trkpt lat="40.2673610486090183258056640625" lon="9.455043934285640716552734375">
        <ele>558.20001220703125</ele>
        <time>2026-09-14T11:04:45.000Z</time>
      </trkpt>
      <trkpt lat="40.2673610486090183258056640625" lon="9.45504317991435527801513671875">
        <ele>558.20001220703125</ele>
        <time>2026-09-14T11:04:50.000Z</time>
      </trkpt>
      <trkpt lat="40.26736130006611347198486328125" lon="9.45504250936210155487060546875">
        <ele>558.20001220703125</ele>
        <time>2026-09-14T11:04:53.000Z</time>
      </trkpt>
      <trkpt lat="40.26736356317996978759765625" lon="9.45504200644791126251220703125">
        <ele>558</ele>
        <time>2026-09-14T11:04:57.000Z</time>
      </trkpt>
      <trkpt lat="40.267368592321872711181640625" lon="9.45498852990567684173583984375">
        <ele>559</ele>
        <time>2026-09-14T11:05:06.000Z</time>
      </trkpt>
      <trkpt lat="40.26740203611552715301513671875" lon="9.45491543971002101898193359375">
        <ele>558.79998779296875</ele>
        <time>2026-09-14T11:05:13.000Z</time>
      </trkpt>
      <trkpt lat="40.26742366142570972442626953125" lon="9.4548176229000091552734375">
        <ele>560</ele>
        <time>2026-09-14T11:05:21.000Z</time>
      </trkpt>
      <trkpt lat="40.26745903305709362030029296875" lon="9.454762302339076995849609375">
        <ele>559.5999755859375</ele>
        <time>2026-09-14T11:05:26.000Z</time>
      </trkpt>
      <trkpt lat="40.2674787305295467376708984375" lon="9.45476389490067958831787109375">
        <ele>558.79998779296875</ele>
        <time>2026-09-14T11:05:27.000Z</time>
      </trkpt>
      <trkpt lat="40.26749893091619014739990234375" lon="9.4547586143016815185546875">
        <ele>558</ele>
        <time>2026-09-14T11:05:28.000Z</time>
      </trkpt>
      <trkpt lat="40.26751737110316753387451171875" lon="9.45471360348165035247802734375">
        <ele>558.4000244140625</ele>
        <time>2026-09-14T11:05:32.000Z</time>
      </trkpt>
      <trkpt lat="40.2675588615238666534423828125" lon="9.45462651550769805908203125">
        <ele>559</ele>
        <time>2026-09-14T11:05:40.000Z</time>
      </trkpt>
      <trkpt lat="40.26756548322737216949462890625" lon="9.4546196423470973968505859375">
        <ele>559</ele>
        <time>2026-09-14T11:05:41.000Z</time>
      </trkpt>
      <trkpt lat="40.2676351368427276611328125" lon="9.45455468259751796722412109375">
        <ele>556.79998779296875</ele>
        <time>2026-09-14T11:05:48.000Z</time>
      </trkpt>
      <trkpt lat="40.2676406688988208770751953125" lon="9.454540349543094635009765625">
        <ele>556.5999755859375</ele>
        <time>2026-09-14T11:05:50.000Z</time>
      </trkpt>
      <trkpt lat="40.26764963753521442413330078125" lon="9.4545198976993560791015625">
        <ele>556.4000244140625</ele>
        <time>2026-09-14T11:05:53.000Z</time>
      </trkpt>
      <trkpt lat="40.26766288094222545623779296875" lon="9.45447840727865695953369140625">
        <ele>556.20001220703125</ele>
        <time>2026-09-14T11:05:57.000Z</time>
      </trkpt>
      <trkpt lat="40.2676725201308727264404296875" lon="9.45447019301354885101318359375">
        <ele>555.79998779296875</ele>
        <time>2026-09-14T11:05:58.000Z</time>
      </trkpt>
      <trkpt lat="40.26769557036459445953369140625" lon="9.45441051386296749114990234375">
        <ele>555.4000244140625</ele>
        <time>2026-09-14T11:06:02.000Z</time>
      </trkpt>
      <trkpt lat="40.26771300472319126129150390625" lon="9.45437681861221790313720703125">
        <ele>555.20001220703125</ele>
        <time>2026-09-14T11:06:04.000Z</time>
      </trkpt>
      <trkpt lat="40.267759859561920166015625" lon="9.45426248945295810699462890625">
        <ele>554.5999755859375</ele>
        <time>2026-09-14T11:06:10.000Z</time>
      </trkpt>
      <trkpt lat="40.26777167804539203643798828125" lon="9.45423734374344348907470703125">
        <ele>554.4000244140625</ele>
        <time>2026-09-14T11:06:12.000Z</time>
      </trkpt>
      <trkpt lat="40.26778609491884708404541015625" lon="9.4542136229574680328369140625">
        <ele>554.20001220703125</ele>
        <time>2026-09-14T11:06:15.000Z</time>
      </trkpt>
      <trkpt lat="40.2677891962230205535888671875" lon="9.4542297162115573883056640625">
        <ele>553.4000244140625</ele>
        <time>2026-09-14T11:06:18.000Z</time>
      </trkpt>
      <trkpt lat="40.267806462943553924560546875" lon="9.4542568735778331756591796875">
        <ele>551.79998779296875</ele>
        <time>2026-09-14T11:06:25.000Z</time>
      </trkpt>
      <trkpt lat="40.2678497135639190673828125" lon="9.45423885248601436614990234375">
        <ele>550</ele>
        <time>2026-09-14T11:06:33.000Z</time>
      </trkpt>
      <trkpt lat="40.2678733505308628082275390625" lon="9.4542095996439456939697265625">
        <ele>550</ele>
        <time>2026-09-14T11:06:37.000Z</time>
      </trkpt>
      <trkpt lat="40.2678844146430492401123046875" lon="9.4541975297033786773681640625">
        <ele>549.79998779296875</ele>
        <time>2026-09-14T11:06:39.000Z</time>
      </trkpt>
      <trkpt lat="40.26792146265506744384765625" lon="9.45415318943560123443603515625">
        <ele>549.5999755859375</ele>
        <time>2026-09-14T11:06:47.000Z</time>
      </trkpt>
      <trkpt lat="40.267953313887119293212890625" lon="9.4541291333734989166259765625">
        <ele>548</ele>
        <time>2026-09-14T11:06:54.000Z</time>
      </trkpt>
      <trkpt lat="40.26795758865773677825927734375" lon="9.45411999709904193878173828125">
        <ele>548</ele>
        <time>2026-09-14T11:06:55.000Z</time>
      </trkpt>
      <trkpt lat="40.26800318621098995208740234375" lon="9.45410407148301601409912109375">
        <ele>545.20001220703125</ele>
        <time>2026-09-14T11:07:03.000Z</time>
      </trkpt>
      <trkpt lat="40.2680644579231739044189453125" lon="9.454029388725757598876953125">
        <ele>541</ele>
        <time>2026-09-14T11:07:09.000Z</time>
      </trkpt>
      <trkpt lat="40.26807175017893314361572265625" lon="9.4539993815124034881591796875">
        <ele>540.4000244140625</ele>
        <time>2026-09-14T11:07:14.000Z</time>
      </trkpt>
      <trkpt lat="40.2680745162069797515869140625" lon="9.45399108342826366424560546875">
        <ele>540.20001220703125</ele>
        <time>2026-09-14T11:07:15.000Z</time>
      </trkpt>
      <trkpt lat="40.26814836077392101287841796875" lon="9.45393945090472698211669921875">
        <ele>536.5999755859375</ele>
        <time>2026-09-14T11:07:23.000Z</time>
      </trkpt>
      <trkpt lat="40.26820736937224864959716796875" lon="9.45390374399721622467041015625">
        <ele>534</ele>
        <time>2026-09-14T11:07:29.000Z</time>
      </trkpt>
      <trkpt lat="40.2682582475244998931884765625" lon="9.45382361300289630889892578125">
        <ele>532</ele>
        <time>2026-09-14T11:07:36.000Z</time>
      </trkpt>
      <trkpt lat="40.2682721614837646484375" lon="9.4537982158362865447998046875">
        <ele>531.4000244140625</ele>
        <time>2026-09-14T11:07:39.000Z</time>
      </trkpt>
      <trkpt lat="40.268280208110809326171875" lon="9.45379746146500110626220703125">
        <ele>531</ele>
        <time>2026-09-14T11:07:41.000Z</time>
      </trkpt>
      <trkpt lat="40.2683149091899394989013671875" lon="9.45377935655415058135986328125">
        <ele>529.4000244140625</ele>
        <time>2026-09-14T11:07:47.000Z</time>
      </trkpt>
      <trkpt lat="40.2683430723845958709716796875" lon="9.45377700962126255035400390625">
        <ele>528</ele>
        <time>2026-09-14T11:07:50.000Z</time>
      </trkpt>
      <trkpt lat="40.26837752200663089752197265625" lon="9.45376141928136348724365234375">
        <ele>526.4000244140625</ele>
        <time>2026-09-14T11:07:54.000Z</time>
      </trkpt>
      <trkpt lat="40.2683883346617221832275390625" lon="9.453759491443634033203125">
        <ele>525.79998779296875</ele>
        <time>2026-09-14T11:07:55.000Z</time>
      </trkpt>
      <trkpt lat="40.26844072155654430389404296875" lon="9.453736357390880584716796875">
        <ele>523.20001220703125</ele>
        <time>2026-09-14T11:08:03.000Z</time>
      </trkpt>
      <trkpt lat="40.26845564134418964385986328125" lon="9.45372805930674076080322265625">
        <ele>522.4000244140625</ele>
        <time>2026-09-14T11:08:06.000Z</time>
      </trkpt>
      <trkpt lat="40.26850911788642406463623046875" lon="9.45364256389439105987548828125">
        <ele>519.79998779296875</ele>
        <time>2026-09-14T11:08:14.000Z</time>
      </trkpt>
      <trkpt lat="40.26852588169276714324951171875" lon="9.45361523889005184173583984375">
        <ele>519</ele>
        <time>2026-09-14T11:08:22.000Z</time>
      </trkpt>
      <trkpt lat="40.26856259442865848541259765625" lon="9.4535189308226108551025390625">
        <ele>517.20001220703125</ele>
        <time>2026-09-14T11:08:30.000Z</time>
      </trkpt>
      <trkpt lat="40.26855756528675556182861328125" lon="9.45350778289139270782470703125">
        <ele>517.5999755859375</ele>
        <time>2026-09-14T11:08:31.000Z</time>
      </trkpt>
      <trkpt lat="40.2685522846877574920654296875" lon="9.4534988142549991607666015625">
        <ele>518</ele>
        <time>2026-09-14T11:08:32.000Z</time>
      </trkpt>
      <trkpt lat="40.268538035452365875244140625" lon="9.45345648564398288726806640625">
        <ele>519</ele>
        <time>2026-09-14T11:08:35.000Z</time>
      </trkpt>
      <trkpt lat="40.26853661052882671356201171875" lon="9.45338607765734195709228515625">
        <ele>519.20001220703125</ele>
        <time>2026-09-14T11:08:41.000Z</time>
      </trkpt>
      <trkpt lat="40.2685469202697277069091796875" lon="9.453325308859348297119140625">
        <ele>519</ele>
        <time>2026-09-14T11:08:45.000Z</time>
      </trkpt>
      <trkpt lat="40.26854784227907657623291015625" lon="9.4532832317054271697998046875">
        <ele>518.5999755859375</ele>
        <time>2026-09-14T11:08:48.000Z</time>
      </trkpt>
      <trkpt lat="40.26857231743633747100830078125" lon="9.45326956920325756072998046875">
        <ele>516.5999755859375</ele>
        <time>2026-09-14T11:08:51.000Z</time>
      </trkpt>
      <trkpt lat="40.26859561912715435028076171875" lon="9.45323738269507884979248046875">
        <ele>514.5999755859375</ele>
        <time>2026-09-14T11:08:53.000Z</time>
      </trkpt>
      <trkpt lat="40.26859729550778865814208984375" lon="9.45322765968739986419677734375">
        <ele>514.4000244140625</ele>
        <time>2026-09-14T11:08:54.000Z</time>
      </trkpt>
      <trkpt lat="40.26859939098358154296875" lon="9.45318625308573246002197265625">
        <ele>513.79998779296875</ele>
        <time>2026-09-14T11:08:58.000Z</time>
      </trkpt>
      <trkpt lat="40.2686109580099582672119140625" lon="9.45313545875251293182373046875">
        <ele>512.4000244140625</ele>
        <time>2026-09-14T11:09:04.000Z</time>
      </trkpt>
      <trkpt lat="40.26861053891479969024658203125" lon="9.45308466441929340362548828125">
        <ele>512.20001220703125</ele>
        <time>2026-09-14T11:09:07.000Z</time>
      </trkpt>
      <trkpt lat="40.268603749573230743408203125" lon="9.45305549539625644683837890625">
        <ele>512.79998779296875</ele>
        <time>2026-09-14T11:09:10.000Z</time>
      </trkpt>
      <trkpt lat="40.268588997423648834228515625" lon="9.45302766747772693634033203125">
        <ele>513.79998779296875</ele>
        <time>2026-09-14T11:09:12.000Z</time>
      </trkpt>
      <trkpt lat="40.26855287142097949981689453125" lon="9.45292373187839984893798828125">
        <ele>515.5999755859375</ele>
        <time>2026-09-14T11:09:16.000Z</time>
      </trkpt>
      <trkpt lat="40.2685470879077911376953125" lon="9.45288567803800106048583984375">
        <ele>516</ele>
        <time>2026-09-14T11:09:18.000Z</time>
      </trkpt>
      <trkpt lat="40.2685546316206455230712890625" lon="9.45285625755786895751953125">
        <ele>515.5999755859375</ele>
        <time>2026-09-14T11:09:20.000Z</time>
      </trkpt>
      <trkpt lat="40.268561504781246185302734375" lon="9.452832452952861785888671875">
        <ele>515.20001220703125</ele>
        <time>2026-09-14T11:09:21.000Z</time>
      </trkpt>
      <trkpt lat="40.2685717307031154632568359375" lon="9.45276028476655483245849609375">
        <ele>515</ele>
        <time>2026-09-14T11:09:26.000Z</time>
      </trkpt>
      <trkpt lat="40.26862629689276218414306640625" lon="9.45267914794385433197021484375">
        <ele>512.5999755859375</ele>
        <time>2026-09-14T11:09:33.000Z</time>
      </trkpt>
      <trkpt lat="40.26867139153182506561279296875" lon="9.45263019762933254241943359375">
        <ele>510.600006103515625</ele>
        <time>2026-09-14T11:09:37.000Z</time>
      </trkpt>
      <trkpt lat="40.26868832297623157501220703125" lon="9.452589042484760284423828125">
        <ele>509.79998779296875</ele>
        <time>2026-09-14T11:09:40.000Z</time>
      </trkpt>
      <trkpt lat="40.26874615810811519622802734375" lon="9.45251402445137500762939453125">
        <ele>507.399993896484375</ele>
        <time>2026-09-14T11:09:45.000Z</time>
      </trkpt>
      <trkpt lat="40.268751271069049835205078125" lon="9.4524963386356830596923828125">
        <ele>507.20001220703125</ele>
        <time>2026-09-14T11:09:46.000Z</time>
      </trkpt>
      <trkpt lat="40.26875965297222137451171875" lon="9.4524892978370189666748046875">
        <ele>506.79998779296875</ele>
        <time>2026-09-14T11:09:47.000Z</time>
      </trkpt>
      <trkpt lat="40.26877867989242076873779296875" lon="9.45246792398393154144287109375">
        <ele>506</ele>
        <time>2026-09-14T11:09:49.000Z</time>
      </trkpt>
      <trkpt lat="40.2688282169401645660400390625" lon="9.45239399559795856475830078125">
        <ele>504.600006103515625</ele>
        <time>2026-09-14T11:09:54.000Z</time>
      </trkpt>
      <trkpt lat="40.2688473276793956756591796875" lon="9.4523246772587299346923828125">
        <ele>504.20001220703125</ele>
        <time>2026-09-14T11:09:58.000Z</time>
      </trkpt>
      <trkpt lat="40.268886052072048187255859375" lon="9.45228402502834796905517578125">
        <ele>502.600006103515625</ele>
        <time>2026-09-14T11:10:03.000Z</time>
      </trkpt>
      <trkpt lat="40.26889217086136341094970703125" lon="9.4522492401301860809326171875">
        <ele>502.399993896484375</ele>
        <time>2026-09-14T11:10:09.000Z</time>
      </trkpt>
      <trkpt lat="40.2688946016132831573486328125" lon="9.45224680937826633453369140625">
        <ele>502.20001220703125</ele>
        <time>2026-09-14T11:10:10.000Z</time>
      </trkpt>
      <trkpt lat="40.26890256442129611968994140625" lon="9.45222593843936920166015625">
        <ele>501.79998779296875</ele>
        <time>2026-09-14T11:10:15.000Z</time>
      </trkpt>
      <trkpt lat="40.26891077868640422821044921875" lon="9.452218897640705108642578125">
        <ele>501.399993896484375</ele>
        <time>2026-09-14T11:10:16.000Z</time>
      </trkpt>
      <trkpt lat="40.268924944102764129638671875" lon="9.45218545384705066680908203125">
        <ele>500.79998779296875</ele>
        <time>2026-09-14T11:10:23.000Z</time>
      </trkpt>
      <trkpt lat="40.26892972178757190704345703125" lon="9.45218780077993869781494140625">
        <ele>500.399993896484375</ele>
        <time>2026-09-14T11:10:29.000Z</time>
      </trkpt>
      <trkpt lat="40.26893055997788906097412109375" lon="9.45217229425907135009765625">
        <ele>500.600006103515625</ele>
        <time>2026-09-14T11:10:37.000Z</time>
      </trkpt>
      <trkpt lat="40.26891597546637058258056640625" lon="9.4521627388894557952880859375">
        <ele>501.399993896484375</ele>
        <time>2026-09-14T11:10:50.000Z</time>
      </trkpt>
      <trkpt lat="40.2688823640346527099609375" lon="9.45211873389780521392822265625">
        <ele>503.600006103515625</ele>
        <time>2026-09-14T11:10:55.000Z</time>
      </trkpt>
      <trkpt lat="40.26885814033448696136474609375" lon="9.45211672224104404449462890625">
        <ele>504.79998779296875</ele>
        <time>2026-09-14T11:10:59.000Z</time>
      </trkpt>
      <trkpt lat="40.26885227300226688385009765625" lon="9.45212401449680328369140625">
        <ele>505.20001220703125</ele>
        <time>2026-09-14T11:11:06.000Z</time>
      </trkpt>
      <trkpt lat="40.2688533626496791839599609375" lon="9.4521194882690906524658203125">
        <ele>505</ele>
        <time>2026-09-14T11:11:10.000Z</time>
      </trkpt>
      <trkpt lat="40.2688533626496791839599609375" lon="9.4521194882690906524658203125">
        <ele>505</ele>
        <time>2026-09-14T11:11:15.000Z</time>
      </trkpt>
      <trkpt lat="40.2688523568212985992431640625" lon="9.45212393067777156829833984375">
        <ele>505.20001220703125</ele>
        <time>2026-09-14T11:11:22.000Z</time>
      </trkpt>
      <trkpt lat="40.2688463218510150909423828125" lon="9.45213583298027515411376953125">
        <ele>505.399993896484375</ele>
        <time>2026-09-14T11:11:43.000Z</time>
      </trkpt>
      <trkpt lat="40.26881639845669269561767578125" lon="9.4521650858223438262939453125">
        <ele>506.600006103515625</ele>
        <time>2026-09-14T11:11:47.000Z</time>
      </trkpt>
      <trkpt lat="40.2687906660139560699462890625" lon="9.452145136892795562744140625">
        <ele>507.600006103515625</ele>
        <time>2026-09-14T11:11:51.000Z</time>
      </trkpt>
      <trkpt lat="40.2687375247478485107421875" lon="9.4520723819732666015625">
        <ele>510.20001220703125</ele>
        <time>2026-09-14T11:11:59.000Z</time>
      </trkpt>
      <trkpt lat="40.2687267959117889404296875" lon="9.45206156931817531585693359375">
        <ele>510.600006103515625</ele>
        <time>2026-09-14T11:12:03.000Z</time>
      </trkpt>
      <trkpt lat="40.26869117282330989837646484375" lon="9.45205000229179859161376953125">
        <ele>512</ele>
        <time>2026-09-14T11:12:08.000Z</time>
      </trkpt>
      <trkpt lat="40.26866870932281017303466796875" lon="9.45203742943704128265380859375">
        <ele>512.79998779296875</ele>
        <time>2026-09-14T11:12:15.000Z</time>
      </trkpt>
      <trkpt lat="40.2686518616974353790283203125" lon="9.4520281255245208740234375">
        <ele>513.5999755859375</ele>
        <time>2026-09-14T11:12:20.000Z</time>
      </trkpt>
      <trkpt lat="40.2686213515698909759521484375" lon="9.45202016271650791168212890625">
        <ele>514.79998779296875</ele>
        <time>2026-09-14T11:12:26.000Z</time>
      </trkpt>
      <trkpt lat="40.26858656667172908782958984375" lon="9.4520457275211811065673828125">
        <ele>516</ele>
        <time>2026-09-14T11:12:34.000Z</time>
      </trkpt>
      <trkpt lat="40.2685713954269886016845703125" lon="9.45201764814555644989013671875">
        <ele>516.79998779296875</ele>
        <time>2026-09-14T11:12:39.000Z</time>
      </trkpt>
      <trkpt lat="40.26855421252548694610595703125" lon="9.451994597911834716796875">
        <ele>517.4000244140625</ele>
        <time>2026-09-14T11:12:41.000Z</time>
      </trkpt>
      <trkpt lat="40.26854583062231540679931640625" lon="9.45198663510382175445556640625">
        <ele>517.79998779296875</ele>
        <time>2026-09-14T11:12:42.000Z</time>
      </trkpt>
      <trkpt lat="40.26852034963667392730712890625" lon="9.4519635848701000213623046875">
        <ele>518.79998779296875</ele>
        <time>2026-09-14T11:12:46.000Z</time>
      </trkpt>
      <trkpt lat="40.26849168352782726287841796875" lon="9.45195327512919902801513671875">
        <ele>519.79998779296875</ele>
        <time>2026-09-14T11:12:48.000Z</time>
      </trkpt>
      <trkpt lat="40.2684852294623851776123046875" lon="9.45191438309848308563232421875">
        <ele>520.20001220703125</ele>
        <time>2026-09-14T11:12:51.000Z</time>
      </trkpt>
      <trkpt lat="40.26848338544368743896484375" lon="9.45189468562602996826171875">
        <ele>520.4000244140625</ele>
        <time>2026-09-14T11:12:53.000Z</time>
      </trkpt>
      <trkpt lat="40.2684356085956096649169921875" lon="9.45186928845942020416259765625">
        <ele>522.20001220703125</ele>
        <time>2026-09-14T11:12:59.000Z</time>
      </trkpt>
      <trkpt lat="40.2684268914163112640380859375" lon="9.4518599845468997955322265625">
        <ele>522.5999755859375</ele>
        <time>2026-09-14T11:13:00.000Z</time>
      </trkpt>
      <trkpt lat="40.26839529164135456085205078125" lon="9.4518442265689373016357421875">
        <ele>523.79998779296875</ele>
        <time>2026-09-14T11:13:04.000Z</time>
      </trkpt>
      <trkpt lat="40.268389843404293060302734375" lon="9.45180290378630161285400390625">
        <ele>524.4000244140625</ele>
        <time>2026-09-14T11:13:07.000Z</time>
      </trkpt>
      <trkpt lat="40.2683675475418567657470703125" lon="9.45174875669181346893310546875">
        <ele>525.79998779296875</ele>
        <time>2026-09-14T11:13:11.000Z</time>
      </trkpt>
      <trkpt lat="40.2683544717729091644287109375" lon="9.45168555714190006256103515625">
        <ele>526.4000244140625</ele>
        <time>2026-09-14T11:13:15.000Z</time>
      </trkpt>
      <trkpt lat="40.268356315791606903076171875" lon="9.451634846627712249755859375">
        <ele>526.79998779296875</ele>
        <time>2026-09-14T11:13:19.000Z</time>
      </trkpt>
      <trkpt lat="40.268368385732173919677734375" lon="9.45157676003873348236083984375">
        <ele>527.20001220703125</ele>
        <time>2026-09-14T11:13:23.000Z</time>
      </trkpt>
      <trkpt lat="40.26841356419026851654052734375" lon="9.45151708088815212249755859375">
        <ele>526.20001220703125</ele>
        <time>2026-09-14T11:13:29.000Z</time>
      </trkpt>
      <trkpt lat="40.26842848397791385650634765625" lon="9.45149679668247699737548828125">
        <ele>525.79998779296875</ele>
        <time>2026-09-14T11:13:30.000Z</time>
      </trkpt>
      <trkpt lat="40.2684537135064601898193359375" lon="9.45145522244274616241455078125">
        <ele>525.20001220703125</ele>
        <time>2026-09-14T11:13:37.000Z</time>
      </trkpt>
      <trkpt lat="40.26844474487006664276123046875" lon="9.45142353884875774383544921875">
        <ele>525.79998779296875</ele>
        <time>2026-09-14T11:13:43.000Z</time>
      </trkpt>
      <trkpt lat="40.26843602769076824188232421875" lon="9.45135547779500484466552734375">
        <ele>527.20001220703125</ele>
        <time>2026-09-14T11:13:49.000Z</time>
      </trkpt>
      <trkpt lat="40.26844524778425693511962890625" lon="9.451302587985992431640625">
        <ele>527.5999755859375</ele>
        <time>2026-09-14T11:13:56.000Z</time>
      </trkpt>
      <trkpt lat="40.26848598383367061614990234375" lon="9.4512470997869968414306640625">
        <ele>526.4000244140625</ele>
        <time>2026-09-14T11:14:02.000Z</time>
      </trkpt>
      <trkpt lat="40.2685224451124668121337890625" lon="9.45117576979100704193115234375">
        <ele>525.4000244140625</ele>
        <time>2026-09-14T11:14:09.000Z</time>
      </trkpt>
      <trkpt lat="40.26854214258491992950439453125" lon="9.45105322636663913726806640625">
        <ele>526.4000244140625</ele>
        <time>2026-09-14T11:14:17.000Z</time>
      </trkpt>
      <trkpt lat="40.268560834228992462158203125" lon="9.450945518910884857177734375">
        <ele>528.20001220703125</ele>
        <time>2026-09-14T11:14:24.000Z</time>
      </trkpt>
      <trkpt lat="40.26856460608541965484619140625" lon="9.4509391486644744873046875">
        <ele>528.20001220703125</ele>
        <time>2026-09-14T11:14:25.000Z</time>
      </trkpt>
      <trkpt lat="40.26856846176087856292724609375" lon="9.45083387196063995361328125">
        <ele>530.5999755859375</ele>
        <time>2026-09-14T11:14:33.000Z</time>
      </trkpt>
      <trkpt lat="40.26860567741096019744873046875" lon="9.4507031142711639404296875">
        <ele>529.79998779296875</ele>
        <time>2026-09-14T11:14:40.000Z</time>
      </trkpt>
      <trkpt lat="40.26860835961997509002685546875" lon="9.45068878121674060821533203125">
        <ele>529.79998779296875</ele>
        <time>2026-09-14T11:14:41.000Z</time>
      </trkpt>
      <trkpt lat="40.2686196751892566680908203125" lon="9.4506526552140712738037109375">
        <ele>529.5999755859375</ele>
        <time>2026-09-14T11:14:44.000Z</time>
      </trkpt>
      <trkpt lat="40.26862612925469875335693359375" lon="9.450618959963321685791015625">
        <ele>529.5999755859375</ele>
        <time>2026-09-14T11:14:47.000Z</time>
      </trkpt>
      <trkpt lat="40.26863132603466510772705078125" lon="9.45058417506515979766845703125">
        <ele>529.5999755859375</ele>
        <time>2026-09-14T11:14:50.000Z</time>
      </trkpt>
      <trkpt lat="40.2686758339405059814453125" lon="9.45052332244813442230224609375">
        <ele>527.20001220703125</ele>
        <time>2026-09-14T11:14:57.000Z</time>
      </trkpt>
      <trkpt lat="40.2687145583331584930419921875" lon="9.45047537796199321746826171875">
        <ele>525.20001220703125</ele>
        <time>2026-09-14T11:15:03.000Z</time>
      </trkpt>
      <trkpt lat="40.26875336654484272003173828125" lon="9.4504484720528125762939453125">
        <ele>522.79998779296875</ele>
        <time>2026-09-14T11:15:10.000Z</time>
      </trkpt>
      <trkpt lat="40.26875135488808155059814453125" lon="9.4504467956721782684326171875">
        <ele>522.79998779296875</ele>
        <time>2026-09-14T11:15:15.000Z</time>
      </trkpt>
      <trkpt lat="40.26875051669776439666748046875" lon="9.4504467956721782684326171875">
        <ele>523</ele>
        <time>2026-09-14T11:15:21.000Z</time>
      </trkpt>
      <trkpt lat="40.26875051669776439666748046875" lon="9.4504467956721782684326171875">
        <ele>523</ele>
        <time>2026-09-14T11:15:25.000Z</time>
      </trkpt>
      <trkpt lat="40.26875051669776439666748046875" lon="9.4504467956721782684326171875">
        <ele>523</ele>
        <time>2026-09-14T11:15:29.000Z</time>
      </trkpt>
      <trkpt lat="40.26875051669776439666748046875" lon="9.450446628034114837646484375">
        <ele>523</ele>
        <time>2026-09-14T11:15:34.000Z</time>
      </trkpt>
      <trkpt lat="40.268748588860034942626953125" lon="9.45044620893895626068115234375">
        <ele>523</ele>
        <time>2026-09-14T11:15:42.000Z</time>
      </trkpt>
      <trkpt lat="40.268747247755527496337890625" lon="9.45044604130089282989501953125">
        <ele>523.20001220703125</ele>
        <time>2026-09-14T11:15:50.000Z</time>
      </trkpt>
      <trkpt lat="40.268745906651020050048828125" lon="9.45044570602476596832275390625">
        <ele>523.20001220703125</ele>
        <time>2026-09-14T11:15:53.000Z</time>
      </trkpt>
      <trkpt lat="40.26879812590777873992919921875" lon="9.45039574988186359405517578125">
        <ele>519</ele>
        <time>2026-09-14T11:16:00.000Z</time>
      </trkpt>
      <trkpt lat="40.26883366517722606658935546875" lon="9.45036037825047969818115234375">
        <ele>516.20001220703125</ele>
        <time>2026-09-14T11:16:03.000Z</time>
      </trkpt>
      <trkpt lat="40.26887373067438602447509765625" lon="9.45032131858170032501220703125">
        <ele>514</ele>
        <time>2026-09-14T11:16:07.000Z</time>
      </trkpt>
      <trkpt lat="40.2688791789114475250244140625" lon="9.45030874572694301605224609375">
        <ele>513.5999755859375</ele>
        <time>2026-09-14T11:16:08.000Z</time>
      </trkpt>
      <trkpt lat="40.2689291350543498992919921875" lon="9.45019475184381008148193359375">
        <ele>510.79998779296875</ele>
        <time>2026-09-14T11:16:17.000Z</time>
      </trkpt>
      <trkpt lat="40.26895604096353054046630859375" lon="9.45013876073062419891357421875">
        <ele>509.399993896484375</ele>
        <time>2026-09-14T11:16:20.000Z</time>
      </trkpt>
      <trkpt lat="40.26897146366536617279052734375" lon="9.4501048140227794647216796875">
        <ele>508.399993896484375</ele>
        <time>2026-09-14T11:16:23.000Z</time>
      </trkpt>
      <trkpt lat="40.2689992077648639678955078125" lon="9.44997296668589115142822265625">
        <ele>506</ele>
        <time>2026-09-14T11:16:32.000Z</time>
      </trkpt>
      <trkpt lat="40.269001387059688568115234375" lon="9.4499448873102664947509765625">
        <ele>506</ele>
        <time>2026-09-14T11:16:34.000Z</time>
      </trkpt>
      <trkpt lat="40.269013457000255584716796875" lon="9.44984639994800090789794921875">
        <ele>505.20001220703125</ele>
        <time>2026-09-14T11:16:40.000Z</time>
      </trkpt>
      <trkpt lat="40.2690313942730426788330078125" lon="9.449790827929973602294921875">
        <ele>504</ele>
        <time>2026-09-14T11:16:43.000Z</time>
      </trkpt>
      <trkpt lat="40.2690352499485015869140625" lon="9.44976341910660266876220703125">
        <ele>503.600006103515625</ele>
        <time>2026-09-14T11:16:45.000Z</time>
      </trkpt>
      <trkpt lat="40.26904187165200710296630859375" lon="9.449735172092914581298828125">
        <ele>503</ele>
        <time>2026-09-14T11:16:47.000Z</time>
      </trkpt>
      <trkpt lat="40.269046984612941741943359375" lon="9.4496790133416652679443359375">
        <ele>503.20001220703125</ele>
        <time>2026-09-14T11:16:51.000Z</time>
      </trkpt>
      <trkpt lat="40.26907481253147125244140625" lon="9.44962645880877971649169921875">
        <ele>501.79998779296875</ele>
        <time>2026-09-14T11:16:55.000Z</time>
      </trkpt>
      <trkpt lat="40.26911764405667781829833984375" lon="9.44959376938641071319580078125">
        <ele>499.600006103515625</ele>
        <time>2026-09-14T11:16:59.000Z</time>
      </trkpt>
      <trkpt lat="40.26913641951978206634521484375" lon="9.44958069361746311187744140625">
        <ele>499.20001220703125</ele>
        <time>2026-09-14T11:17:01.000Z</time>
      </trkpt>
      <trkpt lat="40.26920582167804241180419921875" lon="9.44946200586855411529541015625">
        <ele>498</ele>
        <time>2026-09-14T11:17:09.000Z</time>
      </trkpt>
      <trkpt lat="40.26923440396785736083984375" lon="9.449412636458873748779296875">
        <ele>497.79998779296875</ele>
        <time>2026-09-14T11:17:13.000Z</time>
      </trkpt>
      <trkpt lat="40.26928000152111053466796875" lon="9.44937801919877529144287109375">
        <ele>497</ele>
        <time>2026-09-14T11:17:18.000Z</time>
      </trkpt>
      <trkpt lat="40.26931344531476497650146484375" lon="9.4493115507066249847412109375">
        <ele>496.399993896484375</ele>
        <time>2026-09-14T11:17:24.000Z</time>
      </trkpt>
      <trkpt lat="40.26937262155115604400634765625" lon="9.44921406917273998260498046875">
        <ele>494</ele>
        <time>2026-09-14T11:17:31.000Z</time>
      </trkpt>
      <trkpt lat="40.26937832124531269073486328125" lon="9.4492042623460292816162109375">
        <ele>493.79998779296875</ele>
        <time>2026-09-14T11:17:32.000Z</time>
      </trkpt>
      <trkpt lat="40.2694256789982318878173828125" lon="9.4491623528301715850830078125">
        <ele>491.79998779296875</ele>
        <time>2026-09-14T11:17:38.000Z</time>
      </trkpt>
      <trkpt lat="40.269472114741802215576171875" lon="9.44908850826323032379150390625">
        <ele>490</ele>
        <time>2026-09-14T11:17:46.000Z</time>
      </trkpt>
      <trkpt lat="40.26950656436383724212646484375" lon="9.449033103883266448974609375">
        <ele>489</ele>
        <time>2026-09-14T11:17:52.000Z</time>
      </trkpt>
      <trkpt lat="40.2695153653621673583984375" lon="9.44901340641081333160400390625">
        <ele>488.79998779296875</ele>
        <time>2026-09-14T11:17:54.000Z</time>
      </trkpt>
      <trkpt lat="40.26952031068503856658935546875" lon="9.4489759393036365509033203125">
        <ele>488.20001220703125</ele>
        <time>2026-09-14T11:17:57.000Z</time>
      </trkpt>
      <trkpt lat="40.269535146653652191162109375" lon="9.44894299842417240142822265625">
        <ele>487</ele>
        <time>2026-09-14T11:18:00.000Z</time>
      </trkpt>
      <trkpt lat="40.26955836452543735504150390625" lon="9.44892053492367267608642578125">
        <ele>485.20001220703125</ele>
        <time>2026-09-14T11:18:06.000Z</time>
      </trkpt>
      <trkpt lat="40.26959021575748920440673828125" lon="9.4489051960408687591552734375">
        <ele>482.79998779296875</ele>
        <time>2026-09-14T11:18:09.000Z</time>
      </trkpt>
      <trkpt lat="40.269596166908740997314453125" lon="9.44888415746390819549560546875">
        <ele>482.399993896484375</ele>
        <time>2026-09-14T11:18:11.000Z</time>
      </trkpt>
      <trkpt lat="40.26959474198520183563232421875" lon="9.448857419192790985107421875">
        <ele>482.399993896484375</ele>
        <time>2026-09-14T11:18:13.000Z</time>
      </trkpt>
      <trkpt lat="40.269587449729442596435546875" lon="9.4487761147320270538330078125">
        <ele>483.20001220703125</ele>
        <time>2026-09-14T11:18:19.000Z</time>
      </trkpt>
      <trkpt lat="40.26958568952977657318115234375" lon="9.4487311877310276031494140625">
        <ele>483.399993896484375</ele>
        <time>2026-09-14T11:18:22.000Z</time>
      </trkpt>
      <trkpt lat="40.2695872820913791656494140625" lon="9.4486111588776111602783203125">
        <ele>483.79998779296875</ele>
        <time>2026-09-14T11:18:30.000Z</time>
      </trkpt>
      <trkpt lat="40.26960480026900768280029296875" lon="9.44857838563621044158935546875">
        <ele>482.79998779296875</ele>
        <time>2026-09-14T11:18:33.000Z</time>
      </trkpt>
      <trkpt lat="40.2696358971297740936279296875" lon="9.4485441036522388458251953125">
        <ele>480.20001220703125</ele>
        <time>2026-09-14T11:18:36.000Z</time>
      </trkpt>
      <trkpt lat="40.26964771561324596405029296875" lon="9.4485353864729404449462890625">
        <ele>479.20001220703125</ele>
        <time>2026-09-14T11:18:37.000Z</time>
      </trkpt>
      <trkpt lat="40.2696603722870349884033203125" lon="9.44852591492235660552978515625">
        <ele>478.20001220703125</ele>
        <time>2026-09-14T11:18:39.000Z</time>
      </trkpt>
      <trkpt lat="40.269683338701725006103515625" lon="9.4485063850879669189453125">
        <ele>476.399993896484375</ele>
        <time>2026-09-14T11:18:43.000Z</time>
      </trkpt>
      <trkpt lat="40.26973103173077106475830078125" lon="9.4484569318592548370361328125">
        <ele>473</ele>
        <time>2026-09-14T11:18:51.000Z</time>
      </trkpt>
      <trkpt lat="40.2697405032813549041748046875" lon="9.4484337978065013885498046875">
        <ele>472.20001220703125</ele>
        <time>2026-09-14T11:18:53.000Z</time>
      </trkpt>
      <trkpt lat="40.2697669900953769683837890625" lon="9.44839574396610260009765625">
        <ele>470.20001220703125</ele>
        <time>2026-09-14T11:18:58.000Z</time>
      </trkpt>
      <trkpt lat="40.26980965398252010345458984375" lon="9.4483496434986591339111328125">
        <ele>467.600006103515625</ele>
        <time>2026-09-14T11:19:06.000Z</time>
      </trkpt>
      <trkpt lat="40.26981669478118419647216796875" lon="9.44834821857511997222900390625">
        <ele>467</ele>
        <time>2026-09-14T11:19:07.000Z</time>
      </trkpt>
      <trkpt lat="40.2698399126529693603515625" lon="9.44829457439482212066650390625">
        <ele>465</ele>
        <time>2026-09-14T11:19:14.000Z</time>
      </trkpt>
      <trkpt lat="40.26986413635313510894775390625" lon="9.44820706732571125030517578125">
        <ele>461.79998779296875</ele>
        <time>2026-09-14T11:19:22.000Z</time>
      </trkpt>
      <trkpt lat="40.2698591910302639007568359375" lon="9.44812643341720104217529296875">
        <ele>460.600006103515625</ele>
        <time>2026-09-14T11:19:30.000Z</time>
      </trkpt>
      <trkpt lat="40.2698823250830173492431640625" lon="9.44807077758014202117919921875">
        <ele>458.399993896484375</ele>
        <time>2026-09-14T11:19:37.000Z</time>
      </trkpt>
      <trkpt lat="40.2698933891952037811279296875" lon="9.44797354750335216522216796875">
        <ele>456.20001220703125</ele>
        <time>2026-09-14T11:19:46.000Z</time>
      </trkpt>
      <trkpt lat="40.269894897937774658203125" lon="9.44790758192539215087890625">
        <ele>455.399993896484375</ele>
        <time>2026-09-14T11:19:52.000Z</time>
      </trkpt>
      <trkpt lat="40.2698920480906963348388671875" lon="9.44789760746061801910400390625">
        <ele>455.600006103515625</ele>
        <time>2026-09-14T11:19:53.000Z</time>
      </trkpt>
      <trkpt lat="40.26987570337951183319091796875" lon="9.4478618167340755462646484375">
        <ele>455.79998779296875</ele>
        <time>2026-09-14T11:19:56.000Z</time>
      </trkpt>
      <trkpt lat="40.26986681856215000152587890625" lon="9.44782904349267482757568359375">
        <ele>456</ele>
        <time>2026-09-14T11:19:58.000Z</time>
      </trkpt>
      <trkpt lat="40.26986245997250080108642578125" lon="9.44780406542122364044189453125">
        <ele>455.79998779296875</ele>
        <time>2026-09-14T11:20:00.000Z</time>
      </trkpt>
      <trkpt lat="40.26987134478986263275146484375" lon="9.44775159470736980438232421875">
        <ele>454.79998779296875</ele>
        <time>2026-09-14T11:20:05.000Z</time>
      </trkpt>
      <trkpt lat="40.26987142860889434814453125" lon="9.44773717783391475677490234375">
        <ele>454.600006103515625</ele>
        <time>2026-09-14T11:20:06.000Z</time>
      </trkpt>
      <trkpt lat="40.26988106779754161834716796875" lon="9.4476898200809955596923828125">
        <ele>453.600006103515625</ele>
        <time>2026-09-14T11:20:10.000Z</time>
      </trkpt>
      <trkpt lat="40.2698803134262561798095703125" lon="9.447644390165805816650390625">
        <ele>453.399993896484375</ele>
        <time>2026-09-14T11:20:13.000Z</time>
      </trkpt>
      <trkpt lat="40.26988592930138111114501953125" lon="9.44760658778250217437744140625">
        <ele>452.79998779296875</ele>
        <time>2026-09-14T11:20:19.000Z</time>
      </trkpt>
      <trkpt lat="40.26985801756381988525390625" lon="9.44752360694110393524169921875">
        <ele>453.399993896484375</ele>
        <time>2026-09-14T11:20:27.000Z</time>
      </trkpt>
      <trkpt lat="40.26985122822225093841552734375" lon="9.4474430568516254425048828125">
        <ele>453</ele>
        <time>2026-09-14T11:20:32.000Z</time>
      </trkpt>
      <trkpt lat="40.2698270045220851898193359375" lon="9.447355382144451141357421875">
        <ele>453.399993896484375</ele>
        <time>2026-09-14T11:20:40.000Z</time>
      </trkpt>
      <trkpt lat="40.26981753297150135040283203125" lon="9.44725572131574153900146484375">
        <ele>453</ele>
        <time>2026-09-14T11:20:49.000Z</time>
      </trkpt>
      <trkpt lat="40.26979632675647735595703125" lon="9.44718615151941776275634765625">
        <ele>453.79998779296875</ele>
        <time>2026-09-14T11:20:55.000Z</time>
      </trkpt>
      <trkpt lat="40.269776880741119384765625" lon="9.44715765304863452911376953125">
        <ele>455</ele>
        <time>2026-09-14T11:20:57.000Z</time>
      </trkpt>
      <trkpt lat="40.26975232176482677459716796875" lon="9.447125382721424102783203125">
        <ele>456.399993896484375</ele>
        <time>2026-09-14T11:21:00.000Z</time>
      </trkpt>
      <trkpt lat="40.2697425149381160736083984375" lon="9.44709110073745250701904296875">
        <ele>457.399993896484375</ele>
        <time>2026-09-14T11:21:03.000Z</time>
      </trkpt>
      <trkpt lat="40.269730277359485626220703125" lon="9.44706209935247898101806640625">
        <ele>458.20001220703125</ele>
        <time>2026-09-14T11:21:09.000Z</time>
      </trkpt>
      <trkpt lat="40.26972952298820018768310546875" lon="9.44706763140857219696044921875">
        <ele>458.20001220703125</ele>
        <time>2026-09-14T11:21:17.000Z</time>
      </trkpt>
      <trkpt lat="40.26973019354045391082763671875" lon="9.44706712849438190460205078125">
        <ele>458.20001220703125</ele>
        <time>2026-09-14T11:21:24.000Z</time>
      </trkpt>
      <trkpt lat="40.26973019354045391082763671875" lon="9.44706712849438190460205078125">
        <ele>458.20001220703125</ele>
        <time>2026-09-14T11:21:27.000Z</time>
      </trkpt>
      <trkpt lat="40.26973002590239048004150390625" lon="9.4470668770372867584228515625">
        <ele>458.20001220703125</ele>
        <time>2026-09-14T11:21:30.000Z</time>
      </trkpt>
      <trkpt lat="40.26973002590239048004150390625" lon="9.44706662558019161224365234375">
        <ele>458.20001220703125</ele>
        <time>2026-09-14T11:21:36.000Z</time>
      </trkpt>
      <trkpt lat="40.26971183717250823974609375" lon="9.4470346905291080474853515625">
        <ele>459.399993896484375</ele>
        <time>2026-09-14T11:21:46.000Z</time>
      </trkpt>
      <trkpt lat="40.2696747891604900360107421875" lon="9.44698649458587169647216796875">
        <ele>461.600006103515625</ele>
        <time>2026-09-14T11:21:51.000Z</time>
      </trkpt>
      <trkpt lat="40.26966967619955539703369140625" lon="9.44698490202426910400390625">
        <ele>461.79998779296875</ele>
        <time>2026-09-14T11:21:52.000Z</time>
      </trkpt>
      <trkpt lat="40.2696684189140796661376953125" lon="9.44696268998086452484130859375">
        <ele>462.20001220703125</ele>
        <time>2026-09-14T11:21:57.000Z</time>
      </trkpt>
      <trkpt lat="40.26969842612743377685546875" lon="9.4469103030860424041748046875">
        <ele>461.600006103515625</ele>
        <time>2026-09-14T11:22:03.000Z</time>
      </trkpt>
      <trkpt lat="40.26970915496349334716796875" lon="9.44689571857452392578125">
        <ele>461.399993896484375</ele>
        <time>2026-09-14T11:22:07.000Z</time>
      </trkpt>
      <trkpt lat="40.2696761302649974822998046875" lon="9.44691105745732784271240234375">
        <ele>462.600006103515625</ele>
        <time>2026-09-14T11:22:11.000Z</time>
      </trkpt>
      <trkpt lat="40.2696754597127437591552734375" lon="9.446902759373188018798828125">
        <ele>462.79998779296875</ele>
        <time>2026-09-14T11:22:12.000Z</time>
      </trkpt>
      <trkpt lat="40.2696932293474674224853515625" lon="9.4468809664249420166015625">
        <ele>462.600006103515625</ele>
        <time>2026-09-14T11:22:14.000Z</time>
      </trkpt>
      <trkpt lat="40.26974058710038661956787109375" lon="9.4468422420322895050048828125">
        <ele>461.399993896484375</ele>
        <time>2026-09-14T11:22:21.000Z</time>
      </trkpt>
      <trkpt lat="40.26977763511240482330322265625" lon="9.4467808865010738372802734375">
        <ele>461.20001220703125</ele>
        <time>2026-09-14T11:22:28.000Z</time>
      </trkpt>
      <trkpt lat="40.2698109112679958343505859375" lon="9.44671626202762126922607421875">
        <ele>462.20001220703125</ele>
        <time>2026-09-14T11:22:35.000Z</time>
      </trkpt>
      <trkpt lat="40.269819460809230804443359375" lon="9.44666261784732341766357421875">
        <ele>463.79998779296875</ele>
        <time>2026-09-14T11:22:40.000Z</time>
      </trkpt>
      <trkpt lat="40.26984368450939655303955078125" lon="9.44662724621593952178955078125">
        <ele>464.399993896484375</ele>
        <time>2026-09-14T11:22:43.000Z</time>
      </trkpt>
      <trkpt lat="40.26988928206264972686767578125" lon="9.44657963700592517852783203125">
        <ele>464.399993896484375</ele>
        <time>2026-09-14T11:22:47.000Z</time>
      </trkpt>
      <trkpt lat="40.26997293345630168914794921875" lon="9.44644820876419544219970703125">
        <ele>465.20001220703125</ele>
        <time>2026-09-14T11:22:56.000Z</time>
      </trkpt>
      <trkpt lat="40.2700518071651458740234375" lon="9.446371681988239288330078125">
        <ele>464.20001220703125</ele>
        <time>2026-09-14T11:23:06.000Z</time>
      </trkpt>
      <trkpt lat="40.27005440555512905120849609375" lon="9.44634645245969295501708984375">
        <ele>465.20001220703125</ele>
        <time>2026-09-14T11:23:09.000Z</time>
      </trkpt>
      <trkpt lat="40.27006312273442745208740234375" lon="9.4463296048343181610107421875">
        <ele>465.600006103515625</ele>
        <time>2026-09-14T11:23:10.000Z</time>
      </trkpt>
      <trkpt lat="40.2700704149901866912841796875" lon="9.4463031180202960968017578125">
        <ele>466.20001220703125</ele>
        <time>2026-09-14T11:23:12.000Z</time>
      </trkpt>
      <trkpt lat="40.270066224038600921630859375" lon="9.4462954066693782806396484375">
        <ele>466.79998779296875</ele>
        <time>2026-09-14T11:23:13.000Z</time>
      </trkpt>
      <trkpt lat="40.2700368873775005340576171875" lon="9.4463024474680423736572265625">
        <ele>468</ele>
        <time>2026-09-14T11:23:16.000Z</time>
      </trkpt>
      <trkpt lat="40.27001333422958850860595703125" lon="9.4463002681732177734375">
        <ele>469.20001220703125</ele>
        <time>2026-09-14T11:23:19.000Z</time>
      </trkpt>
      <trkpt lat="40.26992063038051128387451171875" lon="9.44631342776119709014892578125">
        <ele>473.20001220703125</ele>
        <time>2026-09-14T11:23:26.000Z</time>
      </trkpt>
      <trkpt lat="40.26991509832441806793212890625" lon="9.44629959762096405029296875">
        <ele>474.20001220703125</ele>
        <time>2026-09-14T11:23:29.000Z</time>
      </trkpt>
      <trkpt lat="40.269930101931095123291015625" lon="9.44629197008907794952392578125">
        <ele>473.79998779296875</ele>
        <time>2026-09-14T11:23:30.000Z</time>
      </trkpt>
      <trkpt lat="40.2699436806142330169677734375" lon="9.446277804672718048095703125">
        <ele>473.79998779296875</ele>
        <time>2026-09-14T11:23:31.000Z</time>
      </trkpt>
      <trkpt lat="40.27001492679119110107421875" lon="9.4462065584957599639892578125">
        <ele>473.20001220703125</ele>
        <time>2026-09-14T11:23:40.000Z</time>
      </trkpt>
      <trkpt lat="40.26994259096682071685791015625" lon="9.44622424431145191192626953125">
        <ele>476.20001220703125</ele>
        <time>2026-09-14T11:23:45.000Z</time>
      </trkpt>
      <trkpt lat="40.269894562661647796630859375" lon="9.4462283514440059661865234375">
        <ele>478</ele>
        <time>2026-09-14T11:23:51.000Z</time>
      </trkpt>
      <trkpt lat="40.26988659985363483428955078125" lon="9.44622357375919818878173828125">
        <ele>478.600006103515625</ele>
        <time>2026-09-14T11:23:52.000Z</time>
      </trkpt>
      <trkpt lat="40.2698829956352710723876953125" lon="9.44620647467672824859619140625">
        <ele>479.600006103515625</ele>
        <time>2026-09-14T11:23:53.000Z</time>
      </trkpt>
      <trkpt lat="40.26990495622158050537109375" lon="9.44618870504200458526611328125">
        <ele>479.399993896484375</ele>
        <time>2026-09-14T11:23:55.000Z</time>
      </trkpt>
      <trkpt lat="40.2699567563831806182861328125" lon="9.44614277221262454986572265625">
        <ele>479</ele>
        <time>2026-09-14T11:23:59.000Z</time>
      </trkpt>
      <trkpt lat="40.26995482854545116424560546875" lon="9.44611477665603160858154296875">
        <ele>480.20001220703125</ele>
        <time>2026-09-14T11:24:01.000Z</time>
      </trkpt>
      <trkpt lat="40.26996052823960781097412109375" lon="9.44609097205102443695068359375">
        <ele>481.20001220703125</ele>
        <time>2026-09-14T11:24:04.000Z</time>
      </trkpt>
      <trkpt lat="40.2699892781674861907958984375" lon="9.446053169667720794677734375">
        <ele>481.399993896484375</ele>
        <time>2026-09-14T11:24:09.000Z</time>
      </trkpt>
      <trkpt lat="40.270015262067317962646484375" lon="9.4460224919021129608154296875">
        <ele>481.399993896484375</ele>
        <time>2026-09-14T11:24:12.000Z</time>
      </trkpt>
      <trkpt lat="40.270019955933094024658203125" lon="9.446009583771228790283203125">
        <ele>481.79998779296875</ele>
        <time>2026-09-14T11:24:13.000Z</time>
      </trkpt>
      <trkpt lat="40.27003847993910312652587890625" lon="9.44598175585269927978515625">
        <ele>482.20001220703125</ele>
        <time>2026-09-14T11:24:15.000Z</time>
      </trkpt>
      <trkpt lat="40.270055830478668212890625" lon="9.44598183967173099517822265625">
        <ele>481.399993896484375</ele>
        <time>2026-09-14T11:24:18.000Z</time>
      </trkpt>
      <trkpt lat="40.27005557902157306671142578125" lon="9.4459745474159717559814453125">
        <ele>481.600006103515625</ele>
        <time>2026-09-14T11:24:19.000Z</time>
      </trkpt>
      <trkpt lat="40.2700570039451122283935546875" lon="9.4459259323775768280029296875">
        <ele>483.20001220703125</ele>
        <time>2026-09-14T11:24:25.000Z</time>
      </trkpt>
      <trkpt lat="40.2700544893741607666015625" lon="9.44591294042766094207763671875">
        <ele>483.79998779296875</ele>
        <time>2026-09-14T11:24:31.000Z</time>
      </trkpt>
      <trkpt lat="40.270048119127750396728515625" lon="9.44590657018125057220458984375">
        <ele>484.20001220703125</ele>
        <time>2026-09-14T11:24:33.000Z</time>
      </trkpt>
      <trkpt lat="40.27004241943359375" lon="9.44588377140462398529052734375">
        <ele>485</ele>
        <time>2026-09-14T11:24:37.000Z</time>
      </trkpt>
      <trkpt lat="40.27005893178284168243408203125" lon="9.44579743780195713043212890625">
        <ele>485.79998779296875</ele>
        <time>2026-09-14T11:24:43.000Z</time>
      </trkpt>
      <trkpt lat="40.27006697840988636016845703125" lon="9.4457437098026275634765625">
        <ele>485.79998779296875</ele>
        <time>2026-09-14T11:24:48.000Z</time>
      </trkpt>
      <trkpt lat="40.27007318101823329925537109375" lon="9.4457142055034637451171875">
        <ele>485.79998779296875</ele>
        <time>2026-09-14T11:24:51.000Z</time>
      </trkpt>
      <trkpt lat="40.2700965665280818939208984375" lon="9.445640780031681060791015625">
        <ele>485.399993896484375</ele>
        <time>2026-09-14T11:24:58.000Z</time>
      </trkpt>
      <trkpt lat="40.27008793316781520843505859375" lon="9.44553944282233715057373046875">
        <ele>487.20001220703125</ele>
        <time>2026-09-14T11:25:06.000Z</time>
      </trkpt>
      <trkpt lat="40.2700838260352611541748046875" lon="9.4455329887568950653076171875">
        <ele>487.600006103515625</ele>
        <time>2026-09-14T11:25:07.000Z</time>
      </trkpt>
      <trkpt lat="40.2700761146843433380126953125" lon="9.4454719685018062591552734375">
        <ele>488.600006103515625</ele>
        <time>2026-09-14T11:25:14.000Z</time>
      </trkpt>
      <trkpt lat="40.27007351629436016082763671875" lon="9.4454652629792690277099609375">
        <ele>488.79998779296875</ele>
        <time>2026-09-14T11:25:15.000Z</time>
      </trkpt>
      <trkpt lat="40.27004049159586429595947265625" lon="9.4453998841345310211181640625">
        <ele>491.600006103515625</ele>
        <time>2026-09-14T11:25:23.000Z</time>
      </trkpt>
      <trkpt lat="40.27004040777683258056640625" lon="9.44538974203169345855712890625">
        <ele>491.600006103515625</ele>
        <time>2026-09-14T11:25:24.000Z</time>
      </trkpt>
      <trkpt lat="40.27004082687199115753173828125" lon="9.4453422166407108306884765625">
        <ele>492.20001220703125</ele>
        <time>2026-09-14T11:25:28.000Z</time>
      </trkpt>
      <trkpt lat="40.27005289681255817413330078125" lon="9.44531078450381755828857421875">
        <ele>491.79998779296875</ele>
        <time>2026-09-14T11:25:31.000Z</time>
      </trkpt>
      <trkpt lat="40.27005323208868503570556640625" lon="9.44525848142802715301513671875">
        <ele>492.399993896484375</ele>
        <time>2026-09-14T11:25:36.000Z</time>
      </trkpt>
      <trkpt lat="40.27005708776414394378662109375" lon="9.44525110535323619842529296875">
        <ele>492.20001220703125</ele>
        <time>2026-09-14T11:25:37.000Z</time>
      </trkpt>
      <trkpt lat="40.27005071751773357391357421875" lon="9.44521690718829631805419921875">
        <ele>493</ele>
        <time>2026-09-14T11:25:41.000Z</time>
      </trkpt>
      <trkpt lat="40.27005323208868503570556640625" lon="9.4451911747455596923828125">
        <ele>493.20001220703125</ele>
        <time>2026-09-14T11:25:43.000Z</time>
      </trkpt>
      <trkpt lat="40.27004711329936981201171875" lon="9.44510593079030513763427734375">
        <ele>494.79998779296875</ele>
        <time>2026-09-14T11:25:51.000Z</time>
      </trkpt>
      <trkpt lat="40.27004820294678211212158203125" lon="9.4450421445071697235107421875">
        <ele>495.20001220703125</ele>
        <time>2026-09-14T11:25:57.000Z</time>
      </trkpt>
      <trkpt lat="40.2700338698923587799072265625" lon="9.4450169987976551055908203125">
        <ele>496.20001220703125</ele>
        <time>2026-09-14T11:26:01.000Z</time>
      </trkpt>
      <trkpt lat="40.27003026567399501800537109375" lon="9.44499696604907512664794921875">
        <ele>496.600006103515625</ele>
        <time>2026-09-14T11:26:03.000Z</time>
      </trkpt>
      <trkpt lat="40.27001601643860340118408203125" lon="9.4449445791542530059814453125">
        <ele>498</ele>
        <time>2026-09-14T11:26:09.000Z</time>
      </trkpt>
      <trkpt lat="40.27000159956514835357666015625" lon="9.4448818825185298919677734375">
        <ele>499.600006103515625</ele>
        <time>2026-09-14T11:26:17.000Z</time>
      </trkpt>
      <trkpt lat="40.269989781081676483154296875" lon="9.4448604248464107513427734375">
        <ele>500.600006103515625</ele>
        <time>2026-09-14T11:26:20.000Z</time>
      </trkpt>
      <trkpt lat="40.26997444219887256622314453125" lon="9.4448222033679485321044921875">
        <ele>502.20001220703125</ele>
        <time>2026-09-14T11:26:25.000Z</time>
      </trkpt>
      <trkpt lat="40.26997469365596771240234375" lon="9.44481289945542812347412109375">
        <ele>502.20001220703125</ele>
        <time>2026-09-14T11:26:26.000Z</time>
      </trkpt>
      <trkpt lat="40.26997243054211139678955078125" lon="9.44480518810451030731201171875">
        <ele>502.399993896484375</ele>
        <time>2026-09-14T11:26:27.000Z</time>
      </trkpt>
      <trkpt lat="40.2699587680399417877197265625" lon="9.4447608478367328643798828125">
        <ele>503.79998779296875</ele>
        <time>2026-09-14T11:26:34.000Z</time>
      </trkpt>
      <trkpt lat="40.269936136901378631591796875" lon="9.44474182091653347015380859375">
        <ele>505.600006103515625</ele>
        <time>2026-09-14T11:26:37.000Z</time>
      </trkpt>
      <trkpt lat="40.26992633007466793060302734375" lon="9.44469773210585117340087890625">
        <ele>506.79998779296875</ele>
        <time>2026-09-14T11:26:43.000Z</time>
      </trkpt>
      <trkpt lat="40.26989690959453582763671875" lon="9.4446357898414134979248046875">
        <ele>509.399993896484375</ele>
        <time>2026-09-14T11:26:51.000Z</time>
      </trkpt>
      <trkpt lat="40.2698908746242523193359375" lon="9.44460754282772541046142578125">
        <ele>510</ele>
        <time>2026-09-14T11:26:55.000Z</time>
      </trkpt>
      <trkpt lat="40.26988207362592220306396484375" lon="9.4445898570120334625244140625">
        <ele>510.79998779296875</ele>
        <time>2026-09-14T11:26:57.000Z</time>
      </trkpt>
      <trkpt lat="40.2698544971644878387451171875" lon="9.44455683231353759765625">
        <ele>513</ele>
        <time>2026-09-14T11:27:02.000Z</time>
      </trkpt>
      <trkpt lat="40.2698531560599803924560546875" lon="9.444553144276142120361328125">
        <ele>513</ele>
        <time>2026-09-14T11:27:03.000Z</time>
      </trkpt>
      <trkpt lat="40.26986212469637393951416015625" lon="9.44450343959033489227294921875">
        <ele>513</ele>
        <time>2026-09-14T11:27:09.000Z</time>
      </trkpt>
      <trkpt lat="40.26981870643794536590576171875" lon="9.44444895721971988677978515625">
        <ele>516.4000244140625</ele>
        <time>2026-09-14T11:27:15.000Z</time>
      </trkpt>
      <trkpt lat="40.26981971226632595062255859375" lon="9.4444426707923412322998046875">
        <ele>516.4000244140625</ele>
        <time>2026-09-14T11:27:22.000Z</time>
      </trkpt>
      <trkpt lat="40.26981987990438938140869140625" lon="9.44444216787815093994140625">
        <ele>516.4000244140625</ele>
        <time>2026-09-14T11:27:28.000Z</time>
      </trkpt>
      <trkpt lat="40.26981987990438938140869140625" lon="9.44444216787815093994140625">
        <ele>516.4000244140625</ele>
        <time>2026-09-14T11:27:41.000Z</time>
      </trkpt>
      <trkpt lat="40.26982046663761138916015625" lon="9.44444610737264156341552734375">
        <ele>516.4000244140625</ele>
        <time>2026-09-14T11:27:53.000Z</time>
      </trkpt>
      <trkpt lat="40.26980697177350521087646484375" lon="9.44438894279301166534423828125">
        <ele>517.79998779296875</ele>
        <time>2026-09-14T11:28:08.000Z</time>
      </trkpt>
      <trkpt lat="40.2697666548192501068115234375" lon="9.4442978315055370330810546875">
        <ele>521.4000244140625</ele>
        <time>2026-09-14T11:28:16.000Z</time>
      </trkpt>
      <trkpt lat="40.26974201202392578125" lon="9.4442505575716495513916015625">
        <ele>523.5999755859375</ele>
        <time>2026-09-14T11:28:21.000Z</time>
      </trkpt>
      <trkpt lat="40.26973195374011993408203125" lon="9.44423572160303592681884765625">
        <ele>524.4000244140625</ele>
        <time>2026-09-14T11:28:22.000Z</time>
      </trkpt>
      <trkpt lat="40.2697203867137432098388671875" lon="9.444215856492519378662109375">
        <ele>525.20001220703125</ele>
        <time>2026-09-14T11:28:24.000Z</time>
      </trkpt>
      <trkpt lat="40.26969666592776775360107421875" lon="9.444175623357295989990234375">
        <ele>527.4000244140625</ele>
        <time>2026-09-14T11:28:27.000Z</time>
      </trkpt>
      <trkpt lat="40.26969373226165771484375" lon="9.44417151622474193572998046875">
        <ele>527.5999755859375</ele>
        <time>2026-09-14T11:28:28.000Z</time>
      </trkpt>
      <trkpt lat="40.269691385328769683837890625" lon="9.44414913654327392578125">
        <ele>528.20001220703125</ele>
        <time>2026-09-14T11:28:30.000Z</time>
      </trkpt>
      <trkpt lat="40.26967001147568225860595703125" lon="9.4441037066280841827392578125">
        <ele>530.79998779296875</ele>
        <time>2026-09-14T11:28:35.000Z</time>
      </trkpt>
      <trkpt lat="40.26966087520122528076171875" lon="9.4440745376050472259521484375">
        <ele>532.4000244140625</ele>
        <time>2026-09-14T11:28:38.000Z</time>
      </trkpt>
      <trkpt lat="40.26964880526065826416015625" lon="9.4440359808504581451416015625">
        <ele>534.5999755859375</ele>
        <time>2026-09-14T11:28:42.000Z</time>
      </trkpt>
      <trkpt lat="40.26961988769471645355224609375" lon="9.44397822953760623931884765625">
        <ele>539</ele>
        <time>2026-09-14T11:28:49.000Z</time>
      </trkpt>
      <trkpt lat="40.26961854659020900726318359375" lon="9.443957693874835968017578125">
        <ele>539.5999755859375</ele>
        <time>2026-09-14T11:28:51.000Z</time>
      </trkpt>
      <trkpt lat="40.2695966698229312896728515625" lon="9.44390731863677501678466796875">
        <ele>543.20001220703125</ele>
        <time>2026-09-14T11:28:56.000Z</time>
      </trkpt>
      <trkpt lat="40.26960044167935848236083984375" lon="9.44381042383611202239990234375">
        <ele>545.20001220703125</ele>
        <time>2026-09-14T11:29:04.000Z</time>
      </trkpt>
      <trkpt lat="40.26959809474647045135498046875" lon="9.44373398087918758392333984375">
        <ele>547.5999755859375</ele>
        <time>2026-09-14T11:29:11.000Z</time>
      </trkpt>
      <trkpt lat="40.26957512833178043365478515625" lon="9.44367715157568454742431640625">
        <ele>551</ele>
        <time>2026-09-14T11:29:18.000Z</time>
      </trkpt>
      <trkpt lat="40.2695738710463047027587890625" lon="9.44367329590022563934326171875">
        <ele>551.20001220703125</ele>
        <time>2026-09-14T11:29:19.000Z</time>
      </trkpt>
      <trkpt lat="40.2695785649120807647705078125" lon="9.44361730478703975677490234375">
        <ele>552.4000244140625</ele>
        <time>2026-09-14T11:29:25.000Z</time>
      </trkpt>
      <trkpt lat="40.26955249719321727752685546875" lon="9.4435773231089115142822265625">
        <ele>555.79998779296875</ele>
        <time>2026-09-14T11:29:31.000Z</time>
      </trkpt>
      <trkpt lat="40.26957596652209758758544921875" lon="9.4435067474842071533203125">
        <ele>556.5999755859375</ele>
        <time>2026-09-14T11:29:39.000Z</time>
      </trkpt>
      <trkpt lat="40.26958116330206394195556640625" lon="9.44349710829555988311767578125">
        <ele>556.4000244140625</ele>
        <time>2026-09-14T11:29:40.000Z</time>
      </trkpt>
      <trkpt lat="40.2695929817855358123779296875" lon="9.44342401809990406036376953125">
        <ele>557.20001220703125</ele>
        <time>2026-09-14T11:29:46.000Z</time>
      </trkpt>
      <trkpt lat="40.2696070633828639984130859375" lon="9.44338948465883731842041015625">
        <ele>556.79998779296875</ele>
        <time>2026-09-14T11:29:53.000Z</time>
      </trkpt>
      <trkpt lat="40.269636400043964385986328125" lon="9.4434046559035778045654296875">
        <ele>553.79998779296875</ele>
        <time>2026-09-14T11:29:58.000Z</time>
      </trkpt>
      <trkpt lat="40.26963195763528347015380859375" lon="9.4434334896504878997802734375">
        <ele>553.4000244140625</ele>
        <time>2026-09-14T11:30:02.000Z</time>
      </trkpt>
      <trkpt lat="40.269630365073680877685546875" lon="9.44343005307018756866455078125">
        <ele>553.5999755859375</ele>
        <time>2026-09-14T11:30:03.000Z</time>
      </trkpt>
      <trkpt lat="40.2696308679878711700439453125" lon="9.44343022070825099945068359375">
        <ele>553.5999755859375</ele>
        <time>2026-09-14T11:30:04.000Z</time>
      </trkpt>
      <trkpt lat="40.26963698677718639373779296875" lon="9.44342317990958690643310546875">
        <ele>553.20001220703125</ele>
        <time>2026-09-14T11:30:11.000Z</time>
      </trkpt>
      <trkpt lat="40.2696275152266025543212890625" lon="9.44338981993496417999267578125">
        <ele>555</ele>
        <time>2026-09-14T11:30:17.000Z</time>
      </trkpt>
      <trkpt lat="40.269621312618255615234375" lon="9.44337305612862110137939453125">
        <ele>556</ele>
        <time>2026-09-14T11:30:20.000Z</time>
      </trkpt>
      <trkpt lat="40.26957579888403415679931640625" lon="9.443379342555999755859375">
        <ele>559.79998779296875</ele>
        <time>2026-09-14T11:30:26.000Z</time>
      </trkpt>
      <trkpt lat="40.26953238062560558319091796875" lon="9.44338596425950527191162109375">
        <ele>563.5999755859375</ele>
        <time>2026-09-14T11:30:33.000Z</time>
      </trkpt>
      <trkpt lat="40.2694994397461414337158203125" lon="9.4433587230741977691650390625">
        <ele>567.20001220703125</ele>
        <time>2026-09-14T11:30:39.000Z</time>
      </trkpt>
      <trkpt lat="40.269442610442638397216796875" lon="9.443393088877201080322265625">
        <ele>571.4000244140625</ele>
        <time>2026-09-14T11:30:46.000Z</time>
      </trkpt>
      <trkpt lat="40.2693934924900531768798828125" lon="9.44342200644314289093017578125">
        <ele>573.79998779296875</ele>
        <time>2026-09-14T11:30:53.000Z</time>
      </trkpt>
      <trkpt lat="40.26938368566334247589111328125" lon="9.443434663116931915283203125">
        <ele>574.20001220703125</ele>
        <time>2026-09-14T11:30:56.000Z</time>
      </trkpt>
      <trkpt lat="40.26936323381960391998291015625" lon="9.44340683519840240478515625">
        <ele>577.20001220703125</ele>
        <time>2026-09-14T11:30:59.000Z</time>
      </trkpt>
      <trkpt lat="40.26936893351376056671142578125" lon="9.44338261149823665618896484375">
        <ele>577.5999755859375</ele>
        <time>2026-09-14T11:31:01.000Z</time>
      </trkpt>
      <trkpt lat="40.26935351081192493438720703125" lon="9.44338093511760234832763671875">
        <ele>579.20001220703125</ele>
        <time>2026-09-14T11:31:05.000Z</time>
      </trkpt>
      <trkpt lat="40.26936071924865245819091796875" lon="9.44338646717369556427001953125">
        <ele>578.20001220703125</ele>
        <time>2026-09-14T11:31:10.000Z</time>
      </trkpt>
      <trkpt lat="40.269309841096401214599609375" lon="9.44339367561042308807373046875">
        <ele>582.79998779296875</ele>
        <time>2026-09-14T11:31:16.000Z</time>
      </trkpt>
      <trkpt lat="40.26928243227303028106689453125" lon="9.44343407638370990753173828125">
        <ele>584</ele>
        <time>2026-09-14T11:31:23.000Z</time>
      </trkpt>
      <trkpt lat="40.26930590160191059112548828125" lon="9.44338965229690074920654296875">
        <ele>583.4000244140625</ele>
        <time>2026-09-14T11:31:28.000Z</time>
      </trkpt>
      <trkpt lat="40.26927790604531764984130859375" lon="9.44330482743680477142333984375">
        <ele>589.5999755859375</ele>
        <time>2026-09-14T11:31:36.000Z</time>
      </trkpt>
      <trkpt lat="40.26928209699690341949462890625" lon="9.4432438910007476806640625">
        <ele>592.5999755859375</ele>
        <time>2026-09-14T11:31:43.000Z</time>
      </trkpt>
      <trkpt lat="40.26927824132144451141357421875" lon="9.44320793263614177703857421875">
        <ele>594.5999755859375</ele>
        <time>2026-09-14T11:31:49.000Z</time>
      </trkpt>
      <trkpt lat="40.26923147030174732208251953125" lon="9.4432521052658557891845703125">
        <ele>597</ele>
        <time>2026-09-14T11:31:55.000Z</time>
      </trkpt>
      <trkpt lat="40.2692040614783763885498046875" lon="9.44323106668889522552490234375">
        <ele>600.79998779296875</ele>
        <time>2026-09-14T11:32:00.000Z</time>
      </trkpt>
      <trkpt lat="40.26920263655483722686767578125" lon="9.443197287619113922119140625">
        <ele>602.79998779296875</ele>
        <time>2026-09-14T11:32:05.000Z</time>
      </trkpt>
      <trkpt lat="40.2691936679184436798095703125" lon="9.44313031621277332305908203125">
        <ele>607.20001220703125</ele>
        <time>2026-09-14T11:32:12.000Z</time>
      </trkpt>
      <trkpt lat="40.26919274590909481048583984375" lon="9.44312109611928462982177734375">
        <ele>607.5999755859375</ele>
        <time>2026-09-14T11:32:13.000Z</time>
      </trkpt>
      <trkpt lat="40.269203893840312957763671875" lon="9.44309896789491176605224609375">
        <ele>606.79998779296875</ele>
        <time>2026-09-14T11:32:18.000Z</time>
      </trkpt>
      <trkpt lat="40.2692161314189434051513671875" lon="9.443104080855846405029296875">
        <ele>605.20001220703125</ele>
        <time>2026-09-14T11:32:20.000Z</time>
      </trkpt>
      <trkpt lat="40.26919710449874401092529296875" lon="9.44305236451327800750732421875">
        <ele>609</ele>
        <time>2026-09-14T11:32:24.000Z</time>
      </trkpt>
      <trkpt lat="40.26920682750642299652099609375" lon="9.4430388696491718292236328125">
        <ele>608.20001220703125</ele>
        <time>2026-09-14T11:32:25.000Z</time>
      </trkpt>
      <trkpt lat="40.26922225020825862884521484375" lon="9.44298262707889080047607421875">
        <ele>608.20001220703125</ele>
        <time>2026-09-14T11:32:29.000Z</time>
      </trkpt>
      <trkpt lat="40.26921965181827545166015625" lon="9.44296753965318202972412109375">
        <ele>609</ele>
        <time>2026-09-14T11:32:33.000Z</time>
      </trkpt>
      <trkpt lat="40.26919961906969547271728515625" lon="9.44297038950026035308837890625">
        <ele>611.4000244140625</ele>
        <time>2026-09-14T11:32:34.000Z</time>
      </trkpt>
      <trkpt lat="40.26920263655483722686767578125" lon="9.4429516978561878204345703125">
        <ele>611.5999755859375</ele>
        <time>2026-09-14T11:32:36.000Z</time>
      </trkpt>
      <trkpt lat="40.26919643394649028778076171875" lon="9.44294013082981109619140625">
        <ele>612.79998779296875</ele>
        <time>2026-09-14T11:32:39.000Z</time>
      </trkpt>
      <trkpt lat="40.26919710449874401092529296875" lon="9.44295060820877552032470703125">
        <ele>612.4000244140625</ele>
        <time>2026-09-14T11:32:41.000Z</time>
      </trkpt>
      <trkpt lat="40.26920615695416927337646484375" lon="9.4429671205580234527587890625">
        <ele>610.5999755859375</ele>
        <time>2026-09-14T11:32:43.000Z</time>
      </trkpt>
      <trkpt lat="40.26922811754047870635986328125" lon="9.4430046714842319488525390625">
        <ele>606.79998779296875</ele>
        <time>2026-09-14T11:32:46.000Z</time>
      </trkpt>
      <trkpt lat="40.26922744698822498321533203125" lon="9.4430159032344818115234375">
        <ele>606.4000244140625</ele>
        <time>2026-09-14T11:32:48.000Z</time>
      </trkpt>
      <trkpt lat="40.26919442228972911834716796875" lon="9.443018250167369842529296875">
        <ele>610.4000244140625</ele>
        <time>2026-09-14T11:32:50.000Z</time>
      </trkpt>
      <trkpt lat="40.26921219192445278167724609375" lon="9.44302260875701904296875">
        <ele>608.20001220703125</ele>
        <time>2026-09-14T11:32:51.000Z</time>
      </trkpt>
      <trkpt lat="40.2692225016653537750244140625" lon="9.44302235729992389678955078125">
        <ele>606.79998779296875</ele>
        <time>2026-09-14T11:32:52.000Z</time>
      </trkpt>
      <trkpt lat="40.2691966854035854339599609375" lon="9.44301062263548374176025390625">
        <ele>610.4000244140625</ele>
        <time>2026-09-14T11:32:53.000Z</time>
      </trkpt>
      <trkpt lat="40.26918956078588962554931640625" lon="9.44300777278840541839599609375">
        <ele>611.4000244140625</ele>
        <time>2026-09-14T11:32:55.000Z</time>
      </trkpt>
      <trkpt lat="40.26919526048004627227783203125" lon="9.44302135147154331207275390625">
        <ele>610.20001220703125</ele>
        <time>2026-09-14T11:32:56.000Z</time>
      </trkpt>
      <trkpt lat="40.26920489966869354248046875" lon="9.44304364733397960662841796875">
        <ele>608.4000244140625</ele>
        <time>2026-09-14T11:32:58.000Z</time>
      </trkpt>
      <trkpt lat="40.26925410144031047821044921875" lon="9.44303677417337894439697265625">
        <ele>602.5999755859375</ele>
        <time>2026-09-14T11:33:00.000Z</time>
      </trkpt>
      <trkpt lat="40.26930372230708599090576171875" lon="9.443028308451175689697265625">
        <ele>596.79998779296875</ele>
        <time>2026-09-14T11:33:01.000Z</time>
      </trkpt>
      <trkpt lat="40.26937228627502918243408203125" lon="9.44302956573665142059326171875">
        <ele>588.4000244140625</ele>
        <time>2026-09-14T11:33:03.000Z</time>
      </trkpt>
      <trkpt lat="40.26938469149172306060791015625" lon="9.443039037287235260009765625">
        <ele>586.5999755859375</ele>
        <time>2026-09-14T11:33:04.000Z</time>
      </trkpt>
      <trkpt lat="40.26940464042127132415771484375" lon="9.4430465810000896453857421875">
        <ele>584.5999755859375</ele>
        <time>2026-09-14T11:33:09.000Z</time>
      </trkpt>
      <trkpt lat="40.26943682692945003509521484375" lon="9.44301255047321319580078125">
        <ele>582.79998779296875</ele>
        <time>2026-09-14T11:33:13.000Z</time>
      </trkpt>
      <trkpt lat="40.26942743919789791107177734375" lon="9.4429758377373218536376953125">
        <ele>584.4000244140625</ele>
        <time>2026-09-14T11:33:15.000Z</time>
      </trkpt>
      <trkpt lat="40.2694276906549930572509765625" lon="9.4429312460124492645263671875">
        <ele>585.20001220703125</ele>
        <time>2026-09-14T11:33:17.000Z</time>
      </trkpt>
      <trkpt lat="40.26944537647068500518798828125" lon="9.44292261265218257904052734375">
        <ele>584</ele>
        <time>2026-09-14T11:33:18.000Z</time>
      </trkpt>
      <trkpt lat="40.2694417722523212432861328125" lon="9.44289931096136569976806640625">
        <ele>584.79998779296875</ele>
        <time>2026-09-14T11:33:19.000Z</time>
      </trkpt>
      <trkpt lat="40.2694649063050746917724609375" lon="9.44278649054467678070068359375">
        <ele>586.5999755859375</ele>
        <time>2026-09-14T11:33:24.000Z</time>
      </trkpt>
      <trkpt lat="40.2695061452686786651611328125" lon="9.44275438785552978515625">
        <ele>585.5999755859375</ele>
        <time>2026-09-14T11:33:28.000Z</time>
      </trkpt>
      <trkpt lat="40.26953036896884441375732421875" lon="9.44272630847990512847900390625">
        <ele>585</ele>
        <time>2026-09-14T11:33:31.000Z</time>
      </trkpt>
      <trkpt lat="40.26954956352710723876953125" lon="9.44269068539142608642578125">
        <ele>585</ele>
        <time>2026-09-14T11:33:38.000Z</time>
      </trkpt>
      <trkpt lat="40.26953288353979587554931640625" lon="9.44268071092665195465087890625">
        <ele>586.20001220703125</ele>
        <time>2026-09-14T11:33:40.000Z</time>
      </trkpt>
      <trkpt lat="40.26951578445732593536376953125" lon="9.44268054328858852386474609375">
        <ele>587.4000244140625</ele>
        <time>2026-09-14T11:33:42.000Z</time>
      </trkpt>
      <trkpt lat="40.26954545639455318450927734375" lon="9.442674927413463592529296875">
        <ele>585.79998779296875</ele>
        <time>2026-09-14T11:33:44.000Z</time>
      </trkpt>
      <trkpt lat="40.26955953799188137054443359375" lon="9.4426593370735645294189453125">
        <ele>585.4000244140625</ele>
        <time>2026-09-14T11:33:45.000Z</time>
      </trkpt>
      <trkpt lat="40.26960697956383228302001953125" lon="9.442614577710628509521484375">
        <ele>585</ele>
        <time>2026-09-14T11:33:50.000Z</time>
      </trkpt>
      <trkpt lat="40.26963631622493267059326171875" lon="9.4425668008625507354736328125">
        <ele>585.5999755859375</ele>
        <time>2026-09-14T11:33:56.000Z</time>
      </trkpt>
      <trkpt lat="40.26969901286065578460693359375" lon="9.442513994872570037841796875">
        <ele>585.4000244140625</ele>
        <time>2026-09-14T11:34:04.000Z</time>
      </trkpt>
      <trkpt lat="40.26970203034579753875732421875" lon="9.44245037622749805450439453125">
        <ele>588.20001220703125</ele>
        <time>2026-09-14T11:34:10.000Z</time>
      </trkpt>
      <trkpt lat="40.26974595151841640472412109375" lon="9.44240930490195751190185546875">
        <ele>588.79998779296875</ele>
        <time>2026-09-14T11:34:18.000Z</time>
      </trkpt>
      <trkpt lat="40.26975550688803195953369140625" lon="9.4423847459256649017333984375">
        <ele>589.4000244140625</ele>
        <time>2026-09-14T11:34:22.000Z</time>
      </trkpt>
      <trkpt lat="40.26975064538419246673583984375" lon="9.44237795658409595489501953125">
        <ele>590</ele>
        <time>2026-09-14T11:34:28.000Z</time>
      </trkpt>
      <trkpt lat="40.2697495557367801666259765625" lon="9.4423773698508739471435546875">
        <ele>590</ele>
        <time>2026-09-14T11:34:31.000Z</time>
      </trkpt>
      <trkpt lat="40.2697495557367801666259765625" lon="9.4423773698508739471435546875">
        <ele>590</ele>
        <time>2026-09-14T11:34:38.000Z</time>
      </trkpt>
      <trkpt lat="40.2697495557367801666259765625" lon="9.4423773698508739471435546875">
        <ele>590</ele>
        <time>2026-09-14T11:34:43.000Z</time>
      </trkpt>
      <trkpt lat="40.2697495557367801666259765625" lon="9.4423773698508739471435546875">
        <ele>590</ele>
        <time>2026-09-14T11:34:44.000Z</time>
      </trkpt>
      <trkpt lat="40.26972482912242412567138671875" lon="9.44235834293067455291748046875">
        <ele>591.5999755859375</ele>
        <time>2026-09-14T11:34:56.000Z</time>
      </trkpt>
      <trkpt lat="40.26972633786499500274658203125" lon="9.4423391483724117279052734375">
        <ele>592.20001220703125</ele>
        <time>2026-09-14T11:34:59.000Z</time>
      </trkpt>
      <trkpt lat="40.26971309445798397064208984375" lon="9.4422804750502109527587890625">
        <ele>595.20001220703125</ele>
        <time>2026-09-14T11:35:05.000Z</time>
      </trkpt>
      <trkpt lat="40.269730947911739349365234375" lon="9.44222020916640758514404296875">
        <ele>597.5999755859375</ele>
        <time>2026-09-14T11:35:12.000Z</time>
      </trkpt>
      <trkpt lat="40.2697250805795192718505859375" lon="9.44216229021549224853515625">
        <ele>601.4000244140625</ele>
        <time>2026-09-14T11:35:20.000Z</time>
      </trkpt>
      <trkpt lat="40.269740335643291473388671875" lon="9.4421468675136566162109375">
        <ele>602</ele>
        <time>2026-09-14T11:35:26.000Z</time>
      </trkpt>
      <trkpt lat="40.2697693370282649993896484375" lon="9.44211996160447597503662109375">
        <ele>603</ele>
        <time>2026-09-14T11:35:32.000Z</time>
      </trkpt>
      <trkpt lat="40.2697804011404514312744140625" lon="9.44207511842250823974609375">
        <ele>605.79998779296875</ele>
        <time>2026-09-14T11:35:38.000Z</time>
      </trkpt>
      <trkpt lat="40.269793309271335601806640625" lon="9.44204452447593212127685546875">
        <ele>607</ele>
        <time>2026-09-14T11:35:42.000Z</time>
      </trkpt>
      <trkpt lat="40.269798003137111663818359375" lon="9.442020468413829803466796875">
        <ele>607.5999755859375</ele>
        <time>2026-09-14T11:35:46.000Z</time>
      </trkpt>
      <trkpt lat="40.2698135934770107269287109375" lon="9.44200001657009124755859375">
        <ele>607.4000244140625</ele>
        <time>2026-09-14T11:35:54.000Z</time>
      </trkpt>
      <trkpt lat="40.269838236272335052490234375" lon="9.44196271710097789764404296875">
        <ele>607.4000244140625</ele>
        <time>2026-09-14T11:36:00.000Z</time>
      </trkpt>
      <trkpt lat="40.2698591910302639007568359375" lon="9.4419525749981403350830078125">
        <ele>606.5999755859375</ele>
        <time>2026-09-14T11:36:06.000Z</time>
      </trkpt>
      <trkpt lat="40.2698591910302639007568359375" lon="9.4419482164084911346435546875">
        <ele>606.79998779296875</ele>
        <time>2026-09-14T11:36:08.000Z</time>
      </trkpt>
      <trkpt lat="40.26985206641256809234619140625" lon="9.44195576012134552001953125">
        <ele>606.79998779296875</ele>
        <time>2026-09-14T11:36:12.000Z</time>
      </trkpt>
      <trkpt lat="40.2698518149554729461669921875" lon="9.44195718504488468170166015625">
        <ele>606.79998779296875</ele>
        <time>2026-09-14T11:36:13.000Z</time>
      </trkpt>
      <trkpt lat="40.26983144693076610565185546875" lon="9.441973865032196044921875">
        <ele>607.4000244140625</ele>
        <time>2026-09-14T11:36:16.000Z</time>
      </trkpt>
      <trkpt lat="40.2698286809027194976806640625" lon="9.44197160191833972930908203125">
        <ele>607.5999755859375</ele>
        <time>2026-09-14T11:36:17.000Z</time>
      </trkpt>
      <trkpt lat="40.26983513496816158294677734375" lon="9.44194830022752285003662109375">
        <ele>608</ele>
        <time>2026-09-14T11:36:19.000Z</time>
      </trkpt>
      <trkpt lat="40.269828177988529205322265625" lon="9.4419321231544017791748046875">
        <ele>609</ele>
        <time>2026-09-14T11:36:25.000Z</time>
      </trkpt>
      <trkpt lat="40.26982742361724376678466796875" lon="9.441924579441547393798828125">
        <ele>609.5999755859375</ele>
        <time>2026-09-14T11:36:26.000Z</time>
      </trkpt>
      <trkpt lat="40.26985240168869495391845703125" lon="9.4418928958475589752197265625">
        <ele>610.20001220703125</ele>
        <time>2026-09-14T11:36:31.000Z</time>
      </trkpt>
      <trkpt lat="40.26985994540154933929443359375" lon="9.4418898783624172210693359375">
        <ele>609.79998779296875</ele>
        <time>2026-09-14T11:36:32.000Z</time>
      </trkpt>
      <trkpt lat="40.26986463926732540130615234375" lon="9.44188007153570652008056640625">
        <ele>610.20001220703125</ele>
        <time>2026-09-14T11:36:34.000Z</time>
      </trkpt>
      <trkpt lat="40.269858352839946746826171875" lon="9.44186867214739322662353515625">
        <ele>611.4000244140625</ele>
        <time>2026-09-14T11:36:35.000Z</time>
      </trkpt>
      <trkpt lat="40.26986832730472087860107421875" lon="9.44182978011667728424072265625">
        <ele>612.20001220703125</ele>
        <time>2026-09-14T11:36:38.000Z</time>
      </trkpt>
      <trkpt lat="40.26987905614078044891357421875" lon="9.4418053887784481048583984375">
        <ele>612.20001220703125</ele>
        <time>2026-09-14T11:36:41.000Z</time>
      </trkpt>
      <trkpt lat="40.26993504725396633148193359375" lon="9.44181435741484165191650390625">
        <ele>606.79998779296875</ele>
        <time>2026-09-14T11:36:47.000Z</time>
      </trkpt>
      <trkpt lat="40.26993270032107830047607421875" lon="9.44180631078779697418212890625">
        <ele>607.20001220703125</ele>
        <time>2026-09-14T11:36:50.000Z</time>
      </trkpt>
      <trkpt lat="40.26994141750037670135498046875" lon="9.44174679927527904510498046875">
        <ele>608.5999755859375</ele>
        <time>2026-09-14T11:36:55.000Z</time>
      </trkpt>
      <trkpt lat="40.26996153406798839569091796875" lon="9.4417162053287029266357421875">
        <ele>608.4000244140625</ele>
        <time>2026-09-14T11:37:01.000Z</time>
      </trkpt>
      <trkpt lat="40.26995013467967510223388671875" lon="9.441699944436550140380859375">
        <ele>609.5999755859375</ele>
        <time>2026-09-14T11:37:06.000Z</time>
      </trkpt>
      <trkpt lat="40.26995063759386539459228515625" lon="9.44168879650533199310302734375">
        <ele>610</ele>
        <time>2026-09-14T11:37:07.000Z</time>
      </trkpt>
      <trkpt lat="40.26996354572474956512451171875" lon="9.4416608847677707672119140625">
        <ele>610</ele>
        <time>2026-09-14T11:37:12.000Z</time>
      </trkpt>
      <trkpt lat="40.269966982305049896240234375" lon="9.44161000661551952362060546875">
        <ele>611</ele>
        <time>2026-09-14T11:37:19.000Z</time>
      </trkpt>
      <trkpt lat="40.269960947334766387939453125" lon="9.44150783121585845947265625">
        <ele>613.79998779296875</ele>
        <time>2026-09-14T11:37:25.000Z</time>
      </trkpt>
      <trkpt lat="40.26996069587767124176025390625" lon="9.4414905644953250885009765625">
        <ele>614.4000244140625</ele>
        <time>2026-09-14T11:37:27.000Z</time>
      </trkpt>
      <trkpt lat="40.2699654735624790191650390625" lon="9.441465251147747039794921875">
        <ele>614.5999755859375</ele>
        <time>2026-09-14T11:37:29.000Z</time>
      </trkpt>
      <trkpt lat="40.26997108943760395050048828125" lon="9.4414288736879825592041015625">
        <ele>615.20001220703125</ele>
        <time>2026-09-14T11:37:32.000Z</time>
      </trkpt>
      <trkpt lat="40.26996421627700328826904296875" lon="9.44138252176344394683837890625">
        <ele>617.20001220703125</ele>
        <time>2026-09-14T11:37:38.000Z</time>
      </trkpt>
      <trkpt lat="40.26998332701623439788818359375" lon="9.44135217927396297454833984375">
        <ele>617.4000244140625</ele>
        <time>2026-09-14T11:37:41.000Z</time>
      </trkpt>
      <trkpt lat="40.26998139917850494384765625" lon="9.44131244905292987823486328125">
        <ele>618.79998779296875</ele>
        <time>2026-09-14T11:37:44.000Z</time>
      </trkpt>
      <trkpt lat="40.26997469365596771240234375" lon="9.441297613084316253662109375">
        <ele>619.5999755859375</ele>
        <time>2026-09-14T11:37:45.000Z</time>
      </trkpt>
      <trkpt lat="40.26994250714778900146484375" lon="9.44126215763390064239501953125">
        <ele>622.20001220703125</ele>
        <time>2026-09-14T11:37:51.000Z</time>
      </trkpt>
      <trkpt lat="40.26993856765329837799072265625" lon="9.44119946099817752838134765625">
        <ele>624.4000244140625</ele>
        <time>2026-09-14T11:37:55.000Z</time>
      </trkpt>
      <trkpt lat="40.2699460275471210479736328125" lon="9.4411492533981800079345703125">
        <ele>625.79998779296875</ele>
        <time>2026-09-14T11:37:58.000Z</time>
      </trkpt>
      <trkpt lat="40.26994393207132816314697265625" lon="9.44108831696212291717529296875">
        <ele>627.79998779296875</ele>
        <time>2026-09-14T11:38:05.000Z</time>
      </trkpt>
      <trkpt lat="40.26996991597115993499755859375" lon="9.44104741327464580535888671875">
        <ele>627.4000244140625</ele>
        <time>2026-09-14T11:38:11.000Z</time>
      </trkpt>
      <trkpt lat="40.26996891014277935028076171875" lon="9.4410402886569499969482421875">
        <ele>627.5999755859375</ele>
        <time>2026-09-14T11:38:12.000Z</time>
      </trkpt>
      <trkpt lat="40.26995214633643627166748046875" lon="9.44103132002055644989013671875">
        <ele>628.4000244140625</ele>
        <time>2026-09-14T11:38:16.000Z</time>
      </trkpt>
      <trkpt lat="40.26995466090738773345947265625" lon="9.44102126173675060272216796875">
        <ele>628.5999755859375</ele>
        <time>2026-09-14T11:38:17.000Z</time>
      </trkpt>
      <trkpt lat="40.26996019296348094940185546875" lon="9.440938532352447509765625">
        <ele>629.79998779296875</ele>
        <time>2026-09-14T11:38:27.000Z</time>
      </trkpt>
      <trkpt lat="40.26995063759386539459228515625" lon="9.440904669463634490966796875">
        <ele>630.79998779296875</ele>
        <time>2026-09-14T11:38:33.000Z</time>
      </trkpt>
      <trkpt lat="40.26993840001523494720458984375" lon="9.4408669508993625640869140625">
        <ele>632</ele>
        <time>2026-09-14T11:38:39.000Z</time>
      </trkpt>
      <trkpt lat="40.26993638835847377777099609375" lon="9.44085496477782726287841796875">
        <ele>632.4000244140625</ele>
        <time>2026-09-14T11:38:45.000Z</time>
      </trkpt>
      <trkpt lat="40.26994728483259677886962890625" lon="9.44085664115846157073974609375">
        <ele>631.79998779296875</ele>
        <time>2026-09-14T11:38:46.000Z</time>
      </trkpt>
      <trkpt lat="40.2699567563831806182861328125" lon="9.440810792148113250732421875">
        <ele>632.20001220703125</ele>
        <time>2026-09-14T11:38:52.000Z</time>
      </trkpt>
      <trkpt lat="40.26991375721991062164306640625" lon="9.4408089481294155120849609375">
        <ele>636.5999755859375</ele>
        <time>2026-09-14T11:38:58.000Z</time>
      </trkpt>
      <trkpt lat="40.269910991191864013671875" lon="9.44078405387699604034423828125">
        <ele>638</ele>
        <time>2026-09-14T11:39:00.000Z</time>
      </trkpt>
      <trkpt lat="40.269909314811229705810546875" lon="9.44076846353709697723388671875">
        <ele>638.5999755859375</ele>
        <time>2026-09-14T11:39:02.000Z</time>
      </trkpt>
      <trkpt lat="40.26990302838385105133056640625" lon="9.4407616741955280303955078125">
        <ele>639.79998779296875</ele>
        <time>2026-09-14T11:39:03.000Z</time>
      </trkpt>
      <trkpt lat="40.26990973390638828277587890625" lon="9.44074616767466068267822265625">
        <ele>638.79998779296875</ele>
        <time>2026-09-14T11:39:05.000Z</time>
      </trkpt>
      <trkpt lat="40.26992649771273136138916015625" lon="9.4407318346202373504638671875">
        <ele>636</ele>
        <time>2026-09-14T11:39:07.000Z</time>
      </trkpt>
      <trkpt lat="40.26992431841790676116943359375" lon="9.440716914832592010498046875">
        <ele>636.5999755859375</ele>
        <time>2026-09-14T11:39:08.000Z</time>
      </trkpt>
      <trkpt lat="40.2699021063745021820068359375" lon="9.44069520570337772369384765625">
        <ele>641</ele>
        <time>2026-09-14T11:39:12.000Z</time>
      </trkpt>
      <trkpt lat="40.2698989212512969970703125" lon="9.4406942836940288543701171875">
        <ele>641.5999755859375</ele>
        <time>2026-09-14T11:39:14.000Z</time>
      </trkpt>
      <trkpt lat="40.2699014358222484588623046875" lon="9.44069554097950458526611328125">
        <ele>641.20001220703125</ele>
        <time>2026-09-14T11:39:20.000Z</time>
      </trkpt>
      <trkpt lat="40.2699014358222484588623046875" lon="9.44069554097950458526611328125">
        <ele>641.20001220703125</ele>
        <time>2026-09-14T11:39:28.000Z</time>
      </trkpt>
      <trkpt lat="40.2699014358222484588623046875" lon="9.44069554097950458526611328125">
        <ele>641.20001220703125</ele>
        <time>2026-09-14T11:39:29.000Z</time>
      </trkpt>
      <trkpt lat="40.26990688405930995941162109375" lon="9.44066721014678478240966796875">
        <ele>640.5999755859375</ele>
        <time>2026-09-14T11:39:32.000Z</time>
      </trkpt>
      <trkpt lat="40.269896574318408966064453125" lon="9.4406501948833465576171875">
        <ele>642.5999755859375</ele>
        <time>2026-09-14T11:39:34.000Z</time>
      </trkpt>
      <trkpt lat="40.26990101672708988189697265625" lon="9.44058724679052829742431640625">
        <ele>642.79998779296875</ele>
        <time>2026-09-14T11:39:38.000Z</time>
      </trkpt>
      <trkpt lat="40.26989766396582126617431640625" lon="9.4405697286128997802734375">
        <ele>643.5999755859375</ele>
        <time>2026-09-14T11:39:39.000Z</time>
      </trkpt>
      <trkpt lat="40.2698964066803455352783203125" lon="9.440562687814235687255859375">
        <ele>644</ele>
        <time>2026-09-14T11:39:40.000Z</time>
      </trkpt>
      <trkpt lat="40.26989682577550411224365234375" lon="9.4404904358088970184326171875">
        <ele>642.79998779296875</ele>
        <time>2026-09-14T11:39:46.000Z</time>
      </trkpt>
      <trkpt lat="40.26989799924194812774658203125" lon="9.44046587683260440826416015625">
        <ele>643.4000244140625</ele>
        <time>2026-09-14T11:39:48.000Z</time>
      </trkpt>
      <trkpt lat="40.2699098177254199981689453125" lon="9.4404180161654949188232421875">
        <ele>643.4000244140625</ele>
        <time>2026-09-14T11:39:50.000Z</time>
      </trkpt>
      <trkpt lat="40.2699202112853527069091796875" lon="9.44039471447467803955078125">
        <ele>643</ele>
        <time>2026-09-14T11:39:51.000Z</time>
      </trkpt>
      <trkpt lat="40.2698989212512969970703125" lon="9.44035439752042293548583984375">
        <ele>646.4000244140625</ele>
        <time>2026-09-14T11:39:56.000Z</time>
      </trkpt>
      <trkpt lat="40.2698997594416141510009765625" lon="9.44031097926199436187744140625">
        <ele>647.5999755859375</ele>
        <time>2026-09-14T11:40:00.000Z</time>
      </trkpt>
      <trkpt lat="40.26989020407199859619140625" lon="9.44027409888803958892822265625">
        <ele>649.79998779296875</ele>
        <time>2026-09-14T11:40:02.000Z</time>
      </trkpt>
      <trkpt lat="40.2698840014636516571044921875" lon="9.44025331176817417144775390625">
        <ele>650.5999755859375</ele>
        <time>2026-09-14T11:40:03.000Z</time>
      </trkpt>
      <trkpt lat="40.2698927186429500579833984375" lon="9.440225400030612945556640625">
        <ele>649</ele>
        <time>2026-09-14T11:40:05.000Z</time>
      </trkpt>
      <trkpt lat="40.26990068145096302032470703125" lon="9.4402084685862064361572265625">
        <ele>648.5999755859375</ele>
        <time>2026-09-14T11:40:07.000Z</time>
      </trkpt>
      <trkpt lat="40.26989866979420185089111328125" lon="9.4402024336159229278564453125">
        <ele>649</ele>
        <time>2026-09-14T11:40:08.000Z</time>
      </trkpt>
      <trkpt lat="40.26987251825630664825439453125" lon="9.44017820991575717926025390625">
        <ele>651.20001220703125</ele>
        <time>2026-09-14T11:40:10.000Z</time>
      </trkpt>
      <trkpt lat="40.2698762901127338409423828125" lon="9.44016831927001476287841796875">
        <ele>651.4000244140625</ele>
        <time>2026-09-14T11:40:11.000Z</time>
      </trkpt>
      <trkpt lat="40.2698829956352710723876953125" lon="9.44016127847135066986083984375">
        <ele>651.20001220703125</ele>
        <time>2026-09-14T11:40:13.000Z</time>
      </trkpt>
      <trkpt lat="40.26996253989636898040771484375" lon="9.4401655532419681549072265625">
        <ele>646.5999755859375</ele>
        <time>2026-09-14T11:40:18.000Z</time>
      </trkpt>
      <trkpt lat="40.27001417241990566253662109375" lon="9.440164379775524139404296875">
        <ele>642.79998779296875</ele>
        <time>2026-09-14T11:40:20.000Z</time>
      </trkpt>
      <trkpt lat="40.2700382284820079803466796875" lon="9.4401695765554904937744140625">
        <ele>641</ele>
        <time>2026-09-14T11:40:21.000Z</time>
      </trkpt>
      <trkpt lat="40.27005038224160671234130859375" lon="9.4401876814663410186767578125">
        <ele>639.4000244140625</ele>
        <time>2026-09-14T11:40:25.000Z</time>
      </trkpt>
      <trkpt lat="40.2700187824666500091552734375" lon="9.4401833228766918182373046875">
        <ele>641.79998779296875</ele>
        <time>2026-09-14T11:40:32.000Z</time>
      </trkpt>
      <trkpt lat="40.27001903392374515533447265625" lon="9.44018290378153324127197265625">
        <ele>641.79998779296875</ele>
        <time>2026-09-14T11:40:33.000Z</time>
      </trkpt>
      <trkpt lat="40.27001895010471343994140625" lon="9.44018206559121608734130859375">
        <ele>641.79998779296875</ele>
        <time>2026-09-14T11:40:39.000Z</time>
      </trkpt>
      <trkpt lat="40.27001895010471343994140625" lon="9.44018206559121608734130859375">
        <ele>641.79998779296875</ele>
        <time>2026-09-14T11:40:41.000Z</time>
      </trkpt>
      <trkpt lat="40.27001895010471343994140625" lon="9.44018206559121608734130859375">
        <ele>641.79998779296875</ele>
        <time>2026-09-14T11:40:44.000Z</time>
      </trkpt>
      <trkpt lat="40.27001702226698398590087890625" lon="9.4401766173541545867919921875">
        <ele>642.20001220703125</ele>
        <time>2026-09-14T11:40:56.000Z</time>
      </trkpt>
      <trkpt lat="40.270007550716400146484375" lon="9.4401548244059085845947265625">
        <ele>643.5999755859375</ele>
        <time>2026-09-14T11:41:01.000Z</time>
      </trkpt>
      <trkpt lat="40.270007550716400146484375" lon="9.44015440531075000762939453125">
        <ele>643.79998779296875</ele>
        <time>2026-09-14T11:41:02.000Z</time>
      </trkpt>
      <trkpt lat="40.27000696398317813873291015625" lon="9.44015407003462314605712890625">
        <ele>643.79998779296875</ele>
        <time>2026-09-14T11:41:04.000Z</time>
      </trkpt>
      <trkpt lat="40.26999640278518199920654296875" lon="9.440152309834957122802734375">
        <ele>644.5999755859375</ele>
        <time>2026-09-14T11:41:16.000Z</time>
      </trkpt>
      <trkpt lat="40.26999623514711856842041015625" lon="9.440150968730449676513671875">
        <ele>644.5999755859375</ele>
        <time>2026-09-14T11:41:26.000Z</time>
      </trkpt>
      <trkpt lat="40.269996821880340576171875" lon="9.44015205837786197662353515625">
        <ele>644.5999755859375</ele>
        <time>2026-09-14T11:41:34.000Z</time>
      </trkpt>
      <trkpt lat="40.26998835615813732147216796875" lon="9.44015189073979854583740234375">
        <ele>645.20001220703125</ele>
        <time>2026-09-14T11:42:08.000Z</time>
      </trkpt>
      <trkpt lat="40.26998835615813732147216796875" lon="9.4401518069207668304443359375">
        <ele>645.20001220703125</ele>
        <time>2026-09-14T11:42:11.000Z</time>
      </trkpt>
      <trkpt lat="40.26998567394912242889404296875" lon="9.4401575066149234771728515625">
        <ele>645.20001220703125</ele>
        <time>2026-09-14T11:42:19.000Z</time>
      </trkpt>
      <trkpt lat="40.26994912885129451751708984375" lon="9.44016312249004840850830078125">
        <ele>647.5999755859375</ele>
        <time>2026-09-14T11:42:26.000Z</time>
      </trkpt>
      <trkpt lat="40.26994912885129451751708984375" lon="9.44016966037452220916748046875">
        <ele>647.4000244140625</ele>
        <time>2026-09-14T11:42:36.000Z</time>
      </trkpt>
      <trkpt lat="40.26994728483259677886962890625" lon="9.4401739351451396942138671875">
        <ele>647.4000244140625</ele>
        <time>2026-09-14T11:42:43.000Z</time>
      </trkpt>
      <trkpt lat="40.2699299342930316925048828125" lon="9.4401754438877105712890625">
        <ele>648.4000244140625</ele>
        <time>2026-09-14T11:42:50.000Z</time>
      </trkpt>
      <trkpt lat="40.26994158513844013214111328125" lon="9.4401196204125881195068359375">
        <ele>649.79998779296875</ele>
        <time>2026-09-14T11:42:56.000Z</time>
      </trkpt>
      <trkpt lat="40.26994510553777217864990234375" lon="9.44009455852210521697998046875">
        <ele>650.4000244140625</ele>
        <time>2026-09-14T11:42:57.000Z</time>
      </trkpt>
      <trkpt lat="40.26994946412742137908935546875" lon="9.439924322068691253662109375">
        <ele>656.4000244140625</ele>
        <time>2026-09-14T11:43:04.000Z</time>
      </trkpt>
      <trkpt lat="40.26995851658284664154052734375" lon="9.43990361876785755157470703125">
        <ele>656.5999755859375</ele>
        <time>2026-09-14T11:43:06.000Z</time>
      </trkpt>
      <trkpt lat="40.2699644677340984344482421875" lon="9.4398755393922328948974609375">
        <ele>657.20001220703125</ele>
        <time>2026-09-14T11:43:08.000Z</time>
      </trkpt>
      <trkpt lat="40.26997075416147708892822265625" lon="9.4398584403097629547119140625">
        <ele>657.4000244140625</ele>
        <time>2026-09-14T11:43:09.000Z</time>
      </trkpt>
      <trkpt lat="40.27001316659152507781982421875" lon="9.43978258408606052398681640625">
        <ele>657.4000244140625</ele>
        <time>2026-09-14T11:43:14.000Z</time>
      </trkpt>
      <trkpt lat="40.27001601643860340118408203125" lon="9.4397704303264617919921875">
        <ele>657.79998779296875</ele>
        <time>2026-09-14T11:43:15.000Z</time>
      </trkpt>
      <trkpt lat="40.2700362168252468109130859375" lon="9.439764060080051422119140625">
        <ele>656.79998779296875</ele>
        <time>2026-09-14T11:43:17.000Z</time>
      </trkpt>
      <trkpt lat="40.27004241943359375" lon="9.43971603177487850189208984375">
        <ele>658.5999755859375</ele>
        <time>2026-09-14T11:43:21.000Z</time>
      </trkpt>
      <trkpt lat="40.27006161399185657501220703125" lon="9.439680576324462890625">
        <ele>658.5999755859375</ele>
        <time>2026-09-14T11:43:25.000Z</time>
      </trkpt>
      <trkpt lat="40.27007670141756534576416015625" lon="9.43965400569140911102294921875">
        <ele>658.5999755859375</ele>
        <time>2026-09-14T11:43:28.000Z</time>
      </trkpt>
      <trkpt lat="40.27009480632841587066650390625" lon="9.43957932293415069580078125">
        <ele>659.5999755859375</ele>
        <time>2026-09-14T11:43:33.000Z</time>
      </trkpt>
      <trkpt lat="40.2700824849307537078857421875" lon="9.43952157162129878997802734375">
        <ele>660.20001220703125</ele>
        <time>2026-09-14T11:43:38.000Z</time>
      </trkpt>
      <trkpt lat="40.2700700797140598297119140625" lon="9.43948267959058284759521484375">
        <ele>661.20001220703125</ele>
        <time>2026-09-14T11:43:41.000Z</time>
      </trkpt>
      <trkpt lat="40.27006429620087146759033203125" lon="9.43946004845201969146728515625">
        <ele>661.5999755859375</ele>
        <time>2026-09-14T11:43:43.000Z</time>
      </trkpt>
      <trkpt lat="40.2700392343103885650634765625" lon="9.43939249031245708465576171875">
        <ele>663</ele>
        <time>2026-09-14T11:43:48.000Z</time>
      </trkpt>
      <trkpt lat="40.27003898285329341888427734375" lon="9.43937824107706546783447265625">
        <ele>662.5999755859375</ele>
        <time>2026-09-14T11:43:49.000Z</time>
      </trkpt>
      <trkpt lat="40.27003143914043903350830078125" lon="9.43933985196053981781005859375">
        <ele>662.4000244140625</ele>
        <time>2026-09-14T11:43:51.000Z</time>
      </trkpt>
      <trkpt lat="40.270020626485347747802734375" lon="9.439289309084415435791015625">
        <ele>662.4000244140625</ele>
        <time>2026-09-14T11:43:54.000Z</time>
      </trkpt>
      <trkpt lat="40.27001048438251018524169921875" lon="9.43918109871447086334228515625">
        <ele>661.5999755859375</ele>
        <time>2026-09-14T11:44:02.000Z</time>
      </trkpt>
      <trkpt lat="40.27002993039786815643310546875" lon="9.43913399241864681243896484375">
        <ele>659.20001220703125</ele>
        <time>2026-09-14T11:44:06.000Z</time>
      </trkpt>
      <trkpt lat="40.27006144635379314422607421875" lon="9.4390906579792499542236328125">
        <ele>654.79998779296875</ele>
        <time>2026-09-14T11:44:09.000Z</time>
      </trkpt>
      <trkpt lat="40.270056165754795074462890625" lon="9.439057968556880950927734375">
        <ele>654</ele>
        <time>2026-09-14T11:44:12.000Z</time>
      </trkpt>
      <trkpt lat="40.27005876414477825164794921875" lon="9.43902838043868541717529296875">
        <ele>652.5999755859375</ele>
        <time>2026-09-14T11:44:15.000Z</time>
      </trkpt>
      <trkpt lat="40.27007125318050384521484375" lon="9.43893165327608585357666015625">
        <ele>648.79998779296875</ele>
        <time>2026-09-14T11:44:22.000Z</time>
      </trkpt>
      <trkpt lat="40.270068906247615814208984375" lon="9.4388066790997982025146484375">
        <ele>644.4000244140625</ele>
        <time>2026-09-14T11:44:29.000Z</time>
      </trkpt>
      <trkpt lat="40.27007485739886760711669921875" lon="9.4387919269502162933349609375">
        <ele>643.20001220703125</ele>
        <time>2026-09-14T11:44:31.000Z</time>
      </trkpt>
      <trkpt lat="40.27008206583559513092041015625" lon="9.43870819173753261566162109375">
        <ele>639.79998779296875</ele>
        <time>2026-09-14T11:44:38.000Z</time>
      </trkpt>
      <trkpt lat="40.27007385157048702239990234375" lon="9.43861397914588451385498046875">
        <ele>638.4000244140625</ele>
        <time>2026-09-14T11:44:46.000Z</time>
      </trkpt>
      <trkpt lat="40.2700667269527912139892578125" lon="9.43858514539897441864013671875">
        <ele>638.20001220703125</ele>
        <time>2026-09-14T11:44:50.000Z</time>
      </trkpt>
      <trkpt lat="40.2700630389153957366943359375" lon="9.43857014179229736328125">
        <ele>637.79998779296875</ele>
        <time>2026-09-14T11:44:52.000Z</time>
      </trkpt>
      <trkpt lat="40.27007049880921840667724609375" lon="9.43855471909046173095703125">
        <ele>637</ele>
        <time>2026-09-14T11:44:57.000Z</time>
      </trkpt>
      <trkpt lat="40.2700710855424404144287109375" lon="9.43855312652885913848876953125">
        <ele>637</ele>
        <time>2026-09-14T11:44:59.000Z</time>
      </trkpt>
      <trkpt lat="40.27004568837583065032958984375" lon="9.4385320879518985748291015625">
        <ele>637.4000244140625</ele>
        <time>2026-09-14T11:45:03.000Z</time>
      </trkpt>
      <trkpt lat="40.2700093947350978851318359375" lon="9.4384858198463916778564453125">
        <ele>637.79998779296875</ele>
        <time>2026-09-14T11:45:10.000Z</time>
      </trkpt>
      <trkpt lat="40.2699983306229114532470703125" lon="9.43848741240799427032470703125">
        <ele>638.20001220703125</ele>
        <time>2026-09-14T11:45:11.000Z</time>
      </trkpt>
      <trkpt lat="40.2699557505548000335693359375" lon="9.43848875351250171661376953125">
        <ele>640.20001220703125</ele>
        <time>2026-09-14T11:45:15.000Z</time>
      </trkpt>
      <trkpt lat="40.2699295990169048309326171875" lon="9.438499398529529571533203125">
        <ele>641.5999755859375</ele>
        <time>2026-09-14T11:45:18.000Z</time>
      </trkpt>
      <trkpt lat="40.269908644258975982666015625" lon="9.4384931959211826324462890625">
        <ele>642.79998779296875</ele>
        <time>2026-09-14T11:45:21.000Z</time>
      </trkpt>
      <trkpt lat="40.26990830898284912109375" lon="9.4384722411632537841796875">
        <ele>642.20001220703125</ele>
        <time>2026-09-14T11:45:25.000Z</time>
      </trkpt>
      <trkpt lat="40.26990487240254878997802734375" lon="9.43846176378428936004638671875">
        <ele>642.20001220703125</ele>
        <time>2026-09-14T11:45:27.000Z</time>
      </trkpt>
      <trkpt lat="40.26987520046532154083251953125" lon="9.438466541469097137451171875">
        <ele>644</ele>
        <time>2026-09-14T11:45:30.000Z</time>
      </trkpt>
      <trkpt lat="40.2698598615825176239013671875" lon="9.43844114430248737335205078125">
        <ele>644.20001220703125</ele>
        <time>2026-09-14T11:45:33.000Z</time>
      </trkpt>
      <trkpt lat="40.26985265314579010009765625" lon="9.438424967229366302490234375">
        <ele>644.20001220703125</ele>
        <time>2026-09-14T11:45:35.000Z</time>
      </trkpt>
      <trkpt lat="40.26982155628502368927001953125" lon="9.438394121825695037841796875">
        <ele>645.20001220703125</ele>
        <time>2026-09-14T11:45:40.000Z</time>
      </trkpt>
      <trkpt lat="40.26977964676916599273681640625" lon="9.43833335302770137786865234375">
        <ele>646</ele>
        <time>2026-09-14T11:45:46.000Z</time>
      </trkpt>
      <trkpt lat="40.26974536478519439697265625" lon="9.43829479627311229705810546875">
        <ele>647.20001220703125</ele>
        <time>2026-09-14T11:45:49.000Z</time>
      </trkpt>
      <trkpt lat="40.269710160791873931884765625" lon="9.43827417679131031036376953125">
        <ele>649</ele>
        <time>2026-09-14T11:45:52.000Z</time>
      </trkpt>
      <trkpt lat="40.269659869372844696044921875" lon="9.43815381266176700592041015625">
        <ele>650</ele>
        <time>2026-09-14T11:45:58.000Z</time>
      </trkpt>
      <trkpt lat="40.2696405909955501556396484375" lon="9.4381391443312168121337890625">
        <ele>650.79998779296875</ele>
        <time>2026-09-14T11:46:00.000Z</time>
      </trkpt>
      <trkpt lat="40.26963363401591777801513671875" lon="9.43812866695225238800048828125">
        <ele>650.79998779296875</ele>
        <time>2026-09-14T11:46:02.000Z</time>
      </trkpt>
      <trkpt lat="40.26964754797518253326416015625" lon="9.43807451985776424407958984375">
        <ele>649.20001220703125</ele>
        <time>2026-09-14T11:46:04.000Z</time>
      </trkpt>
      <trkpt lat="40.26964955963194370269775390625" lon="9.4380543194711208343505859375">
        <ele>648.79998779296875</ele>
        <time>2026-09-14T11:46:05.000Z</time>
      </trkpt>
      <trkpt lat="40.26966196484863758087158203125" lon="9.43795633502304553985595703125">
        <ele>645.5999755859375</ele>
        <time>2026-09-14T11:46:14.000Z</time>
      </trkpt>
      <trkpt lat="40.26967152021825313568115234375" lon="9.43791023455560207366943359375">
        <ele>643.79998779296875</ele>
        <time>2026-09-14T11:46:19.000Z</time>
      </trkpt>
      <trkpt lat="40.26963296346366405487060546875" lon="9.43786011077463626861572265625">
        <ele>645.5999755859375</ele>
        <time>2026-09-14T11:46:22.000Z</time>
      </trkpt>
      <trkpt lat="40.26962005533277988433837890625" lon="9.437852986156940460205078125">
        <ele>646.5999755859375</ele>
        <time>2026-09-14T11:46:23.000Z</time>
      </trkpt>
      <trkpt lat="40.26961167342960834503173828125" lon="9.43785776384174823760986328125">
        <ele>647.4000244140625</ele>
        <time>2026-09-14T11:46:26.000Z</time>
      </trkpt>
      <trkpt lat="40.2696251682937145233154296875" lon="9.4378658942878246307373046875">
        <ele>646.5999755859375</ele>
        <time>2026-09-14T11:46:27.000Z</time>
      </trkpt>
      <trkpt lat="40.26964670978486537933349609375" lon="9.4378782995045185089111328125">
        <ele>645</ele>
        <time>2026-09-14T11:46:28.000Z</time>
      </trkpt>
      <trkpt lat="40.2697165310382843017578125" lon="9.43789648823440074920654296875">
        <ele>640</ele>
        <time>2026-09-14T11:46:32.000Z</time>
      </trkpt>
      <trkpt lat="40.2697223983705043792724609375" lon="9.4378970749676227569580078125">
        <ele>639.5999755859375</ele>
        <time>2026-09-14T11:46:33.000Z</time>
      </trkpt>
      <trkpt lat="40.26973673142492771148681640625" lon="9.4379017688333988189697265625">
        <ele>638.5999755859375</ele>
        <time>2026-09-14T11:46:35.000Z</time>
      </trkpt>
      <trkpt lat="40.26974201202392578125" lon="9.437901265919208526611328125">
        <ele>638.20001220703125</ele>
        <time>2026-09-14T11:46:36.000Z</time>
      </trkpt>
      <trkpt lat="40.26974000036716461181640625" lon="9.43789129145443439483642578125">
        <ele>638.20001220703125</ele>
        <time>2026-09-14T11:46:38.000Z</time>
      </trkpt>
      <trkpt lat="40.26975031010806560516357421875" lon="9.43784854374825954437255859375">
        <ele>636.20001220703125</ele>
        <time>2026-09-14T11:46:44.000Z</time>
      </trkpt>
      <trkpt lat="40.26978299953043460845947265625" lon="9.4377679936587810516357421875">
        <ele>631.4000244140625</ele>
        <time>2026-09-14T11:46:50.000Z</time>
      </trkpt>
      <trkpt lat="40.26978434063494205474853515625" lon="9.43768878467381000518798828125">
        <ele>629.20001220703125</ele>
        <time>2026-09-14T11:46:57.000Z</time>
      </trkpt>
      <trkpt lat="40.26980512775480747222900390625" lon="9.4376747868955135345458984375">
        <ele>627.20001220703125</ele>
        <time>2026-09-14T11:46:59.000Z</time>
      </trkpt>
      <trkpt lat="40.26980571448802947998046875" lon="9.43762399256229400634765625">
        <ele>625.79998779296875</ele>
        <time>2026-09-14T11:47:03.000Z</time>
      </trkpt>
      <trkpt lat="40.26982172392308712005615234375" lon="9.43755316548049449920654296875">
        <ele>622.79998779296875</ele>
        <time>2026-09-14T11:47:10.000Z</time>
      </trkpt>
      <trkpt lat="40.269816108047962188720703125" lon="9.43753908388316631317138671875">
        <ele>623</ele>
        <time>2026-09-14T11:47:11.000Z</time>
      </trkpt>
      <trkpt lat="40.26979791931807994842529296875" lon="9.4374880380928516387939453125">
        <ele>623</ele>
        <time>2026-09-14T11:47:14.000Z</time>
      </trkpt>
      <trkpt lat="40.26980814523994922637939453125" lon="9.43744017742574214935302734375">
        <ele>621.4000244140625</ele>
        <time>2026-09-14T11:47:17.000Z</time>
      </trkpt>
      <trkpt lat="40.2698015235364437103271484375" lon="9.43739156238734722137451171875">
        <ele>621</ele>
        <time>2026-09-14T11:47:21.000Z</time>
      </trkpt>
      <trkpt lat="40.269802697002887725830078125" lon="9.437364824116230010986328125">
        <ele>620.4000244140625</ele>
        <time>2026-09-14T11:47:23.000Z</time>
      </trkpt>
      <trkpt lat="40.26978828012943267822265625" lon="9.4372550211846828460693359375">
        <ele>620.79998779296875</ele>
        <time>2026-09-14T11:47:29.000Z</time>
      </trkpt>
      <trkpt lat="40.26975466869771480560302734375" lon="9.43718369118869304656982421875">
        <ele>622.5999755859375</ele>
        <time>2026-09-14T11:47:36.000Z</time>
      </trkpt>
      <trkpt lat="40.2697478793561458587646484375" lon="9.4371356628835201263427734375">
        <ele>622.4000244140625</ele>
        <time>2026-09-14T11:47:39.000Z</time>
      </trkpt>
      <trkpt lat="40.26975416578352451324462890625" lon="9.4370588846504688262939453125">
        <ele>621.20001220703125</ele>
        <time>2026-09-14T11:47:43.000Z</time>
      </trkpt>
      <trkpt lat="40.269742347300052642822265625" lon="9.4370050728321075439453125">
        <ele>621.4000244140625</ele>
        <time>2026-09-14T11:47:46.000Z</time>
      </trkpt>
      <trkpt lat="40.26972902007400989532470703125" lon="9.4369851239025592803955078125">
        <ele>622</ele>
        <time>2026-09-14T11:47:47.000Z</time>
      </trkpt>
      <trkpt lat="40.26971946470439434051513671875" lon="9.4369526021182537078857421875">
        <ele>622.4000244140625</ele>
        <time>2026-09-14T11:47:48.000Z</time>
      </trkpt>
      <trkpt lat="40.26972751133143901824951171875" lon="9.43693743087351322174072265625">
        <ele>621.5999755859375</ele>
        <time>2026-09-14T11:47:49.000Z</time>
      </trkpt>
      <trkpt lat="40.26971854269504547119140625" lon="9.4368778355419635772705078125">
        <ele>621.79998779296875</ele>
        <time>2026-09-14T11:47:53.000Z</time>
      </trkpt>
      <trkpt lat="40.2697234041988849639892578125" lon="9.43686760962009429931640625">
        <ele>621.4000244140625</ele>
        <time>2026-09-14T11:47:54.000Z</time>
      </trkpt>
      <trkpt lat="40.26974980719387531280517578125" lon="9.436849839985370635986328125">
        <ele>619.5999755859375</ele>
        <time>2026-09-14T11:47:56.000Z</time>
      </trkpt>
      <trkpt lat="40.2697596140205860137939453125" lon="9.43684204481542110443115234375">
        <ele>618.79998779296875</ele>
        <time>2026-09-14T11:47:57.000Z</time>
      </trkpt>
      <trkpt lat="40.26976305060088634490966796875" lon="9.43683684803545475006103515625">
        <ele>618.5999755859375</ele>
        <time>2026-09-14T11:47:58.000Z</time>
      </trkpt>
      <trkpt lat="40.2697629667818546295166015625" lon="9.43683114834129810333251953125">
        <ele>618.5999755859375</ele>
        <time>2026-09-14T11:47:59.000Z</time>
      </trkpt>
      <trkpt lat="40.2697757072746753692626953125" lon="9.4367839582264423370361328125">
        <ele>617.4000244140625</ele>
        <time>2026-09-14T11:48:04.000Z</time>
      </trkpt>
      <trkpt lat="40.26977629400789737701416015625" lon="9.43677373230457305908203125">
        <ele>617.20001220703125</ele>
        <time>2026-09-14T11:48:05.000Z</time>
      </trkpt>
      <trkpt lat="40.26976254768669605255126953125" lon="9.43670676089823246002197265625">
        <ele>617.4000244140625</ele>
        <time>2026-09-14T11:48:12.000Z</time>
      </trkpt>
      <trkpt lat="40.26972114108502864837646484375" lon="9.436635263264179229736328125">
        <ele>619.20001220703125</ele>
        <time>2026-09-14T11:48:20.000Z</time>
      </trkpt>
      <trkpt lat="40.26969834230840206146240234375" lon="9.43655136041343212127685546875">
        <ele>619.4000244140625</ele>
        <time>2026-09-14T11:48:25.000Z</time>
      </trkpt>
      <trkpt lat="40.2696990966796875" lon="9.43651850335299968719482421875">
        <ele>618.79998779296875</ele>
        <time>2026-09-14T11:48:30.000Z</time>
      </trkpt>
      <trkpt lat="40.2697210572659969329833984375" lon="9.4364885799586772918701171875">
        <ele>616.5999755859375</ele>
        <time>2026-09-14T11:48:38.000Z</time>
      </trkpt>
      <trkpt lat="40.269731618463993072509765625" lon="9.436496458947658538818359375">
        <ele>616</ele>
        <time>2026-09-14T11:48:39.000Z</time>
      </trkpt>
      <trkpt lat="40.26973756961524486541748046875" lon="9.436513893306255340576171875">
        <ele>615.79998779296875</ele>
        <time>2026-09-14T11:48:43.000Z</time>
      </trkpt>
      <trkpt lat="40.2697401680052280426025390625" lon="9.43647868931293487548828125">
        <ele>615</ele>
        <time>2026-09-14T11:48:48.000Z</time>
      </trkpt>
      <trkpt lat="40.2697750367224216461181640625" lon="9.4364533759653568267822265625">
        <ele>613</ele>
        <time>2026-09-14T11:48:52.000Z</time>
      </trkpt>
      <trkpt lat="40.26977042667567729949951171875" lon="9.4364516995847225189208984375">
        <ele>613.20001220703125</ele>
        <time>2026-09-14T11:48:54.000Z</time>
      </trkpt>
      <trkpt lat="40.269801355898380279541015625" lon="9.43638741038739681243896484375">
        <ele>612.5999755859375</ele>
        <time>2026-09-14T11:48:59.000Z</time>
      </trkpt>
      <trkpt lat="40.26986606419086456298828125" lon="9.43633812479674816131591796875">
        <ele>610.5999755859375</ele>
        <time>2026-09-14T11:49:05.000Z</time>
      </trkpt>
      <trkpt lat="40.26990436948835849761962890625" lon="9.4363023340702056884765625">
        <ele>609.79998779296875</ele>
        <time>2026-09-14T11:49:10.000Z</time>
      </trkpt>
      <trkpt lat="40.2699725143611431121826171875" lon="9.43620870821177959442138671875">
        <ele>609.79998779296875</ele>
        <time>2026-09-14T11:49:18.000Z</time>
      </trkpt>
      <trkpt lat="40.269979052245616912841796875" lon="9.43619261495769023895263671875">
        <ele>610</ele>
        <time>2026-09-14T11:49:19.000Z</time>
      </trkpt>
      <trkpt lat="40.27001559734344482421875" lon="9.43613394163548946380615234375">
        <ele>610.5999755859375</ele>
        <time>2026-09-14T11:49:24.000Z</time>
      </trkpt>
      <trkpt lat="40.2700576744973659515380859375" lon="9.4361060298979282379150390625">
        <ele>610.4000244140625</ele>
        <time>2026-09-14T11:49:27.000Z</time>
      </trkpt>
      <trkpt lat="40.27011626400053501129150390625" lon="9.4360064528882503509521484375">
        <ele>611.5999755859375</ele>
        <time>2026-09-14T11:49:33.000Z</time>
      </trkpt>
      <trkpt lat="40.2701736800372600555419921875" lon="9.4359482824802398681640625">
        <ele>613.20001220703125</ele>
        <time>2026-09-14T11:49:39.000Z</time>
      </trkpt>
      <trkpt lat="40.2701818943023681640625" lon="9.43594434298574924468994140625">
        <ele>613.20001220703125</ele>
        <time>2026-09-14T11:49:41.000Z</time>
      </trkpt>
      <trkpt lat="40.270206034183502197265625" lon="9.43594367243349552154541015625">
        <ele>613</ele>
        <time>2026-09-14T11:49:43.000Z</time>
      </trkpt>
      <trkpt lat="40.2702772803604602813720703125" lon="9.4359347037971019744873046875">
        <ele>611.5999755859375</ele>
        <time>2026-09-14T11:49:47.000Z</time>
      </trkpt>
      <trkpt lat="40.2703074552118778228759765625" lon="9.4359112344682216644287109375">
        <ele>611.79998779296875</ele>
        <time>2026-09-14T11:49:51.000Z</time>
      </trkpt>
      <trkpt lat="40.27032095007598400115966796875" lon="9.4359031878411769866943359375">
        <ele>612.20001220703125</ele>
        <time>2026-09-14T11:49:52.000Z</time>
      </trkpt>
      <trkpt lat="40.2703594230115413665771484375" lon="9.4358679838478565216064453125">
        <ele>613.5999755859375</ele>
        <time>2026-09-14T11:49:58.000Z</time>
      </trkpt>
      <trkpt lat="40.2703899331390857696533203125" lon="9.43588281981647014617919921875">
        <ele>612.4000244140625</ele>
        <time>2026-09-14T11:50:04.000Z</time>
      </trkpt>
      <trkpt lat="40.27041566558182239532470703125" lon="9.43587963469326496124267578125">
        <ele>612.4000244140625</ele>
        <time>2026-09-14T11:50:07.000Z</time>
      </trkpt>
      <trkpt lat="40.27043963782489299774169921875" lon="9.4358887709677219390869140625">
        <ele>611.5999755859375</ele>
        <time>2026-09-14T11:50:09.000Z</time>
      </trkpt>
      <trkpt lat="40.2704546414315700531005859375" lon="9.4358998350799083709716796875">
        <ele>610.79998779296875</ele>
        <time>2026-09-14T11:50:10.000Z</time>
      </trkpt>
      <trkpt lat="40.2704804576933383941650390625" lon="9.43589488975703716278076171875">
        <ele>610.79998779296875</ele>
        <time>2026-09-14T11:50:12.000Z</time>
      </trkpt>
      <trkpt lat="40.270490348339080810546875" lon="9.43586706183850765228271484375">
        <ele>612.20001220703125</ele>
        <time>2026-09-14T11:50:15.000Z</time>
      </trkpt>
      <trkpt lat="40.27051649987697601318359375" lon="9.435824565589427947998046875">
        <ele>614</ele>
        <time>2026-09-14T11:50:19.000Z</time>
      </trkpt>
      <trkpt lat="40.270529575645923614501953125" lon="9.4358173571527004241943359375">
        <ele>614.20001220703125</ele>
        <time>2026-09-14T11:50:21.000Z</time>
      </trkpt>
      <trkpt lat="40.270535610616207122802734375" lon="9.4357881881296634674072265625">
        <ele>615.4000244140625</ele>
        <time>2026-09-14T11:50:23.000Z</time>
      </trkpt>
      <trkpt lat="40.27057341299951076507568359375" lon="9.43577737547457218170166015625">
        <ele>615.4000244140625</ele>
        <time>2026-09-14T11:50:26.000Z</time>
      </trkpt>
      <trkpt lat="40.27066879905760288238525390625" lon="9.43572356365621089935302734375">
        <ele>616.20001220703125</ele>
        <time>2026-09-14T11:50:33.000Z</time>
      </trkpt>
      <trkpt lat="40.27070081792771816253662109375" lon="9.43574334494769573211669921875">
        <ele>614.5999755859375</ele>
        <time>2026-09-14T11:50:38.000Z</time>
      </trkpt>
      <trkpt lat="40.27071406133472919464111328125" lon="9.43573705852031707763671875">
        <ele>614.79998779296875</ele>
        <time>2026-09-14T11:50:40.000Z</time>
      </trkpt>
      <trkpt lat="40.27072261087596416473388671875" lon="9.4357271678745746612548828125">
        <ele>615.20001220703125</ele>
        <time>2026-09-14T11:50:41.000Z</time>
      </trkpt>
      <trkpt lat="40.270728729665279388427734375" lon="9.435719288885593414306640625">
        <ele>615.4000244140625</ele>
        <time>2026-09-14T11:50:43.000Z</time>
      </trkpt>
      <trkpt lat="40.27081145904958248138427734375" lon="9.43570730276405811309814453125">
        <ele>614.79998779296875</ele>
        <time>2026-09-14T11:50:48.000Z</time>
      </trkpt>
      <trkpt lat="40.27084900997579097747802734375" lon="9.43569422699511051177978515625">
        <ele>614.5999755859375</ele>
        <time>2026-09-14T11:50:52.000Z</time>
      </trkpt>
      <trkpt lat="40.2708894945681095123291015625" lon="9.4356711767613887786865234375">
        <ele>615.20001220703125</ele>
        <time>2026-09-14T11:50:54.000Z</time>
      </trkpt>
      <trkpt lat="40.27094565331935882568359375" lon="9.43565935827791690826416015625">
        <ele>614.79998779296875</ele>
        <time>2026-09-14T11:50:58.000Z</time>
      </trkpt>
      <trkpt lat="40.27096132747828960418701171875" lon="9.4356661476194858551025390625">
        <ele>614</ele>
        <time>2026-09-14T11:51:00.000Z</time>
      </trkpt>
      <trkpt lat="40.27096719481050968170166015625" lon="9.43567779846489429473876953125">
        <ele>613.4000244140625</ele>
        <time>2026-09-14T11:51:06.000Z</time>
      </trkpt>
      <trkpt lat="40.271002985537052154541015625" lon="9.435672350227832794189453125">
        <ele>613</ele>
        <time>2026-09-14T11:51:08.000Z</time>
      </trkpt>
      <trkpt lat="40.271029807627201080322265625" lon="9.43567930720746517181396484375">
        <ele>612.20001220703125</ele>
        <time>2026-09-14T11:51:10.000Z</time>
      </trkpt>
      <trkpt lat="40.271098874509334564208984375" lon="9.4356738589704036712646484375">
        <ele>609.4000244140625</ele>
        <time>2026-09-14T11:51:15.000Z</time>
      </trkpt>
      <trkpt lat="40.271113626658916473388671875" lon="9.43567561917006969451904296875">
        <ele>608.4000244140625</ele>
        <time>2026-09-14T11:51:16.000Z</time>
      </trkpt>
      <trkpt lat="40.271159894764423370361328125" lon="9.43566589616239070892333984375">
        <ele>606.4000244140625</ele>
        <time>2026-09-14T11:51:19.000Z</time>
      </trkpt>
      <trkpt lat="40.2711942605674266815185546875" lon="9.4356607832014560699462890625">
        <ele>605.20001220703125</ele>
        <time>2026-09-14T11:51:21.000Z</time>
      </trkpt>
      <trkpt lat="40.2712185680866241455078125" lon="9.43565449677407741546630859375">
        <ele>604.4000244140625</ele>
        <time>2026-09-14T11:51:23.000Z</time>
      </trkpt>
      <trkpt lat="40.271261148154735565185546875" lon="9.435666315257549285888671875">
        <ele>602</ele>
        <time>2026-09-14T11:51:30.000Z</time>
      </trkpt>
      <trkpt lat="40.27135494165122509002685546875" lon="9.43565181456506252288818359375">
        <ele>598.5999755859375</ele>
        <time>2026-09-14T11:51:36.000Z</time>
      </trkpt>
      <trkpt lat="40.2713629044592380523681640625" lon="9.43564913235604763031005859375">
        <ele>598.4000244140625</ele>
        <time>2026-09-14T11:51:37.000Z</time>
      </trkpt>
      <trkpt lat="40.27135745622217655181884765625" lon="9.43561577238142490386962890625">
        <ele>600.79998779296875</ele>
        <time>2026-09-14T11:51:40.000Z</time>
      </trkpt>
      <trkpt lat="40.27135024778544902801513671875" lon="9.435595571994781494140625">
        <ele>602.20001220703125</ele>
        <time>2026-09-14T11:51:42.000Z</time>
      </trkpt>
      <trkpt lat="40.2713900618255138397216796875" lon="9.43556413985788822174072265625">
        <ele>602</ele>
        <time>2026-09-14T11:51:47.000Z</time>
      </trkpt>
      <trkpt lat="40.27140892110764980316162109375" lon="9.43555324338376522064208984375">
        <ele>601.5999755859375</ele>
        <time>2026-09-14T11:51:48.000Z</time>
      </trkpt>
      <trkpt lat="40.27146088890731334686279296875" lon="9.4355273433029651641845703125">
        <ele>600.20001220703125</ele>
        <time>2026-09-14T11:51:51.000Z</time>
      </trkpt>
      <trkpt lat="40.2714960090816020965576171875" lon="9.4355142675340175628662109375">
        <ele>599.20001220703125</ele>
        <time>2026-09-14T11:51:53.000Z</time>
      </trkpt>
      <trkpt lat="40.2715243399143218994140625" lon="9.43547646515071392059326171875">
        <ele>599.79998779296875</ele>
        <time>2026-09-14T11:51:59.000Z</time>
      </trkpt>
      <trkpt lat="40.271534062922000885009765625" lon="9.435432292520999908447265625">
        <ele>602</ele>
        <time>2026-09-14T11:52:02.000Z</time>
      </trkpt>
      <trkpt lat="40.27154705487191677093505859375" lon="9.4354274310171604156494140625">
        <ele>601.5999755859375</ele>
        <time>2026-09-14T11:52:05.000Z</time>
      </trkpt>
      <trkpt lat="40.27159608900547027587890625" lon="9.43540169857442378997802734375">
        <ele>600.5999755859375</ele>
        <time>2026-09-14T11:52:11.000Z</time>
      </trkpt>
      <trkpt lat="40.271592400968074798583984375" lon="9.4353714399039745330810546875">
        <ele>602.79998779296875</ele>
        <time>2026-09-14T11:52:12.000Z</time>
      </trkpt>
      <trkpt lat="40.271627604961395263671875" lon="9.43532005883753299713134765625">
        <ele>604.4000244140625</ele>
        <time>2026-09-14T11:52:17.000Z</time>
      </trkpt>
      <trkpt lat="40.27168326079845428466796875" lon="9.43530966527760028839111328125">
        <ele>602.4000244140625</ele>
        <time>2026-09-14T11:52:22.000Z</time>
      </trkpt>
      <trkpt lat="40.27169507928192615509033203125" lon="9.43531016819179058074951171875">
        <ele>601.79998779296875</ele>
        <time>2026-09-14T11:52:23.000Z</time>
      </trkpt>
      <trkpt lat="40.27170312590897083282470703125" lon="9.43530195392668247222900390625">
        <ele>601.79998779296875</ele>
        <time>2026-09-14T11:52:25.000Z</time>
      </trkpt>
      <trkpt lat="40.2717182971537113189697265625" lon="9.43531285040080547332763671875">
        <ele>600.5999755859375</ele>
        <time>2026-09-14T11:52:29.000Z</time>
      </trkpt>
      <trkpt lat="40.27177521027624607086181640625" lon="9.43523623980581760406494140625">
        <ele>601.5999755859375</ele>
        <time>2026-09-14T11:52:36.000Z</time>
      </trkpt>
      <trkpt lat="40.27178208343684673309326171875" lon="9.43522877991199493408203125">
        <ele>601.5999755859375</ele>
        <time>2026-09-14T11:52:37.000Z</time>
      </trkpt>
      <trkpt lat="40.27180739678442478179931640625" lon="9.43516968749463558197021484375">
        <ele>603.4000244140625</ele>
        <time>2026-09-14T11:52:42.000Z</time>
      </trkpt>
      <trkpt lat="40.2718289382755756378173828125" lon="9.43515175022184848785400390625">
        <ele>603.20001220703125</ele>
        <time>2026-09-14T11:52:45.000Z</time>
      </trkpt>
      <trkpt lat="40.27185852639377117156982421875" lon="9.435148648917675018310546875">
        <ele>602</ele>
        <time>2026-09-14T11:52:47.000Z</time>
      </trkpt>
      <trkpt lat="40.27187378145754337310791015625" lon="9.4351042248308658599853515625">
        <ele>603.79998779296875</ele>
        <time>2026-09-14T11:52:50.000Z</time>
      </trkpt>
      <trkpt lat="40.27187579311430454254150390625" lon="9.4350797496736049652099609375">
        <ele>605</ele>
        <time>2026-09-14T11:52:52.000Z</time>
      </trkpt>
      <trkpt lat="40.27188685722649097442626953125" lon="9.43506340496242046356201171875">
        <ele>605.4000244140625</ele>
        <time>2026-09-14T11:52:54.000Z</time>
      </trkpt>
      <trkpt lat="40.27193404734134674072265625" lon="9.43498763255774974822998046875">
        <ele>607.4000244140625</ele>
        <time>2026-09-14T11:53:00.000Z</time>
      </trkpt>
      <trkpt lat="40.2719695866107940673828125" lon="9.43489358760416507720947265625">
        <ele>610.4000244140625</ele>
        <time>2026-09-14T11:53:08.000Z</time>
      </trkpt>
      <trkpt lat="40.27198710478842258453369140625" lon="9.4348405301570892333984375">
        <ele>612</ele>
        <time>2026-09-14T11:53:12.000Z</time>
      </trkpt>
      <trkpt lat="40.27200202457606792449951171875" lon="9.43482200615108013153076171875">
        <ele>612.20001220703125</ele>
        <time>2026-09-14T11:53:14.000Z</time>
      </trkpt>
      <trkpt lat="40.27201627381145954132080078125" lon="9.4348135404288768768310546875">
        <ele>612</ele>
        <time>2026-09-14T11:53:15.000Z</time>
      </trkpt>
      <trkpt lat="40.27210663072764873504638671875" lon="9.4347686134278774261474609375">
        <ele>609.5999755859375</ele>
        <time>2026-09-14T11:53:23.000Z</time>
      </trkpt>
      <trkpt lat="40.2721618674695491790771484375" lon="9.434715807437896728515625">
        <ele>609.4000244140625</ele>
        <time>2026-09-14T11:53:30.000Z</time>
      </trkpt>
      <trkpt lat="40.2721940539777278900146484375" lon="9.4346720539033412933349609375">
        <ele>610</ele>
        <time>2026-09-14T11:53:35.000Z</time>
      </trkpt>
      <trkpt lat="40.272192545235157012939453125" lon="9.43463559262454509735107421875">
        <ele>611.5999755859375</ele>
        <time>2026-09-14T11:53:40.000Z</time>
      </trkpt>
      <trkpt lat="40.2722409926354885101318359375" lon="9.43464112468063831329345703125">
        <ele>609.4000244140625</ele>
        <time>2026-09-14T11:53:45.000Z</time>
      </trkpt>
      <trkpt lat="40.272239148616790771484375" lon="9.434635676443576812744140625">
        <ele>609.79998779296875</ele>
        <time>2026-09-14T11:53:46.000Z</time>
      </trkpt>
      <trkpt lat="40.272258259356021881103515625" lon="9.4346234388649463653564453125">
        <ele>609.5999755859375</ele>
        <time>2026-09-14T11:53:50.000Z</time>
      </trkpt>
      <trkpt lat="40.27229388244450092315673828125" lon="9.4345399551093578338623046875">
        <ele>611.79998779296875</ele>
        <time>2026-09-14T11:53:55.000Z</time>
      </trkpt>
      <trkpt lat="40.2723633684217929840087890625" lon="9.434510953724384307861328125">
        <ele>611.20001220703125</ele>
        <time>2026-09-14T11:54:03.000Z</time>
      </trkpt>
      <trkpt lat="40.2724418230354785919189453125" lon="9.43444414995610713958740234375">
        <ele>611.79998779296875</ele>
        <time>2026-09-14T11:54:11.000Z</time>
      </trkpt>
      <trkpt lat="40.27245414443314075469970703125" lon="9.43442881107330322265625">
        <ele>612.20001220703125</ele>
        <time>2026-09-14T11:54:12.000Z</time>
      </trkpt>
      <trkpt lat="40.27247627265751361846923828125" lon="9.43438396789133548736572265625">
        <ele>613</ele>
        <time>2026-09-14T11:54:15.000Z</time>
      </trkpt>
      <trkpt lat="40.27249840088188648223876953125" lon="9.43435429595410823822021484375">
        <ele>613.20001220703125</ele>
        <time>2026-09-14T11:54:17.000Z</time>
      </trkpt>
      <trkpt lat="40.27252019383013248443603515625" lon="9.43421314470469951629638671875">
        <ele>617.5999755859375</ele>
        <time>2026-09-14T11:54:25.000Z</time>
      </trkpt>
      <trkpt lat="40.27257082052528858184814453125" lon="9.43414441309869289398193359375">
        <ele>616.79998779296875</ele>
        <time>2026-09-14T11:54:31.000Z</time>
      </trkpt>
      <trkpt lat="40.2726222015917301177978515625" lon="9.43405992351472377777099609375">
        <ele>615.20001220703125</ele>
        <time>2026-09-14T11:54:37.000Z</time>
      </trkpt>
      <trkpt lat="40.27265329845249652862548828125" lon="9.434054307639598846435546875">
        <ele>613.5999755859375</ele>
        <time>2026-09-14T11:54:38.000Z</time>
      </trkpt>
      <trkpt lat="40.2726755104959011077880859375" lon="9.43402740173041820526123046875">
        <ele>612.79998779296875</ele>
        <time>2026-09-14T11:54:43.000Z</time>
      </trkpt>
      <trkpt lat="40.2726946212351322174072265625" lon="9.4340068660676479339599609375">
        <ele>612.20001220703125</ele>
        <time>2026-09-14T11:54:45.000Z</time>
      </trkpt>
      <trkpt lat="40.2727264724671840667724609375" lon="9.4339901022613048553466796875">
        <ele>610.79998779296875</ele>
        <time>2026-09-14T11:54:49.000Z</time>
      </trkpt>
      <trkpt lat="40.2727589942514896392822265625" lon="9.4339854083955287933349609375">
        <ele>609.4000244140625</ele>
        <time>2026-09-14T11:54:51.000Z</time>
      </trkpt>
      <trkpt lat="40.27281322516500949859619140625" lon="9.4339621067047119140625">
        <ele>607.4000244140625</ele>
        <time>2026-09-14T11:54:56.000Z</time>
      </trkpt>
      <trkpt lat="40.27288715355098247528076171875" lon="9.4338507950305938720703125">
        <ele>604.20001220703125</ele>
        <time>2026-09-14T11:55:04.000Z</time>
      </trkpt>
      <trkpt lat="40.27298136614263057708740234375" lon="9.43380645476281642913818359375">
        <ele>599.20001220703125</ele>
        <time>2026-09-14T11:55:08.000Z</time>
      </trkpt>
      <trkpt lat="40.27298974804580211639404296875" lon="9.43377099931240081787109375">
        <ele>598.4000244140625</ele>
        <time>2026-09-14T11:55:10.000Z</time>
      </trkpt>
      <trkpt lat="40.27298823930323123931884765625" lon="9.4337274134159088134765625">
        <ele>598.20001220703125</ele>
        <time>2026-09-14T11:55:12.000Z</time>
      </trkpt>
      <trkpt lat="40.27301489375531673431396484375" lon="9.43370033986866474151611328125">
        <ele>597.20001220703125</ele>
        <time>2026-09-14T11:55:16.000Z</time>
      </trkpt>
      <trkpt lat="40.27301958762109279632568359375" lon="9.4336779601871967315673828125">
        <ele>597</ele>
        <time>2026-09-14T11:55:19.000Z</time>
      </trkpt>
      <trkpt lat="40.2730151452124118804931640625" lon="9.4336437620222568511962890625">
        <ele>596.79998779296875</ele>
        <time>2026-09-14T11:55:22.000Z</time>
      </trkpt>
      <trkpt lat="40.27302947826683521270751953125" lon="9.4335505552589893341064453125">
        <ele>594.79998779296875</ele>
        <time>2026-09-14T11:55:29.000Z</time>
      </trkpt>
      <trkpt lat="40.27302243746817111968994140625" lon="9.43353655748069286346435546875">
        <ele>594.79998779296875</ele>
        <time>2026-09-14T11:55:30.000Z</time>
      </trkpt>
      <trkpt lat="40.27301363646984100341796875" lon="9.433465562760829925537109375">
        <ele>593.5999755859375</ele>
        <time>2026-09-14T11:55:36.000Z</time>
      </trkpt>
      <trkpt lat="40.2730164863169193267822265625" lon="9.4333725236356258392333984375">
        <ele>591.4000244140625</ele>
        <time>2026-09-14T11:55:44.000Z</time>
      </trkpt>
      <trkpt lat="40.27300693094730377197265625" lon="9.43329029716551303863525390625">
        <ele>590</ele>
        <time>2026-09-14T11:55:50.000Z</time>
      </trkpt>
      <trkpt lat="40.27300483547151088714599609375" lon="9.43327613174915313720703125">
        <ele>589.79998779296875</ele>
        <time>2026-09-14T11:55:51.000Z</time>
      </trkpt>
      <trkpt lat="40.27300919406116008758544921875" lon="9.4331686757504940032958984375">
        <ele>587.79998779296875</ele>
        <time>2026-09-14T11:55:58.000Z</time>
      </trkpt>
      <trkpt lat="40.27300466783344745635986328125" lon="9.43313841708004474639892578125">
        <ele>587.4000244140625</ele>
        <time>2026-09-14T11:56:00.000Z</time>
      </trkpt>
      <trkpt lat="40.27299058623611927032470703125" lon="9.4330345652997493743896484375">
        <ele>586</ele>
        <time>2026-09-14T11:56:07.000Z</time>
      </trkpt>
      <trkpt lat="40.27296644635498523712158203125" lon="9.43294429220259189605712890625">
        <ele>585.20001220703125</ele>
        <time>2026-09-14T11:56:12.000Z</time>
      </trkpt>
      <trkpt lat="40.27296133339405059814453125" lon="9.43290405906736850738525390625">
        <ele>584.5999755859375</ele>
        <time>2026-09-14T11:56:15.000Z</time>
      </trkpt>
      <trkpt lat="40.27295236475765705108642578125" lon="9.43287086673080921173095703125">
        <ele>584.20001220703125</ele>
        <time>2026-09-14T11:56:17.000Z</time>
      </trkpt>
      <trkpt lat="40.272944904863834381103515625" lon="9.4328390993177890777587890625">
        <ele>584</ele>
        <time>2026-09-14T11:56:19.000Z</time>
      </trkpt>
      <trkpt lat="40.2729330025613307952880859375" lon="9.4328240118920803070068359375">
        <ele>584.20001220703125</ele>
        <time>2026-09-14T11:56:20.000Z</time>
      </trkpt>
      <trkpt lat="40.27290224097669124603271484375" lon="9.43279157392680644989013671875">
        <ele>585</ele>
        <time>2026-09-14T11:56:22.000Z</time>
      </trkpt>
      <trkpt lat="40.272872485220432281494140625" lon="9.4327442161738872528076171875">
        <ele>585.4000244140625</ele>
        <time>2026-09-14T11:56:27.000Z</time>
      </trkpt>
      <trkpt lat="40.2728414721786975860595703125" lon="9.43265561945736408233642578125">
        <ele>586</ele>
        <time>2026-09-14T11:56:34.000Z</time>
      </trkpt>
      <trkpt lat="40.27280115522444248199462890625" lon="9.43259744904935359954833984375">
        <ele>587.20001220703125</ele>
        <time>2026-09-14T11:56:39.000Z</time>
      </trkpt>
      <trkpt lat="40.27278472669422626495361328125" lon="9.43255729973316192626953125">
        <ele>587.5999755859375</ele>
        <time>2026-09-14T11:56:41.000Z</time>
      </trkpt>
      <trkpt lat="40.27277290821075439453125" lon="9.43253458477556705474853515625">
        <ele>587.79998779296875</ele>
        <time>2026-09-14T11:56:42.000Z</time>
      </trkpt>
      <trkpt lat="40.27274985797703266143798828125" lon="9.432503990828990936279296875">
        <ele>588.5999755859375</ele>
        <time>2026-09-14T11:56:45.000Z</time>
      </trkpt>
      <trkpt lat="40.2727395482361316680908203125" lon="9.43247012794017791748046875">
        <ele>588.5999755859375</ele>
        <time>2026-09-14T11:56:48.000Z</time>
      </trkpt>
      <trkpt lat="40.272721610963344573974609375" lon="9.43243785761296749114990234375">
        <ele>589</ele>
        <time>2026-09-14T11:56:51.000Z</time>
      </trkpt>
      <trkpt lat="40.27269554324448108673095703125" lon="9.43238991312682628631591796875">
        <ele>590</ele>
        <time>2026-09-14T11:56:55.000Z</time>
      </trkpt>
      <trkpt lat="40.27267475612461566925048828125" lon="9.43236242048442363739013671875">
        <ele>590.79998779296875</ele>
        <time>2026-09-14T11:56:57.000Z</time>
      </trkpt>
      <trkpt lat="40.2726825512945652008056640625" lon="9.4323150627315044403076171875">
        <ele>589.5999755859375</ele>
        <time>2026-09-14T11:57:00.000Z</time>
      </trkpt>
      <trkpt lat="40.27269135229289531707763671875" lon="9.432294778525829315185546875">
        <ele>588.79998779296875</ele>
        <time>2026-09-14T11:57:01.000Z</time>
      </trkpt>
      <trkpt lat="40.27267995290458202362060546875" lon="9.432210624217987060546875">
        <ele>588.4000244140625</ele>
        <time>2026-09-14T11:57:05.000Z</time>
      </trkpt>
      <trkpt lat="40.27267861180007457733154296875" lon="9.43219478242099285125732421875">
        <ele>588.4000244140625</ele>
        <time>2026-09-14T11:57:06.000Z</time>
      </trkpt>
      <trkpt lat="40.27268934063613414764404296875" lon="9.43213342688977718353271484375">
        <ele>588.5999755859375</ele>
        <time>2026-09-14T11:57:11.000Z</time>
      </trkpt>
      <trkpt lat="40.272716246545314788818359375" lon="9.43207408301532268524169921875">
        <ele>588.20001220703125</ele>
        <time>2026-09-14T11:57:14.000Z</time>
      </trkpt>
      <trkpt lat="40.272737033665180206298828125" lon="9.43199579603970050811767578125">
        <ele>588.5999755859375</ele>
        <time>2026-09-14T11:57:18.000Z</time>
      </trkpt>
      <trkpt lat="40.272743739187717437744140625" lon="9.43197752349078655242919921875">
        <ele>588.5999755859375</ele>
        <time>2026-09-14T11:57:20.000Z</time>
      </trkpt>
      <trkpt lat="40.2727576531469821929931640625" lon="9.43197391927242279052734375">
        <ele>588</ele>
        <time>2026-09-14T11:57:24.000Z</time>
      </trkpt>
      <trkpt lat="40.2727581560611724853515625" lon="9.431972242891788482666015625">
        <ele>588</ele>
        <time>2026-09-14T11:57:26.000Z</time>
      </trkpt>
      <trkpt lat="40.27277265675365924835205078125" lon="9.43194441497325897216796875">
        <ele>588.20001220703125</ele>
        <time>2026-09-14T11:57:31.000Z</time>
      </trkpt>
      <trkpt lat="40.27282445691525936126708984375" lon="9.431875683367252349853515625">
        <ele>588.4000244140625</ele>
        <time>2026-09-14T11:57:37.000Z</time>
      </trkpt>
      <trkpt lat="40.27287474833428859710693359375" lon="9.43179865367710590362548828125">
        <ele>589.20001220703125</ele>
        <time>2026-09-14T11:57:43.000Z</time>
      </trkpt>
      <trkpt lat="40.272947587072849273681640625" lon="9.43171785213053226470947265625">
        <ele>589.20001220703125</ele>
        <time>2026-09-14T11:57:51.000Z</time>
      </trkpt>
      <trkpt lat="40.27298471890389919281005859375" lon="9.4316951371729373931884765625">
        <ele>588.5999755859375</ele>
        <time>2026-09-14T11:57:58.000Z</time>
      </trkpt>
      <trkpt lat="40.27300433255732059478759765625" lon="9.43168398924171924591064453125">
        <ele>588.20001220703125</ele>
        <time>2026-09-14T11:58:07.000Z</time>
      </trkpt>
      <trkpt lat="40.27306267060339450836181640625" lon="9.4316673092544078826904296875">
        <ele>586.5999755859375</ele>
        <time>2026-09-14T11:58:14.000Z</time>
      </trkpt>
      <trkpt lat="40.273070298135280609130859375" lon="9.43166722543537616729736328125">
        <ele>586.4000244140625</ele>
        <time>2026-09-14T11:58:15.000Z</time>
      </trkpt>
      <trkpt lat="40.27311614714562892913818359375" lon="9.43165884353220462799072265625">
        <ele>585.20001220703125</ele>
        <time>2026-09-14T11:58:20.000Z</time>
      </trkpt>
      <trkpt lat="40.27313978411257266998291015625" lon="9.43165012635290622711181640625">
        <ele>584.5999755859375</ele>
        <time>2026-09-14T11:58:22.000Z</time>
      </trkpt>
      <trkpt lat="40.273209102451801300048828125" lon="9.4316468574106693267822265625">
        <ele>582.20001220703125</ele>
        <time>2026-09-14T11:58:29.000Z</time>
      </trkpt>
      <trkpt lat="40.27331178076565265655517578125" lon="9.4316207058727741241455078125">
        <ele>580.20001220703125</ele>
        <time>2026-09-14T11:58:38.000Z</time>
      </trkpt>
      <trkpt lat="40.27338378131389617919921875" lon="9.43159245885908603668212890625">
        <ele>579.5999755859375</ele>
        <time>2026-09-14T11:58:43.000Z</time>
      </trkpt>
      <trkpt lat="40.27339182794094085693359375" lon="9.4315871782600879669189453125">
        <ele>579.5999755859375</ele>
        <time>2026-09-14T11:58:44.000Z</time>
      </trkpt>
      <trkpt lat="40.2734045684337615966796875" lon="9.431581981480121612548828125">
        <ele>579.4000244140625</ele>
        <time>2026-09-14T11:58:45.000Z</time>
      </trkpt>
      <trkpt lat="40.27344404719769954681396484375" lon="9.43157837726175785064697265625">
        <ele>578.5999755859375</ele>
        <time>2026-09-14T11:58:49.000Z</time>
      </trkpt>
      <trkpt lat="40.2734429575502872467041015625" lon="9.431576617062091827392578125">
        <ele>578.79998779296875</ele>
        <time>2026-09-14T11:58:53.000Z</time>
      </trkpt>
      <trkpt lat="40.27341420762240886688232421875" lon="9.43157955072820186614990234375">
        <ele>579.4000244140625</ele>
        <time>2026-09-14T11:58:56.000Z</time>
      </trkpt>
      <trkpt lat="40.27340414933860301971435546875" lon="9.43158323876559734344482421875">
        <ele>579.4000244140625</ele>
        <time>2026-09-14T11:58:57.000Z</time>
      </trkpt>
      <trkpt lat="40.27336911298334598541259765625" lon="9.43162246607244014739990234375">
        <ele>578.5999755859375</ele>
        <time>2026-09-14T11:59:04.000Z</time>
      </trkpt>
      <trkpt lat="40.27337414212524890899658203125" lon="9.431615509092807769775390625">
        <ele>578.79998779296875</ele>
        <time>2026-09-14T11:59:10.000Z</time>
      </trkpt>
      <trkpt lat="40.2733658440411090850830078125" lon="9.431621544063091278076171875">
        <ele>578.79998779296875</ele>
        <time>2026-09-14T11:59:29.000Z</time>
      </trkpt>
      <trkpt lat="40.2733463980257511138916015625" lon="9.43162389099597930908203125">
        <ele>579.20001220703125</ele>
        <time>2026-09-14T11:59:53.000Z</time>
      </trkpt>
      <trkpt lat="40.27334623038768768310546875" lon="9.43162389099597930908203125">
        <ele>579.20001220703125</ele>
        <time>2026-09-14T11:59:55.000Z</time>
      </trkpt>
      <trkpt lat="40.27330490760505199432373046875" lon="9.43163872696459293365478515625">
        <ele>579.5999755859375</ele>
        <time>2026-09-14T12:00:14.000Z</time>
      </trkpt>
      <trkpt lat="40.27326442301273345947265625" lon="9.4316525571048259735107421875">
        <ele>580</ele>
        <time>2026-09-14T12:00:16.000Z</time>
      </trkpt>
      <trkpt lat="40.27316392399370670318603515625" lon="9.4316968135535717010498046875">
        <ele>581.79998779296875</ele>
        <time>2026-09-14T12:00:22.000Z</time>
      </trkpt>
      <trkpt lat="40.27312737889587879180908203125" lon="9.431705363094806671142578125">
        <ele>582.79998779296875</ele>
        <time>2026-09-14T12:00:28.000Z</time>
      </trkpt>
      <trkpt lat="40.27310105971992015838623046875" lon="9.4317103922367095947265625">
        <ele>583.5999755859375</ele>
        <time>2026-09-14T12:00:32.000Z</time>
      </trkpt>
      <trkpt lat="40.27307490818202495574951171875" lon="9.4317189417779445648193359375">
        <ele>584.20001220703125</ele>
        <time>2026-09-14T12:00:34.000Z</time>
      </trkpt>
      <trkpt lat="40.27296938002109527587890625" lon="9.431748278439044952392578125">
        <ele>587.20001220703125</ele>
        <time>2026-09-14T12:00:42.000Z</time>
      </trkpt>
      <trkpt lat="40.27288614772260189056396484375" lon="9.43185992538928985595703125">
        <ele>586.5999755859375</ele>
        <time>2026-09-14T12:00:51.000Z</time>
      </trkpt>
      <trkpt lat="40.27287558652460575103759765625" lon="9.4319060258567333221435546875">
        <ele>585.4000244140625</ele>
        <time>2026-09-14T12:00:54.000Z</time>
      </trkpt>
      <trkpt lat="40.27282185852527618408203125" lon="9.43194709718227386474609375">
        <ele>586.20001220703125</ele>
        <time>2026-09-14T12:00:59.000Z</time>
      </trkpt>
      <trkpt lat="40.27275740168988704681396484375" lon="9.4320000708103179931640625">
        <ele>587.5999755859375</ele>
        <time>2026-09-14T12:01:09.000Z</time>
      </trkpt>
      <trkpt lat="40.27275614440441131591796875" lon="9.4319901801645755767822265625">
        <ele>587.79998779296875</ele>
        <time>2026-09-14T12:01:14.000Z</time>
      </trkpt>
      <trkpt lat="40.272741727530956268310546875" lon="9.431963525712490081787109375">
        <ele>589</ele>
        <time>2026-09-14T12:01:20.000Z</time>
      </trkpt>
      <trkpt lat="40.2727217786014080047607421875" lon="9.43190175108611583709716796875">
        <ele>591.5999755859375</ele>
        <time>2026-09-14T12:01:25.000Z</time>
      </trkpt>
      <trkpt lat="40.27272504754364490509033203125" lon="9.431888759136199951171875">
        <ele>592</ele>
        <time>2026-09-14T12:01:26.000Z</time>
      </trkpt>
      <trkpt lat="40.2727328427135944366455078125" lon="9.43183402530848979949951171875">
        <ele>593.5999755859375</ele>
        <time>2026-09-14T12:01:30.000Z</time>
      </trkpt>
      <trkpt lat="40.27273845858871936798095703125" lon="9.43180016241967678070068359375">
        <ele>594.5999755859375</ele>
        <time>2026-09-14T12:01:34.000Z</time>
      </trkpt>
      <trkpt lat="40.27274851687252521514892578125" lon="9.43177736364305019378662109375">
        <ele>595</ele>
        <time>2026-09-14T12:01:36.000Z</time>
      </trkpt>
      <trkpt lat="40.27277718298137187957763671875" lon="9.43167191930115222930908203125">
        <ele>597.5999755859375</ele>
        <time>2026-09-14T12:01:43.000Z</time>
      </trkpt>
      <trkpt lat="40.272781960666179656982421875" lon="9.43161576054990291595458984375">
        <ele>599.79998779296875</ele>
        <time>2026-09-14T12:01:47.000Z</time>
      </trkpt>
      <trkpt lat="40.2727938629686832427978515625" lon="9.43155474029481410980224609375">
        <ele>601.79998779296875</ele>
        <time>2026-09-14T12:01:50.000Z</time>
      </trkpt>
      <trkpt lat="40.272798053920269012451171875" lon="9.43152599036693572998046875">
        <ele>603</ele>
        <time>2026-09-14T12:01:51.000Z</time>
      </trkpt>
      <trkpt lat="40.27283728122711181640625" lon="9.4314591027796268463134765625">
        <ele>603.79998779296875</ele>
        <time>2026-09-14T12:01:56.000Z</time>
      </trkpt>
      <trkpt lat="40.272871144115924835205078125" lon="9.43142934702336788177490234375">
        <ele>602.79998779296875</ele>
        <time>2026-09-14T12:01:59.000Z</time>
      </trkpt>
      <trkpt lat="40.27297348715364933013916015625" lon="9.43135030567646026611328125">
        <ele>599.79998779296875</ele>
        <time>2026-09-14T12:02:07.000Z</time>
      </trkpt>
      <trkpt lat="40.2729889936745166778564453125" lon="9.431329853832721710205078125">
        <ele>599.5999755859375</ele>
        <time>2026-09-14T12:02:09.000Z</time>
      </trkpt>
      <trkpt lat="40.27301841415464878082275390625" lon="9.43128216080367565155029296875">
        <ele>600.20001220703125</ele>
        <time>2026-09-14T12:02:13.000Z</time>
      </trkpt>
      <trkpt lat="40.2730771712958812713623046875" lon="9.43123891018331050872802734375">
        <ele>600.4000244140625</ele>
        <time>2026-09-14T12:02:20.000Z</time>
      </trkpt>
      <trkpt lat="40.27315721847116947174072265625" lon="9.43117906339466571807861328125">
        <ele>601</ele>
        <time>2026-09-14T12:02:27.000Z</time>
      </trkpt>
      <trkpt lat="40.27318404056131839752197265625" lon="9.43113933317363262176513671875">
        <ele>601.79998779296875</ele>
        <time>2026-09-14T12:02:30.000Z</time>
      </trkpt>
      <trkpt lat="40.27319560758769512176513671875" lon="9.43110815249383449554443359375">
        <ele>602.79998779296875</ele>
        <time>2026-09-14T12:02:32.000Z</time>
      </trkpt>
      <trkpt lat="40.2731978707015514373779296875" lon="9.431094489991664886474609375">
        <ele>603.20001220703125</ele>
        <time>2026-09-14T12:02:33.000Z</time>
      </trkpt>
      <trkpt lat="40.2732005529105663299560546875" lon="9.43107831291854381561279296875">
        <ele>604</ele>
        <time>2026-09-14T12:02:34.000Z</time>
      </trkpt>
      <trkpt lat="40.273201726377010345458984375" lon="9.43103137426078319549560546875">
        <ele>606.79998779296875</ele>
        <time>2026-09-14T12:02:37.000Z</time>
      </trkpt>
      <trkpt lat="40.27320600114762783050537109375" lon="9.4310192205011844635009765625">
        <ele>607.20001220703125</ele>
        <time>2026-09-14T12:02:38.000Z</time>
      </trkpt>
      <trkpt lat="40.273228548467159271240234375" lon="9.43098996765911579132080078125">
        <ele>607.20001220703125</ele>
        <time>2026-09-14T12:02:40.000Z</time>
      </trkpt>
      <trkpt lat="40.27327255345880985260009765625" lon="9.43089357577264308929443359375">
        <ele>608.4000244140625</ele>
        <time>2026-09-14T12:02:47.000Z</time>
      </trkpt>
      <trkpt lat="40.27328613214194774627685546875" lon="9.43088888190686702728271484375">
        <ele>608.4000244140625</ele>
        <time>2026-09-14T12:02:48.000Z</time>
      </trkpt>
      <trkpt lat="40.2733883075416088104248046875" lon="9.43083708174526691436767578125">
        <ele>608.20001220703125</ele>
        <time>2026-09-14T12:02:56.000Z</time>
      </trkpt>
      <trkpt lat="40.2735375054180622100830078125" lon="9.430794417858123779296875">
        <ele>607</ele>
        <time>2026-09-14T12:03:05.000Z</time>
      </trkpt>
      <trkpt lat="40.27359123341739177703857421875" lon="9.43077874369919300079345703125">
        <ele>606.4000244140625</ele>
        <time>2026-09-14T12:03:11.000Z</time>
      </trkpt>
      <trkpt lat="40.273601375520229339599609375" lon="9.43077036179602146148681640625">
        <ele>606.4000244140625</ele>
        <time>2026-09-14T12:03:12.000Z</time>
      </trkpt>
      <trkpt lat="40.273622162640094757080078125" lon="9.43075376562774181365966796875">
        <ele>606.5999755859375</ele>
        <time>2026-09-14T12:03:14.000Z</time>
      </trkpt>
      <trkpt lat="40.2736447937786579132080078125" lon="9.4307352416217327117919921875">
        <ele>606.79998779296875</ele>
        <time>2026-09-14T12:03:16.000Z</time>
      </trkpt>
      <trkpt lat="40.27366465888917446136474609375" lon="9.43071872927248477935791015625">
        <ele>607</ele>
        <time>2026-09-14T12:03:18.000Z</time>
      </trkpt>
      <trkpt lat="40.273759625852108001708984375" lon="9.4306393526494503021240234375">
        <ele>607</ele>
        <time>2026-09-14T12:03:27.000Z</time>
      </trkpt>
      <trkpt lat="40.2737658284604549407958984375" lon="9.430625438690185546875">
        <ele>607.20001220703125</ele>
        <time>2026-09-14T12:03:28.000Z</time>
      </trkpt>
      <trkpt lat="40.27378653176128864288330078125" lon="9.43058227188885211944580078125">
        <ele>607.79998779296875</ele>
        <time>2026-09-14T12:03:31.000Z</time>
      </trkpt>
      <trkpt lat="40.27380581013858318328857421875" lon="9.43056735210120677947998046875">
        <ele>607.5999755859375</ele>
        <time>2026-09-14T12:03:33.000Z</time>
      </trkpt>
      <trkpt lat="40.27381989173591136932373046875" lon="9.4305605627596378326416015625">
        <ele>607.4000244140625</ele>
        <time>2026-09-14T12:03:34.000Z</time>
      </trkpt>
      <trkpt lat="40.27387521229684352874755859375" lon="9.4304314814507961273193359375">
        <ele>610.20001220703125</ele>
        <time>2026-09-14T12:03:44.000Z</time>
      </trkpt>
      <trkpt lat="40.2739160321652889251708984375" lon="9.43035520613193511962890625">
        <ele>611.5999755859375</ele>
        <time>2026-09-14T12:03:51.000Z</time>
      </trkpt>
      <trkpt lat="40.27393019758164882659912109375" lon="9.43027599714696407318115234375">
        <ele>612.4000244140625</ele>
        <time>2026-09-14T12:03:56.000Z</time>
      </trkpt>
      <trkpt lat="40.27392935939133167266845703125" lon="9.4302641786634922027587890625">
        <ele>612.5999755859375</ele>
        <time>2026-09-14T12:03:57.000Z</time>
      </trkpt>
      <trkpt lat="40.273935981094837188720703125" lon="9.43024079315364360809326171875">
        <ele>613</ele>
        <time>2026-09-14T12:03:59.000Z</time>
      </trkpt>
      <trkpt lat="40.27394327335059642791748046875" lon="9.43021112121641635894775390625">
        <ele>613.20001220703125</ele>
        <time>2026-09-14T12:04:01.000Z</time>
      </trkpt>
      <trkpt lat="40.2739705145359039306640625" lon="9.43018312565982341766357421875">
        <ele>612.5999755859375</ele>
        <time>2026-09-14T12:04:04.000Z</time>
      </trkpt>
      <trkpt lat="40.27397948317229747772216796875" lon="9.4301602430641651153564453125">
        <ele>612.79998779296875</ele>
        <time>2026-09-14T12:04:05.000Z</time>
      </trkpt>
      <trkpt lat="40.27398250065743923187255859375" lon="9.4301466643810272216796875">
        <ele>613</ele>
        <time>2026-09-14T12:04:06.000Z</time>
      </trkpt>
      <trkpt lat="40.27404821477830410003662109375" lon="9.4300479255616664886474609375">
        <ele>612.5999755859375</ele>
        <time>2026-09-14T12:04:12.000Z</time>
      </trkpt>
      <trkpt lat="40.27405005879700183868408203125" lon="9.4300358556210994720458984375">
        <ele>613</ele>
        <time>2026-09-14T12:04:13.000Z</time>
      </trkpt>
      <trkpt lat="40.2740602008998394012451171875" lon="9.42996905185282230377197265625">
        <ele>614.4000244140625</ele>
        <time>2026-09-14T12:04:16.000Z</time>
      </trkpt>
      <trkpt lat="40.2740742824971675872802734375" lon="9.42994323559105396270751953125">
        <ele>614.79998779296875</ele>
        <time>2026-09-14T12:04:18.000Z</time>
      </trkpt>
      <trkpt lat="40.2740965783596038818359375" lon="9.42987886257469654083251953125">
        <ele>616</ele>
        <time>2026-09-14T12:04:22.000Z</time>
      </trkpt>
      <trkpt lat="40.2740960754454135894775390625" lon="9.4298383779823780059814453125">
        <ele>617.4000244140625</ele>
        <time>2026-09-14T12:04:24.000Z</time>
      </trkpt>
      <trkpt lat="40.27413153089582920074462890625" lon="9.42973989062011241912841796875">
        <ele>619.20001220703125</ele>
        <time>2026-09-14T12:04:30.000Z</time>
      </trkpt>
      <trkpt lat="40.27413253672420978546142578125" lon="9.429710470139980316162109375">
        <ele>620.20001220703125</ele>
        <time>2026-09-14T12:04:32.000Z</time>
      </trkpt>
      <trkpt lat="40.2741446904838085174560546875" lon="9.42969144321978092193603515625">
        <ele>620.20001220703125</ele>
        <time>2026-09-14T12:04:34.000Z</time>
      </trkpt>
      <trkpt lat="40.27415231801569461822509765625" lon="9.42968088202178478240966796875">
        <ele>620</ele>
        <time>2026-09-14T12:04:35.000Z</time>
      </trkpt>
      <trkpt lat="40.27416153810918331146240234375" lon="9.42963159643113613128662109375">
        <ele>621</ele>
        <time>2026-09-14T12:04:39.000Z</time>
      </trkpt>
      <trkpt lat="40.27416237629950046539306640625" lon="9.42960192449390888214111328125">
        <ele>621.79998779296875</ele>
        <time>2026-09-14T12:04:41.000Z</time>
      </trkpt>
      <trkpt lat="40.27415080927312374114990234375" lon="9.4295386411249637603759765625">
        <ele>624.20001220703125</ele>
        <time>2026-09-14T12:04:46.000Z</time>
      </trkpt>
      <trkpt lat="40.2741581015288829803466796875" lon="9.42950100637972354888916015625">
        <ele>624.79998779296875</ele>
        <time>2026-09-14T12:04:49.000Z</time>
      </trkpt>
      <trkpt lat="40.274174697697162628173828125" lon="9.42942020483314990997314453125">
        <ele>626.79998779296875</ele>
        <time>2026-09-14T12:04:55.000Z</time>
      </trkpt>
      <trkpt lat="40.27417126111686229705810546875" lon="9.4293304346501827239990234375">
        <ele>628.79998779296875</ele>
        <time>2026-09-14T12:05:01.000Z</time>
      </trkpt>
      <trkpt lat="40.27418802492320537567138671875" lon="9.4293099828064441680908203125">
        <ele>628.5999755859375</ele>
        <time>2026-09-14T12:05:03.000Z</time>
      </trkpt>
      <trkpt lat="40.27419942431151866912841796875" lon="9.42923462949693202972412109375">
        <ele>629.5999755859375</ele>
        <time>2026-09-14T12:05:07.000Z</time>
      </trkpt>
      <trkpt lat="40.27421534992754459381103515625" lon="9.42920856177806854248046875">
        <ele>629.5999755859375</ele>
        <time>2026-09-14T12:05:10.000Z</time>
      </trkpt>
      <trkpt lat="40.27420931495726108551025390625" lon="9.4291876070201396942138671875">
        <ele>630.4000244140625</ele>
        <time>2026-09-14T12:05:12.000Z</time>
      </trkpt>
      <trkpt lat="40.27419674210250377655029296875" lon="9.42915164865553379058837890625">
        <ele>631.79998779296875</ele>
        <time>2026-09-14T12:05:15.000Z</time>
      </trkpt>
      <trkpt lat="40.2741993404924869537353515625" lon="9.42914284765720367431640625">
        <ele>632</ele>
        <time>2026-09-14T12:05:16.000Z</time>
      </trkpt>
      <trkpt lat="40.27419984340667724609375" lon="9.42905165255069732666015625">
        <ele>632.5999755859375</ele>
        <time>2026-09-14T12:05:22.000Z</time>
      </trkpt>
      <trkpt lat="40.27419825084507465362548828125" lon="9.42900463007390499114990234375">
        <ele>633</ele>
        <time>2026-09-14T12:05:25.000Z</time>
      </trkpt>
      <trkpt lat="40.27421400882303714752197265625" lon="9.42896942608058452606201171875">
        <ele>632.4000244140625</ele>
        <time>2026-09-14T12:05:28.000Z</time>
      </trkpt>
      <trkpt lat="40.2742087282240390777587890625" lon="9.42893371917307376861572265625">
        <ele>632.79998779296875</ele>
        <time>2026-09-14T12:05:30.000Z</time>
      </trkpt>
      <trkpt lat="40.27423261664807796478271484375" lon="9.42891729064285755157470703125">
        <ele>631.79998779296875</ele>
        <time>2026-09-14T12:05:37.000Z</time>
      </trkpt>
      <trkpt lat="40.2742194570600986480712890625" lon="9.4289146922528743743896484375">
        <ele>632.4000244140625</ele>
        <time>2026-09-14T12:05:38.000Z</time>
      </trkpt>
      <trkpt lat="40.27419917285442352294921875" lon="9.42891762591898441314697265625">
        <ele>633.4000244140625</ele>
        <time>2026-09-14T12:05:40.000Z</time>
      </trkpt>
      <trkpt lat="40.27418584562838077545166015625" lon="9.4289317913353443145751953125">
        <ele>634</ele>
        <time>2026-09-14T12:05:43.000Z</time>
      </trkpt>
      <trkpt lat="40.27414494194090366363525390625" lon="9.42891175858676433563232421875">
        <ele>636</ele>
        <time>2026-09-14T12:05:49.000Z</time>
      </trkpt>
      <trkpt lat="40.2740893699228763580322265625" lon="9.42891544662415981292724609375">
        <ele>638.4000244140625</ele>
        <time>2026-09-14T12:05:57.000Z</time>
      </trkpt>
      <trkpt lat="40.2740692533552646636962890625" lon="9.42892156541347503662109375">
        <ele>639.20001220703125</ele>
        <time>2026-09-14T12:05:59.000Z</time>
      </trkpt>
      <trkpt lat="40.2740286849439144134521484375" lon="9.42896272055804729461669921875">
        <ele>640.79998779296875</ele>
        <time>2026-09-14T12:06:04.000Z</time>
      </trkpt>
      <trkpt lat="40.27401921339333057403564453125" lon="9.42900345660746097564697265625">
        <ele>641</ele>
        <time>2026-09-14T12:06:07.000Z</time>
      </trkpt>
      <trkpt lat="40.2740068919956684112548828125" lon="9.4290273450314998626708984375">
        <ele>641.4000244140625</ele>
        <time>2026-09-14T12:06:09.000Z</time>
      </trkpt>
      <trkpt lat="40.273990966379642486572265625" lon="9.4290494732558727264404296875">
        <ele>641.79998779296875</ele>
        <time>2026-09-14T12:06:13.000Z</time>
      </trkpt>
      <trkpt lat="40.2739891223609447479248046875" lon="9.42906632088124752044677734375">
        <ele>641.4000244140625</ele>
        <time>2026-09-14T12:06:15.000Z</time>
      </trkpt>
      <trkpt lat="40.273965485394001007080078125" lon="9.42907973192632198333740234375">
        <ele>642</ele>
        <time>2026-09-14T12:06:19.000Z</time>
      </trkpt>
      <trkpt lat="40.27393254451453685760498046875" lon="9.4290662370622158050537109375">
        <ele>643.20001220703125</ele>
        <time>2026-09-14T12:06:23.000Z</time>
      </trkpt>
      <trkpt lat="40.27392215095460414886474609375" lon="9.4290575198829174041748046875">
        <ele>643.79998779296875</ele>
        <time>2026-09-14T12:06:24.000Z</time>
      </trkpt>
      <trkpt lat="40.27388728223741054534912109375" lon="9.4290243275463581085205078125">
        <ele>645.5999755859375</ele>
        <time>2026-09-14T12:06:28.000Z</time>
      </trkpt>
      <trkpt lat="40.27387621812522411346435546875" lon="9.42900278605520725250244140625">
        <ele>646.4000244140625</ele>
        <time>2026-09-14T12:06:30.000Z</time>
      </trkpt>
      <trkpt lat="40.273878984153270721435546875" lon="9.42898853681981563568115234375">
        <ele>646.79998779296875</ele>
        <time>2026-09-14T12:06:32.000Z</time>
      </trkpt>
      <trkpt lat="40.2738623879849910736083984375" lon="9.42893925122916698455810546875">
        <ele>648.4000244140625</ele>
        <time>2026-09-14T12:06:36.000Z</time>
      </trkpt>
      <trkpt lat="40.273855514824390411376953125" lon="9.42892768420279026031494140625">
        <ele>648.79998779296875</ele>
        <time>2026-09-14T12:06:37.000Z</time>
      </trkpt>
      <trkpt lat="40.27385895140469074249267578125" lon="9.42886733449995517730712890625">
        <ele>649.4000244140625</ele>
        <time>2026-09-14T12:06:42.000Z</time>
      </trkpt>
      <trkpt lat="40.27384520508348941802978515625" lon="9.4288359023630619049072265625">
        <ele>650.79998779296875</ele>
        <time>2026-09-14T12:06:45.000Z</time>
      </trkpt>
      <trkpt lat="40.27385224588215351104736328125" lon="9.428829364478588104248046875">
        <ele>650.4000244140625</ele>
        <time>2026-09-14T12:06:46.000Z</time>
      </trkpt>
      <trkpt lat="40.27383598499000072479248046875" lon="9.4287695176899433135986328125">
        <ele>652.4000244140625</ele>
        <time>2026-09-14T12:06:51.000Z</time>
      </trkpt>
      <trkpt lat="40.2738566882908344268798828125" lon="9.42874160595238208770751953125">
        <ele>651.79998779296875</ele>
        <time>2026-09-14T12:06:53.000Z</time>
      </trkpt>
      <trkpt lat="40.27387051843106746673583984375" lon="9.4287252612411975860595703125">
        <ele>651.5999755859375</ele>
        <time>2026-09-14T12:06:55.000Z</time>
      </trkpt>
      <trkpt lat="40.2738670818507671356201171875" lon="9.4286662526428699493408203125">
        <ele>652.79998779296875</ele>
        <time>2026-09-14T12:06:59.000Z</time>
      </trkpt>
      <trkpt lat="40.27386733330786228179931640625" lon="9.42864906974136829376220703125">
        <ele>653</ele>
        <time>2026-09-14T12:07:00.000Z</time>
      </trkpt>
      <trkpt lat="40.273896753787994384765625" lon="9.428579919040203094482421875">
        <ele>652.5999755859375</ele>
        <time>2026-09-14T12:07:08.000Z</time>
      </trkpt>
      <trkpt lat="40.27394377626478672027587890625" lon="9.4285753928124904632568359375">
        <ele>650.4000244140625</ele>
        <time>2026-09-14T12:07:12.000Z</time>
      </trkpt>
      <trkpt lat="40.27398333884775638580322265625" lon="9.4285733811557292938232421875">
        <ele>648.4000244140625</ele>
        <time>2026-09-14T12:07:16.000Z</time>
      </trkpt>
      <trkpt lat="40.27405626140534877777099609375" lon="9.4285562820732593536376953125">
        <ele>645.20001220703125</ele>
        <time>2026-09-14T12:07:21.000Z</time>
      </trkpt>
      <trkpt lat="40.274070091545581817626953125" lon="9.428545720875263214111328125">
        <ele>644.5999755859375</ele>
        <time>2026-09-14T12:07:22.000Z</time>
      </trkpt>
      <trkpt lat="40.27410328388214111328125" lon="9.428497441112995147705078125">
        <ele>643</ele>
        <time>2026-09-14T12:07:26.000Z</time>
      </trkpt>
      <trkpt lat="40.27418701909482479095458984375" lon="9.4284050725400447845458984375">
        <ele>639</ele>
        <time>2026-09-14T12:07:35.000Z</time>
      </trkpt>
      <trkpt lat="40.274165309965610504150390625" lon="9.4283675216138362884521484375">
        <ele>640.5999755859375</ele>
        <time>2026-09-14T12:07:40.000Z</time>
      </trkpt>
      <trkpt lat="40.27416438795626163482666015625" lon="9.4283655099570751190185546875">
        <ele>640.5999755859375</ele>
        <time>2026-09-14T12:07:41.000Z</time>
      </trkpt>
      <trkpt lat="40.27416204102337360382080078125" lon="9.42836676724255084991455078125">
        <ele>640.79998779296875</ele>
        <time>2026-09-14T12:07:44.000Z</time>
      </trkpt>
      <trkpt lat="40.27416162192821502685546875" lon="9.42836056463420391082763671875">
        <ele>640.79998779296875</ele>
        <time>2026-09-14T12:07:45.000Z</time>
      </trkpt>
      <trkpt lat="40.27415617369115352630615234375" lon="9.4283490814268589019775390625">
        <ele>641.20001220703125</ele>
        <time>2026-09-14T12:07:52.000Z</time>
      </trkpt>
      <trkpt lat="40.274153240025043487548828125" lon="9.4282771646976470947265625">
        <ele>641.79998779296875</ele>
        <time>2026-09-14T12:07:59.000Z</time>
      </trkpt>
      <trkpt lat="40.27414393611252307891845703125" lon="9.42817918024957180023193359375">
        <ele>643</ele>
        <time>2026-09-14T12:08:03.000Z</time>
      </trkpt>
      <trkpt lat="40.27413873933255672454833984375" lon="9.42812235094606876373291015625">
        <ele>643.79998779296875</ele>
        <time>2026-09-14T12:08:06.000Z</time>
      </trkpt>
      <trkpt lat="40.27415089309215545654296875" lon="9.4280972890555858612060546875">
        <ele>643.20001220703125</ele>
        <time>2026-09-14T12:08:08.000Z</time>
      </trkpt>
      <trkpt lat="40.2741604484617710113525390625" lon="9.4280778430402278900146484375">
        <ele>642.4000244140625</ele>
        <time>2026-09-14T12:08:10.000Z</time>
      </trkpt>
      <trkpt lat="40.27416505850851535797119140625" lon="9.4280438125133514404296875">
        <ele>641.4000244140625</ele>
        <time>2026-09-14T12:08:13.000Z</time>
      </trkpt>
      <trkpt lat="40.27416137047111988067626953125" lon="9.4279809482395648956298828125">
        <ele>640.79998779296875</ele>
        <time>2026-09-14T12:08:19.000Z</time>
      </trkpt>
      <trkpt lat="40.27416254393756389617919921875" lon="9.4279430620372295379638671875">
        <ele>640.20001220703125</ele>
        <time>2026-09-14T12:08:23.000Z</time>
      </trkpt>
      <trkpt lat="40.2741604484617710113525390625" lon="9.42792185582220554351806640625">
        <ele>640</ele>
        <time>2026-09-14T12:08:25.000Z</time>
      </trkpt>
      <trkpt lat="40.27417914010584354400634765625" lon="9.42787944339215755462646484375">
        <ele>637.79998779296875</ele>
        <time>2026-09-14T12:08:28.000Z</time>
      </trkpt>
      <trkpt lat="40.27417964302003383636474609375" lon="9.427849687635898590087890625">
        <ele>637.20001220703125</ele>
        <time>2026-09-14T12:08:30.000Z</time>
      </trkpt>
      <trkpt lat="40.2741708420217037200927734375" lon="9.4278270564973354339599609375">
        <ele>637.79998779296875</ele>
        <time>2026-09-14T12:08:32.000Z</time>
      </trkpt>
      <trkpt lat="40.27419556863605976104736328125" lon="9.427781961858272552490234375">
        <ele>634.20001220703125</ele>
        <time>2026-09-14T12:08:36.000Z</time>
      </trkpt>
      <trkpt lat="40.27420051395893096923828125" lon="9.42774801515042781829833984375">
        <ele>632.79998779296875</ele>
        <time>2026-09-14T12:08:38.000Z</time>
      </trkpt>
      <trkpt lat="40.27420344762504100799560546875" lon="9.4277009926736354827880859375">
        <ele>630.79998779296875</ele>
        <time>2026-09-14T12:08:41.000Z</time>
      </trkpt>
      <trkpt lat="40.274186432361602783203125" lon="9.427683055400848388671875">
        <ele>631.79998779296875</ele>
        <time>2026-09-14T12:08:42.000Z</time>
      </trkpt>
      <trkpt lat="40.27416790835559368133544921875" lon="9.42762379534542560577392578125">
        <ele>631.20001220703125</ele>
        <time>2026-09-14T12:08:45.000Z</time>
      </trkpt>
      <trkpt lat="40.274175368249416351318359375" lon="9.42759378813207149505615234375">
        <ele>629.4000244140625</ele>
        <time>2026-09-14T12:08:47.000Z</time>
      </trkpt>
      <trkpt lat="40.27418467216193675994873046875" lon="9.42757434211671352386474609375">
        <ele>627.5999755859375</ele>
        <time>2026-09-14T12:08:48.000Z</time>
      </trkpt>
      <trkpt lat="40.2741788886487483978271484375" lon="9.4275618530809879302978515625">
        <ele>627.5999755859375</ele>
        <time>2026-09-14T12:08:49.000Z</time>
      </trkpt>
      <trkpt lat="40.274178721010684967041015625" lon="9.42753486335277557373046875">
        <ele>627.20001220703125</ele>
        <time>2026-09-14T12:08:51.000Z</time>
      </trkpt>
      <trkpt lat="40.2741788886487483978271484375" lon="9.4275115616619586944580078125">
        <ele>626.79998779296875</ele>
        <time>2026-09-14T12:08:52.000Z</time>
      </trkpt>
      <trkpt lat="40.2742038667201995849609375" lon="9.4274347834289073944091796875">
        <ele>623.20001220703125</ele>
        <time>2026-09-14T12:08:57.000Z</time>
      </trkpt>
      <trkpt lat="40.2742013521492481231689453125" lon="9.427401758730411529541015625">
        <ele>622.4000244140625</ele>
        <time>2026-09-14T12:08:59.000Z</time>
      </trkpt>
      <trkpt lat="40.27420277707278728485107421875" lon="9.42734166048467159271240234375">
        <ele>620.5999755859375</ele>
        <time>2026-09-14T12:09:03.000Z</time>
      </trkpt>
      <trkpt lat="40.27419020421802997589111328125" lon="9.42732590250670909881591796875">
        <ele>621</ele>
        <time>2026-09-14T12:09:04.000Z</time>
      </trkpt>
      <trkpt lat="40.274180732667446136474609375" lon="9.4272969849407672882080078125">
        <ele>621</ele>
        <time>2026-09-14T12:09:06.000Z</time>
      </trkpt>
      <trkpt lat="40.27417369186878204345703125" lon="9.42724895663559436798095703125">
        <ele>620.4000244140625</ele>
        <time>2026-09-14T12:09:09.000Z</time>
      </trkpt>
      <trkpt lat="40.27416807599365711212158203125" lon="9.427201263606548309326171875">
        <ele>620.4000244140625</ele>
        <time>2026-09-14T12:09:11.000Z</time>
      </trkpt>
      <trkpt lat="40.2741990052163600921630859375" lon="9.4271457754075527191162109375">
        <ele>618.4000244140625</ele>
        <time>2026-09-14T12:09:14.000Z</time>
      </trkpt>
      <trkpt lat="40.2742172777652740478515625" lon="9.4270907901227474212646484375">
        <ele>617</ele>
        <time>2026-09-14T12:09:19.000Z</time>
      </trkpt>
      <trkpt lat="40.2742241509258747100830078125" lon="9.4270487129688262939453125">
        <ele>616.5999755859375</ele>
        <time>2026-09-14T12:09:21.000Z</time>
      </trkpt>
      <trkpt lat="40.2742414176464080810546875" lon="9.42699280567467212677001953125">
        <ele>615.4000244140625</ele>
        <time>2026-09-14T12:09:24.000Z</time>
      </trkpt>
      <trkpt lat="40.2742338739335536956787109375" lon="9.426974952220916748046875">
        <ele>615.79998779296875</ele>
        <time>2026-09-14T12:09:25.000Z</time>
      </trkpt>
      <trkpt lat="40.27420696802437305450439453125" lon="9.4269127584993839263916015625">
        <ele>617</ele>
        <time>2026-09-14T12:09:29.000Z</time>
      </trkpt>
      <trkpt lat="40.274194814264774322509765625" lon="9.42688484676182270050048828125">
        <ele>617.4000244140625</ele>
        <time>2026-09-14T12:09:31.000Z</time>
      </trkpt>
      <trkpt lat="40.274186767637729644775390625" lon="9.4268648140132427215576171875">
        <ele>617.5999755859375</ele>
        <time>2026-09-14T12:09:33.000Z</time>
      </trkpt>
      <trkpt lat="40.27419984340667724609375" lon="9.42684017121791839599609375">
        <ele>616.5999755859375</ele>
        <time>2026-09-14T12:09:35.000Z</time>
      </trkpt>
      <trkpt lat="40.27419221587479114532470703125" lon="9.4268131814897060394287109375">
        <ele>616.79998779296875</ele>
        <time>2026-09-14T12:09:37.000Z</time>
      </trkpt>
      <trkpt lat="40.2741824090480804443359375" lon="9.42677445709705352783203125">
        <ele>616.79998779296875</ele>
        <time>2026-09-14T12:09:40.000Z</time>
      </trkpt>
      <trkpt lat="40.27414879761636257171630859375" lon="9.42666239105165004730224609375">
        <ele>617.79998779296875</ele>
        <time>2026-09-14T12:09:47.000Z</time>
      </trkpt>
      <trkpt lat="40.27415835298597812652587890625" lon="9.42661779932677745819091796875">
        <ele>617.20001220703125</ele>
        <time>2026-09-14T12:09:50.000Z</time>
      </trkpt>
      <trkpt lat="40.27415080927312374114990234375" lon="9.426588378846645355224609375">
        <ele>617.4000244140625</ele>
        <time>2026-09-14T12:09:52.000Z</time>
      </trkpt>
      <trkpt lat="40.27414544485509395599365234375" lon="9.426558203995227813720703125">
        <ele>617.5999755859375</ele>
        <time>2026-09-14T12:09:54.000Z</time>
      </trkpt>
      <trkpt lat="40.27412365190684795379638671875" lon="9.42652358673512935638427734375">
        <ele>618.5999755859375</ele>
        <time>2026-09-14T12:09:57.000Z</time>
      </trkpt>
      <trkpt lat="40.27410621754825115203857421875" lon="9.42650531418621540069580078125">
        <ele>619.4000244140625</ele>
        <time>2026-09-14T12:09:59.000Z</time>
      </trkpt>
      <trkpt lat="40.27409364469349384307861328125" lon="9.42649693228304386138916015625">
        <ele>620.79998779296875</ele>
        <time>2026-09-14T12:10:00.000Z</time>
      </trkpt>
      <trkpt lat="40.27405357919633388519287109375" lon="9.42644982598721981048583984375">
        <ele>625.4000244140625</ele>
        <time>2026-09-14T12:10:04.000Z</time>
      </trkpt>
      <trkpt lat="40.27403798885643482208251953125" lon="9.4263729639351367950439453125">
        <ele>627</ele>
        <time>2026-09-14T12:10:08.000Z</time>
      </trkpt>
      <trkpt lat="40.27401938103139400482177734375" lon="9.4263464771211147308349609375">
        <ele>629.20001220703125</ele>
        <time>2026-09-14T12:10:10.000Z</time>
      </trkpt>
      <trkpt lat="40.2739676646888256072998046875" lon="9.42621379159390926361083984375">
        <ele>634.79998779296875</ele>
        <time>2026-09-14T12:10:20.000Z</time>
      </trkpt>
      <trkpt lat="40.273970849812030792236328125" lon="9.42619501613080501556396484375">
        <ele>634</ele>
        <time>2026-09-14T12:10:22.000Z</time>
      </trkpt>
      <trkpt lat="40.2739626355469226837158203125" lon="9.42617959342896938323974609375">
        <ele>635</ele>
        <time>2026-09-14T12:10:24.000Z</time>
      </trkpt>
      <trkpt lat="40.27395785786211490631103515625" lon="9.426164925098419189453125">
        <ele>635.4000244140625</ele>
        <time>2026-09-14T12:10:26.000Z</time>
      </trkpt>
      <trkpt lat="40.273972190916538238525390625" lon="9.42614740692079067230224609375">
        <ele>633</ele>
        <time>2026-09-14T12:10:31.000Z</time>
      </trkpt>
      <trkpt lat="40.27399423532187938690185546875" lon="9.4261667691171169281005859375">
        <ele>630.4000244140625</ele>
        <time>2026-09-14T12:10:37.000Z</time>
      </trkpt>
      <trkpt lat="40.2740092389285564422607421875" lon="9.42622016184031963348388671875">
        <ele>629.20001220703125</ele>
        <time>2026-09-14T12:10:42.000Z</time>
      </trkpt>
      <trkpt lat="40.27402776293456554412841796875" lon="9.42625218071043491363525390625">
        <ele>627.4000244140625</ele>
        <time>2026-09-14T12:10:48.000Z</time>
      </trkpt>
      <trkpt lat="40.2740528248250484466552734375" lon="9.4263082556426525115966796875">
        <ele>625</ele>
        <time>2026-09-14T12:10:55.000Z</time>
      </trkpt>
      <trkpt lat="40.2740444429218769073486328125" lon="9.42630213685333728790283203125">
        <ele>626</ele>
        <time>2026-09-14T12:11:01.000Z</time>
      </trkpt>
      <trkpt lat="40.27403899468481540679931640625" lon="9.42629710771143436431884765625">
        <ele>626.5999755859375</ele>
        <time>2026-09-14T12:11:07.000Z</time>
      </trkpt>
      <trkpt lat="40.2740363962948322296142578125" lon="9.42621965892612934112548828125">
        <ele>625.5999755859375</ele>
        <time>2026-09-14T12:11:20.000Z</time>
      </trkpt>
      <trkpt lat="40.2740353904664516448974609375" lon="9.42620708607137203216552734375">
        <ele>625.4000244140625</ele>
        <time>2026-09-14T12:11:21.000Z</time>
      </trkpt>
      <trkpt lat="40.27402223087847232818603515625" lon="9.4261486642062664031982421875">
        <ele>626.20001220703125</ele>
        <time>2026-09-14T12:11:25.000Z</time>
      </trkpt>
      <trkpt lat="40.27401468716561794281005859375" lon="9.4261409528553485870361328125">
        <ele>627.20001220703125</ele>
        <time>2026-09-14T12:11:27.000Z</time>
      </trkpt>
      <trkpt lat="40.2739736996591091156005859375" lon="9.42610197700560092926025390625">
        <ele>632</ele>
        <time>2026-09-14T12:11:33.000Z</time>
      </trkpt>
      <trkpt lat="40.27392583899199962615966796875" lon="9.4260670244693756103515625">
        <ele>637.4000244140625</ele>
        <time>2026-09-14T12:11:37.000Z</time>
      </trkpt>
      <trkpt lat="40.27390974573791027069091796875" lon="9.42603282630443572998046875">
        <ele>638.20001220703125</ele>
        <time>2026-09-14T12:11:41.000Z</time>
      </trkpt>
      <trkpt lat="40.2739002741873264312744140625" lon="9.42596686072647571563720703125">
        <ele>637</ele>
        <time>2026-09-14T12:11:45.000Z</time>
      </trkpt>
      <trkpt lat="40.27389130555093288421630859375" lon="9.4259391166269779205322265625">
        <ele>637</ele>
        <time>2026-09-14T12:11:47.000Z</time>
      </trkpt>
      <trkpt lat="40.27387001551687717437744140625" lon="9.425832331180572509765625">
        <ele>636.4000244140625</ele>
        <time>2026-09-14T12:11:54.000Z</time>
      </trkpt>
      <trkpt lat="40.273864902555942535400390625" lon="9.4258014857769012451171875">
        <ele>636.20001220703125</ele>
        <time>2026-09-14T12:11:56.000Z</time>
      </trkpt>
      <trkpt lat="40.27385023422539234161376953125" lon="9.42575764842331409454345703125">
        <ele>635.4000244140625</ele>
        <time>2026-09-14T12:12:00.000Z</time>
      </trkpt>
      <trkpt lat="40.27383514679968357086181640625" lon="9.4257299043238162994384765625">
        <ele>635.5999755859375</ele>
        <time>2026-09-14T12:12:02.000Z</time>
      </trkpt>
      <trkpt lat="40.2738224901258945465087890625" lon="9.425716660916805267333984375">
        <ele>636.20001220703125</ele>
        <time>2026-09-14T12:12:03.000Z</time>
      </trkpt>
      <trkpt lat="40.2737934887409210205078125" lon="9.42567609250545501708984375">
        <ele>636.5999755859375</ele>
        <time>2026-09-14T12:12:08.000Z</time>
      </trkpt>
      <trkpt lat="40.27373808436095714569091796875" lon="9.425627477467060089111328125">
        <ele>639</ele>
        <time>2026-09-14T12:12:16.000Z</time>
      </trkpt>
      <trkpt lat="40.273701958358287811279296875" lon="9.42560392431914806365966796875">
        <ele>640.79998779296875</ele>
        <time>2026-09-14T12:12:21.000Z</time>
      </trkpt>
      <trkpt lat="40.273699276149272918701171875" lon="9.42559286020696163177490234375">
        <ele>640.5999755859375</ele>
        <time>2026-09-14T12:12:22.000Z</time>
      </trkpt>
      <trkpt lat="40.2736706100404262542724609375" lon="9.4255257211625576019287109375">
        <ele>639.4000244140625</ele>
        <time>2026-09-14T12:12:26.000Z</time>
      </trkpt>
      <trkpt lat="40.27365677990019321441650390625" lon="9.42550015635788440704345703125">
        <ele>639.20001220703125</ele>
        <time>2026-09-14T12:12:29.000Z</time>
      </trkpt>
      <trkpt lat="40.2736464701592922210693359375" lon="9.425481297075748443603515625">
        <ele>638.79998779296875</ele>
        <time>2026-09-14T12:12:31.000Z</time>
      </trkpt>
      <trkpt lat="40.27362207882106304168701171875" lon="9.42545958794653415679931640625">
        <ele>639.79998779296875</ele>
        <time>2026-09-14T12:12:34.000Z</time>
      </trkpt>
      <trkpt lat="40.27361176908016204833984375" lon="9.4254472665488719940185546875">
        <ele>640</ele>
        <time>2026-09-14T12:12:37.000Z</time>
      </trkpt>
      <trkpt lat="40.2735569514334201812744140625" lon="9.4254492782056331634521484375">
        <ele>645</ele>
        <time>2026-09-14T12:12:42.000Z</time>
      </trkpt>
      <trkpt lat="40.27351110242307186126708984375" lon="9.425429664552211761474609375">
        <ele>647.4000244140625</ele>
        <time>2026-09-14T12:12:49.000Z</time>
      </trkpt>
      <trkpt lat="40.27351814322173595428466796875" lon="9.4254020042717456817626953125">
        <ele>645.20001220703125</ele>
        <time>2026-09-14T12:12:54.000Z</time>
      </trkpt>
      <trkpt lat="40.2734848670661449432373046875" lon="9.42538348026573657989501953125">
        <ele>646.5999755859375</ele>
        <time>2026-09-14T12:13:01.000Z</time>
      </trkpt>
      <trkpt lat="40.2734567038714885711669921875" lon="9.4253570772707462310791015625">
        <ele>647</ele>
        <time>2026-09-14T12:13:06.000Z</time>
      </trkpt>
      <trkpt lat="40.2734359167516231536865234375" lon="9.4253812171518802642822265625">
        <ele>650</ele>
        <time>2026-09-14T12:13:10.000Z</time>
      </trkpt>
      <trkpt lat="40.27343516238033771514892578125" lon="9.42537836730480194091796875">
        <ele>650</ele>
        <time>2026-09-14T12:13:11.000Z</time>
      </trkpt>
      <trkpt lat="40.27345754206180572509765625" lon="9.4253758527338504791259765625">
        <ele>648.20001220703125</ele>
        <time>2026-09-14T12:13:16.000Z</time>
      </trkpt>
      <trkpt lat="40.273439101874828338623046875" lon="9.4253393076360225677490234375">
        <ele>647.20001220703125</ele>
        <time>2026-09-14T12:13:21.000Z</time>
      </trkpt>
      <trkpt lat="40.2734567038714885711669921875" lon="9.425308965146541595458984375">
        <ele>644</ele>
        <time>2026-09-14T12:13:28.000Z</time>
      </trkpt>
      <trkpt lat="40.2734681032598018646240234375" lon="9.42526982165873050689697265625">
        <ele>640.79998779296875</ele>
        <time>2026-09-14T12:13:35.000Z</time>
      </trkpt>
      <trkpt lat="40.27345762588083744049072265625" lon="9.42524266429245471954345703125">
        <ele>640.20001220703125</ele>
        <time>2026-09-14T12:13:40.000Z</time>
      </trkpt>
      <trkpt lat="40.2734466455876827239990234375" lon="9.4252323545515537261962890625">
        <ele>640.79998779296875</ele>
        <time>2026-09-14T12:13:42.000Z</time>
      </trkpt>
      <trkpt lat="40.273396857082843780517578125" lon="9.42521684803068637847900390625">
        <ele>643.79998779296875</ele>
        <time>2026-09-14T12:13:49.000Z</time>
      </trkpt>
      <trkpt lat="40.27335687540471553802490234375" lon="9.42521232180297374725341796875">
        <ele>646.5999755859375</ele>
        <time>2026-09-14T12:13:55.000Z</time>
      </trkpt>
      <trkpt lat="40.27330691926181316375732421875" lon="9.425197653472423553466796875">
        <ele>649.79998779296875</ele>
        <time>2026-09-14T12:14:03.000Z</time>
      </trkpt>
      <trkpt lat="40.27329451404511928558349609375" lon="9.42516940645873546600341796875">
        <ele>649.79998779296875</ele>
        <time>2026-09-14T12:14:08.000Z</time>
      </trkpt>
      <trkpt lat="40.27328562922775745391845703125" lon="9.4251743517816066741943359375">
        <ele>650.5999755859375</ele>
        <time>2026-09-14T12:14:12.000Z</time>
      </trkpt>
      <trkpt lat="40.27326316572725772857666015625" lon="9.425193630158901214599609375">
        <ele>653</ele>
        <time>2026-09-14T12:14:19.000Z</time>
      </trkpt>
      <trkpt lat="40.2733038179576396942138671875" lon="9.425231851637363433837890625">
        <ele>651.4000244140625</ele>
        <time>2026-09-14T12:14:26.000Z</time>
      </trkpt>
      <trkpt lat="40.27329862117767333984375" lon="9.425255320966243743896484375">
        <ele>652.79998779296875</ele>
        <time>2026-09-14T12:14:31.000Z</time>
      </trkpt>
      <trkpt lat="40.27331379242241382598876953125" lon="9.42527904175221920013427734375">
        <ele>653</ele>
        <time>2026-09-14T12:14:37.000Z</time>
      </trkpt>
      <trkpt lat="40.2733133733272552490234375" lon="9.42530033178627490997314453125">
        <ele>654.4000244140625</ele>
        <time>2026-09-14T12:14:43.000Z</time>
      </trkpt>
      <trkpt lat="40.27331295423209667205810546875" lon="9.4253041036427021026611328125">
        <ele>654.5999755859375</ele>
        <time>2026-09-14T12:14:44.000Z</time>
      </trkpt>
      <trkpt lat="40.27331127785146236419677734375" lon="9.42531994543969631195068359375">
        <ele>655.5999755859375</ele>
        <time>2026-09-14T12:14:50.000Z</time>
      </trkpt>
      <trkpt lat="40.27333055622875690460205078125" lon="9.4253294169902801513671875">
        <ele>654.79998779296875</ele>
        <time>2026-09-14T12:14:54.000Z</time>
      </trkpt>
      <trkpt lat="40.273339860141277313232421875" lon="9.42534039728343486785888671875">
        <ele>654.79998779296875</ele>
        <time>2026-09-14T12:14:57.000Z</time>
      </trkpt>
      <trkpt lat="40.273379422724246978759765625" lon="9.425406195223331451416015625">
        <ele>655.5999755859375</ele>
        <time>2026-09-14T12:15:05.000Z</time>
      </trkpt>
      <trkpt lat="40.2733893133699893951416015625" lon="9.42541851662099361419677734375">
        <ele>655.5999755859375</ele>
        <time>2026-09-14T12:15:06.000Z</time>
      </trkpt>
      <trkpt lat="40.27341068722307682037353515625" lon="9.42546629346907138824462890625">
        <ele>656.79998779296875</ele>
        <time>2026-09-14T12:15:13.000Z</time>
      </trkpt>
      <trkpt lat="40.2733966894447803497314453125" lon="9.4254796206951141357421875">
        <ele>658.4000244140625</ele>
        <time>2026-09-14T12:15:19.000Z</time>
      </trkpt>
      <trkpt lat="40.27339518070220947265625" lon="9.4254600070416927337646484375">
        <ele>657.4000244140625</ele>
        <time>2026-09-14T12:15:27.000Z</time>
      </trkpt>
      <trkpt lat="40.27336123399436473846435546875" lon="9.42552798427641391754150390625">
        <ele>663.4000244140625</ele>
        <time>2026-09-14T12:15:48.000Z</time>
      </trkpt>
      <trkpt lat="40.2733440510928630828857421875" lon="9.42556536756455898284912109375">
        <ele>666.5999755859375</ele>
        <time>2026-09-14T12:15:53.000Z</time>
      </trkpt>
      <trkpt lat="40.273330472409725189208984375" lon="9.425565116107463836669921875">
        <ele>667.5999755859375</ele>
        <time>2026-09-14T12:15:57.000Z</time>
      </trkpt>
      <trkpt lat="40.27332904748618602752685546875" lon="9.42556737922132015228271484375">
        <ele>667.79998779296875</ele>
        <time>2026-09-14T12:15:58.000Z</time>
      </trkpt>
      <trkpt lat="40.27328412048518657684326171875" lon="9.425548352301120758056640625">
        <ele>669.79998779296875</ele>
        <time>2026-09-14T12:16:04.000Z</time>
      </trkpt>
      <trkpt lat="40.2732528559863567352294921875" lon="9.425541646778583526611328125">
        <ele>671.79998779296875</ele>
        <time>2026-09-14T12:16:12.000Z</time>
      </trkpt>
      <trkpt lat="40.27319678105413913726806640625" lon="9.42551993764936923980712890625">
        <ele>674.79998779296875</ele>
        <time>2026-09-14T12:16:20.000Z</time>
      </trkpt>
      <trkpt lat="40.2731904946267604827880859375" lon="9.4255159981548786163330078125">
        <ele>675.20001220703125</ele>
        <time>2026-09-14T12:16:21.000Z</time>
      </trkpt>
      <trkpt lat="40.27315755374729633331298828125" lon="9.4254476018249988555908203125">
        <ele>674.4000244140625</ele>
        <time>2026-09-14T12:16:28.000Z</time>
      </trkpt>
      <trkpt lat="40.27315202169120311737060546875" lon="9.42543737590312957763671875">
        <ele>674.4000244140625</ele>
        <time>2026-09-14T12:16:29.000Z</time>
      </trkpt>
      <trkpt lat="40.27313240803778171539306640625" lon="9.42534525878727436065673828125">
        <ele>671.20001220703125</ele>
        <time>2026-09-14T12:16:35.000Z</time>
      </trkpt>
      <trkpt lat="40.27314238250255584716796875" lon="9.4253051094710826873779296875">
        <ele>668.20001220703125</ele>
        <time>2026-09-14T12:16:39.000Z</time>
      </trkpt>
      <trkpt lat="40.273147411644458770751953125" lon="9.42530167289078235626220703125">
        <ele>667.5999755859375</ele>
        <time>2026-09-14T12:16:42.000Z</time>
      </trkpt>
      <trkpt lat="40.2731452323496341705322265625" lon="9.425247609615325927734375">
        <ele>664.79998779296875</ele>
        <time>2026-09-14T12:16:55.000Z</time>
      </trkpt>
      <trkpt lat="40.27309049852192401885986328125" lon="9.42521031014621257781982421875">
        <ele>667.20001220703125</ele>
        <time>2026-09-14T12:17:01.000Z</time>
      </trkpt>
      <trkpt lat="40.27304892428219318389892578125" lon="9.42516856826841831207275390625">
        <ele>668.20001220703125</ele>
        <time>2026-09-14T12:17:06.000Z</time>
      </trkpt>
      <trkpt lat="40.2729953639209270477294921875" lon="9.42514769732952117919921875">
        <ele>671.4000244140625</ele>
        <time>2026-09-14T12:17:12.000Z</time>
      </trkpt>
      <trkpt lat="40.2729541249573230743408203125" lon="9.4251041114330291748046875">
        <ele>672.4000244140625</ele>
        <time>2026-09-14T12:17:18.000Z</time>
      </trkpt>
      <trkpt lat="40.27295219711959362030029296875" lon="9.42509128712117671966552734375">
        <ele>671.79998779296875</ele>
        <time>2026-09-14T12:17:19.000Z</time>
      </trkpt>
      <trkpt lat="40.27293124236166477203369140625" lon="9.425028003752231597900390625">
        <ele>669.79998779296875</ele>
        <time>2026-09-14T12:17:25.000Z</time>
      </trkpt>
      <trkpt lat="40.272900648415088653564453125" lon="9.42500344477593898773193359375">
        <ele>671</ele>
        <time>2026-09-14T12:17:28.000Z</time>
      </trkpt>
      <trkpt lat="40.27288413606584072113037109375" lon="9.4249926321208477020263671875">
        <ele>671.79998779296875</ele>
        <time>2026-09-14T12:17:30.000Z</time>
      </trkpt>
      <trkpt lat="40.27287810109555721282958984375" lon="9.42498944699764251708984375">
        <ele>672</ele>
        <time>2026-09-14T12:17:31.000Z</time>
      </trkpt>
      <trkpt lat="40.272867120802402496337890625" lon="9.42500285804271697998046875">
        <ele>673.79998779296875</ele>
        <time>2026-09-14T12:17:33.000Z</time>
      </trkpt>
      <trkpt lat="40.2728250436484813690185546875" lon="9.42499347031116485595703125">
        <ele>676.5999755859375</ele>
        <time>2026-09-14T12:17:38.000Z</time>
      </trkpt>
      <trkpt lat="40.2728126384317874908447265625" lon="9.42498869262635707855224609375">
        <ele>677.4000244140625</ele>
        <time>2026-09-14T12:17:39.000Z</time>
      </trkpt>
      <trkpt lat="40.27272555045783519744873046875" lon="9.42498617805540561676025390625">
        <ele>684.5999755859375</ele>
        <time>2026-09-14T12:17:47.000Z</time>
      </trkpt>
      <trkpt lat="40.27270526625216007232666015625" lon="9.42499455995857715606689453125">
        <ele>686</ele>
        <time>2026-09-14T12:17:48.000Z</time>
      </trkpt>
      <trkpt lat="40.272692106664180755615234375" lon="9.424995146691799163818359375">
        <ele>686.79998779296875</ele>
        <time>2026-09-14T12:17:49.000Z</time>
      </trkpt>
      <trkpt lat="40.2726533822715282440185546875" lon="9.42497964017093181610107421875">
        <ele>688.5999755859375</ele>
        <time>2026-09-14T12:17:53.000Z</time>
      </trkpt>
      <trkpt lat="40.27259529568254947662353515625" lon="9.424961619079113006591796875">
        <ele>691</ele>
        <time>2026-09-14T12:18:01.000Z</time>
      </trkpt>
      <trkpt lat="40.27258825488388538360595703125" lon="9.4249239005148410797119140625">
        <ele>689.5999755859375</ele>
        <time>2026-09-14T12:18:05.000Z</time>
      </trkpt>
      <trkpt lat="40.2725916914641857147216796875" lon="9.42488475702702999114990234375">
        <ele>687.5999755859375</ele>
        <time>2026-09-14T12:18:08.000Z</time>
      </trkpt>
      <trkpt lat="40.27251583524048328399658203125" lon="9.42487218417227268218994140625">
        <ele>691.4000244140625</ele>
        <time>2026-09-14T12:18:15.000Z</time>
      </trkpt>
      <trkpt lat="40.2724850736558437347412109375" lon="9.42483396269381046295166015625">
        <ele>691.4000244140625</ele>
        <time>2026-09-14T12:18:20.000Z</time>
      </trkpt>
      <trkpt lat="40.2724837325513362884521484375" lon="9.4248337112367153167724609375">
        <ele>691.4000244140625</ele>
        <time>2026-09-14T12:18:21.000Z</time>
      </trkpt>
      <trkpt lat="40.2724585868418216705322265625" lon="9.4248189590871334075927734375">
        <ele>692.20001220703125</ele>
        <time>2026-09-14T12:18:28.000Z</time>
      </trkpt>
      <trkpt lat="40.2724190242588520050048828125" lon="9.42481233738362789154052734375">
        <ele>693.5999755859375</ele>
        <time>2026-09-14T12:18:37.000Z</time>
      </trkpt>
      <trkpt lat="40.27242531068623065948486328125" lon="9.424818791449069976806640625">
        <ele>693.79998779296875</ele>
        <time>2026-09-14T12:18:40.000Z</time>
      </trkpt>
      <trkpt lat="40.27243101038038730621337890625" lon="9.4248229824006557464599609375">
        <ele>693.79998779296875</ele>
        <time>2026-09-14T12:18:41.000Z</time>
      </trkpt>
      <trkpt lat="40.27245364151895046234130859375" lon="9.424841590225696563720703125">
        <ele>693.5999755859375</ele>
        <time>2026-09-14T12:18:45.000Z</time>
      </trkpt>
      <trkpt lat="40.27247543446719646453857421875" lon="9.42488081753253936767578125">
        <ele>694.20001220703125</ele>
        <time>2026-09-14T12:18:50.000Z</time>
      </trkpt>
      <trkpt lat="40.2725048549473285675048828125" lon="9.424928091466426849365234375">
        <ele>694.5999755859375</ele>
        <time>2026-09-14T12:18:57.000Z</time>
      </trkpt>
      <trkpt lat="40.272496640682220458984375" lon="9.4249369762837886810302734375">
        <ele>695.5999755859375</ele>
        <time>2026-09-14T12:19:02.000Z</time>
      </trkpt>
      <trkpt lat="40.272468812763690948486328125" lon="9.42496170289814472198486328125">
        <ele>698.4000244140625</ele>
        <time>2026-09-14T12:19:08.000Z</time>
      </trkpt>
      <trkpt lat="40.27244140394032001495361328125" lon="9.4249534048140048980712890625">
        <ele>699.5999755859375</ele>
        <time>2026-09-14T12:19:13.000Z</time>
      </trkpt>
      <trkpt lat="40.272429250180721282958984375" lon="9.424967654049396514892578125">
        <ele>700.5999755859375</ele>
        <time>2026-09-14T12:19:18.000Z</time>
      </trkpt>
      <trkpt lat="40.27242765761911869049072265625" lon="9.4249668158590793609619140625">
        <ele>700.5999755859375</ele>
        <time>2026-09-14T12:19:19.000Z</time>
      </trkpt>
      <trkpt lat="40.27239480055868625640869140625" lon="9.4249577634036540985107421875">
        <ele>701</ele>
        <time>2026-09-14T12:19:25.000Z</time>
      </trkpt>
      <trkpt lat="40.27234149165451526641845703125" lon="9.4249517284333705902099609375">
        <ele>702.4000244140625</ele>
        <time>2026-09-14T12:19:32.000Z</time>
      </trkpt>
      <trkpt lat="40.27228952385485172271728515625" lon="9.42496438510715961456298828125">
        <ele>704.79998779296875</ele>
        <time>2026-09-14T12:19:37.000Z</time>
      </trkpt>
      <trkpt lat="40.2722426690161228179931640625" lon="9.42496262490749359130859375">
        <ele>706.20001220703125</ele>
        <time>2026-09-14T12:19:40.000Z</time>
      </trkpt>
      <trkpt lat="40.27221308089792728424072265625" lon="9.42494795657694339752197265625">
        <ele>706.4000244140625</ele>
        <time>2026-09-14T12:19:43.000Z</time>
      </trkpt>
      <trkpt lat="40.27218223549425601959228515625" lon="9.42493052221834659576416015625">
        <ele>706.20001220703125</ele>
        <time>2026-09-14T12:19:48.000Z</time>
      </trkpt>
      <trkpt lat="40.2721474505960941314697265625" lon="9.42489749751985073089599609375">
        <ele>705.20001220703125</ele>
        <time>2026-09-14T12:19:53.000Z</time>
      </trkpt>
      <trkpt lat="40.27211065404117107391357421875" lon="9.42486363463103771209716796875">
        <ele>704</ele>
        <time>2026-09-14T12:19:59.000Z</time>
      </trkpt>
      <trkpt lat="40.27211031876504421234130859375" lon="9.4248605333268642425537109375">
        <ele>703.79998779296875</ele>
        <time>2026-09-14T12:20:00.000Z</time>
      </trkpt>
      <trkpt lat="40.2720810659229755401611328125" lon="9.42482977174222469329833984375">
        <ele>702.5999755859375</ele>
        <time>2026-09-14T12:20:04.000Z</time>
      </trkpt>
      <trkpt lat="40.2720582671463489532470703125" lon="9.42482155747711658477783203125">
        <ele>702.5999755859375</ele>
        <time>2026-09-14T12:20:06.000Z</time>
      </trkpt>
      <trkpt lat="40.2720475383102893829345703125" lon="9.42482105456292629241943359375">
        <ele>702.79998779296875</ele>
        <time>2026-09-14T12:20:07.000Z</time>
      </trkpt>
      <trkpt lat="40.27198274619877338409423828125" lon="9.4248186238110065460205078125">
        <ele>704</ele>
        <time>2026-09-14T12:20:11.000Z</time>
      </trkpt>
      <trkpt lat="40.2719642221927642822265625" lon="9.42480630241334438323974609375">
        <ele>703.5999755859375</ele>
        <time>2026-09-14T12:20:13.000Z</time>
      </trkpt>
      <trkpt lat="40.27192088775336742401123046875" lon="9.42476204596459865570068359375">
        <ele>701.79998779296875</ele>
        <time>2026-09-14T12:20:18.000Z</time>
      </trkpt>
      <trkpt lat="40.27191049419343471527099609375" lon="9.42475140094757080078125">
        <ele>701.4000244140625</ele>
        <time>2026-09-14T12:20:19.000Z</time>
      </trkpt>
      <trkpt lat="40.27189004234969615936279296875" lon="9.4247391633689403533935546875">
        <ele>701.20001220703125</ele>
        <time>2026-09-14T12:20:21.000Z</time>
      </trkpt>
      <trkpt lat="40.2718676626682281494140625" lon="9.42472885362803936004638671875">
        <ele>701.4000244140625</ele>
        <time>2026-09-14T12:20:23.000Z</time>
      </trkpt>
      <trkpt lat="40.27185249142348766326904296875" lon="9.42470957525074481964111328125">
        <ele>701</ele>
        <time>2026-09-14T12:20:25.000Z</time>
      </trkpt>
      <trkpt lat="40.2718185447156429290771484375" lon="9.42463338375091552734375">
        <ele>699</ele>
        <time>2026-09-14T12:20:31.000Z</time>
      </trkpt>
      <trkpt lat="40.27180538512766361236572265625" lon="9.42459918558597564697265625">
        <ele>697.79998779296875</ele>
        <time>2026-09-14T12:20:33.000Z</time>
      </trkpt>
      <trkpt lat="40.2717830054461956024169921875" lon="9.42455333657562732696533203125">
        <ele>696.5999755859375</ele>
        <time>2026-09-14T12:20:36.000Z</time>
      </trkpt>
      <trkpt lat="40.27177236042916774749755859375" lon="9.4245301187038421630859375">
        <ele>696</ele>
        <time>2026-09-14T12:20:38.000Z</time>
      </trkpt>
      <trkpt lat="40.27176775038242340087890625" lon="9.424508996307849884033203125">
        <ele>695.20001220703125</ele>
        <time>2026-09-14T12:20:40.000Z</time>
      </trkpt>
      <trkpt lat="40.27174570597708225250244140625" lon="9.42448896355926990509033203125">
        <ele>695.4000244140625</ele>
        <time>2026-09-14T12:20:42.000Z</time>
      </trkpt>
      <trkpt lat="40.2717179618775844573974609375" lon="9.42443733103573322296142578125">
        <ele>694.20001220703125</ele>
        <time>2026-09-14T12:20:46.000Z</time>
      </trkpt>
      <trkpt lat="40.27171284891664981842041015625" lon="9.4244058988988399505615234375">
        <ele>692.79998779296875</ele>
        <time>2026-09-14T12:20:47.000Z</time>
      </trkpt>
      <trkpt lat="40.2716552652418613433837890625" lon="9.42436222918331623077392578125">
        <ele>694.20001220703125</ele>
        <time>2026-09-14T12:20:53.000Z</time>
      </trkpt>
      <trkpt lat="40.27164529077708721160888671875" lon="9.424359798431396484375">
        <ele>694.5999755859375</ele>
        <time>2026-09-14T12:20:54.000Z</time>
      </trkpt>
      <trkpt lat="40.27164713479578495025634765625" lon="9.42435150034725666046142578125">
        <ele>694.20001220703125</ele>
        <time>2026-09-14T12:20:55.000Z</time>
      </trkpt>
      <trkpt lat="40.271656773984432220458984375" lon="9.42434211261570453643798828125">
        <ele>693.20001220703125</ele>
        <time>2026-09-14T12:20:57.000Z</time>
      </trkpt>
      <trkpt lat="40.27164462022483348846435546875" lon="9.42429743707180023193359375">
        <ele>691.79998779296875</ele>
        <time>2026-09-14T12:21:01.000Z</time>
      </trkpt>
      <trkpt lat="40.27157890610396862030029296875" lon="9.424232058227062225341796875">
        <ele>692.20001220703125</ele>
        <time>2026-09-14T12:21:07.000Z</time>
      </trkpt>
      <trkpt lat="40.271552167832851409912109375" lon="9.424231052398681640625">
        <ele>693.5999755859375</ele>
        <time>2026-09-14T12:21:09.000Z</time>
      </trkpt>
      <trkpt lat="40.27149709872901439666748046875" lon="9.42420951090753078460693359375">
        <ele>695.4000244140625</ele>
        <time>2026-09-14T12:21:14.000Z</time>
      </trkpt>
      <trkpt lat="40.27148452587425708770751953125" lon="9.42419207654893398284912109375">
        <ele>695.20001220703125</ele>
        <time>2026-09-14T12:21:15.000Z</time>
      </trkpt>
      <trkpt lat="40.2714779041707515716552734375" lon="9.42417849786579608917236328125">
        <ele>694.79998779296875</ele>
        <time>2026-09-14T12:21:17.000Z</time>
      </trkpt>
      <trkpt lat="40.27145619504153728485107421875" lon="9.424152262508869171142578125">
        <ele>694.79998779296875</ele>
        <time>2026-09-14T12:21:20.000Z</time>
      </trkpt>
      <trkpt lat="40.27145124971866607666015625" lon="9.42413474433124065399169921875">
        <ele>694.20001220703125</ele>
        <time>2026-09-14T12:21:21.000Z</time>
      </trkpt>
      <trkpt lat="40.271413363516330718994140625" lon="9.4240887276828289031982421875">
        <ele>693.79998779296875</ele>
        <time>2026-09-14T12:21:25.000Z</time>
      </trkpt>
      <trkpt lat="40.271396934986114501953125" lon="9.42408596165478229522705078125">
        <ele>694.4000244140625</ele>
        <time>2026-09-14T12:21:27.000Z</time>
      </trkpt>
      <trkpt lat="40.2713863737881183624267578125" lon="9.42407841794192790985107421875">
        <ele>694.5999755859375</ele>
        <time>2026-09-14T12:21:29.000Z</time>
      </trkpt>
      <trkpt lat="40.27137723751366138458251953125" lon="9.42407472990453243255615234375">
        <ele>694.79998779296875</ele>
        <time>2026-09-14T12:21:30.000Z</time>
      </trkpt>
      <trkpt lat="40.27136047370731830596923828125" lon="9.42406333051621913909912109375">
        <ele>695</ele>
        <time>2026-09-14T12:21:32.000Z</time>
      </trkpt>
      <trkpt lat="40.27134396135807037353515625" lon="9.42403852008283138275146484375">
        <ele>694.5999755859375</ele>
        <time>2026-09-14T12:21:35.000Z</time>
      </trkpt>
      <trkpt lat="40.27132594026625156402587890625" lon="9.42402879707515239715576171875">
        <ele>695</ele>
        <time>2026-09-14T12:21:37.000Z</time>
      </trkpt>
      <trkpt lat="40.27130364440381526947021484375" lon="9.42402385175228118896484375">
        <ele>695.4000244140625</ele>
        <time>2026-09-14T12:21:39.000Z</time>
      </trkpt>
      <trkpt lat="40.27128922753036022186279296875" lon="9.42402058281004428863525390625">
        <ele>695.79998779296875</ele>
        <time>2026-09-14T12:21:40.000Z</time>
      </trkpt>
      <trkpt lat="40.271266512572765350341796875" lon="9.42400507628917694091796875">
        <ele>695.5999755859375</ele>
        <time>2026-09-14T12:21:42.000Z</time>
      </trkpt>
      <trkpt lat="40.27123373933136463165283203125" lon="9.42398839630186557769775390625">
        <ele>695.79998779296875</ele>
        <time>2026-09-14T12:21:45.000Z</time>
      </trkpt>
      <trkpt lat="40.27121521532535552978515625" lon="9.42398655228316783905029296875">
        <ele>696.20001220703125</ele>
        <time>2026-09-14T12:21:47.000Z</time>
      </trkpt>
      <trkpt lat="40.2711573801934719085693359375" lon="9.42396962083876132965087890625">
        <ele>697</ele>
        <time>2026-09-14T12:21:52.000Z</time>
      </trkpt>
      <trkpt lat="40.27111069299280643463134765625" lon="9.423950426280498504638671875">
        <ele>697.4000244140625</ele>
        <time>2026-09-14T12:21:56.000Z</time>
      </trkpt>
      <trkpt lat="40.27109392918646335601806640625" lon="9.42394531331956386566162109375">
        <ele>697.79998779296875</ele>
        <time>2026-09-14T12:21:58.000Z</time>
      </trkpt>
      <trkpt lat="40.27102368883788585662841796875" lon="9.42390575073659420013427734375">
        <ele>698.4000244140625</ele>
        <time>2026-09-14T12:22:06.000Z</time>
      </trkpt>
      <trkpt lat="40.27096937410533428192138671875" lon="9.423846490681171417236328125">
        <ele>698.20001220703125</ele>
        <time>2026-09-14T12:22:12.000Z</time>
      </trkpt>
      <trkpt lat="40.2709619142115116119384765625" lon="9.42382344044744968414306640625">
        <ele>697.79998779296875</ele>
        <time>2026-09-14T12:22:14.000Z</time>
      </trkpt>
      <trkpt lat="40.270895026624202728271484375" lon="9.42378354258835315704345703125">
        <ele>700</ele>
        <time>2026-09-14T12:22:18.000Z</time>
      </trkpt>
      <trkpt lat="40.270880945026874542236328125" lon="9.423780776560306549072265625">
        <ele>700.5999755859375</ele>
        <time>2026-09-14T12:22:22.000Z</time>
      </trkpt>
      <trkpt lat="40.270803160965442657470703125" lon="9.42374515347182750701904296875">
        <ele>703.4000244140625</ele>
        <time>2026-09-14T12:22:29.000Z</time>
      </trkpt>
      <trkpt lat="40.270727388560771942138671875" lon="9.42371548153460025787353515625">
        <ele>705.79998779296875</ele>
        <time>2026-09-14T12:22:36.000Z</time>
      </trkpt>
      <trkpt lat="40.2707062661647796630859375" lon="9.42372185178101062774658203125">
        <ele>707</ele>
        <time>2026-09-14T12:22:38.000Z</time>
      </trkpt>
      <trkpt lat="40.27066326700150966644287109375" lon="9.42367424257099628448486328125">
        <ele>707.4000244140625</ele>
        <time>2026-09-14T12:22:43.000Z</time>
      </trkpt>
      <trkpt lat="40.27064549736678600311279296875" lon="9.42360584624111652374267578125">
        <ele>705.79998779296875</ele>
        <time>2026-09-14T12:22:45.000Z</time>
      </trkpt>
      <trkpt lat="40.27061012573540210723876953125" lon="9.4235296547412872314453125">
        <ele>704.79998779296875</ele>
        <time>2026-09-14T12:22:51.000Z</time>
      </trkpt>
      <trkpt lat="40.27051256038248538970947265625" lon="9.4234865717589855194091796875">
        <ele>707.4000244140625</ele>
        <time>2026-09-14T12:23:00.000Z</time>
      </trkpt>
      <trkpt lat="40.270498059689998626708984375" lon="9.42346419207751750946044921875">
        <ele>707.20001220703125</ele>
        <time>2026-09-14T12:23:02.000Z</time>
      </trkpt>
      <trkpt lat="40.27044734917581081390380859375" lon="9.4234258867800235748291015625">
        <ele>707.5999755859375</ele>
        <time>2026-09-14T12:23:07.000Z</time>
      </trkpt>
      <trkpt lat="40.27043645270168781280517578125" lon="9.4234242103993892669677734375">
        <ele>707.79998779296875</ele>
        <time>2026-09-14T12:23:08.000Z</time>
      </trkpt>
      <trkpt lat="40.2703916095197200775146484375" lon="9.42339160479605197906494140625">
        <ele>708.20001220703125</ele>
        <time>2026-09-14T12:23:15.000Z</time>
      </trkpt>
      <trkpt lat="40.270314998924732208251953125" lon="9.42328951321542263031005859375">
        <ele>707</ele>
        <time>2026-09-14T12:23:22.000Z</time>
      </trkpt>
      <trkpt lat="40.27019991539418697357177734375" lon="9.42321876995265483856201171875">
        <ele>708.5999755859375</ele>
        <time>2026-09-14T12:23:29.000Z</time>
      </trkpt>
      <trkpt lat="40.2702005021274089813232421875" lon="9.423204772174358367919921875">
        <ele>708.20001220703125</ele>
        <time>2026-09-14T12:23:30.000Z</time>
      </trkpt>
      <trkpt lat="40.2701364643871784210205078125" lon="9.42309421487152576446533203125">
        <ele>706.4000244140625</ele>
        <time>2026-09-14T12:23:42.000Z</time>
      </trkpt>
      <trkpt lat="40.27013369835913181304931640625" lon="9.423069320619106292724609375">
        <ele>705.79998779296875</ele>
        <time>2026-09-14T12:23:44.000Z</time>
      </trkpt>
      <trkpt lat="40.2701389789581298828125" lon="9.4230416603386402130126953125">
        <ele>704.79998779296875</ele>
        <time>2026-09-14T12:23:46.000Z</time>
      </trkpt>
      <trkpt lat="40.27012850157916545867919921875" lon="9.4230339489877223968505859375">
        <ele>704.79998779296875</ele>
        <time>2026-09-14T12:23:47.000Z</time>
      </trkpt>
      <trkpt lat="40.27011408470571041107177734375" lon="9.4230202026665210723876953125">
        <ele>704.79998779296875</ele>
        <time>2026-09-14T12:23:49.000Z</time>
      </trkpt>
      <trkpt lat="40.27009832672774791717529296875" lon="9.4230098091065883636474609375">
        <ele>704.79998779296875</ele>
        <time>2026-09-14T12:23:50.000Z</time>
      </trkpt>
      <trkpt lat="40.27005792595446109771728515625" lon="9.4229762814939022064208984375">
        <ele>704.79998779296875</ele>
        <time>2026-09-14T12:23:54.000Z</time>
      </trkpt>
      <trkpt lat="40.27005507610738277435302734375" lon="9.422970078885555267333984375">
        <ele>704.5999755859375</ele>
        <time>2026-09-14T12:23:56.000Z</time>
      </trkpt>
      <trkpt lat="40.27003780938684940338134765625" lon="9.42294451408088207244873046875">
        <ele>704.20001220703125</ele>
        <time>2026-09-14T12:24:01.000Z</time>
      </trkpt>
      <trkpt lat="40.27003445662558078765869140625" lon="9.42294292151927947998046875">
        <ele>704.20001220703125</ele>
        <time>2026-09-14T12:24:02.000Z</time>
      </trkpt>
      <trkpt lat="40.26997712440788745880126953125" lon="9.42289640195667743682861328125">
        <ele>704.20001220703125</ele>
        <time>2026-09-14T12:24:08.000Z</time>
      </trkpt>
      <trkpt lat="40.26993018575012683868408203125" lon="9.4228698313236236572265625">
        <ele>704.4000244140625</ele>
        <time>2026-09-14T12:24:13.000Z</time>
      </trkpt>
      <trkpt lat="40.26989498175680637359619140625" lon="9.42283655516803264617919921875">
        <ele>704.4000244140625</ele>
        <time>2026-09-14T12:24:18.000Z</time>
      </trkpt>
      <trkpt lat="40.26983999647200107574462890625" lon="9.4228247366845607757568359375">
        <ele>705.79998779296875</ele>
        <time>2026-09-14T12:24:21.000Z</time>
      </trkpt>
      <trkpt lat="40.2698156051337718963623046875" lon="9.42280084826052188873291015625">
        <ele>705.79998779296875</ele>
        <time>2026-09-14T12:24:24.000Z</time>
      </trkpt>
      <trkpt lat="40.26974930427968502044677734375" lon="9.42275944165885448455810546875">
        <ele>706.4000244140625</ele>
        <time>2026-09-14T12:24:30.000Z</time>
      </trkpt>
      <trkpt lat="40.26969700120389461517333984375" lon="9.422738738358020782470703125">
        <ele>707.4000244140625</ele>
        <time>2026-09-14T12:24:35.000Z</time>
      </trkpt>
      <trkpt lat="40.26968928985297679901123046875" lon="9.42272976972162723541259765625">
        <ele>707.4000244140625</ele>
        <time>2026-09-14T12:24:36.000Z</time>
      </trkpt>
      <trkpt lat="40.26966196484863758087158203125" lon="9.42269976250827312469482421875">
        <ele>707.20001220703125</ele>
        <time>2026-09-14T12:24:40.000Z</time>
      </trkpt>
      <trkpt lat="40.26962860487401485443115234375" lon="9.42267277278006076812744140625">
        <ele>708.20001220703125</ele>
        <time>2026-09-14T12:24:43.000Z</time>
      </trkpt>
      <trkpt lat="40.2696184627711772918701171875" lon="9.4226617924869060516357421875">
        <ele>708.4000244140625</ele>
        <time>2026-09-14T12:24:44.000Z</time>
      </trkpt>
      <trkpt lat="40.2695745415985584259033203125" lon="9.4225769676268100738525390625">
        <ele>708.4000244140625</ele>
        <time>2026-09-14T12:24:52.000Z</time>
      </trkpt>
      <trkpt lat="40.26952818967401981353759765625" lon="9.4225290231406688690185546875">
        <ele>709.4000244140625</ele>
        <time>2026-09-14T12:24:57.000Z</time>
      </trkpt>
      <trkpt lat="40.26947856880724430084228515625" lon="9.422484599053859710693359375">
        <ele>710.79998779296875</ele>
        <time>2026-09-14T12:25:01.000Z</time>
      </trkpt>
      <trkpt lat="40.26942551136016845703125" lon="9.42242818884551525115966796875">
        <ele>712.20001220703125</ele>
        <time>2026-09-14T12:25:07.000Z</time>
      </trkpt>
      <trkpt lat="40.269425176084041595458984375" lon="9.422408156096935272216796875">
        <ele>711.5999755859375</ele>
        <time>2026-09-14T12:25:08.000Z</time>
      </trkpt>
      <trkpt lat="40.2693680115044116973876953125" lon="9.422278068959712982177734375">
        <ele>710.5999755859375</ele>
        <time>2026-09-14T12:25:16.000Z</time>
      </trkpt>
      <trkpt lat="40.2693328075110912322998046875" lon="9.42215728573501110076904296875">
        <ele>708</ele>
        <time>2026-09-14T12:25:23.000Z</time>
      </trkpt>
      <trkpt lat="40.26932702399790287017822265625" lon="9.42215058021247386932373046875">
        <ele>708</ele>
        <time>2026-09-14T12:25:24.000Z</time>
      </trkpt>
      <trkpt lat="40.26933230459690093994140625" lon="9.42211269401013851165771484375">
        <ele>706.5999755859375</ele>
        <time>2026-09-14T12:25:27.000Z</time>
      </trkpt>
      <trkpt lat="40.2693509124219417572021484375" lon="9.422080256044864654541015625">
        <ele>705.20001220703125</ele>
        <time>2026-09-14T12:25:29.000Z</time>
      </trkpt>
      <trkpt lat="40.269341357052326202392578125" lon="9.42202535457909107208251953125">
        <ele>704</ele>
        <time>2026-09-14T12:25:33.000Z</time>
      </trkpt>
      <trkpt lat="40.2693383395671844482421875" lon="9.4219959340989589691162109375">
        <ele>703.20001220703125</ele>
        <time>2026-09-14T12:25:35.000Z</time>
      </trkpt>
      <trkpt lat="40.269332639873027801513671875" lon="9.4219510070979595184326171875">
        <ele>702</ele>
        <time>2026-09-14T12:25:39.000Z</time>
      </trkpt>
      <trkpt lat="40.2693267725408077239990234375" lon="9.42181346006691455841064453125">
        <ele>698.5999755859375</ele>
        <time>2026-09-14T12:25:47.000Z</time>
      </trkpt>
      <trkpt lat="40.2692900598049163818359375" lon="9.42170918919146060943603515625">
        <ele>697</ele>
        <time>2026-09-14T12:25:54.000Z</time>
      </trkpt>
      <trkpt lat="40.26928360573947429656982421875" lon="9.42161983810365200042724609375">
        <ele>694.79998779296875</ele>
        <time>2026-09-14T12:25:59.000Z</time>
      </trkpt>
      <trkpt lat="40.26927606202661991119384765625" lon="9.42158966325223445892333984375">
        <ele>693.5999755859375</ele>
        <time>2026-09-14T12:26:02.000Z</time>
      </trkpt>
      <trkpt lat="40.26923733763396739959716796875" lon="9.421535097062587738037109375">
        <ele>692.20001220703125</ele>
        <time>2026-09-14T12:26:07.000Z</time>
      </trkpt>
      <trkpt lat="40.2692151255905628204345703125" lon="9.4215158186852931976318359375">
        <ele>691.79998779296875</ele>
        <time>2026-09-14T12:26:09.000Z</time>
      </trkpt>
      <trkpt lat="40.26918721385300159454345703125" lon="9.42142286337912082672119140625">
        <ele>688.5999755859375</ele>
        <time>2026-09-14T12:26:17.000Z</time>
      </trkpt>
      <trkpt lat="40.2691064961254596710205078125" lon="9.4213505275547504425048828125">
        <ele>687.20001220703125</ele>
        <time>2026-09-14T12:26:24.000Z</time>
      </trkpt>
      <trkpt lat="40.2690900675952434539794921875" lon="9.42133359611034393310546875">
        <ele>687</ele>
        <time>2026-09-14T12:26:26.000Z</time>
      </trkpt>
      <trkpt lat="40.2690816856920719146728515625" lon="9.42132881842553615570068359375">
        <ele>687.20001220703125</ele>
        <time>2026-09-14T12:26:27.000Z</time>
      </trkpt>
      <trkpt lat="40.2690696157515048980712890625" lon="9.42132554948329925537109375">
        <ele>687.5999755859375</ele>
        <time>2026-09-14T12:26:28.000Z</time>
      </trkpt>
      <trkpt lat="40.26903416030108928680419921875" lon="9.4213022477924823760986328125">
        <ele>688.20001220703125</ele>
        <time>2026-09-14T12:26:32.000Z</time>
      </trkpt>
      <trkpt lat="40.2690310589969158172607421875" lon="9.4212911836802959442138671875">
        <ele>687.79998779296875</ele>
        <time>2026-09-14T12:26:33.000Z</time>
      </trkpt>
      <trkpt lat="40.26901152916252613067626953125" lon="9.42124466411769390106201171875">
        <ele>686.5999755859375</ele>
        <time>2026-09-14T12:26:37.000Z</time>
      </trkpt>
      <trkpt lat="40.2689693681895732879638671875" lon="9.4211815483868122100830078125">
        <ele>685.79998779296875</ele>
        <time>2026-09-14T12:26:41.000Z</time>
      </trkpt>
      <trkpt lat="40.26889133267104625701904296875" lon="9.42109060473740100860595703125">
        <ele>685.20001220703125</ele>
        <time>2026-09-14T12:26:48.000Z</time>
      </trkpt>
      <trkpt lat="40.26886962354183197021484375" lon="9.42101550288498401641845703125">
        <ele>684.4000244140625</ele>
        <time>2026-09-14T12:26:52.000Z</time>
      </trkpt>
      <trkpt lat="40.268832407891750335693359375" lon="9.42100879736244678497314453125">
        <ele>686</ele>
        <time>2026-09-14T12:26:54.000Z</time>
      </trkpt>
      <trkpt lat="40.26882536709308624267578125" lon="9.4210199452936649322509765625">
        <ele>686.4000244140625</ele>
        <time>2026-09-14T12:26:56.000Z</time>
      </trkpt>
      <trkpt lat="40.26881237514317035675048828125" lon="9.42098583094775676727294921875">
        <ele>686</ele>
        <time>2026-09-14T12:26:59.000Z</time>
      </trkpt>
      <trkpt lat="40.26877968572080135345458984375" lon="9.42088910378515720367431640625">
        <ele>684.5999755859375</ele>
        <time>2026-09-14T12:27:07.000Z</time>
      </trkpt>
      <trkpt lat="40.26877800934016704559326171875" lon="9.4208734296262264251708984375">
        <ele>684.4000244140625</ele>
        <time>2026-09-14T12:27:08.000Z</time>
      </trkpt>
      <trkpt lat="40.268770717084407806396484375" lon="9.42084903828799724578857421875">
        <ele>684</ele>
        <time>2026-09-14T12:27:10.000Z</time>
      </trkpt>
      <trkpt lat="40.26876208372414112091064453125" lon="9.4208080507814884185791015625">
        <ele>683.20001220703125</ele>
        <time>2026-09-14T12:27:13.000Z</time>
      </trkpt>
      <trkpt lat="40.26875571347773075103759765625" lon="9.42079103551805019378662109375">
        <ele>682.79998779296875</ele>
        <time>2026-09-14T12:27:14.000Z</time>
      </trkpt>
      <trkpt lat="40.26874230243265628814697265625" lon="9.42076186649501323699951171875">
        <ele>682.20001220703125</ele>
        <time>2026-09-14T12:27:16.000Z</time>
      </trkpt>
      <trkpt lat="40.26870525442063808441162109375" lon="9.420682489871978759765625">
        <ele>680.4000244140625</ele>
        <time>2026-09-14T12:27:21.000Z</time>
      </trkpt>
      <trkpt lat="40.2686361037194728851318359375" lon="9.4205646403133869171142578125">
        <ele>678.20001220703125</ele>
        <time>2026-09-14T12:27:30.000Z</time>
      </trkpt>
      <trkpt lat="40.26863761246204376220703125" lon="9.420550055801868438720703125">
        <ele>677.79998779296875</ele>
        <time>2026-09-14T12:27:31.000Z</time>
      </trkpt>
      <trkpt lat="40.26862478815019130706787109375" lon="9.4205150194466114044189453125">
        <ele>676.79998779296875</ele>
        <time>2026-09-14T12:27:33.000Z</time>
      </trkpt>
      <trkpt lat="40.2686086110770702362060546875" lon="9.420481659471988677978515625">
        <ele>675.79998779296875</ele>
        <time>2026-09-14T12:27:36.000Z</time>
      </trkpt>
      <trkpt lat="40.26857466436922550201416015625" lon="9.420419968664646148681640625">
        <ele>674</ele>
        <time>2026-09-14T12:27:41.000Z</time>
      </trkpt>
      <trkpt lat="40.26856519281864166259765625" lon="9.42040152847766876220703125">
        <ele>673.4000244140625</ele>
        <time>2026-09-14T12:27:42.000Z</time>
      </trkpt>
      <trkpt lat="40.268494784832000732421875" lon="9.42035467363893985748291015625">
        <ele>671.79998779296875</ele>
        <time>2026-09-14T12:27:48.000Z</time>
      </trkpt>
      <trkpt lat="40.26845631189644336700439453125" lon="9.4203366525471210479736328125">
        <ele>670.79998779296875</ele>
        <time>2026-09-14T12:27:51.000Z</time>
      </trkpt>
      <trkpt lat="40.26843971572816371917724609375" lon="9.420328773558139801025390625">
        <ele>670.5999755859375</ele>
        <time>2026-09-14T12:27:53.000Z</time>
      </trkpt>
      <trkpt lat="40.26838104240596294403076171875" lon="9.42029264755547046661376953125">
        <ele>668.79998779296875</ele>
        <time>2026-09-14T12:27:58.000Z</time>
      </trkpt>
      <trkpt lat="40.2683605067431926727294921875" lon="9.4202877022325992584228515625">
        <ele>668.5999755859375</ele>
        <time>2026-09-14T12:28:00.000Z</time>
      </trkpt>
      <trkpt lat="40.26834935881197452545166015625" lon="9.4202759675681591033935546875">
        <ele>668</ele>
        <time>2026-09-14T12:28:01.000Z</time>
      </trkpt>
      <trkpt lat="40.2682786993682384490966796875" lon="9.4202176295220851898193359375">
        <ele>665.4000244140625</ele>
        <time>2026-09-14T12:28:08.000Z</time>
      </trkpt>
      <trkpt lat="40.268253386020660400390625" lon="9.42018569447100162506103515625">
        <ele>664.20001220703125</ele>
        <time>2026-09-14T12:28:11.000Z</time>
      </trkpt>
      <trkpt lat="40.26821918785572052001953125" lon="9.420163147151470184326171875">
        <ele>663.5999755859375</ele>
        <time>2026-09-14T12:28:15.000Z</time>
      </trkpt>
      <trkpt lat="40.268151126801967620849609375" lon="9.42013196647167205810546875">
        <ele>663</ele>
        <time>2026-09-14T12:28:20.000Z</time>
      </trkpt>
      <trkpt lat="40.268063284456729888916015625" lon="9.42008041776716709136962890625">
        <ele>661.20001220703125</ele>
        <time>2026-09-14T12:28:27.000Z</time>
      </trkpt>
      <trkpt lat="40.26803419925272464752197265625" lon="9.4200597144663333892822265625">
        <ele>660.5999755859375</ele>
        <time>2026-09-14T12:28:30.000Z</time>
      </trkpt>
      <trkpt lat="40.26800821535289287567138671875" lon="9.42006533034145832061767578125">
        <ele>660.5999755859375</ele>
        <time>2026-09-14T12:28:34.000Z</time>
      </trkpt>
      <trkpt lat="40.26800218038260936737060546875" lon="9.4200764782726764678955078125">
        <ele>660.79998779296875</ele>
        <time>2026-09-14T12:28:35.000Z</time>
      </trkpt>
      <trkpt lat="40.26795406825840473175048828125" lon="9.420084692537784576416015625">
        <ele>661.4000244140625</ele>
        <time>2026-09-14T12:28:40.000Z</time>
      </trkpt>
      <trkpt lat="40.26793059892952442169189453125" lon="9.420067928731441497802734375">
        <ele>661.20001220703125</ele>
        <time>2026-09-14T12:28:42.000Z</time>
      </trkpt>
      <trkpt lat="40.26788835413753986358642578125" lon="9.420002885162830352783203125">
        <ele>659.79998779296875</ele>
        <time>2026-09-14T12:28:46.000Z</time>
      </trkpt>
      <trkpt lat="40.26788952760398387908935546875" lon="9.41999458707869052886962890625">
        <ele>659.5999755859375</ele>
        <time>2026-09-14T12:28:47.000Z</time>
      </trkpt>
      <trkpt lat="40.2679283358156681060791015625" lon="9.42000028677284717559814453125">
        <ele>659.4000244140625</ele>
        <time>2026-09-14T12:28:51.000Z</time>
      </trkpt>
      <trkpt lat="40.2679367177188396453857421875" lon="9.41999827511608600616455078125">
        <ele>659.20001220703125</ele>
        <time>2026-09-14T12:28:52.000Z</time>
      </trkpt>
      <trkpt lat="40.267957337200641632080078125" lon="9.419978074729442596435546875">
        <ele>658.4000244140625</ele>
        <time>2026-09-14T12:28:57.000Z</time>
      </trkpt>
      <trkpt lat="40.26797921396791934967041015625" lon="9.41997363232076168060302734375">
        <ele>658</ele>
        <time>2026-09-14T12:28:59.000Z</time>
      </trkpt>
      <trkpt lat="40.2679930441081523895263671875" lon="9.419932477176189422607421875">
        <ele>657</ele>
        <time>2026-09-14T12:29:03.000Z</time>
      </trkpt>
      <trkpt lat="40.2679662220180034637451171875" lon="9.41992007195949554443359375">
        <ele>657.20001220703125</ele>
        <time>2026-09-14T12:29:07.000Z</time>
      </trkpt>
      <trkpt lat="40.26795901358127593994140625" lon="9.419858045876026153564453125">
        <ele>655.79998779296875</ele>
        <time>2026-09-14T12:29:11.000Z</time>
      </trkpt>
      <trkpt lat="40.26795767247676849365234375" lon="9.4198280386626720428466796875">
        <ele>655.20001220703125</ele>
        <time>2026-09-14T12:29:13.000Z</time>
      </trkpt>
      <trkpt lat="40.26798910461366176605224609375" lon="9.41974581219255924224853515625">
        <ele>653</ele>
        <time>2026-09-14T12:29:20.000Z</time>
      </trkpt>
      <trkpt lat="40.2680148370563983917236328125" lon="9.41973860375583171844482421875">
        <ele>652.5999755859375</ele>
        <time>2026-09-14T12:29:22.000Z</time>
      </trkpt>
      <trkpt lat="40.2680450119078159332275390625" lon="9.41975318826735019683837890625">
        <ele>652.5999755859375</ele>
        <time>2026-09-14T12:29:25.000Z</time>
      </trkpt>
      <trkpt lat="40.26802380569279193878173828125" lon="9.41974413581192493438720703125">
        <ele>652.5999755859375</ele>
        <time>2026-09-14T12:29:31.000Z</time>
      </trkpt>
      <trkpt lat="40.268017016351222991943359375" lon="9.4197137095034122467041015625">
        <ele>651.79998779296875</ele>
        <time>2026-09-14T12:29:33.000Z</time>
      </trkpt>
      <trkpt lat="40.268002264201641082763671875" lon="9.419649504125118255615234375">
        <ele>650.20001220703125</ele>
        <time>2026-09-14T12:29:36.000Z</time>
      </trkpt>
      <trkpt lat="40.26800385676324367523193359375" lon="9.419639110565185546875">
        <ele>650</ele>
        <time>2026-09-14T12:29:37.000Z</time>
      </trkpt>
      <trkpt lat="40.2680188603699207305908203125" lon="9.41963751800358295440673828125">
        <ele>649.5999755859375</ele>
        <time>2026-09-14T12:29:39.000Z</time>
      </trkpt>
      <trkpt lat="40.26804107241332530975341796875" lon="9.41964221186935901641845703125">
        <ele>649</ele>
        <time>2026-09-14T12:29:41.000Z</time>
      </trkpt>
      <trkpt lat="40.26805498637259006500244140625" lon="9.41964187659323215484619140625">
        <ele>648.79998779296875</ele>
        <time>2026-09-14T12:29:45.000Z</time>
      </trkpt>
      <trkpt lat="40.2680339477956295013427734375" lon="9.4196050800383090972900390625">
        <ele>648.20001220703125</ele>
        <time>2026-09-14T12:29:47.000Z</time>
      </trkpt>
      <trkpt lat="40.26803067885339260101318359375" lon="9.4195787608623504638671875">
        <ele>647.5999755859375</ele>
        <time>2026-09-14T12:29:49.000Z</time>
      </trkpt>
      <trkpt lat="40.2680285833775997161865234375" lon="9.41957314498722553253173828125">
        <ele>647.4000244140625</ele>
        <time>2026-09-14T12:29:50.000Z</time>
      </trkpt>
      <trkpt lat="40.2680426649749279022216796875" lon="9.4195333309471607208251953125">
        <ele>646</ele>
        <time>2026-09-14T12:29:55.000Z</time>
      </trkpt>
      <trkpt lat="40.26803805492818355560302734375" lon="9.41951229237020015716552734375">
        <ele>645.4000244140625</ele>
        <time>2026-09-14T12:30:00.000Z</time>
      </trkpt>
      <trkpt lat="40.26805716566741466522216796875" lon="9.41946971230208873748779296875">
        <ele>643.4000244140625</ele>
        <time>2026-09-14T12:30:06.000Z</time>
      </trkpt>
      <trkpt lat="40.26803855784237384796142578125" lon="9.41938488744199275970458984375">
        <ele>640.79998779296875</ele>
        <time>2026-09-14T12:30:12.000Z</time>
      </trkpt>
      <trkpt lat="40.2679970674216747283935546875" lon="9.419295787811279296875">
        <ele>640</ele>
        <time>2026-09-14T12:30:20.000Z</time>
      </trkpt>
      <trkpt lat="40.26800419203937053680419921875" lon="9.41923183389008045196533203125">
        <ele>638</ele>
        <time>2026-09-14T12:30:24.000Z</time>
      </trkpt>
      <trkpt lat="40.26802598498761653900146484375" lon="9.41918338648974895477294921875">
        <ele>635.4000244140625</ele>
        <time>2026-09-14T12:30:27.000Z</time>
      </trkpt>
      <trkpt lat="40.26802531443536281585693359375" lon="9.4191621802747249603271484375">
        <ele>634.5999755859375</ele>
        <time>2026-09-14T12:30:28.000Z</time>
      </trkpt>
      <trkpt lat="40.2680238895118236541748046875" lon="9.41912739537656307220458984375">
        <ele>633.4000244140625</ele>
        <time>2026-09-14T12:30:30.000Z</time>
      </trkpt>
      <trkpt lat="40.26802338659763336181640625" lon="9.4190961308777332305908203125">
        <ele>632.79998779296875</ele>
        <time>2026-09-14T12:30:32.000Z</time>
      </trkpt>
      <trkpt lat="40.2680272422730922698974609375" lon="9.418949447572231292724609375">
        <ele>629.4000244140625</ele>
        <time>2026-09-14T12:30:41.000Z</time>
      </trkpt>
      <trkpt lat="40.2680419944226741790771484375" lon="9.418847858905792236328125">
        <ele>627.4000244140625</ele>
        <time>2026-09-14T12:30:45.000Z</time>
      </trkpt>
      <trkpt lat="40.26806219480931758880615234375" lon="9.4188061170279979705810546875">
        <ele>626</ele>
        <time>2026-09-14T12:30:47.000Z</time>
      </trkpt>
      <trkpt lat="40.26807493530213832855224609375" lon="9.4187638722360134124755859375">
        <ele>625</ele>
        <time>2026-09-14T12:30:51.000Z</time>
      </trkpt>
      <trkpt lat="40.2680884301662445068359375" lon="9.41872472874820232391357421875">
        <ele>624</ele>
        <time>2026-09-14T12:30:54.000Z</time>
      </trkpt>
      <trkpt lat="40.26806118898093700408935546875" lon="9.41865717060863971710205078125">
        <ele>625</ele>
        <time>2026-09-14T12:30:59.000Z</time>
      </trkpt>
      <trkpt lat="40.2680728398263454437255859375" lon="9.41862314008176326751708984375">
        <ele>625</ele>
        <time>2026-09-14T12:31:02.000Z</time>
      </trkpt>
      <trkpt lat="40.268081389367580413818359375" lon="9.41854150034487247467041015625">
        <ele>624.5999755859375</ele>
        <time>2026-09-14T12:31:06.000Z</time>
      </trkpt>
      <trkpt lat="40.26811659336090087890625" lon="9.4184524007141590118408203125">
        <ele>622.4000244140625</ele>
        <time>2026-09-14T12:31:11.000Z</time>
      </trkpt>
      <trkpt lat="40.26811801828444004058837890625" lon="9.41839179955422878265380859375">
        <ele>622.4000244140625</ele>
        <time>2026-09-14T12:31:13.000Z</time>
      </trkpt>
      <trkpt lat="40.2681140787899494171142578125" lon="9.4183783046901226043701171875">
        <ele>622.5999755859375</ele>
        <time>2026-09-14T12:31:15.000Z</time>
      </trkpt>
      <trkpt lat="40.2681367099285125732421875" lon="9.4183260016143321990966796875">
        <ele>622.4000244140625</ele>
        <time>2026-09-14T12:31:18.000Z</time>
      </trkpt>
      <trkpt lat="40.26818054728209972381591796875" lon="9.418307729065418243408203125">
        <ele>621.5999755859375</ele>
        <time>2026-09-14T12:31:24.000Z</time>
      </trkpt>
      <trkpt lat="40.2682384662330150604248046875" lon="9.41828903742134571075439453125">
        <ele>620.20001220703125</ele>
        <time>2026-09-14T12:31:30.000Z</time>
      </trkpt>
      <trkpt lat="40.26824693195521831512451171875" lon="9.41829037852585315704345703125">
        <ele>620.20001220703125</ele>
        <time>2026-09-14T12:31:31.000Z</time>
      </trkpt>
      <trkpt lat="40.268326140940189361572265625" lon="9.4183129258453845977783203125">
        <ele>617.79998779296875</ele>
        <time>2026-09-14T12:31:38.000Z</time>
      </trkpt>
      <trkpt lat="40.26832739822566509246826171875" lon="9.4183065555989742279052734375">
        <ele>617.5999755859375</ele>
        <time>2026-09-14T12:31:40.000Z</time>
      </trkpt>
      <trkpt lat="40.2683534659445285797119140625" lon="9.418301694095134735107421875">
        <ele>616.5999755859375</ele>
        <time>2026-09-14T12:31:46.000Z</time>
      </trkpt>
      <trkpt lat="40.26835958473384380340576171875" lon="9.4183062203228473663330078125">
        <ele>616.4000244140625</ele>
        <time>2026-09-14T12:31:47.000Z</time>
      </trkpt>
      <trkpt lat="40.2684087865054607391357421875" lon="9.41831049509346485137939453125">
        <ele>614.4000244140625</ele>
        <time>2026-09-14T12:31:52.000Z</time>
      </trkpt>
      <trkpt lat="40.26847240515053272247314453125" lon="9.4182837568223476409912109375">
        <ele>611.79998779296875</ele>
        <time>2026-09-14T12:31:59.000Z</time>
      </trkpt>
      <trkpt lat="40.26850442402064800262451171875" lon="9.41828769631683826446533203125">
        <ele>610.5999755859375</ele>
        <time>2026-09-14T12:32:04.000Z</time>
      </trkpt>
      <trkpt lat="40.26851615868508815765380859375" lon="9.41828669048845767974853515625">
        <ele>610</ele>
        <time>2026-09-14T12:32:05.000Z</time>
      </trkpt>
      <trkpt lat="40.26852705515921115875244140625" lon="9.4182844273746013641357421875">
        <ele>609.5999755859375</ele>
        <time>2026-09-14T12:32:06.000Z</time>
      </trkpt>
      <trkpt lat="40.2685445733368396759033203125" lon="9.41820689477026462554931640625">
        <ele>608.79998779296875</ele>
        <time>2026-09-14T12:32:11.000Z</time>
      </trkpt>
      <trkpt lat="40.2685511112213134765625" lon="9.418171606957912445068359375">
        <ele>608.20001220703125</ele>
        <time>2026-09-14T12:32:13.000Z</time>
      </trkpt>
      <trkpt lat="40.2685489319264888763427734375" lon="9.41812894307076930999755859375">
        <ele>608.20001220703125</ele>
        <time>2026-09-14T12:32:16.000Z</time>
      </trkpt>
      <trkpt lat="40.26854331605136394500732421875" lon="9.41808870993554592132568359375">
        <ele>608.4000244140625</ele>
        <time>2026-09-14T12:32:18.000Z</time>
      </trkpt>
      <trkpt lat="40.26854415424168109893798828125" lon="9.41807228140532970428466796875">
        <ele>608.20001220703125</ele>
        <time>2026-09-14T12:32:19.000Z</time>
      </trkpt>
      <trkpt lat="40.2685633487999439239501953125" lon="9.41799885593354701995849609375">
        <ele>606.79998779296875</ele>
        <time>2026-09-14T12:32:24.000Z</time>
      </trkpt>
      <trkpt lat="40.26857516728341579437255859375" lon="9.417962394654750823974609375">
        <ele>605.79998779296875</ele>
        <time>2026-09-14T12:32:26.000Z</time>
      </trkpt>
      <trkpt lat="40.26862914673984050750732421875" lon="9.41788335330784320831298828125">
        <ele>601.79998779296875</ele>
        <time>2026-09-14T12:32:33.000Z</time>
      </trkpt>
      <trkpt lat="40.26864322833716869354248046875" lon="9.417849071323871612548828125">
        <ele>600.79998779296875</ele>
        <time>2026-09-14T12:32:35.000Z</time>
      </trkpt>
      <trkpt lat="40.26870558969676494598388671875" lon="9.41777304746210575103759765625">
        <ele>598</ele>
        <time>2026-09-14T12:32:40.000Z</time>
      </trkpt>
      <trkpt lat="40.26873861439526081085205078125" lon="9.41774806939065456390380859375">
        <ele>596.20001220703125</ele>
        <time>2026-09-14T12:32:44.000Z</time>
      </trkpt>
      <trkpt lat="40.2687618322670459747314453125" lon="9.41772870719432830810546875">
        <ele>594.79998779296875</ele>
        <time>2026-09-14T12:32:47.000Z</time>
      </trkpt>
      <trkpt lat="40.26887289248406887054443359375" lon="9.41772107966244220733642578125">
        <ele>589.4000244140625</ele>
        <time>2026-09-14T12:32:55.000Z</time>
      </trkpt>
      <trkpt lat="40.26890759356319904327392578125" lon="9.41772937774658203125">
        <ele>587.5999755859375</ele>
        <time>2026-09-14T12:32:57.000Z</time>
      </trkpt>
      <trkpt lat="40.26895520277321338653564453125" lon="9.41770347766578197479248046875">
        <ele>585</ele>
        <time>2026-09-14T12:33:03.000Z</time>
      </trkpt>
      <trkpt lat="40.26897699572145938873291015625" lon="9.4176742248237133026123046875">
        <ele>583.79998779296875</ele>
        <time>2026-09-14T12:33:06.000Z</time>
      </trkpt>
      <trkpt lat="40.26899443008005619049072265625" lon="9.4176368415355682373046875">
        <ele>583</ele>
        <time>2026-09-14T12:33:09.000Z</time>
      </trkpt>
      <trkpt lat="40.26901991106569766998291015625" lon="9.41759903915226459503173828125">
        <ele>582.5999755859375</ele>
        <time>2026-09-14T12:33:13.000Z</time>
      </trkpt>
      <trkpt lat="40.269032232463359832763671875" lon="9.4175751507282257080078125">
        <ele>582.4000244140625</ele>
        <time>2026-09-14T12:33:15.000Z</time>
      </trkpt>
      <trkpt lat="40.26905092410743236541748046875" lon="9.41754656843841075897216796875">
        <ele>582</ele>
        <time>2026-09-14T12:33:17.000Z</time>
      </trkpt>
      <trkpt lat="40.26906198821961879730224609375" lon="9.41753617487847805023193359375">
        <ele>581.79998779296875</ele>
        <time>2026-09-14T12:33:18.000Z</time>
      </trkpt>
      <trkpt lat="40.2690934203565120697021484375" lon="9.4174812734127044677734375">
        <ele>581.4000244140625</ele>
        <time>2026-09-14T12:33:22.000Z</time>
      </trkpt>
      <trkpt lat="40.2691103518009185791015625" lon="9.41744531504809856414794921875">
        <ele>580.79998779296875</ele>
        <time>2026-09-14T12:33:25.000Z</time>
      </trkpt>
      <trkpt lat="40.26910993270576000213623046875" lon="9.41743341274559497833251953125">
        <ele>580.79998779296875</ele>
        <time>2026-09-14T12:33:26.000Z</time>
      </trkpt>
      <trkpt lat="40.26910440064966678619384765625" lon="9.4174019806087017059326171875">
        <ele>581</ele>
        <time>2026-09-14T12:33:28.000Z</time>
      </trkpt>
      <trkpt lat="40.26909618638455867767333984375" lon="9.4173526950180530548095703125">
        <ele>581.20001220703125</ele>
        <time>2026-09-14T12:33:33.000Z</time>
      </trkpt>
      <trkpt lat="40.26907523162662982940673828125" lon="9.4173007272183895111083984375">
        <ele>581.79998779296875</ele>
        <time>2026-09-14T12:33:39.000Z</time>
      </trkpt>
      <trkpt lat="40.2690394409000873565673828125" lon="9.4172279722988605499267578125">
        <ele>582.79998779296875</ele>
        <time>2026-09-14T12:33:45.000Z</time>
      </trkpt>
      <trkpt lat="40.2690186537802219390869140625" lon="9.41717483103275299072265625">
        <ele>583</ele>
        <time>2026-09-14T12:33:49.000Z</time>
      </trkpt>
      <trkpt lat="40.26902745477855205535888671875" lon="9.41714205779135227203369140625">
        <ele>582.20001220703125</ele>
        <time>2026-09-14T12:33:51.000Z</time>
      </trkpt>
      <trkpt lat="40.2690950967371463775634765625" lon="9.41707751713693141937255859375">
        <ele>580.20001220703125</ele>
        <time>2026-09-14T12:33:58.000Z</time>
      </trkpt>
      <trkpt lat="40.2690937556326389312744140625" lon="9.41707852296531200408935546875">
        <ele>580.20001220703125</ele>
        <time>2026-09-14T12:34:00.000Z</time>
      </trkpt>
      <trkpt lat="40.26907305233180522918701171875" lon="9.41706025041639804840087890625">
        <ele>580.5999755859375</ele>
        <time>2026-09-14T12:34:02.000Z</time>
      </trkpt>
      <trkpt lat="40.2690686099231243133544921875" lon="9.41704466007649898529052734375">
        <ele>580.4000244140625</ele>
        <time>2026-09-14T12:34:03.000Z</time>
      </trkpt>
      <trkpt lat="40.2690712921321392059326171875" lon="9.41696436144411563873291015625">
        <ele>579.79998779296875</ele>
        <time>2026-09-14T12:34:07.000Z</time>
      </trkpt>
      <trkpt lat="40.269132144749164581298828125" lon="9.41686905920505523681640625">
        <ele>577.4000244140625</ele>
        <time>2026-09-14T12:34:15.000Z</time>
      </trkpt>
      <trkpt lat="40.2692137844860553741455078125" lon="9.41686394624412059783935546875">
        <ele>575.79998779296875</ele>
        <time>2026-09-14T12:34:21.000Z</time>
      </trkpt>
      <trkpt lat="40.2692225016653537750244140625" lon="9.416860006749629974365234375">
        <ele>575.5999755859375</ele>
        <time>2026-09-14T12:34:22.000Z</time>
      </trkpt>
      <trkpt lat="40.269211940467357635498046875" lon="9.41682237200438976287841796875">
        <ele>574.79998779296875</ele>
        <time>2026-09-14T12:34:26.000Z</time>
      </trkpt>
      <trkpt lat="40.26920850388705730438232421875" lon="9.4168122299015522003173828125">
        <ele>574.79998779296875</ele>
        <time>2026-09-14T12:34:27.000Z</time>
      </trkpt>
      <trkpt lat="40.269185788929462432861328125" lon="9.41672430373728275299072265625">
        <ele>573.20001220703125</ele>
        <time>2026-09-14T12:34:34.000Z</time>
      </trkpt>
      <trkpt lat="40.26919526048004627227783203125" lon="9.41671122796833515167236328125">
        <ele>572.79998779296875</ele>
        <time>2026-09-14T12:34:35.000Z</time>
      </trkpt>
      <trkpt lat="40.26924110949039459228515625" lon="9.41670334897935390472412109375">
        <ele>571.79998779296875</ele>
        <time>2026-09-14T12:34:38.000Z</time>
      </trkpt>
      <trkpt lat="40.2692677639424800872802734375" lon="9.4167046062648296356201171875">
        <ele>571.4000244140625</ele>
        <time>2026-09-14T12:34:40.000Z</time>
      </trkpt>
      <trkpt lat="40.26936088688671588897705078125" lon="9.41666244529187679290771484375">
        <ele>568.79998779296875</ele>
        <time>2026-09-14T12:34:48.000Z</time>
      </trkpt>
      <trkpt lat="40.269366167485713958740234375" lon="9.4166026823222637176513671875">
        <ele>567.20001220703125</ele>
        <time>2026-09-14T12:34:52.000Z</time>
      </trkpt>
      <trkpt lat="40.26936474256217479705810546875" lon="9.41655658185482025146484375">
        <ele>566.20001220703125</ele>
        <time>2026-09-14T12:34:54.000Z</time>
      </trkpt>
      <trkpt lat="40.26935384608805179595947265625" lon="9.41652900539338588714599609375">
        <ele>565.5999755859375</ele>
        <time>2026-09-14T12:34:55.000Z</time>
      </trkpt>
      <trkpt lat="40.2693546004593372344970703125" lon="9.416471756994724273681640625">
        <ele>564.20001220703125</ele>
        <time>2026-09-14T12:34:59.000Z</time>
      </trkpt>
      <trkpt lat="40.26937387883663177490234375" lon="9.416453652083873748779296875">
        <ele>563.4000244140625</ele>
        <time>2026-09-14T12:35:00.000Z</time>
      </trkpt>
      <trkpt lat="40.26941067539155483245849609375" lon="9.41641668789088726043701171875">
        <ele>561.5999755859375</ele>
        <time>2026-09-14T12:35:03.000Z</time>
      </trkpt>
      <trkpt lat="40.269420146942138671875" lon="9.41637955605983734130859375">
        <ele>560.5999755859375</ele>
        <time>2026-09-14T12:35:05.000Z</time>
      </trkpt>
      <trkpt lat="40.26938972063362598419189453125" lon="9.41631811670958995819091796875">
        <ele>560</ele>
        <time>2026-09-14T12:35:08.000Z</time>
      </trkpt>
      <trkpt lat="40.26937765069305896759033203125" lon="9.41629950888454914093017578125">
        <ele>559.79998779296875</ele>
        <time>2026-09-14T12:35:09.000Z</time>
      </trkpt>
      <trkpt lat="40.2693509124219417572021484375" lon="9.41626044921576976776123046875">
        <ele>559.5999755859375</ele>
        <time>2026-09-14T12:35:12.000Z</time>
      </trkpt>
      <trkpt lat="40.26932828128337860107421875" lon="9.41623203456401824951171875">
        <ele>559.5999755859375</ele>
        <time>2026-09-14T12:35:14.000Z</time>
      </trkpt>
      <trkpt lat="40.26932719163596630096435546875" lon="9.4162187911570072174072265625">
        <ele>559.4000244140625</ele>
        <time>2026-09-14T12:35:15.000Z</time>
      </trkpt>
      <trkpt lat="40.26932953856885433197021484375" lon="9.4162134267389774322509765625">
        <ele>559.20001220703125</ele>
        <time>2026-09-14T12:35:16.000Z</time>
      </trkpt>
      <trkpt lat="40.26933322660624980926513671875" lon="9.41620529629290103912353515625">
        <ele>559</ele>
        <time>2026-09-14T12:35:17.000Z</time>
      </trkpt>
      <trkpt lat="40.2693435363471508026123046875" lon="9.41620118916034698486328125">
        <ele>558.79998779296875</ele>
        <time>2026-09-14T12:35:18.000Z</time>
      </trkpt>
      <trkpt lat="40.26936315000057220458984375" lon="9.41620060242712497711181640625">
        <ele>558.4000244140625</ele>
        <time>2026-09-14T12:35:19.000Z</time>
      </trkpt>
      <trkpt lat="40.26940028183162212371826171875" lon="9.4161996804177761077880859375">
        <ele>557.79998779296875</ele>
        <time>2026-09-14T12:35:22.000Z</time>
      </trkpt>
      <trkpt lat="40.26941436342895030975341796875" lon="9.4161980040371417999267578125">
        <ele>557.4000244140625</ele>
        <time>2026-09-14T12:35:24.000Z</time>
      </trkpt>
      <trkpt lat="40.26945375837385654449462890625" lon="9.41618249751627445220947265625">
        <ele>556.5999755859375</ele>
        <time>2026-09-14T12:35:29.000Z</time>
      </trkpt>
      <trkpt lat="40.26944722048938274383544921875" lon="9.41615282557904720306396484375">
        <ele>556.20001220703125</ele>
        <time>2026-09-14T12:35:32.000Z</time>
      </trkpt>
      <trkpt lat="40.2694402635097503662109375" lon="9.41614008508622646331787109375">
        <ele>556.20001220703125</ele>
        <time>2026-09-14T12:35:33.000Z</time>
      </trkpt>
      <trkpt lat="40.26942693628370761871337890625" lon="9.41606498323380947113037109375">
        <ele>555.20001220703125</ele>
        <time>2026-09-14T12:35:37.000Z</time>
      </trkpt>
      <trkpt lat="40.26943263597786426544189453125" lon="9.416054673492908477783203125">
        <ele>555</ele>
        <time>2026-09-14T12:35:38.000Z</time>
      </trkpt>
      <trkpt lat="40.26943900622427463531494140625" lon="9.41601955331861972808837890625">
        <ele>554.4000244140625</ele>
        <time>2026-09-14T12:35:40.000Z</time>
      </trkpt>
      <trkpt lat="40.26945836842060089111328125" lon="9.41596356220543384552001953125">
        <ele>553.4000244140625</ele>
        <time>2026-09-14T12:35:43.000Z</time>
      </trkpt>
      <trkpt lat="40.26947337202727794647216796875" lon="9.41583967767655849456787109375">
        <ele>551.4000244140625</ele>
        <time>2026-09-14T12:35:47.000Z</time>
      </trkpt>
      <trkpt lat="40.2694840170443058013916015625" lon="9.4158000312745571136474609375">
        <ele>550.79998779296875</ele>
        <time>2026-09-14T12:35:48.000Z</time>
      </trkpt>
      <trkpt lat="40.2695007808506488800048828125" lon="9.41574521362781524658203125">
        <ele>549.79998779296875</ele>
        <time>2026-09-14T12:35:50.000Z</time>
      </trkpt>
      <trkpt lat="40.26955886743962764739990234375" lon="9.41550238989293575286865234375">
        <ele>545.5999755859375</ele>
        <time>2026-09-14T12:35:58.000Z</time>
      </trkpt>
      <trkpt lat="40.26955920271575450897216796875" lon="9.4153842888772487640380859375">
        <ele>543.79998779296875</ele>
        <time>2026-09-14T12:36:03.000Z</time>
      </trkpt>
      <trkpt lat="40.2695916406810283660888671875" lon="9.41516359336674213409423828125">
        <ele>539.4000244140625</ele>
        <time>2026-09-14T12:36:10.000Z</time>
      </trkpt>
      <trkpt lat="40.26960245333611965179443359375" lon="9.41495136357843875885009765625">
        <ele>535</ele>
        <time>2026-09-14T12:36:16.000Z</time>
      </trkpt>
      <trkpt lat="40.2696211449801921844482421875" lon="9.414895288646221160888671875">
        <ele>533.4000244140625</ele>
        <time>2026-09-14T12:36:18.000Z</time>
      </trkpt>
      <trkpt lat="40.2696318738162517547607421875" lon="9.4146902672946453094482421875">
        <ele>528.79998779296875</ele>
        <time>2026-09-14T12:36:24.000Z</time>
      </trkpt>
      <trkpt lat="40.26963279582560062408447265625" lon="9.414652884006500244140625">
        <ele>528.20001220703125</ele>
        <time>2026-09-14T12:36:26.000Z</time>
      </trkpt>
      <trkpt lat="40.26962826959788799285888671875" lon="9.4145997427403926849365234375">
        <ele>527.79998779296875</ele>
        <time>2026-09-14T12:36:29.000Z</time>
      </trkpt>
      <trkpt lat="40.26964268647134304046630859375" lon="9.414488263428211212158203125">
        <ele>526.20001220703125</ele>
        <time>2026-09-14T12:36:35.000Z</time>
      </trkpt>
      <trkpt lat="40.26964008808135986328125" lon="9.41447258926928043365478515625">
        <ele>526</ele>
        <time>2026-09-14T12:36:36.000Z</time>
      </trkpt>
      <trkpt lat="40.26960463263094425201416015625" lon="9.4143269956111907958984375">
        <ele>525</ele>
        <time>2026-09-14T12:36:45.000Z</time>
      </trkpt>
      <trkpt lat="40.26954109780490398406982421875" lon="9.41418190486729145050048828125">
        <ele>524.5999755859375</ele>
        <time>2026-09-14T12:36:53.000Z</time>
      </trkpt>
      <trkpt lat="40.26953724212944507598876953125" lon="9.414167068898677825927734375">
        <ele>524.4000244140625</ele>
        <time>2026-09-14T12:36:54.000Z</time>
      </trkpt>
      <trkpt lat="40.26948259212076663970947265625" lon="9.41409255377948284149169921875">
        <ele>524.20001220703125</ele>
        <time>2026-09-14T12:37:01.000Z</time>
      </trkpt>
      <trkpt lat="40.26947186328470706939697265625" lon="9.41407076083123683929443359375">
        <ele>523.79998779296875</ele>
        <time>2026-09-14T12:37:03.000Z</time>
      </trkpt>
      <trkpt lat="40.2694659121334552764892578125" lon="9.41400102339684963226318359375">
        <ele>522.20001220703125</ele>
        <time>2026-09-14T12:37:07.000Z</time>
      </trkpt>
      <trkpt lat="40.26947840116918087005615234375" lon="9.41394352354109287261962890625">
        <ele>520.5999755859375</ele>
        <time>2026-09-14T12:37:10.000Z</time>
      </trkpt>
      <trkpt lat="40.26948493905365467071533203125" lon="9.41391519270837306976318359375">
        <ele>519.79998779296875</ele>
        <time>2026-09-14T12:37:12.000Z</time>
      </trkpt>
      <trkpt lat="40.2694952487945556640625" lon="9.4138886220753192901611328125">
        <ele>519</ele>
        <time>2026-09-14T12:37:14.000Z</time>
      </trkpt>
      <trkpt lat="40.26950354687869548797607421875" lon="9.41388267092406749725341796875">
        <ele>518.79998779296875</ele>
        <time>2026-09-14T12:37:15.000Z</time>
      </trkpt>
      <trkpt lat="40.269514024257659912109375" lon="9.4138715229928493499755859375">
        <ele>518.20001220703125</ele>
        <time>2026-09-14T12:37:16.000Z</time>
      </trkpt>
      <trkpt lat="40.26954528875648975372314453125" lon="9.41384344361722469329833984375">
        <ele>516.79998779296875</ele>
        <time>2026-09-14T12:37:19.000Z</time>
      </trkpt>
      <trkpt lat="40.26958401314914226531982421875" lon="9.41382148303091526031494140625">
        <ele>515.4000244140625</ele>
        <time>2026-09-14T12:37:22.000Z</time>
      </trkpt>
      <trkpt lat="40.26964687742292881011962890625" lon="9.4137565232813358306884765625">
        <ele>512.79998779296875</ele>
        <time>2026-09-14T12:37:29.000Z</time>
      </trkpt>
      <trkpt lat="40.2696923911571502685546875" lon="9.413694329559803009033203125">
        <ele>510.79998779296875</ele>
        <time>2026-09-14T12:37:35.000Z</time>
      </trkpt>
      <trkpt lat="40.2697016112506389617919921875" lon="9.41365133039653301239013671875">
        <ele>509.79998779296875</ele>
        <time>2026-09-14T12:37:38.000Z</time>
      </trkpt>
      <trkpt lat="40.2697052992880344390869140625" lon="9.41362014971673488616943359375">
        <ele>509</ele>
        <time>2026-09-14T12:37:40.000Z</time>
      </trkpt>
      <trkpt lat="40.2697089873254299163818359375" lon="9.413583688437938690185546875">
        <ele>508.399993896484375</ele>
        <time>2026-09-14T12:37:42.000Z</time>
      </trkpt>
      <trkpt lat="40.26973689906299114227294921875" lon="9.4135302118957042694091796875">
        <ele>507.399993896484375</ele>
        <time>2026-09-14T12:37:46.000Z</time>
      </trkpt>
      <trkpt lat="40.2697425149381160736083984375" lon="9.4135094247758388519287109375">
        <ele>507</ele>
        <time>2026-09-14T12:37:48.000Z</time>
      </trkpt>
      <trkpt lat="40.2697643078863620758056640625" lon="9.4134279526770114898681640625">
        <ele>505.600006103515625</ele>
        <time>2026-09-14T12:37:54.000Z</time>
      </trkpt>
      <trkpt lat="40.26979641057550907135009765625" lon="9.41330817528069019317626953125">
        <ele>503.399993896484375</ele>
        <time>2026-09-14T12:38:01.000Z</time>
      </trkpt>
      <trkpt lat="40.269842930138111114501953125" lon="9.413181357085704803466796875">
        <ele>501.20001220703125</ele>
        <time>2026-09-14T12:38:09.000Z</time>
      </trkpt>
      <trkpt lat="40.2698675729334354400634765625" lon="9.41308622248470783233642578125">
        <ele>499.600006103515625</ele>
        <time>2026-09-14T12:38:17.000Z</time>
      </trkpt>
      <trkpt lat="40.26990629732608795166015625" lon="9.41296485252678394317626953125">
        <ele>497</ele>
        <time>2026-09-14T12:38:27.000Z</time>
      </trkpt>
      <trkpt lat="40.26991023682057857513427734375" lon="9.41295144148170948028564453125">
        <ele>496.600006103515625</ele>
        <time>2026-09-14T12:38:28.000Z</time>
      </trkpt>
      <trkpt lat="40.269930101931095123291015625" lon="9.412901401519775390625">
        <ele>495.20001220703125</ele>
        <time>2026-09-14T12:38:32.000Z</time>
      </trkpt>
      <trkpt lat="40.26995415799319744110107421875" lon="9.41281179897487163543701171875">
        <ele>493</ele>
        <time>2026-09-14T12:38:38.000Z</time>
      </trkpt>
      <trkpt lat="40.2699694968760013580322265625" lon="9.41278279758989810943603515625">
        <ele>492</ele>
        <time>2026-09-14T12:38:40.000Z</time>
      </trkpt>
      <trkpt lat="40.269973017275333404541015625" lon="9.41275949589908123016357421875">
        <ele>491.20001220703125</ele>
        <time>2026-09-14T12:38:42.000Z</time>
      </trkpt>
      <trkpt lat="40.26997025124728679656982421875" lon="9.41273736767470836639404296875">
        <ele>490.600006103515625</ele>
        <time>2026-09-14T12:38:44.000Z</time>
      </trkpt>
      <trkpt lat="40.26994208805263042449951171875" lon="9.4127258844673633575439453125">
        <ele>491</ele>
        <time>2026-09-14T12:38:47.000Z</time>
      </trkpt>
      <trkpt lat="40.26990822516381740570068359375" lon="9.412709958851337432861328125">
        <ele>491.399993896484375</ele>
        <time>2026-09-14T12:38:50.000Z</time>
      </trkpt>
      <trkpt lat="40.26987704448401927947998046875" lon="9.41268187947571277618408203125">
        <ele>491.399993896484375</ele>
        <time>2026-09-14T12:38:56.000Z</time>
      </trkpt>
      <trkpt lat="40.26988349854946136474609375" lon="9.41265799105167388916015625">
        <ele>490.600006103515625</ele>
        <time>2026-09-14T12:38:58.000Z</time>
      </trkpt>
      <trkpt lat="40.26988978497684001922607421875" lon="9.4126487709581851959228515625">
        <ele>490.20001220703125</ele>
        <time>2026-09-14T12:38:59.000Z</time>
      </trkpt>
      <trkpt lat="40.26989229954779148101806640625" lon="9.412550367414951324462890625">
        <ele>487.20001220703125</ele>
        <time>2026-09-14T12:39:04.000Z</time>
      </trkpt>
      <trkpt lat="40.269900597631931304931640625" lon="9.41249907016754150390625">
        <ele>485.600006103515625</ele>
        <time>2026-09-14T12:39:08.000Z</time>
      </trkpt>
      <trkpt lat="40.26989263482391834259033203125" lon="9.4124896824359893798828125">
        <ele>485.399993896484375</ele>
        <time>2026-09-14T12:39:09.000Z</time>
      </trkpt>
      <trkpt lat="40.269889198243618011474609375" lon="9.41246059723198413848876953125">
        <ele>484.79998779296875</ele>
        <time>2026-09-14T12:39:11.000Z</time>
      </trkpt>
      <trkpt lat="40.26990068145096302032470703125" lon="9.41241298802196979522705078125">
        <ele>483</ele>
        <time>2026-09-14T12:39:14.000Z</time>
      </trkpt>
      <trkpt lat="40.269901268184185028076171875" lon="9.412390105426311492919921875">
        <ele>482.20001220703125</ele>
        <time>2026-09-14T12:39:16.000Z</time>
      </trkpt>
      <trkpt lat="40.2699108235538005828857421875" lon="9.412312321364879608154296875">
        <ele>479.399993896484375</ele>
        <time>2026-09-14T12:39:20.000Z</time>
      </trkpt>
      <trkpt lat="40.26990185491740703582763671875" lon="9.41224250011146068572998046875">
        <ele>477.399993896484375</ele>
        <time>2026-09-14T12:39:25.000Z</time>
      </trkpt>
      <trkpt lat="40.2699114941060543060302734375" lon="9.4122253172099590301513671875">
        <ele>476.600006103515625</ele>
        <time>2026-09-14T12:39:26.000Z</time>
      </trkpt>
      <trkpt lat="40.26990420185029506683349609375" lon="9.41215063445270061492919921875">
        <ele>474.399993896484375</ele>
        <time>2026-09-14T12:39:30.000Z</time>
      </trkpt>
      <trkpt lat="40.26990923099219799041748046875" lon="9.41208559088408946990966796875">
        <ele>472.600006103515625</ele>
        <time>2026-09-14T12:39:34.000Z</time>
      </trkpt>
      <trkpt lat="40.2699205465614795684814453125" lon="9.4120606966316699981689453125">
        <ele>471.79998779296875</ele>
        <time>2026-09-14T12:39:37.000Z</time>
      </trkpt>
      <trkpt lat="40.269928760826587677001953125" lon="9.4120207987725734710693359375">
        <ele>470.600006103515625</ele>
        <time>2026-09-14T12:39:39.000Z</time>
      </trkpt>
      <trkpt lat="40.26993353851139545440673828125" lon="9.4119782187044620513916015625">
        <ele>469.600006103515625</ele>
        <time>2026-09-14T12:39:41.000Z</time>
      </trkpt>
      <trkpt lat="40.269951559603214263916015625" lon="9.4119131751358509063720703125">
        <ele>467.600006103515625</ele>
        <time>2026-09-14T12:39:45.000Z</time>
      </trkpt>
      <trkpt lat="40.26994384825229644775390625" lon="9.411869086325168609619140625">
        <ele>466.399993896484375</ele>
        <time>2026-09-14T12:39:48.000Z</time>
      </trkpt>
      <trkpt lat="40.26993714272975921630859375" lon="9.41183849237859249114990234375">
        <ele>465.600006103515625</ele>
        <time>2026-09-14T12:39:50.000Z</time>
      </trkpt>
      <trkpt lat="40.26991593651473522186279296875" lon="9.41178434528410434722900390625">
        <ele>464.600006103515625</ele>
        <time>2026-09-14T12:39:54.000Z</time>
      </trkpt>
      <trkpt lat="40.26982524432241916656494140625" lon="9.41169080324470996856689453125">
        <ele>463.79998779296875</ele>
        <time>2026-09-14T12:40:02.000Z</time>
      </trkpt>
      <trkpt lat="40.26974041946232318878173828125" lon="9.41159256733953952789306640625">
        <ele>463.399993896484375</ele>
        <time>2026-09-14T12:40:09.000Z</time>
      </trkpt>
      <trkpt lat="40.26968727819621562957763671875" lon="9.41149014048278331756591796875">
        <ele>462.600006103515625</ele>
        <time>2026-09-14T12:40:16.000Z</time>
      </trkpt>
      <trkpt lat="40.26961301453411579132080078125" lon="9.4113408587872982025146484375">
        <ele>461.399993896484375</ele>
        <time>2026-09-14T12:40:24.000Z</time>
      </trkpt>
      <trkpt lat="40.26958644390106201171875" lon="9.411205239593982696533203125">
        <ele>460.399993896484375</ele>
        <time>2026-09-14T12:40:32.000Z</time>
      </trkpt>
      <trkpt lat="40.26956071145832538604736328125" lon="9.4110464863479137420654296875">
        <ele>459.600006103515625</ele>
        <time>2026-09-14T12:40:40.000Z</time>
      </trkpt>
      <trkpt lat="40.26957328431308269500732421875" lon="9.4109117053449153900146484375">
        <ele>459</ele>
        <time>2026-09-14T12:40:47.000Z</time>
      </trkpt>
      <trkpt lat="40.269577391445636749267578125" lon="9.41089653410017490386962890625">
        <ele>458.79998779296875</ele>
        <time>2026-09-14T12:40:48.000Z</time>
      </trkpt>
      <trkpt lat="40.26963916607201099395751953125" lon="9.4107695482671260833740234375">
        <ele>458</ele>
        <time>2026-09-14T12:40:57.000Z</time>
      </trkpt>
      <trkpt lat="40.26963849551975727081298828125" lon="9.41071632318198680877685546875">
        <ele>458</ele>
        <time>2026-09-14T12:41:00.000Z</time>
      </trkpt>
      <trkpt lat="40.26964369229972362518310546875" lon="9.41067877225577831268310546875">
        <ele>458</ele>
        <time>2026-09-14T12:41:02.000Z</time>
      </trkpt>
      <trkpt lat="40.26964637450873851776123046875" lon="9.4106535427272319793701171875">
        <ele>458</ele>
        <time>2026-09-14T12:41:04.000Z</time>
      </trkpt>
      <trkpt lat="40.26965953409671783447265625" lon="9.41050778143107891082763671875">
        <ele>457.79998779296875</ele>
        <time>2026-09-14T12:41:13.000Z</time>
      </trkpt>
      <trkpt lat="40.2696628868579864501953125" lon="9.41043033264577388763427734375">
        <ele>456.79998779296875</ele>
        <time>2026-09-14T12:41:20.000Z</time>
      </trkpt>
      <trkpt lat="40.269675962626934051513671875" lon="9.41033042035996913909912109375">
        <ele>455.399993896484375</ele>
        <time>2026-09-14T12:41:28.000Z</time>
      </trkpt>
      <trkpt lat="40.26969549246132373809814453125" lon="9.4103078730404376983642578125">
        <ele>454.600006103515625</ele>
        <time>2026-09-14T12:41:30.000Z</time>
      </trkpt>
      <trkpt lat="40.26972734369337558746337890625" lon="9.41020016558468341827392578125">
        <ele>453</ele>
        <time>2026-09-14T12:41:37.000Z</time>
      </trkpt>
      <trkpt lat="40.26973186992108821868896484375" lon="9.41011601127684116363525390625">
        <ele>451.399993896484375</ele>
        <time>2026-09-14T12:41:41.000Z</time>
      </trkpt>
      <trkpt lat="40.26976187713444232940673828125" lon="9.4100228883326053619384765625">
        <ele>450</ele>
        <time>2026-09-14T12:41:46.000Z</time>
      </trkpt>
      <trkpt lat="40.2697830833494663238525390625" lon="9.40994652919471263885498046875">
        <ele>449</ele>
        <time>2026-09-14T12:41:50.000Z</time>
      </trkpt>
      <trkpt lat="40.2698350511491298675537109375" lon="9.4098166935145854949951171875">
        <ele>446.79998779296875</ele>
        <time>2026-09-14T12:41:58.000Z</time>
      </trkpt>
      <trkpt lat="40.2698722667992115020751953125" lon="9.40974486060440540313720703125">
        <ele>446.600006103515625</ele>
        <time>2026-09-14T12:42:06.000Z</time>
      </trkpt>
      <trkpt lat="40.269918702542781829833984375" lon="9.4096302799880504608154296875">
        <ele>446</ele>
        <time>2026-09-14T12:42:16.000Z</time>
      </trkpt>
      <trkpt lat="40.26994795538485050201416015625" lon="9.409511424601078033447265625">
        <ele>444.79998779296875</ele>
        <time>2026-09-14T12:42:24.000Z</time>
      </trkpt>
      <trkpt lat="40.26989422738552093505859375" lon="9.40941025502979755401611328125">
        <ele>443.399993896484375</ele>
        <time>2026-09-14T12:42:31.000Z</time>
      </trkpt>
      <trkpt lat="40.2698679082095623016357421875" lon="9.409383349120616912841796875">
        <ele>442.79998779296875</ele>
        <time>2026-09-14T12:42:34.000Z</time>
      </trkpt>
      <trkpt lat="40.26982826180756092071533203125" lon="9.40932844765484333038330078125">
        <ele>441.79998779296875</ele>
        <time>2026-09-14T12:42:39.000Z</time>
      </trkpt>
      <trkpt lat="40.26974008418619632720947265625" lon="9.4092269428074359893798828125">
        <ele>439.79998779296875</ele>
        <time>2026-09-14T12:42:47.000Z</time>
      </trkpt>
      <trkpt lat="40.2697036229074001312255859375" lon="9.40917992033064365386962890625">
        <ele>439</ele>
        <time>2026-09-14T12:42:51.000Z</time>
      </trkpt>
    </trkseg>
  </trk>
</gpx>
