<?xml version="1.0" encoding="UTF-8"?>
<gpx creator="sardegna-trek" version="1.1"
  xsi:schemaLocation="http://www.topografix.com/GPX/1/1 http://www.topografix.com/GPX/11.xsd"
  xmlns="http://www.topografix.com/GPX/1/1"
  xmlns:xsi="http://www.w3.org/2001/XMLSchema-instance">
  <metadata>
    <time>2026-09-24T05:57:02.000Z</time>
  </metadata>
  <trk>
    <name>Trail running at Capo Pecora</name>
    <trkseg>
      <trkpt lat="39.4566653855144977569580078125" lon="8.3840809576213359832763671875">
        <ele>13.80000019073486328125</ele>
        <time>2026-09-24T05:57:02.000Z</time>
      </trkpt>
      <trkpt lat="39.4566653855144977569580078125" lon="8.38408087380230426788330078125">
        <ele>13.80000019073486328125</ele>
        <time>2026-09-24T05:57:03.000Z</time>
      </trkpt>
      <trkpt lat="39.45662138052284717559814453125" lon="8.384129740297794342041015625">
        <ele>13.80000019073486328125</ele>
        <time>2026-09-24T05:57:08.000Z</time>
      </trkpt>
      <trkpt lat="39.4565168581902980804443359375" lon="8.38411808945238590240478515625">
        <ele>13</ele>
        <time>2026-09-24T05:57:12.000Z</time>
      </trkpt>
      <trkpt lat="39.456501267850399017333984375" lon="8.38409923017024993896484375">
        <ele>12.80000019073486328125</ele>
        <time>2026-09-24T05:57:13.000Z</time>
      </trkpt>
      <trkpt lat="39.45649866946041584014892578125" lon="8.384046591818332672119140625">
        <ele>12.80000019073486328125</ele>
        <time>2026-09-24T05:57:15.000Z</time>
      </trkpt>
      <trkpt lat="39.45651057176291942596435546875" lon="8.3840127289295196533203125">
        <ele>13</ele>
        <time>2026-09-24T05:57:16.000Z</time>
      </trkpt>
      <trkpt lat="39.45652448572218418121337890625" lon="8.38398247025907039642333984375">
        <ele>13</ele>
        <time>2026-09-24T05:57:17.000Z</time>
      </trkpt>
      <trkpt lat="39.45658500306308269500732421875" lon="8.38386059738695621490478515625">
        <ele>12.80000019073486328125</ele>
        <time>2026-09-24T05:57:21.000Z</time>
      </trkpt>
      <trkpt lat="39.45662892423570156097412109375" lon="8.38380879722535610198974609375">
        <ele>12.6000003814697265625</ele>
        <time>2026-09-24T05:57:23.000Z</time>
      </trkpt>
      <trkpt lat="39.45669765584170818328857421875" lon="8.3837044425308704376220703125">
        <ele>11.3999996185302734375</ele>
        <time>2026-09-24T05:57:27.000Z</time>
      </trkpt>
      <trkpt lat="39.45669665001332759857177734375" lon="8.3836759440600872039794921875">
        <ele>11</ele>
        <time>2026-09-24T05:57:28.000Z</time>
      </trkpt>
      <trkpt lat="39.45668189786374568939208984375" lon="8.38365021161735057830810546875">
        <ele>10.80000019073486328125</ele>
        <time>2026-09-24T05:57:29.000Z</time>
      </trkpt>
      <trkpt lat="39.456641413271427154541015625" lon="8.38362607173621654510498046875">
        <ele>10.6000003814697265625</ele>
        <time>2026-09-24T05:57:31.000Z</time>
      </trkpt>
      <trkpt lat="39.45660553872585296630859375" lon="8.38366529904305934906005859375">
        <ele>11.19999980926513671875</ele>
        <time>2026-09-24T05:57:33.000Z</time>
      </trkpt>
      <trkpt lat="39.45657930336892604827880859375" lon="8.3837637864053249359130859375">
        <ele>12.19999980926513671875</ele>
        <time>2026-09-24T05:57:36.000Z</time>
      </trkpt>
      <trkpt lat="39.45657108910381793975830078125" lon="8.38383679278194904327392578125">
        <ele>12.6000003814697265625</ele>
        <time>2026-09-24T05:57:38.000Z</time>
      </trkpt>
      <trkpt lat="39.45651040412485599517822265625" lon="8.3840078674256801605224609375">
        <ele>13</ele>
        <time>2026-09-24T05:57:43.000Z</time>
      </trkpt>
      <trkpt lat="39.456459023058414459228515625" lon="8.3841004036366939544677734375">
        <ele>12.6000003814697265625</ele>
        <time>2026-09-24T05:57:46.000Z</time>
      </trkpt>
      <trkpt lat="39.4563991762697696685791015625" lon="8.384229652583599090576171875">
        <ele>12.3999996185302734375</ele>
        <time>2026-09-24T05:57:50.000Z</time>
      </trkpt>
      <trkpt lat="39.4563420116901397705078125" lon="8.3843468315899372100830078125">
        <ele>12.6000003814697265625</ele>
        <time>2026-09-24T05:57:54.000Z</time>
      </trkpt>
      <trkpt lat="39.45632700808346271514892578125" lon="8.38437507860362529754638671875">
        <ele>12.6000003814697265625</ele>
        <time>2026-09-24T05:57:55.000Z</time>
      </trkpt>
      <trkpt lat="39.45628711022436618804931640625" lon="8.384456969797611236572265625">
        <ele>12.80000019073486328125</ele>
        <time>2026-09-24T05:57:58.000Z</time>
      </trkpt>
      <trkpt lat="39.456207565963268280029296875" lon="8.3845781721174716949462890625">
        <ele>13</ele>
        <time>2026-09-24T05:58:03.000Z</time>
      </trkpt>
      <trkpt lat="39.4562050513923168182373046875" lon="8.38459946215152740478515625">
        <ele>13</ele>
        <time>2026-09-24T05:58:04.000Z</time>
      </trkpt>
      <trkpt lat="39.4562268443405628204345703125" lon="8.3845969475805759429931640625">
        <ele>13.19999980926513671875</ele>
        <time>2026-09-24T05:58:06.000Z</time>
      </trkpt>
      <trkpt lat="39.4562509842216968536376953125" lon="8.3845396153628826141357421875">
        <ele>13</ele>
        <time>2026-09-24T05:58:08.000Z</time>
      </trkpt>
      <trkpt lat="39.456288032233715057373046875" lon="8.3844477497041225433349609375">
        <ele>12.80000019073486328125</ele>
        <time>2026-09-24T05:58:11.000Z</time>
      </trkpt>
      <trkpt lat="39.4563297741115093231201171875" lon="8.38436233811080455780029296875">
        <ele>12.6000003814697265625</ele>
        <time>2026-09-24T05:58:14.000Z</time>
      </trkpt>
      <trkpt lat="39.4563686661422252655029296875" lon="8.38427265174686908721923828125">
        <ele>12.3999996185302734375</ele>
        <time>2026-09-24T05:58:17.000Z</time>
      </trkpt>
      <trkpt lat="39.456398002803325653076171875" lon="8.38421733118593692779541015625">
        <ele>12.3999996185302734375</ele>
        <time>2026-09-24T05:58:19.000Z</time>
      </trkpt>
      <trkpt lat="39.45641686208546161651611328125" lon="8.3841884136199951171875">
        <ele>12.3999996185302734375</ele>
        <time>2026-09-24T05:58:20.000Z</time>
      </trkpt>
      <trkpt lat="39.45643949322402477264404296875" lon="8.3841647766530513763427734375">
        <ele>12.3999996185302734375</ele>
        <time>2026-09-24T05:58:21.000Z</time>
      </trkpt>
      <trkpt lat="39.45646598003804683685302734375" lon="8.3841468393802642822265625">
        <ele>12.6000003814697265625</ele>
        <time>2026-09-24T05:58:22.000Z</time>
      </trkpt>
      <trkpt lat="39.456533454358577728271484375" lon="8.38414373807609081268310546875">
        <ele>13.19999980926513671875</ele>
        <time>2026-09-24T05:58:24.000Z</time>
      </trkpt>
      <trkpt lat="39.45658936165273189544677734375" lon="8.38417642749845981597900390625">
        <ele>13.6000003814697265625</ele>
        <time>2026-09-24T05:58:26.000Z</time>
      </trkpt>
      <trkpt lat="39.45660361088812351226806640625" lon="8.38421582244336605072021484375">
        <ele>13.6000003814697265625</ele>
        <time>2026-09-24T05:58:27.000Z</time>
      </trkpt>
      <trkpt lat="39.456568658351898193359375" lon="8.3843775093555450439453125">
        <ele>13.6000003814697265625</ele>
        <time>2026-09-24T05:58:31.000Z</time>
      </trkpt>
      <trkpt lat="39.4565349631011486053466796875" lon="8.38439787738025188446044921875">
        <ele>13.6000003814697265625</ele>
        <time>2026-09-24T05:58:32.000Z</time>
      </trkpt>
      <trkpt lat="39.45646899752318859100341796875" lon="8.3844645135104656219482421875">
        <ele>13.3999996185302734375</ele>
        <time>2026-09-24T05:58:35.000Z</time>
      </trkpt>
      <trkpt lat="39.45648727007210254669189453125" lon="8.3845759928226470947265625">
        <ele>13.6000003814697265625</ele>
        <time>2026-09-24T05:58:38.000Z</time>
      </trkpt>
      <trkpt lat="39.45651308633387088775634765625" lon="8.38464640080928802490234375">
        <ele>13.80000019073486328125</ele>
        <time>2026-09-24T05:58:40.000Z</time>
      </trkpt>
      <trkpt lat="39.456531442701816558837890625" lon="8.3846800960600376129150390625">
        <ele>14</ele>
        <time>2026-09-24T05:58:41.000Z</time>
      </trkpt>
      <trkpt lat="39.45653018541634082794189453125" lon="8.38483775965869426727294921875">
        <ele>14.6000003814697265625</ele>
        <time>2026-09-24T05:58:45.000Z</time>
      </trkpt>
      <trkpt lat="39.45654409937560558319091796875" lon="8.38506641797721385955810546875">
        <ele>15.3999996185302734375</ele>
        <time>2026-09-24T05:58:50.000Z</time>
      </trkpt>
      <trkpt lat="39.45665909908711910247802734375" lon="8.38528602384030818939208984375">
        <ele>16.200000762939453125</ele>
        <time>2026-09-24T05:58:56.000Z</time>
      </trkpt>
      <trkpt lat="39.45675264112651348114013671875" lon="8.38543857447803020477294921875">
        <ele>17.3999996185302734375</ele>
        <time>2026-09-24T05:59:01.000Z</time>
      </trkpt>
      <trkpt lat="39.45670503191649913787841796875" lon="8.38560537435114383697509765625">
        <ele>17.3999996185302734375</ele>
        <time>2026-09-24T05:59:05.000Z</time>
      </trkpt>
      <trkpt lat="39.4566352106630802154541015625" lon="8.38585699908435344696044921875">
        <ele>17.6000003814697265625</ele>
        <time>2026-09-24T05:59:11.000Z</time>
      </trkpt>
      <trkpt lat="39.45663110353052616119384765625" lon="8.38589739985764026641845703125">
        <ele>17.3999996185302734375</ele>
        <time>2026-09-24T05:59:12.000Z</time>
      </trkpt>
      <trkpt lat="39.45667686872184276580810546875" lon="8.38613578118383884429931640625">
        <ele>17</ele>
        <time>2026-09-24T05:59:18.000Z</time>
      </trkpt>
      <trkpt lat="39.45679128170013427734375" lon="8.38626570068299770355224609375">
        <ele>17</ele>
        <time>2026-09-24T05:59:23.000Z</time>
      </trkpt>
      <trkpt lat="39.4567948020994663238525390625" lon="8.38629436679184436798095703125">
        <ele>17</ele>
        <time>2026-09-24T05:59:24.000Z</time>
      </trkpt>
      <trkpt lat="39.4567565806210041046142578125" lon="8.386346586048603057861328125">
        <ele>17</ele>
        <time>2026-09-24T05:59:26.000Z</time>
      </trkpt>
      <trkpt lat="39.45662406273186206817626953125" lon="8.38643752969801425933837890625">
        <ele>17.200000762939453125</ele>
        <time>2026-09-24T05:59:31.000Z</time>
      </trkpt>
      <trkpt lat="39.4565916247665882110595703125" lon="8.38650944642722606658935546875">
        <ele>17.6000003814697265625</ele>
        <time>2026-09-24T05:59:34.000Z</time>
      </trkpt>
      <trkpt lat="39.4566053710877895355224609375" lon="8.386529982089996337890625">
        <ele>17.6000003814697265625</ele>
        <time>2026-09-24T05:59:35.000Z</time>
      </trkpt>
      <trkpt lat="39.45671819150447845458984375" lon="8.3866287209093570709228515625">
        <ele>17.799999237060546875</ele>
        <time>2026-09-24T05:59:40.000Z</time>
      </trkpt>
      <trkpt lat="39.456917010247707366943359375" lon="8.3866780065000057220458984375">
        <ele>17.3999996185302734375</ele>
        <time>2026-09-24T05:59:47.000Z</time>
      </trkpt>
      <trkpt lat="39.4570465944707393646240234375" lon="8.386804573237895965576171875">
        <ele>18.200000762939453125</ele>
        <time>2026-09-24T05:59:53.000Z</time>
      </trkpt>
      <trkpt lat="39.45715949870645999908447265625" lon="8.38701487518846988677978515625">
        <ele>19.799999237060546875</ele>
        <time>2026-09-24T06:00:00.000Z</time>
      </trkpt>
      <trkpt lat="39.4572581537067890167236328125" lon="8.387218974530696868896484375">
        <ele>21.3999996185302734375</ele>
        <time>2026-09-24T06:00:07.000Z</time>
      </trkpt>
      <trkpt lat="39.4572873227298259735107421875" lon="8.38727471418678760528564453125">
        <ele>21.799999237060546875</ele>
        <time>2026-09-24T06:00:09.000Z</time>
      </trkpt>
      <trkpt lat="39.45739452727138996124267578125" lon="8.38746230117976665496826171875">
        <ele>23.6000003814697265625</ele>
        <time>2026-09-24T06:00:16.000Z</time>
      </trkpt>
      <trkpt lat="39.45742855779826641082763671875" lon="8.38751544244587421417236328125">
        <ele>24.3999996185302734375</ele>
        <time>2026-09-24T06:00:18.000Z</time>
      </trkpt>
      <trkpt lat="39.45754691027104854583740234375" lon="8.38769783265888690948486328125">
        <ele>27.200000762939453125</ele>
        <time>2026-09-24T06:00:25.000Z</time>
      </trkpt>
      <trkpt lat="39.457577504217624664306640625" lon="8.38777746073901653289794921875">
        <ele>28.3999996185302734375</ele>
        <time>2026-09-24T06:00:28.000Z</time>
      </trkpt>
      <trkpt lat="39.45760197937488555908203125" lon="8.38784468360245227813720703125">
        <ele>29</ele>
        <time>2026-09-24T06:00:32.000Z</time>
      </trkpt>
      <trkpt lat="39.45761010982096195220947265625" lon="8.38785700500011444091796875">
        <ele>29.200000762939453125</ele>
        <time>2026-09-24T06:00:33.000Z</time>
      </trkpt>
      <trkpt lat="39.45765520446002483367919921875" lon="8.38796907104551792144775390625">
        <ele>30.6000003814697265625</ele>
        <time>2026-09-24T06:00:40.000Z</time>
      </trkpt>
      <trkpt lat="39.45768739096820354461669921875" lon="8.38808675296604633331298828125">
        <ele>32.40000152587890625</ele>
        <time>2026-09-24T06:00:46.000Z</time>
      </trkpt>
      <trkpt lat="39.457705914974212646484375" lon="8.38813469745218753814697265625">
        <ele>33.200000762939453125</ele>
        <time>2026-09-24T06:00:49.000Z</time>
      </trkpt>
      <trkpt lat="39.45775930769741535186767578125" lon="8.38825774379074573516845703125">
        <ele>35.200000762939453125</ele>
        <time>2026-09-24T06:00:57.000Z</time>
      </trkpt>
      <trkpt lat="39.45782736875116825103759765625" lon="8.388478271663188934326171875">
        <ele>38.59999847412109375</ele>
        <time>2026-09-24T06:01:09.000Z</time>
      </trkpt>
      <trkpt lat="39.45790431462228298187255859375" lon="8.38866661302745342254638671875">
        <ele>41.200000762939453125</ele>
        <time>2026-09-24T06:01:17.000Z</time>
      </trkpt>
      <trkpt lat="39.45802920497953891754150390625" lon="8.38875965215265750885009765625">
        <ele>43.200000762939453125</ele>
        <time>2026-09-24T06:01:22.000Z</time>
      </trkpt>
      <trkpt lat="39.45817572064697742462158203125" lon="8.38892779313027858734130859375">
        <ele>44.799999237060546875</ele>
        <time>2026-09-24T06:01:29.000Z</time>
      </trkpt>
      <trkpt lat="39.45819566957652568817138671875" lon="8.3889515139162540435791015625">
        <ele>44.799999237060546875</ele>
        <time>2026-09-24T06:01:30.000Z</time>
      </trkpt>
      <trkpt lat="39.458265490829944610595703125" lon="8.3890101872384548187255859375">
        <ele>45.40000152587890625</ele>
        <time>2026-09-24T06:01:33.000Z</time>
      </trkpt>
      <trkpt lat="39.45836481638252735137939453125" lon="8.38907548226416110992431640625">
        <ele>45.200000762939453125</ele>
        <time>2026-09-24T06:01:37.000Z</time>
      </trkpt>
      <trkpt lat="39.4585050456225872039794921875" lon="8.38926239870488643646240234375">
        <ele>44.200000762939453125</ele>
        <time>2026-09-24T06:01:45.000Z</time>
      </trkpt>
      <trkpt lat="39.45858693681657314300537109375" lon="8.3894718624651432037353515625">
        <ele>44.59999847412109375</ele>
        <time>2026-09-24T06:01:52.000Z</time>
      </trkpt>
      <trkpt lat="39.4585999287664890289306640625" lon="8.389502875506877899169921875">
        <ele>44.59999847412109375</ele>
        <time>2026-09-24T06:01:53.000Z</time>
      </trkpt>
      <trkpt lat="39.4586864300072193145751953125" lon="8.38972558267414569854736328125">
        <ele>45.799999237060546875</ele>
        <time>2026-09-24T06:02:00.000Z</time>
      </trkpt>
      <trkpt lat="39.4587052054703235626220703125" lon="8.389790542423725128173828125">
        <ele>46.40000152587890625</ele>
        <time>2026-09-24T06:02:02.000Z</time>
      </trkpt>
      <trkpt lat="39.4587814807891845703125" lon="8.390022218227386474609375">
        <ele>48.200000762939453125</ele>
        <time>2026-09-24T06:02:09.000Z</time>
      </trkpt>
      <trkpt lat="39.45878885686397552490234375" lon="8.3900559134781360626220703125">
        <ele>48.59999847412109375</ele>
        <time>2026-09-24T06:02:10.000Z</time>
      </trkpt>
      <trkpt lat="39.45882833562791347503662109375" lon="8.39028515852987766265869140625">
        <ele>51</ele>
        <time>2026-09-24T06:02:17.000Z</time>
      </trkpt>
      <trkpt lat="39.4589070416986942291259765625" lon="8.3904716558754444122314453125">
        <ele>53</ele>
        <time>2026-09-24T06:02:23.000Z</time>
      </trkpt>
      <trkpt lat="39.4590324349701404571533203125" lon="8.39064541272819042205810546875">
        <ele>53.200000762939453125</ele>
        <time>2026-09-24T06:02:30.000Z</time>
      </trkpt>
      <trkpt lat="39.459188170731067657470703125" lon="8.39079000055789947509765625">
        <ele>52</ele>
        <time>2026-09-24T06:02:37.000Z</time>
      </trkpt>
      <trkpt lat="39.45932102389633655548095703125" lon="8.39097909629344940185546875">
        <ele>50.200000762939453125</ele>
        <time>2026-09-24T06:02:44.000Z</time>
      </trkpt>
      <trkpt lat="39.4594055972993373870849609375" lon="8.39112217538058757781982421875">
        <ele>49</ele>
        <time>2026-09-24T06:02:49.000Z</time>
      </trkpt>
      <trkpt lat="39.45945647545158863067626953125" lon="8.39120264165103435516357421875">
        <ele>47.799999237060546875</ele>
        <time>2026-09-24T06:02:52.000Z</time>
      </trkpt>
      <trkpt lat="39.45956627838313579559326171875" lon="8.3913950063288211822509765625">
        <ele>46</ele>
        <time>2026-09-24T06:02:58.000Z</time>
      </trkpt>
      <trkpt lat="39.45965110324323177337646484375" lon="8.3915183879435062408447265625">
        <ele>44.59999847412109375</ele>
        <time>2026-09-24T06:03:02.000Z</time>
      </trkpt>
      <trkpt lat="39.45980331860482692718505859375" lon="8.39156038127839565277099609375">
        <ele>43.200000762939453125</ele>
        <time>2026-09-24T06:03:06.000Z</time>
      </trkpt>
      <trkpt lat="39.46000280790030956268310546875" lon="8.39151964522898197174072265625">
        <ele>42.59999847412109375</ele>
        <time>2026-09-24T06:03:13.000Z</time>
      </trkpt>
      <trkpt lat="39.4601140357553958892822265625" lon="8.39153020642697811126708984375">
        <ele>43</ele>
        <time>2026-09-24T06:03:17.000Z</time>
      </trkpt>
      <trkpt lat="39.4601690210402011871337890625" lon="8.3915670029819011688232421875">
        <ele>43.40000152587890625</ele>
        <time>2026-09-24T06:03:19.000Z</time>
      </trkpt>
      <trkpt lat="39.46030723862349987030029296875" lon="8.39172248728573322296142578125">
        <ele>44.200000762939453125</ele>
        <time>2026-09-24T06:03:26.000Z</time>
      </trkpt>
      <trkpt lat="39.46047018282115459442138671875" lon="8.3918420970439910888671875">
        <ele>45.40000152587890625</ele>
        <time>2026-09-24T06:03:33.000Z</time>
      </trkpt>
      <trkpt lat="39.46051083505153656005859375" lon="8.39186422526836395263671875">
        <ele>45.799999237060546875</ele>
        <time>2026-09-24T06:03:35.000Z</time>
      </trkpt>
      <trkpt lat="39.4606816582381725311279296875" lon="8.3919462002813816070556640625">
        <ele>47.799999237060546875</ele>
        <time>2026-09-24T06:03:42.000Z</time>
      </trkpt>
      <trkpt lat="39.46072817780077457427978515625" lon="8.3919810689985752105712890625">
        <ele>48.40000152587890625</ele>
        <time>2026-09-24T06:03:44.000Z</time>
      </trkpt>
      <trkpt lat="39.46089682169258594512939453125" lon="8.3921192027628421783447265625">
        <ele>51.59999847412109375</ele>
        <time>2026-09-24T06:03:52.000Z</time>
      </trkpt>
      <trkpt lat="39.46091962046921253204345703125" lon="8.3921316079795360565185546875">
        <ele>52</ele>
        <time>2026-09-24T06:03:53.000Z</time>
      </trkpt>
      <trkpt lat="39.46109295822679996490478515625" lon="8.39219489134848117828369140625">
        <ele>55</ele>
        <time>2026-09-24T06:04:01.000Z</time>
      </trkpt>
      <trkpt lat="39.46120477281510829925537109375" lon="8.39220260269939899444580078125">
        <ele>56.799999237060546875</ele>
        <time>2026-09-24T06:04:08.000Z</time>
      </trkpt>
      <trkpt lat="39.46131709031760692596435546875" lon="8.39225322939455509185791015625">
        <ele>59</ele>
        <time>2026-09-24T06:04:16.000Z</time>
      </trkpt>
      <trkpt lat="39.46140526793897151947021484375" lon="8.39233771897852420806884765625">
        <ele>60.40000152587890625</ele>
        <time>2026-09-24T06:04:24.000Z</time>
      </trkpt>
      <trkpt lat="39.461552537977695465087890625" lon="8.39251340366899967193603515625">
        <ele>62.59999847412109375</ele>
        <time>2026-09-24T06:04:35.000Z</time>
      </trkpt>
      <trkpt lat="39.46164431981742382049560546875" lon="8.3927290700376033782958984375">
        <ele>63.799999237060546875</ele>
        <time>2026-09-24T06:04:43.000Z</time>
      </trkpt>
      <trkpt lat="39.4616801105439662933349609375" lon="8.39277793653309345245361328125">
        <ele>64</ele>
        <time>2026-09-24T06:04:45.000Z</time>
      </trkpt>
      <trkpt lat="39.46183626540005207061767578125" lon="8.39283359237015247344970703125">
        <ele>64.40000152587890625</ele>
        <time>2026-09-24T06:04:51.000Z</time>
      </trkpt>
      <trkpt lat="39.462015219032764434814453125" lon="8.39290852658450603485107421875">
        <ele>64.1999969482421875</ele>
        <time>2026-09-24T06:04:58.000Z</time>
      </trkpt>
      <trkpt lat="39.4620948471128940582275390625" lon="8.39296183548867702484130859375">
        <ele>64.1999969482421875</ele>
        <time>2026-09-24T06:05:01.000Z</time>
      </trkpt>
      <trkpt lat="39.4622695259749889373779296875" lon="8.3930780924856662750244140625">
        <ele>64.1999969482421875</ele>
        <time>2026-09-24T06:05:08.000Z</time>
      </trkpt>
      <trkpt lat="39.4623144529759883880615234375" lon="8.39311136864125728607177734375">
        <ele>64.1999969482421875</ele>
        <time>2026-09-24T06:05:10.000Z</time>
      </trkpt>
      <trkpt lat="39.4624854438006877899169921875" lon="8.393226452171802520751953125">
        <ele>64.1999969482421875</ele>
        <time>2026-09-24T06:05:17.000Z</time>
      </trkpt>
      <trkpt lat="39.46256482042372226715087890625" lon="8.39326567947864532470703125">
        <ele>64.40000152587890625</ele>
        <time>2026-09-24T06:05:20.000Z</time>
      </trkpt>
      <trkpt lat="39.46274301968514919281005859375" lon="8.3933614008128643035888671875">
        <ele>65.40000152587890625</ele>
        <time>2026-09-24T06:05:27.000Z</time>
      </trkpt>
      <trkpt lat="39.4628170318901538848876953125" lon="8.39338369667530059814453125">
        <ele>65.8000030517578125</ele>
        <time>2026-09-24T06:05:30.000Z</time>
      </trkpt>
      <trkpt lat="39.46300000883638858795166015625" lon="8.39344513602554798126220703125">
        <ele>66.8000030517578125</ele>
        <time>2026-09-24T06:05:37.000Z</time>
      </trkpt>
      <trkpt lat="39.46308114565908908843994140625" lon="8.39345536194741725921630859375">
        <ele>66.8000030517578125</ele>
        <time>2026-09-24T06:05:40.000Z</time>
      </trkpt>
      <trkpt lat="39.4632532261312007904052734375" lon="8.39353281073272228240966796875">
        <ele>68.8000030517578125</ele>
        <time>2026-09-24T06:05:47.000Z</time>
      </trkpt>
      <trkpt lat="39.46343838237226009368896484375" lon="8.39361914433538913726806640625">
        <ele>71.1999969482421875</ele>
        <time>2026-09-24T06:05:54.000Z</time>
      </trkpt>
      <trkpt lat="39.46347073651850223541259765625" lon="8.3936276100575923919677734375">
        <ele>71.59999847412109375</ele>
        <time>2026-09-24T06:05:55.000Z</time>
      </trkpt>
      <trkpt lat="39.46366704069077968597412109375" lon="8.3936373330652713775634765625">
        <ele>73</ele>
        <time>2026-09-24T06:06:02.000Z</time>
      </trkpt>
      <trkpt lat="39.46369369514286518096923828125" lon="8.3936338126659393310546875">
        <ele>73.1999969482421875</ele>
        <time>2026-09-24T06:06:03.000Z</time>
      </trkpt>
      <trkpt lat="39.4638885743916034698486328125" lon="8.393606655299663543701171875">
        <ele>74.59999847412109375</ele>
        <time>2026-09-24T06:06:10.000Z</time>
      </trkpt>
      <trkpt lat="39.463993348181247711181640625" lon="8.39358427561819553375244140625">
        <ele>74.40000152587890625</ele>
        <time>2026-09-24T06:06:14.000Z</time>
      </trkpt>
      <trkpt lat="39.4641856290400028228759765625" lon="8.3935649134218692779541015625">
        <ele>74.59999847412109375</ele>
        <time>2026-09-24T06:06:21.000Z</time>
      </trkpt>
      <trkpt lat="39.46437380276620388031005859375" lon="8.3935903944075107574462890625">
        <ele>74.40000152587890625</ele>
        <time>2026-09-24T06:06:28.000Z</time>
      </trkpt>
      <trkpt lat="39.46453305892646312713623046875" lon="8.393632471561431884765625">
        <ele>75.40000152587890625</ele>
        <time>2026-09-24T06:06:34.000Z</time>
      </trkpt>
      <trkpt lat="39.46471930481493473052978515625" lon="8.39365635998547077178955078125">
        <ele>76.59999847412109375</ele>
        <time>2026-09-24T06:06:41.000Z</time>
      </trkpt>
      <trkpt lat="39.46477563120424747467041015625" lon="8.39366558007895946502685546875">
        <ele>76.8000030517578125</ele>
        <time>2026-09-24T06:06:43.000Z</time>
      </trkpt>
      <trkpt lat="39.46496522985398769378662109375" lon="8.39372525922954082489013671875">
        <ele>78.8000030517578125</ele>
        <time>2026-09-24T06:06:50.000Z</time>
      </trkpt>
      <trkpt lat="39.46514259092509746551513671875" lon="8.39383355341851711273193359375">
        <ele>80</ele>
        <time>2026-09-24T06:06:58.000Z</time>
      </trkpt>
      <trkpt lat="39.46523663587868213653564453125" lon="8.39389306493103504180908203125">
        <ele>80.59999847412109375</ele>
        <time>2026-09-24T06:07:02.000Z</time>
      </trkpt>
      <trkpt lat="39.46541047655045986175537109375" lon="8.393998928368091583251953125">
        <ele>80</ele>
        <time>2026-09-24T06:07:09.000Z</time>
      </trkpt>
      <trkpt lat="39.46542824618518352508544921875" lon="8.3940128423273563385009765625">
        <ele>80</ele>
        <time>2026-09-24T06:07:10.000Z</time>
      </trkpt>
      <trkpt lat="39.46558197028934955596923828125" lon="8.39418701827526092529296875">
        <ele>80</ele>
        <time>2026-09-24T06:07:17.000Z</time>
      </trkpt>
      <trkpt lat="39.4657325930893421173095703125" lon="8.394353650510311126708984375">
        <ele>79.59999847412109375</ele>
        <time>2026-09-24T06:07:24.000Z</time>
      </trkpt>
      <trkpt lat="39.46577693335711956024169921875" lon="8.3944031037390232086181640625">
        <ele>79.59999847412109375</ele>
        <time>2026-09-24T06:07:26.000Z</time>
      </trkpt>
      <trkpt lat="39.46591959334909915924072265625" lon="8.39456579647958278656005859375">
        <ele>79.59999847412109375</ele>
        <time>2026-09-24T06:07:33.000Z</time>
      </trkpt>
      <trkpt lat="39.46600844152271747589111328125" lon="8.39465372264385223388671875">
        <ele>79.8000030517578125</ele>
        <time>2026-09-24T06:07:37.000Z</time>
      </trkpt>
      <trkpt lat="39.4661778397858142852783203125" lon="8.3946857415139675140380859375">
        <ele>80.59999847412109375</ele>
        <time>2026-09-24T06:07:43.000Z</time>
      </trkpt>
      <trkpt lat="39.46638244204223155975341796875" lon="8.3946652896702289581298828125">
        <ele>82</ele>
        <time>2026-09-24T06:07:50.000Z</time>
      </trkpt>
      <trkpt lat="39.46647129021584987640380859375" lon="8.3946532197296619415283203125">
        <ele>82.40000152587890625</ele>
        <time>2026-09-24T06:07:53.000Z</time>
      </trkpt>
      <trkpt lat="39.4666706956923007965087890625" lon="8.39467878453433513641357421875">
        <ele>83.1999969482421875</ele>
        <time>2026-09-24T06:08:00.000Z</time>
      </trkpt>
      <trkpt lat="39.46669994853436946868896484375" lon="8.39468331076204776763916015625">
        <ele>83.40000152587890625</ele>
        <time>2026-09-24T06:08:01.000Z</time>
      </trkpt>
      <trkpt lat="39.46690094657242298126220703125" lon="8.394705019891262054443359375">
        <ele>84.8000030517578125</ele>
        <time>2026-09-24T06:08:08.000Z</time>
      </trkpt>
      <trkpt lat="39.46693246252834796905517578125" lon="8.3947066962718963623046875">
        <ele>85</ele>
        <time>2026-09-24T06:08:09.000Z</time>
      </trkpt>
      <trkpt lat="39.46709004230797290802001953125" lon="8.3947018347680568695068359375">
        <ele>85.59999847412109375</ele>
        <time>2026-09-24T06:08:15.000Z</time>
      </trkpt>
      <trkpt lat="39.46728684939444065093994140625" lon="8.39468565769493579864501953125">
        <ele>86.59999847412109375</ele>
        <time>2026-09-24T06:08:22.000Z</time>
      </trkpt>
      <trkpt lat="39.46734485216438770294189453125" lon="8.394680209457874298095703125">
        <ele>87</ele>
        <time>2026-09-24T06:08:24.000Z</time>
      </trkpt>
      <trkpt lat="39.46751299314200878143310546875" lon="8.394657075405120849609375">
        <ele>88.40000152587890625</ele>
        <time>2026-09-24T06:08:30.000Z</time>
      </trkpt>
      <trkpt lat="39.46758742444217205047607421875" lon="8.394667804241180419921875">
        <ele>89.40000152587890625</ele>
        <time>2026-09-24T06:08:33.000Z</time>
      </trkpt>
      <trkpt lat="39.467773251235485076904296875" lon="8.39470275677740573883056640625">
        <ele>92</ele>
        <time>2026-09-24T06:08:40.000Z</time>
      </trkpt>
      <trkpt lat="39.46779973804950714111328125" lon="8.3947021700441837310791015625">
        <ele>92.1999969482421875</ele>
        <time>2026-09-24T06:08:41.000Z</time>
      </trkpt>
      <trkpt lat="39.46799009107053279876708984375" lon="8.39469370432198047637939453125">
        <ele>93.59999847412109375</ele>
        <time>2026-09-24T06:08:48.000Z</time>
      </trkpt>
      <trkpt lat="39.46804457344114780426025390625" lon="8.39470057748258113861083984375">
        <ele>94</ele>
        <time>2026-09-24T06:08:50.000Z</time>
      </trkpt>
      <trkpt lat="39.4682277180254459381103515625" lon="8.39473544619977474212646484375">
        <ele>94.8000030517578125</ele>
        <time>2026-09-24T06:08:57.000Z</time>
      </trkpt>
      <trkpt lat="39.468254037201404571533203125" lon="8.39473561383783817291259765625">
        <ele>94.8000030517578125</ele>
        <time>2026-09-24T06:08:58.000Z</time>
      </trkpt>
      <trkpt lat="39.46843584068119525909423828125" lon="8.39475958608090877532958984375">
        <ele>96.1999969482421875</ele>
        <time>2026-09-24T06:09:05.000Z</time>
      </trkpt>
      <trkpt lat="39.46848772466182708740234375" lon="8.39476545341312885284423828125">
        <ele>96.59999847412109375</ele>
        <time>2026-09-24T06:09:07.000Z</time>
      </trkpt>
      <trkpt lat="39.46866902522742748260498046875" lon="8.39478037320077419281005859375">
        <ele>98.40000152587890625</ele>
        <time>2026-09-24T06:09:14.000Z</time>
      </trkpt>
      <trkpt lat="39.468719400465488433837890625" lon="8.39476662687957286834716796875">
        <ele>98.8000030517578125</ele>
        <time>2026-09-24T06:09:16.000Z</time>
      </trkpt>
      <trkpt lat="39.4688848592340946197509765625" lon="8.39478322304785251617431640625">
        <ele>100.59999847412109375</ele>
        <time>2026-09-24T06:09:23.000Z</time>
      </trkpt>
      <trkpt lat="39.46895803324878215789794921875" lon="8.39477534405887126922607421875">
        <ele>101.1999969482421875</ele>
        <time>2026-09-24T06:09:28.000Z</time>
      </trkpt>
      <trkpt lat="39.469119049608707427978515625" lon="8.39480820111930370330810546875">
        <ele>103</ele>
        <time>2026-09-24T06:09:39.000Z</time>
      </trkpt>
      <trkpt lat="39.46925676427781581878662109375" lon="8.39478590525686740875244140625">
        <ele>104.8000030517578125</ele>
        <time>2026-09-24T06:09:47.000Z</time>
      </trkpt>
      <trkpt lat="39.46939758025109767913818359375" lon="8.3948037587106227874755859375">
        <ele>106.40000152587890625</ele>
        <time>2026-09-24T06:09:57.000Z</time>
      </trkpt>
      <trkpt lat="39.469568319618701934814453125" lon="8.39480602182447910308837890625">
        <ele>107.8000030517578125</ele>
        <time>2026-09-24T06:10:08.000Z</time>
      </trkpt>
      <trkpt lat="39.4697074592113494873046875" lon="8.39486368931829929351806640625">
        <ele>109.59999847412109375</ele>
        <time>2026-09-24T06:10:17.000Z</time>
      </trkpt>
      <trkpt lat="39.46978851221501827239990234375" lon="8.39496619999408721923828125">
        <ele>110.59999847412109375</ele>
        <time>2026-09-24T06:10:24.000Z</time>
      </trkpt>
      <trkpt lat="39.4699047692120075225830078125" lon="8.39509536512196063995361328125">
        <ele>112.1999969482421875</ele>
        <time>2026-09-24T06:10:34.000Z</time>
      </trkpt>
      <trkpt lat="39.4699647836387157440185546875" lon="8.39520097710192203521728515625">
        <ele>113.40000152587890625</ele>
        <time>2026-09-24T06:10:40.000Z</time>
      </trkpt>
      <trkpt lat="39.4699681363999843597412109375" lon="8.39521774090826511383056640625">
        <ele>113.59999847412109375</ele>
        <time>2026-09-24T06:10:41.000Z</time>
      </trkpt>
      <trkpt lat="39.47005572728812694549560546875" lon="8.39538303203880786895751953125">
        <ele>114.40000152587890625</ele>
        <time>2026-09-24T06:10:51.000Z</time>
      </trkpt>
      <trkpt lat="39.470110796391963958740234375" lon="8.39551814831793308258056640625">
        <ele>115</ele>
        <time>2026-09-24T06:10:58.000Z</time>
      </trkpt>
      <trkpt lat="39.47018665261566638946533203125" lon="8.39567438699305057525634765625">
        <ele>116.59999847412109375</ele>
        <time>2026-09-24T06:11:04.000Z</time>
      </trkpt>
      <trkpt lat="39.4702923484146595001220703125" lon="8.3957767300307750701904296875">
        <ele>117.8000030517578125</ele>
        <time>2026-09-24T06:11:09.000Z</time>
      </trkpt>
      <trkpt lat="39.4703134708106517791748046875" lon="8.39579726569354534149169921875">
        <ele>118</ele>
        <time>2026-09-24T06:11:10.000Z</time>
      </trkpt>
      <trkpt lat="39.470396451652050018310546875" lon="8.39589198119938373565673828125">
        <ele>119</ele>
        <time>2026-09-24T06:11:14.000Z</time>
      </trkpt>
      <trkpt lat="39.4704438932240009307861328125" lon="8.39596909470856189727783203125">
        <ele>119.8000030517578125</ele>
        <time>2026-09-24T06:11:17.000Z</time>
      </trkpt>
      <trkpt lat="39.47056668810546398162841796875" lon="8.39615349657833576202392578125">
        <ele>121.8000030517578125</ele>
        <time>2026-09-24T06:11:24.000Z</time>
      </trkpt>
      <trkpt lat="39.47061915881931781768798828125" lon="8.39622843079268932342529296875">
        <ele>122.59999847412109375</ele>
        <time>2026-09-24T06:11:27.000Z</time>
      </trkpt>
      <trkpt lat="39.47073248215019702911376953125" lon="8.39641769416630268096923828125">
        <ele>124.8000030517578125</ele>
        <time>2026-09-24T06:11:34.000Z</time>
      </trkpt>
      <trkpt lat="39.4707654230296611785888671875" lon="8.3964724279940128326416015625">
        <ele>125.40000152587890625</ele>
        <time>2026-09-24T06:11:36.000Z</time>
      </trkpt>
      <trkpt lat="39.470816217362880706787109375" lon="8.3965458534657955169677734375">
        <ele>126.40000152587890625</ele>
        <time>2026-09-24T06:11:39.000Z</time>
      </trkpt>
      <trkpt lat="39.47092794813215732574462890625" lon="8.39670754037797451019287109375">
        <ele>127.59999847412109375</ele>
        <time>2026-09-24T06:11:45.000Z</time>
      </trkpt>
      <trkpt lat="39.4710834324359893798828125" lon="8.396867550909519195556640625">
        <ele>127.59999847412109375</ele>
        <time>2026-09-24T06:11:52.000Z</time>
      </trkpt>
      <trkpt lat="39.4711531698703765869140625" lon="8.39693217538297176361083984375">
        <ele>128</ele>
        <time>2026-09-24T06:11:55.000Z</time>
      </trkpt>
      <trkpt lat="39.4712502323091030120849609375" lon="8.397002331912517547607421875">
        <ele>128.399993896484375</ele>
        <time>2026-09-24T06:11:59.000Z</time>
      </trkpt>
      <trkpt lat="39.4713467918336391448974609375" lon="8.3970615081489086151123046875">
        <ele>128.600006103515625</ele>
        <time>2026-09-24T06:12:03.000Z</time>
      </trkpt>
      <trkpt lat="39.471454583108425140380859375" lon="8.39706494472920894622802734375">
        <ele>129.600006103515625</ele>
        <time>2026-09-24T06:12:08.000Z</time>
      </trkpt>
      <trkpt lat="39.47154946625232696533203125" lon="8.39710584841668605804443359375">
        <ele>131.399993896484375</ele>
        <time>2026-09-24T06:12:15.000Z</time>
      </trkpt>
      <trkpt lat="39.471666812896728515625" lon="8.3971206843852996826171875">
        <ele>132.600006103515625</ele>
        <time>2026-09-24T06:12:23.000Z</time>
      </trkpt>
      <trkpt lat="39.47183470241725444793701171875" lon="8.397138118743896484375">
        <ele>133</ele>
        <time>2026-09-24T06:12:31.000Z</time>
      </trkpt>
      <trkpt lat="39.47197954170405864715576171875" lon="8.3971969597041606903076171875">
        <ele>134</ele>
        <time>2026-09-24T06:12:37.000Z</time>
      </trkpt>
      <trkpt lat="39.47216813452541828155517578125" lon="8.3972848020493984222412109375">
        <ele>136.1999969482421875</ele>
        <time>2026-09-24T06:12:45.000Z</time>
      </trkpt>
      <trkpt lat="39.47235907427966594696044921875" lon="8.39734858833253383636474609375">
        <ele>136.8000030517578125</ele>
        <time>2026-09-24T06:12:52.000Z</time>
      </trkpt>
      <trkpt lat="39.4723844714462757110595703125" lon="8.3973585627973079681396484375">
        <ele>137</ele>
        <time>2026-09-24T06:12:53.000Z</time>
      </trkpt>
      <trkpt lat="39.47257272899150848388671875" lon="8.3974209241569042205810546875">
        <ele>137</ele>
        <time>2026-09-24T06:13:01.000Z</time>
      </trkpt>
      <trkpt lat="39.4726872257888317108154296875" lon="8.397489823400974273681640625">
        <ele>137.1999969482421875</ele>
        <time>2026-09-24T06:13:08.000Z</time>
      </trkpt>
      <trkpt lat="39.4727918319404125213623046875" lon="8.3976019732654094696044921875">
        <ele>138.1999969482421875</ele>
        <time>2026-09-24T06:13:14.000Z</time>
      </trkpt>
      <trkpt lat="39.4729380123317241668701171875" lon="8.39775569736957550048828125">
        <ele>139.1999969482421875</ele>
        <time>2026-09-24T06:13:21.000Z</time>
      </trkpt>
      <trkpt lat="39.47300213389098644256591796875" lon="8.39781512506306171417236328125">
        <ele>139</ele>
        <time>2026-09-24T06:13:24.000Z</time>
      </trkpt>
      <trkpt lat="39.473166503012180328369140625" lon="8.397903554141521453857421875">
        <ele>137.8000030517578125</ele>
        <time>2026-09-24T06:13:31.000Z</time>
      </trkpt>
      <trkpt lat="39.4733732007443904876708984375" lon="8.3979556895792484283447265625">
        <ele>136.399993896484375</ele>
        <time>2026-09-24T06:13:37.000Z</time>
      </trkpt>
      <trkpt lat="39.473455511033535003662109375" lon="8.39797521941363811492919921875">
        <ele>136.1999969482421875</ele>
        <time>2026-09-24T06:13:39.000Z</time>
      </trkpt>
      <trkpt lat="39.47365927509963512420654296875" lon="8.39804277755320072174072265625">
        <ele>136.8000030517578125</ele>
        <time>2026-09-24T06:13:45.000Z</time>
      </trkpt>
      <trkpt lat="39.473761953413486480712890625" lon="8.39808535762131214141845703125">
        <ele>138.1999969482421875</ele>
        <time>2026-09-24T06:13:51.000Z</time>
      </trkpt>
      <trkpt lat="39.4737728498876094818115234375" lon="8.3980931527912616729736328125">
        <ele>138.1999969482421875</ele>
        <time>2026-09-24T06:13:52.000Z</time>
      </trkpt>
      <trkpt lat="39.47382221929728984832763671875" lon="8.3981102518737316131591796875">
        <ele>139</ele>
        <time>2026-09-24T06:13:56.000Z</time>
      </trkpt>
      <trkpt lat="39.47393395006656646728515625" lon="8.39811419136822223663330078125">
        <ele>140.600006103515625</ele>
        <time>2026-09-24T06:14:03.000Z</time>
      </trkpt>
      <trkpt lat="39.47395138442516326904296875" lon="8.39811553247272968292236328125">
        <ele>140.8000030517578125</ele>
        <time>2026-09-24T06:14:04.000Z</time>
      </trkpt>
      <trkpt lat="39.474081136286258697509765625" lon="8.39811167679727077484130859375">
        <ele>142.8000030517578125</ele>
        <time>2026-09-24T06:14:14.000Z</time>
      </trkpt>
      <trkpt lat="39.47424215264618396759033203125" lon="8.39810983277857303619384765625">
        <ele>144.8000030517578125</ele>
        <time>2026-09-24T06:14:24.000Z</time>
      </trkpt>
      <trkpt lat="39.4744393788278102874755859375" lon="8.3980948291718959808349609375">
        <ele>145.1999969482421875</ele>
        <time>2026-09-24T06:14:36.000Z</time>
      </trkpt>
      <trkpt lat="39.47448723949491977691650390625" lon="8.3981025405228137969970703125">
        <ele>145.1999969482421875</ele>
        <time>2026-09-24T06:14:39.000Z</time>
      </trkpt>
      <trkpt lat="39.4746365211904048919677734375" lon="8.3981524966657161712646484375">
        <ele>145.8000030517578125</ele>
        <time>2026-09-24T06:14:49.000Z</time>
      </trkpt>
      <trkpt lat="39.4747277162969112396240234375" lon="8.39830286800861358642578125">
        <ele>147.8000030517578125</ele>
        <time>2026-09-24T06:14:58.000Z</time>
      </trkpt>
      <trkpt lat="39.4748252816498279571533203125" lon="8.39847679249942302703857421875">
        <ele>148.399993896484375</ele>
        <time>2026-09-24T06:15:04.000Z</time>
      </trkpt>
      <trkpt lat="39.47490683756768703460693359375" lon="8.39871601201593875885009765625">
        <ele>149.600006103515625</ele>
        <time>2026-09-24T06:15:11.000Z</time>
      </trkpt>
      <trkpt lat="39.4749144650995731353759765625" lon="8.3987761102616786956787109375">
        <ele>149.8000030517578125</ele>
        <time>2026-09-24T06:15:13.000Z</time>
      </trkpt>
      <trkpt lat="39.474934749305248260498046875" lon="8.3989620208740234375">
        <ele>150.600006103515625</ele>
        <time>2026-09-24T06:15:18.000Z</time>
      </trkpt>
      <trkpt lat="39.47494489140808582305908203125" lon="8.39912270195782184600830078125">
        <ele>151.600006103515625</ele>
        <time>2026-09-24T06:15:22.000Z</time>
      </trkpt>
      <trkpt lat="39.474951513111591339111328125" lon="8.39919872581958770751953125">
        <ele>152.1999969482421875</ele>
        <time>2026-09-24T06:15:24.000Z</time>
      </trkpt>
      <trkpt lat="39.4750053249299526214599609375" lon="8.39928497560322284698486328125">
        <ele>152.399993896484375</ele>
        <time>2026-09-24T06:15:27.000Z</time>
      </trkpt>
      <trkpt lat="39.4751166366040706634521484375" lon="8.39944741688668727874755859375">
        <ele>153</ele>
        <time>2026-09-24T06:15:34.000Z</time>
      </trkpt>
      <trkpt lat="39.47513759136199951171875" lon="8.39946736581623554229736328125">
        <ele>153</ele>
        <time>2026-09-24T06:15:35.000Z</time>
      </trkpt>
      <trkpt lat="39.4751800037920475006103515625" lon="8.399490751326084136962890625">
        <ele>152.8000030517578125</ele>
        <time>2026-09-24T06:15:38.000Z</time>
      </trkpt>
      <trkpt lat="39.47523121722042560577392578125" lon="8.39950541965663433074951171875">
        <ele>152.399993896484375</ele>
        <time>2026-09-24T06:15:41.000Z</time>
      </trkpt>
      <trkpt lat="39.475278742611408233642578125" lon="8.39951078407466411590576171875">
        <ele>152</ele>
        <time>2026-09-24T06:15:44.000Z</time>
      </trkpt>
      <trkpt lat="39.47529206983745098114013671875" lon="8.3995105326175689697265625">
        <ele>152</ele>
        <time>2026-09-24T06:15:45.000Z</time>
      </trkpt>
      <trkpt lat="39.47539583779871463775634765625" lon="8.399562835693359375">
        <ele>152.600006103515625</ele>
        <time>2026-09-24T06:15:53.000Z</time>
      </trkpt>
      <trkpt lat="39.4755256734788417816162109375" lon="8.39967171661555767059326171875">
        <ele>153.8000030517578125</ele>
        <time>2026-09-24T06:16:04.000Z</time>
      </trkpt>
      <trkpt lat="39.4756349734961986541748046875" lon="8.39980817399919033050537109375">
        <ele>156.600006103515625</ele>
        <time>2026-09-24T06:16:13.000Z</time>
      </trkpt>
      <trkpt lat="39.4756700098514556884765625" lon="8.3999066613614559173583984375">
        <ele>158.600006103515625</ele>
        <time>2026-09-24T06:16:20.000Z</time>
      </trkpt>
      <trkpt lat="39.475778304040431976318359375" lon="8.39999157004058361053466796875">
        <ele>161</ele>
        <time>2026-09-24T06:16:28.000Z</time>
      </trkpt>
      <trkpt lat="39.475895650684833526611328125" lon="8.40007773600518703460693359375">
        <ele>163.1999969482421875</ele>
        <time>2026-09-24T06:16:37.000Z</time>
      </trkpt>
      <trkpt lat="39.47604484856128692626953125" lon="8.40016700327396392822265625">
        <ele>165.1999969482421875</ele>
        <time>2026-09-24T06:16:47.000Z</time>
      </trkpt>
      <trkpt lat="39.47617761790752410888671875" lon="8.400229699909687042236328125">
        <ele>166.600006103515625</ele>
        <time>2026-09-24T06:16:56.000Z</time>
      </trkpt>
      <trkpt lat="39.47631415911018848419189453125" lon="8.4003277681767940521240234375">
        <ele>168.600006103515625</ele>
        <time>2026-09-24T06:17:06.000Z</time>
      </trkpt>
      <trkpt lat="39.4764476828277111053466796875" lon="8.40040463022887706756591796875">
        <ele>170.600006103515625</ele>
        <time>2026-09-24T06:17:13.000Z</time>
      </trkpt>
      <trkpt lat="39.47664826177060604095458984375" lon="8.4004196338355541229248046875">
        <ele>171.600006103515625</ele>
        <time>2026-09-24T06:17:20.000Z</time>
      </trkpt>
      <trkpt lat="39.47671866975724697113037109375" lon="8.40042575262486934661865234375">
        <ele>172.600006103515625</ele>
        <time>2026-09-24T06:17:24.000Z</time>
      </trkpt>
      <trkpt lat="39.4767313264310359954833984375" lon="8.4004280157387256622314453125">
        <ele>172.8000030517578125</ele>
        <time>2026-09-24T06:17:25.000Z</time>
      </trkpt>
      <trkpt lat="39.47682562284171581268310546875" lon="8.40043262578547000885009765625">
        <ele>174.399993896484375</ele>
        <time>2026-09-24T06:17:33.000Z</time>
      </trkpt>
      <trkpt lat="39.47693324647843837738037109375" lon="8.4004166163504123687744140625">
        <ele>175.1999969482421875</ele>
        <time>2026-09-24T06:17:42.000Z</time>
      </trkpt>
      <trkpt lat="39.47694581933319568634033203125" lon="8.4004152752459049224853515625">
        <ele>175.1999969482421875</ele>
        <time>2026-09-24T06:17:43.000Z</time>
      </trkpt>
      <trkpt lat="39.4770997948944568634033203125" lon="8.40040479786694049835205078125">
        <ele>175</ele>
        <time>2026-09-24T06:17:55.000Z</time>
      </trkpt>
      <trkpt lat="39.47724957950413227081298828125" lon="8.40040999464690685272216796875">
        <ele>175.600006103515625</ele>
        <time>2026-09-24T06:18:06.000Z</time>
      </trkpt>
      <trkpt lat="39.47727807797491550445556640625" lon="8.4004192985594272613525390625">
        <ele>175.8000030517578125</ele>
        <time>2026-09-24T06:18:08.000Z</time>
      </trkpt>
      <trkpt lat="39.47741067968308925628662109375" lon="8.4004350565373897552490234375">
        <ele>176.600006103515625</ele>
        <time>2026-09-24T06:18:17.000Z</time>
      </trkpt>
      <trkpt lat="39.47756943292915821075439453125" lon="8.40047235600650310516357421875">
        <ele>178.1999969482421875</ele>
        <time>2026-09-24T06:18:26.000Z</time>
      </trkpt>
      <trkpt lat="39.47773774154484272003173828125" lon="8.4004893712699413299560546875">
        <ele>180.600006103515625</ele>
        <time>2026-09-24T06:18:38.000Z</time>
      </trkpt>
      <trkpt lat="39.47788123972713947296142578125" lon="8.40053672902286052703857421875">
        <ele>184.600006103515625</ele>
        <time>2026-09-24T06:18:48.000Z</time>
      </trkpt>
      <trkpt lat="39.47802339680492877960205078125" lon="8.40057126246392726898193359375">
        <ele>188.600006103515625</ele>
        <time>2026-09-24T06:18:57.000Z</time>
      </trkpt>
      <trkpt lat="39.47816672734916210174560546875" lon="8.40056757442653179168701171875">
        <ele>191.1999969482421875</ele>
        <time>2026-09-24T06:19:07.000Z</time>
      </trkpt>
      <trkpt lat="39.47829731740057468414306640625" lon="8.40057813562452793121337890625">
        <ele>193.8000030517578125</ele>
        <time>2026-09-24T06:19:17.000Z</time>
      </trkpt>
      <trkpt lat="39.4784489460289478302001953125" lon="8.40057109482586383819580078125">
        <ele>196</ele>
        <time>2026-09-24T06:19:27.000Z</time>
      </trkpt>
      <trkpt lat="39.47856788523495197296142578125" lon="8.40054921805858612060546875">
        <ele>197.8000030517578125</ele>
        <time>2026-09-24T06:19:34.000Z</time>
      </trkpt>
      <trkpt lat="39.478675760328769683837890625" lon="8.4005646407604217529296875">
        <ele>199.1999969482421875</ele>
        <time>2026-09-24T06:19:42.000Z</time>
      </trkpt>
      <trkpt lat="39.47878413833677768707275390625" lon="8.40065625496208667755126953125">
        <ele>201.399993896484375</ele>
        <time>2026-09-24T06:19:51.000Z</time>
      </trkpt>
      <trkpt lat="39.478880278766155242919921875" lon="8.4007014334201812744140625">
        <ele>202.8000030517578125</ele>
        <time>2026-09-24T06:19:59.000Z</time>
      </trkpt>
      <trkpt lat="39.4789766706526279449462890625" lon="8.40070956386625766754150390625">
        <ele>202.1999969482421875</ele>
        <time>2026-09-24T06:20:07.000Z</time>
      </trkpt>
      <trkpt lat="39.47899955324828624725341796875" lon="8.40072884224355220794677734375">
        <ele>202.399993896484375</ele>
        <time>2026-09-24T06:20:10.000Z</time>
      </trkpt>
      <trkpt lat="39.47899821214377880096435546875" lon="8.40072766877710819244384765625">
        <ele>202.399993896484375</ele>
        <time>2026-09-24T06:20:13.000Z</time>
      </trkpt>
      <trkpt lat="39.47898563928902149200439453125" lon="8.40069950558245182037353515625">
        <ele>202.1999969482421875</ele>
        <time>2026-09-24T06:20:15.000Z</time>
      </trkpt>
      <trkpt lat="39.478980191051959991455078125" lon="8.4006114117801189422607421875">
        <ele>201.399993896484375</ele>
        <time>2026-09-24T06:20:18.000Z</time>
      </trkpt>
      <trkpt lat="39.47904146276414394378662109375" lon="8.4004689194262027740478515625">
        <ele>200.399993896484375</ele>
        <time>2026-09-24T06:20:23.000Z</time>
      </trkpt>
      <trkpt lat="39.479124359786510467529296875" lon="8.40027739293873310089111328125">
        <ele>199.8000030517578125</ele>
        <time>2026-09-24T06:20:29.000Z</time>
      </trkpt>
      <trkpt lat="39.47913215495645999908447265625" lon="8.4002499841153621673583984375">
        <ele>199.8000030517578125</ele>
        <time>2026-09-24T06:20:30.000Z</time>
      </trkpt>
      <trkpt lat="39.47913852520287036895751953125" lon="8.4001463837921619415283203125">
        <ele>199</ele>
        <time>2026-09-24T06:20:33.000Z</time>
      </trkpt>
      <trkpt lat="39.47919434867799282073974609375" lon="8.400021158158779144287109375">
        <ele>198</ele>
        <time>2026-09-24T06:20:37.000Z</time>
      </trkpt>
      <trkpt lat="39.47920742444694042205810546875" lon="8.3999908156692981719970703125">
        <ele>198</ele>
        <time>2026-09-24T06:20:38.000Z</time>
      </trkpt>
      <trkpt lat="39.47925838641822338104248046875" lon="8.3998181484639644622802734375">
        <ele>197.399993896484375</ele>
        <time>2026-09-24T06:20:43.000Z</time>
      </trkpt>
      <trkpt lat="39.47933298535645008087158203125" lon="8.39976006187498569488525390625">
        <ele>198</ele>
        <time>2026-09-24T06:20:46.000Z</time>
      </trkpt>
      <trkpt lat="39.47935947217047214508056640625" lon="8.39975419454276561737060546875">
        <ele>198.1999969482421875</ele>
        <time>2026-09-24T06:20:47.000Z</time>
      </trkpt>
      <trkpt lat="39.4793984480202198028564453125" lon="8.39971999637782573699951171875">
        <ele>198.600006103515625</ele>
        <time>2026-09-24T06:20:49.000Z</time>
      </trkpt>
      <trkpt lat="39.47942233644425868988037109375" lon="8.39966517873108386993408203125">
        <ele>199</ele>
        <time>2026-09-24T06:20:51.000Z</time>
      </trkpt>
      <trkpt lat="39.4794936664402484893798828125" lon="8.39949770830571651458740234375">
        <ele>200.399993896484375</ele>
        <time>2026-09-24T06:20:57.000Z</time>
      </trkpt>
      <trkpt lat="39.47957287542521953582763671875" lon="8.3993759192526340484619140625">
        <ele>199.8000030517578125</ele>
        <time>2026-09-24T06:21:02.000Z</time>
      </trkpt>
      <trkpt lat="39.47958930395543575286865234375" lon="8.3993490971624851226806640625">
        <ele>199.399993896484375</ele>
        <time>2026-09-24T06:21:03.000Z</time>
      </trkpt>
      <trkpt lat="39.47968862950801849365234375" lon="8.39920585043728351593017578125">
        <ele>196.399993896484375</ele>
        <time>2026-09-24T06:21:10.000Z</time>
      </trkpt>
      <trkpt lat="39.47972542606294155120849609375" lon="8.39917986653745174407958984375">
        <ele>195.399993896484375</ele>
        <time>2026-09-24T06:21:14.000Z</time>
      </trkpt>
      <trkpt lat="39.4797250069677829742431640625" lon="8.39918154291808605194091796875">
        <ele>195.399993896484375</ele>
        <time>2026-09-24T06:21:16.000Z</time>
      </trkpt>
      <trkpt lat="39.4797250069677829742431640625" lon="8.39918196201324462890625">
        <ele>195.399993896484375</ele>
        <time>2026-09-24T06:21:17.000Z</time>
      </trkpt>
      <trkpt lat="39.479722492396831512451171875" lon="8.3991841413080692291259765625">
        <ele>195.600006103515625</ele>
        <time>2026-09-24T06:21:19.000Z</time>
      </trkpt>
      <trkpt lat="39.47969759814441204071044921875" lon="8.399198055267333984375">
        <ele>196.1999969482421875</ele>
        <time>2026-09-24T06:21:22.000Z</time>
      </trkpt>
      <trkpt lat="39.4796653278172016143798828125" lon="8.39923501946032047271728515625">
        <ele>197.1999969482421875</ele>
        <time>2026-09-24T06:21:24.000Z</time>
      </trkpt>
      <trkpt lat="39.47955661453306674957275390625" lon="8.39941975660622119903564453125">
        <ele>200.1999969482421875</ele>
        <time>2026-09-24T06:21:31.000Z</time>
      </trkpt>
      <trkpt lat="39.479540102183818817138671875" lon="8.39943786151707172393798828125">
        <ele>200.1999969482421875</ele>
        <time>2026-09-24T06:21:33.000Z</time>
      </trkpt>
      <trkpt lat="39.4795362465083599090576171875" lon="8.39944087900221347808837890625">
        <ele>200.1999969482421875</ele>
        <time>2026-09-24T06:21:34.000Z</time>
      </trkpt>
      <trkpt lat="39.479532055556774139404296875" lon="8.39944708161056041717529296875">
        <ele>200.399993896484375</ele>
        <time>2026-09-24T06:21:35.000Z</time>
      </trkpt>
      <trkpt lat="39.4795023836195468902587890625" lon="8.3995076827704906463623046875">
        <ele>200.399993896484375</ele>
        <time>2026-09-24T06:21:38.000Z</time>
      </trkpt>
      <trkpt lat="39.4794906489551067352294921875" lon="8.39953894726932048797607421875">
        <ele>200.1999969482421875</ele>
        <time>2026-09-24T06:21:39.000Z</time>
      </trkpt>
      <trkpt lat="39.47944312356412410736083984375" lon="8.3996205031871795654296875">
        <ele>199.600006103515625</ele>
        <time>2026-09-24T06:21:42.000Z</time>
      </trkpt>
      <trkpt lat="39.4794148765504360198974609375" lon="8.39969702996313571929931640625">
        <ele>198.8000030517578125</ele>
        <time>2026-09-24T06:21:44.000Z</time>
      </trkpt>
      <trkpt lat="39.47930884547531604766845703125" lon="8.39979157783091068267822265625">
        <ele>197.8000030517578125</ele>
        <time>2026-09-24T06:21:49.000Z</time>
      </trkpt>
      <trkpt lat="39.479233659803867340087890625" lon="8.3998761512339115142822265625">
        <ele>197.600006103515625</ele>
        <time>2026-09-24T06:21:53.000Z</time>
      </trkpt>
      <trkpt lat="39.479192756116390228271484375" lon="8.40003783814609050750732421875">
        <ele>198.1999969482421875</ele>
        <time>2026-09-24T06:21:59.000Z</time>
      </trkpt>
      <trkpt lat="39.4791246950626373291015625" lon="8.40018133632838726043701171875">
        <ele>199.1999969482421875</ele>
        <time>2026-09-24T06:22:05.000Z</time>
      </trkpt>
      <trkpt lat="39.4791188277304172515869140625" lon="8.40022332966327667236328125">
        <ele>199.600006103515625</ele>
        <time>2026-09-24T06:22:06.000Z</time>
      </trkpt>
      <trkpt lat="39.4790785945951938629150390625" lon="8.40038049034774303436279296875">
        <ele>199.8000030517578125</ele>
        <time>2026-09-24T06:22:11.000Z</time>
      </trkpt>
      <trkpt lat="39.47900542058050632476806640625" lon="8.40056120418012142181396484375">
        <ele>201.1999969482421875</ele>
        <time>2026-09-24T06:22:17.000Z</time>
      </trkpt>
      <trkpt lat="39.47897843085229396820068359375" lon="8.4006167761981487274169921875">
        <ele>201.399993896484375</ele>
        <time>2026-09-24T06:22:19.000Z</time>
      </trkpt>
      <trkpt lat="39.47886980138719081878662109375" lon="8.4007046185433864593505859375">
        <ele>202.8000030517578125</ele>
        <time>2026-09-24T06:22:24.000Z</time>
      </trkpt>
      <trkpt lat="39.47872160933911800384521484375" lon="8.40063781477510929107666015625">
        <ele>200.399993896484375</ele>
        <time>2026-09-24T06:22:30.000Z</time>
      </trkpt>
      <trkpt lat="39.47859671898186206817626953125" lon="8.40055726468563079833984375">
        <ele>198.399993896484375</ele>
        <time>2026-09-24T06:22:35.000Z</time>
      </trkpt>
      <trkpt lat="39.4785317592322826385498046875" lon="8.4005577675998210906982421875">
        <ele>197.1999969482421875</ele>
        <time>2026-09-24T06:22:37.000Z</time>
      </trkpt>
      <trkpt lat="39.4783600978553295135498046875" lon="8.40058249421417713165283203125">
        <ele>194.8000030517578125</ele>
        <time>2026-09-24T06:22:43.000Z</time>
      </trkpt>
      <trkpt lat="39.47822816669940948486328125" lon="8.40056958608329296112060546875">
        <ele>192.1999969482421875</ele>
        <time>2026-09-24T06:22:48.000Z</time>
      </trkpt>
      <trkpt lat="39.47816488333046436309814453125" lon="8.4005606174468994140625">
        <ele>191</ele>
        <time>2026-09-24T06:22:50.000Z</time>
      </trkpt>
      <trkpt lat="39.47796857915818691253662109375" lon="8.40056589804589748382568359375">
        <ele>187.1999969482421875</ele>
        <time>2026-09-24T06:22:57.000Z</time>
      </trkpt>
      <trkpt lat="39.47793941013514995574951171875" lon="8.4005591087043285369873046875">
        <ele>186.399993896484375</ele>
        <time>2026-09-24T06:22:58.000Z</time>
      </trkpt>
      <trkpt lat="39.47780244983732700347900390625" lon="8.4005161933600902557373046875">
        <ele>182.399993896484375</ele>
        <time>2026-09-24T06:23:03.000Z</time>
      </trkpt>
      <trkpt lat="39.47774897329509258270263671875" lon="8.40050957165658473968505859375">
        <ele>181.1999969482421875</ele>
        <time>2026-09-24T06:23:05.000Z</time>
      </trkpt>
      <trkpt lat="39.47771988809108734130859375" lon="8.40050638653337955474853515625">
        <ele>180.8000030517578125</ele>
        <time>2026-09-24T06:23:06.000Z</time>
      </trkpt>
      <trkpt lat="39.47752232663333415985107421875" lon="8.40048543177545070648193359375">
        <ele>178</ele>
        <time>2026-09-24T06:23:13.000Z</time>
      </trkpt>
      <trkpt lat="39.4773546047508716583251953125" lon="8.4004608727991580963134765625">
        <ele>177</ele>
        <time>2026-09-24T06:23:19.000Z</time>
      </trkpt>
      <trkpt lat="39.47721336968243122100830078125" lon="8.40044084005057811737060546875">
        <ele>176.1999969482421875</ele>
        <time>2026-09-24T06:23:24.000Z</time>
      </trkpt>
      <trkpt lat="39.47703936137259006500244140625" lon="8.40042583644390106201171875">
        <ele>175.399993896484375</ele>
        <time>2026-09-24T06:23:30.000Z</time>
      </trkpt>
      <trkpt lat="39.47690986096858978271484375" lon="8.400434888899326324462890625">
        <ele>175.399993896484375</ele>
        <time>2026-09-24T06:23:34.000Z</time>
      </trkpt>
      <trkpt lat="39.47672235779464244842529296875" lon="8.4004420973360538482666015625">
        <ele>173</ele>
        <time>2026-09-24T06:23:40.000Z</time>
      </trkpt>
      <trkpt lat="39.47666100226342678070068359375" lon="8.400432877242565155029296875">
        <ele>172</ele>
        <time>2026-09-24T06:23:42.000Z</time>
      </trkpt>
      <trkpt lat="39.47647743858397006988525390625" lon="8.4004179574549198150634765625">
        <ele>171</ele>
        <time>2026-09-24T06:23:48.000Z</time>
      </trkpt>
      <trkpt lat="39.476313404738903045654296875" lon="8.400357775390148162841796875">
        <ele>169.399993896484375</ele>
        <time>2026-09-24T06:23:54.000Z</time>
      </trkpt>
      <trkpt lat="39.4762190245091915130615234375" lon="8.40027454309165477752685546875">
        <ele>167.600006103515625</ele>
        <time>2026-09-24T06:23:58.000Z</time>
      </trkpt>
      <trkpt lat="39.47614249773323535919189453125" lon="8.400224335491657257080078125">
        <ele>166.600006103515625</ele>
        <time>2026-09-24T06:24:01.000Z</time>
      </trkpt>
      <trkpt lat="39.476116262376308441162109375" lon="8.40021318756043910980224609375">
        <ele>166.399993896484375</ele>
        <time>2026-09-24T06:24:02.000Z</time>
      </trkpt>
      <trkpt lat="39.475943259894847869873046875" lon="8.4001349844038486480712890625">
        <ele>164.600006103515625</ele>
        <time>2026-09-24T06:24:08.000Z</time>
      </trkpt>
      <trkpt lat="39.47592121548950672149658203125" lon="8.40011947788298130035400390625">
        <ele>164.1999969482421875</ele>
        <time>2026-09-24T06:24:09.000Z</time>
      </trkpt>
      <trkpt lat="39.47575827129185199737548828125" lon="8.40000112541019916534423828125">
        <ele>161.1999969482421875</ele>
        <time>2026-09-24T06:24:15.000Z</time>
      </trkpt>
      <trkpt lat="39.4757094047963619232177734375" lon="8.399961479008197784423828125">
        <ele>160</ele>
        <time>2026-09-24T06:24:17.000Z</time>
      </trkpt>
      <trkpt lat="39.47558728046715259552001953125" lon="8.39975436218082904815673828125">
        <ele>155.399993896484375</ele>
        <time>2026-09-24T06:24:24.000Z</time>
      </trkpt>
      <trkpt lat="39.475453086197376251220703125" lon="8.3996153064072132110595703125">
        <ele>153.1999969482421875</ele>
        <time>2026-09-24T06:24:30.000Z</time>
      </trkpt>
      <trkpt lat="39.47528838180005550384521484375" lon="8.39950592257082462310791015625">
        <ele>152</ele>
        <time>2026-09-24T06:24:36.000Z</time>
      </trkpt>
      <trkpt lat="39.4751095958054065704345703125" lon="8.39945127256214618682861328125">
        <ele>153.1999969482421875</ele>
        <time>2026-09-24T06:24:42.000Z</time>
      </trkpt>
      <trkpt lat="39.4750086776912212371826171875" lon="8.3993093669414520263671875">
        <ele>152.600006103515625</ele>
        <time>2026-09-24T06:24:47.000Z</time>
      </trkpt>
      <trkpt lat="39.47489292360842227935791015625" lon="8.39913577772676944732666015625">
        <ele>152.399993896484375</ele>
        <time>2026-09-24T06:24:53.000Z</time>
      </trkpt>
      <trkpt lat="39.47487431578338146209716796875" lon="8.39889555238187313079833984375">
        <ele>151</ele>
        <time>2026-09-24T06:24:59.000Z</time>
      </trkpt>
      <trkpt lat="39.4748412072658538818359375" lon="8.3986346237361431121826171875">
        <ele>150.1999969482421875</ele>
        <time>2026-09-24T06:25:06.000Z</time>
      </trkpt>
      <trkpt lat="39.47482352145016193389892578125" lon="8.398565389215946197509765625">
        <ele>149.8000030517578125</ele>
        <time>2026-09-24T06:25:08.000Z</time>
      </trkpt>
      <trkpt lat="39.4747273810207843780517578125" lon="8.398340083658695220947265625">
        <ele>148.1999969482421875</ele>
        <time>2026-09-24T06:25:15.000Z</time>
      </trkpt>
      <trkpt lat="39.47469293139874935150146484375" lon="8.39828099124133586883544921875">
        <ele>147.600006103515625</ele>
        <time>2026-09-24T06:25:17.000Z</time>
      </trkpt>
      <trkpt lat="39.47455446235835552215576171875" lon="8.39811720885336399078369140625">
        <ele>145.1999969482421875</ele>
        <time>2026-09-24T06:25:24.000Z</time>
      </trkpt>
      <trkpt lat="39.47450081817805767059326171875" lon="8.398106396198272705078125">
        <ele>145.1999969482421875</ele>
        <time>2026-09-24T06:25:26.000Z</time>
      </trkpt>
      <trkpt lat="39.47438984178006649017333984375" lon="8.39810295961797237396240234375">
        <ele>145.1999969482421875</ele>
        <time>2026-09-24T06:25:30.000Z</time>
      </trkpt>
      <trkpt lat="39.47421692311763763427734375" lon="8.39811419136822223663330078125">
        <ele>144.600006103515625</ele>
        <time>2026-09-24T06:25:36.000Z</time>
      </trkpt>
      <trkpt lat="39.47405138052999973297119140625" lon="8.3981233276426792144775390625">
        <ele>142.399993896484375</ele>
        <time>2026-09-24T06:25:42.000Z</time>
      </trkpt>
      <trkpt lat="39.47384049184620380401611328125" lon="8.39812391437590122222900390625">
        <ele>139.1999969482421875</ele>
        <time>2026-09-24T06:25:49.000Z</time>
      </trkpt>
      <trkpt lat="39.47366463951766490936279296875" lon="8.39807194657623767852783203125">
        <ele>137</ele>
        <time>2026-09-24T06:25:54.000Z</time>
      </trkpt>
      <trkpt lat="39.47362591512501239776611328125" lon="8.39805887080729007720947265625">
        <ele>136.600006103515625</ele>
        <time>2026-09-24T06:25:55.000Z</time>
      </trkpt>
      <trkpt lat="39.47341871447861194610595703125" lon="8.39799198321998119354248046875">
        <ele>136.399993896484375</ele>
        <time>2026-09-24T06:26:01.000Z</time>
      </trkpt>
      <trkpt lat="39.473349563777446746826171875" lon="8.3979691006243228912353515625">
        <ele>136.399993896484375</ele>
        <time>2026-09-24T06:26:03.000Z</time>
      </trkpt>
      <trkpt lat="39.4731589592993259429931640625" lon="8.39792191050946712493896484375">
        <ele>138</ele>
        <time>2026-09-24T06:26:09.000Z</time>
      </trkpt>
      <trkpt lat="39.47312937118113040924072265625" lon="8.3979127742350101470947265625">
        <ele>138.1999969482421875</ele>
        <time>2026-09-24T06:26:10.000Z</time>
      </trkpt>
      <trkpt lat="39.473039768636226654052734375" lon="8.39787212200462818145751953125">
        <ele>139</ele>
        <time>2026-09-24T06:26:13.000Z</time>
      </trkpt>
      <trkpt lat="39.47296290658414363861083984375" lon="8.39781579561531543731689453125">
        <ele>139.399993896484375</ele>
        <time>2026-09-24T06:26:16.000Z</time>
      </trkpt>
      <trkpt lat="39.4728139601647853851318359375" lon="8.397678248584270477294921875">
        <ele>139.1999969482421875</ele>
        <time>2026-09-24T06:26:22.000Z</time>
      </trkpt>
      <trkpt lat="39.47274900041520595550537109375" lon="8.397598452866077423095703125">
        <ele>138.600006103515625</ele>
        <time>2026-09-24T06:26:25.000Z</time>
      </trkpt>
      <trkpt lat="39.4726793467998504638671875" lon="8.39751773513853549957275390625">
        <ele>137.8000030517578125</ele>
        <time>2026-09-24T06:26:28.000Z</time>
      </trkpt>
      <trkpt lat="39.4726007245481014251708984375" lon="8.3974544517695903778076171875">
        <ele>137.399993896484375</ele>
        <time>2026-09-24T06:26:31.000Z</time>
      </trkpt>
      <trkpt lat="39.47254247032105922698974609375" lon="8.3974299766123294830322265625">
        <ele>137.600006103515625</ele>
        <time>2026-09-24T06:26:33.000Z</time>
      </trkpt>
      <trkpt lat="39.47232655249536037445068359375" lon="8.3973645977675914764404296875">
        <ele>137.399993896484375</ele>
        <time>2026-09-24T06:26:40.000Z</time>
      </trkpt>
      <trkpt lat="39.472294785082340240478515625" lon="8.3973498456180095672607421875">
        <ele>137.399993896484375</ele>
        <time>2026-09-24T06:26:41.000Z</time>
      </trkpt>
      <trkpt lat="39.47210325859487056732177734375" lon="8.39727298356592655181884765625">
        <ele>136</ele>
        <time>2026-09-24T06:26:48.000Z</time>
      </trkpt>
      <trkpt lat="39.4720434956252574920654296875" lon="8.39725412428379058837890625">
        <ele>135.600006103515625</ele>
        <time>2026-09-24T06:26:50.000Z</time>
      </trkpt>
      <trkpt lat="39.4718825630843639373779296875" lon="8.39715622365474700927734375">
        <ele>133.399993896484375</ele>
        <time>2026-09-24T06:26:56.000Z</time>
      </trkpt>
      <trkpt lat="39.4716820679605007171630859375" lon="8.39711062610149383544921875">
        <ele>132.600006103515625</ele>
        <time>2026-09-24T06:27:03.000Z</time>
      </trkpt>
      <trkpt lat="39.47150311432778835296630859375" lon="8.39708958752453327178955078125">
        <ele>130.600006103515625</ele>
        <time>2026-09-24T06:27:09.000Z</time>
      </trkpt>
      <trkpt lat="39.47147528640925884246826171875" lon="8.3970762602984905242919921875">
        <ele>130</ele>
        <time>2026-09-24T06:27:10.000Z</time>
      </trkpt>
      <trkpt lat="39.47134452871978282928466796875" lon="8.3970536291599273681640625">
        <ele>128.600006103515625</ele>
        <time>2026-09-24T06:27:14.000Z</time>
      </trkpt>
      <trkpt lat="39.47127613238990306854248046875" lon="8.39703141711652278900146484375">
        <ele>128.600006103515625</ele>
        <time>2026-09-24T06:27:16.000Z</time>
      </trkpt>
      <trkpt lat="39.4711156189441680908203125" lon="8.39692421257495880126953125">
        <ele>128</ele>
        <time>2026-09-24T06:27:22.000Z</time>
      </trkpt>
      <trkpt lat="39.47109206579625606536865234375" lon="8.39690166525542736053466796875">
        <ele>128</ele>
        <time>2026-09-24T06:27:23.000Z</time>
      </trkpt>
      <trkpt lat="39.4709447957575321197509765625" lon="8.39676118455827236175537109375">
        <ele>128</ele>
        <time>2026-09-24T06:27:29.000Z</time>
      </trkpt>
      <trkpt lat="39.47086307220160961151123046875" lon="8.39665741659700870513916015625">
        <ele>127.8000030517578125</ele>
        <time>2026-09-24T06:27:33.000Z</time>
      </trkpt>
      <trkpt lat="39.47073449380695819854736328125" lon="8.39645641855895519256591796875">
        <ele>125.40000152587890625</ele>
        <time>2026-09-24T06:27:40.000Z</time>
      </trkpt>
      <trkpt lat="39.47067732922732830047607421875" lon="8.39636673219501972198486328125">
        <ele>124.1999969482421875</ele>
        <time>2026-09-24T06:27:43.000Z</time>
      </trkpt>
      <trkpt lat="39.470549337565898895263671875" lon="8.396160118281841278076171875">
        <ele>122.1999969482421875</ele>
        <time>2026-09-24T06:27:50.000Z</time>
      </trkpt>
      <trkpt lat="39.470491670072078704833984375" lon="8.39607554487884044647216796875">
        <ele>121.1999969482421875</ele>
        <time>2026-09-24T06:27:53.000Z</time>
      </trkpt>
      <trkpt lat="39.47035412304103374481201171875" lon="8.39588544331490993499755859375">
        <ele>118.8000030517578125</ele>
        <time>2026-09-24T06:28:00.000Z</time>
      </trkpt>
      <trkpt lat="39.4702779315412044525146484375" lon="8.3957742154598236083984375">
        <ele>117.59999847412109375</ele>
        <time>2026-09-24T06:28:04.000Z</time>
      </trkpt>
      <trkpt lat="39.47014306671917438507080078125" lon="8.39564136229455471038818359375">
        <ele>116.1999969482421875</ele>
        <time>2026-09-24T06:28:10.000Z</time>
      </trkpt>
      <trkpt lat="39.47009696625173091888427734375" lon="8.3955463953316211700439453125">
        <ele>115.1999969482421875</ele>
        <time>2026-09-24T06:28:13.000Z</time>
      </trkpt>
      <trkpt lat="39.470038376748561859130859375" lon="8.39541572146117687225341796875">
        <ele>114.59999847412109375</ele>
        <time>2026-09-24T06:28:17.000Z</time>
      </trkpt>
      <trkpt lat="39.47002856992185115814208984375" lon="8.39539057575166225433349609375">
        <ele>114.59999847412109375</ele>
        <time>2026-09-24T06:28:18.000Z</time>
      </trkpt>
      <trkpt lat="39.46994416415691375732421875" lon="8.39522528462111949920654296875">
        <ele>113.40000152587890625</ele>
        <time>2026-09-24T06:28:23.000Z</time>
      </trkpt>
      <trkpt lat="39.46981332264840602874755859375" lon="8.39502126909792423248291015625">
        <ele>111</ele>
        <time>2026-09-24T06:28:30.000Z</time>
      </trkpt>
      <trkpt lat="39.4696804694831371307373046875" lon="8.3948622643947601318359375">
        <ele>109.1999969482421875</ele>
        <time>2026-09-24T06:28:36.000Z</time>
      </trkpt>
      <trkpt lat="39.46965758688747882843017578125" lon="8.3948376215994358062744140625">
        <ele>109</ele>
        <time>2026-09-24T06:28:37.000Z</time>
      </trkpt>
      <trkpt lat="39.46950956247746944427490234375" lon="8.39481591247022151947021484375">
        <ele>107.40000152587890625</ele>
        <time>2026-09-24T06:28:42.000Z</time>
      </trkpt>
      <trkpt lat="39.46931845508515834808349609375" lon="8.3948107995092868804931640625">
        <ele>105.59999847412109375</ele>
        <time>2026-09-24T06:28:48.000Z</time>
      </trkpt>
      <trkpt lat="39.4692637212574481964111328125" lon="8.39480786584317684173583984375">
        <ele>105</ele>
        <time>2026-09-24T06:28:50.000Z</time>
      </trkpt>
      <trkpt lat="39.4690649025142192840576171875" lon="8.39480568654835224151611328125">
        <ele>102.40000152587890625</ele>
        <time>2026-09-24T06:28:56.000Z</time>
      </trkpt>
      <trkpt lat="39.46887656114995479583740234375" lon="8.3947789482772350311279296875">
        <ele>100.59999847412109375</ele>
        <time>2026-09-24T06:29:02.000Z</time>
      </trkpt>
      <trkpt lat="39.4688483141362667083740234375" lon="8.3947806246578693389892578125">
        <ele>100.1999969482421875</ele>
        <time>2026-09-24T06:29:03.000Z</time>
      </trkpt>
      <trkpt lat="39.4686645828187465667724609375" lon="8.3947755955159664154052734375">
        <ele>98.1999969482421875</ele>
        <time>2026-09-24T06:29:09.000Z</time>
      </trkpt>
      <trkpt lat="39.4685197435319423675537109375" lon="8.39477081783115863800048828125">
        <ele>97</ele>
        <time>2026-09-24T06:29:14.000Z</time>
      </trkpt>
      <trkpt lat="39.468339867889881134033203125" lon="8.39475137181580066680908203125">
        <ele>95.40000152587890625</ele>
        <time>2026-09-24T06:29:20.000Z</time>
      </trkpt>
      <trkpt lat="39.46828245185315608978271484375" lon="8.39474315755069255828857421875">
        <ele>95</ele>
        <time>2026-09-24T06:29:22.000Z</time>
      </trkpt>
      <trkpt lat="39.4681076891720294952392578125" lon="8.39473863132297992706298828125">
        <ele>94.40000152587890625</ele>
        <time>2026-09-24T06:29:28.000Z</time>
      </trkpt>
      <trkpt lat="39.468075335025787353515625" lon="8.3947216160595417022705078125">
        <ele>94.1999969482421875</ele>
        <time>2026-09-24T06:29:29.000Z</time>
      </trkpt>
      <trkpt lat="39.46787257678806781768798828125" lon="8.39469856582581996917724609375">
        <ele>92.8000030517578125</ele>
        <time>2026-09-24T06:29:35.000Z</time>
      </trkpt>
      <trkpt lat="39.46770560927689075469970703125" lon="8.39471197687089443206787109375">
        <ele>91</ele>
        <time>2026-09-24T06:29:40.000Z</time>
      </trkpt>
      <trkpt lat="39.46761592291295528411865234375" lon="8.39470124803483486175537109375">
        <ele>89.8000030517578125</ele>
        <time>2026-09-24T06:29:43.000Z</time>
      </trkpt>
      <trkpt lat="39.46751282550394535064697265625" lon="8.3946830593049526214599609375">
        <ele>88.40000152587890625</ele>
        <time>2026-09-24T06:29:46.000Z</time>
      </trkpt>
      <trkpt lat="39.46732909418642520904541015625" lon="8.39467844925820827484130859375">
        <ele>86.8000030517578125</ele>
        <time>2026-09-24T06:29:52.000Z</time>
      </trkpt>
      <trkpt lat="39.46729489602148532867431640625" lon="8.3946837298572063446044921875">
        <ele>86.59999847412109375</ele>
        <time>2026-09-24T06:29:53.000Z</time>
      </trkpt>
      <trkpt lat="39.4671732746064662933349609375" lon="8.39468859136104583740234375">
        <ele>85.8000030517578125</ele>
        <time>2026-09-24T06:29:57.000Z</time>
      </trkpt>
      <trkpt lat="39.467141926288604736328125" lon="8.3946906030178070068359375">
        <ele>85.8000030517578125</ele>
        <time>2026-09-24T06:29:58.000Z</time>
      </trkpt>
      <trkpt lat="39.4669509865343570709228515625" lon="8.39470736682415008544921875">
        <ele>85</ele>
        <time>2026-09-24T06:30:04.000Z</time>
      </trkpt>
      <trkpt lat="39.46685803122818470001220703125" lon="8.39470678009092807769775390625">
        <ele>84.40000152587890625</ele>
        <time>2026-09-24T06:30:07.000Z</time>
      </trkpt>
      <trkpt lat="39.4667615555226802825927734375" lon="8.39470895938575267791748046875">
        <ele>83.8000030517578125</ele>
        <time>2026-09-24T06:30:10.000Z</time>
      </trkpt>
      <trkpt lat="39.466576315462589263916015625" lon="8.39468867518007755279541015625">
        <ele>82.8000030517578125</ele>
        <time>2026-09-24T06:30:16.000Z</time>
      </trkpt>
      <trkpt lat="39.4664861261844635009765625" lon="8.3946917764842510223388671875">
        <ele>82.40000152587890625</ele>
        <time>2026-09-24T06:30:19.000Z</time>
      </trkpt>
      <trkpt lat="39.46628035046160221099853515625" lon="8.3946986496448516845703125">
        <ele>81.1999969482421875</ele>
        <time>2026-09-24T06:30:26.000Z</time>
      </trkpt>
      <trkpt lat="39.46610215120017528533935546875" lon="8.394713066518306732177734375">
        <ele>80.1999969482421875</ele>
        <time>2026-09-24T06:30:32.000Z</time>
      </trkpt>
      <trkpt lat="39.465912468731403350830078125" lon="8.3946267329156398773193359375">
        <ele>79.8000030517578125</ele>
        <time>2026-09-24T06:30:39.000Z</time>
      </trkpt>
      <trkpt lat="39.46575799025595188140869140625" lon="8.39444895274937152862548828125">
        <ele>80</ele>
        <time>2026-09-24T06:30:46.000Z</time>
      </trkpt>
      <trkpt lat="39.4657372869551181793212890625" lon="8.39442514814436435699462890625">
        <ele>80.1999969482421875</ele>
        <time>2026-09-24T06:30:47.000Z</time>
      </trkpt>
      <trkpt lat="39.46557861752808094024658203125" lon="8.3942512236535549163818359375">
        <ele>80.8000030517578125</ele>
        <time>2026-09-24T06:30:54.000Z</time>
      </trkpt>
      <trkpt lat="39.46555950678884983062744140625" lon="8.39422532357275485992431640625">
        <ele>80.8000030517578125</ele>
        <time>2026-09-24T06:30:55.000Z</time>
      </trkpt>
      <trkpt lat="39.46540930308401584625244140625" lon="8.3940584398806095123291015625">
        <ele>80.8000030517578125</ele>
        <time>2026-09-24T06:31:02.000Z</time>
      </trkpt>
      <trkpt lat="39.4652335345745086669921875" lon="8.39393681846559047698974609375">
        <ele>81.1999969482421875</ele>
        <time>2026-09-24T06:31:09.000Z</time>
      </trkpt>
      <trkpt lat="39.4651632942259311676025390625" lon="8.39388267137110233306884765625">
        <ele>80.8000030517578125</ele>
        <time>2026-09-24T06:31:12.000Z</time>
      </trkpt>
      <trkpt lat="39.46499456651508808135986328125" lon="8.393760211765766143798828125">
        <ele>79.59999847412109375</ele>
        <time>2026-09-24T06:31:19.000Z</time>
      </trkpt>
      <trkpt lat="39.46491812355816364288330078125" lon="8.39372173883020877838134765625">
        <ele>78.40000152587890625</ele>
        <time>2026-09-24T06:31:22.000Z</time>
      </trkpt>
      <trkpt lat="39.46473254822194576263427734375" lon="8.393677063286304473876953125">
        <ele>77</ele>
        <time>2026-09-24T06:31:29.000Z</time>
      </trkpt>
      <trkpt lat="39.464703463017940521240234375" lon="8.3936725370585918426513671875">
        <ele>77</ele>
        <time>2026-09-24T06:31:30.000Z</time>
      </trkpt>
      <trkpt lat="39.464510343968868255615234375" lon="8.39364177547395229339599609375">
        <ele>75.59999847412109375</ele>
        <time>2026-09-24T06:31:37.000Z</time>
      </trkpt>
      <trkpt lat="39.46440364234149456024169921875" lon="8.39362199418246746063232421875">
        <ele>75.1999969482421875</ele>
        <time>2026-09-24T06:31:41.000Z</time>
      </trkpt>
      <trkpt lat="39.4642134569585323333740234375" lon="8.3936014585196971893310546875">
        <ele>75.1999969482421875</ele>
        <time>2026-09-24T06:31:48.000Z</time>
      </trkpt>
      <trkpt lat="39.46418604813516139984130859375" lon="8.3936034701764583587646484375">
        <ele>75.40000152587890625</ele>
        <time>2026-09-24T06:31:49.000Z</time>
      </trkpt>
      <trkpt lat="39.46415704675018787384033203125" lon="8.39360766112804412841796875">
        <ele>75.40000152587890625</ele>
        <time>2026-09-24T06:31:50.000Z</time>
      </trkpt>
      <trkpt lat="39.464017488062381744384765625" lon="8.39361570775508880615234375">
        <ele>75.1999969482421875</ele>
        <time>2026-09-24T06:31:55.000Z</time>
      </trkpt>
      <trkpt lat="39.4639058411121368408203125" lon="8.39363574050366878509521484375">
        <ele>75.1999969482421875</ele>
        <time>2026-09-24T06:31:59.000Z</time>
      </trkpt>
      <trkpt lat="39.46371473371982574462890625" lon="8.39366306550800800323486328125">
        <ele>74</ele>
        <time>2026-09-24T06:32:06.000Z</time>
      </trkpt>
      <trkpt lat="39.463659413158893585205078125" lon="8.39366725645959377288818359375">
        <ele>73.40000152587890625</ele>
        <time>2026-09-24T06:32:08.000Z</time>
      </trkpt>
      <trkpt lat="39.4634597562253475189208984375" lon="8.39366859756410121917724609375">
        <ele>72.40000152587890625</ele>
        <time>2026-09-24T06:32:15.000Z</time>
      </trkpt>
      <trkpt lat="39.4633517973124980926513671875" lon="8.3936343155801296234130859375">
        <ele>71.1999969482421875</ele>
        <time>2026-09-24T06:32:19.000Z</time>
      </trkpt>
      <trkpt lat="39.46316965855658054351806640625" lon="8.3935340680181980133056640625">
        <ele>68.8000030517578125</ele>
        <time>2026-09-24T06:32:26.000Z</time>
      </trkpt>
      <trkpt lat="39.46314384229481220245361328125" lon="8.3935189805924892425537109375">
        <ele>68.40000152587890625</ele>
        <time>2026-09-24T06:32:27.000Z</time>
      </trkpt>
      <trkpt lat="39.46294636465609073638916015625" lon="8.3934646658599376678466796875">
        <ele>67.40000152587890625</ele>
        <time>2026-09-24T06:32:34.000Z</time>
      </trkpt>
      <trkpt lat="39.46291736327111721038818359375" lon="8.3934594690799713134765625">
        <ele>67.40000152587890625</ele>
        <time>2026-09-24T06:32:35.000Z</time>
      </trkpt>
      <trkpt lat="39.4627436064183712005615234375" lon="8.393394760787487030029296875">
        <ele>66</ele>
        <time>2026-09-24T06:32:41.000Z</time>
      </trkpt>
      <trkpt lat="39.4627147726714611053466796875" lon="8.39338176883757114410400390625">
        <ele>65.8000030517578125</ele>
        <time>2026-09-24T06:32:42.000Z</time>
      </trkpt>
      <trkpt lat="39.4625260122120380401611328125" lon="8.39328822679817676544189453125">
        <ele>64.8000030517578125</ele>
        <time>2026-09-24T06:32:49.000Z</time>
      </trkpt>
      <trkpt lat="39.4624985195696353912353515625" lon="8.39327506721019744873046875">
        <ele>64.59999847412109375</ele>
        <time>2026-09-24T06:32:50.000Z</time>
      </trkpt>
      <trkpt lat="39.46233230642974376678466796875" lon="8.39328051544725894927978515625">
        <ele>65.40000152587890625</ele>
        <time>2026-09-24T06:32:56.000Z</time>
      </trkpt>
      <trkpt lat="39.46215209551155567169189453125" lon="8.39338998310267925262451171875">
        <ele>66.40000152587890625</ele>
        <time>2026-09-24T06:33:03.000Z</time>
      </trkpt>
      <trkpt lat="39.46213088929653167724609375" lon="8.39340959675610065460205078125">
        <ele>66.40000152587890625</ele>
        <time>2026-09-24T06:33:04.000Z</time>
      </trkpt>
      <trkpt lat="39.46197674609720706939697265625" lon="8.3935716189444065093994140625">
        <ele>66.1999969482421875</ele>
        <time>2026-09-24T06:33:11.000Z</time>
      </trkpt>
      <trkpt lat="39.46191404946148395538330078125" lon="8.3936447091400623321533203125">
        <ele>66</ele>
        <time>2026-09-24T06:33:14.000Z</time>
      </trkpt>
      <trkpt lat="39.46175227873027324676513671875" lon="8.3938089944422245025634765625">
        <ele>64.8000030517578125</ele>
        <time>2026-09-24T06:33:21.000Z</time>
      </trkpt>
      <trkpt lat="39.46172721683979034423828125" lon="8.39382936246693134307861328125">
        <ele>64.59999847412109375</ele>
        <time>2026-09-24T06:33:22.000Z</time>
      </trkpt>
      <trkpt lat="39.46170383132994174957275390625" lon="8.39384763501584529876708984375">
        <ele>64.40000152587890625</ele>
        <time>2026-09-24T06:33:23.000Z</time>
      </trkpt>
      <trkpt lat="39.46152010001242160797119140625" lon="8.39396213181316852569580078125">
        <ele>62.799999237060546875</ele>
        <time>2026-09-24T06:33:30.000Z</time>
      </trkpt>
      <trkpt lat="39.46149696595966815948486328125" lon="8.39397906325757503509521484375">
        <ele>62.59999847412109375</ele>
        <time>2026-09-24T06:33:31.000Z</time>
      </trkpt>
      <trkpt lat="39.46131608448922634124755859375" lon="8.39407059364020824432373046875">
        <ele>60.59999847412109375</ele>
        <time>2026-09-24T06:33:38.000Z</time>
      </trkpt>
      <trkpt lat="39.46125908754765987396240234375" lon="8.39408517815172672271728515625">
        <ele>60.200000762939453125</ele>
        <time>2026-09-24T06:33:40.000Z</time>
      </trkpt>
      <trkpt lat="39.46107502095401287078857421875" lon="8.394160531461238861083984375">
        <ele>59</ele>
        <time>2026-09-24T06:33:47.000Z</time>
      </trkpt>
      <trkpt lat="39.46105037815868854522705078125" lon="8.39417503215372562408447265625">
        <ele>58.799999237060546875</ele>
        <time>2026-09-24T06:33:48.000Z</time>
      </trkpt>
      <trkpt lat="39.4608801417052745819091796875" lon="8.39426706545054912567138671875">
        <ele>58.200000762939453125</ele>
        <time>2026-09-24T06:33:55.000Z</time>
      </trkpt>
      <trkpt lat="39.46085725910961627960205078125" lon="8.39428131468594074249267578125">
        <ele>58.40000152587890625</ele>
        <time>2026-09-24T06:33:56.000Z</time>
      </trkpt>
      <trkpt lat="39.46070529520511627197265625" lon="8.39443822391331195831298828125">
        <ele>59.40000152587890625</ele>
        <time>2026-09-24T06:34:03.000Z</time>
      </trkpt>
      <trkpt lat="39.4606129266321659088134765625" lon="8.3946377970278263092041015625">
        <ele>61.200000762939453125</ele>
        <time>2026-09-24T06:34:09.000Z</time>
      </trkpt>
      <trkpt lat="39.46057856082916259765625" lon="8.39469990693032741546630859375">
        <ele>61.40000152587890625</ele>
        <time>2026-09-24T06:34:11.000Z</time>
      </trkpt>
      <trkpt lat="39.46043916977941989898681640625" lon="8.39487877674400806427001953125">
        <ele>63.59999847412109375</ele>
        <time>2026-09-24T06:34:18.000Z</time>
      </trkpt>
      <trkpt lat="39.4603919796645641326904296875" lon="8.39492135681211948394775390625">
        <ele>64</ele>
        <time>2026-09-24T06:34:20.000Z</time>
      </trkpt>
      <trkpt lat="39.4602970965206623077392578125" lon="8.39500701986253261566162109375">
        <ele>64.59999847412109375</ele>
        <time>2026-09-24T06:34:24.000Z</time>
      </trkpt>
      <trkpt lat="39.46021520532667636871337890625" lon="8.39502914808690547943115234375">
        <ele>66</ele>
        <time>2026-09-24T06:34:27.000Z</time>
      </trkpt>
      <trkpt lat="39.4601147063076496124267578125" lon="8.3950002305209636688232421875">
        <ele>67.1999969482421875</ele>
        <time>2026-09-24T06:34:31.000Z</time>
      </trkpt>
      <trkpt lat="39.46008696220815181732177734375" lon="8.39498438872396945953369140625">
        <ele>67.40000152587890625</ele>
        <time>2026-09-24T06:34:32.000Z</time>
      </trkpt>
      <trkpt lat="39.45992988534271717071533203125" lon="8.39489285834133625030517578125">
        <ele>68.8000030517578125</ele>
        <time>2026-09-24T06:34:38.000Z</time>
      </trkpt>
      <trkpt lat="39.45987691171467304229736328125" lon="8.3948523737490177154541015625">
        <ele>69.1999969482421875</ele>
        <time>2026-09-24T06:34:40.000Z</time>
      </trkpt>
      <trkpt lat="39.4597844593226909637451171875" lon="8.39475237764418125152587890625">
        <ele>69.40000152587890625</ele>
        <time>2026-09-24T06:34:44.000Z</time>
      </trkpt>
      <trkpt lat="39.4597153924405574798583984375" lon="8.3946337737143039703369140625">
        <ele>69</ele>
        <time>2026-09-24T06:34:48.000Z</time>
      </trkpt>
      <trkpt lat="39.45962713100016117095947265625" lon="8.39439396746456623077392578125">
        <ele>68</ele>
        <time>2026-09-24T06:34:55.000Z</time>
      </trkpt>
      <trkpt lat="39.4596097804605960845947265625" lon="8.394363038241863250732421875">
        <ele>68.1999969482421875</ele>
        <time>2026-09-24T06:34:56.000Z</time>
      </trkpt>
      <trkpt lat="39.4595242850482463836669921875" lon="8.3942468650639057159423828125">
        <ele>69.40000152587890625</ele>
        <time>2026-09-24T06:35:01.000Z</time>
      </trkpt>
      <trkpt lat="39.45946854539215564727783203125" lon="8.39410210959613323211669921875">
        <ele>69.8000030517578125</ele>
        <time>2026-09-24T06:35:06.000Z</time>
      </trkpt>
      <trkpt lat="39.45945044048130512237548828125" lon="8.39384235441684722900390625">
        <ele>69.40000152587890625</ele>
        <time>2026-09-24T06:35:13.000Z</time>
      </trkpt>
      <trkpt lat="39.45945077575743198394775390625" lon="8.39376515708863735198974609375">
        <ele>68.8000030517578125</ele>
        <time>2026-09-24T06:35:15.000Z</time>
      </trkpt>
      <trkpt lat="39.45943795144557952880859375" lon="8.393530547618865966796875">
        <ele>67.40000152587890625</ele>
        <time>2026-09-24T06:35:21.000Z</time>
      </trkpt>
      <trkpt lat="39.45943568833172321319580078125" lon="8.39345385320484638214111328125">
        <ele>66.59999847412109375</ele>
        <time>2026-09-24T06:35:23.000Z</time>
      </trkpt>
      <trkpt lat="39.4593998976051807403564453125" lon="8.39323349297046661376953125">
        <ele>65.1999969482421875</ele>
        <time>2026-09-24T06:35:29.000Z</time>
      </trkpt>
      <trkpt lat="39.45940182544291019439697265625" lon="8.39297407306730747222900390625">
        <ele>63.799999237060546875</ele>
        <time>2026-09-24T06:35:36.000Z</time>
      </trkpt>
      <trkpt lat="39.4594005681574344635009765625" lon="8.39293853379786014556884765625">
        <ele>63.40000152587890625</ele>
        <time>2026-09-24T06:35:37.000Z</time>
      </trkpt>
      <trkpt lat="39.45939813740551471710205078125" lon="8.392705433070659637451171875">
        <ele>60.200000762939453125</ele>
        <time>2026-09-24T06:35:43.000Z</time>
      </trkpt>
      <trkpt lat="39.45938975550234317779541015625" lon="8.392631001770496368408203125">
        <ele>59.59999847412109375</ele>
        <time>2026-09-24T06:35:45.000Z</time>
      </trkpt>
      <trkpt lat="39.459322281181812286376953125" lon="8.39238298125565052032470703125">
        <ele>59</ele>
        <time>2026-09-24T06:35:52.000Z</time>
      </trkpt>
      <trkpt lat="39.45930845104157924652099609375" lon="8.3923522196710109710693359375">
        <ele>59.200000762939453125</ele>
        <time>2026-09-24T06:35:53.000Z</time>
      </trkpt>
      <trkpt lat="39.459258578717708587646484375" lon="8.39215122163295745849609375">
        <ele>59.200000762939453125</ele>
        <time>2026-09-24T06:35:59.000Z</time>
      </trkpt>
      <trkpt lat="39.459261260926723480224609375" lon="8.392114676535129547119140625">
        <ele>59</ele>
        <time>2026-09-24T06:36:00.000Z</time>
      </trkpt>
      <trkpt lat="39.459290765225887298583984375" lon="8.39189766906201839447021484375">
        <ele>57</ele>
        <time>2026-09-24T06:36:06.000Z</time>
      </trkpt>
      <trkpt lat="39.4593063555657863616943359375" lon="8.3917830884456634521484375">
        <ele>55.799999237060546875</ele>
        <time>2026-09-24T06:36:09.000Z</time>
      </trkpt>
      <trkpt lat="39.459333010017871856689453125" lon="8.39152098633348941802978515625">
        <ele>53</ele>
        <time>2026-09-24T06:36:16.000Z</time>
      </trkpt>
      <trkpt lat="39.45933342911303043365478515625" lon="8.39144621975719928741455078125">
        <ele>52.59999847412109375</ele>
        <time>2026-09-24T06:36:18.000Z</time>
      </trkpt>
      <trkpt lat="39.45932270027697086334228515625" lon="8.3913074992597103118896484375">
        <ele>52</ele>
        <time>2026-09-24T06:36:22.000Z</time>
      </trkpt>
      <trkpt lat="39.45928012020885944366455078125" lon="8.3911767415702342987060546875">
        <ele>52.799999237060546875</ele>
        <time>2026-09-24T06:36:26.000Z</time>
      </trkpt>
      <trkpt lat="39.45918976329267024993896484375" lon="8.3909578062593936920166015625">
        <ele>53.59999847412109375</ele>
        <time>2026-09-24T06:36:33.000Z</time>
      </trkpt>
      <trkpt lat="39.45915992371737957000732421875" lon="8.3909001387655735015869140625">
        <ele>54</ele>
        <time>2026-09-24T06:36:35.000Z</time>
      </trkpt>
      <trkpt lat="39.45905799977481365203857421875" lon="8.3907593227922916412353515625">
        <ele>54</ele>
        <time>2026-09-24T06:36:41.000Z</time>
      </trkpt>
      <trkpt lat="39.45898105390369892120361328125" lon="8.39065781794488430023193359375">
        <ele>54</ele>
        <time>2026-09-24T06:36:45.000Z</time>
      </trkpt>
      <trkpt lat="39.4589043594896793365478515625" lon="8.39055597782135009765625">
        <ele>54</ele>
        <time>2026-09-24T06:36:49.000Z</time>
      </trkpt>
      <trkpt lat="39.45879698731005191802978515625" lon="8.390337042510509490966796875">
        <ele>52.200000762939453125</ele>
        <time>2026-09-24T06:36:56.000Z</time>
      </trkpt>
      <trkpt lat="39.45876605808734893798828125" lon="8.39009807445108890533447265625">
        <ele>49.200000762939453125</ele>
        <time>2026-09-24T06:37:03.000Z</time>
      </trkpt>
      <trkpt lat="39.4587102346122264862060546875" lon="8.3899224735796451568603515625">
        <ele>47.59999847412109375</ele>
        <time>2026-09-24T06:37:08.000Z</time>
      </trkpt>
      <trkpt lat="39.45862381719052791595458984375" lon="8.3896844275295734405517578125">
        <ele>45.799999237060546875</ele>
        <time>2026-09-24T06:37:15.000Z</time>
      </trkpt>
      <trkpt lat="39.45858760736882686614990234375" lon="8.389582335948944091796875">
        <ele>45.40000152587890625</ele>
        <time>2026-09-24T06:37:18.000Z</time>
      </trkpt>
      <trkpt lat="39.45850060321390628814697265625" lon="8.389351330697536468505859375">
        <ele>44.799999237060546875</ele>
        <time>2026-09-24T06:37:25.000Z</time>
      </trkpt>
      <trkpt lat="39.4584899581968784332275390625" lon="8.3893179707229137420654296875">
        <ele>44.799999237060546875</ele>
        <time>2026-09-24T06:37:26.000Z</time>
      </trkpt>
      <trkpt lat="39.45845249108970165252685546875" lon="8.3892237581312656402587890625">
        <ele>44.799999237060546875</ele>
        <time>2026-09-24T06:37:29.000Z</time>
      </trkpt>
      <trkpt lat="39.45837168954312801361083984375" lon="8.38912292383611202239990234375">
        <ele>45.200000762939453125</ele>
        <time>2026-09-24T06:37:33.000Z</time>
      </trkpt>
      <trkpt lat="39.4581955857574939727783203125" lon="8.388997614383697509765625">
        <ele>45</ele>
        <time>2026-09-24T06:37:40.000Z</time>
      </trkpt>
      <trkpt lat="39.4581680931150913238525390625" lon="8.3889766596257686614990234375">
        <ele>44.799999237060546875</ele>
        <time>2026-09-24T06:37:41.000Z</time>
      </trkpt>
      <trkpt lat="39.45801906287670135498046875" lon="8.38884028606116771697998046875">
        <ele>43.59999847412109375</ele>
        <time>2026-09-24T06:37:47.000Z</time>
      </trkpt>
      <trkpt lat="39.4579937495291233062744140625" lon="8.388820588588714599609375">
        <ele>43.200000762939453125</ele>
        <time>2026-09-24T06:37:48.000Z</time>
      </trkpt>
      <trkpt lat="39.45783977396786212921142578125" lon="8.388643227517604827880859375">
        <ele>40.200000762939453125</ele>
        <time>2026-09-24T06:37:55.000Z</time>
      </trkpt>
      <trkpt lat="39.4577754847705364227294921875" lon="8.38842487893998622894287109375">
        <ele>37.40000152587890625</ele>
        <time>2026-09-24T06:38:01.000Z</time>
      </trkpt>
      <trkpt lat="39.4577074237167835235595703125" lon="8.38819898664951324462890625">
        <ele>34.40000152587890625</ele>
        <time>2026-09-24T06:38:07.000Z</time>
      </trkpt>
      <trkpt lat="39.457678757607936859130859375" lon="8.3881243877112865447998046875">
        <ele>33.200000762939453125</ele>
        <time>2026-09-24T06:38:09.000Z</time>
      </trkpt>
      <trkpt lat="39.45760139264166355133056640625" lon="8.38789849542081356048583984375">
        <ele>29.799999237060546875</ele>
        <time>2026-09-24T06:38:15.000Z</time>
      </trkpt>
      <trkpt lat="39.4575860537588596343994140625" lon="8.38785943575203418731689453125">
        <ele>29.200000762939453125</ele>
        <time>2026-09-24T06:38:16.000Z</time>
      </trkpt>
      <trkpt lat="39.457491673529148101806640625" lon="8.38764200918376445770263671875">
        <ele>26.3999996185302734375</ele>
        <time>2026-09-24T06:38:22.000Z</time>
      </trkpt>
      <trkpt lat="39.45743828080594539642333984375" lon="8.38754192925989627838134765625">
        <ele>24.799999237060546875</ele>
        <time>2026-09-24T06:38:25.000Z</time>
      </trkpt>
      <trkpt lat="39.4572957046329975128173828125" lon="8.38735015131533145904541015625">
        <ele>22.3999996185302734375</ele>
        <time>2026-09-24T06:38:32.000Z</time>
      </trkpt>
      <trkpt lat="39.45727743208408355712890625" lon="8.38731712661683559417724609375">
        <ele>22.200000762939453125</ele>
        <time>2026-09-24T06:38:33.000Z</time>
      </trkpt>
      <trkpt lat="39.457240886986255645751953125" lon="8.38725258596241474151611328125">
        <ele>21.6000003814697265625</ele>
        <time>2026-09-24T06:38:35.000Z</time>
      </trkpt>
      <trkpt lat="39.45712479762732982635498046875" lon="8.38701504282653331756591796875">
        <ele>19.799999237060546875</ele>
        <time>2026-09-24T06:38:41.000Z</time>
      </trkpt>
      <trkpt lat="39.4570090435445308685302734375" lon="8.3868062496185302734375">
        <ele>18.200000762939453125</ele>
        <time>2026-09-24T06:38:46.000Z</time>
      </trkpt>
      <trkpt lat="39.4569879211485385894775390625" lon="8.38677364401519298553466796875">
        <ele>18</ele>
        <time>2026-09-24T06:38:47.000Z</time>
      </trkpt>
      <trkpt lat="39.456882141530513763427734375" lon="8.3866940997540950775146484375">
        <ele>17.6000003814697265625</ele>
        <time>2026-09-24T06:38:51.000Z</time>
      </trkpt>
      <trkpt lat="39.4568206183612346649169921875" lon="8.38667440228164196014404296875">
        <ele>17.6000003814697265625</ele>
        <time>2026-09-24T06:38:53.000Z</time>
      </trkpt>
      <trkpt lat="39.45667259395122528076171875" lon="8.38662478141486644744873046875">
        <ele>17.799999237060546875</ele>
        <time>2026-09-24T06:38:58.000Z</time>
      </trkpt>
      <trkpt lat="39.45652884431183338165283203125" lon="8.3864748291671276092529296875">
        <ele>17.3999996185302734375</ele>
        <time>2026-09-24T06:39:04.000Z</time>
      </trkpt>
      <trkpt lat="39.4565034471452236175537109375" lon="8.3864510245621204376220703125">
        <ele>17.3999996185302734375</ele>
        <time>2026-09-24T06:39:05.000Z</time>
      </trkpt>
      <trkpt lat="39.45633505471050739288330078125" lon="8.3863521181046962738037109375">
        <ele>17</ele>
        <time>2026-09-24T06:39:11.000Z</time>
      </trkpt>
      <trkpt lat="39.4563073106110095977783203125" lon="8.38633753359317779541015625">
        <ele>16.799999237060546875</ele>
        <time>2026-09-24T06:39:12.000Z</time>
      </trkpt>
      <trkpt lat="39.4561101682484149932861328125" lon="8.38624189607799053192138671875">
        <ele>15.80000019073486328125</ele>
        <time>2026-09-24T06:39:19.000Z</time>
      </trkpt>
      <trkpt lat="39.45604956708848476409912109375" lon="8.38621775619685649871826171875">
        <ele>15.3999996185302734375</ele>
        <time>2026-09-24T06:39:21.000Z</time>
      </trkpt>
      <trkpt lat="39.4558496586978435516357421875" lon="8.38616025634109973907470703125">
        <ele>14.80000019073486328125</ele>
        <time>2026-09-24T06:39:28.000Z</time>
      </trkpt>
      <trkpt lat="39.45564673282206058502197265625" lon="8.38615606538951396942138671875">
        <ele>14.19999980926513671875</ele>
        <time>2026-09-24T06:39:35.000Z</time>
      </trkpt>
      <trkpt lat="39.45562074892222881317138671875" lon="8.386160843074321746826171875">
        <ele>14.19999980926513671875</ele>
        <time>2026-09-24T06:39:36.000Z</time>
      </trkpt>
      <trkpt lat="39.4555185735225677490234375" lon="8.386126644909381866455078125">
        <ele>13.6000003814697265625</ele>
        <time>2026-09-24T06:39:40.000Z</time>
      </trkpt>
      <trkpt lat="39.45549485273659229278564453125" lon="8.3861258067190647125244140625">
        <ele>13.3999996185302734375</ele>
        <time>2026-09-24T06:39:41.000Z</time>
      </trkpt>
      <trkpt lat="39.45542410947382450103759765625" lon="8.38617819361388683319091796875">
        <ele>13.6000003814697265625</ele>
        <time>2026-09-24T06:39:44.000Z</time>
      </trkpt>
      <trkpt lat="39.455296285450458526611328125" lon="8.38628313504159450531005859375">
        <ele>14.19999980926513671875</ele>
        <time>2026-09-24T06:39:50.000Z</time>
      </trkpt>
      <trkpt lat="39.45520752109587192535400390625" lon="8.38616696186363697052001953125">
        <ele>12.19999980926513671875</ele>
        <time>2026-09-24T06:39:55.000Z</time>
      </trkpt>
      <trkpt lat="39.4550513662397861480712890625" lon="8.38616595603525638580322265625">
        <ele>12.19999980926513671875</ele>
        <time>2026-09-24T06:40:00.000Z</time>
      </trkpt>
      <trkpt lat="39.454936869442462921142578125" lon="8.386135362088680267333984375">
        <ele>11.3999996185302734375</ele>
        <time>2026-09-24T06:40:04.000Z</time>
      </trkpt>
      <trkpt lat="39.4549226202070713043212890625" lon="8.38610476814210414886474609375">
        <ele>11</ele>
        <time>2026-09-24T06:40:05.000Z</time>
      </trkpt>
      <trkpt lat="39.454905688762664794921875" lon="8.38599429465830326080322265625">
        <ele>10</ele>
        <time>2026-09-24T06:40:08.000Z</time>
      </trkpt>
      <trkpt lat="39.454863779246807098388671875" lon="8.3858907781541347503662109375">
        <ele>9</ele>
        <time>2026-09-24T06:40:11.000Z</time>
      </trkpt>
      <trkpt lat="39.4548052735626697540283203125" lon="8.38576043955981731414794921875">
        <ele>7.80000019073486328125</ele>
        <time>2026-09-24T06:40:15.000Z</time>
      </trkpt>
      <trkpt lat="39.45475204847753047943115234375" lon="8.38559296913444995880126953125">
        <ele>6.400000095367431640625</ele>
        <time>2026-09-24T06:40:20.000Z</time>
      </trkpt>
      <trkpt lat="39.45479647256433963775634765625" lon="8.3855390734970569610595703125">
        <ele>6.19999980926513671875</ele>
        <time>2026-09-24T06:40:22.000Z</time>
      </trkpt>
      <trkpt lat="39.45482614450156688690185546875" lon="8.38553094305098056793212890625">
        <ele>6</ele>
        <time>2026-09-24T06:40:23.000Z</time>
      </trkpt>
      <trkpt lat="39.45485665462911128997802734375" lon="8.38553664274513721466064453125">
        <ele>6</ele>
        <time>2026-09-24T06:40:24.000Z</time>
      </trkpt>
      <trkpt lat="39.45493988692760467529296875" lon="8.38559363968670368194580078125">
        <ele>6.599999904632568359375</ele>
        <time>2026-09-24T06:40:27.000Z</time>
      </trkpt>
      <trkpt lat="39.45501037873327732086181640625" lon="8.3856389857828617095947265625">
        <ele>7</ele>
        <time>2026-09-24T06:40:30.000Z</time>
      </trkpt>
      <trkpt lat="39.45503552444279193878173828125" lon="8.385630436241626739501953125">
        <ele>7</ele>
        <time>2026-09-24T06:40:31.000Z</time>
      </trkpt>
      <trkpt lat="39.45510945282876491546630859375" lon="8.3855729363858699798583984375">
        <ele>7</ele>
        <time>2026-09-24T06:40:34.000Z</time>
      </trkpt>
      <trkpt lat="39.45516661740839481353759765625" lon="8.3854825794696807861328125">
        <ele>7.19999980926513671875</ele>
        <time>2026-09-24T06:40:37.000Z</time>
      </trkpt>
      <trkpt lat="39.45523199625313282012939453125" lon="8.3853043802082538604736328125">
        <ele>7</ele>
        <time>2026-09-24T06:40:42.000Z</time>
      </trkpt>
      <trkpt lat="39.4552166573703289031982421875" lon="8.38519348762929439544677734375">
        <ele>6.400000095367431640625</ele>
        <time>2026-09-24T06:40:45.000Z</time>
      </trkpt>
      <trkpt lat="39.4551962055265903472900390625" lon="8.38511553592979907989501953125">
        <ele>6</ele>
        <time>2026-09-24T06:40:47.000Z</time>
      </trkpt>
      <trkpt lat="39.45517919026315212249755859375" lon="8.3850395120680332183837890625">
        <ele>5.599999904632568359375</ele>
        <time>2026-09-24T06:40:49.000Z</time>
      </trkpt>
      <trkpt lat="39.45517248474061489105224609375" lon="8.384883105754852294921875">
        <ele>5</ele>
        <time>2026-09-24T06:40:53.000Z</time>
      </trkpt>
      <trkpt lat="39.455188326537609100341796875" lon="8.3848235942423343658447265625">
        <ele>4.599999904632568359375</ele>
        <time>2026-09-24T06:40:55.000Z</time>
      </trkpt>
      <trkpt lat="39.45524456910789012908935546875" lon="8.3846422098577022552490234375">
        <ele>3.599999904632568359375</ele>
        <time>2026-09-24T06:41:00.000Z</time>
      </trkpt>
      <trkpt lat="39.45536359213292598724365234375" lon="8.3845795132219791412353515625">
        <ele>4.19999980926513671875</ele>
        <time>2026-09-24T06:41:04.000Z</time>
      </trkpt>
      <trkpt lat="39.455437101423740386962890625" lon="8.38445252738893032073974609375">
        <ele>4.599999904632568359375</ele>
        <time>2026-09-24T06:41:08.000Z</time>
      </trkpt>
      <trkpt lat="39.4555287994444370269775390625" lon="8.3842288143932819366455078125">
        <ele>4.599999904632568359375</ele>
        <time>2026-09-24T06:41:14.000Z</time>
      </trkpt>
      <trkpt lat="39.45555637590587139129638671875" lon="8.38414750993251800537109375">
        <ele>4.19999980926513671875</ele>
        <time>2026-09-24T06:41:16.000Z</time>
      </trkpt>
      <trkpt lat="39.4556541927158832550048828125" lon="8.3839019201695919036865234375">
        <ele>4</ele>
        <time>2026-09-24T06:41:22.000Z</time>
      </trkpt>
      <trkpt lat="39.4557333178818225860595703125" lon="8.383732773363590240478515625">
        <ele>4.19999980926513671875</ele>
        <time>2026-09-24T06:41:26.000Z</time>
      </trkpt>
      <trkpt lat="39.45576206780970096588134765625" lon="8.38351794518530368804931640625">
        <ele>3.400000095367431640625</ele>
        <time>2026-09-24T06:41:31.000Z</time>
      </trkpt>
      <trkpt lat="39.45583230815827846527099609375" lon="8.3832796476781368255615234375">
        <ele>2</ele>
        <time>2026-09-24T06:41:37.000Z</time>
      </trkpt>
      <trkpt lat="39.4559458829462528228759765625" lon="8.38308778591454029083251953125">
        <ele>2.7999999523162841796875</ele>
        <time>2026-09-24T06:41:43.000Z</time>
      </trkpt>
      <trkpt lat="39.4560189731419086456298828125" lon="8.3829155378043651580810546875">
        <ele>2.599999904632568359375</ele>
        <time>2026-09-24T06:41:48.000Z</time>
      </trkpt>
      <trkpt lat="39.456100948154926300048828125" lon="8.38265846483409404754638671875">
        <ele>1.60000002384185791015625</ele>
        <time>2026-09-24T06:41:55.000Z</time>
      </trkpt>
      <trkpt lat="39.45615685544908046722412109375" lon="8.38252150453627109527587890625">
        <ele>1.39999997615814208984375</ele>
        <time>2026-09-24T06:41:59.000Z</time>
      </trkpt>
      <trkpt lat="39.45632667280733585357666015625" lon="8.38241991586983203887939453125">
        <ele>2</ele>
        <time>2026-09-24T06:42:05.000Z</time>
      </trkpt>
      <trkpt lat="39.45640982128679752349853515625" lon="8.38240046985447406768798828125">
        <ele>1.60000002384185791015625</ele>
        <time>2026-09-24T06:42:08.000Z</time>
      </trkpt>
      <trkpt lat="39.45642524398863315582275390625" lon="8.3824324049055576324462890625">
        <ele>1.60000002384185791015625</ele>
        <time>2026-09-24T06:42:09.000Z</time>
      </trkpt>
      <trkpt lat="39.45639473386108875274658203125" lon="8.38255134411156177520751953125">
        <ele>2.2000000476837158203125</ele>
        <time>2026-09-24T06:42:12.000Z</time>
      </trkpt>
      <trkpt lat="39.45636690594255924224853515625" lon="8.38281847536563873291015625">
        <ele>3.400000095367431640625</ele>
        <time>2026-09-24T06:42:18.000Z</time>
      </trkpt>
      <trkpt lat="39.4563887827098369598388671875" lon="8.383069597184658050537109375">
        <ele>5.400000095367431640625</ele>
        <time>2026-09-24T06:42:24.000Z</time>
      </trkpt>
      <trkpt lat="39.4564038701355457305908203125" lon="8.38310773484408855438232421875">
        <ele>5.80000019073486328125</ele>
        <time>2026-09-24T06:42:25.000Z</time>
      </trkpt>
      <trkpt lat="39.456471092998981475830078125" lon="8.3832917176187038421630859375">
        <ele>7.599999904632568359375</ele>
        <time>2026-09-24T06:42:30.000Z</time>
      </trkpt>
      <trkpt lat="39.456487186253070831298828125" lon="8.3833275921642780303955078125">
        <ele>7.80000019073486328125</ele>
        <time>2026-09-24T06:42:31.000Z</time>
      </trkpt>
      <trkpt lat="39.45656664669513702392578125" lon="8.38356077671051025390625">
        <ele>10.19999980926513671875</ele>
        <time>2026-09-24T06:42:37.000Z</time>
      </trkpt>
      <trkpt lat="39.45657645352184772491455078125" lon="8.38360159657895565032958984375">
        <ele>10.6000003814697265625</ele>
        <time>2026-09-24T06:42:38.000Z</time>
      </trkpt>
      <trkpt lat="39.45659405551850795745849609375" lon="8.38384903036057949066162109375">
        <ele>12.80000019073486328125</ele>
        <time>2026-09-24T06:42:44.000Z</time>
      </trkpt>
      <trkpt lat="39.4565882720053195953369140625" lon="8.38388792239129543304443359375">
        <ele>12.80000019073486328125</ele>
        <time>2026-09-24T06:42:45.000Z</time>
      </trkpt>
      <trkpt lat="39.45651006884872913360595703125" lon="8.38406092487275600433349609375">
        <ele>13</ele>
        <time>2026-09-24T06:42:50.000Z</time>
      </trkpt>
      <trkpt lat="39.45640169084072113037109375" lon="8.38425613939762115478515625">
        <ele>12.6000003814697265625</ele>
        <time>2026-09-24T06:42:56.000Z</time>
      </trkpt>
      <trkpt lat="39.4563669897615909576416015625" lon="8.38432210497558116912841796875">
        <ele>12.6000003814697265625</ele>
        <time>2026-09-24T06:42:58.000Z</time>
      </trkpt>
      <trkpt lat="39.45625375024974346160888671875" lon="8.38450918905436992645263671875">
        <ele>13</ele>
        <time>2026-09-24T06:43:04.000Z</time>
      </trkpt>
      <trkpt lat="39.45622458122670650482177734375" lon="8.3845751546323299407958984375">
        <ele>13</ele>
        <time>2026-09-24T06:43:06.000Z</time>
      </trkpt>
      <trkpt lat="39.45617663674056529998779296875" lon="8.384755365550518035888671875">
        <ele>13.6000003814697265625</ele>
        <time>2026-09-24T06:43:11.000Z</time>
      </trkpt>
      <trkpt lat="39.45606616325676441192626953125" lon="8.3849798329174518585205078125">
        <ele>13.6000003814697265625</ele>
        <time>2026-09-24T06:43:18.000Z</time>
      </trkpt>
      <trkpt lat="39.4559596292674541473388671875" lon="8.3851736225187778472900390625">
        <ele>12.3999996185302734375</ele>
        <time>2026-09-24T06:43:24.000Z</time>
      </trkpt>
      <trkpt lat="39.4559448771178722381591796875" lon="8.385206647217273712158203125">
        <ele>12.3999996185302734375</ele>
        <time>2026-09-24T06:43:25.000Z</time>
      </trkpt>
      <trkpt lat="39.4558929093182086944580078125" lon="8.3853372372686862945556640625">
        <ele>11.80000019073486328125</ele>
        <time>2026-09-24T06:43:30.000Z</time>
      </trkpt>
      <trkpt lat="39.45590657182037830352783203125" lon="8.38534913957118988037109375">
        <ele>12</ele>
        <time>2026-09-24T06:43:31.000Z</time>
      </trkpt>
      <trkpt lat="39.45600095205008983612060546875" lon="8.3854423463344573974609375">
        <ele>13</ele>
        <time>2026-09-24T06:43:35.000Z</time>
      </trkpt>
      <trkpt lat="39.45602391846477985382080078125" lon="8.38546841405332088470458984375">
        <ele>13.19999980926513671875</ele>
        <time>2026-09-24T06:43:36.000Z</time>
      </trkpt>
      <trkpt lat="39.456158615648746490478515625" lon="8.38556245900690555572509765625">
        <ele>14.3999996185302734375</ele>
        <time>2026-09-24T06:43:41.000Z</time>
      </trkpt>
      <trkpt lat="39.45627051405608654022216796875" lon="8.3855977468192577362060546875">
        <ele>15.19999980926513671875</ele>
        <time>2026-09-24T06:43:45.000Z</time>
      </trkpt>
      <trkpt lat="39.45639741607010364532470703125" lon="8.385594896972179412841796875">
        <ele>16.200000762939453125</ele>
        <time>2026-09-24T06:43:50.000Z</time>
      </trkpt>
    </trkseg>
  </trk>
</gpx>
