<?xml version="1.0" encoding="UTF-8"?>
<gpx creator="sardegna-trek" version="1.1"
  xsi:schemaLocation="http://www.topografix.com/GPX/1/1 http://www.topografix.com/GPX/11.xsd"
  xmlns="http://www.topografix.com/GPX/1/1"
  xmlns:xsi="http://www.w3.org/2001/XMLSchema-instance">
  <metadata>
    <time>2026-09-19T07:15:16.000Z</time>
  </metadata>
  <trk>
    <name>Trail running on Monte Ortobene</name>
    <trkseg>
      <trkpt lat="40.32826068811118602752685546875" lon="9.340913593769073486328125">
        <ele>545</ele>
        <time>2026-09-19T07:15:16.000Z</time>
      </trkpt>
      <trkpt lat="40.32825104892253875732421875" lon="9.3409130908548831939697265625">
        <ele>545</ele>
        <time>2026-09-19T07:15:17.000Z</time>
      </trkpt>
      <trkpt lat="40.32822799868881702423095703125" lon="9.34091937728226184844970703125">
        <ele>545</ele>
        <time>2026-09-19T07:15:18.000Z</time>
      </trkpt>
      <trkpt lat="40.32820872031152248382568359375" lon="9.340933375060558319091796875">
        <ele>545</ele>
        <time>2026-09-19T07:15:19.000Z</time>
      </trkpt>
      <trkpt lat="40.3281922079622745513916015625" lon="9.340962208807468414306640625">
        <ele>545.4000244140625</ele>
        <time>2026-09-19T07:15:20.000Z</time>
      </trkpt>
      <trkpt lat="40.32809020020067691802978515625" lon="9.3411826528608798980712890625">
        <ele>548.5999755859375</ele>
        <time>2026-09-19T07:15:26.000Z</time>
      </trkpt>
      <trkpt lat="40.32805063761770725250244140625" lon="9.341243170201778411865234375">
        <ele>549.4000244140625</ele>
        <time>2026-09-19T07:15:28.000Z</time>
      </trkpt>
      <trkpt lat="40.32800436951220035552978515625" lon="9.3413050286471843719482421875">
        <ele>550.20001220703125</ele>
        <time>2026-09-19T07:15:30.000Z</time>
      </trkpt>
      <trkpt lat="40.3279555030167102813720703125" lon="9.34136277996003627777099609375">
        <ele>549.20001220703125</ele>
        <time>2026-09-19T07:15:32.000Z</time>
      </trkpt>
      <trkpt lat="40.32793127931654453277587890625" lon="9.34139865450561046600341796875">
        <ele>548.5999755859375</ele>
        <time>2026-09-19T07:15:33.000Z</time>
      </trkpt>
      <trkpt lat="40.32784041948616504669189453125" lon="9.3414835631847381591796875">
        <ele>546</ele>
        <time>2026-09-19T07:15:37.000Z</time>
      </trkpt>
      <trkpt lat="40.32778694294393062591552734375" lon="9.341514743864536285400390625">
        <ele>544.5999755859375</ele>
        <time>2026-09-19T07:15:39.000Z</time>
      </trkpt>
      <trkpt lat="40.32773631624877452850341796875" lon="9.34155439026653766632080078125">
        <ele>543.4000244140625</ele>
        <time>2026-09-19T07:15:41.000Z</time>
      </trkpt>
      <trkpt lat="40.327701866626739501953125" lon="9.341607950627803802490234375">
        <ele>543</ele>
        <time>2026-09-19T07:15:43.000Z</time>
      </trkpt>
      <trkpt lat="40.32769658602774143218994140625" lon="9.34164206497371196746826171875">
        <ele>543.4000244140625</ele>
        <time>2026-09-19T07:15:44.000Z</time>
      </trkpt>
      <trkpt lat="40.32770429737865924835205078125" lon="9.341687746345996856689453125">
        <ele>544.4000244140625</ele>
        <time>2026-09-19T07:15:46.000Z</time>
      </trkpt>
      <trkpt lat="40.32770580612123012542724609375" lon="9.34174197725951671600341796875">
        <ele>545.4000244140625</ele>
        <time>2026-09-19T07:15:49.000Z</time>
      </trkpt>
      <trkpt lat="40.32771267928183078765869140625" lon="9.34175647795200347900390625">
        <ele>546</ele>
        <time>2026-09-19T07:15:50.000Z</time>
      </trkpt>
      <trkpt lat="40.3277184627950191497802734375" lon="9.34177047573029994964599609375">
        <ele>546.4000244140625</ele>
        <time>2026-09-19T07:15:51.000Z</time>
      </trkpt>
      <trkpt lat="40.3277117572724819183349609375" lon="9.34176343493163585662841796875">
        <ele>546</ele>
        <time>2026-09-19T07:15:54.000Z</time>
      </trkpt>
      <trkpt lat="40.32770580612123012542724609375" lon="9.3417680449783802032470703125">
        <ele>546</ele>
        <time>2026-09-19T07:15:56.000Z</time>
      </trkpt>
      <trkpt lat="40.32770798541605472564697265625" lon="9.34172789566218852996826171875">
        <ele>545.20001220703125</ele>
        <time>2026-09-19T07:16:01.000Z</time>
      </trkpt>
      <trkpt lat="40.32772935926914215087890625" lon="9.34160686098039150238037109375">
        <ele>543.79998779296875</ele>
        <time>2026-09-19T07:16:06.000Z</time>
      </trkpt>
      <trkpt lat="40.327824242413043975830078125" lon="9.34146738611161708831787109375">
        <ele>545.4000244140625</ele>
        <time>2026-09-19T07:16:11.000Z</time>
      </trkpt>
      <trkpt lat="40.3279068879783153533935546875" lon="9.341373927891254425048828125">
        <ele>547.5999755859375</ele>
        <time>2026-09-19T07:16:15.000Z</time>
      </trkpt>
      <trkpt lat="40.3279303573071956634521484375" lon="9.3413496203720569610595703125">
        <ele>548.20001220703125</ele>
        <time>2026-09-19T07:16:16.000Z</time>
      </trkpt>
      <trkpt lat="40.328061282634735107421875" lon="9.3411819823086261749267578125">
        <ele>548.4000244140625</ele>
        <time>2026-09-19T07:16:22.000Z</time>
      </trkpt>
      <trkpt lat="40.3281362168490886688232421875" lon="9.34111702255904674530029296875">
        <ele>547.79998779296875</ele>
        <time>2026-09-19T07:16:25.000Z</time>
      </trkpt>
      <trkpt lat="40.32819899730384349822998046875" lon="9.3409858457744121551513671875">
        <ele>546</ele>
        <time>2026-09-19T07:16:29.000Z</time>
      </trkpt>
      <trkpt lat="40.3282518871128559112548828125" lon="9.34091024100780487060546875">
        <ele>545</ele>
        <time>2026-09-19T07:16:32.000Z</time>
      </trkpt>
      <trkpt lat="40.32827460207045078277587890625" lon="9.34091619215905666351318359375">
        <ele>545.20001220703125</ele>
        <time>2026-09-19T07:16:33.000Z</time>
      </trkpt>
      <trkpt lat="40.32830829732120037078857421875" lon="9.340941421687602996826171875">
        <ele>545.4000244140625</ele>
        <time>2026-09-19T07:16:35.000Z</time>
      </trkpt>
      <trkpt lat="40.32831751741468906402587890625" lon="9.3410270847380161285400390625">
        <ele>546.79998779296875</ele>
        <time>2026-09-19T07:16:38.000Z</time>
      </trkpt>
      <trkpt lat="40.32831165008246898651123046875" lon="9.3411601893603801727294921875">
        <ele>549.20001220703125</ele>
        <time>2026-09-19T07:16:41.000Z</time>
      </trkpt>
      <trkpt lat="40.32829119823873043060302734375" lon="9.3412108160555362701416015625">
        <ele>550.4000244140625</ele>
        <time>2026-09-19T07:16:43.000Z</time>
      </trkpt>
      <trkpt lat="40.32827879302203655242919921875" lon="9.34124886989593505859375">
        <ele>551.20001220703125</ele>
        <time>2026-09-19T07:16:44.000Z</time>
      </trkpt>
      <trkpt lat="40.32819899730384349822998046875" lon="9.34145514853298664093017578125">
        <ele>554</ele>
        <time>2026-09-19T07:16:50.000Z</time>
      </trkpt>
      <trkpt lat="40.32818072475492954254150390625" lon="9.3415112234652042388916015625">
        <ele>554.5999755859375</ele>
        <time>2026-09-19T07:16:52.000Z</time>
      </trkpt>
      <trkpt lat="40.32817519269883632659912109375" lon="9.34158288873732089996337890625">
        <ele>555.20001220703125</ele>
        <time>2026-09-19T07:16:54.000Z</time>
      </trkpt>
      <trkpt lat="40.328157842159271240234375" lon="9.3416369520127773284912109375">
        <ele>555.20001220703125</ele>
        <time>2026-09-19T07:16:56.000Z</time>
      </trkpt>
      <trkpt lat="40.3281378932297229766845703125" lon="9.3416875787079334259033203125">
        <ele>554.5999755859375</ele>
        <time>2026-09-19T07:16:58.000Z</time>
      </trkpt>
      <trkpt lat="40.3281486220657825469970703125" lon="9.3417532928287982940673828125">
        <ele>554.5999755859375</ele>
        <time>2026-09-19T07:17:01.000Z</time>
      </trkpt>
      <trkpt lat="40.32814183272421360015869140625" lon="9.3417703919112682342529296875">
        <ele>554.5999755859375</ele>
        <time>2026-09-19T07:17:02.000Z</time>
      </trkpt>
      <trkpt lat="40.32810084521770477294921875" lon="9.3419091962277889251708984375">
        <ele>556.79998779296875</ele>
        <time>2026-09-19T07:17:08.000Z</time>
      </trkpt>
      <trkpt lat="40.32805147580802440643310546875" lon="9.342048503458499908447265625">
        <ele>559.20001220703125</ele>
        <time>2026-09-19T07:17:14.000Z</time>
      </trkpt>
      <trkpt lat="40.32803689129650592803955078125" lon="9.3420644290745258331298828125">
        <ele>559.5999755859375</ele>
        <time>2026-09-19T07:17:15.000Z</time>
      </trkpt>
      <trkpt lat="40.3280255757272243499755859375" lon="9.34208831749856472015380859375">
        <ele>560.20001220703125</ele>
        <time>2026-09-19T07:17:16.000Z</time>
      </trkpt>
      <trkpt lat="40.32798425294458866119384765625" lon="9.34219912625849246978759765625">
        <ele>561.79998779296875</ele>
        <time>2026-09-19T07:17:20.000Z</time>
      </trkpt>
      <trkpt lat="40.3279736079275608062744140625" lon="9.34222259558737277984619140625">
        <ele>562</ele>
        <time>2026-09-19T07:17:21.000Z</time>
      </trkpt>
      <trkpt lat="40.327964723110198974609375" lon="9.342304654419422149658203125">
        <ele>563</ele>
        <time>2026-09-19T07:17:26.000Z</time>
      </trkpt>
      <trkpt lat="40.3279682435095310211181640625" lon="9.3423323146998882293701171875">
        <ele>563.5999755859375</ele>
        <time>2026-09-19T07:17:28.000Z</time>
      </trkpt>
      <trkpt lat="40.32797838561236858367919921875" lon="9.342345558106899261474609375">
        <ele>563.79998779296875</ele>
        <time>2026-09-19T07:17:29.000Z</time>
      </trkpt>
      <trkpt lat="40.32802440226078033447265625" lon="9.342424012720584869384765625">
        <ele>565.4000244140625</ele>
        <time>2026-09-19T07:17:34.000Z</time>
      </trkpt>
      <trkpt lat="40.32802180387079715728759765625" lon="9.34246147982776165008544921875">
        <ele>566</ele>
        <time>2026-09-19T07:17:36.000Z</time>
      </trkpt>
      <trkpt lat="40.328031443059444427490234375" lon="9.34258217923343181610107421875">
        <ele>568.20001220703125</ele>
        <time>2026-09-19T07:17:41.000Z</time>
      </trkpt>
      <trkpt lat="40.32803781330585479736328125" lon="9.3426072411239147186279296875">
        <ele>568.79998779296875</ele>
        <time>2026-09-19T07:17:43.000Z</time>
      </trkpt>
      <trkpt lat="40.3280369751155376434326171875" lon="9.34262283146381378173828125">
        <ele>569</ele>
        <time>2026-09-19T07:17:46.000Z</time>
      </trkpt>
      <trkpt lat="40.32804208807647228240966796875" lon="9.34265074320137500762939453125">
        <ele>569.4000244140625</ele>
        <time>2026-09-19T07:17:51.000Z</time>
      </trkpt>
      <trkpt lat="40.32803538255393505096435546875" lon="9.34270472265779972076416015625">
        <ele>570.4000244140625</ele>
        <time>2026-09-19T07:17:54.000Z</time>
      </trkpt>
      <trkpt lat="40.32803219743072986602783203125" lon="9.3427396751940250396728515625">
        <ele>571.20001220703125</ele>
        <time>2026-09-19T07:17:56.000Z</time>
      </trkpt>
      <trkpt lat="40.328018367290496826171875" lon="9.3427691794931888580322265625">
        <ele>571.79998779296875</ele>
        <time>2026-09-19T07:17:58.000Z</time>
      </trkpt>
      <trkpt lat="40.327999256551265716552734375" lon="9.3428032100200653076171875">
        <ele>572.4000244140625</ele>
        <time>2026-09-19T07:18:01.000Z</time>
      </trkpt>
      <trkpt lat="40.32794888131320476531982421875" lon="9.34286632575094699859619140625">
        <ele>573.4000244140625</ele>
        <time>2026-09-19T07:18:08.000Z</time>
      </trkpt>
      <trkpt lat="40.3279092349112033843994140625" lon="9.34290857054293155670166015625">
        <ele>574</ele>
        <time>2026-09-19T07:18:10.000Z</time>
      </trkpt>
      <trkpt lat="40.327895320951938629150390625" lon="9.34294528327882289886474609375">
        <ele>574.79998779296875</ele>
        <time>2026-09-19T07:18:13.000Z</time>
      </trkpt>
      <trkpt lat="40.327899344265460968017578125" lon="9.34296405874192714691162109375">
        <ele>575.20001220703125</ele>
        <time>2026-09-19T07:18:15.000Z</time>
      </trkpt>
      <trkpt lat="40.32790428958833217620849609375" lon="9.34297143481671810150146484375">
        <ele>575.4000244140625</ele>
        <time>2026-09-19T07:18:16.000Z</time>
      </trkpt>
      <trkpt lat="40.32790512777864933013916015625" lon="9.34297964908182621002197265625">
        <ele>575.5999755859375</ele>
        <time>2026-09-19T07:18:17.000Z</time>
      </trkpt>
      <trkpt lat="40.327952317893505096435546875" lon="9.34299104847013950347900390625">
        <ele>576.20001220703125</ele>
        <time>2026-09-19T07:18:21.000Z</time>
      </trkpt>
      <trkpt lat="40.3279829956591129302978515625" lon="9.34303849004209041595458984375">
        <ele>577.79998779296875</ele>
        <time>2026-09-19T07:18:24.000Z</time>
      </trkpt>
      <trkpt lat="40.3280242346227169036865234375" lon="9.34303463436663150787353515625">
        <ele>578</ele>
        <time>2026-09-19T07:18:29.000Z</time>
      </trkpt>
      <trkpt lat="40.32811601646244525909423828125" lon="9.3429907970130443572998046875">
        <ele>577.4000244140625</ele>
        <time>2026-09-19T07:18:36.000Z</time>
      </trkpt>
      <trkpt lat="40.32825834117829799652099609375" lon="9.342957101762294769287109375">
        <ele>577.4000244140625</ele>
        <time>2026-09-19T07:18:41.000Z</time>
      </trkpt>
      <trkpt lat="40.32829756848514080047607421875" lon="9.3430122546851634979248046875">
        <ele>579</ele>
        <time>2026-09-19T07:18:44.000Z</time>
      </trkpt>
      <trkpt lat="40.328321792185306549072265625" lon="9.34305793605744838714599609375">
        <ele>580.4000244140625</ele>
        <time>2026-09-19T07:18:46.000Z</time>
      </trkpt>
      <trkpt lat="40.3284255601465702056884765625" lon="9.34319338761270046234130859375">
        <ele>584.5999755859375</ele>
        <time>2026-09-19T07:18:51.000Z</time>
      </trkpt>
      <trkpt lat="40.32844961620867252349853515625" lon="9.34323445893824100494384765625">
        <ele>585.79998779296875</ele>
        <time>2026-09-19T07:18:53.000Z</time>
      </trkpt>
      <trkpt lat="40.328470654785633087158203125" lon="9.34326329268515110015869140625">
        <ele>586.79998779296875</ele>
        <time>2026-09-19T07:18:55.000Z</time>
      </trkpt>
      <trkpt lat="40.3285016678273677825927734375" lon="9.34331207536160945892333984375">
        <ele>588</ele>
        <time>2026-09-19T07:18:59.000Z</time>
      </trkpt>
      <trkpt lat="40.3285814635455608367919921875" lon="9.3434350378811359405517578125">
        <ele>590.4000244140625</ele>
        <time>2026-09-19T07:19:07.000Z</time>
      </trkpt>
      <trkpt lat="40.32864189706742763519287109375" lon="9.343540482223033905029296875">
        <ele>592.20001220703125</ele>
        <time>2026-09-19T07:19:15.000Z</time>
      </trkpt>
      <trkpt lat="40.32868866808712482452392578125" lon="9.34360644780099391937255859375">
        <ele>592.79998779296875</ele>
        <time>2026-09-19T07:19:21.000Z</time>
      </trkpt>
      <trkpt lat="40.32870895229279994964599609375" lon="9.3436412326991558074951171875">
        <ele>593.20001220703125</ele>
        <time>2026-09-19T07:19:24.000Z</time>
      </trkpt>
      <trkpt lat="40.328716076910495758056640625" lon="9.34366964735090732574462890625">
        <ele>593.5999755859375</ele>
        <time>2026-09-19T07:19:26.000Z</time>
      </trkpt>
      <trkpt lat="40.3287340141832828521728515625" lon="9.34370451606810092926025390625">
        <ele>594</ele>
        <time>2026-09-19T07:19:29.000Z</time>
      </trkpt>
      <trkpt lat="40.3287769295275211334228515625" lon="9.3437981419265270233154296875">
        <ele>595</ele>
        <time>2026-09-19T07:19:35.000Z</time>
      </trkpt>
      <trkpt lat="40.3287896700203418731689453125" lon="9.3438734114170074462890625">
        <ele>596.20001220703125</ele>
        <time>2026-09-19T07:19:39.000Z</time>
      </trkpt>
      <trkpt lat="40.3287990577518939971923828125" lon="9.34390962123870849609375">
        <ele>596.79998779296875</ele>
        <time>2026-09-19T07:19:41.000Z</time>
      </trkpt>
      <trkpt lat="40.328800566494464874267578125" lon="9.34393174946308135986328125">
        <ele>597.20001220703125</ele>
        <time>2026-09-19T07:19:42.000Z</time>
      </trkpt>
      <trkpt lat="40.32879612408578395843505859375" lon="9.3439503572881221771240234375">
        <ele>597.5999755859375</ele>
        <time>2026-09-19T07:19:43.000Z</time>
      </trkpt>
      <trkpt lat="40.32878656871616840362548828125" lon="9.343965947628021240234375">
        <ele>598</ele>
        <time>2026-09-19T07:19:44.000Z</time>
      </trkpt>
      <trkpt lat="40.328765697777271270751953125" lon="9.34399075806140899658203125">
        <ele>598.79998779296875</ele>
        <time>2026-09-19T07:19:46.000Z</time>
      </trkpt>
      <trkpt lat="40.32875530421733856201171875" lon="9.34399855323135852813720703125">
        <ele>599</ele>
        <time>2026-09-19T07:19:47.000Z</time>
      </trkpt>
      <trkpt lat="40.32874750904738903045654296875" lon="9.3440143950283527374267578125">
        <ele>599.4000244140625</ele>
        <time>2026-09-19T07:19:48.000Z</time>
      </trkpt>
      <trkpt lat="40.32874365337193012237548828125" lon="9.34407432563602924346923828125">
        <ele>600.5999755859375</ele>
        <time>2026-09-19T07:19:52.000Z</time>
      </trkpt>
      <trkpt lat="40.32875396311283111572265625" lon="9.34408522211015224456787109375">
        <ele>600.5999755859375</ele>
        <time>2026-09-19T07:19:53.000Z</time>
      </trkpt>
      <trkpt lat="40.328807272017002105712890625" lon="9.3441431410610675811767578125">
        <ele>601</ele>
        <time>2026-09-19T07:19:56.000Z</time>
      </trkpt>
      <trkpt lat="40.3288389556109905242919921875" lon="9.34421061538159847259521484375">
        <ele>602</ele>
        <time>2026-09-19T07:19:58.000Z</time>
      </trkpt>
      <trkpt lat="40.32882981933653354644775390625" lon="9.34437691234052181243896484375">
        <ele>605.5999755859375</ele>
        <time>2026-09-19T07:20:03.000Z</time>
      </trkpt>
      <trkpt lat="40.3288255445659160614013671875" lon="9.34441697783768177032470703125">
        <ele>606.5999755859375</ele>
        <time>2026-09-19T07:20:05.000Z</time>
      </trkpt>
      <trkpt lat="40.32882881350815296173095703125" lon="9.344438016414642333984375">
        <ele>606.79998779296875</ele>
        <time>2026-09-19T07:20:08.000Z</time>
      </trkpt>
      <trkpt lat="40.32884490676224231719970703125" lon="9.34447355568408966064453125">
        <ele>607.20001220703125</ele>
        <time>2026-09-19T07:20:10.000Z</time>
      </trkpt>
      <trkpt lat="40.3288932703435420989990234375" lon="9.34456164948642253875732421875">
        <ele>607.79998779296875</ele>
        <time>2026-09-19T07:20:13.000Z</time>
      </trkpt>
      <trkpt lat="40.3290287218987941741943359375" lon="9.34475610964000225067138671875">
        <ele>608</ele>
        <time>2026-09-19T07:20:20.000Z</time>
      </trkpt>
      <trkpt lat="40.32916408963501453399658203125" lon="9.344947300851345062255859375">
        <ele>608.4000244140625</ele>
        <time>2026-09-19T07:20:27.000Z</time>
      </trkpt>
      <trkpt lat="40.329214297235012054443359375" lon="9.34509859420359134674072265625">
        <ele>610</ele>
        <time>2026-09-19T07:20:32.000Z</time>
      </trkpt>
      <trkpt lat="40.32918068580329418182373046875" lon="9.3452123366296291351318359375">
        <ele>612</ele>
        <time>2026-09-19T07:20:37.000Z</time>
      </trkpt>
      <trkpt lat="40.3291383571922779083251953125" lon="9.345265813171863555908203125">
        <ele>613.20001220703125</ele>
        <time>2026-09-19T07:20:41.000Z</time>
      </trkpt>
      <trkpt lat="40.329124443233013153076171875" lon="9.3452710099518299102783203125">
        <ele>613.4000244140625</ele>
        <time>2026-09-19T07:20:42.000Z</time>
      </trkpt>
      <trkpt lat="40.32911228947341442108154296875" lon="9.3452914617955684661865234375">
        <ele>613.79998779296875</ele>
        <time>2026-09-19T07:20:43.000Z</time>
      </trkpt>
      <trkpt lat="40.32910021953284740447998046875" lon="9.34530495665967464447021484375">
        <ele>614</ele>
        <time>2026-09-19T07:20:44.000Z</time>
      </trkpt>
      <trkpt lat="40.32909468747675418853759765625" lon="9.345310069620609283447265625">
        <ele>614.20001220703125</ele>
        <time>2026-09-19T07:20:45.000Z</time>
      </trkpt>
      <trkpt lat="40.329054035246372222900390625" lon="9.34535223059356212615966796875">
        <ele>615.4000244140625</ele>
        <time>2026-09-19T07:20:48.000Z</time>
      </trkpt>
      <trkpt lat="40.32909099943935871124267578125" lon="9.34540922753512859344482421875">
        <ele>615.4000244140625</ele>
        <time>2026-09-19T07:20:52.000Z</time>
      </trkpt>
      <trkpt lat="40.32907985150814056396484375" lon="9.3454389832913875579833984375">
        <ele>616</ele>
        <time>2026-09-19T07:20:54.000Z</time>
      </trkpt>
      <trkpt lat="40.32910759560763835906982421875" lon="9.34554870240390300750732421875">
        <ele>616.5999755859375</ele>
        <time>2026-09-19T07:21:02.000Z</time>
      </trkpt>
      <trkpt lat="40.32913483679294586181640625" lon="9.34568666853010654449462890625">
        <ele>617.79998779296875</ele>
        <time>2026-09-19T07:21:08.000Z</time>
      </trkpt>
      <trkpt lat="40.32914145849645137786865234375" lon="9.3457256443798542022705078125">
        <ele>618.20001220703125</ele>
        <time>2026-09-19T07:21:10.000Z</time>
      </trkpt>
      <trkpt lat="40.32914196141064167022705078125" lon="9.34576638042926788330078125">
        <ele>618.5999755859375</ele>
        <time>2026-09-19T07:21:12.000Z</time>
      </trkpt>
      <trkpt lat="40.32916224561631679534912109375" lon="9.3458057753741741180419921875">
        <ele>619</ele>
        <time>2026-09-19T07:21:14.000Z</time>
      </trkpt>
      <trkpt lat="40.3292375989258289337158203125" lon="9.3459092080593109130859375">
        <ele>619.4000244140625</ele>
        <time>2026-09-19T07:21:20.000Z</time>
      </trkpt>
      <trkpt lat="40.3292375989258289337158203125" lon="9.34592865407466888427734375">
        <ele>619.79998779296875</ele>
        <time>2026-09-19T07:21:21.000Z</time>
      </trkpt>
      <trkpt lat="40.32923148013651371002197265625" lon="9.34597064740955829620361328125">
        <ele>620.4000244140625</ele>
        <time>2026-09-19T07:21:24.000Z</time>
      </trkpt>
      <trkpt lat="40.32923365943133831024169921875" lon="9.346003420650959014892578125">
        <ele>620.79998779296875</ele>
        <time>2026-09-19T07:21:26.000Z</time>
      </trkpt>
      <trkpt lat="40.3292347490787506103515625" lon="9.3460428155958652496337890625">
        <ele>621.4000244140625</ele>
        <time>2026-09-19T07:21:28.000Z</time>
      </trkpt>
      <trkpt lat="40.32922695390880107879638671875" lon="9.34606502763926982879638671875">
        <ele>621.79998779296875</ele>
        <time>2026-09-19T07:21:29.000Z</time>
      </trkpt>
      <trkpt lat="40.32922611571848392486572265625" lon="9.3460813723504543304443359375">
        <ele>622</ele>
        <time>2026-09-19T07:21:30.000Z</time>
      </trkpt>
      <trkpt lat="40.3292094357311725616455078125" lon="9.34608967043459415435791015625">
        <ele>622.20001220703125</ele>
        <time>2026-09-19T07:21:31.000Z</time>
      </trkpt>
      <trkpt lat="40.3291795961558818817138671875" lon="9.3461427278816699981689453125">
        <ele>623.20001220703125</ele>
        <time>2026-09-19T07:21:34.000Z</time>
      </trkpt>
      <trkpt lat="40.32909368164837360382080078125" lon="9.34623249806463718414306640625">
        <ele>625.20001220703125</ele>
        <time>2026-09-19T07:21:39.000Z</time>
      </trkpt>
      <trkpt lat="40.32905839383602142333984375" lon="9.346325285732746124267578125">
        <ele>627</ele>
        <time>2026-09-19T07:21:44.000Z</time>
      </trkpt>
      <trkpt lat="40.3290619142353534698486328125" lon="9.3463579751551151275634765625">
        <ele>627.4000244140625</ele>
        <time>2026-09-19T07:21:46.000Z</time>
      </trkpt>
      <trkpt lat="40.329055376350879669189453125" lon="9.34639527462422847747802734375">
        <ele>628</ele>
        <time>2026-09-19T07:21:48.000Z</time>
      </trkpt>
      <trkpt lat="40.3290599025785923004150390625" lon="9.3464572168886661529541015625">
        <ele>628.4000244140625</ele>
        <time>2026-09-19T07:21:50.000Z</time>
      </trkpt>
      <trkpt lat="40.32906283624470233917236328125" lon="9.34649568982422351837158203125">
        <ele>628.79998779296875</ele>
        <time>2026-09-19T07:21:52.000Z</time>
      </trkpt>
      <trkpt lat="40.3290832042694091796875" lon="9.3465717136859893798828125">
        <ele>629.20001220703125</ele>
        <time>2026-09-19T07:21:58.000Z</time>
      </trkpt>
      <trkpt lat="40.3290872275829315185546875" lon="9.34658579528331756591796875">
        <ele>629.20001220703125</ele>
        <time>2026-09-19T07:21:59.000Z</time>
      </trkpt>
      <trkpt lat="40.32911606132984161376953125" lon="9.3467110209167003631591796875">
        <ele>631</ele>
        <time>2026-09-19T07:22:06.000Z</time>
      </trkpt>
      <trkpt lat="40.32918554730713367462158203125" lon="9.34671211056411266326904296875">
        <ele>629.20001220703125</ele>
        <time>2026-09-19T07:22:11.000Z</time>
      </trkpt>
      <trkpt lat="40.3291906602680683135986328125" lon="9.34672904200851917266845703125">
        <ele>629.4000244140625</ele>
        <time>2026-09-19T07:22:12.000Z</time>
      </trkpt>
      <trkpt lat="40.3292010538280010223388671875" lon="9.34687220491468906402587890625">
        <ele>632.20001220703125</ele>
        <time>2026-09-19T07:22:18.000Z</time>
      </trkpt>
      <trkpt lat="40.329174064099788665771484375" lon="9.34690187685191631317138671875">
        <ele>633.5999755859375</ele>
        <time>2026-09-19T07:22:20.000Z</time>
      </trkpt>
      <trkpt lat="40.3291407041251659393310546875" lon="9.3469520844519138336181640625">
        <ele>635</ele>
        <time>2026-09-19T07:22:23.000Z</time>
      </trkpt>
      <trkpt lat="40.32912838272750377655029296875" lon="9.3469577841460704803466796875">
        <ele>635.4000244140625</ele>
        <time>2026-09-19T07:22:24.000Z</time>
      </trkpt>
      <trkpt lat="40.329106338322162628173828125" lon="9.3469587899744510650634765625">
        <ele>636</ele>
        <time>2026-09-19T07:22:25.000Z</time>
      </trkpt>
      <trkpt lat="40.32905302941799163818359375" lon="9.34699391014873981475830078125">
        <ele>637.79998779296875</ele>
        <time>2026-09-19T07:22:28.000Z</time>
      </trkpt>
      <trkpt lat="40.3290169872343540191650390625" lon="9.347109831869602203369140625">
        <ele>640.4000244140625</ele>
        <time>2026-09-19T07:22:32.000Z</time>
      </trkpt>
      <trkpt lat="40.32901338301599025726318359375" lon="9.34714579023420810699462890625">
        <ele>641</ele>
        <time>2026-09-19T07:22:33.000Z</time>
      </trkpt>
      <trkpt lat="40.3290327452123165130615234375" lon="9.34731175191700458526611328125">
        <ele>641.5999755859375</ele>
        <time>2026-09-19T07:22:38.000Z</time>
      </trkpt>
      <trkpt lat="40.329049341380596160888671875" lon="9.3474233150482177734375">
        <ele>641.79998779296875</ele>
        <time>2026-09-19T07:22:41.000Z</time>
      </trkpt>
      <trkpt lat="40.32905244268476963043212890625" lon="9.34749246574938297271728515625">
        <ele>642.20001220703125</ele>
        <time>2026-09-19T07:22:43.000Z</time>
      </trkpt>
      <trkpt lat="40.3290676139295101165771484375" lon="9.34760528616607189178466796875">
        <ele>642.20001220703125</ele>
        <time>2026-09-19T07:22:47.000Z</time>
      </trkpt>
      <trkpt lat="40.3290474973618984222412109375" lon="9.34765842743217945098876953125">
        <ele>643</ele>
        <time>2026-09-19T07:22:49.000Z</time>
      </trkpt>
      <trkpt lat="40.32894867472350597381591796875" lon="9.34775364585220813751220703125">
        <ele>646.4000244140625</ele>
        <time>2026-09-19T07:22:55.000Z</time>
      </trkpt>
      <trkpt lat="40.32891891896724700927734375" lon="9.3477986566722393035888671875">
        <ele>647.20001220703125</ele>
        <time>2026-09-19T07:22:57.000Z</time>
      </trkpt>
      <trkpt lat="40.32890995033085346221923828125" lon="9.34786026366055011749267578125">
        <ele>648.20001220703125</ele>
        <time>2026-09-19T07:23:00.000Z</time>
      </trkpt>
      <trkpt lat="40.32886636443436145782470703125" lon="9.34790686704218387603759765625">
        <ele>650.5999755859375</ele>
        <time>2026-09-19T07:23:04.000Z</time>
      </trkpt>
      <trkpt lat="40.32885362394154071807861328125" lon="9.34792446903884410858154296875">
        <ele>651.4000244140625</ele>
        <time>2026-09-19T07:23:05.000Z</time>
      </trkpt>
      <trkpt lat="40.3288064338266849517822265625" lon="9.34803963638842105865478515625">
        <ele>654.20001220703125</ele>
        <time>2026-09-19T07:23:11.000Z</time>
      </trkpt>
      <trkpt lat="40.32878556288778781890869140625" lon="9.34818975627422332763671875">
        <ele>656.5999755859375</ele>
        <time>2026-09-19T07:23:19.000Z</time>
      </trkpt>
      <trkpt lat="40.3287895023822784423828125" lon="9.34832931496202945709228515625">
        <ele>658.4000244140625</ele>
        <time>2026-09-19T07:23:27.000Z</time>
      </trkpt>
      <trkpt lat="40.32878438942134380340576171875" lon="9.348342977464199066162109375">
        <ele>658.79998779296875</ele>
        <time>2026-09-19T07:23:28.000Z</time>
      </trkpt>
      <trkpt lat="40.32874532975256443023681640625" lon="9.34836518950760364532470703125">
        <ele>660.5999755859375</ele>
        <time>2026-09-19T07:23:32.000Z</time>
      </trkpt>
      <trkpt lat="40.32872487790882587432861328125" lon="9.3483795225620269775390625">
        <ele>661.5999755859375</ele>
        <time>2026-09-19T07:23:35.000Z</time>
      </trkpt>
      <trkpt lat="40.32871314324438571929931640625" lon="9.34839972294867038726806640625">
        <ele>662.20001220703125</ele>
        <time>2026-09-19T07:23:38.000Z</time>
      </trkpt>
      <trkpt lat="40.32872756011784076690673828125" lon="9.34842738322913646697998046875">
        <ele>662</ele>
        <time>2026-09-19T07:23:41.000Z</time>
      </trkpt>
      <trkpt lat="40.3287309966981410980224609375" lon="9.3484628386795520782470703125">
        <ele>662.20001220703125</ele>
        <time>2026-09-19T07:23:43.000Z</time>
      </trkpt>
      <trkpt lat="40.3287333436310291290283203125" lon="9.3484863080084323883056640625">
        <ele>662.20001220703125</ele>
        <time>2026-09-19T07:23:44.000Z</time>
      </trkpt>
      <trkpt lat="40.328734852373600006103515625" lon="9.34856434352695941925048828125">
        <ele>662.79998779296875</ele>
        <time>2026-09-19T07:23:48.000Z</time>
      </trkpt>
      <trkpt lat="40.328693948686122894287109375" lon="9.34861899353563785552978515625">
        <ele>664.4000244140625</ele>
        <time>2026-09-19T07:23:51.000Z</time>
      </trkpt>
      <trkpt lat="40.32868615351617336273193359375" lon="9.348644725978374481201171875">
        <ele>664.5999755859375</ele>
        <time>2026-09-19T07:23:52.000Z</time>
      </trkpt>
      <trkpt lat="40.32867391593754291534423828125" lon="9.34868588112294673919677734375">
        <ele>665</ele>
        <time>2026-09-19T07:23:56.000Z</time>
      </trkpt>
      <trkpt lat="40.32867240719497203826904296875" lon="9.34870247729122638702392578125">
        <ele>665.20001220703125</ele>
        <time>2026-09-19T07:23:57.000Z</time>
      </trkpt>
      <trkpt lat="40.3286341018974781036376953125" lon="9.348854608833789825439453125">
        <ele>667.20001220703125</ele>
        <time>2026-09-19T07:24:01.000Z</time>
      </trkpt>
      <trkpt lat="40.32861909829080104827880859375" lon="9.34895108453929424285888671875">
        <ele>667.4000244140625</ele>
        <time>2026-09-19T07:24:06.000Z</time>
      </trkpt>
      <trkpt lat="40.3286133147776126861572265625" lon="9.34896416030824184417724609375">
        <ele>667.5999755859375</ele>
        <time>2026-09-19T07:24:07.000Z</time>
      </trkpt>
      <trkpt lat="40.3285730816423892974853515625" lon="9.34904781170189380645751953125">
        <ele>668.79998779296875</ele>
        <time>2026-09-19T07:24:13.000Z</time>
      </trkpt>
      <trkpt lat="40.32857065089046955108642578125" lon="9.3491126038134098052978515625">
        <ele>668.79998779296875</ele>
        <time>2026-09-19T07:24:17.000Z</time>
      </trkpt>
      <trkpt lat="40.32855145633220672607421875" lon="9.3491627275943756103515625">
        <ele>669.20001220703125</ele>
        <time>2026-09-19T07:24:20.000Z</time>
      </trkpt>
      <trkpt lat="40.32854382880032062530517578125" lon="9.34917756356298923492431640625">
        <ele>669.4000244140625</ele>
        <time>2026-09-19T07:24:21.000Z</time>
      </trkpt>
      <trkpt lat="40.32851482741534709930419921875" lon="9.34925903566181659698486328125">
        <ele>670</ele>
        <time>2026-09-19T07:24:26.000Z</time>
      </trkpt>
      <trkpt lat="40.3285127319395542144775390625" lon="9.3492939881980419158935546875">
        <ele>669.79998779296875</ele>
        <time>2026-09-19T07:24:28.000Z</time>
      </trkpt>
      <trkpt lat="40.3285023383796215057373046875" lon="9.34932575561106204986572265625">
        <ele>670</ele>
        <time>2026-09-19T07:24:30.000Z</time>
      </trkpt>
      <trkpt lat="40.32847710885107517242431640625" lon="9.34942482970654964447021484375">
        <ele>670.4000244140625</ele>
        <time>2026-09-19T07:24:35.000Z</time>
      </trkpt>
      <trkpt lat="40.328457243740558624267578125" lon="9.34948316775262355804443359375">
        <ele>670.4000244140625</ele>
        <time>2026-09-19T07:24:38.000Z</time>
      </trkpt>
      <trkpt lat="40.328442156314849853515625" lon="9.34950579889118671417236328125">
        <ele>670.79998779296875</ele>
        <time>2026-09-19T07:24:39.000Z</time>
      </trkpt>
      <trkpt lat="40.32840150408446788787841796875" lon="9.3495414219796657562255859375">
        <ele>671.5999755859375</ele>
        <time>2026-09-19T07:24:44.000Z</time>
      </trkpt>
      <trkpt lat="40.32832237891852855682373046875" lon="9.349571764469146728515625">
        <ele>673.79998779296875</ele>
        <time>2026-09-19T07:24:50.000Z</time>
      </trkpt>
      <trkpt lat="40.328285582363605499267578125" lon="9.34958140365779399871826171875">
        <ele>674.79998779296875</ele>
        <time>2026-09-19T07:24:52.000Z</time>
      </trkpt>
      <trkpt lat="40.32827376388013362884521484375" lon="9.3495799787342548370361328125">
        <ele>675</ele>
        <time>2026-09-19T07:24:53.000Z</time>
      </trkpt>
      <trkpt lat="40.32823990099132061004638671875" lon="9.349558353424072265625">
        <ele>675.79998779296875</ele>
        <time>2026-09-19T07:24:56.000Z</time>
      </trkpt>
      <trkpt lat="40.32822933979332447052001953125" lon="9.34954821132123470306396484375">
        <ele>676.20001220703125</ele>
        <time>2026-09-19T07:24:57.000Z</time>
      </trkpt>
      <trkpt lat="40.32818826846778392791748046875" lon="9.34956572949886322021484375">
        <ele>677</ele>
        <time>2026-09-19T07:25:01.000Z</time>
      </trkpt>
      <trkpt lat="40.328133367002010345458984375" lon="9.34961576946079730987548828125">
        <ele>677.4000244140625</ele>
        <time>2026-09-19T07:25:06.000Z</time>
      </trkpt>
      <trkpt lat="40.328107215464115142822265625" lon="9.3496285937726497650146484375">
        <ele>677.79998779296875</ele>
        <time>2026-09-19T07:25:08.000Z</time>
      </trkpt>
      <trkpt lat="40.32809405587613582611083984375" lon="9.3496369756758213043212890625">
        <ele>678</ele>
        <time>2026-09-19T07:25:09.000Z</time>
      </trkpt>
      <trkpt lat="40.32797704450786113739013671875" lon="9.34969707392156124114990234375">
        <ele>679.20001220703125</ele>
        <time>2026-09-19T07:25:17.000Z</time>
      </trkpt>
      <trkpt lat="40.32789389602839946746826171875" lon="9.34975826181471347808837890625">
        <ele>679.5999755859375</ele>
        <time>2026-09-19T07:25:21.000Z</time>
      </trkpt>
      <trkpt lat="40.32785248942673206329345703125" lon="9.3497985787689685821533203125">
        <ele>679.5999755859375</ele>
        <time>2026-09-19T07:25:23.000Z</time>
      </trkpt>
      <trkpt lat="40.32779314555227756500244140625" lon="9.349879883229732513427734375">
        <ele>679.20001220703125</ele>
        <time>2026-09-19T07:25:27.000Z</time>
      </trkpt>
      <trkpt lat="40.3277694247663021087646484375" lon="9.3499031849205493927001953125">
        <ele>679.20001220703125</ele>
        <time>2026-09-19T07:25:29.000Z</time>
      </trkpt>
      <trkpt lat="40.327753834426403045654296875" lon="9.349912740290164947509765625">
        <ele>679.4000244140625</ele>
        <time>2026-09-19T07:25:30.000Z</time>
      </trkpt>
      <trkpt lat="40.3276842646300792694091796875" lon="9.3499474413692951202392578125">
        <ele>680</ele>
        <time>2026-09-19T07:25:33.000Z</time>
      </trkpt>
      <trkpt lat="40.3276021219789981842041015625" lon="9.34996160678565502166748046875">
        <ele>681.20001220703125</ele>
        <time>2026-09-19T07:25:36.000Z</time>
      </trkpt>
      <trkpt lat="40.3274993598461151123046875" lon="9.34992112219333648681640625">
        <ele>683.5999755859375</ele>
        <time>2026-09-19T07:25:40.000Z</time>
      </trkpt>
      <trkpt lat="40.327465832233428955078125" lon="9.3499110639095306396484375">
        <ele>684.20001220703125</ele>
        <time>2026-09-19T07:25:42.000Z</time>
      </trkpt>
      <trkpt lat="40.3274294547736644744873046875" lon="9.34990100562572479248046875">
        <ele>685.20001220703125</ele>
        <time>2026-09-19T07:25:45.000Z</time>
      </trkpt>
      <trkpt lat="40.32739634625613689422607421875" lon="9.3498958088457584381103515625">
        <ele>685.79998779296875</ele>
        <time>2026-09-19T07:25:49.000Z</time>
      </trkpt>
      <trkpt lat="40.32740992493927478790283203125" lon="9.3498840741813182830810546875">
        <ele>685.79998779296875</ele>
        <time>2026-09-19T07:25:53.000Z</time>
      </trkpt>
      <trkpt lat="40.3274123556911945343017578125" lon="9.349882900714874267578125">
        <ele>685.5999755859375</ele>
        <time>2026-09-19T07:25:54.000Z</time>
      </trkpt>
      <trkpt lat="40.327401459217071533203125" lon="9.34989673085510730743408203125">
        <ele>685.79998779296875</ele>
        <time>2026-09-19T07:25:55.000Z</time>
      </trkpt>
      <trkpt lat="40.3273855336010456085205078125" lon="9.3499132432043552398681640625">
        <ele>686</ele>
        <time>2026-09-19T07:25:56.000Z</time>
      </trkpt>
      <trkpt lat="40.3273600526154041290283203125" lon="9.34992573224008083343505859375">
        <ele>686.4000244140625</ele>
        <time>2026-09-19T07:25:57.000Z</time>
      </trkpt>
      <trkpt lat="40.32729157246649265289306640625" lon="9.34999010525643825531005859375">
        <ele>687.20001220703125</ele>
        <time>2026-09-19T07:26:02.000Z</time>
      </trkpt>
      <trkpt lat="40.327171124517917633056640625" lon="9.350103847682476043701171875">
        <ele>689</ele>
        <time>2026-09-19T07:26:10.000Z</time>
      </trkpt>
      <trkpt lat="40.32707045786082744598388671875" lon="9.350207783281803131103515625">
        <ele>690</ele>
        <time>2026-09-19T07:26:17.000Z</time>
      </trkpt>
      <trkpt lat="40.3270217590034008026123046875" lon="9.3503715656697750091552734375">
        <ele>690.79998779296875</ele>
        <time>2026-09-19T07:26:22.000Z</time>
      </trkpt>
      <trkpt lat="40.32702268101274967193603515625" lon="9.3504828773438930511474609375">
        <ele>690.20001220703125</ele>
        <time>2026-09-19T07:26:25.000Z</time>
      </trkpt>
      <trkpt lat="40.32701178453862667083740234375" lon="9.35054481960833072662353515625">
        <ele>690.20001220703125</ele>
        <time>2026-09-19T07:26:27.000Z</time>
      </trkpt>
      <trkpt lat="40.32699577510356903076171875" lon="9.3505837954580783843994140625">
        <ele>690.4000244140625</ele>
        <time>2026-09-19T07:26:28.000Z</time>
      </trkpt>
      <trkpt lat="40.32695076428353786468505859375" lon="9.35074313543736934661865234375">
        <ele>689.79998779296875</ele>
        <time>2026-09-19T07:26:32.000Z</time>
      </trkpt>
      <trkpt lat="40.326912961900234222412109375" lon="9.35083617456257343292236328125">
        <ele>689.20001220703125</ele>
        <time>2026-09-19T07:26:36.000Z</time>
      </trkpt>
      <trkpt lat="40.32680056057870388031005859375" lon="9.3509375117719173431396484375">
        <ele>688.4000244140625</ele>
        <time>2026-09-19T07:26:41.000Z</time>
      </trkpt>
      <trkpt lat="40.326634682714939117431640625" lon="9.351115040481090545654296875">
        <ele>687.5999755859375</ele>
        <time>2026-09-19T07:26:47.000Z</time>
      </trkpt>
      <trkpt lat="40.3264988958835601806640625" lon="9.35113239102065563201904296875">
        <ele>688.20001220703125</ele>
        <time>2026-09-19T07:26:51.000Z</time>
      </trkpt>
      <trkpt lat="40.32643896527588367462158203125" lon="9.35125476680696010589599609375">
        <ele>688.20001220703125</ele>
        <time>2026-09-19T07:26:55.000Z</time>
      </trkpt>
      <trkpt lat="40.32630133442580699920654296875" lon="9.35145945288240909576416015625">
        <ele>688.79998779296875</ele>
        <time>2026-09-19T07:27:02.000Z</time>
      </trkpt>
      <trkpt lat="40.32628641463816165924072265625" lon="9.35147906653583049774169921875">
        <ele>689</ele>
        <time>2026-09-19T07:27:03.000Z</time>
      </trkpt>
      <trkpt lat="40.326157920062541961669921875" lon="9.35166950337588787078857421875">
        <ele>689.4000244140625</ele>
        <time>2026-09-19T07:27:10.000Z</time>
      </trkpt>
      <trkpt lat="40.3261362947523593902587890625" lon="9.35169230215251445770263671875">
        <ele>689.4000244140625</ele>
        <time>2026-09-19T07:27:11.000Z</time>
      </trkpt>
      <trkpt lat="40.326005034148693084716796875" lon="9.35187779366970062255859375">
        <ele>687.4000244140625</ele>
        <time>2026-09-19T07:27:17.000Z</time>
      </trkpt>
      <trkpt lat="40.32590185292065143585205078125" lon="9.351964294910430908203125">
        <ele>686.79998779296875</ele>
        <time>2026-09-19T07:27:21.000Z</time>
      </trkpt>
      <trkpt lat="40.3258154354989528656005859375" lon="9.35202531516551971435546875">
        <ele>686.20001220703125</ele>
        <time>2026-09-19T07:27:24.000Z</time>
      </trkpt>
      <trkpt lat="40.3257389925420284271240234375" lon="9.35210234485566616058349609375">
        <ele>684.5999755859375</ele>
        <time>2026-09-19T07:27:27.000Z</time>
      </trkpt>
      <trkpt lat="40.3256612084805965423583984375" lon="9.35226260684430599212646484375">
        <ele>682.5999755859375</ele>
        <time>2026-09-19T07:27:33.000Z</time>
      </trkpt>
      <trkpt lat="40.32559842802584171295166015625" lon="9.3524341844022274017333984375">
        <ele>681.79998779296875</ele>
        <time>2026-09-19T07:27:39.000Z</time>
      </trkpt>
      <trkpt lat="40.32552366144955158233642578125" lon="9.35265588574111461639404296875">
        <ele>680.5999755859375</ele>
        <time>2026-09-19T07:27:45.000Z</time>
      </trkpt>
      <trkpt lat="40.32548996619880199432373046875" lon="9.3527560494840145111083984375">
        <ele>679.79998779296875</ele>
        <time>2026-09-19T07:27:47.000Z</time>
      </trkpt>
      <trkpt lat="40.32542509026825428009033203125" lon="9.3529833666980266571044921875">
        <ele>679.20001220703125</ele>
        <time>2026-09-19T07:27:54.000Z</time>
      </trkpt>
      <trkpt lat="40.325426347553730010986328125" lon="9.3531593866646289825439453125">
        <ele>679.20001220703125</ele>
        <time>2026-09-19T07:27:59.000Z</time>
      </trkpt>
      <trkpt lat="40.32545358873903751373291015625" lon="9.3531774915754795074462890625">
        <ele>679.4000244140625</ele>
        <time>2026-09-19T07:28:00.000Z</time>
      </trkpt>
      <trkpt lat="40.3255281038582324981689453125" lon="9.3532254360616207122802734375">
        <ele>680</ele>
        <time>2026-09-19T07:28:03.000Z</time>
      </trkpt>
      <trkpt lat="40.325628854334354400634765625" lon="9.35330514796078205108642578125">
        <ele>679.5999755859375</ele>
        <time>2026-09-19T07:28:08.000Z</time>
      </trkpt>
      <trkpt lat="40.32577075995504856109619140625" lon="9.35343355871737003326416015625">
        <ele>679.5999755859375</ele>
        <time>2026-09-19T07:28:15.000Z</time>
      </trkpt>
      <trkpt lat="40.3259106539189815521240234375" lon="9.35357135720551013946533203125">
        <ele>679</ele>
        <time>2026-09-19T07:28:21.000Z</time>
      </trkpt>
      <trkpt lat="40.3260105662047863006591796875" lon="9.35374536551535129547119140625">
        <ele>678.4000244140625</ele>
        <time>2026-09-19T07:28:27.000Z</time>
      </trkpt>
      <trkpt lat="40.3261272422969341278076171875" lon="9.35391836799681186676025390625">
        <ele>677.79998779296875</ele>
        <time>2026-09-19T07:28:34.000Z</time>
      </trkpt>
      <trkpt lat="40.32620561309158802032470703125" lon="9.35406253673136234283447265625">
        <ele>678.20001220703125</ele>
        <time>2026-09-19T07:28:39.000Z</time>
      </trkpt>
      <trkpt lat="40.32623142935335636138916015625" lon="9.35411768965423107147216796875">
        <ele>678.4000244140625</ele>
        <time>2026-09-19T07:28:41.000Z</time>
      </trkpt>
      <trkpt lat="40.32631793059408664703369140625" lon="9.35426051728427410125732421875">
        <ele>679.20001220703125</ele>
        <time>2026-09-19T07:28:46.000Z</time>
      </trkpt>
      <trkpt lat="40.32646335661411285400390625" lon="9.354384653270244598388671875">
        <ele>678.5999755859375</ele>
        <time>2026-09-19T07:28:52.000Z</time>
      </trkpt>
      <trkpt lat="40.326619260013103485107421875" lon="9.35451549477875232696533203125">
        <ele>676.79998779296875</ele>
        <time>2026-09-19T07:28:59.000Z</time>
      </trkpt>
      <trkpt lat="40.326632671058177947998046875" lon="9.3545407243072986602783203125">
        <ele>676.79998779296875</ele>
        <time>2026-09-19T07:29:00.000Z</time>
      </trkpt>
      <trkpt lat="40.32666628248989582061767578125" lon="9.354663603007793426513671875">
        <ele>677.5999755859375</ele>
        <time>2026-09-19T07:29:04.000Z</time>
      </trkpt>
      <trkpt lat="40.32666427083313465118408203125" lon="9.35469168238341808319091796875">
        <ele>677.79998779296875</ele>
        <time>2026-09-19T07:29:05.000Z</time>
      </trkpt>
      <trkpt lat="40.32666343264281749725341796875" lon="9.35472370125353336334228515625">
        <ele>677.79998779296875</ele>
        <time>2026-09-19T07:29:06.000Z</time>
      </trkpt>
      <trkpt lat="40.3266298212110996246337890625" lon="9.35489301569759845733642578125">
        <ele>680.20001220703125</ele>
        <time>2026-09-19T07:29:11.000Z</time>
      </trkpt>
      <trkpt lat="40.32661112956702709197998046875" lon="9.3550966121256351470947265625">
        <ele>681.5999755859375</ele>
        <time>2026-09-19T07:29:17.000Z</time>
      </trkpt>
      <trkpt lat="40.32660911791026592254638671875" lon="9.3551774136722087860107421875">
        <ele>682</ele>
        <time>2026-09-19T07:29:19.000Z</time>
      </trkpt>
      <trkpt lat="40.32657877542078495025634765625" lon="9.3553819321095943450927734375">
        <ele>684.5999755859375</ele>
        <time>2026-09-19T07:29:24.000Z</time>
      </trkpt>
      <trkpt lat="40.32659210264682769775390625" lon="9.35564495623111724853515625">
        <ele>686</ele>
        <time>2026-09-19T07:29:31.000Z</time>
      </trkpt>
      <trkpt lat="40.32654893584549427032470703125" lon="9.35579490847885608673095703125">
        <ele>687.5999755859375</ele>
        <time>2026-09-19T07:29:36.000Z</time>
      </trkpt>
      <trkpt lat="40.3265248797833919525146484375" lon="9.35589716769754886627197265625">
        <ele>689.20001220703125</ele>
        <time>2026-09-19T07:29:39.000Z</time>
      </trkpt>
      <trkpt lat="40.32651356421411037445068359375" lon="9.3559726886451244354248046875">
        <ele>690.20001220703125</ele>
        <time>2026-09-19T07:29:42.000Z</time>
      </trkpt>
      <trkpt lat="40.3265040926635265350341796875" lon="9.35600034892559051513671875">
        <ele>690.4000244140625</ele>
        <time>2026-09-19T07:29:43.000Z</time>
      </trkpt>
      <trkpt lat="40.3264521248638629913330078125" lon="9.35611794702708721160888671875">
        <ele>692</ele>
        <time>2026-09-19T07:29:47.000Z</time>
      </trkpt>
      <trkpt lat="40.32640627585351467132568359375" lon="9.356221966445446014404296875">
        <ele>694</ele>
        <time>2026-09-19T07:29:51.000Z</time>
      </trkpt>
      <trkpt lat="40.3263971395790576934814453125" lon="9.35624568723142147064208984375">
        <ele>694.20001220703125</ele>
        <time>2026-09-19T07:29:53.000Z</time>
      </trkpt>
      <trkpt lat="40.3263676352798938751220703125" lon="9.356282651424407958984375">
        <ele>695</ele>
        <time>2026-09-19T07:29:55.000Z</time>
      </trkpt>
      <trkpt lat="40.32630820758640766143798828125" lon="9.3563354574143886566162109375">
        <ele>696.4000244140625</ele>
        <time>2026-09-19T07:29:58.000Z</time>
      </trkpt>
      <trkpt lat="40.32620142214000225067138671875" lon="9.35647937469184398651123046875">
        <ele>698.4000244140625</ele>
        <time>2026-09-19T07:30:04.000Z</time>
      </trkpt>
      <trkpt lat="40.32614610157907009124755859375" lon="9.356606192886829376220703125">
        <ele>698.79998779296875</ele>
        <time>2026-09-19T07:30:08.000Z</time>
      </trkpt>
      <trkpt lat="40.32613612711429595947265625" lon="9.35662555508315563201904296875">
        <ele>698.79998779296875</ele>
        <time>2026-09-19T07:30:09.000Z</time>
      </trkpt>
      <trkpt lat="40.32607971690595149993896484375" lon="9.3567444942891597747802734375">
        <ele>699</ele>
        <time>2026-09-19T07:30:14.000Z</time>
      </trkpt>
      <trkpt lat="40.32597427256405353546142578125" lon="9.35689218342304229736328125">
        <ele>700.4000244140625</ele>
        <time>2026-09-19T07:30:21.000Z</time>
      </trkpt>
      <trkpt lat="40.325901098549365997314453125" lon="9.35696334578096866607666015625">
        <ele>701.5999755859375</ele>
        <time>2026-09-19T07:30:26.000Z</time>
      </trkpt>
      <trkpt lat="40.32587754540145397186279296875" lon="9.35699620284140110015869140625">
        <ele>702</ele>
        <time>2026-09-19T07:30:28.000Z</time>
      </trkpt>
      <trkpt lat="40.32584854401648044586181640625" lon="9.35706141404807567596435546875">
        <ele>702.4000244140625</ele>
        <time>2026-09-19T07:30:31.000Z</time>
      </trkpt>
      <trkpt lat="40.325836054980754852294921875" lon="9.35707499273121356964111328125">
        <ele>702.4000244140625</ele>
        <time>2026-09-19T07:30:32.000Z</time>
      </trkpt>
      <trkpt lat="40.3257907927036285400390625" lon="9.35717155225574970245361328125">
        <ele>703</ele>
        <time>2026-09-19T07:30:38.000Z</time>
      </trkpt>
      <trkpt lat="40.32576866447925567626953125" lon="9.35723089613020420074462890625">
        <ele>703.20001220703125</ele>
        <time>2026-09-19T07:30:41.000Z</time>
      </trkpt>
      <trkpt lat="40.3257487155497074127197265625" lon="9.35726257972419261932373046875">
        <ele>703.20001220703125</ele>
        <time>2026-09-19T07:30:43.000Z</time>
      </trkpt>
      <trkpt lat="40.3256620466709136962890625" lon="9.357361234724521636962890625">
        <ele>703.79998779296875</ele>
        <time>2026-09-19T07:30:50.000Z</time>
      </trkpt>
      <trkpt lat="40.32561351545155048370361328125" lon="9.357418902218341827392578125">
        <ele>703.79998779296875</ele>
        <time>2026-09-19T07:30:56.000Z</time>
      </trkpt>
      <trkpt lat="40.32559373416006565093994140625" lon="9.35743658803403377532958984375">
        <ele>703.79998779296875</ele>
        <time>2026-09-19T07:30:57.000Z</time>
      </trkpt>
      <trkpt lat="40.32558090984821319580078125" lon="9.35745620168745517730712890625">
        <ele>703.79998779296875</ele>
        <time>2026-09-19T07:30:58.000Z</time>
      </trkpt>
      <trkpt lat="40.325561799108982086181640625" lon="9.357506074011325836181640625">
        <ele>704.20001220703125</ele>
        <time>2026-09-19T07:31:00.000Z</time>
      </trkpt>
      <trkpt lat="40.325452499091625213623046875" lon="9.35759148560464382171630859375">
        <ele>705</ele>
        <time>2026-09-19T07:31:05.000Z</time>
      </trkpt>
      <trkpt lat="40.32545350492000579833984375" lon="9.35760699212551116943359375">
        <ele>705.20001220703125</ele>
        <time>2026-09-19T07:31:06.000Z</time>
      </trkpt>
      <trkpt lat="40.3254234977066516876220703125" lon="9.35764093883335590362548828125">
        <ele>705.5999755859375</ele>
        <time>2026-09-19T07:31:08.000Z</time>
      </trkpt>
      <trkpt lat="40.325411595404148101806640625" lon="9.35765569098293781280517578125">
        <ele>705.5999755859375</ele>
        <time>2026-09-19T07:31:09.000Z</time>
      </trkpt>
      <trkpt lat="40.3253718651831150054931640625" lon="9.35770212672650814056396484375">
        <ele>705.5999755859375</ele>
        <time>2026-09-19T07:31:12.000Z</time>
      </trkpt>
      <trkpt lat="40.32536566257476806640625" lon="9.35772760771214962005615234375">
        <ele>705.5999755859375</ele>
        <time>2026-09-19T07:31:13.000Z</time>
      </trkpt>
      <trkpt lat="40.32534085214138031005859375" lon="9.3577882088720798492431640625">
        <ele>706</ele>
        <time>2026-09-19T07:31:15.000Z</time>
      </trkpt>
      <trkpt lat="40.3253504075109958648681640625" lon="9.35788284055888652801513671875">
        <ele>706.5999755859375</ele>
        <time>2026-09-19T07:31:21.000Z</time>
      </trkpt>
      <trkpt lat="40.32535200007259845733642578125" lon="9.35789541341364383697509765625">
        <ele>706.5999755859375</ele>
        <time>2026-09-19T07:31:22.000Z</time>
      </trkpt>
      <trkpt lat="40.3253453783690929412841796875" lon="9.3579887039959430694580078125">
        <ele>707</ele>
        <time>2026-09-19T07:31:26.000Z</time>
      </trkpt>
      <trkpt lat="40.32534345053136348724365234375" lon="9.3580131791532039642333984375">
        <ele>707</ele>
        <time>2026-09-19T07:31:27.000Z</time>
      </trkpt>
      <trkpt lat="40.32534898258745670318603515625" lon="9.35808098874986171722412109375">
        <ele>708</ele>
        <time>2026-09-19T07:31:29.000Z</time>
      </trkpt>
      <trkpt lat="40.32531897537410259246826171875" lon="9.35825717635452747344970703125">
        <ele>708.79998779296875</ele>
        <time>2026-09-19T07:31:35.000Z</time>
      </trkpt>
      <trkpt lat="40.32523029483854770660400390625" lon="9.35841693542897701263427734375">
        <ele>708.79998779296875</ele>
        <time>2026-09-19T07:31:40.000Z</time>
      </trkpt>
      <trkpt lat="40.32517983578145503997802734375" lon="9.35855372808873653411865234375">
        <ele>709.5999755859375</ele>
        <time>2026-09-19T07:31:45.000Z</time>
      </trkpt>
      <trkpt lat="40.32517547719180583953857421875" lon="9.3588024191558361053466796875">
        <ele>710.4000244140625</ele>
        <time>2026-09-19T07:31:52.000Z</time>
      </trkpt>
      <trkpt lat="40.32513541169464588165283203125" lon="9.35900718905031681060791015625">
        <ele>710.79998779296875</ele>
        <time>2026-09-19T07:31:58.000Z</time>
      </trkpt>
      <trkpt lat="40.3250523470342159271240234375" lon="9.35922428034245967864990234375">
        <ele>710.79998779296875</ele>
        <time>2026-09-19T07:32:04.000Z</time>
      </trkpt>
      <trkpt lat="40.32504220493137836456298828125" lon="9.3592537008225917816162109375">
        <ele>710.5999755859375</ele>
        <time>2026-09-19T07:32:05.000Z</time>
      </trkpt>
      <trkpt lat="40.32502493821084499359130859375" lon="9.35940935276448726654052734375">
        <ele>709.79998779296875</ele>
        <time>2026-09-19T07:32:11.000Z</time>
      </trkpt>
      <trkpt lat="40.32506684772670269012451171875" lon="9.35954983346164226531982421875">
        <ele>710.20001220703125</ele>
        <time>2026-09-19T07:32:15.000Z</time>
      </trkpt>
      <trkpt lat="40.3250697813928127288818359375" lon="9.3596141226589679718017578125">
        <ele>710.20001220703125</ele>
        <time>2026-09-19T07:32:17.000Z</time>
      </trkpt>
      <trkpt lat="40.32506668008863925933837890625" lon="9.3598149530589580535888671875">
        <ele>711</ele>
        <time>2026-09-19T07:32:23.000Z</time>
      </trkpt>
      <trkpt lat="40.32508461736142635345458984375" lon="9.359977729618549346923828125">
        <ele>711.4000244140625</ele>
        <time>2026-09-19T07:32:28.000Z</time>
      </trkpt>
      <trkpt lat="40.3251160494983196258544921875" lon="9.36014662496745586395263671875">
        <ele>712</ele>
        <time>2026-09-19T07:32:34.000Z</time>
      </trkpt>
      <trkpt lat="40.32513993792235851287841796875" lon="9.36032700352370738983154296875">
        <ele>712.79998779296875</ele>
        <time>2026-09-19T07:32:40.000Z</time>
      </trkpt>
      <trkpt lat="40.32515636645257472991943359375" lon="9.36044074594974517822265625">
        <ele>713</ele>
        <time>2026-09-19T07:32:43.000Z</time>
      </trkpt>
      <trkpt lat="40.3251509182155132293701171875" lon="9.36057896353304386138916015625">
        <ele>713.5999755859375</ele>
        <time>2026-09-19T07:32:47.000Z</time>
      </trkpt>
      <trkpt lat="40.3251683525741100311279296875" lon="9.36078448779881000518798828125">
        <ele>715</ele>
        <time>2026-09-19T07:32:53.000Z</time>
      </trkpt>
      <trkpt lat="40.32521269284188747406005859375" lon="9.3610447458922863006591796875">
        <ele>715.79998779296875</ele>
        <time>2026-09-19T07:33:01.000Z</time>
      </trkpt>
      <trkpt lat="40.32519106753170490264892578125" lon="9.361145496368408203125">
        <ele>716</ele>
        <time>2026-09-19T07:33:04.000Z</time>
      </trkpt>
      <trkpt lat="40.32522107474505901336669921875" lon="9.3612666986882686614990234375">
        <ele>716.5999755859375</ele>
        <time>2026-09-19T07:33:08.000Z</time>
      </trkpt>
      <trkpt lat="40.32522417604923248291015625" lon="9.3613300658762454986572265625">
        <ele>716.79998779296875</ele>
        <time>2026-09-19T07:33:10.000Z</time>
      </trkpt>
      <trkpt lat="40.32522392459213733673095703125" lon="9.3613639287650585174560546875">
        <ele>717</ele>
        <time>2026-09-19T07:33:11.000Z</time>
      </trkpt>
      <trkpt lat="40.3252156265079975128173828125" lon="9.3614742346107959747314453125">
        <ele>717</ele>
        <time>2026-09-19T07:33:14.000Z</time>
      </trkpt>
      <trkpt lat="40.32522493042051792144775390625" lon="9.3615094386041164398193359375">
        <ele>717</ele>
        <time>2026-09-19T07:33:15.000Z</time>
      </trkpt>
      <trkpt lat="40.32525678165256977081298828125" lon="9.36161287128925323486328125">
        <ele>717.5999755859375</ele>
        <time>2026-09-19T07:33:18.000Z</time>
      </trkpt>
      <trkpt lat="40.32527622766792774200439453125" lon="9.36174505390226840972900390625">
        <ele>718.4000244140625</ele>
        <time>2026-09-19T07:33:22.000Z</time>
      </trkpt>
      <trkpt lat="40.325282178819179534912109375" lon="9.361784197390079498291015625">
        <ele>718.79998779296875</ele>
        <time>2026-09-19T07:33:23.000Z</time>
      </trkpt>
      <trkpt lat="40.3252702765166759490966796875" lon="9.36204093508422374725341796875">
        <ele>719.4000244140625</ele>
        <time>2026-09-19T07:33:30.000Z</time>
      </trkpt>
      <trkpt lat="40.32526851631700992584228515625" lon="9.362173788249492645263671875">
        <ele>719.79998779296875</ele>
        <time>2026-09-19T07:33:35.000Z</time>
      </trkpt>
      <trkpt lat="40.3252749703824520111083984375" lon="9.36232172884047031402587890625">
        <ele>721.4000244140625</ele>
        <time>2026-09-19T07:33:40.000Z</time>
      </trkpt>
      <trkpt lat="40.32526834867894649505615234375" lon="9.36234821565449237823486328125">
        <ele>721.79998779296875</ele>
        <time>2026-09-19T07:33:41.000Z</time>
      </trkpt>
      <trkpt lat="40.32523884437978267669677734375" lon="9.362454749643802642822265625">
        <ele>723</ele>
        <time>2026-09-19T07:33:46.000Z</time>
      </trkpt>
      <trkpt lat="40.3252230025827884674072265625" lon="9.36248199082911014556884765625">
        <ele>723.5999755859375</ele>
        <time>2026-09-19T07:33:47.000Z</time>
      </trkpt>
      <trkpt lat="40.32521612942218780517578125" lon="9.36250931583344936370849609375">
        <ele>724.20001220703125</ele>
        <time>2026-09-19T07:33:49.000Z</time>
      </trkpt>
      <trkpt lat="40.3252075798809528350830078125" lon="9.36255633831024169921875">
        <ele>725.4000244140625</ele>
        <time>2026-09-19T07:33:51.000Z</time>
      </trkpt>
      <trkpt lat="40.3252183087170124053955078125" lon="9.3626057915389537811279296875">
        <ele>726.4000244140625</ele>
        <time>2026-09-19T07:33:54.000Z</time>
      </trkpt>
      <trkpt lat="40.32522157765924930572509765625" lon="9.36261492781341075897216796875">
        <ele>726.4000244140625</ele>
        <time>2026-09-19T07:33:58.000Z</time>
      </trkpt>
      <trkpt lat="40.325271785259246826171875" lon="9.36264141462743282318115234375">
        <ele>726.4000244140625</ele>
        <time>2026-09-19T07:34:04.000Z</time>
      </trkpt>
      <trkpt lat="40.3253738768398761749267578125" lon="9.36279346235096454620361328125">
        <ele>727.79998779296875</ele>
        <time>2026-09-19T07:34:10.000Z</time>
      </trkpt>
      <trkpt lat="40.32545912079513072967529296875" lon="9.36297333799302577972412109375">
        <ele>728.20001220703125</ele>
        <time>2026-09-19T07:34:15.000Z</time>
      </trkpt>
      <trkpt lat="40.32552332617342472076416015625" lon="9.36305665411055088043212890625">
        <ele>728.79998779296875</ele>
        <time>2026-09-19T07:34:19.000Z</time>
      </trkpt>
      <trkpt lat="40.3255871124565601348876953125" lon="9.36319227330386638641357421875">
        <ele>731.79998779296875</ele>
        <time>2026-09-19T07:34:26.000Z</time>
      </trkpt>
      <trkpt lat="40.32559289596974849700927734375" lon="9.3632589094340801239013671875">
        <ele>733</ele>
        <time>2026-09-19T07:34:30.000Z</time>
      </trkpt>
      <trkpt lat="40.32561938278377056121826171875" lon="9.3633035011589527130126953125">
        <ele>733.79998779296875</ele>
        <time>2026-09-19T07:34:33.000Z</time>
      </trkpt>
      <trkpt lat="40.32563061453402042388916015625" lon="9.36334901489317417144775390625">
        <ele>734.4000244140625</ele>
        <time>2026-09-19T07:34:35.000Z</time>
      </trkpt>
      <trkpt lat="40.32567621208727359771728515625" lon="9.363388158380985260009765625">
        <ele>735.20001220703125</ele>
        <time>2026-09-19T07:34:39.000Z</time>
      </trkpt>
      <trkpt lat="40.3256940655410289764404296875" lon="9.36340902931988239288330078125">
        <ele>735.5999755859375</ele>
        <time>2026-09-19T07:34:41.000Z</time>
      </trkpt>
      <trkpt lat="40.325691215693950653076171875" lon="9.36343367211520671844482421875">
        <ele>735.79998779296875</ele>
        <time>2026-09-19T07:34:42.000Z</time>
      </trkpt>
      <trkpt lat="40.32570018433034420013427734375" lon="9.363493435084819793701171875">
        <ele>736.5999755859375</ele>
        <time>2026-09-19T07:34:45.000Z</time>
      </trkpt>
      <trkpt lat="40.32572801224887371063232421875" lon="9.363524280488491058349609375">
        <ele>737.20001220703125</ele>
        <time>2026-09-19T07:34:48.000Z</time>
      </trkpt>
      <trkpt lat="40.3257420100271701812744140625" lon="9.36358102597296237945556640625">
        <ele>738</ele>
        <time>2026-09-19T07:34:51.000Z</time>
      </trkpt>
      <trkpt lat="40.32574024982750415802001953125" lon="9.363610446453094482421875">
        <ele>738.4000244140625</ele>
        <time>2026-09-19T07:34:53.000Z</time>
      </trkpt>
      <trkpt lat="40.32573781907558441162109375" lon="9.3636707961559295654296875">
        <ele>739</ele>
        <time>2026-09-19T07:34:57.000Z</time>
      </trkpt>
      <trkpt lat="40.32578987069427967071533203125" lon="9.36380901373922824859619140625">
        <ele>740.5999755859375</ele>
        <time>2026-09-19T07:35:05.000Z</time>
      </trkpt>
      <trkpt lat="40.325751565396785736083984375" lon="9.363959468901157379150390625">
        <ele>742.4000244140625</ele>
        <time>2026-09-19T07:35:11.000Z</time>
      </trkpt>
      <trkpt lat="40.325799845159053802490234375" lon="9.3640018813312053680419921875">
        <ele>742.5999755859375</ele>
        <time>2026-09-19T07:35:15.000Z</time>
      </trkpt>
      <trkpt lat="40.32591090537607669830322265625" lon="9.3641121871769428253173828125">
        <ele>744.20001220703125</ele>
        <time>2026-09-19T07:35:21.000Z</time>
      </trkpt>
      <trkpt lat="40.32593362033367156982421875" lon="9.36413557268679141998291015625">
        <ele>744.5999755859375</ele>
        <time>2026-09-19T07:35:25.000Z</time>
      </trkpt>
      <trkpt lat="40.32592079602181911468505859375" lon="9.36410724185407161712646484375">
        <ele>744.20001220703125</ele>
        <time>2026-09-19T07:35:28.000Z</time>
      </trkpt>
      <trkpt lat="40.3259093128144741058349609375" lon="9.3640659190714359283447265625">
        <ele>743.79998779296875</ele>
        <time>2026-09-19T07:35:32.000Z</time>
      </trkpt>
      <trkpt lat="40.32594158314168453216552734375" lon="9.36411537230014801025390625">
        <ele>744.4000244140625</ele>
        <time>2026-09-19T07:35:37.000Z</time>
      </trkpt>
      <trkpt lat="40.325939320027828216552734375" lon="9.36415233649313449859619140625">
        <ele>744.79998779296875</ele>
        <time>2026-09-19T07:35:42.000Z</time>
      </trkpt>
      <trkpt lat="40.32586656510829925537109375" lon="9.3642533384263515472412109375">
        <ele>746.20001220703125</ele>
        <time>2026-09-19T07:35:49.000Z</time>
      </trkpt>
      <trkpt lat="40.32588140107691287994384765625" lon="9.36433053575456142425537109375">
        <ele>747.5999755859375</ele>
        <time>2026-09-19T07:35:54.000Z</time>
      </trkpt>
      <trkpt lat="40.32591274939477443695068359375" lon="9.36435601674020290374755859375">
        <ele>748</ele>
        <time>2026-09-19T07:35:56.000Z</time>
      </trkpt>
      <trkpt lat="40.3259062953293323516845703125" lon="9.36442743055522441864013671875">
        <ele>749.20001220703125</ele>
        <time>2026-09-19T07:35:59.000Z</time>
      </trkpt>
      <trkpt lat="40.32589741051197052001953125" lon="9.36448752880096435546875">
        <ele>750.20001220703125</ele>
        <time>2026-09-19T07:36:02.000Z</time>
      </trkpt>
      <trkpt lat="40.32590034417808055877685546875" lon="9.3644995987415313720703125">
        <ele>750.4000244140625</ele>
        <time>2026-09-19T07:36:03.000Z</time>
      </trkpt>
      <trkpt lat="40.32591191120445728302001953125" lon="9.364529438316822052001953125">
        <ele>750.79998779296875</ele>
        <time>2026-09-19T07:36:05.000Z</time>
      </trkpt>
      <trkpt lat="40.32592515461146831512451171875" lon="9.3645577691495418548583984375">
        <ele>751.20001220703125</ele>
        <time>2026-09-19T07:36:07.000Z</time>
      </trkpt>
      <trkpt lat="40.3259502165019512176513671875" lon="9.3647012673318386077880859375">
        <ele>753.4000244140625</ele>
        <time>2026-09-19T07:36:13.000Z</time>
      </trkpt>
      <trkpt lat="40.32595105469226837158203125" lon="9.36473823152482509613037109375">
        <ele>754.20001220703125</ele>
        <time>2026-09-19T07:36:14.000Z</time>
      </trkpt>
      <trkpt lat="40.3259503841400146484375" lon="9.36480377800762653350830078125">
        <ele>755.5999755859375</ele>
        <time>2026-09-19T07:36:16.000Z</time>
      </trkpt>
      <trkpt lat="40.32594434916973114013671875" lon="9.364853315055370330810546875">
        <ele>756.5999755859375</ele>
        <time>2026-09-19T07:36:18.000Z</time>
      </trkpt>
      <trkpt lat="40.32592817209661006927490234375" lon="9.3649332784116268157958984375">
        <ele>758.4000244140625</ele>
        <time>2026-09-19T07:36:22.000Z</time>
      </trkpt>
      <trkpt lat="40.3259116597473621368408203125" lon="9.36499035917222499847412109375">
        <ele>759.5999755859375</ele>
        <time>2026-09-19T07:36:26.000Z</time>
      </trkpt>
      <trkpt lat="40.32583530060946941375732421875" lon="9.36510100029408931732177734375">
        <ele>761.4000244140625</ele>
        <time>2026-09-19T07:36:33.000Z</time>
      </trkpt>
      <trkpt lat="40.325795821845531463623046875" lon="9.3651304207742214202880859375">
        <ele>762</ele>
        <time>2026-09-19T07:36:37.000Z</time>
      </trkpt>
      <trkpt lat="40.32575064338743686676025390625" lon="9.36513083986937999725341796875">
        <ele>762.20001220703125</ele>
        <time>2026-09-19T07:36:40.000Z</time>
      </trkpt>
      <trkpt lat="40.325671769678592681884765625" lon="9.36510636471211910247802734375">
        <ele>762.4000244140625</ele>
        <time>2026-09-19T07:36:44.000Z</time>
      </trkpt>
      <trkpt lat="40.32566271722316741943359375" lon="9.3650962226092815399169921875">
        <ele>762.20001220703125</ele>
        <time>2026-09-19T07:36:45.000Z</time>
      </trkpt>
      <trkpt lat="40.325579233467578887939453125" lon="9.36511181294918060302734375">
        <ele>762.79998779296875</ele>
        <time>2026-09-19T07:36:49.000Z</time>
      </trkpt>
      <trkpt lat="40.3254238329827785491943359375" lon="9.36523678712546825408935546875">
        <ele>765.20001220703125</ele>
        <time>2026-09-19T07:36:55.000Z</time>
      </trkpt>
      <trkpt lat="40.3253960050642490386962890625" lon="9.3653188459575176239013671875">
        <ele>766.5999755859375</ele>
        <time>2026-09-19T07:37:00.000Z</time>
      </trkpt>
      <trkpt lat="40.3253202326595783233642578125" lon="9.36541934497654438018798828125">
        <ele>768.20001220703125</ele>
        <time>2026-09-19T07:37:04.000Z</time>
      </trkpt>
      <trkpt lat="40.3253079950809478759765625" lon="9.3654935248196125030517578125">
        <ele>769.4000244140625</ele>
        <time>2026-09-19T07:37:08.000Z</time>
      </trkpt>
      <trkpt lat="40.32531428150832653045654296875" lon="9.36550299637019634246826171875">
        <ele>769.4000244140625</ele>
        <time>2026-09-19T07:37:09.000Z</time>
      </trkpt>
      <trkpt lat="40.32532207667827606201171875" lon="9.36550836078822612762451171875">
        <ele>769.5999755859375</ele>
        <time>2026-09-19T07:37:10.000Z</time>
      </trkpt>
      <trkpt lat="40.32534747384488582611083984375" lon="9.36557960696518421173095703125">
        <ele>770.4000244140625</ele>
        <time>2026-09-19T07:37:14.000Z</time>
      </trkpt>
      <trkpt lat="40.3253782354295253753662109375" lon="9.36567985452711582183837890625">
        <ele>771.79998779296875</ele>
        <time>2026-09-19T07:37:22.000Z</time>
      </trkpt>
      <trkpt lat="40.32544218935072422027587890625" lon="9.36574079096317291259765625">
        <ele>772.4000244140625</ele>
        <time>2026-09-19T07:37:29.000Z</time>
      </trkpt>
      <trkpt lat="40.32547990791499614715576171875" lon="9.36577205546200275421142578125">
        <ele>772.79998779296875</ele>
        <time>2026-09-19T07:37:31.000Z</time>
      </trkpt>
      <trkpt lat="40.32549298368394374847412109375" lon="9.3658217601478099822998046875">
        <ele>773.5999755859375</ele>
        <time>2026-09-19T07:37:33.000Z</time>
      </trkpt>
      <trkpt lat="40.3255006112158298492431640625" lon="9.36584900133311748504638671875">
        <ele>774</ele>
        <time>2026-09-19T07:37:34.000Z</time>
      </trkpt>
      <trkpt lat="40.32557462342083454132080078125" lon="9.365949667990207672119140625">
        <ele>775.79998779296875</ele>
        <time>2026-09-19T07:37:39.000Z</time>
      </trkpt>
      <trkpt lat="40.3256635554134845733642578125" lon="9.3660695292055606842041015625">
        <ele>778</ele>
        <time>2026-09-19T07:37:45.000Z</time>
      </trkpt>
      <trkpt lat="40.3256749548017978668212890625" lon="9.3661250174045562744140625">
        <ele>779</ele>
        <time>2026-09-19T07:37:47.000Z</time>
      </trkpt>
      <trkpt lat="40.32571376301348209381103515625" lon="9.366161562502384185791015625">
        <ele>779.5999755859375</ele>
        <time>2026-09-19T07:37:50.000Z</time>
      </trkpt>
      <trkpt lat="40.32574712298810482025146484375" lon="9.366183020174503326416015625">
        <ele>780</ele>
        <time>2026-09-19T07:37:53.000Z</time>
      </trkpt>
      <trkpt lat="40.32578081823885440826416015625" lon="9.36622534878551959991455078125">
        <ele>780.79998779296875</ele>
        <time>2026-09-19T07:37:56.000Z</time>
      </trkpt>
      <trkpt lat="40.32580428756773471832275390625" lon="9.36626172624528408050537109375">
        <ele>781.4000244140625</ele>
        <time>2026-09-19T07:38:00.000Z</time>
      </trkpt>
      <trkpt lat="40.3258516453206539154052734375" lon="9.366308748722076416015625">
        <ele>782</ele>
        <time>2026-09-19T07:38:03.000Z</time>
      </trkpt>
      <trkpt lat="40.32586413435637950897216796875" lon="9.36633565463125705718994140625">
        <ele>782.4000244140625</ele>
        <time>2026-09-19T07:38:04.000Z</time>
      </trkpt>
      <trkpt lat="40.3259019367396831512451171875" lon="9.36644512228667736053466796875">
        <ele>785</ele>
        <time>2026-09-19T07:38:08.000Z</time>
      </trkpt>
      <trkpt lat="40.3259839117527008056640625" lon="9.3664688430726528167724609375">
        <ele>785.20001220703125</ele>
        <time>2026-09-19T07:38:14.000Z</time>
      </trkpt>
      <trkpt lat="40.32598935998976230621337890625" lon="9.366476722061634063720703125">
        <ele>785.4000244140625</ele>
        <time>2026-09-19T07:38:15.000Z</time>
      </trkpt>
      <trkpt lat="40.32608994282782077789306640625" lon="9.3665291927754878997802734375">
        <ele>786.4000244140625</ele>
        <time>2026-09-19T07:38:19.000Z</time>
      </trkpt>
      <trkpt lat="40.3261205367743968963623046875" lon="9.36654553748667240142822265625">
        <ele>786.5999755859375</ele>
        <time>2026-09-19T07:38:20.000Z</time>
      </trkpt>
      <trkpt lat="40.3262261487543582916259765625" lon="9.3666116707026958465576171875">
        <ele>788</ele>
        <time>2026-09-19T07:38:26.000Z</time>
      </trkpt>
      <trkpt lat="40.32623595558106899261474609375" lon="9.36662935651838779449462890625">
        <ele>788.4000244140625</ele>
        <time>2026-09-19T07:38:28.000Z</time>
      </trkpt>
      <trkpt lat="40.326236374676227569580078125" lon="9.36670479364693164825439453125">
        <ele>790.20001220703125</ele>
        <time>2026-09-19T07:38:32.000Z</time>
      </trkpt>
      <trkpt lat="40.32625439576804637908935546875" lon="9.36675139702856540679931640625">
        <ele>791.4000244140625</ele>
        <time>2026-09-19T07:38:35.000Z</time>
      </trkpt>
      <trkpt lat="40.32627317123115062713623046875" lon="9.36678023077547550201416015625">
        <ele>792</ele>
        <time>2026-09-19T07:38:38.000Z</time>
      </trkpt>
      <trkpt lat="40.32629169523715972900390625" lon="9.36679221689701080322265625">
        <ele>792.20001220703125</ele>
        <time>2026-09-19T07:38:39.000Z</time>
      </trkpt>
      <trkpt lat="40.32630502246320247650146484375" lon="9.36681426130235195159912109375">
        <ele>792.79998779296875</ele>
        <time>2026-09-19T07:38:41.000Z</time>
      </trkpt>
      <trkpt lat="40.32631717622280120849609375" lon="9.36682842671871185302734375">
        <ele>793</ele>
        <time>2026-09-19T07:38:43.000Z</time>
      </trkpt>
      <trkpt lat="40.3263366222381591796875" lon="9.36685633845627307891845703125">
        <ele>793.79998779296875</ele>
        <time>2026-09-19T07:38:45.000Z</time>
      </trkpt>
      <trkpt lat="40.32636009156703948974609375" lon="9.36689103953540325164794921875">
        <ele>794.5999755859375</ele>
        <time>2026-09-19T07:38:48.000Z</time>
      </trkpt>
      <trkpt lat="40.3264145739376544952392578125" lon="9.3668948113918304443359375">
        <ele>794.4000244140625</ele>
        <time>2026-09-19T07:38:51.000Z</time>
      </trkpt>
      <trkpt lat="40.32648204825818538665771484375" lon="9.36689053662121295928955078125">
        <ele>794</ele>
        <time>2026-09-19T07:38:54.000Z</time>
      </trkpt>
      <trkpt lat="40.32659218646585941314697265625" lon="9.36698256991803646087646484375">
        <ele>796.5999755859375</ele>
        <time>2026-09-19T07:39:02.000Z</time>
      </trkpt>
      <trkpt lat="40.3266703896224498748779296875" lon="9.3670585937798023223876953125">
        <ele>799</ele>
        <time>2026-09-19T07:39:07.000Z</time>
      </trkpt>
      <trkpt lat="40.3266747482120990753173828125" lon="9.36710813082754611968994140625">
        <ele>800.79998779296875</ele>
        <time>2026-09-19T07:39:09.000Z</time>
      </trkpt>
      <trkpt lat="40.326707102358341217041015625" lon="9.36715791933238506317138671875">
        <ele>802.4000244140625</ele>
        <time>2026-09-19T07:39:12.000Z</time>
      </trkpt>
      <trkpt lat="40.32672679983079433441162109375" lon="9.3671997450292110443115234375">
        <ele>803.79998779296875</ele>
        <time>2026-09-19T07:39:15.000Z</time>
      </trkpt>
      <trkpt lat="40.32673819921910762786865234375" lon="9.36721458099782466888427734375">
        <ele>804</ele>
        <time>2026-09-19T07:39:16.000Z</time>
      </trkpt>
      <trkpt lat="40.326741635799407958984375" lon="9.36727995984256267547607421875">
        <ele>805.4000244140625</ele>
        <time>2026-09-19T07:39:20.000Z</time>
      </trkpt>
      <trkpt lat="40.3267565555870532989501953125" lon="9.3673120625317096710205078125">
        <ele>806.20001220703125</ele>
        <time>2026-09-19T07:39:22.000Z</time>
      </trkpt>
      <trkpt lat="40.32676242291927337646484375" lon="9.36734634451568126678466796875">
        <ele>807</ele>
        <time>2026-09-19T07:39:25.000Z</time>
      </trkpt>
      <trkpt lat="40.32677105627954006195068359375" lon="9.36736931093037128448486328125">
        <ele>807.5999755859375</ele>
        <time>2026-09-19T07:39:26.000Z</time>
      </trkpt>
      <trkpt lat="40.326822102069854736328125" lon="9.36746218241751194000244140625">
        <ele>809.79998779296875</ele>
        <time>2026-09-19T07:39:33.000Z</time>
      </trkpt>
      <trkpt lat="40.32682235352694988250732421875" lon="9.36756896786391735076904296875">
        <ele>810.79998779296875</ele>
        <time>2026-09-19T07:39:39.000Z</time>
      </trkpt>
      <trkpt lat="40.3268309868872165679931640625" lon="9.3676168285310268402099609375">
        <ele>811.4000244140625</ele>
        <time>2026-09-19T07:39:43.000Z</time>
      </trkpt>
      <trkpt lat="40.3268393687903881072998046875" lon="9.3676738254725933074951171875">
        <ele>812</ele>
        <time>2026-09-19T07:39:45.000Z</time>
      </trkpt>
      <trkpt lat="40.32686258666217327117919921875" lon="9.36774297617375850677490234375">
        <ele>813</ele>
        <time>2026-09-19T07:39:48.000Z</time>
      </trkpt>
      <trkpt lat="40.326866023242473602294921875" lon="9.36779276467859745025634765625">
        <ele>813.20001220703125</ele>
        <time>2026-09-19T07:39:51.000Z</time>
      </trkpt>
      <trkpt lat="40.32686275430023670196533203125" lon="9.36783199198544025421142578125">
        <ele>813.4000244140625</ele>
        <time>2026-09-19T07:39:53.000Z</time>
      </trkpt>
      <trkpt lat="40.3268621675670146942138671875" lon="9.36784925870597362518310546875">
        <ele>813.4000244140625</ele>
        <time>2026-09-19T07:39:54.000Z</time>
      </trkpt>
      <trkpt lat="40.32686996273696422576904296875" lon="9.36788261868059635162353515625">
        <ele>813.5999755859375</ele>
        <time>2026-09-19T07:39:56.000Z</time>
      </trkpt>
      <trkpt lat="40.32686795108020305633544921875" lon="9.36792369000613689422607421875">
        <ele>813.5999755859375</ele>
        <time>2026-09-19T07:39:58.000Z</time>
      </trkpt>
      <trkpt lat="40.32681732438504695892333984375" lon="9.36807305552065372467041015625">
        <ele>815</ele>
        <time>2026-09-19T07:40:04.000Z</time>
      </trkpt>
      <trkpt lat="40.32682905904948711395263671875" lon="9.3680905736982822418212890625">
        <ele>815</ele>
        <time>2026-09-19T07:40:05.000Z</time>
      </trkpt>
      <trkpt lat="40.32685621641576290130615234375" lon="9.36818000860512256622314453125">
        <ele>815.4000244140625</ele>
        <time>2026-09-19T07:40:10.000Z</time>
      </trkpt>
      <trkpt lat="40.32686929218471050262451171875" lon="9.36818822287023067474365234375">
        <ele>815.4000244140625</ele>
        <time>2026-09-19T07:40:11.000Z</time>
      </trkpt>
      <trkpt lat="40.32689896412193775177001953125" lon="9.36819962225854396820068359375">
        <ele>815.20001220703125</ele>
        <time>2026-09-19T07:40:13.000Z</time>
      </trkpt>
      <trkpt lat="40.3269228525459766387939453125" lon="9.36819911934435367584228515625">
        <ele>815.20001220703125</ele>
        <time>2026-09-19T07:40:14.000Z</time>
      </trkpt>
      <trkpt lat="40.32698077149689197540283203125" lon="9.3683834373950958251953125">
        <ele>816.4000244140625</ele>
        <time>2026-09-19T07:40:22.000Z</time>
      </trkpt>
      <trkpt lat="40.32699351198971271514892578125" lon="9.36844571493566036224365234375">
        <ele>816.5999755859375</ele>
        <time>2026-09-19T07:40:26.000Z</time>
      </trkpt>
      <trkpt lat="40.327022261917591094970703125" lon="9.36846935190260410308837890625">
        <ele>816.5999755859375</ele>
        <time>2026-09-19T07:40:28.000Z</time>
      </trkpt>
      <trkpt lat="40.327040366828441619873046875" lon="9.36857630498707294464111328125">
        <ele>817</ele>
        <time>2026-09-19T07:40:34.000Z</time>
      </trkpt>
      <trkpt lat="40.32701111398637294769287109375" lon="9.36872315593063831329345703125">
        <ele>817.5999755859375</ele>
        <time>2026-09-19T07:40:40.000Z</time>
      </trkpt>
      <trkpt lat="40.3270214237272739410400390625" lon="9.36888836324214935302734375">
        <ele>818.5999755859375</ele>
        <time>2026-09-19T07:40:45.000Z</time>
      </trkpt>
      <trkpt lat="40.32702066935598850250244140625" lon="9.3689881078898906707763671875">
        <ele>819</ele>
        <time>2026-09-19T07:40:48.000Z</time>
      </trkpt>
      <trkpt lat="40.32701966352760791778564453125" lon="9.3690115772187709808349609375">
        <ele>819.20001220703125</ele>
        <time>2026-09-19T07:40:49.000Z</time>
      </trkpt>
      <trkpt lat="40.3270143829286098480224609375" lon="9.36904200352728366851806640625">
        <ele>819.20001220703125</ele>
        <time>2026-09-19T07:40:50.000Z</time>
      </trkpt>
      <trkpt lat="40.32701329328119754791259765625" lon="9.36909749172627925872802734375">
        <ele>819.4000244140625</ele>
        <time>2026-09-19T07:40:52.000Z</time>
      </trkpt>
      <trkpt lat="40.32699535600841045379638671875" lon="9.36917711980640888214111328125">
        <ele>819.79998779296875</ele>
        <time>2026-09-19T07:40:55.000Z</time>
      </trkpt>
      <trkpt lat="40.3269751556217670440673828125" lon="9.36919723637402057647705078125">
        <ele>820</ele>
        <time>2026-09-19T07:40:56.000Z</time>
      </trkpt>
      <trkpt lat="40.3269094415009021759033203125" lon="9.36931340955197811126708984375">
        <ele>821.79998779296875</ele>
        <time>2026-09-19T07:41:02.000Z</time>
      </trkpt>
      <trkpt lat="40.32690650783479213714599609375" lon="9.36933436430990695953369140625">
        <ele>822</ele>
        <time>2026-09-19T07:41:04.000Z</time>
      </trkpt>
      <trkpt lat="40.326913632452487945556640625" lon="9.36934006400406360626220703125">
        <ele>822</ele>
        <time>2026-09-19T07:41:06.000Z</time>
      </trkpt>
      <trkpt lat="40.32693483866751194000244140625" lon="9.369337968528270721435546875">
        <ele>821.79998779296875</ele>
        <time>2026-09-19T07:41:07.000Z</time>
      </trkpt>
      <trkpt lat="40.32693685032427310943603515625" lon="9.36935079284012317657470703125">
        <ele>822</ele>
        <time>2026-09-19T07:41:08.000Z</time>
      </trkpt>
      <trkpt lat="40.3269119560718536376953125" lon="9.3694015033543109893798828125">
        <ele>822.79998779296875</ele>
        <time>2026-09-19T07:41:11.000Z</time>
      </trkpt>
      <trkpt lat="40.3268956951797008514404296875" lon="9.36947937123477458953857421875">
        <ele>823.20001220703125</ele>
        <time>2026-09-19T07:41:16.000Z</time>
      </trkpt>
      <trkpt lat="40.32687046565115451812744140625" lon="9.3694967217743396759033203125">
        <ele>823.79998779296875</ele>
        <time>2026-09-19T07:41:17.000Z</time>
      </trkpt>
      <trkpt lat="40.3267402946949005126953125" lon="9.3695433251559734344482421875">
        <ele>826.4000244140625</ele>
        <time>2026-09-19T07:41:21.000Z</time>
      </trkpt>
      <trkpt lat="40.32666661776602268218994140625" lon="9.36962571926414966583251953125">
        <ele>828.5999755859375</ele>
        <time>2026-09-19T07:41:25.000Z</time>
      </trkpt>
      <trkpt lat="40.32660827971994876861572265625" lon="9.36970802955329418182373046875">
        <ele>830</ele>
        <time>2026-09-19T07:41:29.000Z</time>
      </trkpt>
      <trkpt lat="40.3266070224344730377197265625" lon="9.36973736621439456939697265625">
        <ele>830</ele>
        <time>2026-09-19T07:41:31.000Z</time>
      </trkpt>
      <trkpt lat="40.32660475932061672210693359375" lon="9.36975228600203990936279296875">
        <ele>830</ele>
        <time>2026-09-19T07:41:32.000Z</time>
      </trkpt>
      <trkpt lat="40.3265865705907344818115234375" lon="9.36982671730220317840576171875">
        <ele>830</ele>
        <time>2026-09-19T07:41:35.000Z</time>
      </trkpt>
      <trkpt lat="40.32657064497470855712890625" lon="9.36988078057765960693359375">
        <ele>830</ele>
        <time>2026-09-19T07:41:39.000Z</time>
      </trkpt>
      <trkpt lat="40.3265688009560108184814453125" lon="9.36989142559468746185302734375">
        <ele>830</ele>
        <time>2026-09-19T07:41:40.000Z</time>
      </trkpt>
      <trkpt lat="40.3265225328505039215087890625" lon="9.36998404562473297119140625">
        <ele>830.5999755859375</ele>
        <time>2026-09-19T07:41:45.000Z</time>
      </trkpt>
      <trkpt lat="40.32645371742546558380126953125" lon="9.3701256997883319854736328125">
        <ele>831.4000244140625</ele>
        <time>2026-09-19T07:41:50.000Z</time>
      </trkpt>
      <trkpt lat="40.32641247846186161041259765625" lon="9.37019820325076580047607421875">
        <ele>831.79998779296875</ele>
        <time>2026-09-19T07:41:55.000Z</time>
      </trkpt>
      <trkpt lat="40.32637056894600391387939453125" lon="9.37029358930885791778564453125">
        <ele>832.4000244140625</ele>
        <time>2026-09-19T07:42:00.000Z</time>
      </trkpt>
      <trkpt lat="40.32635749317705631256103515625" lon="9.37031907029449939727783203125">
        <ele>832.4000244140625</ele>
        <time>2026-09-19T07:42:01.000Z</time>
      </trkpt>
      <trkpt lat="40.32621768303215503692626953125" lon="9.370487630367279052734375">
        <ele>834.4000244140625</ele>
        <time>2026-09-19T07:42:07.000Z</time>
      </trkpt>
      <trkpt lat="40.3262010030448436737060546875" lon="9.3704958446323871612548828125">
        <ele>834.5999755859375</ele>
        <time>2026-09-19T07:42:08.000Z</time>
      </trkpt>
      <trkpt lat="40.3261419944465160369873046875" lon="9.37052576802670955657958984375">
        <ele>835.5999755859375</ele>
        <time>2026-09-19T07:42:11.000Z</time>
      </trkpt>
      <trkpt lat="40.326109640300273895263671875" lon="9.37052945606410503387451171875">
        <ele>836.20001220703125</ele>
        <time>2026-09-19T07:42:12.000Z</time>
      </trkpt>
      <trkpt lat="40.32606949098408222198486328125" lon="9.37052794732153415679931640625">
        <ele>836.79998779296875</ele>
        <time>2026-09-19T07:42:13.000Z</time>
      </trkpt>
      <trkpt lat="40.32604317180812358856201171875" lon="9.37047832645475864410400390625">
        <ele>837.5999755859375</ele>
        <time>2026-09-19T07:42:15.000Z</time>
      </trkpt>
      <trkpt lat="40.3260011784732341766357421875" lon="9.37035410664975643157958984375">
        <ele>839.4000244140625</ele>
        <time>2026-09-19T07:42:19.000Z</time>
      </trkpt>
      <trkpt lat="40.325929932296276092529296875" lon="9.370310269296169281005859375">
        <ele>840.79998779296875</ele>
        <time>2026-09-19T07:42:23.000Z</time>
      </trkpt>
      <trkpt lat="40.3259074687957763671875" lon="9.37030314467847347259521484375">
        <ele>841.4000244140625</ele>
        <time>2026-09-19T07:42:24.000Z</time>
      </trkpt>
      <trkpt lat="40.3258348815143108367919921875" lon="9.37026391737163066864013671875">
        <ele>843</ele>
        <time>2026-09-19T07:42:29.000Z</time>
      </trkpt>
      <trkpt lat="40.32583035528659820556640625" lon="9.37024866230785846710205078125">
        <ele>843.20001220703125</ele>
        <time>2026-09-19T07:42:30.000Z</time>
      </trkpt>
      <trkpt lat="40.32579682767391204833984375" lon="9.3702172301709651947021484375">
        <ele>844</ele>
        <time>2026-09-19T07:42:35.000Z</time>
      </trkpt>
      <trkpt lat="40.325799174606800079345703125" lon="9.3702058307826519012451171875">
        <ele>844</ele>
        <time>2026-09-19T07:42:36.000Z</time>
      </trkpt>
      <trkpt lat="40.3256836719810962677001953125" lon="9.37022385187447071075439453125">
        <ele>845.5999755859375</ele>
        <time>2026-09-19T07:42:40.000Z</time>
      </trkpt>
      <trkpt lat="40.325671099126338958740234375" lon="9.37015210278332233428955078125">
        <ele>846</ele>
        <time>2026-09-19T07:42:43.000Z</time>
      </trkpt>
      <trkpt lat="40.3256897069513797760009765625" lon="9.37011421658098697662353515625">
        <ele>846</ele>
        <time>2026-09-19T07:42:44.000Z</time>
      </trkpt>
      <trkpt lat="40.32570906914770603179931640625" lon="9.3700732290744781494140625">
        <ele>846</ele>
        <time>2026-09-19T07:42:46.000Z</time>
      </trkpt>
      <trkpt lat="40.32570219598710536956787109375" lon="9.370048753917217254638671875">
        <ele>846.20001220703125</ele>
        <time>2026-09-19T07:42:48.000Z</time>
      </trkpt>
      <trkpt lat="40.32570295035839080810546875" lon="9.37003190629184246063232421875">
        <ele>846.4000244140625</ele>
        <time>2026-09-19T07:42:49.000Z</time>
      </trkpt>
      <trkpt lat="40.3256648965179920196533203125" lon="9.37001531012356281280517578125">
        <ele>847</ele>
        <time>2026-09-19T07:42:53.000Z</time>
      </trkpt>
      <trkpt lat="40.3256405889987945556640625" lon="9.36996392905712127685546875">
        <ele>847.5999755859375</ele>
        <time>2026-09-19T07:42:57.000Z</time>
      </trkpt>
      <trkpt lat="40.32562323845922946929931640625" lon="9.369936101138591766357421875">
        <ele>847.79998779296875</ele>
        <time>2026-09-19T07:42:59.000Z</time>
      </trkpt>
      <trkpt lat="40.32554059289395809173583984375" lon="9.36985588632524013519287109375">
        <ele>849</ele>
        <time>2026-09-19T07:43:06.000Z</time>
      </trkpt>
      <trkpt lat="40.32550924457609653472900390625" lon="9.36981238424777984619140625">
        <ele>849.5999755859375</ele>
        <time>2026-09-19T07:43:11.000Z</time>
      </trkpt>
      <trkpt lat="40.3254286944866180419921875" lon="9.36976619996130466461181640625">
        <ele>851.4000244140625</ele>
        <time>2026-09-19T07:43:17.000Z</time>
      </trkpt>
      <trkpt lat="40.3254260122776031494140625" lon="9.3697414733469486236572265625">
        <ele>851.5999755859375</ele>
        <time>2026-09-19T07:43:19.000Z</time>
      </trkpt>
      <trkpt lat="40.32539105974137783050537109375" lon="9.36970450915396213531494140625">
        <ele>852.4000244140625</ele>
        <time>2026-09-19T07:43:24.000Z</time>
      </trkpt>
      <trkpt lat="40.32538284547626972198486328125" lon="9.36969813890755176544189453125">
        <ele>852.5999755859375</ele>
        <time>2026-09-19T07:43:25.000Z</time>
      </trkpt>
      <trkpt lat="40.32538242638111114501953125" lon="9.369656480848789215087890625">
        <ele>852.4000244140625</ele>
        <time>2026-09-19T07:43:28.000Z</time>
      </trkpt>
      <trkpt lat="40.3253581188619136810302734375" lon="9.36963510699570178985595703125">
        <ele>852.5999755859375</ele>
        <time>2026-09-19T07:43:31.000Z</time>
      </trkpt>
      <trkpt lat="40.325294919312000274658203125" lon="9.3696486018598079681396484375">
        <ele>854.20001220703125</ele>
        <time>2026-09-19T07:43:38.000Z</time>
      </trkpt>
      <trkpt lat="40.32522979192435741424560546875" lon="9.3696744181215763092041015625">
        <ele>855.79998779296875</ele>
        <time>2026-09-19T07:43:45.000Z</time>
      </trkpt>
      <trkpt lat="40.32516089268028736114501953125" lon="9.36969327740371227264404296875">
        <ele>857.20001220703125</ele>
        <time>2026-09-19T07:43:51.000Z</time>
      </trkpt>
      <trkpt lat="40.32517145387828350067138671875" lon="9.3696683831512928009033203125">
        <ele>857</ele>
        <time>2026-09-19T07:43:53.000Z</time>
      </trkpt>
      <trkpt lat="40.32516391016542911529541015625" lon="9.36966544948518276214599609375">
        <ele>857.20001220703125</ele>
        <time>2026-09-19T07:43:56.000Z</time>
      </trkpt>
      <trkpt lat="40.32515234313905239105224609375" lon="9.36966754496097564697265625">
        <ele>857.4000244140625</ele>
        <time>2026-09-19T07:43:57.000Z</time>
      </trkpt>
      <trkpt lat="40.32510004006326198577880859375" lon="9.36967718414962291717529296875">
        <ele>858.20001220703125</ele>
        <time>2026-09-19T07:44:01.000Z</time>
      </trkpt>
      <trkpt lat="40.3250563703477382659912109375" lon="9.36967651359736919403076171875">
        <ele>859</ele>
        <time>2026-09-19T07:44:08.000Z</time>
      </trkpt>
      <trkpt lat="40.32498638145625591278076171875" lon="9.36969461850821971893310546875">
        <ele>860.4000244140625</ele>
        <time>2026-09-19T07:44:13.000Z</time>
      </trkpt>
      <trkpt lat="40.3248934261500835418701171875" lon="9.3697481788694858551025390625">
        <ele>862.20001220703125</ele>
        <time>2026-09-19T07:44:18.000Z</time>
      </trkpt>
      <trkpt lat="40.3248186595737934112548828125" lon="9.369747005403041839599609375">
        <ele>863.4000244140625</ele>
        <time>2026-09-19T07:44:23.000Z</time>
      </trkpt>
      <trkpt lat="40.32475504092872142791748046875" lon="9.36973736621439456939697265625">
        <ele>864.20001220703125</ele>
        <time>2026-09-19T07:44:28.000Z</time>
      </trkpt>
      <trkpt lat="40.32471380196511745452880859375" lon="9.36974239535629749298095703125">
        <ele>864.79998779296875</ele>
        <time>2026-09-19T07:44:33.000Z</time>
      </trkpt>
      <trkpt lat="40.32462780363857746124267578125" lon="9.3697511963546276092529296875">
        <ele>865.79998779296875</ele>
        <time>2026-09-19T07:44:37.000Z</time>
      </trkpt>
      <trkpt lat="40.324623696506023406982421875" lon="9.3697404675185680389404296875">
        <ele>865.79998779296875</ele>
        <time>2026-09-19T07:44:38.000Z</time>
      </trkpt>
      <trkpt lat="40.3246091119945049285888671875" lon="9.369731582701206207275390625">
        <ele>865.79998779296875</ele>
        <time>2026-09-19T07:44:41.000Z</time>
      </trkpt>
      <trkpt lat="40.324528478085994720458984375" lon="9.3697599135339260101318359375">
        <ele>866.79998779296875</ele>
        <time>2026-09-19T07:44:46.000Z</time>
      </trkpt>
      <trkpt lat="40.324393697082996368408203125" lon="9.36978212557733058929443359375">
        <ele>868</ele>
        <time>2026-09-19T07:44:53.000Z</time>
      </trkpt>
      <trkpt lat="40.3243737481534481048583984375" lon="9.3697746656835079193115234375">
        <ele>868.4000244140625</ele>
        <time>2026-09-19T07:44:54.000Z</time>
      </trkpt>
      <trkpt lat="40.32433058135211467742919921875" lon="9.369726218283176422119140625">
        <ele>869.4000244140625</ele>
        <time>2026-09-19T07:44:58.000Z</time>
      </trkpt>
      <trkpt lat="40.32423905096948146820068359375" lon="9.369779527187347412109375">
        <ele>871.4000244140625</ele>
        <time>2026-09-19T07:45:00.000Z</time>
      </trkpt>
      <trkpt lat="40.324132852256298065185546875" lon="9.36979939229786396026611328125">
        <ele>873.5999755859375</ele>
        <time>2026-09-19T07:45:03.000Z</time>
      </trkpt>
      <trkpt lat="40.3241197764873504638671875" lon="9.36976251192390918731689453125">
        <ele>874</ele>
        <time>2026-09-19T07:45:06.000Z</time>
      </trkpt>
      <trkpt lat="40.3241170942783355712890625" lon="9.3697513639926910400390625">
        <ele>874</ele>
        <time>2026-09-19T07:45:07.000Z</time>
      </trkpt>
      <trkpt lat="40.32410376705229282379150390625" lon="9.36974038369953632354736328125">
        <ele>874.20001220703125</ele>
        <time>2026-09-19T07:45:09.000Z</time>
      </trkpt>
      <trkpt lat="40.324063114821910858154296875" lon="9.3697642721235752105712890625">
        <ele>874.79998779296875</ele>
        <time>2026-09-19T07:45:11.000Z</time>
      </trkpt>
      <trkpt lat="40.3240258991718292236328125" lon="9.3697565607726573944091796875">
        <ele>875.4000244140625</ele>
        <time>2026-09-19T07:45:16.000Z</time>
      </trkpt>
      <trkpt lat="40.32396680675446987152099609375" lon="9.36974340118467807769775390625">
        <ele>876.20001220703125</ele>
        <time>2026-09-19T07:45:24.000Z</time>
      </trkpt>
      <trkpt lat="40.32395859248936176300048828125" lon="9.369757063686847686767578125">
        <ele>876.20001220703125</ele>
        <time>2026-09-19T07:45:31.000Z</time>
      </trkpt>
      <trkpt lat="40.3239130787551403045654296875" lon="9.36976754106581211090087890625">
        <ele>877</ele>
        <time>2026-09-19T07:45:35.000Z</time>
      </trkpt>
      <trkpt lat="40.32382448203861713409423828125" lon="9.3697397969663143157958984375">
        <ele>878.5999755859375</ele>
        <time>2026-09-19T07:45:42.000Z</time>
      </trkpt>
      <trkpt lat="40.32380394637584686279296875" lon="9.36976167373359203338623046875">
        <ele>879.20001220703125</ele>
        <time>2026-09-19T07:45:45.000Z</time>
      </trkpt>
      <trkpt lat="40.3237910382449626922607421875" lon="9.36974608339369297027587890625">
        <ele>879.4000244140625</ele>
        <time>2026-09-19T07:45:50.000Z</time>
      </trkpt>
      <trkpt lat="40.3237799741327762603759765625" lon="9.3697397969663143157958984375">
        <ele>879.79998779296875</ele>
        <time>2026-09-19T07:45:51.000Z</time>
      </trkpt>
      <trkpt lat="40.3237511403858661651611328125" lon="9.3697392940521240234375">
        <ele>880.4000244140625</ele>
        <time>2026-09-19T07:45:56.000Z</time>
      </trkpt>
      <trkpt lat="40.32372825779020786285400390625" lon="9.36976812779903411865234375">
        <ele>881.20001220703125</ele>
        <time>2026-09-19T07:45:58.000Z</time>
      </trkpt>
      <trkpt lat="40.3237065486609935760498046875" lon="9.36979872174561023712158203125">
        <ele>881.79998779296875</ele>
        <time>2026-09-19T07:46:01.000Z</time>
      </trkpt>
      <trkpt lat="40.32366581261157989501953125" lon="9.369862340390682220458984375">
        <ele>883</ele>
        <time>2026-09-19T07:46:06.000Z</time>
      </trkpt>
      <trkpt lat="40.3236629627645015716552734375" lon="9.3698655255138874053955078125">
        <ele>883.20001220703125</ele>
        <time>2026-09-19T07:46:07.000Z</time>
      </trkpt>
      <trkpt lat="40.32364997081458568572998046875" lon="9.369881451129913330078125">
        <ele>883.4000244140625</ele>
        <time>2026-09-19T07:46:09.000Z</time>
      </trkpt>
      <trkpt lat="40.32361459918320178985595703125" lon="9.3699000589549541473388671875">
        <ele>884.4000244140625</ele>
        <time>2026-09-19T07:46:12.000Z</time>
      </trkpt>
      <trkpt lat="40.32360018230974674224853515625" lon="9.36989176087081432342529296875">
        <ele>884.79998779296875</ele>
        <time>2026-09-19T07:46:13.000Z</time>
      </trkpt>
      <trkpt lat="40.32355626113712787628173828125" lon="9.36987080611288547515869140625">
        <ele>885.79998779296875</ele>
        <time>2026-09-19T07:46:18.000Z</time>
      </trkpt>
      <trkpt lat="40.32352508045732975006103515625" lon="9.36985454522073268890380859375">
        <ele>886.5999755859375</ele>
        <time>2026-09-19T07:46:22.000Z</time>
      </trkpt>
      <trkpt lat="40.32351720146834850311279296875" lon="9.36985370703041553497314453125">
        <ele>886.79998779296875</ele>
        <time>2026-09-19T07:46:23.000Z</time>
      </trkpt>
      <trkpt lat="40.323474705219268798828125" lon="9.36989226378500461578369140625">
        <ele>888</ele>
        <time>2026-09-19T07:46:31.000Z</time>
      </trkpt>
      <trkpt lat="40.323434807360172271728515625" lon="9.36990416608750820159912109375">
        <ele>889.20001220703125</ele>
        <time>2026-09-19T07:46:36.000Z</time>
      </trkpt>
      <trkpt lat="40.32334503717720508575439453125" lon="9.3699084408581256866455078125">
        <ele>891.79998779296875</ele>
        <time>2026-09-19T07:46:42.000Z</time>
      </trkpt>
      <trkpt lat="40.32330505549907684326171875" lon="9.36992009170353412628173828125">
        <ele>893</ele>
        <time>2026-09-19T07:46:44.000Z</time>
      </trkpt>
      <trkpt lat="40.32324881292879581451416015625" lon="9.369922690093517303466796875">
        <ele>894.4000244140625</ele>
        <time>2026-09-19T07:46:48.000Z</time>
      </trkpt>
      <trkpt lat="40.3232274390757083892822265625" lon="9.36993216164410114288330078125">
        <ele>895</ele>
        <time>2026-09-19T07:46:49.000Z</time>
      </trkpt>
      <trkpt lat="40.3231533430516719818115234375" lon="9.36994641087949275970458984375">
        <ele>896.79998779296875</ele>
        <time>2026-09-19T07:46:52.000Z</time>
      </trkpt>
      <trkpt lat="40.3231355734169483184814453125" lon="9.36992512084543704986572265625">
        <ele>897</ele>
        <time>2026-09-19T07:46:54.000Z</time>
      </trkpt>
      <trkpt lat="40.32310112379491329193115234375" lon="9.36990567483007907867431640625">
        <ele>897.5999755859375</ele>
        <time>2026-09-19T07:46:56.000Z</time>
      </trkpt>
      <trkpt lat="40.32307840883731842041015625" lon="9.3698822893202304840087890625">
        <ele>897.79998779296875</ele>
        <time>2026-09-19T07:46:58.000Z</time>
      </trkpt>
      <trkpt lat="40.3230591304600238800048828125" lon="9.369871728122234344482421875">
        <ele>898.20001220703125</ele>
        <time>2026-09-19T07:47:00.000Z</time>
      </trkpt>
      <trkpt lat="40.32304161228239536285400390625" lon="9.36986980028450489044189453125">
        <ele>898.5999755859375</ele>
        <time>2026-09-19T07:47:01.000Z</time>
      </trkpt>
      <trkpt lat="40.32291353680193424224853515625" lon="9.369808025658130645751953125">
        <ele>901.5999755859375</ele>
        <time>2026-09-19T07:47:07.000Z</time>
      </trkpt>
      <trkpt lat="40.32279753126204013824462890625" lon="9.3697525374591350555419921875">
        <ele>904.4000244140625</ele>
        <time>2026-09-19T07:47:13.000Z</time>
      </trkpt>
      <trkpt lat="40.322709269821643829345703125" lon="9.3696680478751659393310546875">
        <ele>906.20001220703125</ele>
        <time>2026-09-19T07:47:19.000Z</time>
      </trkpt>
      <trkpt lat="40.32266610302031040191650390625" lon="9.36968606896698474884033203125">
        <ele>907.5999755859375</ele>
        <time>2026-09-19T07:47:21.000Z</time>
      </trkpt>
      <trkpt lat="40.32264783047139644622802734375" lon="9.3696928583085536956787109375">
        <ele>908</ele>
        <time>2026-09-19T07:47:22.000Z</time>
      </trkpt>
      <trkpt lat="40.32261078245937824249267578125" lon="9.369714148342609405517578125">
        <ele>909.20001220703125</ele>
        <time>2026-09-19T07:47:23.000Z</time>
      </trkpt>
      <trkpt lat="40.32254992984235286712646484375" lon="9.3697250448167324066162109375">
        <ele>910.79998779296875</ele>
        <time>2026-09-19T07:47:25.000Z</time>
      </trkpt>
      <trkpt lat="40.3225548751652240753173828125" lon="9.36973015777766704559326171875">
        <ele>910.5999755859375</ele>
        <time>2026-09-19T07:47:30.000Z</time>
      </trkpt>
      <trkpt lat="40.322541631758213043212890625" lon="9.3697317503392696380615234375">
        <ele>911</ele>
        <time>2026-09-19T07:47:32.000Z</time>
      </trkpt>
      <trkpt lat="40.32252176664769649505615234375" lon="9.369720853865146636962890625">
        <ele>911.4000244140625</ele>
        <time>2026-09-19T07:47:34.000Z</time>
      </trkpt>
      <trkpt lat="40.32249427400529384613037109375" lon="9.36970065347850322723388671875">
        <ele>912</ele>
        <time>2026-09-19T07:47:40.000Z</time>
      </trkpt>
      <trkpt lat="40.322478599846363067626953125" lon="9.3696864880621433258056640625">
        <ele>912.4000244140625</ele>
        <time>2026-09-19T07:47:44.000Z</time>
      </trkpt>
      <trkpt lat="40.3224666975438594818115234375" lon="9.36967500485479831695556640625">
        <ele>912.4000244140625</ele>
        <time>2026-09-19T07:47:45.000Z</time>
      </trkpt>
      <trkpt lat="40.32242973335087299346923828125" lon="9.36965388245880603790283203125">
        <ele>913</ele>
        <time>2026-09-19T07:47:47.000Z</time>
      </trkpt>
      <trkpt lat="40.32238782383501529693603515625" lon="9.3696224503219127655029296875">
        <ele>913.20001220703125</ele>
        <time>2026-09-19T07:47:49.000Z</time>
      </trkpt>
      <trkpt lat="40.32227399758994579315185546875" lon="9.36963493935763835906982421875">
        <ele>915</ele>
        <time>2026-09-19T07:47:55.000Z</time>
      </trkpt>
      <trkpt lat="40.3222501091659069061279296875" lon="9.36963208951056003570556640625">
        <ele>915.4000244140625</ele>
        <time>2026-09-19T07:47:56.000Z</time>
      </trkpt>
      <trkpt lat="40.32221716828644275665283203125" lon="9.36960711143910884857177734375">
        <ele>915.5999755859375</ele>
        <time>2026-09-19T07:47:59.000Z</time>
      </trkpt>
      <trkpt lat="40.3222085349261760711669921875" lon="9.36957903206348419189453125">
        <ele>915.4000244140625</ele>
        <time>2026-09-19T07:48:01.000Z</time>
      </trkpt>
      <trkpt lat="40.3221820481121540069580078125" lon="9.36957039870321750640869140625">
        <ele>915.5999755859375</ele>
        <time>2026-09-19T07:48:06.000Z</time>
      </trkpt>
      <trkpt lat="40.32211482524871826171875" lon="9.36949864961206912994384765625">
        <ele>915.5999755859375</ele>
        <time>2026-09-19T07:48:12.000Z</time>
      </trkpt>
      <trkpt lat="40.32209998928010463714599609375" lon="9.3694735877215862274169921875">
        <ele>915.4000244140625</ele>
        <time>2026-09-19T07:48:13.000Z</time>
      </trkpt>
      <trkpt lat="40.32209613360464572906494140625" lon="9.36940611340105533599853515625">
        <ele>914.79998779296875</ele>
        <time>2026-09-19T07:48:15.000Z</time>
      </trkpt>
      <trkpt lat="40.3221253864467144012451171875" lon="9.3693356215953826904296875">
        <ele>914</ele>
        <time>2026-09-19T07:48:17.000Z</time>
      </trkpt>
      <trkpt lat="40.3221558965742588043212890625" lon="9.3692050315439701080322265625">
        <ele>913.4000244140625</ele>
        <time>2026-09-19T07:48:20.000Z</time>
      </trkpt>
      <trkpt lat="40.32215899787843227386474609375" lon="9.369098581373691558837890625">
        <ele>913.20001220703125</ele>
        <time>2026-09-19T07:48:22.000Z</time>
      </trkpt>
      <trkpt lat="40.3221515379846096038818359375" lon="9.3690095655620098114013671875">
        <ele>913.5999755859375</ele>
        <time>2026-09-19T07:48:26.000Z</time>
      </trkpt>
      <trkpt lat="40.32214189879596233367919921875" lon="9.36899431049823760986328125">
        <ele>913.5999755859375</ele>
        <time>2026-09-19T07:48:27.000Z</time>
      </trkpt>
      <trkpt lat="40.32215983606874942779541015625" lon="9.368957094848155975341796875">
        <ele>913.5999755859375</ele>
        <time>2026-09-19T07:48:29.000Z</time>
      </trkpt>
      <trkpt lat="40.32213938422501087188720703125" lon="9.36894762329757213592529296875">
        <ele>913.79998779296875</ele>
        <time>2026-09-19T07:48:34.000Z</time>
      </trkpt>
      <trkpt lat="40.3221334330737590789794921875" lon="9.368948042392730712890625">
        <ele>913.79998779296875</ele>
        <time>2026-09-19T07:48:36.000Z</time>
      </trkpt>
      <trkpt lat="40.32211625017225742340087890625" lon="9.36895273625850677490234375">
        <ele>913.79998779296875</ele>
        <time>2026-09-19T07:48:39.000Z</time>
      </trkpt>
      <trkpt lat="40.32211440615355968475341796875" lon="9.36895214952528476715087890625">
        <ele>913.79998779296875</ele>
        <time>2026-09-19T07:48:40.000Z</time>
      </trkpt>
      <trkpt lat="40.322089679539203643798828125" lon="9.368956089019775390625">
        <ele>914</ele>
        <time>2026-09-19T07:48:46.000Z</time>
      </trkpt>
      <trkpt lat="40.3220571577548980712890625" lon="9.368908815085887908935546875">
        <ele>914.20001220703125</ele>
        <time>2026-09-19T07:48:52.000Z</time>
      </trkpt>
      <trkpt lat="40.32206679694354534149169921875" lon="9.368881322443485260009765625">
        <ele>914.20001220703125</ele>
        <time>2026-09-19T07:48:55.000Z</time>
      </trkpt>
      <trkpt lat="40.3220700658857822418212890625" lon="9.36887050978839397430419921875">
        <ele>914.4000244140625</ele>
        <time>2026-09-19T07:48:58.000Z</time>
      </trkpt>
      <trkpt lat="40.32206813804805278778076171875" lon="9.3688704259693622589111328125">
        <ele>914.4000244140625</ele>
        <time>2026-09-19T07:49:01.000Z</time>
      </trkpt>
      <trkpt lat="40.322085656225681304931640625" lon="9.368881992995738983154296875">
        <ele>914.20001220703125</ele>
        <time>2026-09-19T07:49:06.000Z</time>
      </trkpt>
      <trkpt lat="40.3220947086811065673828125" lon="9.36888174153864383697509765625">
        <ele>914.20001220703125</ele>
        <time>2026-09-19T07:49:12.000Z</time>
      </trkpt>
      <trkpt lat="40.3220947086811065673828125" lon="9.36888174153864383697509765625">
        <ele>914.20001220703125</ele>
        <time>2026-09-19T07:49:15.000Z</time>
      </trkpt>
      <trkpt lat="40.3220947086811065673828125" lon="9.36888174153864383697509765625">
        <ele>914.20001220703125</ele>
        <time>2026-09-19T07:49:16.000Z</time>
      </trkpt>
      <trkpt lat="40.322093032300472259521484375" lon="9.36888174153864383697509765625">
        <ele>914.20001220703125</ele>
        <time>2026-09-19T07:49:22.000Z</time>
      </trkpt>
      <trkpt lat="40.3220761008560657501220703125" lon="9.36888509429991245269775390625">
        <ele>914.20001220703125</ele>
        <time>2026-09-19T07:49:29.000Z</time>
      </trkpt>
      <trkpt lat="40.323463976383209228515625" lon="9.36979151330888271331787109375">
        <ele>887.79998779296875</ele>
        <time>2026-09-19T07:51:52.000Z</time>
      </trkpt>
      <trkpt lat="40.3234929777681827545166015625" lon="9.36978313140571117401123046875">
        <ele>887</ele>
        <time>2026-09-19T07:51:53.000Z</time>
      </trkpt>
      <trkpt lat="40.32350043766200542449951171875" lon="9.36978279612958431243896484375">
        <ele>887</ele>
        <time>2026-09-19T07:51:54.000Z</time>
      </trkpt>
      <trkpt lat="40.323511920869350433349609375" lon="9.3697964586317539215087890625">
        <ele>886.5999755859375</ele>
        <time>2026-09-19T07:51:55.000Z</time>
      </trkpt>
      <trkpt lat="40.3235189616680145263671875" lon="9.36987902037799358367919921875">
        <ele>886.79998779296875</ele>
        <time>2026-09-19T07:51:58.000Z</time>
      </trkpt>
      <trkpt lat="40.32352994196116924285888671875" lon="9.36987667344510555267333984375">
        <ele>886.4000244140625</ele>
        <time>2026-09-19T07:51:59.000Z</time>
      </trkpt>
      <trkpt lat="40.3235511481761932373046875" lon="9.36986058019101619720458984375">
        <ele>886</ele>
        <time>2026-09-19T07:52:01.000Z</time>
      </trkpt>
      <trkpt lat="40.3235694207251071929931640625" lon="9.36984415166079998016357421875">
        <ele>885.4000244140625</ele>
        <time>2026-09-19T07:52:02.000Z</time>
      </trkpt>
      <trkpt lat="40.3236143477261066436767578125" lon="9.369774498045444488525390625">
        <ele>884</ele>
        <time>2026-09-19T07:52:05.000Z</time>
      </trkpt>
      <trkpt lat="40.323628596961498260498046875" lon="9.36974926851689815521240234375">
        <ele>883.5999755859375</ele>
        <time>2026-09-19T07:52:06.000Z</time>
      </trkpt>
      <trkpt lat="40.3237243182957172393798828125" lon="9.36970350332558155059814453125">
        <ele>881</ele>
        <time>2026-09-19T07:52:11.000Z</time>
      </trkpt>
      <trkpt lat="40.323812663555145263671875" lon="9.36963141895830631256103515625">
        <ele>878.79998779296875</ele>
        <time>2026-09-19T07:52:15.000Z</time>
      </trkpt>
      <trkpt lat="40.32393227331340312957763671875" lon="9.3696083687245845794677734375">
        <ele>877</ele>
        <time>2026-09-19T07:52:20.000Z</time>
      </trkpt>
      <trkpt lat="40.3241179324686527252197265625" lon="9.36958976089954376220703125">
        <ele>874.4000244140625</ele>
        <time>2026-09-19T07:52:25.000Z</time>
      </trkpt>
      <trkpt lat="40.32420694828033447265625" lon="9.3696247972548007965087890625">
        <ele>872.20001220703125</ele>
        <time>2026-09-19T07:52:28.000Z</time>
      </trkpt>
      <trkpt lat="40.32425061799585819244384765625" lon="9.36963343061506748199462890625">
        <ele>871.4000244140625</ele>
        <time>2026-09-19T07:52:29.000Z</time>
      </trkpt>
      <trkpt lat="40.3244335949420928955078125" lon="9.36966042034327983856201171875">
        <ele>867.5999755859375</ele>
        <time>2026-09-19T07:52:34.000Z</time>
      </trkpt>
      <trkpt lat="40.324454046785831451416015625" lon="9.36965681612491607666015625">
        <ele>867.4000244140625</ele>
        <time>2026-09-19T07:52:35.000Z</time>
      </trkpt>
      <trkpt lat="40.3245765902101993560791015625" lon="9.36961524188518524169921875">
        <ele>866.4000244140625</ele>
        <time>2026-09-19T07:52:40.000Z</time>
      </trkpt>
      <trkpt lat="40.32467960380017757415771484375" lon="9.36962454579770565032958984375">
        <ele>864.5999755859375</ele>
        <time>2026-09-19T07:52:44.000Z</time>
      </trkpt>
      <trkpt lat="40.32470542006194591522216796875" lon="9.36962773092091083526611328125">
        <ele>864.4000244140625</ele>
        <time>2026-09-19T07:52:45.000Z</time>
      </trkpt>
      <trkpt lat="40.32487590797245502471923828125" lon="9.3696117214858531951904296875">
        <ele>861.79998779296875</ele>
        <time>2026-09-19T07:52:50.000Z</time>
      </trkpt>
      <trkpt lat="40.3250402770936489105224609375" lon="9.36961968429386615753173828125">
        <ele>859.20001220703125</ele>
        <time>2026-09-19T07:52:56.000Z</time>
      </trkpt>
      <trkpt lat="40.32517547719180583953857421875" lon="9.36966947279870510101318359375">
        <ele>857</ele>
        <time>2026-09-19T07:53:01.000Z</time>
      </trkpt>
      <trkpt lat="40.32523750327527523040771484375" lon="9.369768463075160980224609375">
        <ele>855.20001220703125</ele>
        <time>2026-09-19T07:53:05.000Z</time>
      </trkpt>
      <trkpt lat="40.3252712823450565338134765625" lon="9.36983392573893070220947265625">
        <ele>854.20001220703125</ele>
        <time>2026-09-19T07:53:07.000Z</time>
      </trkpt>
      <trkpt lat="40.32528561539947986602783203125" lon="9.36986468732357025146484375">
        <ele>853.5999755859375</ele>
        <time>2026-09-19T07:53:08.000Z</time>
      </trkpt>
      <trkpt lat="40.32530606724321842193603515625" lon="9.3698893301188945770263671875">
        <ele>853.20001220703125</ele>
        <time>2026-09-19T07:53:09.000Z</time>
      </trkpt>
      <trkpt lat="40.32535468228161334991455078125" lon="9.36992327682673931121826171875">
        <ele>852</ele>
        <time>2026-09-19T07:53:11.000Z</time>
      </trkpt>
      <trkpt lat="40.32536289654672145843505859375" lon="9.3699510209262371063232421875">
        <ele>851.5999755859375</ele>
        <time>2026-09-19T07:53:12.000Z</time>
      </trkpt>
      <trkpt lat="40.3254161216318607330322265625" lon="9.37000793404877185821533203125">
        <ele>850.4000244140625</ele>
        <time>2026-09-19T07:53:15.000Z</time>
      </trkpt>
      <trkpt lat="40.32548795454204082489013671875" lon="9.37002805061638355255126953125">
        <ele>849.20001220703125</ele>
        <time>2026-09-19T07:53:18.000Z</time>
      </trkpt>
      <trkpt lat="40.325559116899967193603515625" lon="9.37005252577364444732666015625">
        <ele>848</ele>
        <time>2026-09-19T07:53:21.000Z</time>
      </trkpt>
      <trkpt lat="40.32561150379478931427001953125" lon="9.37004615552723407745361328125">
        <ele>847.20001220703125</ele>
        <time>2026-09-19T07:53:23.000Z</time>
      </trkpt>
      <trkpt lat="40.3257192112505435943603515625" lon="9.37007046304643154144287109375">
        <ele>846</ele>
        <time>2026-09-19T07:53:29.000Z</time>
      </trkpt>
      <trkpt lat="40.3257748670876026153564453125" lon="9.37006493099033832550048828125">
        <ele>845.4000244140625</ele>
        <time>2026-09-19T07:53:32.000Z</time>
      </trkpt>
      <trkpt lat="40.325791127979755401611328125" lon="9.3700653500854969024658203125">
        <ele>845.20001220703125</ele>
        <time>2026-09-19T07:53:34.000Z</time>
      </trkpt>
      <trkpt lat="40.32577243633568286895751953125" lon="9.3700945191085338592529296875">
        <ele>845.20001220703125</ele>
        <time>2026-09-19T07:53:39.000Z</time>
      </trkpt>
      <trkpt lat="40.32584032975137233734130859375" lon="9.37008521519601345062255859375">
        <ele>844.20001220703125</ele>
        <time>2026-09-19T07:53:44.000Z</time>
      </trkpt>
      <trkpt lat="40.32582507468760013580322265625" lon="9.37008588574826717376708984375">
        <ele>844.4000244140625</ele>
        <time>2026-09-19T07:53:50.000Z</time>
      </trkpt>
      <trkpt lat="40.32581627368927001953125" lon="9.37011689879000186920166015625">
        <ele>844.4000244140625</ele>
        <time>2026-09-19T07:53:56.000Z</time>
      </trkpt>
      <trkpt lat="40.32588089816272258758544921875" lon="9.37017691321671009063720703125">
        <ele>842.79998779296875</ele>
        <time>2026-09-19T07:54:00.000Z</time>
      </trkpt>
      <trkpt lat="40.3260015137493610382080078125" lon="9.37026509083807468414306640625">
        <ele>840</ele>
        <time>2026-09-19T07:54:05.000Z</time>
      </trkpt>
      <trkpt lat="40.3261473588645458221435546875" lon="9.37028654851019382476806640625">
        <ele>837</ele>
        <time>2026-09-19T07:54:10.000Z</time>
      </trkpt>
      <trkpt lat="40.32616688869893550872802734375" lon="9.37027900479733943939208984375">
        <ele>836.5999755859375</ele>
        <time>2026-09-19T07:54:11.000Z</time>
      </trkpt>
      <trkpt lat="40.32624551095068454742431640625" lon="9.37022267840802669525146484375">
        <ele>835.20001220703125</ele>
        <time>2026-09-19T07:54:14.000Z</time>
      </trkpt>
      <trkpt lat="40.3264242969453334808349609375" lon="9.3701676093041896820068359375">
        <ele>831.79998779296875</ele>
        <time>2026-09-19T07:54:19.000Z</time>
      </trkpt>
      <trkpt lat="40.326446592807769775390625" lon="9.370141960680484771728515625">
        <ele>831.4000244140625</ele>
        <time>2026-09-19T07:54:20.000Z</time>
      </trkpt>
      <trkpt lat="40.32653510570526123046875" lon="9.3700616620481014251708984375">
        <ele>830.20001220703125</ele>
        <time>2026-09-19T07:54:23.000Z</time>
      </trkpt>
      <trkpt lat="40.326642058789730072021484375" lon="9.3698635138571262359619140625">
        <ele>829</ele>
        <time>2026-09-19T07:54:28.000Z</time>
      </trkpt>
      <trkpt lat="40.32669804990291595458984375" lon="9.36966259963810443878173828125">
        <ele>828.20001220703125</ele>
        <time>2026-09-19T07:54:33.000Z</time>
      </trkpt>
      <trkpt lat="40.3267510235309600830078125" lon="9.369554221630096435546875">
        <ele>826.20001220703125</ele>
        <time>2026-09-19T07:54:38.000Z</time>
      </trkpt>
      <trkpt lat="40.3267904184758663177490234375" lon="9.369462691247463226318359375">
        <ele>825.20001220703125</ele>
        <time>2026-09-19T07:54:41.000Z</time>
      </trkpt>
      <trkpt lat="40.3268088586628437042236328125" lon="9.36942572705447673797607421875">
        <ele>824.5999755859375</ele>
        <time>2026-09-19T07:54:42.000Z</time>
      </trkpt>
      <trkpt lat="40.3268128819763660430908203125" lon="9.36940175481140613555908203125">
        <ele>824.4000244140625</ele>
        <time>2026-09-19T07:54:43.000Z</time>
      </trkpt>
      <trkpt lat="40.32690248452126979827880859375" lon="9.36925071291625499725341796875">
        <ele>821.20001220703125</ele>
        <time>2026-09-19T07:54:48.000Z</time>
      </trkpt>
      <trkpt lat="40.3269711323082447052001953125" lon="9.36915247701108455657958984375">
        <ele>819.79998779296875</ele>
        <time>2026-09-19T07:54:51.000Z</time>
      </trkpt>
      <trkpt lat="40.3269714675843715667724609375" lon="9.36908550560474395751953125">
        <ele>819.5999755859375</ele>
        <time>2026-09-19T07:54:53.000Z</time>
      </trkpt>
      <trkpt lat="40.3269915841519832611083984375" lon="9.36882541514933109283447265625">
        <ele>818.4000244140625</ele>
        <time>2026-09-19T07:55:00.000Z</time>
      </trkpt>
      <trkpt lat="40.32700692303478717803955078125" lon="9.36869130469858646392822265625">
        <ele>817.4000244140625</ele>
        <time>2026-09-19T07:55:03.000Z</time>
      </trkpt>
      <trkpt lat="40.3270321525633335113525390625" lon="9.3686159513890743255615234375">
        <ele>817.20001220703125</ele>
        <time>2026-09-19T07:55:05.000Z</time>
      </trkpt>
      <trkpt lat="40.32703123055398464202880859375" lon="9.368521906435489654541015625">
        <ele>816.79998779296875</ele>
        <time>2026-09-19T07:55:08.000Z</time>
      </trkpt>
      <trkpt lat="40.32698093913495540618896484375" lon="9.36846993863582611083984375">
        <ele>816.5999755859375</ele>
        <time>2026-09-19T07:55:10.000Z</time>
      </trkpt>
      <trkpt lat="40.32683861441910266876220703125" lon="9.36830875463783740997314453125">
        <ele>816.5999755859375</ele>
        <time>2026-09-19T07:55:16.000Z</time>
      </trkpt>
      <trkpt lat="40.32677558250725269317626953125" lon="9.36817531473934650421142578125">
        <ele>816</ele>
        <time>2026-09-19T07:55:21.000Z</time>
      </trkpt>
      <trkpt lat="40.3267974592745304107666015625" lon="9.36808093450963497161865234375">
        <ele>815.20001220703125</ele>
        <time>2026-09-19T07:55:23.000Z</time>
      </trkpt>
      <trkpt lat="40.32681397162377834320068359375" lon="9.36804137192666530609130859375">
        <ele>814.79998779296875</ele>
        <time>2026-09-19T07:55:24.000Z</time>
      </trkpt>
      <trkpt lat="40.32683291472494602203369140625" lon="9.36795302666723728179931640625">
        <ele>813.79998779296875</ele>
        <time>2026-09-19T07:55:26.000Z</time>
      </trkpt>
      <trkpt lat="40.32684196718037128448486328125" lon="9.3678736500442028045654296875">
        <ele>813.4000244140625</ele>
        <time>2026-09-19T07:55:28.000Z</time>
      </trkpt>
      <trkpt lat="40.3268158994615077972412109375" lon="9.36781816184520721435546875">
        <ele>813.20001220703125</ele>
        <time>2026-09-19T07:55:30.000Z</time>
      </trkpt>
      <trkpt lat="40.32672948203980922698974609375" lon="9.36766502447426319122314453125">
        <ele>812</ele>
        <time>2026-09-19T07:55:36.000Z</time>
      </trkpt>
      <trkpt lat="40.32665253616869449615478515625" lon="9.3674595840275287628173828125">
        <ele>809</ele>
        <time>2026-09-19T07:55:42.000Z</time>
      </trkpt>
      <trkpt lat="40.3266137279570102691650390625" lon="9.36724148690700531005859375">
        <ele>804.20001220703125</ele>
        <time>2026-09-19T07:55:47.000Z</time>
      </trkpt>
      <trkpt lat="40.32658531330525875091552734375" lon="9.36718457378447055816650390625">
        <ele>803</ele>
        <time>2026-09-19T07:55:49.000Z</time>
      </trkpt>
      <trkpt lat="40.32653736881911754608154296875" lon="9.367134869098663330078125">
        <ele>801.5999755859375</ele>
        <time>2026-09-19T07:55:51.000Z</time>
      </trkpt>
      <trkpt lat="40.32646000385284423828125" lon="9.367027580738067626953125">
        <ele>798.4000244140625</ele>
        <time>2026-09-19T07:55:55.000Z</time>
      </trkpt>
      <trkpt lat="40.32640845514833927154541015625" lon="9.36693110503256320953369140625">
        <ele>795.5999755859375</ele>
        <time>2026-09-19T07:55:58.000Z</time>
      </trkpt>
      <trkpt lat="40.32635330222547054290771484375" lon="9.36687494628131389617919921875">
        <ele>794.20001220703125</ele>
        <time>2026-09-19T07:56:00.000Z</time>
      </trkpt>
      <trkpt lat="40.32621198333799839019775390625" lon="9.36674368567764759063720703125">
        <ele>791.4000244140625</ele>
        <time>2026-09-19T07:56:05.000Z</time>
      </trkpt>
      <trkpt lat="40.32602942548692226409912109375" lon="9.36665265820920467376708984375">
        <ele>789.79998779296875</ele>
        <time>2026-09-19T07:56:10.000Z</time>
      </trkpt>
      <trkpt lat="40.32594434916973114013671875" lon="9.36658325605094432830810546875">
        <ele>788.20001220703125</ele>
        <time>2026-09-19T07:56:13.000Z</time>
      </trkpt>
      <trkpt lat="40.32580487430095672607421875" lon="9.3664530850946903228759765625">
        <ele>785.4000244140625</ele>
        <time>2026-09-19T07:56:18.000Z</time>
      </trkpt>
      <trkpt lat="40.32576103694736957550048828125" lon="9.36643254943192005157470703125">
        <ele>785.20001220703125</ele>
        <time>2026-09-19T07:56:19.000Z</time>
      </trkpt>
      <trkpt lat="40.32561443746089935302734375" lon="9.366298019886016845703125">
        <ele>783.20001220703125</ele>
        <time>2026-09-19T07:56:24.000Z</time>
      </trkpt>
      <trkpt lat="40.3255059756338596343994140625" lon="9.3661064095795154571533203125">
        <ele>779</ele>
        <time>2026-09-19T07:56:29.000Z</time>
      </trkpt>
      <trkpt lat="40.32546331174671649932861328125" lon="9.36607833020389080047607421875">
        <ele>778.5999755859375</ele>
        <time>2026-09-19T07:56:30.000Z</time>
      </trkpt>
      <trkpt lat="40.3253574483096599578857421875" lon="9.3659260310232639312744140625">
        <ele>776.4000244140625</ele>
        <time>2026-09-19T07:56:35.000Z</time>
      </trkpt>
      <trkpt lat="40.3253292851150035858154296875" lon="9.3657855503261089324951171875">
        <ele>774</ele>
        <time>2026-09-19T07:56:39.000Z</time>
      </trkpt>
      <trkpt lat="40.32534244470298290252685546875" lon="9.36558312736451625823974609375">
        <ele>770.5999755859375</ele>
        <time>2026-09-19T07:56:43.000Z</time>
      </trkpt>
      <trkpt lat="40.3253108449280261993408203125" lon="9.36536201275885105133056640625">
        <ele>767.4000244140625</ele>
        <time>2026-09-19T07:56:48.000Z</time>
      </trkpt>
      <trkpt lat="40.3253708593547344207763671875" lon="9.36520946212112903594970703125">
        <ele>765</ele>
        <time>2026-09-19T07:56:53.000Z</time>
      </trkpt>
      <trkpt lat="40.3254260122776031494140625" lon="9.36512463726103305816650390625">
        <ele>763.4000244140625</ele>
        <time>2026-09-19T07:56:56.000Z</time>
      </trkpt>
      <trkpt lat="40.32549600116908550262451171875" lon="9.36508155427873134613037109375">
        <ele>762.79998779296875</ele>
        <time>2026-09-19T07:56:58.000Z</time>
      </trkpt>
      <trkpt lat="40.325596667826175689697265625" lon="9.3650881759822368621826171875">
        <ele>762.4000244140625</ele>
        <time>2026-09-19T07:57:02.000Z</time>
      </trkpt>
      <trkpt lat="40.32579255290329456329345703125" lon="9.365106783807277679443359375">
        <ele>761.5999755859375</ele>
        <time>2026-09-19T07:57:08.000Z</time>
      </trkpt>
      <trkpt lat="40.32587586902081966400146484375" lon="9.3649879284203052520751953125">
        <ele>759.4000244140625</ele>
        <time>2026-09-19T07:57:13.000Z</time>
      </trkpt>
      <trkpt lat="40.3258593566715717315673828125" lon="9.36483546160161495208740234375">
        <ele>756.20001220703125</ele>
        <time>2026-09-19T07:57:17.000Z</time>
      </trkpt>
      <trkpt lat="40.32584334723651409149169921875" lon="9.364796988666057586669921875">
        <ele>755.4000244140625</ele>
        <time>2026-09-19T07:57:18.000Z</time>
      </trkpt>
      <trkpt lat="40.32583932392299175262451171875" lon="9.364600516855716705322265625">
        <ele>751.79998779296875</ele>
        <time>2026-09-19T07:57:22.000Z</time>
      </trkpt>
      <trkpt lat="40.3258419223129749298095703125" lon="9.36434805393218994140625">
        <ele>748</ele>
        <time>2026-09-19T07:57:29.000Z</time>
      </trkpt>
      <trkpt lat="40.32595130614936351776123046875" lon="9.3641792424023151397705078125">
        <ele>745.4000244140625</ele>
        <time>2026-09-19T07:57:34.000Z</time>
      </trkpt>
      <trkpt lat="40.32609463669359683990478515625" lon="9.364077150821685791015625">
        <ele>745.5999755859375</ele>
        <time>2026-09-19T07:57:39.000Z</time>
      </trkpt>
      <trkpt lat="40.3260858356952667236328125" lon="9.3640833534300327301025390625">
        <ele>745.4000244140625</ele>
        <time>2026-09-19T07:57:40.000Z</time>
      </trkpt>
      <trkpt lat="40.32605272717773914337158203125" lon="9.3641312979161739349365234375">
        <ele>745</ele>
        <time>2026-09-19T07:57:43.000Z</time>
      </trkpt>
      <trkpt lat="40.32594493590295314788818359375" lon="9.36417915858328342437744140625">
        <ele>745.20001220703125</ele>
        <time>2026-09-19T07:57:47.000Z</time>
      </trkpt>
      <trkpt lat="40.32592020928859710693359375" lon="9.364174716174602508544921875">
        <ele>745.20001220703125</ele>
        <time>2026-09-19T07:57:49.000Z</time>
      </trkpt>
      <trkpt lat="40.3259076364338397979736328125" lon="9.3641648255288600921630859375">
        <ele>745</ele>
        <time>2026-09-19T07:57:50.000Z</time>
      </trkpt>
      <trkpt lat="40.32587938942015171051025390625" lon="9.3641031347215175628662109375">
        <ele>744</ele>
        <time>2026-09-19T07:57:53.000Z</time>
      </trkpt>
      <trkpt lat="40.32578081823885440826416015625" lon="9.36392334289848804473876953125">
        <ele>741.79998779296875</ele>
        <time>2026-09-19T07:57:59.000Z</time>
      </trkpt>
      <trkpt lat="40.3257698379456996917724609375" lon="9.3638531863689422607421875">
        <ele>741.20001220703125</ele>
        <time>2026-09-19T07:58:01.000Z</time>
      </trkpt>
      <trkpt lat="40.325731448829174041748046875" lon="9.36371446587145328521728515625">
        <ele>739.5999755859375</ele>
        <time>2026-09-19T07:58:05.000Z</time>
      </trkpt>
      <trkpt lat="40.32571275718510150909423828125" lon="9.363675825297832489013671875">
        <ele>739.20001220703125</ele>
        <time>2026-09-19T07:58:06.000Z</time>
      </trkpt>
      <trkpt lat="40.32568057067692279815673828125" lon="9.3634481728076934814453125">
        <ele>735.79998779296875</ele>
        <time>2026-09-19T07:58:12.000Z</time>
      </trkpt>
      <trkpt lat="40.32558920793235301971435546875" lon="9.36325647868216037750244140625">
        <ele>732.79998779296875</ele>
        <time>2026-09-19T07:58:18.000Z</time>
      </trkpt>
      <trkpt lat="40.32558049075305461883544921875" lon="9.3631154112517833709716796875">
        <ele>730.20001220703125</ele>
        <time>2026-09-19T07:58:22.000Z</time>
      </trkpt>
      <trkpt lat="40.32556607387959957122802734375" lon="9.36307995580136775970458984375">
        <ele>729.5999755859375</ele>
        <time>2026-09-19T07:58:23.000Z</time>
      </trkpt>
      <trkpt lat="40.32554126344621181488037109375" lon="9.36304919421672821044921875">
        <ele>728.79998779296875</ele>
        <time>2026-09-19T07:58:24.000Z</time>
      </trkpt>
      <trkpt lat="40.32546381466090679168701171875" lon="9.36288935132324695587158203125">
        <ele>727.5999755859375</ele>
        <time>2026-09-19T07:58:28.000Z</time>
      </trkpt>
      <trkpt lat="40.32543296925723552703857421875" lon="9.36271433718502521514892578125">
        <ele>726.20001220703125</ele>
        <time>2026-09-19T07:58:33.000Z</time>
      </trkpt>
      <trkpt lat="40.3253696858882904052734375" lon="9.362647533416748046875">
        <ele>725.4000244140625</ele>
        <time>2026-09-19T07:58:37.000Z</time>
      </trkpt>
      <trkpt lat="40.32530791126191616058349609375" lon="9.36251719482243061065673828125">
        <ele>723.79998779296875</ele>
        <time>2026-09-19T07:58:42.000Z</time>
      </trkpt>
      <trkpt lat="40.32530489377677440643310546875" lon="9.36247578822076320648193359375">
        <ele>723.79998779296875</ele>
        <time>2026-09-19T07:58:43.000Z</time>
      </trkpt>
      <trkpt lat="40.32528729178011417388916015625" lon="9.36222709715366363525390625">
        <ele>720.4000244140625</ele>
        <time>2026-09-19T07:58:48.000Z</time>
      </trkpt>
      <trkpt lat="40.3252417780458927154541015625" lon="9.3620532564818859100341796875">
        <ele>718.79998779296875</ele>
        <time>2026-09-19T07:58:52.000Z</time>
      </trkpt>
      <trkpt lat="40.3252458013594150543212890625" lon="9.3620126880705356597900390625">
        <ele>718.79998779296875</ele>
        <time>2026-09-19T07:58:53.000Z</time>
      </trkpt>
      <trkpt lat="40.32525812275707721710205078125" lon="9.36194286681711673736572265625">
        <ele>718.79998779296875</ele>
        <time>2026-09-19T07:58:55.000Z</time>
      </trkpt>
      <trkpt lat="40.3252501599490642547607421875" lon="9.3617632426321506500244140625">
        <ele>718</ele>
        <time>2026-09-19T07:59:00.000Z</time>
      </trkpt>
      <trkpt lat="40.325197689235210418701171875" lon="9.36162821017205715179443359375">
        <ele>717</ele>
        <time>2026-09-19T07:59:04.000Z</time>
      </trkpt>
      <trkpt lat="40.32517413608729839324951171875" lon="9.361597113311290740966796875">
        <ele>716.79998779296875</ele>
        <time>2026-09-19T07:59:05.000Z</time>
      </trkpt>
      <trkpt lat="40.3251274488866329193115234375" lon="9.36136971227824687957763671875">
        <ele>716.5999755859375</ele>
        <time>2026-09-19T07:59:11.000Z</time>
      </trkpt>
      <trkpt lat="40.32513038255274295806884765625" lon="9.36133517883718013763427734375">
        <ele>716.5999755859375</ele>
        <time>2026-09-19T07:59:12.000Z</time>
      </trkpt>
      <trkpt lat="40.32510523684322834014892578125" lon="9.36113946139812469482421875">
        <ele>715.4000244140625</ele>
        <time>2026-09-19T07:59:18.000Z</time>
      </trkpt>
      <trkpt lat="40.32509216107428073883056640625" lon="9.3609072826802730560302734375">
        <ele>714</ele>
        <time>2026-09-19T07:59:24.000Z</time>
      </trkpt>
      <trkpt lat="40.3250422887504100799560546875" lon="9.36074651777744293212890625">
        <ele>713.20001220703125</ele>
        <time>2026-09-19T07:59:29.000Z</time>
      </trkpt>
      <trkpt lat="40.32502711750566959381103515625" lon="9.36071625910699367523193359375">
        <ele>712.79998779296875</ele>
        <time>2026-09-19T07:59:30.000Z</time>
      </trkpt>
      <trkpt lat="40.32501789741218090057373046875" lon="9.36054677702486515045166015625">
        <ele>712</ele>
        <time>2026-09-19T07:59:35.000Z</time>
      </trkpt>
      <trkpt lat="40.32505142502486705780029296875" lon="9.360264725983142852783203125">
        <ele>711.4000244140625</ele>
        <time>2026-09-19T07:59:41.000Z</time>
      </trkpt>
      <trkpt lat="40.32505695708096027374267578125" lon="9.36018132604658603668212890625">
        <ele>711.4000244140625</ele>
        <time>2026-09-19T07:59:43.000Z</time>
      </trkpt>
      <trkpt lat="40.3250681050121784210205078125" lon="9.3600570224225521087646484375">
        <ele>711.20001220703125</ele>
        <time>2026-09-19T07:59:46.000Z</time>
      </trkpt>
      <trkpt lat="40.325052179396152496337890625" lon="9.35981847345829010009765625">
        <ele>710.79998779296875</ele>
        <time>2026-09-19T07:59:52.000Z</time>
      </trkpt>
      <trkpt lat="40.32505192793905735015869140625" lon="9.3597780726850032806396484375">
        <ele>710.79998779296875</ele>
        <time>2026-09-19T07:59:53.000Z</time>
      </trkpt>
      <trkpt lat="40.32505745999515056610107421875" lon="9.35953818261623382568359375">
        <ele>710.20001220703125</ele>
        <time>2026-09-19T07:59:59.000Z</time>
      </trkpt>
      <trkpt lat="40.32505544833838939666748046875" lon="9.35944656841456890106201171875">
        <ele>710.20001220703125</ele>
        <time>2026-09-19T08:00:01.000Z</time>
      </trkpt>
      <trkpt lat="40.32501496374607086181640625" lon="9.359182454645633697509765625">
        <ele>710.4000244140625</ele>
        <time>2026-09-19T08:00:08.000Z</time>
      </trkpt>
      <trkpt lat="40.325077660381793975830078125" lon="9.359036944806575775146484375">
        <ele>710.5999755859375</ele>
        <time>2026-09-19T08:00:13.000Z</time>
      </trkpt>
      <trkpt lat="40.32507958821952342987060546875" lon="9.359008111059665679931640625">
        <ele>710.4000244140625</ele>
        <time>2026-09-19T08:00:14.000Z</time>
      </trkpt>
      <trkpt lat="40.32507858239114284515380859375" lon="9.35877283103764057159423828125">
        <ele>709.5999755859375</ele>
        <time>2026-09-19T08:00:21.000Z</time>
      </trkpt>
      <trkpt lat="40.32513390295207500457763671875" lon="9.35853503644466400146484375">
        <ele>709</ele>
        <time>2026-09-19T08:00:27.000Z</time>
      </trkpt>
      <trkpt lat="40.3251696936786174774169921875" lon="9.358387850224971771240234375">
        <ele>708.20001220703125</ele>
        <time>2026-09-19T08:00:32.000Z</time>
      </trkpt>
      <trkpt lat="40.32527170144021511077880859375" lon="9.35821007005870342254638671875">
        <ele>708.20001220703125</ele>
        <time>2026-09-19T08:00:38.000Z</time>
      </trkpt>
      <trkpt lat="40.32538913190364837646484375" lon="9.3580245785415172576904296875">
        <ele>707.20001220703125</ele>
        <time>2026-09-19T08:00:43.000Z</time>
      </trkpt>
      <trkpt lat="40.32546146772801876068115234375" lon="9.35796665959060192108154296875">
        <ele>706.79998779296875</ele>
        <time>2026-09-19T08:00:46.000Z</time>
      </trkpt>
      <trkpt lat="40.32552734948694705963134765625" lon="9.35786758549511432647705078125">
        <ele>706.20001220703125</ele>
        <time>2026-09-19T08:00:51.000Z</time>
      </trkpt>
      <trkpt lat="40.3255465440452098846435546875" lon="9.3578396737575531005859375">
        <ele>706.20001220703125</ele>
        <time>2026-09-19T08:00:52.000Z</time>
      </trkpt>
      <trkpt lat="40.3256541676819324493408203125" lon="9.357723332941532135009765625">
        <ele>705</ele>
        <time>2026-09-19T08:00:59.000Z</time>
      </trkpt>
      <trkpt lat="40.3256803192198276519775390625" lon="9.35771637596189975738525390625">
        <ele>705</ele>
        <time>2026-09-19T08:01:00.000Z</time>
      </trkpt>
      <trkpt lat="40.3257577680051326751708984375" lon="9.35764647088944911956787109375">
        <ele>704.4000244140625</ele>
        <time>2026-09-19T08:01:03.000Z</time>
      </trkpt>
      <trkpt lat="40.32578215934336185455322265625" lon="9.3576400168240070343017578125">
        <ele>704.4000244140625</ele>
        <time>2026-09-19T08:01:04.000Z</time>
      </trkpt>
      <trkpt lat="40.32580160535871982574462890625" lon="9.35761763714253902435302734375">
        <ele>704.20001220703125</ele>
        <time>2026-09-19T08:01:05.000Z</time>
      </trkpt>
      <trkpt lat="40.32590587623417377471923828125" lon="9.3575253523886203765869140625">
        <ele>704</ele>
        <time>2026-09-19T08:01:10.000Z</time>
      </trkpt>
      <trkpt lat="40.326078124344348907470703125" lon="9.35745435766875743865966796875">
        <ele>703</ele>
        <time>2026-09-19T08:01:16.000Z</time>
      </trkpt>
      <trkpt lat="40.32625908963382244110107421875" lon="9.35737171210348606109619140625">
        <ele>702</ele>
        <time>2026-09-19T08:01:22.000Z</time>
      </trkpt>
      <trkpt lat="40.32628540880978107452392578125" lon="9.35735561884939670562744140625">
        <ele>701.79998779296875</ele>
        <time>2026-09-19T08:01:23.000Z</time>
      </trkpt>
      <trkpt lat="40.32637777738273143768310546875" lon="9.3572651781141757965087890625">
        <ele>701.20001220703125</ele>
        <time>2026-09-19T08:01:27.000Z</time>
      </trkpt>
      <trkpt lat="40.32638029195368289947509765625" lon="9.357240200042724609375">
        <ele>701</ele>
        <time>2026-09-19T08:01:28.000Z</time>
      </trkpt>
      <trkpt lat="40.32646930776536464691162109375" lon="9.35706778429448604583740234375">
        <ele>701</ele>
        <time>2026-09-19T08:01:33.000Z</time>
      </trkpt>
      <trkpt lat="40.3265017457306385040283203125" lon="9.3569718115031719207763671875">
        <ele>700.4000244140625</ele>
        <time>2026-09-19T08:01:36.000Z</time>
      </trkpt>
      <trkpt lat="40.32648623920977115631103515625" lon="9.35694574378430843353271484375">
        <ele>700</ele>
        <time>2026-09-19T08:01:37.000Z</time>
      </trkpt>
      <trkpt lat="40.32647601328790187835693359375" lon="9.35677626170217990875244140625">
        <ele>699</ele>
        <time>2026-09-19T08:01:42.000Z</time>
      </trkpt>
      <trkpt lat="40.3265238739550113677978515625" lon="9.3566479347646236419677734375">
        <ele>697.5999755859375</ele>
        <time>2026-09-19T08:01:45.000Z</time>
      </trkpt>
      <trkpt lat="40.326571650803089141845703125" lon="9.35656101442873477935791015625">
        <ele>696.5999755859375</ele>
        <time>2026-09-19T08:01:47.000Z</time>
      </trkpt>
      <trkpt lat="40.32669662497937679290771484375" lon="9.35637661255896091461181640625">
        <ele>693</ele>
        <time>2026-09-19T08:01:53.000Z</time>
      </trkpt>
      <trkpt lat="40.32674239017069339752197265625" lon="9.35631425119936466217041015625">
        <ele>691.5999755859375</ele>
        <time>2026-09-19T08:01:55.000Z</time>
      </trkpt>
      <trkpt lat="40.32686912454664707183837890625" lon="9.35609648935496807098388671875">
        <ele>688.4000244140625</ele>
        <time>2026-09-19T08:02:00.000Z</time>
      </trkpt>
      <trkpt lat="40.3269037418067455291748046875" lon="9.35599959455430507659912109375">
        <ele>687.20001220703125</ele>
        <time>2026-09-19T08:02:03.000Z</time>
      </trkpt>
      <trkpt lat="40.3268621675670146942138671875" lon="9.355847127735614776611328125">
        <ele>685.79998779296875</ele>
        <time>2026-09-19T08:02:07.000Z</time>
      </trkpt>
      <trkpt lat="40.3268450684845447540283203125" lon="9.355614446103572845458984375">
        <ele>684</ele>
        <time>2026-09-19T08:02:13.000Z</time>
      </trkpt>
      <trkpt lat="40.3268071822822093963623046875" lon="9.3554069101810455322265625">
        <ele>682.4000244140625</ele>
        <time>2026-09-19T08:02:18.000Z</time>
      </trkpt>
      <trkpt lat="40.32681631855666637420654296875" lon="9.3553390167653560638427734375">
        <ele>681.5999755859375</ele>
        <time>2026-09-19T08:02:20.000Z</time>
      </trkpt>
      <trkpt lat="40.32680324278771877288818359375" lon="9.35531236231327056884765625">
        <ele>681.4000244140625</ele>
        <time>2026-09-19T08:02:21.000Z</time>
      </trkpt>
      <trkpt lat="40.3267676196992397308349609375" lon="9.35522024519741535186767578125">
        <ele>680.79998779296875</ele>
        <time>2026-09-19T08:02:24.000Z</time>
      </trkpt>
      <trkpt lat="40.326748006045818328857421875" lon="9.355194680392742156982421875">
        <ele>681</ele>
        <time>2026-09-19T08:02:25.000Z</time>
      </trkpt>
      <trkpt lat="40.32672394998371601104736328125" lon="9.35505059547722339630126953125">
        <ele>680.4000244140625</ele>
        <time>2026-09-19T08:02:30.000Z</time>
      </trkpt>
      <trkpt lat="40.32673149369657039642333984375" lon="9.3550188280642032623291015625">
        <ele>680</ele>
        <time>2026-09-19T08:02:31.000Z</time>
      </trkpt>
      <trkpt lat="40.32676200382411479949951171875" lon="9.35490324161946773529052734375">
        <ele>678.4000244140625</ele>
        <time>2026-09-19T08:02:35.000Z</time>
      </trkpt>
      <trkpt lat="40.3267706371843814849853515625" lon="9.3548049218952655792236328125">
        <ele>677.4000244140625</ele>
        <time>2026-09-19T08:02:38.000Z</time>
      </trkpt>
      <trkpt lat="40.32678924500942230224609375" lon="9.35471833683550357818603515625">
        <ele>677</ele>
        <time>2026-09-19T08:02:40.000Z</time>
      </trkpt>
      <trkpt lat="40.326852612197399139404296875" lon="9.35451733879745006561279296875">
        <ele>675.20001220703125</ele>
        <time>2026-09-19T08:02:46.000Z</time>
      </trkpt>
      <trkpt lat="40.32692276872694492340087890625" lon="9.35430997051298618316650390625">
        <ele>672.5999755859375</ele>
        <time>2026-09-19T08:02:51.000Z</time>
      </trkpt>
      <trkpt lat="40.326857976615428924560546875" lon="9.354146607220172882080078125">
        <ele>671.4000244140625</ele>
        <time>2026-09-19T08:02:56.000Z</time>
      </trkpt>
      <trkpt lat="40.32674658112227916717529296875" lon="9.35403739102184772491455078125">
        <ele>671.4000244140625</ele>
        <time>2026-09-19T08:03:02.000Z</time>
      </trkpt>
      <trkpt lat="40.3265426494181156158447265625" lon="9.353996403515338897705078125">
        <ele>672.79998779296875</ele>
        <time>2026-09-19T08:03:08.000Z</time>
      </trkpt>
      <trkpt lat="40.32650417648255825042724609375" lon="9.3539774604141712188720703125">
        <ele>673.20001220703125</ele>
        <time>2026-09-19T08:03:09.000Z</time>
      </trkpt>
      <trkpt lat="40.3263870812952518463134765625" lon="9.35383848845958709716796875">
        <ele>673.4000244140625</ele>
        <time>2026-09-19T08:03:14.000Z</time>
      </trkpt>
      <trkpt lat="40.32636654563248157501220703125" lon="9.35365065000951290130615234375">
        <ele>673</ele>
        <time>2026-09-19T08:03:19.000Z</time>
      </trkpt>
      <trkpt lat="40.32632212154567241668701171875" lon="9.3534624762833118438720703125">
        <ele>673.20001220703125</ele>
        <time>2026-09-19T08:03:24.000Z</time>
      </trkpt>
      <trkpt lat="40.32629513181746006011962890625" lon="9.35340053401887416839599609375">
        <ele>673.4000244140625</ele>
        <time>2026-09-19T08:03:26.000Z</time>
      </trkpt>
      <trkpt lat="40.32630787231028079986572265625" lon="9.353276900947093963623046875">
        <ele>673.20001220703125</ele>
        <time>2026-09-19T08:03:29.000Z</time>
      </trkpt>
      <trkpt lat="40.3262362070381641387939453125" lon="9.35315980575978755950927734375">
        <ele>673.5999755859375</ele>
        <time>2026-09-19T08:03:33.000Z</time>
      </trkpt>
      <trkpt lat="40.32614325173199176788330078125" lon="9.35298412106931209564208984375">
        <ele>674.4000244140625</ele>
        <time>2026-09-19T08:03:39.000Z</time>
      </trkpt>
      <trkpt lat="40.32611056230962276458740234375" lon="9.352747835218906402587890625">
        <ele>676.4000244140625</ele>
        <time>2026-09-19T08:03:46.000Z</time>
      </trkpt>
      <trkpt lat="40.3261151723563671112060546875" lon="9.352600984275341033935546875">
        <ele>678</ele>
        <time>2026-09-19T08:03:51.000Z</time>
      </trkpt>
      <trkpt lat="40.32607904635369777679443359375" lon="9.3524881638586521148681640625">
        <ele>679.5999755859375</ele>
        <time>2026-09-19T08:03:56.000Z</time>
      </trkpt>
      <trkpt lat="40.32607804052531719207763671875" lon="9.352452792227268218994140625">
        <ele>679.79998779296875</ele>
        <time>2026-09-19T08:03:57.000Z</time>
      </trkpt>
      <trkpt lat="40.32607636414468288421630859375" lon="9.35238347388803958892822265625">
        <ele>680.5999755859375</ele>
        <time>2026-09-19T08:03:59.000Z</time>
      </trkpt>
      <trkpt lat="40.32609011046588420867919921875" lon="9.3522658757865428924560546875">
        <ele>681.5999755859375</ele>
        <time>2026-09-19T08:04:02.000Z</time>
      </trkpt>
      <trkpt lat="40.3261178545653820037841796875" lon="9.35218356549739837646484375">
        <ele>682.5999755859375</ele>
        <time>2026-09-19T08:04:04.000Z</time>
      </trkpt>
      <trkpt lat="40.32610670663416385650634765625" lon="9.3521515466272830963134765625">
        <ele>683.20001220703125</ele>
        <time>2026-09-19T08:04:05.000Z</time>
      </trkpt>
      <trkpt lat="40.32609522342681884765625" lon="9.35210309922695159912109375">
        <ele>683.79998779296875</ele>
        <time>2026-09-19T08:04:07.000Z</time>
      </trkpt>
      <trkpt lat="40.3261235542595386505126953125" lon="9.35202623717486858367919921875">
        <ele>684.79998779296875</ele>
        <time>2026-09-19T08:04:10.000Z</time>
      </trkpt>
      <trkpt lat="40.326184071600437164306640625" lon="9.35196630656719207763671875">
        <ele>685.20001220703125</ele>
        <time>2026-09-19T08:04:13.000Z</time>
      </trkpt>
      <trkpt lat="40.326239727437496185302734375" lon="9.35191727243363857269287109375">
        <ele>685.5999755859375</ele>
        <time>2026-09-19T08:04:17.000Z</time>
      </trkpt>
      <trkpt lat="40.32625540159642696380615234375" lon="9.351878799498081207275390625">
        <ele>686</ele>
        <time>2026-09-19T08:04:19.000Z</time>
      </trkpt>
      <trkpt lat="40.326266549527645111083984375" lon="9.35185742564499378204345703125">
        <ele>686.20001220703125</ele>
        <time>2026-09-19T08:04:20.000Z</time>
      </trkpt>
      <trkpt lat="40.32626361586153507232666015625" lon="9.35184619389474391937255859375">
        <ele>686.4000244140625</ele>
        <time>2026-09-19T08:04:21.000Z</time>
      </trkpt>
      <trkpt lat="40.32625406049191951751708984375" lon="9.3517998419702053070068359375">
        <ele>687</ele>
        <time>2026-09-19T08:04:24.000Z</time>
      </trkpt>
      <trkpt lat="40.32626093365252017974853515625" lon="9.35178299434483051300048828125">
        <ele>687.20001220703125</ele>
        <time>2026-09-19T08:04:25.000Z</time>
      </trkpt>
      <trkpt lat="40.32625623978674411773681640625" lon="9.35174494050443172454833984375">
        <ele>687.5999755859375</ele>
        <time>2026-09-19T08:04:27.000Z</time>
      </trkpt>
      <trkpt lat="40.3262630291283130645751953125" lon="9.35170345008373260498046875">
        <ele>688</ele>
        <time>2026-09-19T08:04:29.000Z</time>
      </trkpt>
      <trkpt lat="40.32626143656671047210693359375" lon="9.3516563437879085540771484375">
        <ele>688.5999755859375</ele>
        <time>2026-09-19T08:04:32.000Z</time>
      </trkpt>
      <trkpt lat="40.32626059837639331817626953125" lon="9.3516328744590282440185546875">
        <ele>688.79998779296875</ele>
        <time>2026-09-19T08:04:34.000Z</time>
      </trkpt>
      <trkpt lat="40.32628004439175128936767578125" lon="9.3515658192336559295654296875">
        <ele>688.5999755859375</ele>
        <time>2026-09-19T08:04:37.000Z</time>
      </trkpt>
      <trkpt lat="40.32631005160510540008544921875" lon="9.35151980258524417877197265625">
        <ele>688.5999755859375</ele>
        <time>2026-09-19T08:04:39.000Z</time>
      </trkpt>
      <trkpt lat="40.32636453397572040557861328125" lon="9.35142776928842067718505859375">
        <ele>688.4000244140625</ele>
        <time>2026-09-19T08:04:45.000Z</time>
      </trkpt>
      <trkpt lat="40.3264152444899082183837890625" lon="9.35131763108074665069580078125">
        <ele>688.4000244140625</ele>
        <time>2026-09-19T08:04:52.000Z</time>
      </trkpt>
      <trkpt lat="40.326519012451171875" lon="9.351118393242359161376953125">
        <ele>688.20001220703125</ele>
        <time>2026-09-19T08:04:59.000Z</time>
      </trkpt>
      <trkpt lat="40.32656385563313961029052734375" lon="9.3509717099368572235107421875">
        <ele>688.4000244140625</ele>
        <time>2026-09-19T08:05:05.000Z</time>
      </trkpt>
      <trkpt lat="40.3266418911516666412353515625" lon="9.350860901176929473876953125">
        <ele>689.4000244140625</ele>
        <time>2026-09-19T08:05:09.000Z</time>
      </trkpt>
      <trkpt lat="40.32668732106685638427734375" lon="9.3508104421198368072509765625">
        <ele>689.79998779296875</ele>
        <time>2026-09-19T08:05:11.000Z</time>
      </trkpt>
      <trkpt lat="40.32678010873496532440185546875" lon="9.35059879906475543975830078125">
        <ele>691.4000244140625</ele>
        <time>2026-09-19T08:05:19.000Z</time>
      </trkpt>
      <trkpt lat="40.32679016701877117156982421875" lon="9.3505428917706012725830078125">
        <ele>691.79998779296875</ele>
        <time>2026-09-19T08:05:21.000Z</time>
      </trkpt>
      <trkpt lat="40.3268635086715221405029296875" lon="9.35039008967578411102294921875">
        <ele>692.4000244140625</ele>
        <time>2026-09-19T08:05:25.000Z</time>
      </trkpt>
      <trkpt lat="40.32692410983145236968994140625" lon="9.3502810411155223846435546875">
        <ele>692.4000244140625</ele>
        <time>2026-09-19T08:05:31.000Z</time>
      </trkpt>
      <trkpt lat="40.32692628912627696990966796875" lon="9.3502696417272090911865234375">
        <ele>692.4000244140625</ele>
        <time>2026-09-19T08:05:32.000Z</time>
      </trkpt>
      <trkpt lat="40.3269409574568271636962890625" lon="9.35017702169716358184814453125">
        <ele>692.5999755859375</ele>
        <time>2026-09-19T08:05:35.000Z</time>
      </trkpt>
      <trkpt lat="40.3269298933446407318115234375" lon="9.35011181049048900604248046875">
        <ele>693.20001220703125</ele>
        <time>2026-09-19T08:05:37.000Z</time>
      </trkpt>
      <trkpt lat="40.32688002102077007293701171875" lon="9.34990125708281993865966796875">
        <ele>694.79998779296875</ele>
        <time>2026-09-19T08:05:43.000Z</time>
      </trkpt>
      <trkpt lat="40.32674624584615230560302734375" lon="9.3496926315128803253173828125">
        <ele>694</ele>
        <time>2026-09-19T08:05:51.000Z</time>
      </trkpt>
      <trkpt lat="40.32672948203980922698974609375" lon="9.34966589324176311492919921875">
        <ele>693.79998779296875</ele>
        <time>2026-09-19T08:05:52.000Z</time>
      </trkpt>
      <trkpt lat="40.3267461620271205902099609375" lon="9.34953329153358936309814453125">
        <ele>694</ele>
        <time>2026-09-19T08:05:56.000Z</time>
      </trkpt>
      <trkpt lat="40.32681782729923725128173828125" lon="9.3493432737886905670166015625">
        <ele>693</ele>
        <time>2026-09-19T08:06:01.000Z</time>
      </trkpt>
      <trkpt lat="40.3269788436591625213623046875" lon="9.34918711893260478973388671875">
        <ele>693.20001220703125</ele>
        <time>2026-09-19T08:06:08.000Z</time>
      </trkpt>
      <trkpt lat="40.3271364234387874603271484375" lon="9.349053092300891876220703125">
        <ele>692.4000244140625</ele>
        <time>2026-09-19T08:06:15.000Z</time>
      </trkpt>
      <trkpt lat="40.32718059606850147247314453125" lon="9.349003471434116363525390625">
        <ele>692</ele>
        <time>2026-09-19T08:06:17.000Z</time>
      </trkpt>
      <trkpt lat="40.3273201547563076019287109375" lon="9.3488373421132564544677734375">
        <ele>689.79998779296875</ele>
        <time>2026-09-19T08:06:24.000Z</time>
      </trkpt>
      <trkpt lat="40.32736667431890964508056640625" lon="9.3487853743135929107666015625">
        <ele>689</ele>
        <time>2026-09-19T08:06:26.000Z</time>
      </trkpt>
      <trkpt lat="40.32745434902608394622802734375" lon="9.34871069155633449554443359375">
        <ele>687</ele>
        <time>2026-09-19T08:06:30.000Z</time>
      </trkpt>
      <trkpt lat="40.32750832848250865936279296875" lon="9.34867733158171176910400390625">
        <ele>686</ele>
        <time>2026-09-19T08:06:32.000Z</time>
      </trkpt>
      <trkpt lat="40.32765199430286884307861328125" lon="9.348607845604419708251953125">
        <ele>684</ele>
        <time>2026-09-19T08:06:38.000Z</time>
      </trkpt>
      <trkpt lat="40.327672697603702545166015625" lon="9.34858580119907855987548828125">
        <ele>683.5999755859375</ele>
        <time>2026-09-19T08:06:39.000Z</time>
      </trkpt>
      <trkpt lat="40.32768719829618930816650390625" lon="9.34855713509023189544677734375">
        <ele>683.20001220703125</ele>
        <time>2026-09-19T08:06:40.000Z</time>
      </trkpt>
      <trkpt lat="40.32776934094727039337158203125" lon="9.34843794442713260650634765625">
        <ele>681</ele>
        <time>2026-09-19T08:06:44.000Z</time>
      </trkpt>
      <trkpt lat="40.32780588604509830474853515625" lon="9.3484236113727092742919921875">
        <ele>680.4000244140625</ele>
        <time>2026-09-19T08:06:45.000Z</time>
      </trkpt>
      <trkpt lat="40.32786958850920200347900390625" lon="9.348338954150676727294921875">
        <ele>678.5999755859375</ele>
        <time>2026-09-19T08:06:48.000Z</time>
      </trkpt>
      <trkpt lat="40.32787210308015346527099609375" lon="9.3483029119670391082763671875">
        <ele>678</ele>
        <time>2026-09-19T08:06:49.000Z</time>
      </trkpt>
      <trkpt lat="40.327818207442760467529296875" lon="9.348117001354694366455078125">
        <ele>677.4000244140625</ele>
        <time>2026-09-19T08:06:54.000Z</time>
      </trkpt>
      <trkpt lat="40.3278337977826595306396484375" lon="9.34796436689794063568115234375">
        <ele>675</ele>
        <time>2026-09-19T08:06:58.000Z</time>
      </trkpt>
      <trkpt lat="40.32784393988549709320068359375" lon="9.34781533665955066680908203125">
        <ele>672.5999755859375</ele>
        <time>2026-09-19T08:07:02.000Z</time>
      </trkpt>
      <trkpt lat="40.3278150223195552825927734375" lon="9.347651302814483642578125">
        <ele>669.20001220703125</ele>
        <time>2026-09-19T08:07:06.000Z</time>
      </trkpt>
      <trkpt lat="40.32779783941805362701416015625" lon="9.3474989198148250579833984375">
        <ele>665.20001220703125</ele>
        <time>2026-09-19T08:07:10.000Z</time>
      </trkpt>
      <trkpt lat="40.3278331272304058074951171875" lon="9.34741367585957050323486328125">
        <ele>664.4000244140625</ele>
        <time>2026-09-19T08:07:13.000Z</time>
      </trkpt>
      <trkpt lat="40.32786053605377674102783203125" lon="9.3473892845213413238525390625">
        <ele>664</ele>
        <time>2026-09-19T08:07:14.000Z</time>
      </trkpt>
      <trkpt lat="40.3279204666614532470703125" lon="9.3473081476986408233642578125">
        <ele>663</ele>
        <time>2026-09-19T08:07:17.000Z</time>
      </trkpt>
      <trkpt lat="40.327916443347930908203125" lon="9.3472752906382083892822265625">
        <ele>662.5999755859375</ele>
        <time>2026-09-19T08:07:18.000Z</time>
      </trkpt>
      <trkpt lat="40.327896662056446075439453125" lon="9.347214438021183013916015625">
        <ele>662.20001220703125</ele>
        <time>2026-09-19T08:07:20.000Z</time>
      </trkpt>
      <trkpt lat="40.3278522379696369171142578125" lon="9.3471804074943065643310546875">
        <ele>662.20001220703125</ele>
        <time>2026-09-19T08:07:22.000Z</time>
      </trkpt>
      <trkpt lat="40.327740423381328582763671875" lon="9.3472208082675933837890625">
        <ele>663.20001220703125</ele>
        <time>2026-09-19T08:07:26.000Z</time>
      </trkpt>
      <trkpt lat="40.32755526714026927947998046875" lon="9.3472234904766082763671875">
        <ele>661.4000244140625</ele>
        <time>2026-09-19T08:07:32.000Z</time>
      </trkpt>
      <trkpt lat="40.32751972787082195281982421875" lon="9.34722390957176685333251953125">
        <ele>661</ele>
        <time>2026-09-19T08:07:33.000Z</time>
      </trkpt>
      <trkpt lat="40.3273194842040538787841796875" lon="9.34724025428295135498046875">
        <ele>658</ele>
        <time>2026-09-19T08:07:38.000Z</time>
      </trkpt>
      <trkpt lat="40.3272204101085662841796875" lon="9.34726766310632228851318359375">
        <ele>656.4000244140625</ele>
        <time>2026-09-19T08:07:41.000Z</time>
      </trkpt>
      <trkpt lat="40.32720339484512805938720703125" lon="9.34726464562118053436279296875">
        <ele>656.20001220703125</ele>
        <time>2026-09-19T08:07:42.000Z</time>
      </trkpt>
      <trkpt lat="40.3271696157753467559814453125" lon="9.3472357280552387237548828125">
        <ele>655.4000244140625</ele>
        <time>2026-09-19T08:07:44.000Z</time>
      </trkpt>
      <trkpt lat="40.32701144926249980926513671875" lon="9.34712919406592845916748046875">
        <ele>652.4000244140625</ele>
        <time>2026-09-19T08:07:50.000Z</time>
      </trkpt>
      <trkpt lat="40.32690860331058502197265625" lon="9.34703196398913860321044921875">
        <ele>650.5999755859375</ele>
        <time>2026-09-19T08:07:55.000Z</time>
      </trkpt>
      <trkpt lat="40.326890833675861358642578125" lon="9.34699793346226215362548828125">
        <ele>650.20001220703125</ele>
        <time>2026-09-19T08:07:56.000Z</time>
      </trkpt>
      <trkpt lat="40.32684280537068843841552734375" lon="9.34691562317311763763427734375">
        <ele>648.79998779296875</ele>
        <time>2026-09-19T08:07:59.000Z</time>
      </trkpt>
      <trkpt lat="40.3267967887222766876220703125" lon="9.3468702770769596099853515625">
        <ele>647.79998779296875</ele>
        <time>2026-09-19T08:08:01.000Z</time>
      </trkpt>
      <trkpt lat="40.326702408492565155029296875" lon="9.3468300439417362213134765625">
        <ele>645.79998779296875</ele>
        <time>2026-09-19T08:08:04.000Z</time>
      </trkpt>
      <trkpt lat="40.326566286385059356689453125" lon="9.34680246748030185699462890625">
        <ele>642.4000244140625</ele>
        <time>2026-09-19T08:08:07.000Z</time>
      </trkpt>
      <trkpt lat="40.326373167335987091064453125" lon="9.34679475612938404083251953125">
        <ele>636</ele>
        <time>2026-09-19T08:08:13.000Z</time>
      </trkpt>
      <trkpt lat="40.3263176791369915008544921875" lon="9.346847645938396453857421875">
        <ele>634.20001220703125</ele>
        <time>2026-09-19T08:08:17.000Z</time>
      </trkpt>
      <trkpt lat="40.32621399499475955963134765625" lon="9.34693657793104648590087890625">
        <ele>630.4000244140625</ele>
        <time>2026-09-19T08:08:21.000Z</time>
      </trkpt>
      <trkpt lat="40.3261818923056125640869140625" lon="9.34693490155041217803955078125">
        <ele>629.20001220703125</ele>
        <time>2026-09-19T08:08:22.000Z</time>
      </trkpt>
      <trkpt lat="40.3261483646929264068603515625" lon="9.34688209556043148040771484375">
        <ele>628.20001220703125</ele>
        <time>2026-09-19T08:08:24.000Z</time>
      </trkpt>
      <trkpt lat="40.326136462390422821044921875" lon="9.34680649079382419586181640625">
        <ele>628</ele>
        <time>2026-09-19T08:08:26.000Z</time>
      </trkpt>
      <trkpt lat="40.32612414099276065826416015625" lon="9.346640110015869140625">
        <ele>628</ele>
        <time>2026-09-19T08:08:31.000Z</time>
      </trkpt>
      <trkpt lat="40.32603864558041095733642578125" lon="9.34648395515978336334228515625">
        <ele>624.5999755859375</ele>
        <time>2026-09-19T08:08:36.000Z</time>
      </trkpt>
      <trkpt lat="40.32602188177406787872314453125" lon="9.34644958935678005218505859375">
        <ele>623.79998779296875</ele>
        <time>2026-09-19T08:08:37.000Z</time>
      </trkpt>
      <trkpt lat="40.3259642980992794036865234375" lon="9.34621254913508892059326171875">
        <ele>619.5999755859375</ele>
        <time>2026-09-19T08:08:43.000Z</time>
      </trkpt>
      <trkpt lat="40.32598835416138172149658203125" lon="9.34600551612675189971923828125">
        <ele>617.4000244140625</ele>
        <time>2026-09-19T08:08:48.000Z</time>
      </trkpt>
      <trkpt lat="40.32609455287456512451171875" lon="9.34588062576949596405029296875">
        <ele>619.20001220703125</ele>
        <time>2026-09-19T08:08:53.000Z</time>
      </trkpt>
      <trkpt lat="40.32618398778140544891357421875" lon="9.34572346508502960205078125">
        <ele>619.5999755859375</ele>
        <time>2026-09-19T08:08:58.000Z</time>
      </trkpt>
      <trkpt lat="40.32628054730594158172607421875" lon="9.34551282785832881927490234375">
        <ele>616.79998779296875</ele>
        <time>2026-09-19T08:09:04.000Z</time>
      </trkpt>
      <trkpt lat="40.32629529945552349090576171875" lon="9.34549279510974884033203125">
        <ele>616.79998779296875</ele>
        <time>2026-09-19T08:09:05.000Z</time>
      </trkpt>
      <trkpt lat="40.326361097395420074462890625" lon="9.34525332413613796234130859375">
        <ele>611.20001220703125</ele>
        <time>2026-09-19T08:09:11.000Z</time>
      </trkpt>
      <trkpt lat="40.3263954631984233856201171875" lon="9.3450296111404895782470703125">
        <ele>607</ele>
        <time>2026-09-19T08:09:17.000Z</time>
      </trkpt>
      <trkpt lat="40.326498560607433319091796875" lon="9.3448016233742237091064453125">
        <ele>602.5999755859375</ele>
        <time>2026-09-19T08:09:25.000Z</time>
      </trkpt>
      <trkpt lat="40.326602160930633544921875" lon="9.344670362770557403564453125">
        <ele>602.4000244140625</ele>
        <time>2026-09-19T08:09:30.000Z</time>
      </trkpt>
      <trkpt lat="40.32672445289790630340576171875" lon="9.3445681035518646240234375">
        <ele>602.79998779296875</ele>
        <time>2026-09-19T08:09:35.000Z</time>
      </trkpt>
      <trkpt lat="40.326896868646144866943359375" lon="9.34447330422699451446533203125">
        <ele>605.5999755859375</ele>
        <time>2026-09-19T08:09:41.000Z</time>
      </trkpt>
      <trkpt lat="40.326923690736293792724609375" lon="9.34446282684803009033203125">
        <ele>606.20001220703125</ele>
        <time>2026-09-19T08:09:42.000Z</time>
      </trkpt>
      <trkpt lat="40.32706257887184619903564453125" lon="9.34436433948576450347900390625">
        <ele>606.5999755859375</ele>
        <time>2026-09-19T08:09:48.000Z</time>
      </trkpt>
      <trkpt lat="40.32718914560973644256591796875" lon="9.34429259039461612701416015625">
        <ele>608.4000244140625</ele>
        <time>2026-09-19T08:09:54.000Z</time>
      </trkpt>
      <trkpt lat="40.3273545205593109130859375" lon="9.34418178163468837738037109375">
        <ele>610</ele>
        <time>2026-09-19T08:10:01.000Z</time>
      </trkpt>
      <trkpt lat="40.32748502679169178009033203125" lon="9.344067871570587158203125">
        <ele>610.20001220703125</ele>
        <time>2026-09-19T08:10:07.000Z</time>
      </trkpt>
      <trkpt lat="40.3276812471449375152587890625" lon="9.34397525154054164886474609375">
        <ele>608.4000244140625</ele>
        <time>2026-09-19T08:10:14.000Z</time>
      </trkpt>
      <trkpt lat="40.327778644859790802001953125" lon="9.3439389578998088836669921875">
        <ele>606.79998779296875</ele>
        <time>2026-09-19T08:10:17.000Z</time>
      </trkpt>
      <trkpt lat="40.32780773006379604339599609375" lon="9.34393870644271373748779296875">
        <ele>606.5999755859375</ele>
        <time>2026-09-19T08:10:18.000Z</time>
      </trkpt>
      <trkpt lat="40.32784461043775081634521484375" lon="9.34395681135356426239013671875">
        <ele>606.5999755859375</ele>
        <time>2026-09-19T08:10:20.000Z</time>
      </trkpt>
      <trkpt lat="40.32799355685710906982421875" lon="9.34402688406407833099365234375">
        <ele>607.4000244140625</ele>
        <time>2026-09-19T08:10:26.000Z</time>
      </trkpt>
      <trkpt lat="40.328134037554264068603515625" lon="9.34400022961199283599853515625">
        <ele>605.79998779296875</ele>
        <time>2026-09-19T08:10:31.000Z</time>
      </trkpt>
      <trkpt lat="40.3283253125846385955810546875" lon="9.34393686242401599884033203125">
        <ele>603.20001220703125</ele>
        <time>2026-09-19T08:10:38.000Z</time>
      </trkpt>
      <trkpt lat="40.32834869809448719024658203125" lon="9.34394222684204578399658203125">
        <ele>603</ele>
        <time>2026-09-19T08:10:39.000Z</time>
      </trkpt>
      <trkpt lat="40.3284138254821300506591796875" lon="9.34400173835456371307373046875">
        <ele>603.4000244140625</ele>
        <time>2026-09-19T08:10:42.000Z</time>
      </trkpt>
      <trkpt lat="40.32855807803571224212646484375" lon="9.34415495954453945159912109375">
        <ele>604.79998779296875</ele>
        <time>2026-09-19T08:10:49.000Z</time>
      </trkpt>
      <trkpt lat="40.3286956250667572021484375" lon="9.3440925143659114837646484375">
        <ele>601.5999755859375</ele>
        <time>2026-09-19T08:10:54.000Z</time>
      </trkpt>
      <trkpt lat="40.32870769500732421875" lon="9.3440690450370311737060546875">
        <ele>601</ele>
        <time>2026-09-19T08:10:55.000Z</time>
      </trkpt>
      <trkpt lat="40.32876008190214633941650390625" lon="9.34394289739429950714111328125">
        <ele>598</ele>
        <time>2026-09-19T08:10:59.000Z</time>
      </trkpt>
      <trkpt lat="40.32875756733119487762451171875" lon="9.34391071088612079620361328125">
        <ele>597.4000244140625</ele>
        <time>2026-09-19T08:11:00.000Z</time>
      </trkpt>
      <trkpt lat="40.32874164171516895294189453125" lon="9.3438055180013179779052734375">
        <ele>595.79998779296875</ele>
        <time>2026-09-19T08:11:03.000Z</time>
      </trkpt>
      <trkpt lat="40.32866469584405422210693359375" lon="9.34363511390984058380126953125">
        <ele>593.79998779296875</ele>
        <time>2026-09-19T08:11:09.000Z</time>
      </trkpt>
      <trkpt lat="40.3285814635455608367919921875" lon="9.34346965514123439788818359375">
        <ele>591.20001220703125</ele>
        <time>2026-09-19T08:11:15.000Z</time>
      </trkpt>
      <trkpt lat="40.32845531590282917022705078125" lon="9.34330134652554988861083984375">
        <ele>588</ele>
        <time>2026-09-19T08:11:21.000Z</time>
      </trkpt>
      <trkpt lat="40.3284104727208614349365234375" lon="9.3432395718991756439208984375">
        <ele>586.20001220703125</ele>
        <time>2026-09-19T08:11:23.000Z</time>
      </trkpt>
      <trkpt lat="40.32826923765242099761962890625" lon="9.34306849725544452667236328125">
        <ele>581</ele>
        <time>2026-09-19T08:11:30.000Z</time>
      </trkpt>
      <trkpt lat="40.3280788846313953399658203125" lon="9.343014769256114959716796875">
        <ele>577.5999755859375</ele>
        <time>2026-09-19T08:11:37.000Z</time>
      </trkpt>
      <trkpt lat="40.32805650494992733001708984375" lon="9.3430055491626262664794921875">
        <ele>577.20001220703125</ele>
        <time>2026-09-19T08:11:38.000Z</time>
      </trkpt>
      <trkpt lat="40.328038819134235382080078125" lon="9.34299004264175891876220703125">
        <ele>576.79998779296875</ele>
        <time>2026-09-19T08:11:40.000Z</time>
      </trkpt>
      <trkpt lat="40.32806907780468463897705078125" lon="9.3429492227733135223388671875">
        <ele>576</ele>
        <time>2026-09-19T08:11:45.000Z</time>
      </trkpt>
      <trkpt lat="40.32822883687913417816162109375" lon="9.34288979507982730865478515625">
        <ele>575.4000244140625</ele>
        <time>2026-09-19T08:11:51.000Z</time>
      </trkpt>
      <trkpt lat="40.32839580439031124114990234375" lon="9.34288032352924346923828125">
        <ele>574.79998779296875</ele>
        <time>2026-09-19T08:11:57.000Z</time>
      </trkpt>
      <trkpt lat="40.32861071638762950897216796875" lon="9.34288443066179752349853515625">
        <ele>574.20001220703125</ele>
        <time>2026-09-19T08:12:04.000Z</time>
      </trkpt>
      <trkpt lat="40.32879411242902278900146484375" lon="9.34293321333825588226318359375">
        <ele>572.5999755859375</ele>
        <time>2026-09-19T08:12:10.000Z</time>
      </trkpt>
      <trkpt lat="40.3289718925952911376953125" lon="9.342986606061458587646484375">
        <ele>571.4000244140625</ele>
        <time>2026-09-19T08:12:16.000Z</time>
      </trkpt>
      <trkpt lat="40.3290424682199954986572265625" lon="9.34299356304109096527099609375">
        <ele>570.5999755859375</ele>
        <time>2026-09-19T08:12:18.000Z</time>
      </trkpt>
      <trkpt lat="40.32920499332249164581298828125" lon="9.343035221099853515625">
        <ele>570.5999755859375</ele>
        <time>2026-09-19T08:12:23.000Z</time>
      </trkpt>
      <trkpt lat="40.3294038958847522735595703125" lon="9.3431034497916698455810546875">
        <ele>572.5999755859375</ele>
        <time>2026-09-19T08:12:30.000Z</time>
      </trkpt>
      <trkpt lat="40.32943700440227985382080078125" lon="9.34311241842806339263916015625">
        <ele>572.20001220703125</ele>
        <time>2026-09-19T08:12:31.000Z</time>
      </trkpt>
      <trkpt lat="40.329629369080066680908203125" lon="9.34319975785911083221435546875">
        <ele>571</ele>
        <time>2026-09-19T08:12:38.000Z</time>
      </trkpt>
      <trkpt lat="40.32981066964566707611083984375" lon="9.3432600237429141998291015625">
        <ele>570</ele>
        <time>2026-09-19T08:12:44.000Z</time>
      </trkpt>
      <trkpt lat="40.329913012683391571044921875" lon="9.343306459486484527587890625">
        <ele>570</ele>
        <time>2026-09-19T08:12:48.000Z</time>
      </trkpt>
      <trkpt lat="40.33007369376718997955322265625" lon="9.34344333596527576446533203125">
        <ele>570</ele>
        <time>2026-09-19T08:12:55.000Z</time>
      </trkpt>
      <trkpt lat="40.330192632973194122314453125" lon="9.3436318449676036834716796875">
        <ele>571.4000244140625</ele>
        <time>2026-09-19T08:13:01.000Z</time>
      </trkpt>
      <trkpt lat="40.33021132461726665496826171875" lon="9.34367098845541477203369140625">
        <ele>571.79998779296875</ele>
        <time>2026-09-19T08:13:02.000Z</time>
      </trkpt>
      <trkpt lat="40.330293886363506317138671875" lon="9.34375145472586154937744140625">
        <ele>569.4000244140625</ele>
        <time>2026-09-19T08:13:06.000Z</time>
      </trkpt>
      <trkpt lat="40.3303386457264423370361328125" lon="9.34375011362135410308837890625">
        <ele>566.79998779296875</ele>
        <time>2026-09-19T08:13:08.000Z</time>
      </trkpt>
      <trkpt lat="40.33037343062460422515869140625" lon="9.3437123112380504608154296875">
        <ele>564</ele>
        <time>2026-09-19T08:13:10.000Z</time>
      </trkpt>
      <trkpt lat="40.330382399260997772216796875" lon="9.34367903508245944976806640625">
        <ele>563</ele>
        <time>2026-09-19T08:13:11.000Z</time>
      </trkpt>
      <trkpt lat="40.3303664736449718475341796875" lon="9.3435872532427310943603515625">
        <ele>562.4000244140625</ele>
        <time>2026-09-19T08:13:13.000Z</time>
      </trkpt>
      <trkpt lat="40.33025608398020267486572265625" lon="9.343400336802005767822265625">
        <ele>563.5999755859375</ele>
        <time>2026-09-19T08:13:18.000Z</time>
      </trkpt>
      <trkpt lat="40.33023043535649776458740234375" lon="9.34337041340768337249755859375">
        <ele>564</ele>
        <time>2026-09-19T08:13:19.000Z</time>
      </trkpt>
      <trkpt lat="40.33007754944264888763427734375" lon="9.3432110734283924102783203125">
        <ele>563.5999755859375</ele>
        <time>2026-09-19T08:13:25.000Z</time>
      </trkpt>
      <trkpt lat="40.33001233823597431182861328125" lon="9.3431306071579456329345703125">
        <ele>563</ele>
        <time>2026-09-19T08:13:28.000Z</time>
      </trkpt>
      <trkpt lat="40.3298494778573513031005859375" lon="9.34296489693224430084228515625">
        <ele>561</ele>
        <time>2026-09-19T08:13:35.000Z</time>
      </trkpt>
      <trkpt lat="40.32982416450977325439453125" lon="9.34294276870787143707275390625">
        <ele>560.5999755859375</ele>
        <time>2026-09-19T08:13:36.000Z</time>
      </trkpt>
      <trkpt lat="40.3296731226146221160888671875" lon="9.34279910288751125335693359375">
        <ele>558.5999755859375</ele>
        <time>2026-09-19T08:13:42.000Z</time>
      </trkpt>
      <trkpt lat="40.32953574322164058685302734375" lon="9.342657364904880523681640625">
        <ele>557</ele>
        <time>2026-09-19T08:13:48.000Z</time>
      </trkpt>
      <trkpt lat="40.32945913262665271759033203125" lon="9.34260673820972442626953125">
        <ele>556.79998779296875</ele>
        <time>2026-09-19T08:13:51.000Z</time>
      </trkpt>
      <trkpt lat="40.32936475239694118499755859375" lon="9.34254613704979419708251953125">
        <ele>556.4000244140625</ele>
        <time>2026-09-19T08:13:55.000Z</time>
      </trkpt>
      <trkpt lat="40.32917012460529804229736328125" lon="9.34245712123811244964599609375">
        <ele>554.79998779296875</ele>
        <time>2026-09-19T08:14:02.000Z</time>
      </trkpt>
      <trkpt lat="40.32902352511882781982421875" lon="9.342365674674510955810546875">
        <ele>553.4000244140625</ele>
        <time>2026-09-19T08:14:08.000Z</time>
      </trkpt>
      <trkpt lat="40.32886284403502941131591796875" lon="9.34225738048553466796875">
        <ele>552</ele>
        <time>2026-09-19T08:14:15.000Z</time>
      </trkpt>
      <trkpt lat="40.32884339801967144012451171875" lon="9.34223466552793979644775390625">
        <ele>551.5999755859375</ele>
        <time>2026-09-19T08:14:16.000Z</time>
      </trkpt>
      <trkpt lat="40.32872253097593784332275390625" lon="9.3420500122010707855224609375">
        <ele>549.79998779296875</ele>
        <time>2026-09-19T08:14:23.000Z</time>
      </trkpt>
      <trkpt lat="40.32871180213987827301025390625" lon="9.34201656840741634368896484375">
        <ele>549.4000244140625</ele>
        <time>2026-09-19T08:14:24.000Z</time>
      </trkpt>
      <trkpt lat="40.32865874469280242919921875" lon="9.34176360256969928741455078125">
        <ele>547.4000244140625</ele>
        <time>2026-09-19T08:14:31.000Z</time>
      </trkpt>
      <trkpt lat="40.32864860258996486663818359375" lon="9.34152505360543727874755859375">
        <ele>546.20001220703125</ele>
        <time>2026-09-19T08:14:37.000Z</time>
      </trkpt>
      <trkpt lat="40.32864256761968135833740234375" lon="9.34148951433598995208740234375">
        <ele>546</ele>
        <time>2026-09-19T08:14:38.000Z</time>
      </trkpt>
      <trkpt lat="40.32858925871551036834716796875" lon="9.34126471169292926788330078125">
        <ele>545.5999755859375</ele>
        <time>2026-09-19T08:14:44.000Z</time>
      </trkpt>
      <trkpt lat="40.328579284250736236572265625" lon="9.34123001061379909515380859375">
        <ele>545.4000244140625</ele>
        <time>2026-09-19T08:14:45.000Z</time>
      </trkpt>
      <trkpt lat="40.32849387265741825103759765625" lon="9.3410830758512020111083984375">
        <ele>545.20001220703125</ele>
        <time>2026-09-19T08:14:50.000Z</time>
      </trkpt>
      <trkpt lat="40.3283839859068393707275390625" lon="9.34095508418977260589599609375">
        <ele>544.5999755859375</ele>
        <time>2026-09-19T08:14:55.000Z</time>
      </trkpt>
      <trkpt lat="40.32828683964908123016357421875" lon="9.34087092988193035125732421875">
        <ele>544.4000244140625</ele>
        <time>2026-09-19T08:14:59.000Z</time>
      </trkpt>
    </trkseg>
  </trk>
</gpx>
